[2026-01-28T22:20:51.395+0000] {taskinstance.py:1956} INFO - Dependencies all met for dep_context=non-requeueable deps ti=<TaskInstance: etl_events_daily.process_reggio-calabria.scrape_city_today manual__2026-01-28T22:19:44.377550+00:00 [queued]>
[2026-01-28T22:20:51.403+0000] {taskinstance.py:1956} INFO - Dependencies all met for dep_context=requeueable deps ti=<TaskInstance: etl_events_daily.process_reggio-calabria.scrape_city_today manual__2026-01-28T22:19:44.377550+00:00 [queued]>
[2026-01-28T22:20:51.403+0000] {taskinstance.py:2170} INFO - Starting attempt 1 of 4
[2026-01-28T22:20:51.413+0000] {taskinstance.py:2191} INFO - Executing <Task(FilterableDockerOperator): process_reggio-calabria.scrape_city_today> on 2026-01-28 22:19:44.377550+00:00
[2026-01-28T22:20:51.418+0000] {standard_task_runner.py:60} INFO - Started process 2576 to run task
[2026-01-28T22:20:51.421+0000] {standard_task_runner.py:87} INFO - Running: ['airflow', 'tasks', 'run', 'etl_events_daily', 'process_reggio-calabria.scrape_city_today', 'manual__2026-01-28T22:19:44.377550+00:00', '--job-id', '187', '--raw', '--subdir', 'DAGS_FOLDER/scrape_events.py', '--cfg-path', '/tmp/tmpbmud9rwl']
[2026-01-28T22:20:51.423+0000] {standard_task_runner.py:88} INFO - Job 187: Subtask process_reggio-calabria.scrape_city_today
[2026-01-28T22:20:51.439+0000] {logging_mixin.py:188} WARNING - /home/airflow/.local/lib/python3.11/site-packages/airflow/settings.py:194 DeprecationWarning: The sql_alchemy_conn option in [core] has been moved to the sql_alchemy_conn option in [database] - the old setting has been used, but please update your config.
[2026-01-28T22:20:51.483+0000] {task_command.py:423} INFO - Running <TaskInstance: etl_events_daily.process_reggio-calabria.scrape_city_today manual__2026-01-28T22:19:44.377550+00:00 [running]> on host a9aac56aef94
[2026-01-28T22:20:51.582+0000] {taskinstance.py:2480} INFO - Exporting env vars: AIRFLOW_CTX_DAG_OWNER='airflow' AIRFLOW_CTX_DAG_ID='etl_events_daily' AIRFLOW_CTX_TASK_ID='process_reggio-calabria.scrape_city_today' AIRFLOW_CTX_EXECUTION_DATE='2026-01-28T22:19:44.377550+00:00' AIRFLOW_CTX_TRY_NUMBER='1' AIRFLOW_CTX_DAG_RUN_ID='manual__2026-01-28T22:19:44.377550+00:00'
[2026-01-28T22:20:51.603+0000] {docker.py:359} INFO - Starting docker container from image scrapy-events:latest
[2026-01-28T22:20:51.609+0000] {docker.py:367} WARNING - Using remote engine or docker-in-docker and mounting temporary volume from host is not supported. Falling back to `mount_tmp_dir=False` mode. You can set `mount_tmp_dir` parameter to False to disable mounting and remove the warning
[2026-01-28T22:20:52.137+0000] {docker.py:429} INFO - Avvio scraping per: Reggio-calabria
Periodo: questa-settimana
[2026-01-28T22:20:52.139+0000] {docker.py:429} INFO - 2026-01-28 22:20:52 [scrapy.utils.log] INFO: Scrapy 2.14.1 started (bot: events)
[2026-01-28T22:20:52.143+0000] {docker.py:429} INFO - 2026-01-28 22:20:52 [scrapy.utils.log] INFO: Versions:
{'lxml': '6.0.2',
 'libxml2': '2.14.6',
 'cssselect': '1.3.0',
 'parsel': '1.10.0',
 'w3lib': '2.3.1',
 'Twisted': '25.5.0',
 'Python': '3.11.14 (main, Jan 13 2026, 03:12:14) [GCC 14.2.0]',
 'pyOpenSSL': '25.3.0 (OpenSSL 3.5.4 30 Sep 2025)',
 'cryptography': '46.0.3',
 'Platform': 'Linux-6.12.54-linuxkit-x86_64-with-glibc2.41'}
2026-01-28 22:20:52 [scrapy.crawler] DEBUG: Using CrawlerProcess
[2026-01-28T22:20:52.145+0000] {docker.py:429} INFO - 2026-01-28 22:20:52 [events] INFO: Scraping città: Reggio Calabria
2026-01-28 22:20:52 [events] INFO: Periodo: questa-settimana (2026-01-28 - 2026-02-01)
2026-01-28 22:20:52 [scrapy.addons] INFO: Enabled addons:
[]
[2026-01-28T22:20:52.147+0000] {docker.py:429} INFO - 2026-01-28 22:20:52 [asyncio] DEBUG: Using selector: EpollSelector
[2026-01-28T22:20:52.147+0000] {docker.py:429} INFO - 2026-01-28 22:20:52 [scrapy.utils.log] DEBUG: Using reactor: twisted.internet.asyncioreactor.AsyncioSelectorReactor
2026-01-28 22:20:52 [scrapy.utils.log] DEBUG: Using asyncio event loop: asyncio.unix_events._UnixSelectorEventLoop
[2026-01-28T22:20:52.150+0000] {docker.py:429} INFO - 2026-01-28 22:20:52 [scrapy.extensions.telnet] INFO: Telnet Password: 1b2ab38c40a4585b
[2026-01-28T22:20:52.195+0000] {docker.py:429} INFO - 2026-01-28 22:20:52 [scrapy.middleware] INFO: Enabled extensions:
['scrapy.extensions.corestats.CoreStats',
 'scrapy.extensions.logcount.LogCount',
 'scrapy.extensions.telnet.TelnetConsole',
 'scrapy.extensions.memusage.MemoryUsage',
 'scrapy.extensions.feedexport.FeedExporter',
 'scrapy.extensions.logstats.LogStats']
[2026-01-28T22:20:52.196+0000] {docker.py:429} INFO - 2026-01-28 22:20:52 [scrapy.crawler] INFO: Overridden settings:
{'BOT_NAME': 'events',
 'CONCURRENT_REQUESTS': 2,
 'CONCURRENT_REQUESTS_PER_DOMAIN': 1,
 'DOWNLOAD_DELAY': 1,
 'FEED_EXPORT_ENCODING': 'utf-8',
 'NEWSPIDER_MODULE': 'events.spiders',
 'ROBOTSTXT_OBEY': True,
 'SPIDER_MODULES': ['events.spiders'],
 'USER_AGENT': 'Mozilla/5.0 (Macintosh; Intel Mac OS X 10_15_7) '
               'AppleWebKit/537.36 (KHTML, like Gecko) Chrome/120.0.0.0 '
               'Safari/537.36'}
[2026-01-28T22:20:52.243+0000] {docker.py:429} INFO - 2026-01-28 22:20:52 [scrapy.middleware] INFO: Enabled downloader middlewares:
['scrapy.downloadermiddlewares.offsite.OffsiteMiddleware',
 'scrapy.downloadermiddlewares.robotstxt.RobotsTxtMiddleware',
 'scrapy.downloadermiddlewares.httpauth.HttpAuthMiddleware',
 'scrapy.downloadermiddlewares.downloadtimeout.DownloadTimeoutMiddleware',
 'scrapy.downloadermiddlewares.defaultheaders.DefaultHeadersMiddleware',
 'scrapy.downloadermiddlewares.useragent.UserAgentMiddleware',
 'scrapy.downloadermiddlewares.retry.RetryMiddleware',
 'scrapy.downloadermiddlewares.redirect.MetaRefreshMiddleware',
 'scrapy.downloadermiddlewares.httpcompression.HttpCompressionMiddleware',
 'scrapy.downloadermiddlewares.redirect.RedirectMiddleware',
 'scrapy.downloadermiddlewares.cookies.CookiesMiddleware',
 'scrapy.downloadermiddlewares.httpproxy.HttpProxyMiddleware',
 'scrapy.downloadermiddlewares.stats.DownloaderStats']
[2026-01-28T22:20:52.245+0000] {docker.py:429} INFO - 2026-01-28 22:20:52 [scrapy.middleware] INFO: Enabled spider middlewares:
['scrapy.spidermiddlewares.start.StartSpiderMiddleware',
 'scrapy.spidermiddlewares.httperror.HttpErrorMiddleware',
 'scrapy.spidermiddlewares.referer.RefererMiddleware',
 'scrapy.spidermiddlewares.urllength.UrlLengthMiddleware',
 'scrapy.spidermiddlewares.depth.DepthMiddleware']
[2026-01-28T22:20:52.246+0000] {docker.py:429} INFO - 2026-01-28 22:20:52 [scrapy.middleware] INFO: Enabled item pipelines:
[]
[2026-01-28T22:20:52.246+0000] {docker.py:429} INFO - Output file: /app/city_today/output/eventi_reggio-calabria_questa-settimana_20260128_222052.json
[2026-01-28T22:20:52.247+0000] {docker.py:429} INFO - 2026-01-28 22:20:52 [scrapy.core.engine] INFO: Spider opened
[2026-01-28T22:20:52.253+0000] {docker.py:429} INFO - 2026-01-28 22:20:52 [scrapy.extensions.logstats] INFO: Crawled 0 pages (at 0 pages/min), scraped 0 items (at 0 items/min)
[2026-01-28T22:20:52.254+0000] {docker.py:429} INFO - 2026-01-28 22:20:52 [scrapy.extensions.telnet] INFO: Telnet console listening on 127.0.0.1:6023
[2026-01-28T22:20:52.571+0000] {docker.py:429} INFO - 2026-01-28 22:20:52 [scrapy.core.engine] DEBUG: Crawled (200) <GET https://www.reggiotoday.it/robots.txt> (referer: None)
[2026-01-28T22:20:54.558+0000] {docker.py:429} INFO - 2026-01-28 22:20:54 [scrapy.core.engine] DEBUG: Crawled (200) <GET https://www.reggiotoday.it/eventi/dal/2026-01-28/al/2026-02-01/> (referer: None)
[2026-01-28T22:20:54.856+0000] {docker.py:429} INFO - 2026-01-28 22:20:54 [scrapy.core.engine] DEBUG: Crawled (200) <GET https://www.reggiotoday.it/eventi/pentimele-piazzale-ferrari-raduno-multimarca-31-gennaio-2026.html> (referer: https://www.reggiotoday.it/eventi/dal/2026-01-28/al/2026-02-01/)
[2026-01-28T22:20:54.976+0000] {docker.py:429} INFO - 2026-01-28 22:20:54 [scrapy.core.scraper] DEBUG: Scraped from <200 https://www.reggiotoday.it/eventi/pentimele-piazzale-ferrari-raduno-multimarca-31-gennaio-2026.html>
{'category': 'Auto e moto',
 'city': 'Reggio Calabria',
 'content_hash': 'ec0c5d85a93048f7',
 'date_end': '2026-01-31',
 'date_start': '2026-01-31',
 'dates': [{'date': '2026-01-31', 'time_start': '20:30', 'weekday': 'Sabato'}],
 'description': 'Sabato 31 gennaio, dalle ore 20.30 in poi, a Pentimele '
                'esattamente all’interno del piazzale Ferrari, si svolgerà la '
                'prima tappa del tour calabrese del raduno multimarca. '
                'L’evento è curato dal Club Alfisti Etnei Reggio Calabria, con '
                'il suo referente Antonio Morabito che ne rappresenta la '
                'sezione. Ad allietare l’evento sarà presente anche un piccolo '
                'street food, per tutti gli appassionati di motori e in '
                'particolare per il mondo degli "Alfisti" sarà un momento '
                'piacevole per ritrovarsi e come sempre condividere la '
                'passione per le auto per i motori. "L\'iniziativa - spiega '
                'Antonio Morabito - è patrocinato dal Comune di Reggio '
                'Calabria, con il quale è nata già un’interlocuzione positiva '
                'per poter promuovere questo tipo di eventi durante l’anno non '
                'solo all’interno della nostra meravigliosa città ma anche su '
                'tutto il territorio metropolitano".',
 'image_url': '//citynews-reggiotoday.stgy.ovh/~media/horizontal-mid/41330606422978/arena-stretto-auto-raduno-2.jpeg',
 'location_address': 'Via Provinciale Vecchia Archi',
 'location_name': None,
 'price': 'Gratis',
 'scraped_at': '2026-01-28T22:20:54.680123',
 'time_info': 'Dalle ore 20.30',
 'title': 'Rombo di motori, al via nel piazzale Ferrari la prima tappa '
          'calabrese del raduno multimarca',
 'url': 'https://www.reggiotoday.it/eventi/pentimele-piazzale-ferrari-raduno-multimarca-31-gennaio-2026.html',
 'uuid': 'f39c770e255896cc'}
[2026-01-28T22:20:56.010+0000] {docker.py:429} INFO - 2026-01-28 22:20:56 [scrapy.core.engine] DEBUG: Crawled (200) <GET https://www.reggiotoday.it/eventi/incontro-referendum-giustizia.html> (referer: https://www.reggiotoday.it/eventi/dal/2026-01-28/al/2026-02-01/)
[2026-01-28T22:20:56.119+0000] {docker.py:429} INFO - 2026-01-28 22:20:56 [scrapy.core.scraper] DEBUG: Scraped from <200 https://www.reggiotoday.it/eventi/incontro-referendum-giustizia.html>
{'category': 'Incontri',
 'city': 'Reggio Calabria',
 'content_hash': 'd5d16643fc762116',
 'date_end': '2026-01-30',
 'date_start': '2026-01-30',
 'dates': [{'date': '2026-01-30', 'weekday': 'Venerdì'}],
 'description': 'Un confronto sulle ragioni del Referendum Giustizia, '
                'appuntamento venerdì 30 gennaio, alle ore 17, presso la sede '
                'di Confindustria Reggio Calabria in via Torrione, 96. '
                'L’incontro è organizzato dalla sezione Aiga di Reggio '
                'Calabria in collaborazione con Camera Penale di Reggio '
                'Calabria e Confindustria Giovani Reggio Calabria. Nel '
                'dibattito interverranno: Fronte del Sì, avv. Giuseppe Murone, '
                'vice presidente nazionale Comitato Giovani Avvocati per il '
                'Sì, avv. Renzo Andricciola, coordinatore regionale Comitato '
                'per il Sì delle Camere Penali, Fronte del No dott. Giuseppe '
                'Lombardo, coordinatore Comitato per il No, avv. Franco '
                'Moretti, Comitato Avvocati per il No. Modera l’incontro '
                "l'avv. Nancy Stilo, consigliere giunta nazionale Aiga.",
 'image_url': '//citynews-reggiotoday.stgy.ovh/~media/horizontal-mid/20090662677011/referendum-2.jpg',
 'location_address': 'Via del Torrione, 96',
 'location_name': 'Sede di Confindustria',
 'price': 'Prezzo non disponibile',
 'scraped_at': '2026-01-28T22:20:54.679669',
 'time_info': 'Ore 17',
 'title': 'Referendum Giustizia: dibattito di confronto nella sede di '
          'Confindustria',
 'url': 'https://www.reggiotoday.it/eventi/incontro-referendum-giustizia.html',
 'uuid': '9b28c5cb95f05234'}
[2026-01-28T22:20:57.158+0000] {docker.py:429} INFO - 2026-01-28 22:20:57 [scrapy.core.engine] DEBUG: Crawled (200) <GET https://www.reggiotoday.it/eventi/behind-the-mask-come-partecipare-alle-mostra-collettiva-dedicata-al-carnevale.html> (referer: https://www.reggiotoday.it/eventi/dal/2026-01-28/al/2026-02-01/)
[2026-01-28T22:20:57.267+0000] {docker.py:429} INFO - 2026-01-28 22:20:57 [scrapy.core.scraper] DEBUG: Scraped from <200 https://www.reggiotoday.it/eventi/behind-the-mask-come-partecipare-alle-mostra-collettiva-dedicata-al-carnevale.html>
{'category': 'Mostre',
 'city': 'Reggio Calabria',
 'content_hash': 'f7a6c4d746ab72d9',
 'date_end': '2026-01-31',
 'date_start': '2026-01-31',
 'dates': [{'date': '2026-01-31', 'weekday': 'Sabato'}],
 'description': 'Iscrizioni aperte fino al 31 gennaio per partecipare alla '
                'mostra collettiva "Behind the Mask" organizzata dalla '
                'Galleria d’Arte Dedalo. A partecipare sono chiamati gli '
                'artisti che vogliono prendere pare a un’esposizione dedicata '
                'al tema del Carnevale, interpretato nella sua duplice '
                'dimensione: quella gioiosa e festosa, e quella più intima, '
                'riflessiva del “dietro la maschera”. La scadenza per le '
                'iscrizioni è fissata al 31 gennaio. Le opere dovranno essere '
                'consegnate presso la galleria, anche tramite spedizione. I '
                'moduli di iscrizione possono essere compilati direttamente in '
                'sede o scaricati online. L’inaugurazione della mostra si '
                'terrà sabato 7 febbraio 2026 alle ore 18:30, presso la '
                'Galleria d’Arte Dedalo, in via Salvatore Quasimodo n. 5, '
                'Reggio Calabria. Il finissage è previsto per il 20 febbraio '
                '2026. Durante il periodo espositivo, la Galleria Dedalo '
                'organizzerà una serie di eventi collaterali pensati per '
                'coinvolgere attivamente il pubblico e valorizzare le opere in '
                'mostra, offrendo agli artisti maggiore visibilità. Per '
                'ulteriori informazioni: '
                'www.dedaloculture.com/mostre-ed-eventi/ +39 347 677 883o.',
 'image_url': '//citynews-reggiotoday.stgy.ovh/~media/horizontal-mid/16530171798467/carnevale-pixabay-2.jpg',
 'location_address': 'Via Salvatore Quasimodo',
 'location_name': 'Galleria d’Arte Dedalo',
 'price': 'Prezzo non disponibile',
 'scraped_at': '2026-01-28T22:20:54.679242',
 'time_info': 'Orario non disponibile',
 'title': '"Behind the Mask": come partecipare alle mostra collettiva dedicata '
          'al Carnevale',
 'url': 'https://www.reggiotoday.it/eventi/behind-the-mask-come-partecipare-alle-mostra-collettiva-dedicata-al-carnevale.html',
 'uuid': '090f0db59fb71295'}
[2026-01-28T22:20:58.653+0000] {docker.py:429} INFO - 2026-01-28 22:20:58 [scrapy.core.engine] DEBUG: Crawled (200) <GET https://www.reggiotoday.it/eventi/le-resistenze-incontro-ampa.html> (referer: https://www.reggiotoday.it/eventi/dal/2026-01-28/al/2026-02-01/)
[2026-01-28T22:20:58.761+0000] {docker.py:429} INFO - 2026-01-28 22:20:58 [scrapy.core.scraper] DEBUG: Scraped from <200 https://www.reggiotoday.it/eventi/le-resistenze-incontro-ampa.html>
{'category': 'Incontri',
 'city': 'Reggio Calabria',
 'content_hash': 'a6ff06ab95f3b703',
 'date_end': '2026-01-29',
 'date_start': '2026-01-29',
 'dates': [{'date': '2026-01-29', 'weekday': 'Giovedì'}],
 'description': 'Al via giovedì 29 gennaio un convegno di rilievo nazionale '
                'sul tema “Le Resistenze”, ad organizzarlo le associazioni '
                'partigiane e antifasciste reggine Ampa venticinqueaprile con '
                'la partecipazione di Anei,Alioscia, Fiap. Il convegno si '
                'svolgerà presso la Città Metropolitana di Reggio Calabria, '
                'all’interno di Palazzo Alvaro nella Sala Gilda Trisolini, '
                'dalle 17 alle 19,30 con il Patrocinio delle Istituzioni '
                'cittadine (Città Metropolitana e Comune di Reggio Calabria), '
                'con la partecipazione dell’assessore comunale Alex Tripodi e '
                'del consigliere Regionale Giuseppe Falcomatà per i saluti '
                'istituzionali. Al convegno hanno dato adesione le '
                'associazioni partigiane Anpc ed Anpi di Reggio Calabria. Sarà '
                'presente Anna Maria Sambuco, presidente nazionale dell’Anei, '
                'che introdurrà i lavori del convegno (moderati da Tiziana '
                'Biondi di Ampa venticinqueaprile) per sottolineare il '
                'contributo alla Resistenza delle centinaia di migliaia di '
                'internati militari italiani (Imi) nei campi di concentramento '
                'nazisti. Interverranno Nicola Marazzita, presidente dell’Anei '
                'di Reggio Calabria, Aldo Polisena, presidente '
                'dell’associazione Alioscia, Francesco Tropeano, autore del '
                'libro “Quel maledetto novecento”, Gianluca Tripodi, referente '
                'dell’Anpc, e Giuseppe Falleti, vicepresidente dell’Anpi di '
                'Reggio Calabria. Prima della conclusione dei lavori, affidata '
                'al presidente di Ampa venticinqueaprile, Sandro Vitale, si '
                'esibirà il cantante calabrese VIC Guerrazzi di San Martino di '
                'Taurianova.',
 'image_url': '//citynews-reggiotoday.stgy.ovh/~media/horizontal-mid/35403673640878/palazzo-alvaro-2.jpg',
 'location_address': 'Piazza Italia',
 'location_name': 'Palazzo Alvaro',
 'price': 'Prezzo non disponibile',
 'scraped_at': '2026-01-28T22:20:54.678673',
 'time_info': 'Ore 17',
 'title': '"Le Resistenze": convegno Ampa a Palazzo Alvaro',
 'url': 'https://www.reggiotoday.it/eventi/le-resistenze-incontro-ampa.html',
 'uuid': 'db3ac598ba93c2dc'}
[2026-01-28T22:20:59.933+0000] {docker.py:429} INFO - 2026-01-28 22:20:59 [scrapy.core.engine] DEBUG: Crawled (200) <GET https://www.reggiotoday.it/eventi/il-ponte-della-storia-la-pace-non-ha-memoria-ciclo-incontri-a-roccella-jonica-il-31-gennaio-e-7-febbraio-2026.html> (referer: https://www.reggiotoday.it/eventi/dal/2026-01-28/al/2026-02-01/)
[2026-01-28T22:21:00.041+0000] {docker.py:429} INFO - 2026-01-28 22:21:00 [scrapy.core.scraper] DEBUG: Scraped from <200 https://www.reggiotoday.it/eventi/il-ponte-della-storia-la-pace-non-ha-memoria-ciclo-incontri-a-roccella-jonica-il-31-gennaio-e-7-febbraio-2026.html>
{'category': 'Incontri',
 'city': 'Reggio Calabria',
 'content_hash': 'eeaa71bdef2f0d45',
 'date_end': '2026-02-07',
 'date_start': '2026-01-31',
 'dates': [{'date': '2026-01-31', 'weekday': 'Sabato'},
           {'date': '2026-02-01', 'weekday': 'Domenica'},
           {'date': '2026-02-02', 'weekday': 'Lunedì'},
           {'date': '2026-02-03', 'weekday': 'Martedì'},
           {'date': '2026-02-04', 'weekday': 'Mercoledì'},
           {'date': '2026-02-05', 'weekday': 'Giovedì'},
           {'date': '2026-02-06', 'weekday': 'Venerdì'},
           {'date': '2026-02-07', 'weekday': 'Sabato'}],
 'description': 'Trasformare i momenti di ricordo e commemorazione in uno '
                'spazio attivo di riflessione, dialogo e costruzione di pace è '
                'l’obiettivo del ciclo di incontri dal titolo “Il Ponte della '
                'Storia – La Pace non ha memoria” in programma all’ex Convento '
                'dei Minimi di Roccella Jonica il 31 gennaio e il 7 febbraio '
                'prossimi. L’iniziativa, ideata e promossa '
                'dall’Amministrazione Comunale, su impulso dell’assessorato '
                'alla Cultura guidato da Rossella Scherl, ha come fine quello '
                'di sviluppare un percorso di maturazione che, rammentando le '
                'memorie storiche più dolorose del Novecento, dal ricordo '
                'porti alla responsabilità collettiva e alla riflessione su '
                'come evitare nuove polarizzazioni e nuovi conflitti oggi. Il '
                'progetto prevede l’utilizzo di due parole chiave: '
                '“ascoltare”, dando voce a memorie, linguaggi e punti di vista '
                'diversi, e “lavorare”, mettendo in campo un impegno condiviso '
                'per il mantenimento della pace. Si comincia sabato 31 gennaio '
                'alle ore 18 all’ex Convento dei Minimi, con la lettura '
                'teatrale di “Appunti di cantina” di Antonella Iaschi, con le '
                'voci di Annalisa Giannotta, Marcella Mesiti, Nicola Procopio '
                'e Manuela Valenti. A trent’anni dalla fine dell’assedio di '
                'Sarajevo durante la guerra in Bosnia ed Erzegovina, si '
                'ripercorrerà il dramma di una ferita ancora recente per '
                'quello che è stato il più lungo assedio nella storia bellica '
                'del XX secolo, che mostra come ogni guerra, pur nella sua '
                'brutale assurdità e inutilità, ha una possibile fine. Sarà '
                'presente l’autrice, volontaria di Arci Solidarietà all’epoca '
                'dell’assedio, che dialogherà con Rossella Scherl. Nel secondo '
                'appuntamento, programmato per sabato 7 febbraio, sempre alle '
                'ore 18 all’ex Convento dei Minimi, invece, sarà presentato al '
                'pubblico il progetto “Educare alla Pace – La Pace ci '
                'interessa” promosso dall’Amministrazione Comunale in '
                'collaborazione con l’IIS “Pietro Mazzone” e l’Associazione '
                'Rondine Cittadella della Pace. L’iniziativa prevede attività '
                'di formazione rivolte agli studenti del “Mazzone”, '
                'finalizzate a contrastare la crescente tolleranza nei '
                'confronti di comportamenti violenti in età adolescenziale e a '
                'promuovere un contesto relazionale improntato al rispetto, '
                'alla responsabilità e alla prevenzione del conflitto. Il '
                'progetto inserisce per la prima volta in Calabria la '
                'sperimentazione del “metodo Rondine” all’interno di una '
                'scuola superiore e sarà occasione per riflettere sui temi '
                'dell’educazione alla nonviolenza e alla pacifica risoluzione '
                'dei conflitti nelle scuole superiori e nella società e per '
                'sottoscrivere il protocollo di attuazione del progetto tra il '
                'Comune, l’Istituto suddetto e l’Associazione Rondine. '
                'L’incontro sarà introdotto e moderato da Rossella Scherl, '
                'assessore comunale alla Cultura, e prevederà gli interventi '
                'di Giovanni Rossi, Referente contatti Scuole della '
                'Sperimentazione Nazionale del Metodo Rondine, Rosita '
                'Fiorenza, Dirigente dell’IIS “Pietro Mazzone”, Eulalia '
                'Micheli, assessore all’Istruzione della Regione Calabria, '
                'Loredana Giannicola, Direttore USR Calabria, e Vittorio Zito, '
                'sindaco di Roccella Ionica. “Ancora una volta la nostra '
                'cittadina si propone come laboratorio innovativo di '
                'trasformazione sociale, che investe sulla formazione delle '
                'nuove generazioni alla convivenza pacifica come antidoto alla '
                'deriva di intolleranza e di violenza che sembra '
                'caratterizzare questi anni del secondo millennio”, ha '
                'dichiarato l’assessore Rossella Scherl.',
 'image_url': '//citynews-reggiotoday.stgy.ovh/~media/horizontal-mid/56133285120915/bandiera-della-pace-2-2.jpeg',
 'location_address': 'Largo Molinero',
 'location_name': 'Ex Convento dei Minimi',
 'price': 'Prezzo non disponibile',
 'scraped_at': '2026-01-28T22:20:54.678161',
 'time_info': 'Ore 18',
 'title': '“Il Ponte della Storia – La Pace non ha memoria”: ciclo incontri a '
          'Roccella Jonica',
 'url': 'https://www.reggiotoday.it/eventi/il-ponte-della-storia-la-pace-non-ha-memoria-ciclo-incontri-a-roccella-jonica-il-31-gennaio-e-7-febbraio-2026.html',
 'uuid': '4673c6b7c75b30af'}
[2026-01-28T22:21:00.843+0000] {docker.py:429} INFO - 2026-01-28 22:21:00 [scrapy.core.engine] DEBUG: Crawled (200) <GET https://www.reggiotoday.it/eventi/settimana-memoria-incontri-anei.html> (referer: https://www.reggiotoday.it/eventi/dal/2026-01-28/al/2026-02-01/)
[2026-01-28T22:21:00.951+0000] {docker.py:429} INFO - 2026-01-28 22:21:00 [scrapy.core.scraper] DEBUG: Scraped from <200 https://www.reggiotoday.it/eventi/settimana-memoria-incontri-anei.html>
{'category': 'Incontri',
 'city': 'Reggio Calabria',
 'content_hash': 'c485749db31effab',
 'date_end': '2026-01-29',
 'date_start': '2026-01-22',
 'dates': [{'date': '2026-01-22', 'weekday': 'Giovedì'},
           {'date': '2026-01-23', 'weekday': 'Venerdì'},
           {'date': '2026-01-24', 'weekday': 'Sabato'},
           {'date': '2026-01-25', 'weekday': 'Domenica'},
           {'date': '2026-01-26', 'weekday': 'Lunedì'},
           {'date': '2026-01-27', 'weekday': 'Martedì'},
           {'date': '2026-01-28', 'weekday': 'Mercoledì'},
           {'date': '2026-01-29', 'weekday': 'Giovedì'}],
 'description': 'Al via la Settimana della Memoria promossa dalla Sezione Anei '
                '(associazione nazionale ex internati) dell’Area Metropolitana '
                'di Reggio Calabria. In programma un ciclo di iniziative in '
                'occasione del Giorno della Memoria 2026, dedicato agli '
                'Internati Militari Italiani (IMI) che, dopo l’8 settembre '
                '1943, nei lager nazisti opposero un consapevole “No” al '
                'nazifascismo, pagando la loro scelta con la prigionia, il '
                'lavoro coatto e spesso con la vita. Un percorso che intreccia '
                'memoria storica, testimonianza diretta e impegno civile, con '
                'il coinvolgimento di scuole, istituzioni culturali e '
                'associazioni della Resistenza, assumendo una dimensione '
                'regionale, capace di collegare territori, comunità e '
                'generazioni. Programma Venerdì 23 e sabato 24 gennaio – Villa '
                'San Giovanni Presso l’Aula Magna G. Trecroci dell’IIS '
                'Nostro-Repaci, incontro con l’autore Nicola Marazzita per la '
                'presentazione del libro Il coraggio dei tre no. Storia di una '
                'resistenza silenziosa. Saluti della Dirigente scolastica '
                'Prof.ssa Maristella Spezzano, modera la Prof.ssa Monica '
                'Nucera. Martedi 27 gennaio Giorno della Memoria ore 9 Reggio '
                'Calabria, Archivio di Stato Convegno dal titolo: "La memoria '
                'liberata – La storia degli Internati Militari Italiani", con '
                'la partecipazione delle classi quinte del Liceo “Gulli”. '
                'Saluti dottoressa Angela Puleio – direttrice dell’Archivio di '
                'Stato di Reggio Calabria Intervengono: dottoressa Anna Maria '
                'Sambuco – presidente nazionale Anei; prof Nicola Marazzita – '
                'presidente Anei Area Metropolitana di Reggio Calabria; Prof. '
                'Giuseppe Cantarella – figlio di Internato Militare Italiano, '
                'prof. Sandro Vitale – presidente AMPA venticinqueaprile. '
                'Modera dottor Michele Carlino – Giornalista Rai Durante la '
                'mattinata sarà allestita una mostra di documenti originali '
                'provenienti dai lager nazisti. Ore 15,30 – Bova Marina '
                '(evento di rilievo nazionale) in Piazzetta Gramsci '
                'inaugurazione del monumento agli IMI “La Libellula”, alla '
                'presenza della Presidente nazionale ANEI Anna Maria Sambuco. '
                'Saluti istituzionali di Andrea Zirilli (sindaco di Bova '
                'Marina), Daniela Iiriti e Giuseppe Ranuccio (consiglieri '
                'regionali della Calabria), Santo Casile (sindaco di Bova). A '
                'seguire, presso il Tempio della Musica, dibattito moderato '
                'dal giornalista Silvio Cacciatore (giornalista, '
                'vicepresidente dell’associazione culturale Calliurghia), con '
                'gli interventi di: Anna Maria Sambuco (presidente nazionale '
                'Anei); Nicola Marazzita (presidente Anei Reggio Calabria); '
                'Angela Puleio (direttrice dell’Archivio di Stato di Reggio '
                'Calabria); Gianluca Tripodi (Ancp);Cosimo Sframeli (capitano '
                'dei Carabinieri, presidente regionale Istituto del Nastro '
                'Verde – Calabria); Sandro Vitale (presidente Ampa '
                'venticinqueaprile); Caterina Rossi (responsabile ANPI Area '
                'Grecanica); Mimmo Candela (Fondatore dell’associazione '
                'culturale Calliurghia). Mercoledì 28 gennaio – Reggio '
                'Calabria presso il Liceo Tommaso Campanella, dialogo con gli '
                'studenti sul libro Il coraggio dei tre no di Nicola '
                'Marazzita, che racconta la storia vera del padre, militare '
                'italiano catturato dopo l’8 settembre 1943 e internato nel '
                'lager XVII A, simbolo della resistenza silenziosa degli IMI. '
                'Dopo i saluti della dirigente scolastica avv. Lucia '
                'Zavettieri, l’incontro sarà introdotto dalla professoressa '
                'Francesca Morabito e vedrà l’intervento della presidente '
                'nazionale ANEI Anna Maria Sambuco sul tema: “L’arte degli '
                'Internati Militari Italiani, messaggera di pace”. Giovedì 29 '
                'gennaio ore 17 – Reggio Calabria presso la Sala “Gilda '
                'Trisolini” di Palazzo Alvaro, iniziativa dal titolo "Le '
                'Resistenze – Il Giorno della Memoria, il Giorno del Ricordo. '
                'I giorni della Storia", con la partecipazione delle '
                'associazioni che si richiamano ai valori della Resistenza. '
                'Saluti istituzionali di Carmelo Versace (sindaco f.f. Città '
                'Metropolitana di Reggio Calabria) e Domenico Battaglia '
                '(sindaco f.f. Comune di Reggio Calabria). Sarà presente la '
                'presidente nazionale Anei Anna Maria Sambuco.',
 'image_url': '//citynews-reggiotoday.stgy.ovh/~media/horizontal-mid/65588478269216/olocausto-foto-di-barak-broitman-da-pixabay.jpg',
 'location_address': None,
 'location_name': 'Varie location',
 'price': 'Prezzo non disponibile',
 'scraped_at': '2026-01-28T22:20:54.677606',
 'time_info': 'Vari orari',
 'title': 'Settimana della Memoria: gli incontri promessi da Anei',
 'url': 'https://www.reggiotoday.it/eventi/settimana-memoria-incontri-anei.html',
 'uuid': 'aa683a1db8d87163'}
[2026-01-28T22:21:02.533+0000] {docker.py:429} INFO - 2026-01-28 22:21:02 [scrapy.core.engine] DEBUG: Crawled (200) <GET https://www.reggiotoday.it/eventi/mousikarche-auditorium-zanotti-bianco.html> (referer: https://www.reggiotoday.it/eventi/dal/2026-01-28/al/2026-02-01/)
[2026-01-28T22:21:02.644+0000] {docker.py:429} INFO - 2026-01-28 22:21:02 [scrapy.core.scraper] DEBUG: Scraped from <200 https://www.reggiotoday.it/eventi/mousikarche-auditorium-zanotti-bianco.html>
{'category': 'Concerti',
 'city': 'Reggio Calabria',
 'content_hash': 'ac21eda77867f5ce',
 'date_end': '2026-01-31',
 'date_start': '2026-01-31',
 'dates': [{'date': '2026-01-31', 'weekday': 'Sabato'}],
 'description': 'Un nuovo progetto musicale che si propone come un vero e '
                'proprio viaggio attraverso affascinanti sonorità d’altri '
                'tempi. Suoni antichi, forse in parte dimenticati, torneranno '
                'a vivere sul palcoscenico dell’Auditorium Zanotti Bianco di '
                'Reggio Calabria, sede dell’Accademia del Tempo Libero ODV '
                'grazie al musicantore reggino Fulvio Cama, che ne firma testi '
                'e musiche, dando forma a uno spettacolo di grande '
                'suggestione. L’esecuzione, che si svolgerà sabato 31 gennai0, '
                'alle ore 18, sarà un vero e proprio racconto che attraverserà '
                'storia, radici e tradizioni, restituendo al pubblico il '
                'valore profondo della memoria musicale. Mousikarché, infatti, '
                'è l’affascinante neologismo che unisce due radici della '
                'lingua greca antica e due concetti cardine della cultura '
                'ellenica: la mousiké, che non indicava solo la musica come la '
                "intendiamo oggi, ma l'insieme delle arti protette dalle Muse "
                '(poesia, danza, canto e melodia). Una somma di armonia e '
                'sapere insomma. E l’archè, termine filosofico che indica il '
                'principio, l’origine, il punto da cui tutto ha inizio. '
                'Dunque, lo spettacolo di Cama nasce proprio dal punto di '
                'origine, in cui l’uomo inizia a cantare e suonare. Da quando '
                'inizia a sentire l’esigenza di cibare la propria anima. '
                'Fulvio Cama ripropone i suoni che riecheggiano in quelle '
                'epoche portando in scena l’arco preistorico, dove la bocca '
                "dell'uomo diventa cassa di risonanza; il marranzano di canna "
                'e la sanza, ed altri strumenti arcaici, come la “kelis lyra”, '
                'costruita col carapace di tartaruga, che utilizzano elementi '
                'primordiali e naturali per trasformare il respiro e il tocco '
                'in vibrazione. Dopo aver evocato i suoni della preistoria, si '
                'canterà in greco con l’“Epitaffio di Seikilos”, il più antico '
                'spartito musicale completo della musica greca giunto fino a '
                'noi, per passare alla poesia di Ibico Reggino con la sua “Eri '
                'men” che accompagna il viaggio attraverso i millenni, tra i '
                'miti, le leggende, le storie e le tradizioni strettesi. Le '
                'musiche sono orchestrate dai Maestri Giuseppe Maira alle '
                'percussioni, Maria Spanti al fagotto ed ai clarinetti, Guiada '
                'Carere al violoncello. Un concerto emozionale creato da '
                'reggini che riportano a una Reggio che profuma di terra e di '
                'fuoco con i brani: “Asprumunti” e “Mungibeddhu”, sotto un '
                'cielo pieno di visioni svelate nel canto della “Fata Morgana” '
                'nella “lingua morta” del latinista Diego Vitrioli. “Lo sa '
                'soltanto il mare” è invece il brano tratto dalla colonna '
                'sonora della Metaconferenza sui Bronzi di Riace che Cama ha '
                'dedicato alle statue bronzee più belle del mondo nel suo CD '
                '“Il canto dei Bronzi di Riace”. Canti in greco, grecanico, ma '
                'anche in dialetto, che parlano di noi, della nostra gente, '
                'delle nostre ricchezze e dei nostri sogni, proposti in veste '
                'world music con sonorità etniche e classiche, popolari e di '
                'musica colta al tempo stesso, in un progetto che è una bella '
                'sorpresa nel panorama della nostra musica contemporanea '
                'd’autore. “Sarà una serata di alto livello artistico e '
                'culturale - ha affermato il presidente dell’Accademia del '
                'Tempo Libero, Celestino Giovannini - un appuntamento che '
                'unirà qualità musicale, ricerca e valorizzazione delle nostre '
                'radici, confermando l’impegno dell’Accademia nel proporre '
                'iniziative capaci di emozionare e al tempo stesso di '
                'arricchire culturalmente la città”.',
 'image_url': '//citynews-reggiotoday.stgy.ovh/~media/horizontal-mid/22660570646968/spettacolo-mousikarche-3.jpeg',
 'location_address': 'Via Giuseppe Melacrino, 34',
 'location_name': 'Auditorium Zanotti Bianco',
 'price': 'Prezzo non disponibile',
 'scraped_at': '2026-01-28T22:20:54.677186',
 'time_info': 'Ore 18',
 'title': "Mousikarché: all'Auditorium Zanotti Bianco viaggio tra storia e "
          'tradizioni',
 'url': 'https://www.reggiotoday.it/eventi/mousikarche-auditorium-zanotti-bianco.html',
 'uuid': '484e28db4010b6ac'}
[2026-01-28T22:21:03.192+0000] {docker.py:429} INFO - 2026-01-28 22:21:03 [scrapy.core.engine] DEBUG: Crawled (200) <GET https://www.reggiotoday.it/eventi/planetarium-pythagoras-rassegna-lo-strappo-del-cielo-di-carta-24-gennaio-26-giugno-2026.html> (referer: https://www.reggiotoday.it/eventi/dal/2026-01-28/al/2026-02-01/)
[2026-01-28T22:21:03.304+0000] {docker.py:429} INFO - 2026-01-28 22:21:03 [scrapy.core.scraper] DEBUG: Scraped from <200 https://www.reggiotoday.it/eventi/planetarium-pythagoras-rassegna-lo-strappo-del-cielo-di-carta-24-gennaio-26-giugno-2026.html>
{'category': 'Incontri',
 'city': 'Reggio Calabria',
 'content_hash': '48971c527788e012',
 'date_end': '2026-06-26',
 'date_start': '2026-01-24',
 'dates': [{'date': '2026-01-24', 'weekday': 'Sabato'},
           {'date': '2026-01-25', 'weekday': 'Domenica'},
           {'date': '2026-01-26', 'weekday': 'Lunedì'},
           {'date': '2026-01-27', 'weekday': 'Martedì'},
           {'date': '2026-01-28', 'weekday': 'Mercoledì'},
           {'date': '2026-01-29', 'weekday': 'Giovedì'},
           {'date': '2026-01-30', 'weekday': 'Venerdì'},
           {'date': '2026-01-31', 'weekday': 'Sabato'},
           {'date': '2026-02-01', 'weekday': 'Domenica'},
           {'date': '2026-02-02', 'weekday': 'Lunedì'},
           {'date': '2026-02-03', 'weekday': 'Martedì'},
           {'date': '2026-02-04', 'weekday': 'Mercoledì'},
           {'date': '2026-02-05', 'weekday': 'Giovedì'},
           {'date': '2026-02-06', 'weekday': 'Venerdì'},
           {'date': '2026-02-07', 'weekday': 'Sabato'},
           {'date': '2026-02-08', 'weekday': 'Domenica'},
           {'date': '2026-02-09', 'weekday': 'Lunedì'},
           {'date': '2026-02-10', 'weekday': 'Martedì'},
           {'date': '2026-02-11', 'weekday': 'Mercoledì'},
           {'date': '2026-02-12', 'weekday': 'Giovedì'},
           {'date': '2026-02-13', 'weekday': 'Venerdì'},
           {'date': '2026-02-14', 'weekday': 'Sabato'},
           {'date': '2026-02-15', 'weekday': 'Domenica'},
           {'date': '2026-02-16', 'weekday': 'Lunedì'},
           {'date': '2026-02-17', 'weekday': 'Martedì'},
           {'date': '2026-02-18', 'weekday': 'Mercoledì'},
           {'date': '2026-02-19', 'weekday': 'Giovedì'},
           {'date': '2026-02-20', 'weekday': 'Venerdì'},
           {'date': '2026-02-21', 'weekday': 'Sabato'},
           {'date': '2026-02-22', 'weekday': 'Domenica'},
           {'date': '2026-02-23', 'weekday': 'Lunedì'},
           {'date': '2026-02-24', 'weekday': 'Martedì'},
           {'date': '2026-02-25', 'weekday': 'Mercoledì'},
           {'date': '2026-02-26', 'weekday': 'Giovedì'},
           {'date': '2026-02-27', 'weekday': 'Venerdì'},
           {'date': '2026-02-28', 'weekday': 'Sabato'},
           {'date': '2026-03-01', 'weekday': 'Domenica'},
           {'date': '2026-03-02', 'weekday': 'Lunedì'},
           {'date': '2026-03-03', 'weekday': 'Martedì'},
           {'date': '2026-03-04', 'weekday': 'Mercoledì'},
           {'date': '2026-03-05', 'weekday': 'Giovedì'},
           {'date': '2026-03-06', 'weekday': 'Venerdì'},
           {'date': '2026-03-07', 'weekday': 'Sabato'},
           {'date': '2026-03-08', 'weekday': 'Domenica'},
           {'date': '2026-03-09', 'weekday': 'Lunedì'},
           {'date': '2026-03-10', 'weekday': 'Martedì'},
           {'date': '2026-03-11', 'weekday': 'Mercoledì'},
           {'date': '2026-03-12', 'weekday': 'Giovedì'},
           {'date': '2026-03-13', 'weekday': 'Venerdì'},
           {'date': '2026-03-14', 'weekday': 'Sabato'},
           {'date': '2026-03-15', 'weekday': 'Domenica'},
           {'date': '2026-03-16', 'weekday': 'Lunedì'},
           {'date': '2026-03-17', 'weekday': 'Martedì'},
           {'date': '2026-03-18', 'weekday': 'Mercoledì'},
           {'date': '2026-03-19', 'weekday': 'Giovedì'},
           {'date': '2026-03-20', 'weekday': 'Venerdì'},
           {'date': '2026-03-21', 'weekday': 'Sabato'},
           {'date': '2026-03-22', 'weekday': 'Domenica'},
           {'date': '2026-03-23', 'weekday': 'Lunedì'},
           {'date': '2026-03-24', 'weekday': 'Martedì'},
           {'date': '2026-03-25', 'weekday': 'Mercoledì'},
           {'date': '2026-03-26', 'weekday': 'Giovedì'},
           {'date': '2026-03-27', 'weekday': 'Venerdì'},
           {'date': '2026-03-28', 'weekday': 'Sabato'},
           {'date': '2026-03-29', 'weekday': 'Domenica'},
           {'date': '2026-03-30', 'weekday': 'Lunedì'},
           {'date': '2026-03-31', 'weekday': 'Martedì'},
           {'date': '2026-04-01', 'weekday': 'Mercoledì'},
           {'date': '2026-04-02', 'weekday': 'Giovedì'},
           {'date': '2026-04-03', 'weekday': 'Venerdì'},
           {'date': '2026-04-04', 'weekday': 'Sabato'},
           {'date': '2026-04-05', 'weekday': 'Domenica'},
           {'date': '2026-04-06', 'weekday': 'Lunedì'},
           {'date': '2026-04-07', 'weekday': 'Martedì'},
           {'date': '2026-04-08', 'weekday': 'Mercoledì'},
           {'date': '2026-04-09', 'weekday': 'Giovedì'},
           {'date': '2026-04-10', 'weekday': 'Venerdì'},
           {'date': '2026-04-11', 'weekday': 'Sabato'},
           {'date': '2026-04-12', 'weekday': 'Domenica'},
           {'date': '2026-04-13', 'weekday': 'Lunedì'},
           {'date': '2026-04-14', 'weekday': 'Martedì'},
           {'date': '2026-04-15', 'weekday': 'Mercoledì'},
           {'date': '2026-04-16', 'weekday': 'Giovedì'},
           {'date': '2026-04-17', 'weekday': 'Venerdì'},
           {'date': '2026-04-18', 'weekday': 'Sabato'},
           {'date': '2026-04-19', 'weekday': 'Domenica'},
           {'date': '2026-04-20', 'weekday': 'Lunedì'},
           {'date': '2026-04-21', 'weekday': 'Martedì'},
           {'date': '2026-04-22', 'weekday': 'Mercoledì'},
           {'date': '2026-04-23', 'weekday': 'Giovedì'},
           {'date': '2026-04-24', 'weekday': 'Venerdì'},
           {'date': '2026-04-25', 'weekday': 'Sabato'},
           {'date': '2026-04-26', 'weekday': 'Domenica'},
           {'date': '2026-04-27', 'weekday': 'Lunedì'},
           {'date': '2026-04-28', 'weekday': 'Martedì'},
           {'date': '2026-04-29', 'weekday': 'Mercoledì'},
           {'date': '2026-04-30', 'weekday': 'Giovedì'},
           {'date': '2026-05-01', 'weekday': 'Venerdì'},
           {'date': '2026-05-02', 'weekday': 'Sabato'},
           {'date': '2026-05-03', 'weekday': 'Domenica'},
           {'date': '2026-05-04', 'weekday': 'Lunedì'},
           {'date': '2026-05-05', 'weekday': 'Martedì'},
           {'date': '2026-05-06', 'weekday': 'Mercoledì'},
           {'date': '2026-05-07', 'weekday': 'Giovedì'},
           {'date': '2026-05-08', 'weekday': 'Venerdì'},
           {'date': '2026-05-09', 'weekday': 'Sabato'},
           {'date': '2026-05-10', 'weekday': 'Domenica'},
           {'date': '2026-05-11', 'weekday': 'Lunedì'},
           {'date': '2026-05-12', 'weekday': 'Martedì'},
           {'date': '2026-05-13', 'weekday': 'Mercoledì'},
           {'date': '2026-05-14', 'weekday': 'Giovedì'},
           {'date': '2026-05-15', 'weekday': 'Venerdì'},
           {'date': '2026-05-16', 'weekday': 'Sabato'},
           {'date': '2026-05-17', 'weekday': 'Domenica'},
           {'date': '2026-05-18', 'weekday': 'Lunedì'},
           {'date': '2026-05-19', 'weekday': 'Martedì'},
           {'date': '2026-05-20', 'weekday': 'Mercoledì'},
           {'date': '2026-05-21', 'weekday': 'Giovedì'},
           {'date': '2026-05-22', 'weekday': 'Venerdì'},
           {'date': '2026-05-23', 'weekday': 'Sabato'},
           {'date': '2026-05-24', 'weekday': 'Domenica'},
           {'date': '2026-05-25', 'weekday': 'Lunedì'},
           {'date': '2026-05-26', 'weekday': 'Martedì'},
           {'date': '2026-05-27', 'weekday': 'Mercoledì'},
           {'date': '2026-05-28', 'weekday': 'Giovedì'},
           {'date': '2026-05-29', 'weekday': 'Venerdì'},
           {'date': '2026-05-30', 'weekday': 'Sabato'},
           {'date': '2026-05-31', 'weekday': 'Domenica'},
           {'date': '2026-06-01', 'weekday': 'Lunedì'},
           {'date': '2026-06-02', 'weekday': 'Martedì'},
           {'date': '2026-06-03', 'weekday': 'Mercoledì'},
           {'date': '2026-06-04', 'weekday': 'Giovedì'},
           {'date': '2026-06-05', 'weekday': 'Venerdì'},
           {'date': '2026-06-06', 'weekday': 'Sabato'},
           {'date': '2026-06-07', 'weekday': 'Domenica'},
           {'date': '2026-06-08', 'weekday': 'Lunedì'},
           {'date': '2026-06-09', 'weekday': 'Martedì'},
           {'date': '2026-06-10', 'weekday': 'Mercoledì'},
           {'date': '2026-06-11', 'weekday': 'Giovedì'},
           {'date': '2026-06-12', 'weekday': 'Venerdì'},
           {'date': '2026-06-13', 'weekday': 'Sabato'},
           {'date': '2026-06-14', 'weekday': 'Domenica'},
           {'date': '2026-06-15', 'weekday': 'Lunedì'},
           {'date': '2026-06-16', 'weekday': 'Martedì'},
           {'date': '2026-06-17', 'weekday': 'Mercoledì'},
           {'date': '2026-06-18', 'weekday': 'Giovedì'},
           {'date': '2026-06-19', 'weekday': 'Venerdì'},
           {'date': '2026-06-20', 'weekday': 'Sabato'},
           {'date': '2026-06-21', 'weekday': 'Domenica'},
           {'date': '2026-06-22', 'weekday': 'Lunedì'},
           {'date': '2026-06-23', 'weekday': 'Martedì'},
           {'date': '2026-06-24', 'weekday': 'Mercoledì'},
           {'date': '2026-06-25', 'weekday': 'Giovedì'},
           {'date': '2026-06-26', 'weekday': 'Venerdì'}],
 'description': '“Ora senta un po’ che bizzarria mi viene in mente! Se, al '
                'momento culminante, proprio quando la marionetta che '
                'rappresenta Oreste è per vendicare la morte del padre sopra '
                'Egisto e la madre, si facesse uno strappo nel cielo di carta '
                'del teatrino, che avverrebbe?”. Luigi Pirandello nel Fu '
                'Mattia Pascal, si risponde così: “Oreste rimarrebbe '
                'terribilmente sconcertato da quel buco nel cielo”. Da questa '
                'suggestione letteraria prenderà il via, sabato 24 gennaio, '
                'ore 17, presso il Planetarium Pythagoras della Città '
                'metropolitana di Reggio Calabria, una rassegna di dieci '
                'incontri dal titolo, appunto: Lo strappo del cielo di carta, '
                'curata dal professor Gianfranco Cordì, filosofo della '
                'scienza. Attraversando Platone, il film “The Truman show”, '
                'Micheal Foucault, Josè Saramago ed Elémire Zolla, questa '
                'importante manifestazione, che ci accompagnerà fino al mese '
                'di giugno, intende investigare il platonico “mito della '
                'caverna” e tutte le sue possibili vie d’uscita e ricadute. '
                'Dal mito alle canzoni degli 883, alla filosofia impolitica di '
                'Roberto Esposito, al “Genio maligno” di Renè Descartes, i '
                'dieci appuntamenti costituiranno un’occasione per ripensare '
                'il nostro rapporto con il sapere nell’epoca nella quale "il '
                'reale è diventato un reality". Il filo conduttore sarà, '
                'dunque: “Esiste una via d’uscita dalle nostre abitudini? Dal '
                'nostro stesso modo di stare al mondo? E se esiste: quale può '
                'essere?”. In definitiva: "si può, ancora, essere '
                'rivoluzionari?". Un ciclo di incontri, dunque, vista la '
                'grande varietà e la ricchezza dei temi e delle risorse '
                'culturali, da non perdere. Sabato 24 gennaio ore 17:00 - Il '
                'fu Mattia Pascal Venerdì 6 febbraio ore 21:00 - Truman '
                'Burbank Venerdì 27 febbraio ore 17:00 - Il Genio Maligno '
                'Martedì 10 marzo ore 21:00 - Una piccola lezione su Platone '
                'Venerdì 10 aprile ore 21:00 - Portare vasi a Samo Martedì 28 '
                'aprile ore 21:00 - Sei un mito Martedì 12 maggio ore 21:00 - '
                'Nascita della biopolitica Martedì 26 maggio ore 21:00 - '
                'Cathecon Martedì 9 giugno ore 21:00 - Il tempo sacro delle '
                'caverne Venerdì 26 giugno ore 21:00 - Uscite dal mondo Tutti '
                'gli incontri si terranno al Planetarium Pythagoras della '
                "Città Metropolitana di Reggio Calabria. L'ingresso è libero e "
                'gratuito, senza necessità di prenotazione.',
 'image_url': '//citynews-reggiotoday.stgy.ovh/~media/horizontal-mid/46939702960980/planetario-2.jpg',
 'location_address': None,
 'location_name': 'Planetario Pythagoras',
 'price': 'Gratis',
 'scraped_at': '2026-01-28T22:20:54.676730',
 'time_info': 'Diversi orari',
 'title': 'Al via al Planetarium "Lo strappo del cielo di carta": ecco il '
          'calendario della rassegna',
 'url': 'https://www.reggiotoday.it/eventi/planetarium-pythagoras-rassegna-lo-strappo-del-cielo-di-carta-24-gennaio-26-giugno-2026.html',
 'uuid': 'ecb7ceb5741d95dd'}
[2026-01-28T22:21:04.826+0000] {docker.py:429} INFO - 2026-01-28 22:21:04 [scrapy.core.engine] DEBUG: Crawled (200) <GET https://www.reggiotoday.it/eventi/casa-racconti-programma-spettacoli-spazio-teatro.html> (referer: https://www.reggiotoday.it/eventi/dal/2026-01-28/al/2026-02-01/)
[2026-01-28T22:21:04.936+0000] {docker.py:429} INFO - 2026-01-28 22:21:04 [scrapy.core.scraper] DEBUG: Scraped from <200 https://www.reggiotoday.it/eventi/casa-racconti-programma-spettacoli-spazio-teatro.html>
{'category': 'Teatri',
 'city': 'Reggio Calabria',
 'content_hash': 'aab57353c486e3f6',
 'date_end': '2026-04-19',
 'date_start': '2026-01-24',
 'dates': [{'date': '2026-01-24', 'weekday': 'Sabato'},
           {'date': '2026-01-25', 'weekday': 'Domenica'},
           {'date': '2026-01-26', 'weekday': 'Lunedì'},
           {'date': '2026-01-27', 'weekday': 'Martedì'},
           {'date': '2026-01-28', 'weekday': 'Mercoledì'},
           {'date': '2026-01-29', 'weekday': 'Giovedì'},
           {'date': '2026-01-30', 'weekday': 'Venerdì'},
           {'date': '2026-01-31', 'weekday': 'Sabato'},
           {'date': '2026-02-01', 'weekday': 'Domenica'},
           {'date': '2026-02-02', 'weekday': 'Lunedì'},
           {'date': '2026-02-03', 'weekday': 'Martedì'},
           {'date': '2026-02-04', 'weekday': 'Mercoledì'},
           {'date': '2026-02-05', 'weekday': 'Giovedì'},
           {'date': '2026-02-06', 'weekday': 'Venerdì'},
           {'date': '2026-02-07', 'weekday': 'Sabato'},
           {'date': '2026-02-08', 'weekday': 'Domenica'},
           {'date': '2026-02-09', 'weekday': 'Lunedì'},
           {'date': '2026-02-10', 'weekday': 'Martedì'},
           {'date': '2026-02-11', 'weekday': 'Mercoledì'},
           {'date': '2026-02-12', 'weekday': 'Giovedì'},
           {'date': '2026-02-13', 'weekday': 'Venerdì'},
           {'date': '2026-02-14', 'weekday': 'Sabato'},
           {'date': '2026-02-15', 'weekday': 'Domenica'},
           {'date': '2026-02-16', 'weekday': 'Lunedì'},
           {'date': '2026-02-17', 'weekday': 'Martedì'},
           {'date': '2026-02-18', 'weekday': 'Mercoledì'},
           {'date': '2026-02-19', 'weekday': 'Giovedì'},
           {'date': '2026-02-20', 'weekday': 'Venerdì'},
           {'date': '2026-02-21', 'weekday': 'Sabato'},
           {'date': '2026-02-22', 'weekday': 'Domenica'},
           {'date': '2026-02-23', 'weekday': 'Lunedì'},
           {'date': '2026-02-24', 'weekday': 'Martedì'},
           {'date': '2026-02-25', 'weekday': 'Mercoledì'},
           {'date': '2026-02-26', 'weekday': 'Giovedì'},
           {'date': '2026-02-27', 'weekday': 'Venerdì'},
           {'date': '2026-02-28', 'weekday': 'Sabato'},
           {'date': '2026-03-01', 'weekday': 'Domenica'},
           {'date': '2026-03-02', 'weekday': 'Lunedì'},
           {'date': '2026-03-03', 'weekday': 'Martedì'},
           {'date': '2026-03-04', 'weekday': 'Mercoledì'},
           {'date': '2026-03-05', 'weekday': 'Giovedì'},
           {'date': '2026-03-06', 'weekday': 'Venerdì'},
           {'date': '2026-03-07', 'weekday': 'Sabato'},
           {'date': '2026-03-08', 'weekday': 'Domenica'},
           {'date': '2026-03-09', 'weekday': 'Lunedì'},
           {'date': '2026-03-10', 'weekday': 'Martedì'},
           {'date': '2026-03-11', 'weekday': 'Mercoledì'},
           {'date': '2026-03-12', 'weekday': 'Giovedì'},
           {'date': '2026-03-13', 'weekday': 'Venerdì'},
           {'date': '2026-03-14', 'weekday': 'Sabato'},
           {'date': '2026-03-15', 'weekday': 'Domenica'},
           {'date': '2026-03-16', 'weekday': 'Lunedì'},
           {'date': '2026-03-17', 'weekday': 'Martedì'},
           {'date': '2026-03-18', 'weekday': 'Mercoledì'},
           {'date': '2026-03-19', 'weekday': 'Giovedì'},
           {'date': '2026-03-20', 'weekday': 'Venerdì'},
           {'date': '2026-03-21', 'weekday': 'Sabato'},
           {'date': '2026-03-22', 'weekday': 'Domenica'},
           {'date': '2026-03-23', 'weekday': 'Lunedì'},
           {'date': '2026-03-24', 'weekday': 'Martedì'},
           {'date': '2026-03-25', 'weekday': 'Mercoledì'},
           {'date': '2026-03-26', 'weekday': 'Giovedì'},
           {'date': '2026-03-27', 'weekday': 'Venerdì'},
           {'date': '2026-03-28', 'weekday': 'Sabato'},
           {'date': '2026-03-29', 'weekday': 'Domenica'},
           {'date': '2026-03-30', 'weekday': 'Lunedì'},
           {'date': '2026-03-31', 'weekday': 'Martedì'},
           {'date': '2026-04-01', 'weekday': 'Mercoledì'},
           {'date': '2026-04-02', 'weekday': 'Giovedì'},
           {'date': '2026-04-03', 'weekday': 'Venerdì'},
           {'date': '2026-04-04', 'weekday': 'Sabato'},
           {'date': '2026-04-05', 'weekday': 'Domenica'},
           {'date': '2026-04-06', 'weekday': 'Lunedì'},
           {'date': '2026-04-07', 'weekday': 'Martedì'},
           {'date': '2026-04-08', 'weekday': 'Mercoledì'},
           {'date': '2026-04-09', 'weekday': 'Giovedì'},
           {'date': '2026-04-10', 'weekday': 'Venerdì'},
           {'date': '2026-04-11', 'weekday': 'Sabato'},
           {'date': '2026-04-12', 'weekday': 'Domenica'},
           {'date': '2026-04-13', 'weekday': 'Lunedì'},
           {'date': '2026-04-14', 'weekday': 'Martedì'},
           {'date': '2026-04-15', 'weekday': 'Mercoledì'},
           {'date': '2026-04-16', 'weekday': 'Giovedì'},
           {'date': '2026-04-17', 'weekday': 'Venerdì'},
           {'date': '2026-04-18', 'weekday': 'Sabato'},
           {'date': '2026-04-19', 'weekday': 'Domenica'}],
 'description': 'Ventunesima edizione per “La Casa dei Racconti”, la stagione '
                'teatrale di SpazioTeatro che torna nel 2026 con tredici '
                'appuntamenti in programma dal 24 gennaio al 19 aprile, nella '
                'sala di via San Paolo, a Reggio Calabria. Un traguardo che '
                'conferma la continuità di un progetto avviato oltre vent’anni '
                'fa e diventato nel tempo un punto di riferimento per il '
                'teatro contemporaneo in città. Con la direzione artistica di '
                'Gaetano Tramontana, la stagione propone un cartellone che '
                'spazia tra spettacoli di teatro e live musicali di rilievo '
                'nazionale, ampliando l’offerta oltre la scena teatrale. '
                '"Partiamo con la consueta carica, ma anche con una grinta '
                'rinnovata - dichiara il direttore artistico Gaetano '
                'Tramontana -. Dopo più di vent’anni di lavoro continuo sul '
                'territorio, questa edizione segna per noi l’inizio di una '
                'nuova fase. Ci ha dato la possibilità di ampliare lo sguardo, '
                'mettendo insieme linguaggi diversi e artisti che stimiamo '
                'profondamente. È un percorso che continua a rivolgersi al '
                'pubblico che ci segue da anni e che guarda allo stesso tempo '
                'al desiderio di avvicinare nuovi spettatori, in particolare i '
                'più giovani". Il programma alterna artisti e compagnie di '
                'riferimento del teatro contemporaneo a nuovi attesi ospiti. '
                'Tornano a SpazioTeatro figure storiche della rassegna come '
                'Silvio Castiglioni, Roberto Anglisani, Lorenzo Praticò e Tino '
                'Caspanello, affiancate da realtà come Campsirago Residenza, '
                'tra le esperienze più riconosciute del panorama teatrale '
                'italiano, e Marica Roberto. Completano il cartellone due live '
                'di Simona Norato e Cesare Basile che arricchiscono la '
                'rassegna con i linguaggi della scena musicale. Gli spettacoli '
                'in rassegna portano sul palcoscenico temi fortemente legati '
                'al presente: responsabilità civile, guerra, memoria, '
                'giustizia, solitudine e resistenza. Storie individuali che '
                'diventano strumenti di lettura del contemporaneo, affidate '
                'alla parola teatrale e musicale. La scelta di mettere in '
                'dialogo linguaggi diversi attraversa anche il senso di questa '
                'edizione, che guarda alla contaminazione come parte '
                'integrante della scena contemporanea. Un approccio che '
                'rimanda al lavoro di artisti come Giancarlo Cauteruccio e '
                'Lina Bernardi, recentemente scomparsi. "Abbiamo deciso di '
                'dedicare questa stagione alla memoria di Giancarlo '
                'Cauteruccio e Lina Bernardi, due presenze importanti nel '
                'percorso di SpazioTeatro – conclude il direttore artistico '
                'Tramontana -. A loro, e a ciò che hanno rappresentato per la '
                'nostra comunità artistica, dedichiamo questa nuova edizione". '
                '“La casa dei Racconti” 2026 è realizzato in partenariato con '
                'AMA Calabria, grazie al contributo della Regione Calabria '
                'attraverso l’Avviso Pubblico per la selezione e il '
                'finanziamento di Programmi di Distribuzione Teatrale 2025, a '
                'valere sul POC Calabria 2014-2020 Asse VI - Azione 6.7.1. Il '
                'cartellone 2026 La Casa dei Racconti 2026 si apre sabato 24 '
                'gennaio con “Mi Importa. La rivoluzione parte da Barbiana?” '
                '(in replica domenica 25). Scritto, diretto e interpretato da '
                'Lorenzo Praticò e prodotto da Teatro Rossosimona, lo '
                'spettacolo racconta di un maestro, don Lorenzo Milani, capace '
                'di fare della parola, della disobbedienza e della '
                'responsabilità civile una scelta di vita, a partire da un '
                'giuramento semplice e radicale: I care. Sabato 31 gennaio, e '
                'in replica domenica 1 febbraio, Marica Roberto porta in scena '
                '“Ogni stupida cosa”, spettacolo nato da un diario personale '
                'che attraversa, con scrittura poetica e frammentata, il '
                'rapporto tra quotidianità occidentale e tragedia della '
                'guerra. Un racconto intimo in cui parola, suono ed evocazione '
                'visiva costruiscono uno spazio di riflessione che si apre, '
                'nel finale, alla realtà dei fatti e alla testimonianza del '
                'drammaturgo palestinese Hossam Al-Madhoun. Il 14 febbraio '
                'Campsirago Residenza presenta “Barbablù”, un lavoro che '
                'attraversa l’archetipo del male a partire dalla fiaba di '
                'Perrault e dalle sue molteplici reincarnazioni storiche e '
                'simboliche. In scena, due testimoni - Benedetta Brambilla e '
                'Sebastiano Sicurezza per la regia di Michele Losi - guidano '
                'il pubblico in un percorso lucido e perturbante, interrogando '
                'il limite oltre il quale il male diventa inespiabile. Il 21, '
                'e in replica il 22 febbraio, va in scena “Elisabetta e '
                'Limone”, testo di Juan Rodolfo Wilcock per la regia di Tino '
                'Caspanello, con Cinzia Muscolino e Stefano Cutrupi. Due '
                'solitudini si incontrano e si scontrano in un dialogo fatto '
                'di parole fragili, sogno e disillusione, dando forma a un '
                'teatro intimo che indaga il bisogno di relazione e di senso '
                'in un mondo che corre. Mercoledì 11 marzo spazio alla musica '
                'con “Cantata bastarda”, live di Cesare Basile, un viaggio dal '
                'rock underground degli anni Ottanta alla ricerca sulla '
                'tradizione afro-mediterranea. Con brani tratti anche dal '
                'nuovo album “Saracena”, memoria e presente si intrecciano in '
                'un racconto musicale che attraversa il dolore e la resistenza '
                'legati al conflitto israelo-palestinese. Il 28 e 29 marzo '
                'appuntamento con “Viaggio in Armenia”, liberamente tratto '
                'dall’opera di Osip Mandel’stam, con Silvio Castiglioni in '
                'scena e la regia di Giovanni Guerrieri. Un racconto '
                'coprodotto da Celesterosa / I Sacchi di Sabbia per Le Parole '
                'di Hurbinek 2025 che attraversa viaggio, memoria e diserzione '
                'come gesto politico, restituendo il ritratto di un poeta e di '
                'un tempo segnati dalla resistenza della parola. Il 10 aprile '
                'Simona Norato presenta “Enigmistica”, un live set in cui '
                'suoni sintetici e analogici convivono in un equilibrio '
                'raffinato e personale. Un concerto che attraversa scrittura '
                'elettronica, ricerca sonora e forma-canzone, confermando una '
                'delle voci più originali della scena musicale italiana '
                'contemporanea. Il 18 e 19 aprile chiude la stagione “La '
                'ribellione”, con Roberto Anglisani e diretto da Francesco '
                'Niccolini, prodotto CSS Teatro stabile di innovazione del '
                'Friuli Venezia Giulia. La vicenda di Andreas Pum, reduce di '
                'guerra fedele allo Stato e a Dio, diventa un racconto teso e '
                'coinvolgente sul crollo della fiducia, sulla giustizia e sul '
                'senso della grazia. Info e prenotazioni su: '
                'https://www.spazioteatro.net/la-casa-dei-racconti-2026_5565/',
 'image_url': '//citynews-reggiotoday.stgy.ovh/~media/horizontal-mid/50095463105293/roberto-anglisani_la-ribellione.jpeg',
 'location_address': 'Via San Paolo, 19a',
 'location_name': 'SpazioTeatro',
 'price': 'Prezzo non disponibile',
 'scraped_at': '2026-01-28T22:20:54.676312',
 'time_info': 'Orario non disponibile',
 'title': 'La Casa dei Racconti: ecco il cartellone completo degli spettacoli '
          'a SpazioTeatro',
 'url': 'https://www.reggiotoday.it/eventi/casa-racconti-programma-spettacoli-spazio-teatro.html',
 'uuid': '9c9d1c54cf9dcddc'}
[2026-01-28T22:21:05.490+0000] {docker.py:429} INFO - 2026-01-28 22:21:05 [scrapy.core.engine] DEBUG: Crawled (200) <GET https://www.reggiotoday.it/eventi/he-entos-thalassa-mostra-sirio.html> (referer: https://www.reggiotoday.it/eventi/dal/2026-01-28/al/2026-02-01/)
[2026-01-28T22:21:05.597+0000] {docker.py:429} INFO - 2026-01-28 22:21:05 [scrapy.core.scraper] DEBUG: Scraped from <200 https://www.reggiotoday.it/eventi/he-entos-thalassa-mostra-sirio.html>
{'category': 'Mostre',
 'city': 'Reggio Calabria',
 'content_hash': 'ffbf6b633cee934c',
 'date_end': '2026-02-06',
 'date_start': '2026-01-23',
 'dates': [{'date': '2026-01-23', 'weekday': 'Venerdì'},
           {'date': '2026-01-24', 'weekday': 'Sabato'},
           {'date': '2026-01-25', 'weekday': 'Domenica'},
           {'date': '2026-01-26', 'weekday': 'Lunedì'},
           {'date': '2026-01-27', 'weekday': 'Martedì'},
           {'date': '2026-01-28', 'weekday': 'Mercoledì'},
           {'date': '2026-01-29', 'weekday': 'Giovedì'},
           {'date': '2026-01-30', 'weekday': 'Venerdì'},
           {'date': '2026-01-31', 'weekday': 'Sabato'},
           {'date': '2026-02-01', 'weekday': 'Domenica'},
           {'date': '2026-02-02', 'weekday': 'Lunedì'},
           {'date': '2026-02-03', 'weekday': 'Martedì'},
           {'date': '2026-02-04', 'weekday': 'Mercoledì'},
           {'date': '2026-02-05', 'weekday': 'Giovedì'},
           {'date': '2026-02-06', 'weekday': 'Venerdì'}],
 'description': 'Venerdì 23 gennaio alle ore 17, a Palazzo Alvaro, dopo la '
                'presentazione dell’evento ed i saluti istituzionali della '
                'Citta’ Metropolitana di Reggio Calabria,presso l’adiacente '
                'Sala Perri, si terra’ l’inaugurazione della mostra personale '
                'dell’artista reggina Elvira Sirio dal titolo “He Entos '
                'Thalassa (Mare Nostrum)”. Esposizione allestita nella Sala '
                '“Boccioni”, ideata dal dott. Salvatore Timpano presidente '
                'A.I.Par.C. Nazionale ETS, curata dalla prof.ssa Giulia Maria '
                'Sidoti e realizzata in collaborazione con la Città '
                'Metropolitana di Reggio Calabria, segreteria organizzativa '
                'Fortunato Marcianò. Elvira Sirio, appassionata di arte fin da '
                'ragazzina, segue studi che apparentemente l’allontanano da '
                'questo mondo, finchè finalmente decide di abbracciare in toto '
                'la sua passione. Frequenta per molti anni la Libera Accademia '
                'del maestro Paolo Raffa nella sua città e nel contempo corsi '
                'e master in varie località d’Italia. Fondamentale l’incontro '
                'con il maestro Roberto Ferri che l’avvicina ad una pittura a '
                'cui aveva sempre aspirato. Si appassiona poi alla scultura '
                'seguendo il maestro Mohammad Sazesh nel suo studio di '
                'Carrara. Si perfeziona infine presso l’Accademia d’Arte di '
                'Firenze. Negli anni partecipa a numerose mostre, personali, '
                'museali, istituzionali, collettive in Italia e all’estero, '
                'vincendo numerosi premi e raccogliendo riconoscimenti vari. '
                'Sue opere sono presenti in numerose gallerie, pinacoteche e '
                'collezioni private. É recensita in vari cataloghi e riviste '
                'd’arte. La mostra sarà visitabile presso la Sala boccioni di '
                'Palazzo Alvaro fino a venerdì 6 febbraio e osserverà i '
                'seguenti orari d’apertura: dal lunedì al venerdì dalle ore 8 '
                'alle 19, e il sabato dalle ore 17 alle 19, domenica giornata '
                'di chiusura.',
 'image_url': '//citynews-reggiotoday.stgy.ovh/~media/horizontal-mid/32293361145487/mostra-elvira-sirio-23-gennaio-1.jpeg',
 'location_address': 'Piazza Italia',
 'location_name': 'Palazzo Alvaro',
 'price': 'Gratis',
 'scraped_at': '2026-01-28T22:20:54.675836',
 'time_info': 'Vari orari',
 'title': "He Entos Thalassa: si inaugura la personale dell'artista reggina "
          'Elvira Sirio',
 'url': 'https://www.reggiotoday.it/eventi/he-entos-thalassa-mostra-sirio.html',
 'uuid': '07677a918bb44eb3'}
[2026-01-28T22:21:07.019+0000] {docker.py:429} INFO - 2026-01-28 22:21:07 [scrapy.core.engine] DEBUG: Crawled (200) <GET https://www.reggiotoday.it/eventi/opere-liriche-cilea-2026.html> (referer: https://www.reggiotoday.it/eventi/dal/2026-01-28/al/2026-02-01/)
[2026-01-28T22:21:07.127+0000] {docker.py:429} INFO - 2026-01-28 22:21:07 [scrapy.core.scraper] DEBUG: Scraped from <200 https://www.reggiotoday.it/eventi/opere-liriche-cilea-2026.html>
{'category': 'Teatri',
 'city': 'Reggio Calabria',
 'content_hash': '0af62cccef854870',
 'date_end': '2026-03-29',
 'date_start': '2026-01-30',
 'dates': [{'date': '2026-01-30', 'weekday': 'Venerdì'},
           {'date': '2026-01-31', 'weekday': 'Sabato'},
           {'date': '2026-02-01', 'weekday': 'Domenica'},
           {'date': '2026-02-02', 'weekday': 'Lunedì'},
           {'date': '2026-02-03', 'weekday': 'Martedì'},
           {'date': '2026-02-04', 'weekday': 'Mercoledì'},
           {'date': '2026-02-05', 'weekday': 'Giovedì'},
           {'date': '2026-02-06', 'weekday': 'Venerdì'},
           {'date': '2026-02-07', 'weekday': 'Sabato'},
           {'date': '2026-02-08', 'weekday': 'Domenica'},
           {'date': '2026-02-09', 'weekday': 'Lunedì'},
           {'date': '2026-02-10', 'weekday': 'Martedì'},
           {'date': '2026-02-11', 'weekday': 'Mercoledì'},
           {'date': '2026-02-12', 'weekday': 'Giovedì'},
           {'date': '2026-02-13', 'weekday': 'Venerdì'},
           {'date': '2026-02-14', 'weekday': 'Sabato'},
           {'date': '2026-02-15', 'weekday': 'Domenica'},
           {'date': '2026-02-16', 'weekday': 'Lunedì'},
           {'date': '2026-02-17', 'weekday': 'Martedì'},
           {'date': '2026-02-18', 'weekday': 'Mercoledì'},
           {'date': '2026-02-19', 'weekday': 'Giovedì'},
           {'date': '2026-02-20', 'weekday': 'Venerdì'},
           {'date': '2026-02-21', 'weekday': 'Sabato'},
           {'date': '2026-02-22', 'weekday': 'Domenica'},
           {'date': '2026-02-23', 'weekday': 'Lunedì'},
           {'date': '2026-02-24', 'weekday': 'Martedì'},
           {'date': '2026-02-25', 'weekday': 'Mercoledì'},
           {'date': '2026-02-26', 'weekday': 'Giovedì'},
           {'date': '2026-02-27', 'weekday': 'Venerdì'},
           {'date': '2026-02-28', 'weekday': 'Sabato'},
           {'date': '2026-03-01', 'weekday': 'Domenica'},
           {'date': '2026-03-02', 'weekday': 'Lunedì'},
           {'date': '2026-03-03', 'weekday': 'Martedì'},
           {'date': '2026-03-04', 'weekday': 'Mercoledì'},
           {'date': '2026-03-05', 'weekday': 'Giovedì'},
           {'date': '2026-03-06', 'weekday': 'Venerdì'},
           {'date': '2026-03-07', 'weekday': 'Sabato'},
           {'date': '2026-03-08', 'weekday': 'Domenica'},
           {'date': '2026-03-09', 'weekday': 'Lunedì'},
           {'date': '2026-03-10', 'weekday': 'Martedì'},
           {'date': '2026-03-11', 'weekday': 'Mercoledì'},
           {'date': '2026-03-12', 'weekday': 'Giovedì'},
           {'date': '2026-03-13', 'weekday': 'Venerdì'},
           {'date': '2026-03-14', 'weekday': 'Sabato'},
           {'date': '2026-03-15', 'weekday': 'Domenica'},
           {'date': '2026-03-16', 'weekday': 'Lunedì'},
           {'date': '2026-03-17', 'weekday': 'Martedì'},
           {'date': '2026-03-18', 'weekday': 'Mercoledì'},
           {'date': '2026-03-19', 'weekday': 'Giovedì'},
           {'date': '2026-03-20', 'weekday': 'Venerdì'},
           {'date': '2026-03-21', 'weekday': 'Sabato'},
           {'date': '2026-03-22', 'weekday': 'Domenica'},
           {'date': '2026-03-23', 'weekday': 'Lunedì'},
           {'date': '2026-03-24', 'weekday': 'Martedì'},
           {'date': '2026-03-25', 'weekday': 'Mercoledì'},
           {'date': '2026-03-26', 'weekday': 'Giovedì'},
           {'date': '2026-03-27', 'weekday': 'Venerdì'},
           {'date': '2026-03-28', 'weekday': 'Sabato'},
           {'date': '2026-03-29', 'weekday': 'Domenica'}],
 'description': 'Dopo lo straordinario successo della scorsa stagione con il '
                'trionfo di Aida nella versione di Zeffirelli, la Polis '
                'Cultura per il 2026, sempre al teatro Cilea, rimette in campo '
                'tutte le sue forze per proporre due nuove produzioni liriche: '
                'Pagliacci di Ruggero Leoncavallo, il 30 gennaio, e Tosca di '
                'Giacomo Puccini, il 27 e il 29 marzo. Due imponenti '
                'allestimenti realizzati grazie alla fitta rete di '
                'collaborazioni artistiche e la co-produzione del '
                'Conservatorio Statale Tchaikovskj di Nocera Terinese. E per '
                'realizzare al meglio questi eventi la Polis Cultura e il suo '
                'Direttore Organizzativo Chilà si affidano ancora una volta al '
                'genio creativo del Maestro Filippo Arlìa, Direttore '
                'd’orchestra, considerato dalla critica internazionale uno dei '
                'più brillanti e versatili musicisti italiani della sua '
                'generazione che concerterà le due opere dirigendo l’Orchestra '
                'Filarmonica della Calabria. La regia di entrambe le opere è '
                'affidata al Maestro reggino Mario De Carlo che ha collaborato '
                'con alcuni dei più importanti teatri italiani, come la Fenice '
                'di Venezia e il Teatro Massimo di Palermo e a livello '
                'internazionale, con produzioni in Romania, Corea del Sud e '
                'Macedonia. Le due figure, Arlia e De Carlo, sono sicuramente '
                'il punto cardine delle Opere proposte, entrambi, nei vari '
                'ruoli, con il coordinamento del deus ex machina Lillo Chilà, '
                'hanno messo in campo la loro esperienza e la loro conoscenza '
                'nel settore al fine di realizzare due allestimenti '
                'spettacolari che possano continuare, sulla scia del successo '
                'di Aida, quella corrente di attrazione verso quest’Arte '
                'immortale. Il Coro è l’International Opera Choir di Roma che '
                'per anni è stato regolarmente invitato al Festival dei Due '
                'Mondi di Spoleto, dove, sotto la regia di Giorgio Ferrara, ha '
                'inaugurato diverse edizioni. Sotto la guida del maestro '
                'Giovanni Mirabile, ha calcato palcoscenici di grande '
                'prestigio e collaborato con l’Orchestra Italiana del Cinema '
                'per produzioni multimediali di enorme successo dedicate ai '
                'film Il Gladiatore e Harry Potter. Di livello internazionale '
                'anche il cast dei cantanti: in Pagliacci il protagonista '
                'Canio sarà interpretato dal grande tenore Walter Fraccaro, '
                'Nedda dal soprano Marta Leung e Tonio da Ivan Inverardi; per '
                'quanto riguarda la Tosca vedremo il soprano Cellia Costea di '
                "origini rumene e solista dell'Opera Nazionale Greca, mentre "
                'il tenore Simone Simoncini sarà Mario Cavaradossi e il '
                'baritono Carlos Almaguer il Barone Scarpia. Tutti artisti che '
                'hanno calcato i più importanti Teatri lirici diretti dai più '
                'grandi Maestri e che nel loro vasto repertorio hanno '
                'interpretato più volte questi ruoli in grandi allestimenti in '
                'giro per il mondo. La scenografia di Pagliacci è del maestro '
                'Salvatore Tropea, i costumi della prestigiosa Sartoria '
                'Bianchi di Milano (costumista Mario De Carlo); per Tosca le '
                'scene sono firmate dalla storica Scenografie Sormani '
                'Cardaropoli di Milano che custodisce nel suo archivio alcuni '
                'dei progetti più iconici della storia del Melodramma '
                'italiano, infatti l’impianto scenico scelto dal regista '
                'riprende i bozzetti originali di Nicola Benois, uno dei più '
                'grandi protagonisti del teatro del ‘900. In entrambe le opere '
                'troveremo anche il Coro Voci Bianche “Note Celesti” diretto '
                'dal maestro Alessandro Bagnato. Le Opere rientrano in un '
                'ricco cartellone artistico che debutterà il 3 gennaio con '
                'Brokeback Mountain che vedrà la partecipazione di Malika '
                'Ayane in uno spettacolo innovativo che intende superare '
                'quelle barriere culturali e sociali innalzate dalla società '
                'di oggi. Si continuerà con grandi opere teatrali classiche e '
                'contemporanee come Il Medico dei Pazzi, Il Piacere '
                'dell’Onestà, Malinconico Moderatamente felice, Lungo Viaggio '
                'Verso la Notte, Quaranta ma non li dimostra, Sabato, domenica '
                'e lunedì, interpretate da grandi nomi quali Gabriele Lavia, '
                'Gianfelice Imparato, Massimiliano Gallo, Teresa Saponangelo, '
                'Pippo Pattavina, Enrico Guarneri. Spazio anche all’operetta '
                'con La Vedova Allegra che è senz’altro uno dei titoli più '
                'popolari e amati in tutto il mondo. E naturalmente non poteva '
                'mancare la Danza con il grande capolavoro di Tchaikovsky, Il '
                'lago dei cigni, che ha richiamato l’attenzione delle nuove '
                'generazioni tanto da far arrivare in città gruppi di ragazzi '
                'provenienti da tutto il territorio metropolitano e anche '
                'oltre provincia. Una programmazione artistica completa, varia '
                'e di rilevanza nazionale che non può che impreziosire '
                'l’offerta culturale che un teatro di tutto rispetto può o '
                'deve offrire alla propria città. Tutte le info sul sito di '
                'Catonateatro.',
 'image_url': '//citynews-reggiotoday.stgy.ovh/~media/horizontal-mid/42519700647673/tosca-soprano-cellia-costea.jpg',
 'location_address': 'Corso Giuseppe Garibaldi',
 'location_name': 'Teatro Cilea',
 'price': 'Prezzo non disponibile',
 'scraped_at': '2026-01-28T22:20:54.675399',
 'time_info': 'Vari orari',
 'title': "Pagliacci e Tosca: l'incanto della lirica al Cilea",
 'url': 'https://www.reggiotoday.it/eventi/opere-liriche-cilea-2026.html',
 'uuid': 'd9e41fa44052d755'}
[2026-01-28T22:21:08.401+0000] {docker.py:429} INFO - 2026-01-28 22:21:08 [scrapy.core.engine] DEBUG: Crawled (200) <GET https://www.reggiotoday.it/eventi/rassegna-centro-teatrale-meridionale-e-teatri-calabresi-associati-spettacoli-a-caulonia-marina-e-locri.html> (referer: https://www.reggiotoday.it/eventi/dal/2026-01-28/al/2026-02-01/)
[2026-01-28T22:21:08.510+0000] {docker.py:429} INFO - 2026-01-28 22:21:08 [scrapy.core.scraper] DEBUG: Scraped from <200 https://www.reggiotoday.it/eventi/rassegna-centro-teatrale-meridionale-e-teatri-calabresi-associati-spettacoli-a-caulonia-marina-e-locri.html>
{'category': 'Teatri',
 'city': 'Reggio Calabria',
 'content_hash': '6b21fff81a658190',
 'date_end': '2026-05-10',
 'date_start': '2025-11-07',
 'dates': [{'date': '2025-11-07', 'weekday': 'Venerdì'},
           {'date': '2025-11-08', 'weekday': 'Sabato'},
           {'date': '2025-11-09', 'weekday': 'Domenica'},
           {'date': '2025-11-10', 'weekday': 'Lunedì'},
           {'date': '2025-11-11', 'weekday': 'Martedì'},
           {'date': '2025-11-12', 'weekday': 'Mercoledì'},
           {'date': '2025-11-13', 'weekday': 'Giovedì'},
           {'date': '2025-11-14', 'weekday': 'Venerdì'},
           {'date': '2025-11-15', 'weekday': 'Sabato'},
           {'date': '2025-11-16', 'weekday': 'Domenica'},
           {'date': '2025-11-17', 'weekday': 'Lunedì'},
           {'date': '2025-11-18', 'weekday': 'Martedì'},
           {'date': '2025-11-19', 'weekday': 'Mercoledì'},
           {'date': '2025-11-20', 'weekday': 'Giovedì'},
           {'date': '2025-11-21', 'weekday': 'Venerdì'},
           {'date': '2025-11-22', 'weekday': 'Sabato'},
           {'date': '2025-11-23', 'weekday': 'Domenica'},
           {'date': '2025-11-24', 'weekday': 'Lunedì'},
           {'date': '2025-11-25', 'weekday': 'Martedì'},
           {'date': '2025-11-26', 'weekday': 'Mercoledì'},
           {'date': '2025-11-27', 'weekday': 'Giovedì'},
           {'date': '2025-11-28', 'weekday': 'Venerdì'},
           {'date': '2025-11-29', 'weekday': 'Sabato'},
           {'date': '2025-11-30', 'weekday': 'Domenica'},
           {'date': '2025-12-01', 'weekday': 'Lunedì'},
           {'date': '2025-12-02', 'weekday': 'Martedì'},
           {'date': '2025-12-03', 'weekday': 'Mercoledì'},
           {'date': '2025-12-04', 'weekday': 'Giovedì'},
           {'date': '2025-12-05', 'weekday': 'Venerdì'},
           {'date': '2025-12-06', 'weekday': 'Sabato'},
           {'date': '2025-12-07', 'weekday': 'Domenica'},
           {'date': '2025-12-08', 'weekday': 'Lunedì'},
           {'date': '2025-12-09', 'weekday': 'Martedì'},
           {'date': '2025-12-10', 'weekday': 'Mercoledì'},
           {'date': '2025-12-11', 'weekday': 'Giovedì'},
           {'date': '2025-12-12', 'weekday': 'Venerdì'},
           {'date': '2025-12-13', 'weekday': 'Sabato'},
           {'date': '2025-12-14', 'weekday': 'Domenica'},
           {'date': '2025-12-15', 'weekday': 'Lunedì'},
           {'date': '2025-12-16', 'weekday': 'Martedì'},
           {'date': '2025-12-17', 'weekday': 'Mercoledì'},
           {'date': '2025-12-18', 'weekday': 'Giovedì'},
           {'date': '2025-12-19', 'weekday': 'Venerdì'},
           {'date': '2025-12-20', 'weekday': 'Sabato'},
           {'date': '2025-12-21', 'weekday': 'Domenica'},
           {'date': '2025-12-22', 'weekday': 'Lunedì'},
           {'date': '2025-12-23', 'weekday': 'Martedì'},
           {'date': '2025-12-24', 'weekday': 'Mercoledì'},
           {'date': '2025-12-25', 'weekday': 'Giovedì'},
           {'date': '2025-12-26', 'weekday': 'Venerdì'},
           {'date': '2025-12-27', 'weekday': 'Sabato'},
           {'date': '2025-12-28', 'weekday': 'Domenica'},
           {'date': '2025-12-29', 'weekday': 'Lunedì'},
           {'date': '2025-12-30', 'weekday': 'Martedì'},
           {'date': '2025-12-31', 'weekday': 'Mercoledì'},
           {'date': '2026-01-01', 'weekday': 'Giovedì'},
           {'date': '2026-01-02', 'weekday': 'Venerdì'},
           {'date': '2026-01-03', 'weekday': 'Sabato'},
           {'date': '2026-01-04', 'weekday': 'Domenica'},
           {'date': '2026-01-05', 'weekday': 'Lunedì'},
           {'date': '2026-01-06', 'weekday': 'Martedì'},
           {'date': '2026-01-07', 'weekday': 'Mercoledì'},
           {'date': '2026-01-08', 'weekday': 'Giovedì'},
           {'date': '2026-01-09', 'weekday': 'Venerdì'},
           {'date': '2026-01-10', 'weekday': 'Sabato'},
           {'date': '2026-01-11', 'weekday': 'Domenica'},
           {'date': '2026-01-12', 'weekday': 'Lunedì'},
           {'date': '2026-01-13', 'weekday': 'Martedì'},
           {'date': '2026-01-14', 'weekday': 'Mercoledì'},
           {'date': '2026-01-15', 'weekday': 'Giovedì'},
           {'date': '2026-01-16', 'weekday': 'Venerdì'},
           {'date': '2026-01-17', 'weekday': 'Sabato'},
           {'date': '2026-01-18', 'weekday': 'Domenica'},
           {'date': '2026-01-19', 'weekday': 'Lunedì'},
           {'date': '2026-01-20', 'weekday': 'Martedì'},
           {'date': '2026-01-21', 'weekday': 'Mercoledì'},
           {'date': '2026-01-22', 'weekday': 'Giovedì'},
           {'date': '2026-01-23', 'weekday': 'Venerdì'},
           {'date': '2026-01-24', 'weekday': 'Sabato'},
           {'date': '2026-01-25', 'weekday': 'Domenica'},
           {'date': '2026-01-26', 'weekday': 'Lunedì'},
           {'date': '2026-01-27', 'weekday': 'Martedì'},
           {'date': '2026-01-28', 'weekday': 'Mercoledì'},
           {'date': '2026-01-29', 'weekday': 'Giovedì'},
           {'date': '2026-01-30', 'weekday': 'Venerdì'},
           {'date': '2026-01-31', 'weekday': 'Sabato'},
           {'date': '2026-02-01', 'weekday': 'Domenica'},
           {'date': '2026-02-02', 'weekday': 'Lunedì'},
           {'date': '2026-02-03', 'weekday': 'Martedì'},
           {'date': '2026-02-04', 'weekday': 'Mercoledì'},
           {'date': '2026-02-05', 'weekday': 'Giovedì'},
           {'date': '2026-02-06', 'weekday': 'Venerdì'},
           {'date': '2026-02-07', 'weekday': 'Sabato'},
           {'date': '2026-02-08', 'weekday': 'Domenica'},
           {'date': '2026-02-09', 'weekday': 'Lunedì'},
           {'date': '2026-02-10', 'weekday': 'Martedì'},
           {'date': '2026-02-11', 'weekday': 'Mercoledì'},
           {'date': '2026-02-12', 'weekday': 'Giovedì'},
           {'date': '2026-02-13', 'weekday': 'Venerdì'},
           {'date': '2026-02-14', 'weekday': 'Sabato'},
           {'date': '2026-02-15', 'weekday': 'Domenica'},
           {'date': '2026-02-16', 'weekday': 'Lunedì'},
           {'date': '2026-02-17', 'weekday': 'Martedì'},
           {'date': '2026-02-18', 'weekday': 'Mercoledì'},
           {'date': '2026-02-19', 'weekday': 'Giovedì'},
           {'date': '2026-02-20', 'weekday': 'Venerdì'},
           {'date': '2026-02-21', 'weekday': 'Sabato'},
           {'date': '2026-02-22', 'weekday': 'Domenica'},
           {'date': '2026-02-23', 'weekday': 'Lunedì'},
           {'date': '2026-02-24', 'weekday': 'Martedì'},
           {'date': '2026-02-25', 'weekday': 'Mercoledì'},
           {'date': '2026-02-26', 'weekday': 'Giovedì'},
           {'date': '2026-02-27', 'weekday': 'Venerdì'},
           {'date': '2026-02-28', 'weekday': 'Sabato'},
           {'date': '2026-03-01', 'weekday': 'Domenica'},
           {'date': '2026-03-02', 'weekday': 'Lunedì'},
           {'date': '2026-03-03', 'weekday': 'Martedì'},
           {'date': '2026-03-04', 'weekday': 'Mercoledì'},
           {'date': '2026-03-05', 'weekday': 'Giovedì'},
           {'date': '2026-03-06', 'weekday': 'Venerdì'},
           {'date': '2026-03-07', 'weekday': 'Sabato'},
           {'date': '2026-03-08', 'weekday': 'Domenica'},
           {'date': '2026-03-09', 'weekday': 'Lunedì'},
           {'date': '2026-03-10', 'weekday': 'Martedì'},
           {'date': '2026-03-11', 'weekday': 'Mercoledì'},
           {'date': '2026-03-12', 'weekday': 'Giovedì'},
           {'date': '2026-03-13', 'weekday': 'Venerdì'},
           {'date': '2026-03-14', 'weekday': 'Sabato'},
           {'date': '2026-03-15', 'weekday': 'Domenica'},
           {'date': '2026-03-16', 'weekday': 'Lunedì'},
           {'date': '2026-03-17', 'weekday': 'Martedì'},
           {'date': '2026-03-18', 'weekday': 'Mercoledì'},
           {'date': '2026-03-19', 'weekday': 'Giovedì'},
           {'date': '2026-03-20', 'weekday': 'Venerdì'},
           {'date': '2026-03-21', 'weekday': 'Sabato'},
           {'date': '2026-03-22', 'weekday': 'Domenica'},
           {'date': '2026-03-23', 'weekday': 'Lunedì'},
           {'date': '2026-03-24', 'weekday': 'Martedì'},
           {'date': '2026-03-25', 'weekday': 'Mercoledì'},
           {'date': '2026-03-26', 'weekday': 'Giovedì'},
           {'date': '2026-03-27', 'weekday': 'Venerdì'},
           {'date': '2026-03-28', 'weekday': 'Sabato'},
           {'date': '2026-03-29', 'weekday': 'Domenica'},
           {'date': '2026-03-30', 'weekday': 'Lunedì'},
           {'date': '2026-03-31', 'weekday': 'Martedì'},
           {'date': '2026-04-01', 'weekday': 'Mercoledì'},
           {'date': '2026-04-02', 'weekday': 'Giovedì'},
           {'date': '2026-04-03', 'weekday': 'Venerdì'},
           {'date': '2026-04-04', 'weekday': 'Sabato'},
           {'date': '2026-04-05', 'weekday': 'Domenica'},
           {'date': '2026-04-06', 'weekday': 'Lunedì'},
           {'date': '2026-04-07', 'weekday': 'Martedì'},
           {'date': '2026-04-08', 'weekday': 'Mercoledì'},
           {'date': '2026-04-09', 'weekday': 'Giovedì'},
           {'date': '2026-04-10', 'weekday': 'Venerdì'},
           {'date': '2026-04-11', 'weekday': 'Sabato'},
           {'date': '2026-04-12', 'weekday': 'Domenica'},
           {'date': '2026-04-13', 'weekday': 'Lunedì'},
           {'date': '2026-04-14', 'weekday': 'Martedì'},
           {'date': '2026-04-15', 'weekday': 'Mercoledì'},
           {'date': '2026-04-16', 'weekday': 'Giovedì'},
           {'date': '2026-04-17', 'weekday': 'Venerdì'},
           {'date': '2026-04-18', 'weekday': 'Sabato'},
           {'date': '2026-04-19', 'weekday': 'Domenica'},
           {'date': '2026-04-20', 'weekday': 'Lunedì'},
           {'date': '2026-04-21', 'weekday': 'Martedì'},
           {'date': '2026-04-22', 'weekday': 'Mercoledì'},
           {'date': '2026-04-23', 'weekday': 'Giovedì'},
           {'date': '2026-04-24', 'weekday': 'Venerdì'},
           {'date': '2026-04-25', 'weekday': 'Sabato'},
           {'date': '2026-04-26', 'weekday': 'Domenica'},
           {'date': '2026-04-27', 'weekday': 'Lunedì'},
           {'date': '2026-04-28', 'weekday': 'Martedì'},
           {'date': '2026-04-29', 'weekday': 'Mercoledì'},
           {'date': '2026-04-30', 'weekday': 'Giovedì'},
           {'date': '2026-05-01', 'weekday': 'Venerdì'},
           {'date': '2026-05-02', 'weekday': 'Sabato'},
           {'date': '2026-05-03', 'weekday': 'Domenica'},
           {'date': '2026-05-04', 'weekday': 'Lunedì'},
           {'date': '2026-05-05', 'weekday': 'Martedì'},
           {'date': '2026-05-06', 'weekday': 'Mercoledì'},
           {'date': '2026-05-07', 'weekday': 'Giovedì'},
           {'date': '2026-05-08', 'weekday': 'Venerdì'},
           {'date': '2026-05-09', 'weekday': 'Sabato'},
           {'date': '2026-05-10', 'weekday': 'Domenica'}],
 'description': 'I teatri di Caulonia Marina, Locri e Vibo Valentia aprono le '
                'porte per ospitare le rassegne teatrali a firma di Domenico '
                'Pantano, che ripartono con un programma intenso e prestigioso '
                'e con grandi nomi della scena nazionale. Dall’autunno alla '
                'primavera, infatti, tanti gli spettacoli in cartellone che '
                'animeranno la vita culturale calabrese. Un’ampia scelta di '
                'generi che spazia dalla commedia ai grandi classici, dal '
                'repertorio comico a quello drammatico, dalla danza alla '
                'musica, per accogliere e coinvolgere un pubblico vario e '
                'appassionato. La XXXI E XXXII Stagione Teatrale della Locride '
                '2025-2026 a cura del Centro Teatrale Meridionale per la '
                'Direzione artistica di Domenico Pantano, farà tappa '
                'all’Auditorium della Pace A. Frammartino di Caulonia Marina e '
                'all’Auditorium Palazzo della Cultura di Locri. Si comincia a '
                'Caulonia Marina il 7 novembre con l’attesissimo appuntamento '
                'con Sabina Guzzanti e il suo spettacolo Liberidì Liberidà. A '
                'seguire, Lo schiaccianoci il 23 novembre con le coreografie '
                'di Luigi Martelletta; L’impresario delle Smirne”di Carlo '
                'Goldoni il 13 dicembre con Gigi Savoia; Gospel Italian '
                'Singers il 28 dicembre con Ruth White e l’Orchestra dal vivo '
                'diretta dal maestro Francesco Finizio; L’illusione coniugale '
                'il 18 gennaio con Attilio Fontana e Rosita Celentano; La '
                'scommessa testo e regia di Emanuele Barresi il 24 gennaio con '
                'Gaia De Laurentis; Satyricon di Petronio il 7 febbraio con '
                'Francesco Polizzi; C’era una volta il night club il 6 marzo '
                'con Alessandra De Pascalis; L’arte della resistenza di '
                'Claudio Zappalà il 15 marzo; Mandragola di Niccolò '
                'Machiavelli il 18 aprile con Domenico Pantano per la regia di '
                'Nicasio Anzelmo; Parlami d’amore di Costanzo Diquattro il 25 '
                'aprile con Mario Incudine; Ospiti di Angelo Longoni il 9 '
                'maggio con Francesca Ceci. A Locri, invece, si comincia il 21 '
                'novembre con Frida scritto, diretto e interpretato da Jessica '
                'Ferri, un omaggio alla vita dell’iconica artista Frida Kahlo. '
                'A seguire, El Fùtbol il 7 dicembre con Ettore Bassi; Gospel '
                'Italian Singers il 30 dicembre; La Magichite di e con Luca '
                'Lombardo il 4 gennaio; Mirror di Sam Holcroft il 15 gennaio '
                'con Ninni Bruschetta e Claudio Greg Gregori; Amori & Amore il '
                '25 gennaio con Matilde Brandi e Francesco Branchetti; '
                'Satyricon l’8 febbraio; Mi dimetto da uomo di e con Sergio '
                'Assisi il 26 febbraio; C’era una volta il night club il 7 '
                'marzo; Il coro di Babele scritto e diretto da Claudio Zappalà '
                'il 14 marzo; Mimì di e con Mario Incudine il 26 aprile; '
                'Ospiti il 10 maggio. Dal 1986, il Centro Teatrale '
                'Meridionale, r
[2026-01-28T22:21:08.511+0000] {docker.py:429} INFO - iconosciuto dal Ministero della Cultura e dalla '
                'Regione Calabria, è una delle più importanti realtà teatrali '
                'del Mezzogiorno e rappresenta una presenza stabile e '
                'qualificata nella Locride e in tutta la Calabria, con '
                'attività professionali, produzioni e laboratori che hanno '
                'contribuito in modo concreto alla crescita culturale del '
                'territorio. Con la sua programmazione di prosa, musica e '
                'danza, il CTM continua a promuovere cultura, formazione e '
                'innovazione, rafforzando il legame tra arte e territorio. '
                'Importante, in questo impegno quarantennale, è stata ed è la '
                'collaborazione con le istituzioni e le amministrazioni '
                'locali, per offrire al pubblico serate di autentica bellezza '
                'ed emozione. Le rassegne si avvalgono del patrocinio del '
                'Comune di Caulonia, dell’Assessorato alla Cultura della Città '
                'di Locri, e sono co-finanziate con Risorse PAC 2014-2020 – '
                'Az. 6.8.3 – Avviso pubblico Eventi di promozione culturale '
                '2024 della Regione Calabria – Dipartimento Istruzione '
                'Formazione e Pari Opportunità – Settore Cultura.',
 'image_url': '//citynews-reggiotoday.stgy.ovh/~media/horizontal-mid/62008320356001/teatro-pixabay-2.jpg',
 'location_address': None,
 'location_name': 'Locri e Caulonia Marina',
 'price': 'Prezzo non disponibile',
 'scraped_at': '2026-01-28T22:20:54.674640',
 'time_info': 'Vari orari',
 'title': 'Rassegna Centro Teatrale Meridionale e Teatri Calabresi Associati: '
          'spettacoli a Caulonia Marina e Locri',
 'url': 'https://www.reggiotoday.it/eventi/rassegna-centro-teatrale-meridionale-e-teatri-calabresi-associati-spettacoli-a-caulonia-marina-e-locri.html',
 'uuid': '3a4970ff420949e5'}
[2026-01-28T22:21:09.384+0000] {docker.py:429} INFO - 2026-01-28 22:21:09 [scrapy.core.engine] DEBUG: Crawled (200) <GET https://www.reggiotoday.it/eventi/teatro-cilea-doppio-appuntamento-casagrande-mille-bolle-blu.html> (referer: https://www.reggiotoday.it/eventi/dal/2026-01-28/al/2026-02-01/)
[2026-01-28T22:21:09.492+0000] {docker.py:429} INFO - 2026-01-28 22:21:09 [scrapy.core.scraper] DEBUG: Scraped from <200 https://www.reggiotoday.it/eventi/teatro-cilea-doppio-appuntamento-casagrande-mille-bolle-blu.html>
{'category': 'Teatri',
 'city': 'Reggio Calabria',
 'content_hash': 'dc1cea33cd51b19a',
 'date_end': '2026-02-06',
 'date_start': '2026-01-24',
 'dates': [{'date': '2026-01-24', 'weekday': 'Sabato'},
           {'date': '2026-01-25', 'weekday': 'Domenica'},
           {'date': '2026-01-26', 'weekday': 'Lunedì'},
           {'date': '2026-01-27', 'weekday': 'Martedì'},
           {'date': '2026-01-28', 'weekday': 'Mercoledì'},
           {'date': '2026-01-29', 'weekday': 'Giovedì'},
           {'date': '2026-01-30', 'weekday': 'Venerdì'},
           {'date': '2026-01-31', 'weekday': 'Sabato'},
           {'date': '2026-02-01', 'weekday': 'Domenica'},
           {'date': '2026-02-02', 'weekday': 'Lunedì'},
           {'date': '2026-02-03', 'weekday': 'Martedì'},
           {'date': '2026-02-04', 'weekday': 'Mercoledì'},
           {'date': '2026-02-05', 'weekday': 'Giovedì'},
           {'date': '2026-02-06', 'weekday': 'Venerdì'}],
 'description': 'Il teatro Francesco Cilea si prepara ad accogliere due '
                'appuntamenti di grande richiamo, capaci di coniugare '
                'intrattenimento di qualità, musica e impegno sociale, '
                'confermandosi punto di riferimento imprescindibile della vita '
                'culturale cittadina. Il primo evento è in programma il 24 '
                'gennaio con “La prova del 9”, lo spettacolo che segna il '
                'ritorno a Reggio Calabria di Maurizio Casagrande, artista '
                'amatissimo dal pubblico. Un rientro atteso, reso possibile '
                'grazie all’impegno dell’Officina dell’Arte di Peppe '
                'Piromalli, da sempre attenta a proporre al pubblico del Cilea '
                'produzioni di alto livello. Con la sua inconfondibile ironia, '
                'Casagrande accompagnerà il pubblico in uno spettacolo '
                'brillante e coinvolgente, capace di alternare comicità e '
                'riflessione. Sul palco con lui Ania Cecilia e Bruno Galasso, '
                'mentre la parte musicale sarà affidata ai musicisti Giuseppe '
                'Iervolino, Sergio Dileo e Salvatore Rainone, che '
                'arricchiranno la messa in scena con sonorità dal vivo, '
                'rendendo lo spettacolo ancora più dinamico e completo. '
                '"Riportare Maurizio Casagrande sul palco del Cilea significa '
                'offrire al nostro pubblico uno spettacolo di grande qualità, '
                'capace di far sorridere ma anche di far riflettere – dichiara '
                'Peppe Piromalli, direttore artistico dell’Officina dell’Arte '
                '– Il nostro obiettivo è continuare a costruire una proposta '
                'culturale che metta al centro l’arte, le emozioni e il '
                'dialogo con la città". Il secondo appuntamento, fuori '
                'abbonamento, è fissato per il 6 febbraio e vedrà protagonisti '
                'due nomi di assoluto prestigio del panorama musicale '
                'italiano: Nicky Nicolai e Stefano Di Battista con lo '
                'spettacolo “Mille Bolle Blu”. Un viaggio musicale raffinato '
                'ed emozionante tra jazz, canzone d’autore e grandi classici, '
                'pensato per incantare il pubblico del Teatro Cilea. L’evento '
                'assume inoltre un importante valore simbolico e sociale: '
                'attraverso questo spettacolo, l’Officina dell’Arte, insieme '
                'al Rotary Club Reggio Calabria – Distretto 2102, sostiene la '
                'battaglia contro la poliomielite, dimostrando come l’arte '
                'possa farsi strumento concreto di solidarietà e '
                'sensibilizzazione. Due date diverse, ma unite da un comune '
                'filo conduttore: la qualità artistica e la volontà di offrire '
                'al pubblico non solo intrattenimento, ma anche occasioni di '
                'condivisione, cultura e responsabilità sociale. Il Teatro '
                '“Francesco Cilea” si conferma così palcoscenico d’eccellenza, '
                'capace di ospitare eventi destinati a lasciare il segno.',
 'image_url': '//citynews-reggiotoday.stgy.ovh/~media/horizontal-mid/41958317910598/maurizio-casagrande-2.jpg',
 'location_address': 'Corso Giuseppe Garibaldi',
 'location_name': 'Teatro Cilea',
 'price': 'Prezzo non disponibile',
 'scraped_at': '2026-01-28T22:20:54.673719',
 'time_info': 'Ore 20,45',
 'title': 'Teatro Cilea: ritorno Maurizio Casagrande e spettacolo con Nicky '
          'Nicolai e Stefano Di Battista',
 'url': 'https://www.reggiotoday.it/eventi/teatro-cilea-doppio-appuntamento-casagrande-mille-bolle-blu.html',
 'uuid': 'eff15fed52c6e8ec'}
[2026-01-28T22:21:10.658+0000] {docker.py:429} INFO - 2026-01-28 22:21:10 [scrapy.core.engine] DEBUG: Crawled (200) <GET https://www.reggiotoday.it/eventi/teatro-primo-nuova-stagione-2025-26.html> (referer: https://www.reggiotoday.it/eventi/dal/2026-01-28/al/2026-02-01/)
[2026-01-28T22:21:10.776+0000] {docker.py:429} INFO - 2026-01-28 22:21:10 [scrapy.core.scraper] DEBUG: Scraped from <200 https://www.reggiotoday.it/eventi/teatro-primo-nuova-stagione-2025-26.html>
{'category': 'Teatri',
 'city': 'Reggio Calabria',
 'content_hash': '569e5698e26c2d0c',
 'date_end': '2026-04-19',
 'date_start': '2025-10-25',
 'dates': [{'date': '2025-10-25', 'weekday': 'Sabato'},
           {'date': '2025-10-26', 'weekday': 'Domenica'},
           {'date': '2025-10-27', 'weekday': 'Lunedì'},
           {'date': '2025-10-28', 'weekday': 'Martedì'},
           {'date': '2025-10-29', 'weekday': 'Mercoledì'},
           {'date': '2025-10-30', 'weekday': 'Giovedì'},
           {'date': '2025-10-31', 'weekday': 'Venerdì'},
           {'date': '2025-11-01', 'weekday': 'Sabato'},
           {'date': '2025-11-02', 'weekday': 'Domenica'},
           {'date': '2025-11-03', 'weekday': 'Lunedì'},
           {'date': '2025-11-04', 'weekday': 'Martedì'},
           {'date': '2025-11-05', 'weekday': 'Mercoledì'},
           {'date': '2025-11-06', 'weekday': 'Giovedì'},
           {'date': '2025-11-07', 'weekday': 'Venerdì'},
           {'date': '2025-11-08', 'weekday': 'Sabato'},
           {'date': '2025-11-09', 'weekday': 'Domenica'},
           {'date': '2025-11-10', 'weekday': 'Lunedì'},
           {'date': '2025-11-11', 'weekday': 'Martedì'},
           {'date': '2025-11-12', 'weekday': 'Mercoledì'},
           {'date': '2025-11-13', 'weekday': 'Giovedì'},
           {'date': '2025-11-14', 'weekday': 'Venerdì'},
           {'date': '2025-11-15', 'weekday': 'Sabato'},
           {'date': '2025-11-16', 'weekday': 'Domenica'},
           {'date': '2025-11-17', 'weekday': 'Lunedì'},
           {'date': '2025-11-18', 'weekday': 'Martedì'},
           {'date': '2025-11-19', 'weekday': 'Mercoledì'},
           {'date': '2025-11-20', 'weekday': 'Giovedì'},
           {'date': '2025-11-21', 'weekday': 'Venerdì'},
           {'date': '2025-11-22', 'weekday': 'Sabato'},
           {'date': '2025-11-23', 'weekday': 'Domenica'},
           {'date': '2025-11-24', 'weekday': 'Lunedì'},
           {'date': '2025-11-25', 'weekday': 'Martedì'},
           {'date': '2025-11-26', 'weekday': 'Mercoledì'},
           {'date': '2025-11-27', 'weekday': 'Giovedì'},
           {'date': '2025-11-28', 'weekday': 'Venerdì'},
           {'date': '2025-11-29', 'weekday': 'Sabato'},
           {'date': '2025-11-30', 'weekday': 'Domenica'},
           {'date': '2025-12-01', 'weekday': 'Lunedì'},
           {'date': '2025-12-02', 'weekday': 'Martedì'},
           {'date': '2025-12-03', 'weekday': 'Mercoledì'},
           {'date': '2025-12-04', 'weekday': 'Giovedì'},
           {'date': '2025-12-05', 'weekday': 'Venerdì'},
           {'date': '2025-12-06', 'weekday': 'Sabato'},
           {'date': '2025-12-07', 'weekday': 'Domenica'},
           {'date': '2025-12-08', 'weekday': 'Lunedì'},
           {'date': '2025-12-09', 'weekday': 'Martedì'},
           {'date': '2025-12-10', 'weekday': 'Mercoledì'},
           {'date': '2025-12-11', 'weekday': 'Giovedì'},
           {'date': '2025-12-12', 'weekday': 'Venerdì'},
           {'date': '2025-12-13', 'weekday': 'Sabato'},
           {'date': '2025-12-14', 'weekday': 'Domenica'},
           {'date': '2025-12-15', 'weekday': 'Lunedì'},
           {'date': '2025-12-16', 'weekday': 'Martedì'},
           {'date': '2025-12-17', 'weekday': 'Mercoledì'},
           {'date': '2025-12-18', 'weekday': 'Giovedì'},
           {'date': '2025-12-19', 'weekday': 'Venerdì'},
           {'date': '2025-12-20', 'weekday': 'Sabato'},
           {'date': '2025-12-21', 'weekday': 'Domenica'},
           {'date': '2025-12-22', 'weekday': 'Lunedì'},
           {'date': '2025-12-23', 'weekday': 'Martedì'},
           {'date': '2025-12-24', 'weekday': 'Mercoledì'},
           {'date': '2025-12-25', 'weekday': 'Giovedì'},
           {'date': '2025-12-26', 'weekday': 'Venerdì'},
           {'date': '2025-12-27', 'weekday': 'Sabato'},
           {'date': '2025-12-28', 'weekday': 'Domenica'},
           {'date': '2025-12-29', 'weekday': 'Lunedì'},
           {'date': '2025-12-30', 'weekday': 'Martedì'},
           {'date': '2025-12-31', 'weekday': 'Mercoledì'},
           {'date': '2026-01-01', 'weekday': 'Giovedì'},
           {'date': '2026-01-02', 'weekday': 'Venerdì'},
           {'date': '2026-01-03', 'weekday': 'Sabato'},
           {'date': '2026-01-04', 'weekday': 'Domenica'},
           {'date': '2026-01-05', 'weekday': 'Lunedì'},
           {'date': '2026-01-06', 'weekday': 'Martedì'},
           {'date': '2026-01-07', 'weekday': 'Mercoledì'},
           {'date': '2026-01-08', 'weekday': 'Giovedì'},
           {'date': '2026-01-09', 'weekday': 'Venerdì'},
           {'date': '2026-01-10', 'weekday': 'Sabato'},
           {'date': '2026-01-11', 'weekday': 'Domenica'},
           {'date': '2026-01-12', 'weekday': 'Lunedì'},
           {'date': '2026-01-13', 'weekday': 'Martedì'},
           {'date': '2026-01-14', 'weekday': 'Mercoledì'},
           {'date': '2026-01-15', 'weekday': 'Giovedì'},
           {'date': '2026-01-16', 'weekday': 'Venerdì'},
           {'date': '2026-01-17', 'weekday': 'Sabato'},
           {'date': '2026-01-18', 'weekday': 'Domenica'},
           {'date': '2026-01-19', 'weekday': 'Lunedì'},
           {'date': '2026-01-20', 'weekday': 'Martedì'},
           {'date': '2026-01-21', 'weekday': 'Mercoledì'},
           {'date': '2026-01-22', 'weekday': 'Giovedì'},
           {'date': '2026-01-23', 'weekday': 'Venerdì'},
           {'date': '2026-01-24', 'weekday': 'Sabato'},
           {'date': '2026-01-25', 'weekday': 'Domenica'},
           {'date': '2026-01-26', 'weekday': 'Lunedì'},
           {'date': '2026-01-27', 'weekday': 'Martedì'},
           {'date': '2026-01-28', 'weekday': 'Mercoledì'},
           {'date': '2026-01-29', 'weekday': 'Giovedì'},
           {'date': '2026-01-30', 'weekday': 'Venerdì'},
           {'date': '2026-01-31', 'weekday': 'Sabato'},
           {'date': '2026-02-01', 'weekday': 'Domenica'},
           {'date': '2026-02-02', 'weekday': 'Lunedì'},
           {'date': '2026-02-03', 'weekday': 'Martedì'},
           {'date': '2026-02-04', 'weekday': 'Mercoledì'},
           {'date': '2026-02-05', 'weekday': 'Giovedì'},
           {'date': '2026-02-06', 'weekday': 'Venerdì'},
           {'date': '2026-02-07', 'weekday': 'Sabato'},
           {'date': '2026-02-08', 'weekday': 'Domenica'},
           {'date': '2026-02-09', 'weekday': 'Lunedì'},
           {'date': '2026-02-10', 'weekday': 'Martedì'},
           {'date': '2026-02-11', 'weekday': 'Mercoledì'},
           {'date': '2026-02-12', 'weekday': 'Giovedì'},
           {'date': '2026-02-13', 'weekday': 'Venerdì'},
           {'date': '2026-02-14', 'weekday': 'Sabato'},
           {'date': '2026-02-15', 'weekday': 'Domenica'},
           {'date': '2026-02-16', 'weekday': 'Lunedì'},
           {'date': '2026-02-17', 'weekday': 'Martedì'},
           {'date': '2026-02-18', 'weekday': 'Mercoledì'},
           {'date': '2026-02-19', 'weekday': 'Giovedì'},
           {'date': '2026-02-20', 'weekday': 'Venerdì'},
           {'date': '2026-02-21', 'weekday': 'Sabato'},
           {'date': '2026-02-22', 'weekday': 'Domenica'},
           {'date': '2026-02-23', 'weekday': 'Lunedì'},
           {'date': '2026-02-24', 'weekday': 'Martedì'},
           {'date': '2026-02-25', 'weekday': 'Mercoledì'},
           {'date': '2026-02-26', 'weekday': 'Giovedì'},
           {'date': '2026-02-27', 'weekday': 'Venerdì'},
           {'date': '2026-02-28', 'weekday': 'Sabato'},
           {'date': '2026-03-01', 'weekday': 'Domenica'},
           {'date': '2026-03-02', 'weekday': 'Lunedì'},
           {'date': '2026-03-03', 'weekday': 'Martedì'},
           {'date': '2026-03-04', 'weekday': 'Mercoledì'},
           {'date': '2026-03-05', 'weekday': 'Giovedì'},
           {'date': '2026-03-06', 'weekday': 'Venerdì'},
           {'date': '2026-03-07', 'weekday': 'Sabato'},
           {'date': '2026-03-08', 'weekday': 'Domenica'},
           {'date': '2026-03-09', 'weekday': 'Lunedì'},
           {'date': '2026-03-10', 'weekday': 'Martedì'},
           {'date': '2026-03-11', 'weekday': 'Mercoledì'},
           {'date': '2026-03-12', 'weekday': 'Giovedì'},
           {'date': '2026-03-13', 'weekday': 'Venerdì'},
           {'date': '2026-03-14', 'weekday': 'Sabato'},
           {'date': '2026-03-15', 'weekday': 'Domenica'},
           {'date': '2026-03-16', 'weekday': 'Lunedì'},
           {'date': '2026-03-17', 'weekday': 'Martedì'},
           {'date': '2026-03-18', 'weekday': 'Mercoledì'},
           {'date': '2026-03-19', 'weekday': 'Giovedì'},
           {'date': '2026-03-20', 'weekday': 'Venerdì'},
           {'date': '2026-03-21', 'weekday': 'Sabato'},
           {'date': '2026-03-22', 'weekday': 'Domenica'},
           {'date': '2026-03-23', 'weekday': 'Lunedì'},
           {'date': '2026-03-24', 'weekday': 'Martedì'},
           {'date': '2026-03-25', 'weekday': 'Mercoledì'},
           {'date': '2026-03-26', 'weekday': 'Giovedì'},
           {'date': '2026-03-27', 'weekday': 'Venerdì'},
           {'date': '2026-03-28', 'weekday': 'Sabato'},
           {'date': '2026-03-29', 'weekday': 'Domenica'},
           {'date': '2026-03-30', 'weekday': 'Lunedì'},
           {'date': '2026-03-31', 'weekday': 'Martedì'},
           {'date': '2026-04-01', 'weekday': 'Mercoledì'},
           {'date': '2026-04-02', 'weekday': 'Giovedì'},
           {'date': '2026-04-03', 'weekday': 'Venerdì'},
           {'date': '2026-04-04', 'weekday': 'Sabato'},
           {'date': '2026-04-05', 'weekday': 'Domenica'},
           {'date': '2026-04-06', 'weekday': 'Lunedì'},
           {'date': '2026-04-07', 'weekday': 'Martedì'},
           {'date': '2026-04-08', 'weekday': 'Mercoledì'},
           {'date': '2026-04-09', 'weekday': 'Giovedì'},
           {'date': '2026-04-10', 'weekday': 'Venerdì'},
           {'date': '2026-04-11', 'weekday': 'Sabato'},
           {'date': '2026-04-12', 'weekday': 'Domenica'},
           {'date': '2026-04-13', 'weekday': 'Lunedì'},
           {'date': '2026-04-14', 'weekday': 'Martedì'},
           {'date': '2026-04-15', 'weekday': 'Mercoledì'},
           {'date': '2026-04-16', 'weekday': 'Giovedì'},
           {'date': '2026-04-17', 'weekday': 'Venerdì'},
           {'date': '2026-04-18', 'weekday': 'Sabato'},
           {'date': '2026-04-19', 'weekday': 'Domenica'}],
 'description': 'Il Teatro Primo di Villa San Giovanni dà il via alla 12ª '
                'Stagione di Drammaturgia Contemporanea e alla nuova Stagione '
                '“Bambini a Teatro” 2025/2026, rinnovando la propria vocazione '
                'di teatro indipendente e luogo di libertà creativa, '
                'formazione e confronto. Viviamo in un’epoca in cui siamo '
                'costantemente online, iperconnessi, ma sempre più disconnessi '
                'dal punto di vista umano e la nuova stagione del Teatro Primo '
                'nasce da questa riflessione, come invito a ritrovare '
                'attraverso l’Arte la nostra parte più autentica e sensibile. '
                '"Siamo tutti sempre connessi, costantemente online, ed il '
                'rischio è di perdere inesorabilmente la connessione… emotiva. '
                'L’Arte può rompere questa anestesia e permetterci di '
                'riscoprire la profondità delle emozioni e il valore della '
                'diversità. I teatri indipendenti, come il Teatro Primo, sono '
                'presidi di creatività e libertà: luoghi di scambio reale, '
                'dove ogni sguardo si fa curioso, ogni gesto si fa condiviso. '
                'Il teatro è il luogo dove le storie si accendono, e quelle '
                'che racconteremo saranno storie di amore, di perdita, di '
                'speranza e di riscatto. Storie che ci uniranno, collegandoci '
                'per davvero" dichiarano Silvana Luppino e Christian Maria '
                'Parisi, che curano la direzione artistica del Teatro Primo. '
                '25/26 ottobre 2025 – Dora in avanti di Domenico Loddo – con '
                'Silvana Luppino Regia Christian Maria Parisi – Produzione '
                'Teatro Primo Un monologo poetico e struggente sulla memoria, '
                'sull’immobilità e sul coraggio di pronunciare il proprio '
                'dolore per salvarsi. 8/9 novembre 2025 – Tiger Dad Scritto e '
                'diretto da Rosario Palazzolo – con Salvatore Nocera '
                'Produzione A.M.A. Factory e Cattivi Maestri Teatro Una '
                'riflessione corrosiva sull’epoca digitale e sulla deriva del '
                'pensiero, tra ironia, filosofia e follia poetica. 29/30 '
                'novembre 2025 – La vita sessuale di Guglielmo Sputacchiera '
                'Dal romanzo di Alberto Ravasio – Regia Nicola Alberto Orofino '
                'Produzione Babele Teatro Un’irriverente e lucidissima '
                'parabola contemporanea sull’identità, la sessualità e '
                'l’alienazione del nostro tempo. 13/14 dicembre 2025 – '
                'Elisabetta e Limone di Juan Rodolfo Wilcock – Regia Tino '
                'Caspanello Produzione Teatro dei 3 Mestieri Due solitudini '
                'che si incontrano e imparano a riconoscersi: un poema '
                'teatrale sull’incomunicabilità e sul bisogno di sogno. 10/11 '
                'gennaio 2026 – La cattiveria (in principio era il verbo '
                'amare) di Letizia Rita Amoreo – Regia Roberto Galano '
                'Produzione Teatro dei Limoni Un atto poetico e catartico '
                'sull’amore, il lutto e la trasformazione: la cattiveria come '
                'forza vitale e strumento di rinascita. 7/8 febbraio 2026 – '
                'Caro Mimmuzzu mia di e con Simona Epifani – Regia Francesca '
                'Epifani Produzione Teatro Kopó Tra le canzoni di Modugno e il '
                'sogno del cinema, il viaggio di una giovane donna che osa '
                'desiderare una vita diversa. 21/22 febbraio 2026 – Mis Smarco '
                'di e con Valentina Illuminati – Produzione Numeri 11 – '
                'Caleidoscopio Un racconto ironico e sincero sull’identità '
                'femminile, sulla libertà di smarcarsi dai ruoli e scegliere '
                'sé stessi. 14/15 marzo 2026 – Edipus di Giovanni Testori – '
                'Diretto e interpretato da Silvio Barbiero Produzione MAT Mare '
                'Alto Teatro APS Un testo incandescente, un atto d’amore verso '
                'il teatro e la libertà artistica. La parola di Testori torna '
                'viva e necessaria. 18/19 aprile 2026 – Mai fatto Sold Out di '
                'e con Marco Ceccotti Spettacolo di stand-up comedy – '
                'Produzione Marco Ceccotti Un ritratto ironico e autoironico '
                'dell’artista e dei suoi fallimenti: comicità intelligente, '
                'amara e autentica. Formazione – Scuola di Teatro Primo '
                'Ripartono per il 16° anno consecutivo le attività della '
                'Scuola di Teatro Primo, diretta da Silvana Luppino e '
                'Christian Maria Parisi. Tre percorsi per scoprire e vivere il '
                'teatro come arte e crescita personale: • Corso Attori – '
                'Formazione professionale con messa in scena di spettacoli. • '
                'Laboratorio di Recitazione – Per chi desidera un’esperienza '
                'espressiva e creativa. • Laboratorio di Dizione, Voce e '
                'Lettura Espressiva – Per migliorare la comunicazione e l’uso '
                'della voce. Workshop 2025/26: • 5–10 novembre 2025 – '
                '“Comincia per S la rivolta” – condotto da Rosario Palazzolo • '
                'Marzo 2026 – Workshop di recitazione con Silvio Barbiero • '
                'Aprile 2026 – Workshop di scritture comiche con Marco '
                'Ceccotti Per quanto concerne le iscrizioni, le eventuali '
                'lezioni di prova e ulteriori informazioni sull’offerta '
                'didattica del Teatro Primo si consiglia di scrivere, '
                'utilizzando la mail teatroprimo@gmail.com o telefonare al '
                'numero 347.6973297 Stagione "Bambini a Teatro" 2025/2026 Il '
                'Teatro Primo propone anche una rassegna pensata per le '
                'famiglie, per far scoprire ai più piccoli la meraviglia del '
                'teatro attraverso storie, burattini, musica e fantasia. • 16 '
                'novembre 2025 – Storie di Pezza – Regia e burattini di Angelo '
                'Gallo • 7 dicembre 2025 – La Notte di Giufà – Di e con '
                'Mariapia Rizzo • 25 gennaio 2026 – Magico Mister Mu – Di e '
                'con Emilio Ajovalasit • 8 febbraio 2026 – Grimy e Flò – '
                'Streghe, pozioni e una manica di mostri – Di e con Federica '
                'Ribezzo e Simona Epifani • 1 marzo 2026 – Il Varietà della '
                'Libellula – Regia di Angelo Gallo • 29 marzo 2026 – La Favola '
                'della Morale – Di Domenico Loddo, con Silvana Luppino, regia '
                'Christian Maria Parisi.',
 'image_url': '//citynews-reggiotoday.stgy.ovh/~media/horizontal-mid/24523425845556/dora-1-pietro-morello.jpg',
 'location_address': 'Via delle Filande, 29',
 'location_name': 'Teatro Primo',
 'price': 'Prezzo non disponibile',
 'scraped_at': '2026-01-28T22:20:54.672870',
 'time_info': 'Vari orari',
 'title': 'Teatro Primo: tutto sulla nuova stagione di drammaturgia '
          'contemporanea e bambini',
 'url': 'https://www.reggiotoday.it/eventi/teatro-primo-nuova-stagione-2025-26.html',
 'uuid': '6b4293048a8f0bff',
 'website': 'https://www.teatroprimo.it'}
[2026-01-28T22:21:11.853+0000] {docker.py:429} INFO - 2026-01-28 22:21:11 [scrapy.core.engine] DEBUG: Crawled (200) <GET https://www.reggiotoday.it/eventi/distretto-emozioni-laboratori-didattici.html> (referer: https://www.reggiotoday.it/eventi/dal/2026-01-28/al/2026-02-01/)
[2026-01-28T22:21:11.965+0000] {docker.py:429} INFO - 2026-01-28 22:21:11 [scrapy.core.scraper] DEBUG: Scraped from <200 https://www.reggiotoday.it/eventi/distretto-emozioni-laboratori-didattici.html>
{'category': 'Corsi',
 'city': 'Reggio Calabria',
 'content_hash': '8e971d5c38d5a5b2',
 'date_end': '2026-02-17',
 'date_start': '2025-10-23',
 'dates': [{'date': '2025-10-23', 'weekday': 'Giovedì'},
           {'date': '2025-10-24', 'weekday': 'Venerdì'},
           {'date': '2025-10-25', 'weekday': 'Sabato'},
           {'date': '2025-10-26', 'weekday': 'Domenica'},
           {'date': '2025-10-27', 'weekday': 'Lunedì'},
           {'date': '2025-10-28', 'weekday': 'Martedì'},
           {'date': '2025-10-29', 'weekday': 'Mercoledì'},
           {'date': '2025-10-30', 'weekday': 'Giovedì'},
           {'date': '2025-10-31', 'weekday': 'Venerdì'},
           {'date': '2025-11-01', 'weekday': 'Sabato'},
           {'date': '2025-11-02', 'weekday': 'Domenica'},
           {'date': '2025-11-03', 'weekday': 'Lunedì'},
           {'date': '2025-11-04', 'weekday': 'Martedì'},
           {'date': '2025-11-05', 'weekday': 'Mercoledì'},
           {'date': '2025-11-06', 'weekday': 'Giovedì'},
           {'date': '2025-11-07', 'weekday': 'Venerdì'},
           {'date': '2025-11-08', 'weekday': 'Sabato'},
           {'date': '2025-11-09', 'weekday': 'Domenica'},
           {'date': '2025-11-10', 'weekday': 'Lunedì'},
           {'date': '2025-11-11', 'weekday': 'Martedì'},
           {'date': '2025-11-12', 'weekday': 'Mercoledì'},
           {'date': '2025-11-13', 'weekday': 'Giovedì'},
           {'date': '2025-11-14', 'weekday': 'Venerdì'},
           {'date': '2025-11-15', 'weekday': 'Sabato'},
           {'date': '2025-11-16', 'weekday': 'Domenica'},
           {'date': '2025-11-17', 'weekday': 'Lunedì'},
           {'date': '2025-11-18', 'weekday': 'Martedì'},
           {'date': '2025-11-19', 'weekday': 'Mercoledì'},
           {'date': '2025-11-20', 'weekday': 'Giovedì'},
           {'date': '2025-11-21', 'weekday': 'Venerdì'},
           {'date': '2025-11-22', 'weekday': 'Sabato'},
           {'date': '2025-11-23', 'weekday': 'Domenica'},
           {'date': '2025-11-24', 'weekday': 'Lunedì'},
           {'date': '2025-11-25', 'weekday': 'Martedì'},
           {'date': '2025-11-26', 'weekday': 'Mercoledì'},
           {'date': '2025-11-27', 'weekday': 'Giovedì'},
           {'date': '2025-11-28', 'weekday': 'Venerdì'},
           {'date': '2025-11-29', 'weekday': 'Sabato'},
           {'date': '2025-11-30', 'weekday': 'Domenica'},
           {'date': '2025-12-01', 'weekday': 'Lunedì'},
           {'date': '2025-12-02', 'weekday': 'Martedì'},
           {'date': '2025-12-03', 'weekday': 'Mercoledì'},
           {'date': '2025-12-04', 'weekday': 'Giovedì'},
           {'date': '2025-12-05', 'weekday': 'Venerdì'},
           {'date': '2025-12-06', 'weekday': 'Sabato'},
           {'date': '2025-12-07', 'weekday': 'Domenica'},
           {'date': '2025-12-08', 'weekday': 'Lunedì'},
           {'date': '2025-12-09', 'weekday': 'Martedì'},
           {'date': '2025-12-10', 'weekday': 'Mercoledì'},
           {'date': '2025-12-11', 'weekday': 'Giovedì'},
           {'date': '2025-12-12', 'weekday': 'Venerdì'},
           {'date': '2025-12-13', 'weekday': 'Sabato'},
           {'date': '2025-12-14', 'weekday': 'Domenica'},
           {'date': '2025-12-15', 'weekday': 'Lunedì'},
           {'date': '2025-12-16', 'weekday': 'Martedì'},
           {'date': '2025-12-17', 'weekday': 'Mercoledì'},
           {'date': '2025-12-18', 'weekday': 'Giovedì'},
           {'date': '2025-12-19', 'weekday': 'Venerdì'},
           {'date': '2025-12-20', 'weekday': 'Sabato'},
           {'date': '2025-12-21', 'weekday': 'Domenica'},
           {'date': '2025-12-22', 'weekday': 'Lunedì'},
           {'date': '2025-12-23', 'weekday': 'Martedì'},
           {'date': '2025-12-24', 'weekday': 'Mercoledì'},
           {'date': '2025-12-25', 'weekday': 'Giovedì'},
           {'date': '2025-12-26', 'weekday': 'Venerdì'},
           {'date': '2025-12-27', 'weekday': 'Sabato'},
           {'date': '2025-12-28', 'weekday': 'Domenica'},
           {'date': '2025-12-29', 'weekday': 'Lunedì'},
           {'date': '2025-12-30', 'weekday': 'Martedì'},
           {'date': '2025-12-31', 'weekday': 'Mercoledì'},
           {'date': '2026-01-01', 'weekday': 'Giovedì'},
           {'date': '2026-01-02', 'weekday': 'Venerdì'},
           {'date': '2026-01-03', 'weekday': 'Sabato'},
           {'date': '2026-01-04', 'weekday': 'Domenica'},
           {'date': '2026-01-05', 'weekday': 'Lunedì'},
           {'date': '2026-01-06', 'weekday': 'Martedì'},
           {'date': '2026-01-07', 'weekday': 'Mercoledì'},
           {'date': '2026-01-08', 'weekday': 'Giovedì'},
           {'date': '2026-01-09', 'weekday': 'Venerdì'},
           {'date': '2026-01-10', 'weekday': 'Sabato'},
           {'date': '2026-01-11', 'weekday': 'Domenica'},
           {'date': '2026-01-12', 'weekday': 'Lunedì'},
           {'date': '2026-01-13', 'weekday': 'Martedì'},
           {'date': '2026-01-14', 'weekday': 'Mercoledì'},
           {'date': '2026-01-15', 'weekday': 'Giovedì'},
           {'date': '2026-01-16', 'weekday': 'Venerdì'},
           {'date': '2026-01-17', 'weekday': 'Sabato'},
           {'date': '2026-01-18', 'weekday': 'Domenica'},
           {'date': '2026-01-19', 'weekday': 'Lunedì'},
           {'date': '2026-01-20', 'weekday': 'Martedì'},
           {'date': '2026-01-21', 'weekday': 'Mercoledì'},
           {'date': '2026-01-22', 'weekday': 'Giovedì'},
           {'date': '2026-01-23', 'weekday': 'Venerdì'},
           {'date': '2026-01-24', 'weekday': 'Sabato'},
           {'date': '2026-01-25', 'weekday': 'Domenica'},
           {'date': '2026-01-26', 'weekday': 'Lunedì'},
           {'date': '2026-01-27', 'weekday': 'Martedì'},
           {'date': '2026-01-28', 'weekday': 'Mercoledì'},
           {'date': '2026-01-29', 'weekday': 'Giovedì'},
           {'date': '2026-01-30', 'weekday': 'Venerdì'},
           {'date': '2026-01-31', 'weekday': 'Sabato'},
           {'date': '2026-02-01', 'weekday': 'Domenica'},
           {'date': '2026-02-02', 'weekday': 'Lunedì'},
           {'date': '2026-02-03', 'weekday': 'Martedì'},
           {'date': '2026-02-04', 'weekday': 'Mercoledì'},
           {'date': '2026-02-05', 'weekday': 'Giovedì'},
           {'date': '2026-02-06', 'weekday': 'Venerdì'},
           {'date': '2026-02-07', 'weekday': 'Sabato'},
           {'date': '2026-02-08', 'weekday': 'Domenica'},
           {'date': '2026-02-09', 'weekday': 'Lunedì'},
           {'date': '2026-02-10', 'weekday': 'Martedì'},
           {'date': '2026-02-11', 'weekday': 'Mercoledì'},
           {'date': '2026-02-12', 'weekday': 'Giovedì'},
           {'date': '2026-02-13', 'weekday': 'Venerdì'},
           {'date': '2026-02-14', 'weekday': 'Sabato'},
           {'date': '2026-02-15', 'weekday': 'Domenica'},
           {'date': '2026-02-16', 'weekday': 'Lunedì'},
           {'date': '2026-02-17', 'weekday': 'Martedì'}],
 'description': 'Al via Distretto d’Emozioni con i laboratori didattici e '
                'creativi per bambini e ragazzi. "Scopri la città" è il titolo '
                'del ciclo dei laboratori che prenderanno il via mercoledì 23 '
                'ottobre alle ore 16 alla Pinacoteca Civica di Reggio Calabria '
                'e che proseguiranno fino al 17 febbraio 2026, coinvolgendo '
                'anche il Castello Aragonese e il Teatro Comunale Francesco '
                'Cilea. I laboratori sono a cura di Adexo APS, durano circa '
                'due ore e si svolgeranno due volte al mese per un totale di '
                '12 appuntamenti, tra ottobre e febbraio, offrendo a bambini e '
                'ragazzi dai 7 agli 11 anni un percorso esperienziale fatto di '
                'arte, musica, teatro e creatività. Le date di dicembre sono '
                'già sold out, mentre per i prossimi incontri la '
                'partecipazione è gratuita ma su prenotazione (max 20 '
                'partecipanti) all’indirizzo: distrettoculturalerc@gmail.com . '
                'Il programma dei laboratori si intitola “Miti in Scena”, per '
                'un totale di 12 appuntamenti tra arte, musica e teatro che '
                'porterà i più giovani a scoprire la città e le sue radici '
                'attraverso i linguaggi artistici. Canto Voci del Mito e '
                'natura 23 ottobre – 9, 16, 23, 30 gennaio Pinacoteca Civica / '
                'Foyer Teatro Cilea con Apollo e le Muse: giochi vocali, canti '
                'antichi e moderni, armonizzazione e dialoghi cantati. Teatro '
                '“Eroi e Ombre” 6, 13, 20 novembre Pinacoteca Civica. Il Mito '
                'degli eroi prende vita tra le sale della Pinacoteca! '
                'Improvvisazioni, giochi teatrali e narrazioni collettive per '
                'trasformare le ombre in scena. Musica– “Suoni degli Dei” 28 '
                'novembre Castello Aragonese. Ispirato al mito di Orfeo ed '
                'Euridice: esplorazioni sonore, colori della voce e giochi '
                'ritmici tra le mura antiche. Costruzioni sceniche –Officina '
                'degli Dei 3, 10, 17 febbraio Teatro Cilea – Foyer Con Efesto '
                'e Atena: creatività e manualità per realizzare maschere, '
                'scudi e simboli mitici con materiali di riciclo. I laboratori '
                'didattici e creativi di Distretto d’Emozioni sono pensati per '
                'offrire ai più piccoli esperienze formative che uniscano '
                'arte, gioco e apprendimento attivo. "I laboratori non sono '
                'semplici ‘lezioni’ – affermano gli organizzatori – ma '
                'esperienze interattive che combinano creatività e metodologie '
                'tecnologiche innovative, al fine di offrire un’opportunità di '
                'apprendimento e di crescita, stimolare la curiosità e '
                'l’immaginazione dei bambini ed aiutarli a sviluppare il senso '
                'di appartenenza alla comunità". I bambini "non sono semplici '
                'spettatori, ma protagonisti nella scoperta della città '
                'attraverso il gioco e la creatività" aggiungono gli '
                'organizzatori. "Ogni laboratorio è pensato per offrire '
                'esperienze stimolanti e formative ed è accessibile a tutti, '
                'con l’obiettivo di rendere la cultura uno strumento di '
                'crescita, inclusione e appartenenza, anche al fine – '
                'concludono - di contrastare la povertà educativa che '
                'purtroppo ancora affligge molti giovani, garantendo '
                'un\'esperienza culturale ricca e significativa". “Distretto '
                'd’Emozioni”: dove il passato sfida il futuro. “DiStretto '
                'd’Emozioni – Dove il passato sfida il futuro” è il progetto '
                'di GM Multiservizi che valorizza il Distretto Culturale di '
                'Reggio Calabria. Promosso dalla Città di Reggio Calabria – '
                'Settore Sviluppo Economico, Cultura e Turismo, e finanziato '
                'nell’ambito del Programma Nazionale "Metro Plus e Città Medie '
                'Sud 2021-2027" – FESR/FSE Plus – Priorità 7 Rigenerazione '
                'Urbana. Denominato Progetto RC7.5.1.2 “Distretto Culturale e '
                'Turistico della Città di Reggio Calabria” (Codice operazione '
                'RC7.5.1.2.c “Progresso Cultura”), ha l’obiettivo di '
                'rafforzare il legame tra rigenerazione urbana, cultura e '
                'turismo, potenziando l’offerta culturale e turistica dei '
                'principali siti cittadini. Il progetto è stato programmato '
                'dal Settore Cultura e Turismo e realizzato dalla GM '
                'Multiservizi SRLS, in A.T.I. con Emmedue Group SRL '
                '(vincitrice della gara per la gestione delle attività '
                'progettuali), in piena sinergia con una grande rete di '
                'partenariato tra istituzioni, associazioni e operatori '
                'culturali. I laboratori didattici e creativi rappresentano '
                'uno dei quattro ambiti del programma di Distretto d’Emozioni, '
                'insieme agli eventi culturali, alle mostre e alle visite '
                'guidate, tutti gratuiti e su prenotazione. Il 24 ottobre, '
                'dopo il successo della “prima” teatrale al Castello '
                'Aragonese, tornano anche gli eventi culturali con il concerto '
                'del duo Barresi-Faucitano, in programma alle 19:30 nel '
                'suggestivo Ipogeo di Piazza Italia: un nuovo appuntamento con '
                'la musica e le emozioni di una Reggio che si riscopre viva, '
                'accogliente e creativa.',
 'image_url': '//citynews-reggiotoday.stgy.ovh/~media/horizontal-mid/4257513552713/teatro-1-2-2.jpg',
 'location_address': None,
 'location_name': 'Varie location',
 'price': 'Prezzo non disponibile',
 'scraped_at': '2026-01-28T22:20:54.672118',
 'time_info': 'Vari orari',
 'title': 'Distretto d’Emozioni: al via i laboratori didattici',
 'url': 'https://www.reggiotoday.it/eventi/distretto-emozioni-laboratori-didattici.html',
 'uuid': '5e375b03a74f175c'}
[2026-01-28T22:21:13.359+0000] {docker.py:429} INFO - 2026-01-28 22:21:13 [scrapy.core.engine] DEBUG: Crawled (200) <GET https://www.reggiotoday.it/eventi/musical-da-favola-cine-teatro-odeon.html> (referer: https://www.reggiotoday.it/eventi/dal/2026-01-28/al/2026-02-01/)
[2026-01-28T22:21:13.470+0000] {docker.py:429} INFO - 2026-01-28 22:21:13 [scrapy.core.scraper] DEBUG: Scraped from <200 https://www.reggiotoday.it/eventi/musical-da-favola-cine-teatro-odeon.html>
{'category': 'Teatri',
 'city': 'Reggio Calabria',
 'content_hash': 'a33715d62a4346f6',
 'date_end': '2026-04-12',
 'date_start': '2025-11-08',
 'dates': [{'date': '2025-11-08', 'weekday': 'Sabato'},
           {'date': '2025-11-09', 'weekday': 'Domenica'},
           {'date': '2025-11-10', 'weekday': 'Lunedì'},
           {'date': '2025-11-11', 'weekday': 'Martedì'},
           {'date': '2025-11-12', 'weekday': 'Mercoledì'},
           {'date': '2025-11-13', 'weekday': 'Giovedì'},
           {'date': '2025-11-14', 'weekday': 'Venerdì'},
           {'date': '2025-11-15', 'weekday': 'Sabato'},
           {'date': '2025-11-16', 'weekday': 'Domenica'},
           {'date': '2025-11-17', 'weekday': 'Lunedì'},
           {'date': '2025-11-18', 'weekday': 'Martedì'},
           {'date': '2025-11-19', 'weekday': 'Mercoledì'},
           {'date': '2025-11-20', 'weekday': 'Giovedì'},
           {'date': '2025-11-21', 'weekday': 'Venerdì'},
           {'date': '2025-11-22', 'weekday': 'Sabato'},
           {'date': '2025-11-23', 'weekday': 'Domenica'},
           {'date': '2025-11-24', 'weekday': 'Lunedì'},
           {'date': '2025-11-25', 'weekday': 'Martedì'},
           {'date': '2025-11-26', 'weekday': 'Mercoledì'},
           {'date': '2025-11-27', 'weekday': 'Giovedì'},
           {'date': '2025-11-28', 'weekday': 'Venerdì'},
           {'date': '2025-11-29', 'weekday': 'Sabato'},
           {'date': '2025-11-30', 'weekday': 'Domenica'},
           {'date': '2025-12-01', 'weekday': 'Lunedì'},
           {'date': '2025-12-02', 'weekday': 'Martedì'},
           {'date': '2025-12-03', 'weekday': 'Mercoledì'},
           {'date': '2025-12-04', 'weekday': 'Giovedì'},
           {'date': '2025-12-05', 'weekday': 'Venerdì'},
           {'date': '2025-12-06', 'weekday': 'Sabato'},
           {'date': '2025-12-07', 'weekday': 'Domenica'},
           {'date': '2025-12-08', 'weekday': 'Lunedì'},
           {'date': '2025-12-09', 'weekday': 'Martedì'},
           {'date': '2025-12-10', 'weekday': 'Mercoledì'},
           {'date': '2025-12-11', 'weekday': 'Giovedì'},
           {'date': '2025-12-12', 'weekday': 'Venerdì'},
           {'date': '2025-12-13', 'weekday': 'Sabato'},
           {'date': '2025-12-14', 'weekday': 'Domenica'},
           {'date': '2025-12-15', 'weekday': 'Lunedì'},
           {'date': '2025-12-16', 'weekday': 'Martedì'},
           {'date': '2025-12-17', 'weekday': 'Mercoledì'},
           {'date': '2025-12-18', 'weekday': 'Giovedì'},
           {'date': '2025-12-19', 'weekday': 'Venerdì'},
           {'date': '2025-12-20', 'weekday': 'Sabato'},
           {'date': '2025-12-21', 'weekday': 'Domenica'},
           {'date': '2025-12-22', 'weekday': 'Lunedì'},
           {'date': '2025-12-23', 'weekday': 'Martedì'},
           {'date': '2025-12-24', 'weekday': 'Mercoledì'},
           {'date': '2025-12-25', 'weekday': 'Giovedì'},
           {'date': '2025-12-26', 'weekday': 'Venerdì'},
           {'date': '2025-12-27', 'weekday': 'Sabato'},
           {'date': '2025-12-28', 'weekday': 'Domenica'},
           {'date': '2025-12-29', 'weekday': 'Lunedì'},
           {'date': '2025-12-30', 'weekday': 'Martedì'},
           {'date': '2025-12-31', 'weekday': 'Mercoledì'},
           {'date': '2026-01-01', 'weekday': 'Giovedì'},
           {'date': '2026-01-02', 'weekday': 'Venerdì'},
           {'date': '2026-01-03', 'weekday': 'Sabato'},
           {'date': '2026-01-04', 'weekday': 'Domenica'},
           {'date': '2026-01-05', 'weekday': 'Lunedì'},
           {'date': '2026-01-06', 'weekday': 'Martedì'},
           {'date': '2026-01-07', 'weekday': 'Mercoledì'},
           {'date': '2026-01-08', 'weekday': 'Giovedì'},
           {'date': '2026-01-09', 'weekday': 'Venerdì'},
           {'date': '2026-01-10', 'weekday': 'Sabato'},
           {'date': '2026-01-11', 'weekday': 'Domenica'},
           {'date': '2026-01-12', 'weekday': 'Lunedì'},
           {'date': '2026-01-13', 'weekday': 'Martedì'},
           {'date': '2026-01-14', 'weekday': 'Mercoledì'},
           {'date': '2026-01-15', 'weekday': 'Giovedì'},
           {'date': '2026-01-16', 'weekday': 'Venerdì'},
           {'date': '2026-01-17', 'weekday': 'Sabato'},
           {'date': '2026-01-18', 'weekday': 'Domenica'},
           {'date': '2026-01-19', 'weekday': 'Lunedì'},
           {'date': '2026-01-20', 'weekday': 'Martedì'},
           {'date': '2026-01-21', 'weekday': 'Mercoledì'},
           {'date': '2026-01-22', 'weekday': 'Giovedì'},
           {'date': '2026-01-23', 'weekday': 'Venerdì'},
           {'date': '2026-01-24', 'weekday': 'Sabato'},
           {'date': '2026-01-25', 'weekday': 'Domenica'},
           {'date': '2026-01-26', 'weekday': 'Lunedì'},
           {'date': '2026-01-27', 'weekday': 'Martedì'},
           {'date': '2026-01-28', 'weekday': 'Mercoledì'},
           {'date': '2026-01-29', 'weekday': 'Giovedì'},
           {'date': '2026-01-30', 'weekday': 'Venerdì'},
           {'date': '2026-01-31', 'weekday': 'Sabato'},
           {'date': '2026-02-01', 'weekday': 'Domenica'},
           {'date': '2026-02-02', 'weekday': 'Lunedì'},
           {'date': '2026-02-03', 'weekday': 'Martedì'},
           {'date': '2026-02-04', 'weekday': 'Mercoledì'},
           {'date': '2026-02-05', 'weekday': 'Giovedì'},
           {'date': '2026-02-06', 'weekday': 'Venerdì'},
           {'date': '2026-02-07', 'weekday': 'Sabato'},
           {'date': '2026-02-08', 'weekday': 'Domenica'},
           {'date': '2026-02-09', 'weekday': 'Lunedì'},
           {'date': '2026-02-10', 'weekday': 'Martedì'},
           {'date': '2026-02-11', 'weekday': 'Mercoledì'},
           {'date': '2026-02-12', 'weekday': 'Giovedì'},
           {'date': '2026-02-13', 'weekday': 'Venerdì'},
           {'date': '2026-02-14', 'weekday': 'Sabato'},
           {'date': '2026-02-15', 'weekday': 'Domenica'},
           {'date': '2026-02-16', 'weekday': 'Lunedì'},
           {'date': '2026-02-17', 'weekday': 'Martedì'},
           {'date': '2026-02-18', 'weekday': 'Mercoledì'},
           {'date': '2026-02-19', 'weekday': 'Giovedì'},
           {'date': '2026-02-20', 'weekday': 'Venerdì'},
           {'date': '2026-02-21', 'weekday': 'Sabato'},
           {'date': '2026-02-22', 'weekday': 'Domenica'},
           {'date': '2026-02-23', 'weekday': 'Lunedì'},
           {'date': '2026-02-24', 'weekday': 'Martedì'},
           {'date': '2026-02-25', 'weekday': 'Mercoledì'},
           {'date': '2026-02-26', 'weekday': 'Giovedì'},
           {'date': '2026-02-27', 'weekday': 'Venerdì'},
           {'date': '2026-02-28', 'weekday': 'Sabato'},
           {'date': '2026-03-01', 'weekday': 'Domenica'},
           {'date': '2026-03-02', 'weekday': 'Lunedì'},
           {'date': '2026-03-03', 'weekday': 'Martedì'},
           {'date': '2026-03-04', 'weekday': 'Mercoledì'},
           {'date': '2026-03-05', 'weekday': 'Giovedì'},
           {'date': '2026-03-06', 'weekday': 'Venerdì'},
           {'date': '2026-03-07', 'weekday': 'Sabato'},
           {'date': '2026-03-08', 'weekday': 'Domenica'},
           {'date': '2026-03-09', 'weekday': 'Lunedì'},
           {'date': '2026-03-10', 'weekday': 'Martedì'},
           {'date': '2026-03-11', 'weekday': 'Mercoledì'},
           {'date': '2026-03-12', 'weekday': 'Giovedì'},
           {'date': '2026-03-13', 'weekday': 'Venerdì'},
           {'date': '2026-03-14', 'weekday': 'Sabato'},
           {'date': '2026-03-15', 'weekday': 'Domenica'},
           {'date': '2026-03-16', 'weekday': 'Lunedì'},
           {'date': '2026-03-17', 'weekday': 'Martedì'},
           {'date': '2026-03-18', 'weekday': 'Mercoledì'},
           {'date': '2026-03-19', 'weekday': 'Giovedì'},
           {'date': '2026-03-20', 'weekday': 'Venerdì'},
           {'date': '2026-03-21', 'weekday': 'Sabato'},
           {'date': '2026-03-22', 'weekday': 'Domenica'},
           {'date': '2026-03-23', 'weekday': 'Lunedì'},
           {'date': '2026-03-24', 'weekday': 'Martedì'},
           {'date': '2026-03-25', 'weekday': 'Mercoledì'},
           {'date': '2026-03-26', 'weekday': 'Giovedì'},
           {'date': '2026-03-27', 'weekday': 'Venerdì'},
           {'date': '2026-03-28', 'weekday': 'Sabato'},
           {'date': '2026-03-29', 'weekday': 'Domenica'},
           {'date': '2026-03-30', 'weekday': 'Lunedì'},
           {'date': '2026-03-31', 'weekday': 'Martedì'},
           {'date': '2026-04-01', 'weekday': 'Mercoledì'},
           {'date': '2026-04-02', 'weekday': 'Giovedì'},
           {'date': '2026-04-03', 'weekday': 'Venerdì'},
           {'date': '2026-04-04', 'weekday': 'Sabato'},
           {'date': '2026-04-05', 'weekday': 'Domenica'},
           {'date': '2026-04-06', 'weekday': 'Lunedì'},
           {'date': '2026-04-07', 'weekday': 'Martedì'},
           {'date': '2026-04-08', 'weekday': 'Mercoledì'},
           {'date': '2026-04-09', 'weekday': 'Giovedì'},
           {'date': '2026-04-10', 'weekday': 'Venerdì'},
           {'date': '2026-04-11', 'weekday': 'Sabato'},
           {'date': '2026-04-12', 'weekday': 'Domenica'}],
 'description': 'Nuovo viaggio nel regno della fantasia con Musical da favola '
                'al Cine Teatro Odeon. Programma 8 novembre – Il Mago di Oz. '
                'Un’avventura lungo il Sentiero di Mattoni Gialli, dove il '
                'coraggio, l’amicizia e la fantasia conducono verso casa. 14 '
                'dicembre – Lo Schiaccianoci. Magia, sogno e danza in un '
                'classico senza tempo che ci accompagna nel Natale più '
                'incantato. 18 gennaio 2026 – Non Smettere Mai di Sognare Dal '
                'mondo di Peter Pan, un invito a volare oltre i confini '
                'dell’immaginazione. 15 marzo 2026 – La Sirenetta.Un tuffo '
                'negli abissi marini per scoprire che l’amore e il coraggio '
                'possono cambiare ogni destino. 12 aprile 2026 – Prendi '
                'un’Emozione. Un viaggio tra sentimenti e colori dell’anima, '
                'dove ogni emozione diventa protagonista.',
 'image_url': '//citynews-reggiotoday.stgy.ovh/~media/horizontal-mid/36960543989073/il-mago-di-oz-3.jpg',
 'location_address': 'Via Francesco Cananzi',
 'location_name': 'Cine teatro Odeon',
 'price': 'Prezzo non disponibile',
 'scraped_at': '2026-01-28T22:20:54.671400',
 'time_info': 'Orario non disponibile',
 'title': 'Dal Mago di Oz alla Sirenetta: Musical da favola al Cine Teatro '
          'Odeon',
 'url': 'https://www.reggiotoday.it/eventi/musical-da-favola-cine-teatro-odeon.html',
 'uuid': '7329b5e169274a7c'}
[2026-01-28T22:21:14.616+0000] {docker.py:429} INFO - 2026-01-28 22:21:14 [scrapy.core.engine] DEBUG: Crawled (200) <GET https://www.reggiotoday.it/eventi/distretto-d-emozioni-ecco-i-prossimi-appuntamenti-fino-al-30-gennaio-2026.html> (referer: https://www.reggiotoday.it/eventi/dal/2026-01-28/al/2026-02-01/)
[2026-01-28T22:21:14.726+0000] {docker.py:429} INFO - 2026-01-28 22:21:14 [scrapy.core.scraper] DEBUG: Scraped from <200 https://www.reggiotoday.it/eventi/distretto-d-emozioni-ecco-i-prossimi-appuntamenti-fino-al-30-gennaio-2026.html>
{'category': 'Incontri',
 'city': 'Reggio Calabria',
 'content_hash': '0c44da21f9085d01',
 'date_end': '2026-01-30',
 'date_start': '2025-12-05',
 'dates': [{'date': '2025-12-05', 'weekday': 'Venerdì'},
           {'date': '2025-12-06', 'weekday': 'Sabato'},
           {'date': '2025-12-07', 'weekday': 'Domenica'},
           {'date': '2025-12-08', 'weekday': 'Lunedì'},
           {'date': '2025-12-09', 'weekday': 'Martedì'},
           {'date': '2025-12-10', 'weekday': 'Mercoledì'},
           {'date': '2025-12-11', 'weekday': 'Giovedì'},
           {'date': '2025-12-12', 'weekday': 'Venerdì'},
           {'date': '2025-12-13', 'weekday': 'Sabato'},
           {'date': '2025-12-14', 'weekday': 'Domenica'},
           {'date': '2025-12-15', 'weekday': 'Lunedì'},
           {'date': '2025-12-16', 'weekday': 'Martedì'},
           {'date': '2025-12-17', 'weekday': 'Mercoledì'},
           {'date': '2025-12-18', 'weekday': 'Giovedì'},
           {'date': '2025-12-19', 'weekday': 'Venerdì'},
           {'date': '2025-12-20', 'weekday': 'Sabato'},
           {'date': '2025-12-21', 'weekday': 'Domenica'},
           {'date': '2025-12-22', 'weekday': 'Lunedì'},
           {'date': '2025-12-23', 'weekday': 'Martedì'},
           {'date': '2025-12-24', 'weekday': 'Mercoledì'},
           {'date': '2025-12-25', 'weekday': 'Giovedì'},
           {'date': '2025-12-26', 'weekday': 'Venerdì'},
           {'date': '2025-12-27', 'weekday': 'Sabato'},
           {'date': '2025-12-28', 'weekday': 'Domenica'},
           {'date': '2025-12-29', 'weekday': 'Lunedì'},
           {'date': '2025-12-30', 'weekday': 'Martedì'},
           {'date': '2025-12-31', 'weekday': 'Mercoledì'},
           {'date': '2026-01-01', 'weekday': 'Giovedì'},
           {'date': '2026-01-02', 'weekday': 'Venerdì'},
           {'date': '2026-01-03', 'weekday': 'Sabato'},
           {'date': '2026-01-04', 'weekday': 'Domenica'},
           {'date': '2026-01-05', 'weekday': 'Lunedì'},
           {'date': '2026-01-06', 'weekday': 'Martedì'},
           {'date': '2026-01-07', 'weekday': 'Mercoledì'},
           {'date': '2026-01-08', 'weekday': 'Giovedì'},
           {'date': '2026-01-09', 'weekday': 'Venerdì'},
           {'date': '2026-01-10', 'weekday': 'Sabato'},
           {'date': '2026-01-11', 'weekday': 'Domenica'},
           {'date': '2026-01-12', 'weekday': 'Lunedì'},
           {'date': '2026-01-13', 'weekday': 'Martedì'},
           {'date': '2026-01-14', 'weekday': 'Mercoledì'},
           {'date': '2026-01-15', 'weekday': 'Giovedì'},
           {'date': '2026-01-16', 'weekday': 'Venerdì'},
           {'date': '2026-01-17', 'weekday': 'Sabato'},
           {'date': '2026-01-18', 'weekday': 'Domenica'},
           {'date': '2026-01-19', 'weekday': 'Lunedì'},
           {'date': '2026-01-20', 'weekday': 'Martedì'},
           {'date': '2026-01-21', 'weekday': 'Mercoledì'},
           {'date': '2026-01-22', 'weekday': 'Giovedì'},
           {'date': '2026-01-23', 'weekday': 'Venerdì'},
           {'date': '2026-01-24', 'weekday': 'Sabato'},
           {'date': '2026-01-25', 'weekday': 'Domenica'},
           {'date': '2026-01-26', 'weekday': 'Lunedì'},
           {'date': '2026-01-27', 'weekday': 'Martedì'},
           {'date': '2026-01-28', 'weekday': 'Mercoledì'},
           {'date': '2026-01-29', 'weekday': 'Giovedì'},
           {'date': '2026-01-30', 'weekday': 'Venerdì'}],
 'description': 'Dicembre si apre a Reggio Calabria con un calendario ricco di '
                'iniziative, tra musica, arte, scoperte e attività per i più '
                'piccoli. DiStretto d’Emozioni prosegue il suo viaggio '
                'coinvolgendo luoghi simbolo e cittadini di tutte le età, '
                'trasformando la città in un itinerario culturale vivo e '
                'partecipato. Il percorso di DiStretto d’Emozioni è ormai '
                'entrato nel vivo in tutte le sue articolazioni. Il calendario '
                'del progetto, infatti, non conosce pause: dicembre ospita gli '
                'ultimi appuntamenti dell’anno ma, dopo il periodo natalizio, '
                'si riprenderà con nuove performance musicali, teatrali e '
                'coreutiche, pensate per tutte le fasce d’età. Un modo per '
                'continuare a vivere i luoghi simbolo reggini con una '
                'prospettiva rinnovata. La sezione dedicata ai Tesori di '
                'Reggio continua ad appassionare famiglie e piccoli '
                'esploratori. Il 2 dicembre, la caccia al tesoro è stata '
                'realizzata al Teatro Cilea con i bambini della fascia d’età '
                'di quattro anni, registrando il tutto esaurito. Ma gli '
                'appuntamenti curati dalla società cooperativa sociale '
                'Crescere Insieme proseguono anche nei mesi a venire: prossima '
                'Caccia al tesoro al Cilea sarà il 10 gennaio ed è già sold '
                'out. Grande l’interesse anche per gli appuntamenti della '
                'sezione “Laboratori Didattici e Creativi per Bambini e '
                'Ragazzi – Miti in Scena”, a cura di Adexo A.P.S, che hanno '
                'registrato un sold out generale. Gli incontri di dicembre '
                '(6-13 e 20 alla Pinacoteca Civica), centrati sul tema “Eroi e '
                'Ombre”, sono tutti esauriti, mentre a gennaio (9, 16, 23 e '
                '30) torneranno le attività di canto “Voci del Mito e natura”, '
                'ospitate nel foyer del Teatro Francesco Cilea. Un percorso '
                'pensato per avvicinare i più giovani alle arti performative '
                'attraverso narrazioni, suoni e suggestioni mitologiche. In '
                'arrivo anche il secondo appuntamento con le visite guidate '
                'alla scoperta delle bellezze del centro storico, curate dalla '
                'guida turistica Tommaso Misiano. Dopo la prima data del 22 '
                'novembre, infatti, il 7 dicembre nuovo appuntamento con gli '
                'itinerari turistico culturali del DiStretto d’Emozioni che '
                'porteranno i partecipanti a spasso tra i luoghi simbolo della '
                'città. La partenza è come sempre dalla Pinacoteca Civica alle '
                'ore 16:30. Un viaggio turistico e culturale che durerà un’ora '
                'e trenta circa e che si concluderà all’Odeion di via XXIV '
                'Maggio. L’esperienza sarà ripetuta poi il 20 dicembre 2025. '
                'Nell’ambito della sezione “Eventi Culturali Multidisciplinari '
                '– Tesori di Reggio”, DiStretto d’Emozioni propone un '
                'appuntamento di particolare prestigio: il concerto “Cultura è '
                'Legalità” sulle note della Banda Musicale della Polizia di '
                'Stato, diretta da Maurizio Billi, che ha già registrato il '
                'tutto esaurito. L’evento musicale, organizzato dalla Questura '
                'di Reggio Calabria in collaborazione con l’Università '
                'Mediterranea di Reggio Calabria, si terrà il prossimo 11 '
                'dicembre, presso il Teatro “Francesco Cilea” di Reggio '
                'Calabria. Il concerto inizierà alle ore 19.00 e vedrà la '
                'partecipazione delle massime autorità politiche, civili, '
                'militari e religiose. Saranno coinvolte anche testate '
                'giornalistiche locali e nazionali, con l’intento di '
                'valorizzare l’iniziativa che unisce musica, tradizione e '
                'senso civico nel cuore del principale teatro reggino, e '
                'rafforzare il legame tra la comunità, le istituzioni e il '
                'patrimonio culturale della Città. DiStretto d’Emozioni, il '
                'progetto che fa riscoprire l’anima autentica di Reggio '
                'Calabria suscitando emozioni, è l’iniziativa curata da GM '
                'Multiservizi SRLS in A.T.I. con EMMEDUE Group e programmata '
                'dal Settore Cultura e Turismo della Città di Reggio Calabria, '
                'con Responsabile Unico del Procedimento l’architetto Daniela '
                'Neri. Il progetto è finanziato nell’ambito del Programma '
                'Nazionale “METRO PLUS e Città Medie Sud 2021–2027” – FESR/FSE '
                'Plus – Priorità 7 Rigenerazione Urbana, progetto RC7.5.1.2 '
                '“Distretto Culturale e Turistico della Città di Reggio '
                'Calabria” – Codice operazione RC7.5.1.2.C – Progresso '
                'Cultura”. Per non perdere i tantissimi appuntamenti di '
                'DiStretto d’Emozioni basta seguire le info e le date sui '
                'canali social del progetto Facebook e Instagram. Tutti gli '
                'eventi, si ricorda, sono gratuiti (è previsto solo il ticket '
                'd’ingresso standard per i siti culturali) con prenotazione '
                'consigliata all’indirizzo: distrettoculturalerc@gmail.com '
                'DiStretto d’Emozioni continua a stupire, facendo riscoprire '
                'Reggio Calabria attraverso i suoi luoghi, le sue storie sia '
                'ai turisti che agli stessi reggini. Dicembre offrirà ancora '
                'molte occasioni per vivere esperienze coinvolgenti immersi '
                'nella bellezza del patrimonio cittadino. Ma il cammino '
                'continuerà anche nel 2026, passo dopo passo, emozione dopo '
                'emozione.',
 'image_url': '//citynews-reggiotoday.stgy.ovh/~media/horizontal-mid/65763071093572/teatro-3.jpg',
 'location_address': None,
 'location_name': 'Varie location',
 'price': 'Prezzo non disponibile',
 'scraped_at': '2026-01-28T22:20:54.670640',
 'time_info': 'Orario non disponibile',
 'title': 'DiStretto d’Emozioni: ecco i prossimi appuntamenti',
 'url': 'https://www.reggiotoday.it/eventi/distretto-d-emozioni-ecco-i-prossimi-appuntamenti-fino-al-30-gennaio-2026.html',
 'uuid': 'd2cbe35bada0bec0'}
[2026-01-28T22:21:16.796+0000] {docker.py:429} INFO - 2026-01-28 22:21:16 [scrapy.core.engine] DEBUG: Crawled (200) <GET https://www.reggiotoday.it/eventi/oltre-i-confini-al-via-la-rassegna-teatrale-al-cine-teatro-metropolitano.html> (referer: https://www.reggiotoday.it/eventi/dal/2026-01-28/al/2026-02-01/)
[2026-01-28T22:21:16.908+0000] {docker.py:429} INFO - 2026-01-28 22:21:16 [scrapy.core.scraper] DEBUG: Scraped from <200 https://www.reggiotoday.it/eventi/oltre-i-confini-al-via-la-rassegna-teatrale-al-cine-teatro-metropolitano.html>
{'category': 'Teatri',
 'city': 'Reggio Calabria',
 'content_hash': 'e2c976cf06074d5c',
 'date_end': '2026-05-08',
 'date_start': '2025-10-31',
 'dates': [{'date': '2025-10-31', 'weekday': 'Venerdì'},
           {'date': '2025-11-01', 'weekday': 'Sabato'},
           {'date': '2025-11-02', 'weekday': 'Domenica'},
           {'date': '2025-11-03', 'weekday': 'Lunedì'},
           {'date': '2025-11-04', 'weekday': 'Martedì'},
           {'date': '2025-11-05', 'weekday': 'Mercoledì'},
           {'date': '2025-11-06', 'weekday': 'Giovedì'},
           {'date': '2025-11-07', 'weekday': 'Venerdì'},
           {'date': '2025-11-08', 'weekday': 'Sabato'},
           {'date': '2025-11-09', 'weekday': 'Domenica'},
           {'date': '2025-11-10', 'weekday': 'Lunedì'},
           {'date': '2025-11-11', 'weekday': 'Martedì'},
           {'date': '2025-11-12', 'weekday': 'Mercoledì'},
           {'date': '2025-11-13', 'weekday': 'Giovedì'},
           {'date': '2025-11-14', 'weekday': 'Venerdì'},
           {'date': '2025-11-15', 'weekday': 'Sabato'},
           {'date': '2025-11-16', 'weekday': 'Domenica'},
           {'date': '2025-11-17', 'weekday': 'Lunedì'},
           {'date': '2025-11-18', 'weekday': 'Martedì'},
           {'date': '2025-11-19', 'weekday': 'Mercoledì'},
           {'date': '2025-11-20', 'weekday': 'Giovedì'},
           {'date': '2025-11-21', 'weekday': 'Venerdì'},
           {'date': '2025-11-22', 'weekday': 'Sabato'},
           {'date': '2025-11-23', 'weekday': 'Domenica'},
           {'date': '2025-11-24', 'weekday': 'Lunedì'},
           {'date': '2025-11-25', 'weekday': 'Martedì'},
           {'date': '2025-11-26', 'weekday': 'Mercoledì'},
           {'date': '2025-11-27', 'weekday': 'Giovedì'},
           {'date': '2025-11-28', 'weekday': 'Venerdì'},
           {'date': '2025-11-29', 'weekday': 'Sabato'},
           {'date': '2025-11-30', 'weekday': 'Domenica'},
           {'date': '2025-12-01', 'weekday': 'Lunedì'},
           {'date': '2025-12-02', 'weekday': 'Martedì'},
           {'date': '2025-12-03', 'weekday': 'Mercoledì'},
           {'date': '2025-12-04', 'weekday': 'Giovedì'},
           {'date': '2025-12-05', 'weekday': 'Venerdì'},
           {'date': '2025-12-06', 'weekday': 'Sabato'},
           {'date': '2025-12-07', 'weekday': 'Domenica'},
           {'date': '2025-12-08', 'weekday': 'Lunedì'},
           {'date': '2025-12-09', 'weekday': 'Martedì'},
           {'date': '2025-12-10', 'weekday': 'Mercoledì'},
           {'date': '2025-12-11', 'weekday': 'Giovedì'},
           {'date': '2025-12-12', 'weekday': 'Venerdì'},
           {'date': '2025-12-13', 'weekday': 'Sabato'},
           {'date': '2025-12-14', 'weekday': 'Domenica'},
           {'date': '2025-12-15', 'weekday': 'Lunedì'},
           {'date': '2025-12-16', 'weekday': 'Martedì'},
           {'date': '2025-12-17', 'weekday': 'Mercoledì'},
           {'date': '2025-12-18', 'weekday': 'Giovedì'},
           {'date': '2025-12-19', 'weekday': 'Venerdì'},
           {'date': '2025-12-20', 'weekday': 'Sabato'},
           {'date': '2025-12-21', 'weekday': 'Domenica'},
           {'date': '2025-12-22', 'weekday': 'Lunedì'},
           {'date': '2025-12-23', 'weekday': 'Martedì'},
           {'date': '2025-12-24', 'weekday': 'Mercoledì'},
           {'date': '2025-12-25', 'weekday': 'Giovedì'},
           {'date': '2025-12-26', 'weekday': 'Venerdì'},
           {'date': '2025-12-27', 'weekday': 'Sabato'},
           {'date': '2025-12-28', 'weekday': 'Domenica'},
           {'date': '2025-12-29', 'weekday': 'Lunedì'},
           {'date': '2025-12-30', 'weekday': 'Martedì'},
           {'date': '2025-12-31', 'weekday': 'Mercoledì'},
           {'date': '2026-01-01', 'weekday': 'Giovedì'},
           {'date': '2026-01-02', 'weekday': 'Venerdì'},
           {'date': '2026-01-03', 'weekday': 'Sabato'},
           {'date': '2026-01-04', 'weekday': 'Domenica'},
           {'date': '2026-01-05', 'weekday': 'Lunedì'},
           {'date': '2026-01-06', 'weekday': 'Martedì'},
           {'date': '2026-01-07', 'weekday': 'Mercoledì'},
           {'date': '2026-01-08', 'weekday': 'Giovedì'},
           {'date': '2026-01-09', 'weekday': 'Venerdì'},
           {'date': '2026-01-10', 'weekday': 'Sabato'},
           {'date': '2026-01-11', 'weekday': 'Domenica'},
           {'date': '2026-01-12', 'weekday': 'Lunedì'},
           {'date': '2026-01-13', 'weekday': 'Martedì'},
           {'date': '2026-01-14', 'weekday': 'Mercoledì'},
           {'date': '2026-01-15', 'weekday': 'Giovedì'},
           {'date': '2026-01-16', 'weekday': 'Venerdì'},
           {'date': '2026-01-17', 'weekday': 'Sabato'},
           {'date': '2026-01-18', 'weekday': 'Domenica'},
           {'date': '2026-01-19', 'weekday': 'Lunedì'},
           {'date': '2026-01-20', 'weekday': 'Martedì'},
           {'date': '2026-01-21', 'weekday': 'Mercoledì'},
           {'date': '2026-01-22', 'weekday': 'Giovedì'},
           {'date': '2026-01-23', 'weekday': 'Venerdì'},
           {'date': '2026-01-24', 'weekday': 'Sabato'},
           {'date': '2026-01-25', 'weekday': 'Domenica'},
           {'date': '2026-01-26', 'weekday': 'Lunedì'},
           {'date': '2026-01-27', 'weekday': 'Martedì'},
           {'date': '2026-01-28', 'weekday': 'Mercoledì'},
           {'date': '2026-01-29', 'weekday': 'Giovedì'},
           {'date': '2026-01-30', 'weekday': 'Venerdì'},
           {'date': '2026-01-31', 'weekday': 'Sabato'},
           {'date': '2026-02-01', 'weekday': 'Domenica'},
           {'date': '2026-02-02', 'weekday': 'Lunedì'},
           {'date': '2026-02-03', 'weekday': 'Martedì'},
           {'date': '2026-02-04', 'weekday': 'Mercoledì'},
           {'date': '2026-02-05', 'weekday': 'Giovedì'},
           {'date': '2026-02-06', 'weekday': 'Venerdì'},
           {'date': '2026-02-07', 'weekday': 'Sabato'},
           {'date': '2026-02-08', 'weekday': 'Domenica'},
           {'date': '2026-02-09', 'weekday': 'Lunedì'},
           {'date': '2026-02-10', 'weekday': 'Martedì'},
           {'date': '2026-02-11', 'weekday': 'Mercoledì'},
           {'date': '2026-02-12', 'weekday': 'Giovedì'},
           {'date': '2026-02-13', 'weekday': 'Venerdì'},
           {'date': '2026-02-14', 'weekday': 'Sabato'},
           {'date': '2026-02-15', 'weekday': 'Domenica'},
           {'date': '2026-02-16', 'weekday': 'Lunedì'},
           {'date': '2026-02-17', 'weekday': 'Martedì'},
           {'date': '2026-02-18', 'weekday': 'Mercoledì'},
           {'date': '2026-02-19', 'weekday': 'Giovedì'},
           {'date': '2026-02-20', 'weekday': 'Venerdì'},
           {'date': '2026-02-21', 'weekday': 'Sabato'},
           {'date': '2026-02-22', 'weekday': 'Domenica'},
           {'date': '2026-02-23', 'weekday': 'Lunedì'},
           {'date': '2026-02-24', 'weekday': 'Martedì'},
           {'date': '2026-02-25', 'weekday': 'Mercoledì'},
           {'date': '2026-02-26', 'weekday': 'Giovedì'},
           {'date': '2026-02-27', 'weekday': 'Venerdì'},
           {'date': '2026-02-28', 'weekday': 'Sabato'},
           {'date': '2026-03-01', 'weekday': 'Domenica'},
           {'date': '2026-03-02', 'weekday': 'Lunedì'},
           {'date': '2026-03-03', 'weekday': 'Martedì'},
           {'date': '2026-03-04', 'weekday': 'Mercoledì'},
           {'date': '2026-03-05', 'weekday': 'Giovedì'},
           {'date': '2026-03-06', 'weekday': 'Venerdì'},
           {'date': '2026-03-07', 'weekday': 'Sabato'},
           {'date': '2026-03-08', 'weekday': 'Domenica'},
           {'date': '2026-03-09', 'weekday': 'Lunedì'},
           {'date': '2026-03-10', 'weekday': 'Martedì'},
           {'date': '2026-03-11', 'weekday': 'Mercoledì'},
           {'date': '2026-03-12', 'weekday': 'Giovedì'},
           {'date': '2026-03-13', 'weekday': 'Venerdì'},
           {'date': '2026-03-14', 'weekday': 'Sabato'},
           {'date': '2026-03-15', 'weekday': 'Domenica'},
           {'date': '2026-03-16', 'weekday': 'Lunedì'},
           {'date': '2026-03-17', 'weekday': 'Martedì'},
           {'date': '2026-03-18', 'weekday': 'Mercoledì'},
           {'date': '2026-03-19', 'weekday': 'Giovedì'},
           {'date': '2026-03-20', 'weekday': 'Venerdì'},
           {'date': '2026-03-21', 'weekday': 'Sabato'},
           {'date': '2026-03-22', 'weekday': 'Domenica'},
           {'date': '2026-03-23', 'weekday': 'Lunedì'},
           {'date': '2026-03-24', 'weekday': 'Martedì'},
           {'date': '2026-03-25', 'weekday': 'Mercoledì'},
           {'date': '2026-03-26', 'weekday': 'Giovedì'},
           {'date': '2026-03-27', 'weekday': 'Venerdì'},
           {'date': '2026-03-28', 'weekday': 'Sabato'},
           {'date': '2026-03-29', 'weekday': 'Domenica'},
           {'date': '2026-03-30', 'weekday': 'Lunedì'},
           {'date': '2026-03-31', 'weekday': 'Martedì'},
           {'date': '2026-04-01', 'weekday': 'Mercoledì'},
           {'date': '2026-04-02', 'weekday': 'Giovedì'},
           {'date': '2026-04-03', 'weekday': 'Venerdì'},
           {'date': '2026-04-04', 'weekday': 'Sabato'},
           {'date': '2026-04-05', 'weekday': 'Domenica'},
           {'date': '2026-04-06', 'weekday': 'Lunedì'},
           {'date': '2026-04-07', 'weekday': 'Martedì'},
           {'date': '2026-04-08', 'weekday': 'Mercoledì'},
           {'date': '2026-04-09', 'weekday': 'Giovedì'},
           {'date': '2026-04-10', 'weekday': 'Venerdì'},
           {'date': '2026-04-11', 'weekday': 'Sabato'},
           {'date': '2026-04-12', 'weekday': 'Domenica'},
           {'date': '2026-04-13', 'weekday': 'Lunedì'},
           {'date': '2026-04-14', 'weekday': 'Martedì'},
           {'date': '2026-04-15', 'weekday': 'Mercoledì'},
           {'date': '2026-04-16', 'weekday': 'Giovedì'},
           {'date': '2026-04-17', 'weekday': 'Venerdì'},
           {'date': '2026-04-18', 'weekday': 'Sabato'},
           {'date': '2026-04-19', 'weekday': 'Domenica'},
           {'date': '2026-04-20', 'weekday': 'Lunedì'},
           {'date': '2026-04-21', 'weekday': 'Martedì'},
           {'date': '2026-04-22', 'weekday': 'Mercoledì'},
           {'date': '2026-04-23', 'weekday': 'Giovedì'},
           {'date': '2026-04-24', 'weekday': 'Venerdì'},
           {'date': '2026-04-25', 'weekday': 'Sabato'},
           {'date': '2026-04-26', 'weekday': 'Domenica'},
           {'date': '2026-04-27', 'weekday': 'Lunedì'},
           {'date': '2026-04-28', 'weekday': 'Martedì'},
           {'date': '2026-04-29', 'weekday': 'Mercoledì'},
           {'date': '2026-04-30', 'weekday': 'Giovedì'},
           {'date': '2026-05-01', 'weekday': 'Venerdì'},
           {'date': '2026-05-02', 'weekday': 'Sabato'},
           {'date': '2026-05-03', 'weekday': 'Domenica'},
           {'date': '2026-05-04', 'weekday': 'Lunedì'},
           {'date': '2026-05-05', 'weekday': 'Martedì'},
           {'date': '2026-05-06', 'weekday': 'Mercoledì'},
           {'date': '2026-05-07', 'weekday': 'Giovedì'},
           {'date': '2026-05-08', 'weekday': 'Venerdì'}],
 'description': 'Promossa dalla Fondazione Girolamo Tripodi comincerà venerdì '
                '31 ottobre al Cine Teatro Metropolitano la seconda rassegna '
                'teatrale "Oltre i Confini: Voci di Resistenza e Speranza, '
                'Storie di Lotta e Solidarietà", ovvero, momenti di teatro su '
                'temi quali giustizia, violenza sulle donne, Sud, Reggio, '
                'Ponte sullo stretto, precarietà, lavoro nero; strage dei '
                'cinque anarchici reggini del 1970; Antonio Gramsci mai visto '
                'e una storia palestinese. Se i colori possono rappresentare '
                'un codice di archiviazione della nostra memoria, allora può '
                'esistere un richiamo cromatico che serva a richiamare i '
                'ricordi quando essi iniziano a disperdersi. "Non c\'è blu '
                'senza giallo senza arancione" diceva Van Gogh, e potrebbe '
                'anche significare che non c’è felicità senza tristezza. Ma in '
                'quella particolare luce cangiante che investe lo Stretto di '
                'Messina, basta osservare il colore “cielo che passa”, per '
                'riconoscere tra i due estremi che non si possono più toccare, '
                'il senso di una vita. Capita in questo tempo di vederne '
                'davvero di tutti i colori, ombre sempre più minacciose si '
                'addensano purtroppo sul futuro delle nuove generazioni, che '
                'viene da chiedersi quale sia il rimedio, come orizzontarsi '
                'nella nebulosa, e se la memoria degli uomini, quella che non '
                'aduna fantasmi, ma che può consigliare nuove prospettive, sia '
                'ancora oggi necessaria. Forse approfittando di questo dubbio, '
                'le problematiche neurodegenerative, predoni dei ricordi, '
                'dilagano nelle case e nelle città, tali da indurre alcune '
                'città a pubblicare sui loro siti numeri verdi da chiamare in '
                'caso di incontri con persone affette da disturbi cognitivi. '
                'Insomma, sempre con maggiore frequenza, si esce dalle case '
                'senza saperle ritrovare, uomini, donne che, come i personaggi '
                'del finale di Fahrenheit 451, camminano per le strade con un '
                'bagaglio di storie da trasmettere, prima che esse scompaiano. '
                'Saro, in vita sua ne ha viste davvero tante, sia in tempo di '
                'pace che di guerra. Sa che non potrà mai collegare il suo '
                'passato a questo presente dai valori rovesciati, dove '
                'smarrita è la misura del limite e del degrado. Si chiede il '
                'perché, Saro, pretende rispetto della sua condizione, della '
                'sua insufficienza, sa che al prossimo lampo, colto dai suoi '
                'sensi, aprirà il libro delle meraviglie: la vita che ha '
                'vissuto. Horcynus Orca di Stefano D’Arrigo, le suggestioni di '
                'Il Giappone a Colori di Laura Imai Messina, le parole e gli '
                'scritti di Osvaldo Pieroni, hanno gettato le basi del ponte '
                'sospeso su cui è salito Saro, una passarella che appare e '
                'scompare, unico ponte da cui guardare lo Stretto di Messina, '
                'lo Scilla e Cariddi, in quanto patrimonio dell’umanità '
                'presente e futuro di pesci, uccelli, esseri umani, mostri '
                'marini. La rassegna si concluderà con lo spettacolo "Storie '
                'sconcertanti" di Dario Vergassola sul tema della crisi '
                'Ecologica e sul rapporto tra uomo e Natura. Si tratta di una '
                'nuova sfida per la Fondazione Girolamo Tripodi che dimostra '
                'la sua capacità di allargare la sua proposta culturale nella '
                'città di Reggio Calabria oltreché a Polistena. In tal senso, '
                'in aggiunta alla rassegna Culturale "Senza Memoria non c’è '
                'Futuro" che la Fondazione promuove da tre anni a Polistena, a '
                'Reggio Calabria con questa seconda edizione della rassegna '
                'teatrale prosegue l’attività della Fondazione Girolamo '
                'Tripodi. Programma Venerdì 31 ottobre ore 18,30 – Cine Teatro '
                'Metropolitano "Di tutti i colori" di e con Dario Natale '
                'Paesaggi sonori Alessandro Rizzo, Consulenza e Supporto '
                'Domenico B. D’agostino e Subhaga Gaetano Failla - Produzione '
                'Scenari Visibili Venerdì 28 novembre ore 18,30 Cine Teatro '
                'Metropolitano “Voci dal silenzio” monologhi inediti '
                'interpretati da studentesse e studenti. Reading di Cinzia '
                'Messina e Daniela Scuncia. Testimonianza di Maria Antonietta '
                'Rositani. Venerdì 19 dicembre ore 18,30 – Cine Teatro '
                'Metropolitano “Non la fine”spettacolo di e con Kento. Giovedì '
                '22 gennaio ore 18,30 – Cine Teatro Metropolitano “Un Gramsci '
                'mai visto". Ideato e interpretato da Angelo d\'Orsi, già '
                "professore di Storia del Pensiero politico all'Università di "
                'Torino Giovedì 26 febbraio ore 18,30 – Cine Teatro '
                'Metropolitano “4 X 25” scritto, diretto e interpretato da '
                'Lorenzo Praticò, prodotto da Teatro Rossosimona in '
                'collaborazione con Manachuma Teatro. Sabato 21 marzo ore '
                '18,30 – Cine Teatro Metropolitano "Una storia palestinese" . '
                'Per chi non può raccontare di e con Nino Racco, cantastorie, '
                'Venerdì 17 aprile ore 18,30 – Cine Teatro Metropolitano '
                '"Pezzi facili meno una".Drammaturgia di Giovanbattista '
                'Picerno e Francesco Aiello, regia di Francesco Aiello, '
                'interpretazione di Francesco Gallelli e musiche originali di '
                'Remo de Vico.Un progetto di Kollettivo Kontrora. Venerdì 8 '
                'maggio ore 18,30 – Auditorium Santa Caterina (ex Cinema '
                'Aurora) "Storie sconcertanti" di e con Dario Vergassola.',
 'image_url': '//citynews-reggiotoday.stgy.ovh/~media/horizontal-mid/54113931786757/cine-teatro-metropolitano-3.jpg',
 'location_address': 'Via Nino Bixio, 44',
 'location_name': 'Cineteatro Metropolitano',
 'price': 'Prezzo non disponibile',
 'scraped_at': '2026-01-28T22:20:54.670180',
 'time_info': 'Ore 18,30',
 'title': '"Oltre i Confini": al via la rassegna teatrale al Cine Teatro '
          'Metropolitano',
 'url': 'https://www.reggiotoday.it/eventi/oltre-i-confini-al-via-la-rassegna-teatrale-al-cine-teatro-metropolitano.html',
 'uuid': '0bf2e011e23b0c0b'}
[2026-01-28T22:21:17.335+0000] {docker.py:429} INFO - 2026-01-28 22:21:17 [scrapy.core.engine] DEBUG: Crawled (200) <GET https://www.reggiotoday.it/eventi/gianni-versace-mostra-museo-archeologico-nazionale.html> (referer: https://www.reggiotoday.it/eventi/dal/2026-01-28/al/2026-02-01/)
[2026-01-28T22:21:17.474+0000] {docker.py:429} INFO - 2026-01-28 22:21:17 [scrapy.core.scraper] DEBUG: Scraped from <200 https://www.reggiotoday.it/eventi/gianni-versace-mostra-museo-archeologico-nazionale.html>
{'category': 'Mostre',
 'city': 'Reggio Calabria',
 'content_hash': '9f6c89d3185ae342',
 'date_end': '2026-04-19',
 'date_start': '2025-12-19',
 'dates': [{'date': '2025-12-19', 'weekday': 'Venerdì'},
           {'date': '2025-12-20', 'weekday': 'Sabato'},
           {'date': '2025-12-21', 'weekday': 'Domenica'},
           {'date': '2025-12-22', 'weekday': 'Lunedì'},
           {'date': '2025-12-23', 'weekday': 'Martedì'},
           {'date': '2025-12-24', 'weekday': 'Mercoledì'},
           {'date': '2025-12-25', 'weekday': 'Giovedì'},
           {'date': '2025-12-26', 'weekday': 'Venerdì'},
           {'date': '2025-12-27', 'weekday': 'Sabato'},
           {'date': '2025-12-28', 'weekday': 'Domenica'},
           {'date': '2025-12-29', 'weekday': 'Lunedì'},
           {'date': '2025-12-30', 'weekday': 'Martedì'},
           {'date': '2025-12-31', 'weekday': 'Mercoledì'},
           {'date': '2026-01-01', 'weekday': 'Giovedì'},
           {'date': '2026-01-02', 'weekday': 'Venerdì'},
           {'date': '2026-01-03', 'weekday': 'Sabato'},
           {'date': '2026-01-04', 'weekday': 'Domenica'},
           {'date': '2026-01-05', 'weekday': 'Lunedì'},
           {'date': '2026-01-06', 'weekday': 'Martedì'},
           {'date': '2026-01-07', 'weekday': 'Mercoledì'},
           {'date': '2026-01-08', 'weekday': 'Giovedì'},
           {'date': '2026-01-09', 'weekday': 'Venerdì'},
           {'date': '2026-01-10', 'weekday': 'Sabato'},
           {'date': '2026-01-11', 'weekday': 'Domenica'},
           {'date': '2026-01-12', 'weekday': 'Lunedì'},
           {'date': '2026-01-13', 'weekday': 'Martedì'},
           {'date': '2026-01-14', 'weekday': 'Mercoledì'},
           {'date': '2026-01-15', 'weekday': 'Giovedì'},
           {'date': '2026-01-16', 'weekday': 'Venerdì'},
           {'date': '2026-01-17', 'weekday': 'Sabato'},
           {'date': '2026-01-18', 'weekday': 'Domenica'},
           {'date': '2026-01-19', 'weekday': 'Lunedì'},
           {'date': '2026-01-20', 'weekday': 'Martedì'},
           {'date': '2026-01-21', 'weekday': 'Mercoledì'},
           {'date': '2026-01-22', 'weekday': 'Giovedì'},
           {'date': '2026-01-23', 'weekday': 'Venerdì'},
           {'date': '2026-01-24', 'weekday': 'Sabato'},
           {'date': '2026-01-25', 'weekday': 'Domenica'},
           {'date': '2026-01-26', 'weekday': 'Lunedì'},
           {'date': '2026-01-27', 'weekday': 'Martedì'},
           {'date': '2026-01-28', 'weekday': 'Mercoledì'},
           {'date': '2026-01-29', 'weekday': 'Giovedì'},
           {'date': '2026-01-30', 'weekday': 'Venerdì'},
           {'date': '2026-01-31', 'weekday': 'Sabato'},
           {'date': '2026-02-01', 'weekday': 'Domenica'},
           {'date': '2026-02-02', 'weekday': 'Lunedì'},
           {'date': '2026-02-03', 'weekday': 'Martedì'},
           {'date': '2026-02-04', 'weekday': 'Mercoledì'},
           {'date': '2026-02-05', 'weekday': 'Giovedì'},
           {'date': '2026-02-06', 'weekday': 'Venerdì'},
           {'date': '2026-02-07', 'weekday': 'Sabato'},
           {'date': '2026-02-08', 'weekday': 'Domenica'},
           {'date': '2026-02-09', 'weekday': 'Lunedì'},
           {'date': '2026-02-10', 'weekday': 'Martedì'},
           {'date': '2026-02-11', 'weekday': 'Mercoledì'},
           {'date': '2026-02-12', 'weekday': 'Giovedì'},
           {'date': '2026-02-13', 'weekday': 'Venerdì'},
           {'date': '2026-02-14', 'weekday': 'Sabato'},
           {'date': '2026-02-15', 'weekday': 'Domenica'},
           {'date': '2026-02-16', 'weekday': 'Lunedì'},
           {'date': '2026-02-17', 'weekday': 'Martedì'},
           {'date': '2026-02-18', 'weekday': 'Mercoledì'},
           {'date': '2026-02-19', 'weekday': 'Giovedì'},
           {'date': '2026-02-20', 'weekday': 'Venerdì'},
           {'date': '2026-02-21', 'weekday': 'Sabato'},
           {'date': '2026-02-22', 'weekday': 'Domenica'},
           {'date': '2026-02-23', 'weekday': 'Lunedì'},
           {'date': '2026-02-24', 'weekday': 'Martedì'},
           {'date': '2026-02-25', 'weekday': 'Mercoledì'},
           {'date': '2026-02-26', 'weekday': 'Giovedì'},
           {'date': '2026-02-27', 'weekday': 'Venerdì'},
           {'date': '2026-02-28', 'weekday': 'Sabato'},
           {'date': '2026-03-01', 'weekday': 'Domenica'},
           {'date': '2026-03-02', 'weekday': 'Lunedì'},
           {'date': '2026-03-03', 'weekday': 'Martedì'},
           {'date': '2026-03-04', 'weekday': 'Mercoledì'},
           {'date': '2026-03-05', 'weekday': 'Giovedì'},
           {'date': '2026-03-06', 'weekday': 'Venerdì'},
           {'date': '2026-03-07', 'weekday': 'Sabato'},
           {'date': '2026-03-08', 'weekday': 'Domenica'},
           {'date': '2026-03-09', 'weekday': 'Lunedì'},
           {'date': '2026-03-10', 'weekday': 'Martedì'},
           {'date': '2026-03-11', 'weekday': 'Mercoledì'},
           {'date': '2026-03-12', 'weekday': 'Giovedì'},
           {'date': '2026-03-13', 'weekday': 'Venerdì'},
           {'date': '2026-03-14', 'weekday': 'Sabato'},
           {'date': '2026-03-15', 'weekday': 'Domenica'},
           {'date': '2026-03-16', 'weekday': 'Lunedì'},
           {'date': '2026-03-17', 'weekday': 'Martedì'},
           {'date': '2026-03-18', 'weekday': 'Mercoledì'},
           {'date': '2026-03-19', 'weekday': 'Giovedì'},
           {'date': '2026-03-20', 'weekday': 'Venerdì'},
           {'date': '2026-03-21', 'weekday': 'Sabato'},
           {'date': '2026-03-22', 'weekday': 'Domenica'},
           {'date': '2026-03-23', 'weekday': 'Lunedì'},
           {'date': '2026-03-24', 'weekday': 'Martedì'},
           {'date': '2026-03-25', 'weekday': 'Mercoledì'},
           {'date': '2026-03-26', 'weekday': 'Giovedì'},
           {'date': '2026-03-27', 'weekday': 'Venerdì'},
           {'date': '2026-03-28', 'weekday': 'Sabato'},
           {'date': '2026-03-29', 'weekday': 'Domenica'},
           {'date': '2026-03-30', 'weekday': 'Lunedì'},
           {'date': '2026-03-31', 'weekday': 'Martedì'},
           {'date': '2026-04-01', 'weekday': 'Mercoledì'},
           {'date': '2026-04-02', 'weekday': 'Giovedì'},
           {'date': '2026-04-03', 'weekday': 'Venerdì'},
           {'date': '2026-04-04', 'weekday': 'Sabato'},
           {'date': '2026-04-05', 'weekday': 'Domenica'},
           {'date': '2026-04-06', 'weekday': 'Lunedì'},
           {'date': '2026-04-07', 'weekday': 'Martedì'},
           {'date': '2026-04-08', 'weekday': 'Mercoledì'},
           {'date': '2026-04-09', 'weekday': 'Giovedì'},
           {'date': '2026-04-10', 'weekday': 'Venerdì'},
           {'date': '2026-04-11', 'weekday': 'Sabato'},
           {'date': '2026-04-12', 'weekday': 'Domenica'},
           {'date': '2026-04-13', 'weekday': 'Lunedì'},
           {'date': '2026-04-14', 'weekday': 'Martedì'},
           {'date': '2026-04-15', 'weekday': 'Mercoledì'},
           {'date': '2026-04-16', 'weekday': 'Giovedì'},
           {'date': '2026-04-17', 'weekday': 'Venerdì'},
           {'date': '2026-04-18', 'weekday': 'Sabato'},
           {'date': '2026-04-19', 'weekday': 'Domenica'}],
 'description': '“Gianni Versace. Terra Mater. Magna Graecia Roots Tribute”. '
                'La mostra – aperta al pubblico dal 19 dicembre 2025 al 19 '
                'aprile 2026 al Museo archeologico nazionale – celebra il '
                'trentennale della scomparsa di Gianni Versace e propone un '
                'percorso che mette in dialogo moda, arte e archeologia '
                'attraverso oltre 400 pezzi provenienti da prestigiose '
                'collezioni private. Tra i pezzi in mostra, capi iconici e '
                'accessori della Home Collection, bozzetti e materiali '
                'd’archivio raccontano il processo creativo dello stilista, in '
                'dialogo con i Bronzi di Riace, mosaici e reperti della Magna '
                'Grecia.',
 'image_url': '//citynews-reggiotoday.stgy.ovh/~media/horizontal-mid/32397179145377/versace-gianni-lapresse.jpg',
 'location_address': 'Piazza Giuseppe De Nava',
 'location_name': 'Museo Archeologico nazionale',
 'price': 'Prezzo non disponibile',
 'scraped_at': '2026-01-28T22:20:54.669532',
 'time_info': 'Orario non disponibile',
 'title': 'Gianni Versace Terra Mater: mostra al Museo archeologico nazionale',
 'url': 'https://www.reggiotoday.it/eventi/gianni-versace-mostra-museo-archeologico-nazionale.html',
 'uuid': '183b230b1c99ec2f'}
[2026-01-28T22:21:19.010+0000] {docker.py:429} INFO - 2026-01-28 22:21:19 [scrapy.core.engine] DEBUG: Crawled (200) <GET https://www.reggiotoday.it/eventi/cineteatro-odeon-si-alza-il-sipario-sulla-nuova-stagione-dal-18-ottobre-al-17-aprile-2025.html> (referer: https://www.reggiotoday.it/eventi/dal/2026-01-28/al/2026-02-01/)
[2026-01-28T22:21:19.129+0000] {docker.py:429} INFO - 2026-01-28 22:21:19 [scrapy.core.scraper] DEBUG: Scraped from <200 https://www.reggiotoday.it/eventi/cineteatro-odeon-si-alza-il-sipario-sulla-nuova-stagione-dal-18-ottobre-al-17-aprile-2025.html>
{'category': 'Teatri',
 'city': 'Reggio Calabria',
 'content_hash': 'ffed2f562646c61d',
 'date_end': '2026-04-17',
 'date_start': '2025-10-18',
 'dates': [{'date': '2025-10-18', 'weekday': 'Sabato'},
           {'date': '2025-10-19', 'weekday': 'Domenica'},
           {'date': '2025-10-20', 'weekday': 'Lunedì'},
           {'date': '2025-10-21', 'weekday': 'Martedì'},
           {'date': '2025-10-22', 'weekday': 'Mercoledì'},
           {'date': '2025-10-23', 'weekday': 'Giovedì'},
           {'date': '2025-10-24', 'weekday': 'Venerdì'},
           {'date': '2025-10-25', 'weekday': 'Sabato'},
           {'date': '2025-10-26', 'weekday': 'Domenica'},
           {'date': '2025-10-27', 'weekday': 'Lunedì'},
           {'date': '2025-10-28', 'weekday': 'Martedì'},
           {'date': '2025-10-29', 'weekday': 'Mercoledì'},
           {'date': '2025-10-30', 'weekday': 'Giovedì'},
           {'date': '2025-10-31', 'weekday': 'Venerdì'},
           {'date': '2025-11-01', 'weekday': 'Sabato'},
           {'date': '2025-11-02', 'weekday': 'Domenica'},
           {'date': '2025-11-03', 'weekday': 'Lunedì'},
           {'date': '2025-11-04', 'weekday': 'Martedì'},
           {'date': '2025-11-05', 'weekday': 'Mercoledì'},
           {'date': '2025-11-06', 'weekday': 'Giovedì'},
           {'date': '2025-11-07', 'weekday': 'Venerdì'},
           {'date': '2025-11-08', 'weekday': 'Sabato'},
           {'date': '2025-11-09', 'weekday': 'Domenica'},
           {'date': '2025-11-10', 'weekday': 'Lunedì'},
           {'date': '2025-11-11', 'weekday': 'Martedì'},
           {'date': '2025-11-12', 'weekday': 'Mercoledì'},
           {'date': '2025-11-13', 'weekday': 'Giovedì'},
           {'date': '2025-11-14', 'weekday': 'Venerdì'},
           {'date': '2025-11-15', 'weekday': 'Sabato'},
           {'date': '2025-11-16', 'weekday': 'Domenica'},
           {'date': '2025-11-17', 'weekday': 'Lunedì'},
           {'date': '2025-11-18', 'weekday': 'Martedì'},
           {'date': '2025-11-19', 'weekday': 'Mercoledì'},
           {'date': '2025-11-20', 'weekday': 'Giovedì'},
           {'date': '2025-11-21', 'weekday': 'Venerdì'},
           {'date': '2025-11-22', 'weekday': 'Sabato'},
           {'date': '2025-11-23', 'weekday': 'Domenica'},
           {'date': '2025-11-24', 'weekday': 'Lunedì'},
           {'date': '2025-11-25', 'weekday': 'Martedì'},
           {'date': '2025-11-26', 'weekday': 'Mercoledì'},
           {'date': '2025-11-27', 'weekday': 'Giovedì'},
           {'date': '2025-11-28', 'weekday': 'Venerdì'},
           {'date': '2025-11-29', 'weekday': 'Sabato'},
           {'date': '2025-11-30', 'weekday': 'Domenica'},
           {'date': '2025-12-01', 'weekday': 'Lunedì'},
           {'date': '2025-12-02', 'weekday': 'Martedì'},
           {'date': '2025-12-03', 'weekday': 'Mercoledì'},
           {'date': '2025-12-04', 'weekday': 'Giovedì'},
           {'date': '2025-12-05', 'weekday': 'Venerdì'},
           {'date': '2025-12-06', 'weekday': 'Sabato'},
           {'date': '2025-12-07', 'weekday': 'Domenica'},
           {'date': '2025-12-08', 'weekday': 'Lunedì'},
           {'date': '2025-12-09', 'weekday': 'Martedì'},
           {'date': '2025-12-10', 'weekday': 'Mercoledì'},
           {'date': '2025-12-11', 'weekday': 'Giovedì'},
           {'date': '2025-12-12', 'weekday': 'Venerdì'},
           {'date': '2025-12-13', 'weekday': 'Sabato'},
           {'date': '2025-12-14', 'weekday': 'Domenica'},
           {'date': '2025-12-15', 'weekday': 'Lunedì'},
           {'date': '2025-12-16', 'weekday': 'Martedì'},
           {'date': '2025-12-17', 'weekday': 'Mercoledì'},
           {'date': '2025-12-18', 'weekday': 'Giovedì'},
           {'date': '2025-12-19', 'weekday': 'Venerdì'},
           {'date': '2025-12-20', 'weekday': 'Sabato'},
           {'date': '2025-12-21', 'weekday': 'Domenica'},
           {'date': '2025-12-22', 'weekday': 'Lunedì'},
           {'date': '2025-12-23', 'weekday': 'Martedì'},
           {'date': '2025-12-24', 'weekday': 'Mercoledì'},
           {'date': '2025-12-25', 'weekday': 'Giovedì'},
           {'date': '2025-12-26', 'weekday': 'Venerdì'},
           {'date': '2025-12-27', 'weekday': 'Sabato'},
           {'date': '2025-12-28', 'weekday': 'Domenica'},
           {'date': '2025-12-29', 'weekday': 'Lunedì'},
           {'date': '2025-12-30', 'weekday': 'Martedì'},
           {'date': '2025-12-31', 'weekday': 'Mercoledì'},
           {'date': '2026-01-01', 'weekday': 'Giovedì'},
           {'date': '2026-01-02', 'weekday': 'Venerdì'},
           {'date': '2026-01-03', 'weekday': 'Sabato'},
           {'date': '2026-01-04', 'weekday': 'Domenica'},
           {'date': '2026-01-05', 'weekday': 'Lunedì'},
           {'date': '2026-01-06', 'weekday': 'Martedì'},
           {'date': '2026-01-07', 'weekday': 'Mercoledì'},
           {'date': '2026-01-08', 'weekday': 'Giovedì'},
           {'date': '2026-01-09', 'weekday': 'Venerdì'},
           {'date': '2026-01-10', 'weekday': 'Sabato'},
           {'date': '2026-01-11', 'weekday': 'Domenica'},
           {'date': '2026-01-12', 'weekday': 'Lunedì'},
           {'date': '2026-01-13', 'weekday': 'Martedì'},
           {'date': '2026-01-14', 'weekday': 'Mercoledì'},
           {'date': '2026-01-15', 'weekday': 'Giovedì'},
           {'date': '2026-01-16', 'weekday': 'Venerdì'},
           {'date': '2026-01-17', 'weekday': 'Sabato'},
           {'date': '2026-01-18', 'weekday': 'Domenica'},
           {'date': '2026-01-19', 'weekday': 'Lunedì'},
           {'date': '2026-01-20', 'weekday': 'Martedì'},
           {'date': '2026-01-21', 'weekday': 'Mercoledì'},
           {'date': '2026-01-22', 'weekday': 'Giovedì'},
           {'date': '2026-01-23', 'weekday': 'Venerdì'},
           {'date': '2026-01-24', 'weekday': 'Sabato'},
           {'date': '2026-01-25', 'weekday': 'Domenica'},
           {'date': '2026-01-26', 'weekday': 'Lunedì'},
           {'date': '2026-01-27', 'weekday': 'Martedì'},
           {'date': '2026-01-28', 'weekday': 'Mercoledì'},
           {'date': '2026-01-29', 'weekday': 'Giovedì'},
           {'date': '2026-01-30', 'weekday': 'Venerdì'},
           {'date': '2026-01-31', 'weekday': 'Sabato'},
           {'date': '2026-02-01', 'weekday': 'Domenica'},
           {'date': '2026-02-02', 'weekday': 'Lunedì'},
           {'date': '2026-02-03', 'weekday': 'Martedì'},
           {'date': '2026-02-04', 'weekday': 'Mercoledì'},
           {'date': '2026-02-05', 'weekday': 'Giovedì'},
           {'date': '2026-02-06', 'weekday': 'Venerdì'},
           {'date': '2026-02-07', 'weekday': 'Sabato'},
           {'date': '2026-02-08', 'weekday': 'Domenica'},
           {'date': '2026-02-09', 'weekday': 'Lunedì'},
           {'date': '2026-02-10', 'weekday': 'Martedì'},
           {'date': '2026-02-11', 'weekday': 'Mercoledì'},
           {'date': '2026-02-12', 'weekday': 'Giovedì'},
           {'date': '2026-02-13', 'weekday': 'Venerdì'},
           {'date': '2026-02-14', 'weekday': 'Sabato'},
           {'date': '2026-02-15', 'weekday': 'Domenica'},
           {'date': '2026-02-16', 'weekday': 'Lunedì'},
           {'date': '2026-02-17', 'weekday': 'Martedì'},
           {'date': '2026-02-18', 'weekday': 'Mercoledì'},
           {'date': '2026-02-19', 'weekday': 'Giovedì'},
           {'date': '2026-02-20', 'weekday': 'Venerdì'},
           {'date': '2026-02-21', 'weekday': 'Sabato'},
           {'date': '2026-02-22', 'weekday': 'Domenica'},
           {'date': '2026-02-23', 'weekday': 'Lunedì'},
           {'date': '2026-02-24', 'weekday': 'Martedì'},
           {'date': '2026-02-25', 'weekday': 'Mercoledì'},
           {'date': '2026-02-26', 'weekday': 'Giovedì'},
           {'date': '2026-02-27', 'weekday': 'Venerdì'},
           {'date': '2026-02-28', 'weekday': 'Sabato'},
           {'date': '2026-03-01', 'weekday': 'Domenica'},
           {'date': '2026-03-02', 'weekday': 'Lunedì'},
           {'date': '2026-03-03', 'weekday': 'Martedì'},
           {'date': '2026-03-04', 'weekday': 'Mercoledì'},
           {'date': '2026-03-05', 'weekday': 'Giovedì'},
           {'date': '2026-03-06', 'weekday': 'Venerdì'},
           {'date': '2026-03-07', 'weekday': 'Sabato'},
           {'date': '2026-03-08', 'weekday': 'Domenica'},
           {'date': '2026-03-09', 'weekday': 'Lunedì'},
           {'date': '2026-03-10', 'weekday': 'Martedì'},
           {'date': '2026-03-11', 'weekday': 'Mercoledì'},
           {'date': '2026-03-12', 'weekday': 'Giovedì'},
           {'date': '2026-03-13', 'weekday': 'Venerdì'},
           {'date': '2026-03-14', 'weekday': 'Sabato'},
           {'date': '2026-03-15', 'weekday': 'Domenica'},
           {'date': '2026-03-16', 'weekday': 'Lunedì'},
           {'date': '2026-03-17', 'weekday': 'Martedì'},
           {'date': '2026-03-18', 'weekday': 'Mercoledì'},
           {'date': '2026-03-19', 'weekday': 'Giovedì'},
           {'date': '2026-03-20', 'weekday': 'Venerdì'},
           {'date': '2026-03-21', 'weekday': 'Sabato'},
           {'date': '2026-03-22', 'weekday': 'Domenica'},
           {'date': '2026-03-23', 'weekday': 'Lunedì'},
           {'date': '2026-03-24', 'weekday': 'Martedì'},
           {'date': '2026-03-25', 'weekday': 'Mercoledì'},
           {'date': '2026-03-26', 'weekday': 'Giovedì'},
           {'date': '2026-03-27', 'weekday': 'Venerdì'},
           {'date': '2026-03-28', 'weekday': 'Sabato'},
           {'date': '2026-03-29', 'weekday': 'Domenica'},
           {'date': '2026-03-30', 'weekday': 'Lunedì'},
           {'date': '2026-03-31', 'weekday': 'Martedì'},
           {'date': '2026-04-01', 'weekday': 'Mercoledì'},
           {'date': '2026-04-02', 'weekday': 'Giovedì'},
           {'date': '2026-04-03', 'weekday': 'Venerdì'},
           {'date': '2026-04-04', 'weekday': 'Sabato'},
           {'date': '2026-04-05', 'weekday': 'Domenica'},
           {'date': '2026-04-06', 'weekday': 'Lunedì'},
           {'date': '2026-04-07', 'weekday': 'Martedì'},
           {'date': '2026-04-08', 'weekday': 'Mercoledì'},
           {'date': '2026-04-09', 'weekday': 'Giovedì'},
           {'date': '2026-04-10', 'weekday': 'Venerdì'},
           {'date': '2026-04-11', 'weekday': 'Sabato'},
           {'date': '2026-04-12', 'weekday': 'Domenica'},
           {'date': '2026-04-13', 'weekday': 'Lunedì'},
           {'date': '2026-04-14', 'weekday': 'Martedì'},
           {'date': '2026-04-15', 'weekday': 'Mercoledì'},
           {'date': '2026-04-16', 'weekday': 'Giovedì'},
           {'date': '2026-04-17', 'weekday': 'Venerdì'}],
 'description': 'Il sipario del CineTeatro Odeon è pronto ad alzarsi su una '
                'stagione che si preannuncia come una delle più ricche e '
                'sorprendenti di sempre. Un cartellone che si snoderà dal 18 '
                'ottobre al 17 aprile che mescola con sapienza grandi '
                'classici, nuove produzioni e spettacoli senza precedenti, '
                'confermando il ruolo dell’Odeon come punto di riferimento '
                'culturale della città. Il grande ritorno dell’opera lirica '
                'segna l’apertura di una stagione all’insegna dell’eccellenza: '
                '"La Traviata", "Carmen" e "Butterfly" porteranno in scena '
                'emozioni immortali, unendo il fascino del canto lirico al '
                'teatro e alla danza, in produzioni di altissimo livello. Sul '
                'fronte del musical, si rinnova la collaborazione con i '
                'talentuosi The Sparkling Diamonds, che dopo il successo dello '
                'scorso anno con "Peter Pan" tornano a incantare il pubblico '
                'con la nuova produzione "Storia di un’Addams", una commedia '
                'musicale travolgente, ricca di ironia, energia e atmosfere '
                'gotiche. Novità assoluta di questa stagione è la '
                'collaborazione con il Centro Formazione Danza Arabesque, che '
                'debutta all’Odeon con il balletto "Il Gobbo di Notre Dame", '
                'una trasposizione intensa e poetica del capolavoro di Victor '
                'Hugo. E per la prima volta a Reggio Calabria, arriva COSMOS, '
                'l’incredibile produzione dell’eVolution Dance Theater che '
                'fonde coreografie mozzafiato, effetti visivi all’avanguardia '
                'e illusioni sceniche spettacolari. Un viaggio immersivo '
                'nell’universo, capace di lasciare il pubblico letteralmente '
                'senza fiato: uno spettacolo che non si era mai visto prima in '
                'città. La comicità sarà protagonista con grandi nomi della '
                'scena nazionale e locale. Da Ruggero de “I Timidi”, con il '
                'suo inconfondibile stile ironico e surreale, all’energia '
                'dissacrante di Lunanzio, che con il suo nuovo show promette '
                'risate a crepapelle, fino al talento autentico di Santo '
                'Palumbo, pronto a condurre il pubblico in un viaggio tra le '
                'tradizioni e l’anima della Calabria. Tra le chicche della '
                'stagione, il ritorno dell’Operetta con "Cin Ci Là" per il '
                'tradizionale appuntamento di San Valentino e il Concerto di '
                'Natale con il debutto dell’Orchestra Giovanile dell’Odeon, '
                'che regalerà al pubblico atmosfere magiche e festive. Una '
                'programmazione che non lascia spazio alla monotonia, ma che '
                'anzi si propone di stupire e coinvolgere, offrendo al '
                'pubblico un viaggio unico attraverso generi, emozioni e mondi '
                'diversi. Dal 1° Settembre, parte la campagna abbonamenti: un '
                'invito ad assicurarsi il proprio posto in platea per vivere '
                '"Emozioni in scena" dal primo all’ultimo applauso.',
 'image_url': '//citynews-reggiotoday.stgy.ovh/~media/horizontal-mid/55019232337841/cine-teatro-odeon.jpg',
 'location_address': None,
 'location_name': 'Cine teatro Odeon',
 'price': 'Prezzo non disponibile',
 'sc
[2026-01-28T22:21:19.130+0000] {docker.py:429} INFO - raped_at': '2026-01-28T22:20:54.668870',
 'time_info': 'Orario non disponibile',
 'title': 'CineTeatro Odeon: si alza il sipario sulla nuova stagione',
 'url': 'https://www.reggiotoday.it/eventi/cineteatro-odeon-si-alza-il-sipario-sulla-nuova-stagione-dal-18-ottobre-al-17-aprile-2025.html',
 'uuid': '13fb0a13e0955d3c'}
[2026-01-28T22:21:19.894+0000] {docker.py:429} INFO - 2026-01-28 22:21:19 [scrapy.core.engine] DEBUG: Crawled (200) <GET https://www.reggiotoday.it/eventi/cu-non-voli-mi-sciorba-spettacolo-di-beneficenza-per-i-50-anni-dei-kalavria-il-30-gennaio-2026.html> (referer: https://www.reggiotoday.it/eventi/dal/2026-01-28/al/2026-02-01/)
[2026-01-28T22:21:20.007+0000] {docker.py:429} INFO - 2026-01-28 22:21:20 [scrapy.core.scraper] DEBUG: Scraped from <200 https://www.reggiotoday.it/eventi/cu-non-voli-mi-sciorba-spettacolo-di-beneficenza-per-i-50-anni-dei-kalavria-il-30-gennaio-2026.html>
{'category': 'Concerti',
 'city': 'Reggio Calabria',
 'content_hash': 'ba5f653bfe103fe7',
 'date_end': '2026-01-30',
 'date_start': '2026-01-30',
 'dates': [{'date': '2026-01-30', 'weekday': 'Venerdì'}],
 'description': 'Venerdì 30 gennaio, alle ore 20.30, il Cine Teatro '
                'Metropolitano di Reggio Calabria ospiterà un evento carico di '
                'significati artistici e sociali: “Cu non voli mi sciorba – 50 '
                'anni di live”, serata speciale dedicata all’Hospice “Via '
                'delle Stelle”, a cui sarà devoluta parte dell’incasso. '
                'L’evento, con ingresso ad invito e posti limitati, sarà anche '
                'l’occasione per celebrare un traguardo storico: i 50 anni di '
                'attività dei Kalavrìa, uno dei gruppi simbolo della musica '
                'popolare calabrese, da sempre impegnato nella difesa '
                'dell’identità culturale, linguistica e sociale del '
                'territorio. Al centro della serata, la voce e la storia di '
                'Nino Stellittano, frontman e anima del progetto Kalavrìa, che '
                'ripercorre con emozione le origini di un cammino iniziato nel '
                'maggio del 1976, a Pellaro: "Penso a volte a quell’inizio, '
                'seduti su una panchina del paese. Avevo 14 anni e insieme '
                'all’inseparabile Memè Zumbo abbiamo iniziato a cantare le '
                'canzoni del nostro popolo, stimolati anche dall’amicizia con '
                'Ermanno Profazio, figlio del grande maestro Otello. Tra una '
                'battuta e una ragazzata è nata un’idea che sognava un palco '
                'vero. Quella voglia immensa di suonare musica popolare si è '
                'trasformata in un percorso lungo cinquant’anni". Un percorso '
                'fatto di dodici progetti discografici, centinaia di concerti, '
                'tournée e un impegno mai venuto meno, anche quando la '
                'formazione originaria ha preso strade diverse. Un’eredità '
                'raccolta e portata avanti con determinazione: «Il progetto '
                'Kalavrìa è diventato un punto di riferimento socio-culturale. '
                'Non solo musica popolare, ma una voce per rivendicare i '
                'diritti, la storia, la dignità del nostro popolo. Cantiamo la '
                'Calabria, le sue storie, i suoi detti, dando voce anche agli '
                'ultimi». Nel corso degli anni, i Kalavrìa hanno saputo '
                'rinnovare il linguaggio musicale attraverso una '
                'contaminazione pop-etnica e world music, portando la '
                'tradizione calabrese oltre i confini regionali e nazionali, '
                'quando i gruppi dediti a questo genere si contavano “sulle '
                'dita di una mano” e avevano una missione chiara: cantare '
                'l’appartenenza culturale. Non manca uno sguardo critico sul '
                'presente, su una scena musicale che spesso tende alla '
                'confusione degli stili e alla perdita del valore storico e '
                'identitario della musica popolare. Per Stellittano, la difesa '
                'del dialetto resta una battaglia fondamentale: "Se a un '
                'popolo viene tolta la lingua, diventa povero e perde la sua '
                'dignità. La lingua è radice, memoria, identità. Un popolo '
                'senza identità è facilmente addomesticabile". La serata del '
                '30 gennaio sarà anche l’occasione per presentare il nuovo '
                'showcase live tour Kalavrìa ’26, con una scelta innovativa '
                'del repertorio storico, l’introduzione dei nuovi musicisti, '
                'delle collaborazioni nazionali, del management e dei '
                'produttori discografici che continuano a sostenere il '
                'progetto. Un evento che unisce musica, memoria e solidarietà, '
                'reso ancora più significativo dalla raccolta fondi a favore '
                'dell’Hospice “Via delle Stelle”, realtà fondamentale nel '
                'sostegno ai pazienti e alle famiglie del territorio. «Sono '
                'felice di festeggiare questo traguardo – conclude Stellittano '
                '– fatto di gioie e dolori, di live e di strade percorse. La '
                'musica mi ha cambiato la vita, perché la musica è la vita». '
                'Un appuntamento che promette di essere non solo un concerto, '
                'ma un atto d’amore verso la Calabria, la sua cultura e la sua '
                'comunità.',
 'image_url': '//citynews-reggiotoday.stgy.ovh/~media/horizontal-mid/66738689241615/kalavria-1.jpeg',
 'location_address': 'Via Nino Bixio, 44',
 'location_name': 'Cine Teatro Metropolitano',
 'price': 'Prezzo non disponibile',
 'scraped_at': '2026-01-28T22:20:54.668430',
 'time_info': 'Ore 20,30',
 'title': '“Cu non voli mi sciorba": spettacolo di beneficenza per i 50 anni '
          'dei Kalavrìa',
 'url': 'https://www.reggiotoday.it/eventi/cu-non-voli-mi-sciorba-spettacolo-di-beneficenza-per-i-50-anni-dei-kalavria-il-30-gennaio-2026.html',
 'uuid': '79e7e83607c06053'}
[2026-01-28T22:21:21.129+0000] {docker.py:429} INFO - 2026-01-28 22:21:21 [scrapy.core.engine] DEBUG: Crawled (200) <GET https://www.reggiotoday.it/eventi/nuovi-stimoli-al-cilea-pronta-a-partire-la-nuova-stagione-artistica-dell-officina-dell-arte.html> (referer: https://www.reggiotoday.it/eventi/dal/2026-01-28/al/2026-02-01/)
[2026-01-28T22:21:21.246+0000] {docker.py:429} INFO - 2026-01-28 22:21:21 [scrapy.core.scraper] DEBUG: Scraped from <200 https://www.reggiotoday.it/eventi/nuovi-stimoli-al-cilea-pronta-a-partire-la-nuova-stagione-artistica-dell-officina-dell-arte.html>
{'category': 'Teatri',
 'city': 'Reggio Calabria',
 'content_hash': 'e226dcbdf60b4042',
 'date_end': '2026-05-16',
 'date_start': '2025-10-03',
 'dates': [{'date': '2025-10-03', 'weekday': 'Venerdì'},
           {'date': '2025-10-04', 'weekday': 'Sabato'},
           {'date': '2025-10-05', 'weekday': 'Domenica'},
           {'date': '2025-10-06', 'weekday': 'Lunedì'},
           {'date': '2025-10-07', 'weekday': 'Martedì'},
           {'date': '2025-10-08', 'weekday': 'Mercoledì'},
           {'date': '2025-10-09', 'weekday': 'Giovedì'},
           {'date': '2025-10-10', 'weekday': 'Venerdì'},
           {'date': '2025-10-11', 'weekday': 'Sabato'},
           {'date': '2025-10-12', 'weekday': 'Domenica'},
           {'date': '2025-10-13', 'weekday': 'Lunedì'},
           {'date': '2025-10-14', 'weekday': 'Martedì'},
           {'date': '2025-10-15', 'weekday': 'Mercoledì'},
           {'date': '2025-10-16', 'weekday': 'Giovedì'},
           {'date': '2025-10-17', 'weekday': 'Venerdì'},
           {'date': '2025-10-18', 'weekday': 'Sabato'},
           {'date': '2025-10-19', 'weekday': 'Domenica'},
           {'date': '2025-10-20', 'weekday': 'Lunedì'},
           {'date': '2025-10-21', 'weekday': 'Martedì'},
           {'date': '2025-10-22', 'weekday': 'Mercoledì'},
           {'date': '2025-10-23', 'weekday': 'Giovedì'},
           {'date': '2025-10-24', 'weekday': 'Venerdì'},
           {'date': '2025-10-25', 'weekday': 'Sabato'},
           {'date': '2025-10-26', 'weekday': 'Domenica'},
           {'date': '2025-10-27', 'weekday': 'Lunedì'},
           {'date': '2025-10-28', 'weekday': 'Martedì'},
           {'date': '2025-10-29', 'weekday': 'Mercoledì'},
           {'date': '2025-10-30', 'weekday': 'Giovedì'},
           {'date': '2025-10-31', 'weekday': 'Venerdì'},
           {'date': '2025-11-01', 'weekday': 'Sabato'},
           {'date': '2025-11-02', 'weekday': 'Domenica'},
           {'date': '2025-11-03', 'weekday': 'Lunedì'},
           {'date': '2025-11-04', 'weekday': 'Martedì'},
           {'date': '2025-11-05', 'weekday': 'Mercoledì'},
           {'date': '2025-11-06', 'weekday': 'Giovedì'},
           {'date': '2025-11-07', 'weekday': 'Venerdì'},
           {'date': '2025-11-08', 'weekday': 'Sabato'},
           {'date': '2025-11-09', 'weekday': 'Domenica'},
           {'date': '2025-11-10', 'weekday': 'Lunedì'},
           {'date': '2025-11-11', 'weekday': 'Martedì'},
           {'date': '2025-11-12', 'weekday': 'Mercoledì'},
           {'date': '2025-11-13', 'weekday': 'Giovedì'},
           {'date': '2025-11-14', 'weekday': 'Venerdì'},
           {'date': '2025-11-15', 'weekday': 'Sabato'},
           {'date': '2025-11-16', 'weekday': 'Domenica'},
           {'date': '2025-11-17', 'weekday': 'Lunedì'},
           {'date': '2025-11-18', 'weekday': 'Martedì'},
           {'date': '2025-11-19', 'weekday': 'Mercoledì'},
           {'date': '2025-11-20', 'weekday': 'Giovedì'},
           {'date': '2025-11-21', 'weekday': 'Venerdì'},
           {'date': '2025-11-22', 'weekday': 'Sabato'},
           {'date': '2025-11-23', 'weekday': 'Domenica'},
           {'date': '2025-11-24', 'weekday': 'Lunedì'},
           {'date': '2025-11-25', 'weekday': 'Martedì'},
           {'date': '2025-11-26', 'weekday': 'Mercoledì'},
           {'date': '2025-11-27', 'weekday': 'Giovedì'},
           {'date': '2025-11-28', 'weekday': 'Venerdì'},
           {'date': '2025-11-29', 'weekday': 'Sabato'},
           {'date': '2025-11-30', 'weekday': 'Domenica'},
           {'date': '2025-12-01', 'weekday': 'Lunedì'},
           {'date': '2025-12-02', 'weekday': 'Martedì'},
           {'date': '2025-12-03', 'weekday': 'Mercoledì'},
           {'date': '2025-12-04', 'weekday': 'Giovedì'},
           {'date': '2025-12-05', 'weekday': 'Venerdì'},
           {'date': '2025-12-06', 'weekday': 'Sabato'},
           {'date': '2025-12-07', 'weekday': 'Domenica'},
           {'date': '2025-12-08', 'weekday': 'Lunedì'},
           {'date': '2025-12-09', 'weekday': 'Martedì'},
           {'date': '2025-12-10', 'weekday': 'Mercoledì'},
           {'date': '2025-12-11', 'weekday': 'Giovedì'},
           {'date': '2025-12-12', 'weekday': 'Venerdì'},
           {'date': '2025-12-13', 'weekday': 'Sabato'},
           {'date': '2025-12-14', 'weekday': 'Domenica'},
           {'date': '2025-12-15', 'weekday': 'Lunedì'},
           {'date': '2025-12-16', 'weekday': 'Martedì'},
           {'date': '2025-12-17', 'weekday': 'Mercoledì'},
           {'date': '2025-12-18', 'weekday': 'Giovedì'},
           {'date': '2025-12-19', 'weekday': 'Venerdì'},
           {'date': '2025-12-20', 'weekday': 'Sabato'},
           {'date': '2025-12-21', 'weekday': 'Domenica'},
           {'date': '2025-12-22', 'weekday': 'Lunedì'},
           {'date': '2025-12-23', 'weekday': 'Martedì'},
           {'date': '2025-12-24', 'weekday': 'Mercoledì'},
           {'date': '2025-12-25', 'weekday': 'Giovedì'},
           {'date': '2025-12-26', 'weekday': 'Venerdì'},
           {'date': '2025-12-27', 'weekday': 'Sabato'},
           {'date': '2025-12-28', 'weekday': 'Domenica'},
           {'date': '2025-12-29', 'weekday': 'Lunedì'},
           {'date': '2025-12-30', 'weekday': 'Martedì'},
           {'date': '2025-12-31', 'weekday': 'Mercoledì'},
           {'date': '2026-01-01', 'weekday': 'Giovedì'},
           {'date': '2026-01-02', 'weekday': 'Venerdì'},
           {'date': '2026-01-03', 'weekday': 'Sabato'},
           {'date': '2026-01-04', 'weekday': 'Domenica'},
           {'date': '2026-01-05', 'weekday': 'Lunedì'},
           {'date': '2026-01-06', 'weekday': 'Martedì'},
           {'date': '2026-01-07', 'weekday': 'Mercoledì'},
           {'date': '2026-01-08', 'weekday': 'Giovedì'},
           {'date': '2026-01-09', 'weekday': 'Venerdì'},
           {'date': '2026-01-10', 'weekday': 'Sabato'},
           {'date': '2026-01-11', 'weekday': 'Domenica'},
           {'date': '2026-01-12', 'weekday': 'Lunedì'},
           {'date': '2026-01-13', 'weekday': 'Martedì'},
           {'date': '2026-01-14', 'weekday': 'Mercoledì'},
           {'date': '2026-01-15', 'weekday': 'Giovedì'},
           {'date': '2026-01-16', 'weekday': 'Venerdì'},
           {'date': '2026-01-17', 'weekday': 'Sabato'},
           {'date': '2026-01-18', 'weekday': 'Domenica'},
           {'date': '2026-01-19', 'weekday': 'Lunedì'},
           {'date': '2026-01-20', 'weekday': 'Martedì'},
           {'date': '2026-01-21', 'weekday': 'Mercoledì'},
           {'date': '2026-01-22', 'weekday': 'Giovedì'},
           {'date': '2026-01-23', 'weekday': 'Venerdì'},
           {'date': '2026-01-24', 'weekday': 'Sabato'},
           {'date': '2026-01-25', 'weekday': 'Domenica'},
           {'date': '2026-01-26', 'weekday': 'Lunedì'},
           {'date': '2026-01-27', 'weekday': 'Martedì'},
           {'date': '2026-01-28', 'weekday': 'Mercoledì'},
           {'date': '2026-01-29', 'weekday': 'Giovedì'},
           {'date': '2026-01-30', 'weekday': 'Venerdì'},
           {'date': '2026-01-31', 'weekday': 'Sabato'},
           {'date': '2026-02-01', 'weekday': 'Domenica'},
           {'date': '2026-02-02', 'weekday': 'Lunedì'},
           {'date': '2026-02-03', 'weekday': 'Martedì'},
           {'date': '2026-02-04', 'weekday': 'Mercoledì'},
           {'date': '2026-02-05', 'weekday': 'Giovedì'},
           {'date': '2026-02-06', 'weekday': 'Venerdì'},
           {'date': '2026-02-07', 'weekday': 'Sabato'},
           {'date': '2026-02-08', 'weekday': 'Domenica'},
           {'date': '2026-02-09', 'weekday': 'Lunedì'},
           {'date': '2026-02-10', 'weekday': 'Martedì'},
           {'date': '2026-02-11', 'weekday': 'Mercoledì'},
           {'date': '2026-02-12', 'weekday': 'Giovedì'},
           {'date': '2026-02-13', 'weekday': 'Venerdì'},
           {'date': '2026-02-14', 'weekday': 'Sabato'},
           {'date': '2026-02-15', 'weekday': 'Domenica'},
           {'date': '2026-02-16', 'weekday': 'Lunedì'},
           {'date': '2026-02-17', 'weekday': 'Martedì'},
           {'date': '2026-02-18', 'weekday': 'Mercoledì'},
           {'date': '2026-02-19', 'weekday': 'Giovedì'},
           {'date': '2026-02-20', 'weekday': 'Venerdì'},
           {'date': '2026-02-21', 'weekday': 'Sabato'},
           {'date': '2026-02-22', 'weekday': 'Domenica'},
           {'date': '2026-02-23', 'weekday': 'Lunedì'},
           {'date': '2026-02-24', 'weekday': 'Martedì'},
           {'date': '2026-02-25', 'weekday': 'Mercoledì'},
           {'date': '2026-02-26', 'weekday': 'Giovedì'},
           {'date': '2026-02-27', 'weekday': 'Venerdì'},
           {'date': '2026-02-28', 'weekday': 'Sabato'},
           {'date': '2026-03-01', 'weekday': 'Domenica'},
           {'date': '2026-03-02', 'weekday': 'Lunedì'},
           {'date': '2026-03-03', 'weekday': 'Martedì'},
           {'date': '2026-03-04', 'weekday': 'Mercoledì'},
           {'date': '2026-03-05', 'weekday': 'Giovedì'},
           {'date': '2026-03-06', 'weekday': 'Venerdì'},
           {'date': '2026-03-07', 'weekday': 'Sabato'},
           {'date': '2026-03-08', 'weekday': 'Domenica'},
           {'date': '2026-03-09', 'weekday': 'Lunedì'},
           {'date': '2026-03-10', 'weekday': 'Martedì'},
           {'date': '2026-03-11', 'weekday': 'Mercoledì'},
           {'date': '2026-03-12', 'weekday': 'Giovedì'},
           {'date': '2026-03-13', 'weekday': 'Venerdì'},
           {'date': '2026-03-14', 'weekday': 'Sabato'},
           {'date': '2026-03-15', 'weekday': 'Domenica'},
           {'date': '2026-03-16', 'weekday': 'Lunedì'},
           {'date': '2026-03-17', 'weekday': 'Martedì'},
           {'date': '2026-03-18', 'weekday': 'Mercoledì'},
           {'date': '2026-03-19', 'weekday': 'Giovedì'},
           {'date': '2026-03-20', 'weekday': 'Venerdì'},
           {'date': '2026-03-21', 'weekday': 'Sabato'},
           {'date': '2026-03-22', 'weekday': 'Domenica'},
           {'date': '2026-03-23', 'weekday': 'Lunedì'},
           {'date': '2026-03-24', 'weekday': 'Martedì'},
           {'date': '2026-03-25', 'weekday': 'Mercoledì'},
           {'date': '2026-03-26', 'weekday': 'Giovedì'},
           {'date': '2026-03-27', 'weekday': 'Venerdì'},
           {'date': '2026-03-28', 'weekday': 'Sabato'},
           {'date': '2026-03-29', 'weekday': 'Domenica'},
           {'date': '2026-03-30', 'weekday': 'Lunedì'},
           {'date': '2026-03-31', 'weekday': 'Martedì'},
           {'date': '2026-04-01', 'weekday': 'Mercoledì'},
           {'date': '2026-04-02', 'weekday': 'Giovedì'},
           {'date': '2026-04-03', 'weekday': 'Venerdì'},
           {'date': '2026-04-04', 'weekday': 'Sabato'},
           {'date': '2026-04-05', 'weekday': 'Domenica'},
           {'date': '2026-04-06', 'weekday': 'Lunedì'},
           {'date': '2026-04-07', 'weekday': 'Martedì'},
           {'date': '2026-04-08', 'weekday': 'Mercoledì'},
           {'date': '2026-04-09', 'weekday': 'Giovedì'},
           {'date': '2026-04-10', 'weekday': 'Venerdì'},
           {'date': '2026-04-11', 'weekday': 'Sabato'},
           {'date': '2026-04-12', 'weekday': 'Domenica'},
           {'date': '2026-04-13', 'weekday': 'Lunedì'},
           {'date': '2026-04-14', 'weekday': 'Martedì'},
           {'date': '2026-04-15', 'weekday': 'Mercoledì'},
           {'date': '2026-04-16', 'weekday': 'Giovedì'},
           {'date': '2026-04-17', 'weekday': 'Venerdì'},
           {'date': '2026-04-18', 'weekday': 'Sabato'},
           {'date': '2026-04-19', 'weekday': 'Domenica'},
           {'date': '2026-04-20', 'weekday': 'Lunedì'},
           {'date': '2026-04-21', 'weekday': 'Martedì'},
           {'date': '2026-04-22', 'weekday': 'Mercoledì'},
           {'date': '2026-04-23', 'weekday': 'Giovedì'},
           {'date': '2026-04-24', 'weekday': 'Venerdì'},
           {'date': '2026-04-25', 'weekday': 'Sabato'},
           {'date': '2026-04-26', 'weekday': 'Domenica'},
           {'date': '2026-04-27', 'weekday': 'Lunedì'},
           {'date': '2026-04-28', 'weekday': 'Martedì'},
           {'date': '2026-04-29', 'weekday': 'Mercoledì'},
           {'date': '2026-04-30', 'weekday': 'Giovedì'},
           {'date': '2026-05-01', 'weekday': 'Venerdì'},
           {'date': '2026-05-02', 'weekday': 'Sabato'},
           {'date': '2026-05-03', 'weekday': 'Domenica'},
           {'date': '2026-05-04', 'weekday': 'Lunedì'},
           {'date': '2026-05-05', 'weekday': 'Martedì'},
           {'date': '2026-05-06', 'weekday': 'Mercoledì'},
           {'date': '2026-05-07', 'weekday': 'Giovedì'},
           {'date': '2026-05-08', 'weekday': 'Venerdì'},
           {'date': '2026-05-09', 'weekday': 'Sabato'},
           {'date': '2026-05-10', 'weekday': 'Domenica'},
           {'date': '2026-05-11', 'weekday': 'Lunedì'},
           {'date': '2026-05-12', 'weekday': 'Martedì'},
           {'date': '2026-05-13', 'weekday': 'Mercoledì'},
           {'date': '2026-05-14', 'weekday': 'Giovedì'},
           {'date': '2026-05-15', 'weekday': 'Venerdì'},
           {'date': '2026-05-16', 'weekday': 'Sabato'}],
 'description': 'Pronta a partire la nuova stagione artistica dell’Officina '
                'dell’Arte, guidata dal direttore artistico Peppe Piromalli. '
                'La rassegna 2025, dal titolo “Nuovi Stimoli”, undicesima '
                'edizione, prenderà ufficialmente il via il 3 ottobre al '
                'Teatro "Francesco Cilea", con il Premio Guerrieri, in '
                'collaborazione con l’AIL, che festeggia il trentennale della '
                'sua attività. Il cartellone proporrà una stagione ricca di '
                'nomi di spicco e spettacoli di qualità: si parte il 17 '
                'ottobre con la commedia brillante “Un amore di peso”, '
                'scritta, diretta e interpretata da Marco Cavallaro, '
                'affiancato da Stella Pecollo, Rosario Petix e Valentina '
                'Stredini. A seguire, il 12 dicembre, spazio alla musica e al '
                'racconto con lo show “Tu vuo’ fa l’americano” del duo Demo '
                'Morselli – Marcello Cirillo, per poi proseguire il 21 '
                'dicembre con lo spettacolo visuale e poetico “PouBelle. La '
                'magia oltre ogni immaginazione” di Luca Lombardo. Il nuovo '
                'anno si aprirà il 24 gennaio con Maurizio Casagrande e il suo '
                'spettacolo “La prova del 9”, mentre il 13 febbraio sarà la '
                'volta del travolgente Biagio Izzo in “L’arte della truffa”. '
                'L’11 marzo saliranno sul palco Cesare Bocci e Vittoria '
                'Belvedere con “Indovina chi viene a cena”, seguiti, il 18 '
                'aprile, dal comico palermitano Ernesto Maria Ponte in '
                '“Sbandati”. Gran finale il 16 maggio con Antonio Grosso e la '
                'sua intensa pièce “Minchia signor tenente”, dedicata al tema '
                'della mafia, trattato con ironia e sensibilità. Completano il '
                'programma quattro eventi fuori abbonamento con protagonisti '
                'del panorama nazionale: Angelo Duro, Nicky Nicolai & Stefano '
                'Di Battista, Maurizio Battista e Roberto Lipari. Una stagione '
                'che si preannuncia intensa, tra comicità, musica e impegno '
                'civile, per un teatro sempre più vicino al pubblico. Ma le '
                'sorprese non sono finite. Parola del direttore artistico '
                'Peppe Piromalli.',
 'image_url': '//citynews-reggiotoday.stgy.ovh/~media/horizontal-mid/10715712400715/teatro-cilea-03-2.jpg',
 'location_address': 'Corso Giuseppe Garibaldi',
 'location_name': 'Teatro Cilea',
 'price': 'Prezzo non disponibile',
 'scraped_at': '2026-01-28T22:20:54.667792',
 'time_info': 'Orario non disponibile',
 'title': '“Nuovi Stimoli” al Cilea: pronta a partire la nuova stagione '
          'artistica dell’Officina dell’Arte',
 'url': 'https://www.reggiotoday.it/eventi/nuovi-stimoli-al-cilea-pronta-a-partire-la-nuova-stagione-artistica-dell-officina-dell-arte.html',
 'uuid': 'a102cb4e69a5cc32',
 'website': 'https://www.officinadellarte.eu'}
[2026-01-28T22:21:22.061+0000] {docker.py:429} INFO - 2026-01-28 22:21:22 [scrapy.core.engine] DEBUG: Crawled (200) <GET https://www.reggiotoday.it/eventi/sabato-31-gennaio-2026-cena-di-socializzazione-tra-single-pellaro.html> (referer: https://www.reggiotoday.it/eventi/dal/2026-01-28/al/2026-02-01/)
[2026-01-28T22:21:22.180+0000] {docker.py:429} INFO - 2026-01-28 22:21:22 [scrapy.core.scraper] DEBUG: Scraped from <200 https://www.reggiotoday.it/eventi/sabato-31-gennaio-2026-cena-di-socializzazione-tra-single-pellaro.html>
{'category': 'Incontri',
 'city': 'Reggio Calabria',
 'content_hash': 'a418c3f8fc7ff4c6',
 'date_end': '2026-01-31',
 'date_start': '2026-01-31',
 'dates': [{'date': '2026-01-31', 'time_start': '20:15', 'weekday': 'Sabato'}],
 'description': 'Un altro weekend è alle porte, avreste voglia di fare un '
                'milione di cose ma nessuno è disponibile per condividere un '
                "po' di tempo con voi? Eppure, chissà, dall'altra parte della "
                "città c'è qualcuno che è nella stessa vostra situazione. E "
                'allora perché non incontrarsi? “A Pellaro- scrive '
                "l'organizzazione-faremo proprio questo: in un bellissimo "
                'locale immerso nel verde, avrete la possibilità di passare la '
                'serata con altri single alla ricerca di nuove conoscenze, '
                "condividendo dell'ottimo cibo e trascorrendo qualche ora in "
                "un'atmosfera nuova e divertente”. Le prenotazioni o le "
                'informazioni vanno richieste esclusivamente solo ad Anthony '
                "al 3488781211. Il locale non è l'organizzatore dell'evento, "
                'ma semplicemente ospita una prenotazione per un tavolo a nome '
                'della nostra organizzazione. Come funziona? Il ritrovo è '
                'previsto alle ore 20:15, presso "Mamas" di Pellaro (RC), un '
                'ristorante pizzeria elegante in cui gustare cibi freschi, '
                'deliziose grigliate e pizze gustose ma leggere, il tutto '
                'bagnato dai migliori vini e dalle birre più rinfrescanti. '
                '"Ricordate che la cena inizierà alle ore 20:30. Chiedete del '
                'tavolo prenotato a nome "Oj Eventi Single", accomodatevi e '
                'fate conoscenza con i vostri compagni di serata. Scegliete '
                'dal menù alla carta i vostri cibi preferiti e rompete il '
                "ghiaccio con un bel brindisi.Una chiacchiera dopo l'altra "
                'sarà piacevole godersi qualche ora di spensieratezza e '
                'divertimento in buona compagnia!", conclude '
                "l'organizzazione. Le prenotazioni vanno effettuate entro e "
                "non oltre il 26 Gennaio 2026! L'evento si svolgerà se vi sarà "
                'un numero minimo di 8/10 partecipanti. Gruppo di Oj Eventi '
                'Single.',
 'image_url': '//citynews-reggiotoday.stgy.ovh/~media/horizontal-mid/30484545914422/sabato-31-gennaio-2026-cena-di-socializzazione-tra-single-immersi-nel-verde-a-pellaro-rc.jpg',
 'location_address': 'Via Quattronari, 148',
 'location_name': '"Mamas"',
 'price': '€10 + costo della cena alla carta',
 'scraped_at': '2026-01-28T22:20:54.667085',
 'time_info': '20:15',
 'title': 'Cena di socializzazione tra single immersi nel verde a Pellaro',
 'url': 'https://www.reggiotoday.it/eventi/sabato-31-gennaio-2026-cena-di-socializzazione-tra-single-pellaro.html',
 'uuid': '0181e00ab3389133',
 'website': 'https://www.eventisingle.info/eventi/sabato-31-gennaio-2026-cena-di-socializzazione-tra-single-immersi-nel-verde-a-pellaro-rc/'}
[2026-01-28T22:21:23.627+0000] {docker.py:429} INFO - 2026-01-28 22:21:23 [scrapy.core.engine] DEBUG: Crawled (200) <GET https://www.reggiotoday.it/eventi/lla-percezione-dell-antico-giovani-alla-scoperta-delle-grandi-civilta-il-20-e-30-gennaio-2026.html> (referer: https://www.reggiotoday.it/eventi/dal/2026-01-28/al/2026-02-01/)
[2026-01-28T22:21:23.738+0000] {docker.py:429} INFO - 2026-01-28 22:21:23 [scrapy.core.scraper] DEBUG: Scraped from <200 https://www.reggiotoday.it/eventi/lla-percezione-dell-antico-giovani-alla-scoperta-delle-grandi-civilta-il-20-e-30-gennaio-2026.html>
{'category': None,
 'city': 'Reggio Calabria',
 'content_hash': '1c188322ffa17494',
 'date_end': '2026-01-30',
 'date_start': '2026-01-29',
 'dates': [{'date': '2026-01-29', 'weekday': 'Giovedì'},
           {'date': '2026-01-30', 'weekday': 'Venerdì'}],
 'description': "“La percezione dell’Antico” progetto dell'Associazione "
                'Culturale Anassilaos che punta su una piena conoscenza, '
                'valorizzazione e preservazione della civiltà antica, greca e '
                "romana, ha l'obiettivo di coinvolgere i giovani, i cittadini "
                'di domani che con diverse responsabilità avranno il dovere di '
                'difendere tali antiche radichi culturali, e soprattutto gli '
                'studenti di quelle scuole, Licei Classici e Scientifici, dove '
                'tuttora si viene insegnata la lingua greca e quella latina. '
                'Un impegno questo di Anassilaos che si propone di coinvolgere '
                'gli insegnanti sui quali ricade il compito primario di far '
                'conoscere e apprezzare i valori dell’Antico in collaborazione '
                'con i licei cittadini. Questo il senso del primo incontro, '
                'promosso congiuntamente da Anassilaos e dalla Biblioteca '
                'Pietro De Nava, che coinvolge per adesso il Liceo Scientifico '
                'Da Vinci sul tema “Tra pathos e logos. Letture dalle opere di '
                'Catullo e Lucrezio” che si terrà giovedì 29 gennaio alle ore '
                '16,30 presso la Sala Giuffrè della Biblioteca De Nava. I '
                'testi dei poeti selezionati a cura dei professori Carmelo '
                'Cutrupi, Carmela Lucisano e Amos Martino saranno infatti '
                'letti dagli studenti del Liceo Scientifico “Leonardo da Vinci '
                '” di Reggio Calabria. Alla percezione della contemporaneità '
                'conduce invece la manifestazione del giorno successivo, '
                'venerdì 30 gennaio alle ore 17,15 presso il Museo '
                'Archeologico Nazionale promossa dal Museo, da Anassilaos, '
                'dalla Deputazione di Storia Patria per la Calabria, '
                'dall’Archivio di Stato di Reggio, dal Touring Club e della '
                'Biblioteca “Pietro De Nava”, nel corso della quale sarà '
                'presentato al pubblico reggino il volume “Il Plebiscito del '
                '1860. Unificazione, legittimazione, reazione nel Mezzogiorno '
                'e in Sicilia”, edito da Rubbettino, curato dal prof. Carmine '
                'Pinto, che raccoglie una serie di saggio dedicati all’evento. '
                'Nel cuore del 1860, il plebiscito che sancì l’annessione del '
                'Mezzogiorno all’Italia unita fu molto più di una semplice '
                'consultazione elettorale: fu un momento cruciale di '
                'legittimazione politica e costruzione simbolica della nuova '
                'patria. Il volume ripercorre quel passaggio storico '
                'analizzando il voto, le sue formule giuridiche e i '
                'protagonisti – dai notabili ai rivoluzionari – tra Napoli, '
                'Palermo e Torino. Un’indagine sulle dinamiche locali e sulle '
                'strategie di mobilitazione politica, che illumina il ruolo '
                'decisivo della propaganda, delle istituzioni e della società '
                'civile nella transizione dal Regno delle Due Sicilie al Regno '
                'd’Italia. Alla manifestazione porteranno i saluti Fabrizio '
                'Sudano, direttore del Museo Archeologico Nazionale di Reggio '
                'Calabria; Angela Puleio, direttrice dell’Archivio di Stato di '
                'Reggio Calabria; Giuseppe Caridi, presidente della '
                'Deputazione Storia patria per la Calabria; Daniela Neri, '
                'responsabile della Biblioteca “Pietro De Nava” di Reggio '
                'Calabria; Domenico Cappellano, console regionale per la '
                'Calabria del Touring Club Italiano; Stefano Iorfida, '
                'presidente dell’Associazione Culturale Anassilaos. Interverrà '
                'Carmine Pinto, ordinario di Storia Contemporanea presso il '
                'Dipartimento di Studi Umanistici/DIPSUM dell’Università di '
                'Salerno di cui è direttore. Parteciperanno Fabio Arichetta e '
                'Ugo Muraca, dottorandi di Ricerca presso il Dicam '
                'dell’Università di Messina e Irene Polimeni, dottoranda di '
                'Ricerca presso l’Università della Repubblica di San Marino.',
 'image_url': '//citynews-reggiotoday.stgy.ovh/~media/horizontal-mid/31420372007615/incontri-29-e-30-gennaio-2026-jpeg.jpg',
 'location_address': None,
 'location_name': 'Varie location',
 'price': 'Prezzo non disponibile',
 'scraped_at': '2026-01-28T22:20:54.666367',
 'time_info': 'Vari orari',
 'title': 'La percezione dell’Antico: giovani alla scoperta delle grandi '
          'civiltà',
 'url': 'https://www.reggiotoday.it/eventi/lla-percezione-dell-antico-giovani-alla-scoperta-delle-grandi-civilta-il-20-e-30-gennaio-2026.html',
 'uuid': '9a63edc7dd53b4f0'}
[2026-01-28T22:21:25.027+0000] {docker.py:429} INFO - 2026-01-28 22:21:25 [scrapy.core.engine] DEBUG: Crawled (200) <GET https://www.reggiotoday.it/eventi/rivoluzione-famiglia-incontro-29-gennaio-2026.html> (referer: https://www.reggiotoday.it/eventi/dal/2026-01-28/al/2026-02-01/)
[2026-01-28T22:21:25.137+0000] {docker.py:429} INFO - 2026-01-28 22:21:25 [scrapy.core.scraper] DEBUG: Scraped from <200 https://www.reggiotoday.it/eventi/rivoluzione-famiglia-incontro-29-gennaio-2026.html>
{'category': 'Incontri',
 'city': 'Reggio Calabria',
 'content_hash': 'ea620d7625c07e23',
 'date_end': '2026-01-29',
 'date_start': '2026-01-29',
 'dates': [{'date': '2026-01-29', 'weekday': 'Giovedì'}],
 'description': 'La famiglia è per antonomasia il luogo della cura, della '
                'generatività, dell’amore: ma di quali elementi ha bisogno per '
                'essere sé stessa e costituire una risorsa per il paese e per '
                'le comunità territoriali? A questi interrogativi ha cercato '
                'di dare una risposta il presidente nazionale delle '
                'associazioni familiari Adriano Bordignon attraverso la '
                'pubblicazione del volume Rivoluzione famiglia che sarà '
                'presentato dall’ufficio pastorale della famiglia della '
                'diocesi di Reggio Bova, in collaborazione con il Forum '
                'regionale delle associazioni familiari e del Centro '
                'comunitario Agape. Un lavoro nel quale l’autore delinea la '
                'famiglia come generatrice di capitale relazionale, '
                'produttrice di ricchezza e di servizi e promotrice di '
                'innovazione delle politiche familiari, tracciando un percorso '
                'di rivalutazione della famiglia come soggetto sociale '
                'fondamentale anche della collettività. Una famiglia che non '
                'si chiude nel privato ma apra porte e finestre al mondo '
                'scegliendo l’accoglienza come stile di vita. Nella prefazione '
                'il cardinale Matteo Zuppi, presidente della Cei, scrive che '
                'il libro è una sorta di piccolo manifesto della famiglia del '
                'XXI secolo e che ribadisce che la famiglia è il luogo dove si '
                'realizza il bisogno degli uomini di amare e di sentirsi '
                'amati, di trovare negli affetti e nelle cure familiari il '
                'senso dell’essere al mondo. L’incontro si inserisce nel '
                'programma delle iniziative che varie espressioni della '
                'comunità ecclesiale hanno programmato in preparazione della '
                'Giornata nazionale della Vita promossa come ogni anno dalla '
                'Conferenza Episcopale Italiana che cade il primo febbraio. Il '
                'tema di quest’anno è “I bambini prima di tutto” dove i '
                'vescovi ricordano le diverse ferite che guerre, povertà, '
                'violenze e abbandoni educativi causano ai bambini in Italia e '
                'nel mondo e auspicano una Chiesa e delle famiglie '
                'accoglienti, capace di proteggere e valorizzare i diritti dei '
                'bambini e la loro crescita in un ambiente amorevole e sicuro. '
                'L’evento è parte del progetto nazionale Casa che si sta '
                'realizzando in tutte le regioni italiane per promuovere '
                'solidarietà familiare, affido e adozione nazionale e '
                'internazionale e che in Calabria è seguito dal Forum '
                'regionale delle associazioni familiari e dal Centro '
                'Comunitario Agape. L’incontro si terrà giovedì 29 gennaio '
                'alle ore 18 presso il salone parrocchiale della chiesa S. '
                'Sebastiano al Crocifisso. Il programma prevede i saluti del '
                'Vescovo della Diocesi Reggio- Bova, Fortunato Morrone, del '
                'segretario del Consiglio pastorale della parrocchia del '
                'Crocifisso Ettore Triolo, di Silvia e Giuseppe Alì '
                'responsabili della pastorale regionale della famiglia, di '
                'Claudio Venditti presidente regionale del Forum delle '
                'associazioni familiari, di Giulia Melissari, vice presidente '
                'del Centro Comunitario Agape, di Gianni Trudu Psicologo '
                'coordinatore progetto genitori e insegnanti consapevoli, d '
                'Roberto Pennisi Presidente della federazione regionale dei '
                'Consultori di ispirazione cristiana, di Piergiuseppe Marcelli '
                'Presidente Consultorio P. Raffa, seguirà la proiezione del '
                'video “la calabria che accoglie” affido e adozione e delle '
                'testimonianze. Conclude l’autore Adriano Bordignon presidente '
                'nazionale del Forum delle associazioni familiari, moderatore '
                'Sergio Conti giornalista.',
 'image_url': '//citynews-reggiotoday.stgy.ovh/~media/horizontal-mid/17935981500586/bonus-famiglia-2.jpg',
 'location_address': None,
 'location_name': 'Salone parrocchiale della chiesa S. Sebastiano al '
                  'Crocifisso',
 'price': 'Gratis',
 'scraped_at': '2026-01-28T22:20:54.666079',
 'time_info': 'Ore 18',
 'title': 'Rivoluzione famiglia, incontro con il presidente nazionale del '
          'Forum delle associazioni familiari',
 'url': 'https://www.reggiotoday.it/eventi/rivoluzione-famiglia-incontro-29-gennaio-2026.html',
 'uuid': 'c0248e994725624c'}
[2026-01-28T22:21:26.322+0000] {docker.py:429} INFO - 2026-01-28 22:21:26 [scrapy.core.engine] DEBUG: Crawled (200) <GET https://www.reggiotoday.it/eventi/vita-condizione-sociale-terremoto-1908.html> (referer: https://www.reggiotoday.it/eventi/dal/2026-01-28/al/2026-02-01/)
[2026-01-28T22:21:26.433+0000] {docker.py:429} INFO - 2026-01-28 22:21:26 [scrapy.core.scraper] DEBUG: Scraped from <200 https://www.reggiotoday.it/eventi/vita-condizione-sociale-terremoto-1908.html>
{'category': 'Incontri',
 'city': 'Reggio Calabria',
 'content_hash': 'c2f4aa00293110f8',
 'date_end': '2026-01-28',
 'date_start': '2026-01-28',
 'dates': [{'date': '2026-01-28', 'weekday': 'Mercoledì'}],
 'description': '“Reggio Calabria anno 1908.Vita cittadina e condizione '
                "sociale nell'anno del terremoto”, appuntamento mercoledì 28 "
                'gennaio,ore 17,15, nella Sala Conferenze del Museo '
                'Archeologico Nazionale di Reggio Calabria. Iniziativa che si '
                'inserisce nel ciclo di conferenze Radici, finalizzate alla '
                'promozione e valorizzazione delle fondamenta della cultura '
                'nella prospettiva di unire fatti del passato e del presente, '
                'contribuendo anche ad inquadrare le vicende del prossimo '
                'futuro, ideate e coordinate dal presidente A.I.Par.C. '
                "Nazionale ETS dott.Salvatore Timpano, nell'ambito della "
                'convenzione stipulata con il Museo Archeologico Nazionale di '
                'Reggio Calabria, in collaborazione con Associazione Amici del '
                'Museo, Deputazione di Storia Patria per la Calabria e Rhegium '
                "Julii, La nostra memoria per l'anno 1908 fa riferimento alle "
                "drammatiche immagini degli ultimi tre giorni dell'anno con le "
                "rovine del funesto terremoto. Ma com'era la città nei mesi "
                "precedenti al mese di dicembre? I documenti d'archivio, i "
                'giornali del tempo e le immagini fotografiche ci consentono '
                "di rivivere momenti di vita cittadina, l'aspetto "
                "architettonico, l'operosità di una città e le abitudini di "
                'vita. Ricostruiamo una pagina del passato assieme alla '
                'cognizione che molti avevano dimenticato il dramma dei '
                'terremoti precedenti. Programma Saluti istituzionali: '
                'Fabrizio Sudano direttore del Museo Archeologico Nazionale di '
                'Reggio Calabria; Salvatore Timpano presidente A.I.Par.C. '
                'Nazionale ETS; Giuseppe Caridi presidente Deputazione di '
                'Storia Patria per la Calabria; Giuseppe Bova presidente '
                'Circolo Culturale Rhegium Julii. Relaziona con supporto '
                'video: Renato Laganà architetto già professore Università '
                'Mediterranea di Reggio Calabria presidente Associazione Amici '
                'del Museo.',
 'image_url': '//citynews-reggiotoday.stgy.ovh/~media/horizontal-mid/48535679876675/terremoto-1908-panoramica-da-francesco-arillotta-2.jpg',
 'location_address': 'Piazza Giuseppe De Nava',
 'location_name': 'Museo Archeologico di Reggio Calabria',
 'price': 'Gratis',
 'scraped_at': '2026-01-28T22:20:54.665654',
 'time_info': 'Ore 17,15',
 'title': '"Vita e condizione sociale nell\'anno del terremoto": incontro al '
          'Museo archeologico',
 'url': 'https://www.reggiotoday.it/eventi/vita-condizione-sociale-terremoto-1908.html',
 'uuid': '69e06453fcf6bf81'}
[2026-01-28T22:21:27.193+0000] {docker.py:429} INFO - 2026-01-28 22:21:27 [scrapy.core.engine] DEBUG: Crawled (200) <GET https://www.reggiotoday.it/eventi/giorno-memoria-taurianova-programma.html> (referer: https://www.reggiotoday.it/eventi/dal/2026-01-28/al/2026-02-01/)
[2026-01-28T22:21:27.305+0000] {docker.py:429} INFO - 2026-01-28 22:21:27 [scrapy.core.scraper] DEBUG: Scraped from <200 https://www.reggiotoday.it/eventi/giorno-memoria-taurianova-programma.html>
{'category': 'Incontri',
 'city': 'Reggio Calabria',
 'content_hash': '089654732051de9f',
 'date_end': '2026-01-28',
 'date_start': '2026-01-28',
 'dates': [{'date': '2026-01-28', 'weekday': 'Mercoledì'}],
 'description': 'Parteciperà anche l’assessore regionale all’Istruzione, '
                'Eulalia Micheli, all’incontro che il Comune – per riflettere '
                'anche quest’anno su Il Giorno della Memoria assieme alle '
                'scolaresche - ha programmato per mercoledì prossimo, 28 '
                'gennaio. L’appuntamento aperto al pubblico, voluto '
                'dall’assessore Angela Crea – che ha potuto contare anche '
                'sulla collaborazione dei volontari del Servizio Civile '
                'Universale e dell’Istituto Comprensivo guidato da Maria '
                'Concetta Muscolino – è per le 9.30 nell’aula Magistri del '
                'plesso che ospita la scuola Primaria “Monteleone”, in via '
                'della Pace. Saranno Roque Pugliese e Giulio Disegni, '
                'rispettivamente delegato per la Calabria della Comunità '
                'ebraica di Napoli e vice presidente dell’Ucei, a relazionare '
                'sulla storia dello sterminio degli ebrei e sul valore della '
                'memoria in occasione della ricorrenza internazionale che '
                'ricorda la liberazione del campo di Aushwitz. Gli altri '
                'interventi previsti sono quelli dell’ex parlamentare Angela '
                'Napoli e di Maria Concetta Muscolino, dirigente scolastico '
                'dell’Istituto Comprensivo “Sofia '
                'Alessio-Contestabile-Monteleone-Pascoli”. Per la parte che '
                'riguarda la responsabilità che gli amministratori '
                'taurianovesi avvertono, nel promuovere a favore delle giovani '
                'generazioni senso civico e cittadinanza attiva attraverso la '
                'conoscenza di un passato terribile da non replicare, '
                'interverranno il sindaco Roy Biasi, e gli assessori alla '
                'Pubblica Istruzione e alla Legalità, rispettivamente Angela '
                'Crea e Massimo Grimaldi. All’incontro parteciperanno anche '
                'gli alunni e le alunne delle terze classi della Scuola '
                'Secondaria di 1° grado “Pascoli” e “Contestabile”.',
 'image_url': '//citynews-reggiotoday.stgy.ovh/~media/horizontal-mid/32212457879777/shoah-pixabay.jpg',
 'location_address': 'Viale della Pace',
 'location_name': 'Scuola Primaria “Monteleone',
 'price': 'Prezzo non disponibile',
 'scraped_at': '2026-01-28T22:20:54.665206',
 'time_info': 'Ore 9,30',
 'title': 'Giorno della Memoria: a Taurianova Comunità ebraica e assessore '
          'Micheli',
 'url': 'https://www.reggiotoday.it/eventi/giorno-memoria-taurianova-programma.html',
 'uuid': '15443655b3c6f528'}
[2026-01-28T22:21:27.307+0000] {docker.py:429} INFO - 2026-01-28 22:21:27 [scrapy.core.engine] INFO: Closing spider (finished)
2026-01-28 22:21:27 [scrapy.extensions.feedexport] INFO: Stored json feed (27 items) in: /app/city_today/output/eventi_reggio-calabria_questa-settimana_20260128_222052.json
[2026-01-28T22:21:27.308+0000] {docker.py:429} INFO - 2026-01-28 22:21:27 [scrapy.statscollectors] INFO: Dumping Scrapy stats:
{'downloader/request_bytes': 12671,
 'downloader/request_count': 29,
 'downloader/request_method_count/GET': 29,
 'downloader/response_bytes': 4341271,
 'downloader/response_count': 29,
 'downloader/response_status_count/200': 29,
 'elapsed_time_seconds': 35.053864,
 'feedexport/success_count/FileFeedStorage': 1,
 'finish_reason': 'finished',
 'finish_time': datetime.datetime(2026, 1, 28, 22, 21, 27, 306257, tzinfo=datetime.timezone.utc),
 'httpcompression/response_bytes': 23392246,
 'httpcompression/response_count': 29,
 'item_scraped_count': 27,
 'items_per_city/Reggio Calabria': 27,
 'items_per_minute': 46.285714285714285,
 'log_count/DEBUG': 56,
 'log_count/INFO': 3,
 'memusage/max': 68825088,
 'memusage/startup': 68825088,
 'request_depth_max': 1,
 'response_received_count': 29,
 'responses_per_minute': 49.71428571428571,
 'robotstxt/request_count': 1,
 'robotstxt/response_count': 1,
 'robotstxt/response_status_count/200': 1,
 'scheduler/dequeued': 28,
 'scheduler/dequeued/memory': 28,
 'scheduler/enqueued': 28,
 'scheduler/enqueued/memory': 28,
 'start_time': datetime.datetime(2026, 1, 28, 22, 20, 52, 252393, tzinfo=datetime.timezone.utc)}
2026-01-28 22:21:27 [scrapy.core.engine] INFO: Spider closed (finished)
[2026-01-28T22:21:27.496+0000] {docker.py:429} INFO - Scraping completato. File: /app/city_today/output/eventi_reggio-calabria_questa-settimana_20260128_222052.json
[2026-01-28T22:21:27.802+0000] {taskinstance.py:1138} INFO - Marking task as SUCCESS. dag_id=etl_events_daily, task_id=process_reggio-calabria.scrape_city_today, execution_date=20260128T221944, start_date=20260128T222051, end_date=20260128T222127
[2026-01-28T22:21:27.840+0000] {local_task_job_runner.py:234} INFO - Task exited with return code 0
[2026-01-28T22:21:27.878+0000] {taskinstance.py:3280} INFO - 0 downstream tasks scheduled from follow-on schedule check
