[2026-01-30T14:22:41.054+0000] {taskinstance.py:1956} INFO - Dependencies all met for dep_context=non-requeueable deps ti=<TaskInstance: etl_events_daily.process_catania.scrape_city_today scheduled__2026-01-29T06:00:00+00:00 [queued]>
[2026-01-30T14:22:41.089+0000] {taskinstance.py:1956} INFO - Dependencies all met for dep_context=requeueable deps ti=<TaskInstance: etl_events_daily.process_catania.scrape_city_today scheduled__2026-01-29T06:00:00+00:00 [queued]>
[2026-01-30T14:22:41.091+0000] {taskinstance.py:2170} INFO - Starting attempt 1 of 4
[2026-01-30T14:22:41.151+0000] {taskinstance.py:2191} INFO - Executing <Task(FilterableDockerOperator): process_catania.scrape_city_today> on 2026-01-29 06:00:00+00:00
[2026-01-30T14:22:41.162+0000] {standard_task_runner.py:60} INFO - Started process 212 to run task
[2026-01-30T14:22:41.168+0000] {standard_task_runner.py:87} INFO - Running: ['airflow', 'tasks', 'run', 'etl_events_daily', 'process_catania.scrape_city_today', 'scheduled__2026-01-29T06:00:00+00:00', '--job-id', '280', '--raw', '--subdir', 'DAGS_FOLDER/scrape_events.py', '--cfg-path', '/tmp/tmp23ni_be6']
[2026-01-30T14:22:41.174+0000] {standard_task_runner.py:88} INFO - Job 280: Subtask process_catania.scrape_city_today
[2026-01-30T14:22:41.224+0000] {logging_mixin.py:188} WARNING - /home/airflow/.local/lib/python3.11/site-packages/airflow/settings.py:194 DeprecationWarning: The sql_alchemy_conn option in [core] has been moved to the sql_alchemy_conn option in [database] - the old setting has been used, but please update your config.
[2026-01-30T14:22:41.391+0000] {task_command.py:423} INFO - Running <TaskInstance: etl_events_daily.process_catania.scrape_city_today scheduled__2026-01-29T06:00:00+00:00 [running]> on host a9aac56aef94
[2026-01-30T14:22:41.699+0000] {taskinstance.py:2480} INFO - Exporting env vars: AIRFLOW_CTX_DAG_OWNER='airflow' AIRFLOW_CTX_DAG_ID='etl_events_daily' AIRFLOW_CTX_TASK_ID='process_catania.scrape_city_today' AIRFLOW_CTX_EXECUTION_DATE='2026-01-29T06:00:00+00:00' AIRFLOW_CTX_TRY_NUMBER='1' AIRFLOW_CTX_DAG_RUN_ID='scheduled__2026-01-29T06:00:00+00:00'
[2026-01-30T14:22:41.786+0000] {docker.py:359} INFO - Starting docker container from image scrapy-events:latest
[2026-01-30T14:22:41.813+0000] {docker.py:367} WARNING - Using remote engine or docker-in-docker and mounting temporary volume from host is not supported. Falling back to `mount_tmp_dir=False` mode. You can set `mount_tmp_dir` parameter to False to disable mounting and remove the warning
[2026-01-30T14:22:44.153+0000] {docker.py:429} INFO - Avvio scraping per: Catania
[2026-01-30T14:22:44.155+0000] {docker.py:429} INFO - Periodo: questa-settimana
[2026-01-30T14:22:44.164+0000] {docker.py:429} INFO - 2026-01-30 14:22:44 [scrapy.utils.log] INFO: Scrapy 2.14.1 started (bot: events)
[2026-01-30T14:22:44.185+0000] {docker.py:429} INFO - 2026-01-30 14:22:44 [scrapy.utils.log] INFO: Versions:
{'lxml': '6.0.2',
 'libxml2': '2.14.6',
 'cssselect': '1.3.0',
 'parsel': '1.10.0',
 'w3lib': '2.3.1',
 'Twisted': '25.5.0',
 'Python': '3.11.14 (main, Jan 13 2026, 03:12:14) [GCC 14.2.0]',
 'pyOpenSSL': '25.3.0 (OpenSSL 3.5.4 30 Sep 2025)',
 'cryptography': '46.0.3',
 'Platform': 'Linux-6.12.54-linuxkit-x86_64-with-glibc2.41'}
2026-01-30 14:22:44 [scrapy.crawler] DEBUG: Using CrawlerProcess
[2026-01-30T14:22:44.187+0000] {docker.py:429} INFO - 2026-01-30 14:22:44 [events] INFO: Scraping città: Catania
2026-01-30 14:22:44 [events] INFO: Periodo: questa-settimana (2026-01-30 - 2026-02-01)
[2026-01-30T14:22:44.187+0000] {docker.py:429} INFO - 2026-01-30 14:22:44 [scrapy.addons] INFO: Enabled addons:
[]
[2026-01-30T14:22:44.188+0000] {docker.py:429} INFO - 2026-01-30 14:22:44 [asyncio] DEBUG: Using selector: EpollSelector
[2026-01-30T14:22:44.189+0000] {docker.py:429} INFO - 2026-01-30 14:22:44 [scrapy.utils.log] DEBUG: Using reactor: twisted.internet.asyncioreactor.AsyncioSelectorReactor
[2026-01-30T14:22:44.189+0000] {docker.py:429} INFO - 2026-01-30 14:22:44 [scrapy.utils.log] DEBUG: Using asyncio event loop: asyncio.unix_events._UnixSelectorEventLoop
[2026-01-30T14:22:44.196+0000] {docker.py:429} INFO - 2026-01-30 14:22:44 [scrapy.extensions.telnet] INFO: Telnet Password: f59d7949864f7dab
[2026-01-30T14:22:44.400+0000] {docker.py:429} INFO - 2026-01-30 14:22:44 [scrapy.middleware] INFO: Enabled extensions:
['scrapy.extensions.corestats.CoreStats',
 'scrapy.extensions.logcount.LogCount',
 'scrapy.extensions.telnet.TelnetConsole',
 'scrapy.extensions.memusage.MemoryUsage',
 'scrapy.extensions.feedexport.FeedExporter',
 'scrapy.extensions.logstats.LogStats']
[2026-01-30T14:22:44.400+0000] {docker.py:429} INFO - 2026-01-30 14:22:44 [scrapy.crawler] INFO: Overridden settings:
{'BOT_NAME': 'events',
 'CONCURRENT_REQUESTS': 2,
 'CONCURRENT_REQUESTS_PER_DOMAIN': 1,
 'DOWNLOAD_DELAY': 1,
 'FEED_EXPORT_ENCODING': 'utf-8',
 'NEWSPIDER_MODULE': 'events.spiders',
 'ROBOTSTXT_OBEY': True,
 'SPIDER_MODULES': ['events.spiders'],
 'USER_AGENT': 'Mozilla/5.0 (Macintosh; Intel Mac OS X 10_15_7) '
               'AppleWebKit/537.36 (KHTML, like Gecko) Chrome/120.0.0.0 '
               'Safari/537.36'}
[2026-01-30T14:22:44.561+0000] {docker.py:429} INFO - 2026-01-30 14:22:44 [scrapy.middleware] INFO: Enabled downloader middlewares:
['scrapy.downloadermiddlewares.offsite.OffsiteMiddleware',
 'scrapy.downloadermiddlewares.robotstxt.RobotsTxtMiddleware',
 'scrapy.downloadermiddlewares.httpauth.HttpAuthMiddleware',
 'scrapy.downloadermiddlewares.downloadtimeout.DownloadTimeoutMiddleware',
 'scrapy.downloadermiddlewares.defaultheaders.DefaultHeadersMiddleware',
 'scrapy.downloadermiddlewares.useragent.UserAgentMiddleware',
 'scrapy.downloadermiddlewares.retry.RetryMiddleware',
 'scrapy.downloadermiddlewares.redirect.MetaRefreshMiddleware',
 'scrapy.downloadermiddlewares.httpcompression.HttpCompressionMiddleware',
 'scrapy.downloadermiddlewares.redirect.RedirectMiddleware',
 'scrapy.downloadermiddlewares.cookies.CookiesMiddleware',
 'scrapy.downloadermiddlewares.httpproxy.HttpProxyMiddleware',
 'scrapy.downloadermiddlewares.stats.DownloaderStats']
[2026-01-30T14:22:44.570+0000] {docker.py:429} INFO - 2026-01-30 14:22:44 [scrapy.middleware] INFO: Enabled spider middlewares:
['scrapy.spidermiddlewares.start.StartSpiderMiddleware',
 'scrapy.spidermiddlewares.httperror.HttpErrorMiddleware',
 'scrapy.spidermiddlewares.referer.RefererMiddleware',
 'scrapy.spidermiddlewares.urllength.UrlLengthMiddleware',
 'scrapy.spidermiddlewares.depth.DepthMiddleware']
[2026-01-30T14:22:44.577+0000] {docker.py:429} INFO - 2026-01-30 14:22:44 [scrapy.middleware] INFO: Enabled item pipelines:
[]
[2026-01-30T14:22:44.581+0000] {docker.py:429} INFO - Output file: /app/city_today/output/eventi_catania_questa-settimana_20260130_142244.json
[2026-01-30T14:22:44.582+0000] {docker.py:429} INFO - 2026-01-30 14:22:44 [scrapy.core.engine] INFO: Spider opened
[2026-01-30T14:22:44.593+0000] {docker.py:429} INFO - 2026-01-30 14:22:44 [scrapy.extensions.logstats] INFO: Crawled 0 pages (at 0 pages/min), scraped 0 items (at 0 items/min)
[2026-01-30T14:22:44.594+0000] {docker.py:429} INFO - 2026-01-30 14:22:44 [scrapy.extensions.telnet] INFO: Telnet console listening on 127.0.0.1:6023
[2026-01-30T14:22:45.336+0000] {docker.py:429} INFO - 2026-01-30 14:22:45 [scrapy.core.engine] DEBUG: Crawled (200) <GET https://www.cataniatoday.it/robots.txt> (referer: None)
[2026-01-30T14:22:48.713+0000] {docker.py:429} INFO - 2026-01-30 14:22:48 [scrapy.core.engine] DEBUG: Crawled (200) <GET https://www.cataniatoday.it/eventi/dal/2026-01-30/al/2026-02-01/> (referer: None)
[2026-01-30T14:22:49.365+0000] {docker.py:429} INFO - 2026-01-30 14:22:49 [scrapy.core.engine] DEBUG: Crawled (200) <GET https://www.cataniatoday.it/eventi/filumena-marturano-luci-e-ombre-compagnia-stabile-de-curtis-13355850.html> (referer: https://www.cataniatoday.it/eventi/dal/2026-01-30/al/2026-02-01/)
[2026-01-30T14:22:49.495+0000] {docker.py:429} INFO - 2026-01-30 14:22:49 [scrapy.core.scraper] DEBUG: Scraped from <200 https://www.cataniatoday.it/eventi/filumena-marturano-luci-e-ombre-compagnia-stabile-de-curtis-13355850.html>
{'category': 'Teatri',
 'city': 'Catania',
 'content_hash': '0015e80913b8ffa5',
 'date_end': '2026-02-08',
 'date_start': '2026-01-31',
 'dates': [{'date': '2026-01-31', 'time_start': '21:00', 'weekday': 'Sabato'},
           {'date': '2026-02-01', 'time_start': '21:00', 'weekday': 'Domenica'},
           {'date': '2026-02-02', 'time_start': '21:00', 'weekday': 'Lunedì'},
           {'date': '2026-02-03', 'time_start': '21:00', 'weekday': 'Martedì'},
           {'date': '2026-02-04',
            'time_start': '21:00',
            'weekday': 'Mercoledì'},
           {'date': '2026-02-05', 'time_start': '21:00', 'weekday': 'Giovedì'},
           {'date': '2026-02-06', 'time_start': '21:00', 'weekday': 'Venerdì'},
           {'date': '2026-02-07', 'time_start': '21:00', 'weekday': 'Sabato'},
           {'date': '2026-02-08',
            'time_start': '21:00',
            'weekday': 'Domenica'}],
 'description': 'FILUMENA MARTURANO. Luci e ombre. La verità vive nell’ombra. '
                'L’amore nella luce. Una donna che per tutta la vita ha dovuto '
                'abbassare la testa, a un certo punto dice basta. Lo fa per '
                'sé. Lo fa per i suoi figli. E da lì cambia tutto. Filumena '
                'Marturano, una delle commedie più amate di Eduardo De '
                'Filippo, raccontata attraverso luci e ombre per rendere '
                'omaggio a una storia di famiglia, amore, dignità e verità. '
                'Una storia che fa discutere. Spettacoli: Sabato 31 gennaio '
                'ore 18:00 – Ticket €15. Sabato 31 gennaio ore 21:00 – con '
                'aperitivo Catering Quaranta – Ticket €28. Domenica 1 febbraio '
                'ore 18:00 – Ticket €15. Domenica 8 febbraio ore 18:00 – '
                'Ticket €15. Prevendita biglietti online: '
                'https://shorturl.at/Jy6QD . Prevendita biglietti al '
                'botteghino: Teatro Sala De Curtis, Via Duca degli Abruzzi 6/A '
                '– Catania. Info: 095 2163275, 392 7987593.',
 'image_url': '//citynews-cataniatoday.stgy.ovh/~media/horizontal-mid/19376744504458/filumena-marturano-luci-e-ombre.jpg',
 'location_address': 'Via Duca Degli Abruzzi, 6a',
 'location_name': 'Teatro Sala De Curtis',
 'price': '15',
 'scraped_at': '2026-01-30T14:22:48.850806',
 'time_info': '21:00',
 'title': "Spettacolo 'Filumena Marturano. Luci ed ombre'",
 'url': 'https://www.cataniatoday.it/eventi/filumena-marturano-luci-e-ombre-compagnia-stabile-de-curtis-13355850.html',
 'uuid': '26e44824b7b74361',
 'website': 'https://www.2tickets.it/selecttitolo.aspx?idt=1974807&set=t&car=&ide=2131&prv=hmp'}
[2026-01-30T14:22:50.477+0000] {docker.py:429} INFO - 2026-01-30 14:22:50 [scrapy.core.engine] DEBUG: Crawled (200) <GET https://www.cataniatoday.it/eventi/il-tuo-volto-come-profezia-rassegna-teatrale-promossa-dalla-fondazione-francesco-ventorino-alessandro-albertin-agnese-fallongo-tiziano-caputo-andrea-carabelli-matteo-bonanni-giacomo-poretti-daniela-cristofori-13244070.html> (referer: https://www.cataniatoday.it/eventi/dal/2026-01-30/al/2026-02-01/)
[2026-01-30T14:22:50.597+0000] {docker.py:429} INFO - 2026-01-30 14:22:50 [scrapy.core.scraper] DEBUG: Scraped from <200 https://www.cataniatoday.it/eventi/il-tuo-volto-come-profezia-rassegna-teatrale-promossa-dalla-fondazione-francesco-ventorino-alessandro-albertin-agnese-fallongo-tiziano-caputo-andrea-carabelli-matteo-bonanni-giacomo-poretti-daniela-cristofori-13244070.html>
{'category': 'Teatri',
 'city': 'Catania',
 'content_hash': 'a2b8bed79666f984',
 'date_end': '2026-05-14',
 'date_start': '2026-01-17',
 'dates': [{'date': '2026-01-17', 'time_start': '20:30', 'weekday': 'Sabato'},
           {'date': '2026-01-18', 'time_start': '20:30', 'weekday': 'Domenica'},
           {'date': '2026-01-19', 'time_start': '20:30', 'weekday': 'Lunedì'},
           {'date': '2026-01-20', 'time_start': '20:30', 'weekday': 'Martedì'},
           {'date': '2026-01-21',
            'time_start': '20:30',
            'weekday': 'Mercoledì'},
           {'date': '2026-01-22', 'time_start': '20:30', 'weekday': 'Giovedì'},
           {'date': '2026-01-23', 'time_start': '20:30', 'weekday': 'Venerdì'},
           {'date': '2026-01-24', 'time_start': '20:30', 'weekday': 'Sabato'},
           {'date': '2026-01-25', 'time_start': '20:30', 'weekday': 'Domenica'},
           {'date': '2026-01-26', 'time_start': '20:30', 'weekday': 'Lunedì'},
           {'date': '2026-01-27', 'time_start': '20:30', 'weekday': 'Martedì'},
           {'date': '2026-01-28',
            'time_start': '20:30',
            'weekday': 'Mercoledì'},
           {'date': '2026-01-29', 'time_start': '20:30', 'weekday': 'Giovedì'},
           {'date': '2026-01-30', 'time_start': '20:30', 'weekday': 'Venerdì'},
           {'date': '2026-01-31', 'time_start': '20:30', 'weekday': 'Sabato'},
           {'date': '2026-02-01', 'time_start': '20:30', 'weekday': 'Domenica'},
           {'date': '2026-02-02', 'time_start': '20:30', 'weekday': 'Lunedì'},
           {'date': '2026-02-03', 'time_start': '20:30', 'weekday': 'Martedì'},
           {'date': '2026-02-04',
            'time_start': '20:30',
            'weekday': 'Mercoledì'},
           {'date': '2026-02-05', 'time_start': '20:30', 'weekday': 'Giovedì'},
           {'date': '2026-02-06', 'time_start': '20:30', 'weekday': 'Venerdì'},
           {'date': '2026-02-07', 'time_start': '20:30', 'weekday': 'Sabato'},
           {'date': '2026-02-08', 'time_start': '20:30', 'weekday': 'Domenica'},
           {'date': '2026-02-09', 'time_start': '20:30', 'weekday': 'Lunedì'},
           {'date': '2026-02-10', 'time_start': '20:30', 'weekday': 'Martedì'},
           {'date': '2026-02-11',
            'time_start': '20:30',
            'weekday': 'Mercoledì'},
           {'date': '2026-02-12', 'time_start': '20:30', 'weekday': 'Giovedì'},
           {'date': '2026-02-13', 'time_start': '20:30', 'weekday': 'Venerdì'},
           {'date': '2026-02-14', 'time_start': '20:30', 'weekday': 'Sabato'},
           {'date': '2026-02-15', 'time_start': '20:30', 'weekday': 'Domenica'},
           {'date': '2026-02-16', 'time_start': '20:30', 'weekday': 'Lunedì'},
           {'date': '2026-02-17', 'time_start': '20:30', 'weekday': 'Martedì'},
           {'date': '2026-02-18',
            'time_start': '20:30',
            'weekday': 'Mercoledì'},
           {'date': '2026-02-19', 'time_start': '20:30', 'weekday': 'Giovedì'},
           {'date': '2026-02-20', 'time_start': '20:30', 'weekday': 'Venerdì'},
           {'date': '2026-02-21', 'time_start': '20:30', 'weekday': 'Sabato'},
           {'date': '2026-02-22', 'time_start': '20:30', 'weekday': 'Domenica'},
           {'date': '2026-02-23', 'time_start': '20:30', 'weekday': 'Lunedì'},
           {'date': '2026-02-24', 'time_start': '20:30', 'weekday': 'Martedì'},
           {'date': '2026-02-25',
            'time_start': '20:30',
            'weekday': 'Mercoledì'},
           {'date': '2026-02-26', 'time_start': '20:30', 'weekday': 'Giovedì'},
           {'date': '2026-02-27', 'time_start': '20:30', 'weekday': 'Venerdì'},
           {'date': '2026-02-28', 'time_start': '20:30', 'weekday': 'Sabato'},
           {'date': '2026-03-01', 'time_start': '20:30', 'weekday': 'Domenica'},
           {'date': '2026-03-02', 'time_start': '20:30', 'weekday': 'Lunedì'},
           {'date': '2026-03-03', 'time_start': '20:30', 'weekday': 'Martedì'},
           {'date': '2026-03-04',
            'time_start': '20:30',
            'weekday': 'Mercoledì'},
           {'date': '2026-03-05', 'time_start': '20:30', 'weekday': 'Giovedì'},
           {'date': '2026-03-06', 'time_start': '20:30', 'weekday': 'Venerdì'},
           {'date': '2026-03-07', 'time_start': '20:30', 'weekday': 'Sabato'},
           {'date': '2026-03-08', 'time_start': '20:30', 'weekday': 'Domenica'},
           {'date': '2026-03-09', 'time_start': '20:30', 'weekday': 'Lunedì'},
           {'date': '2026-03-10', 'time_start': '20:30', 'weekday': 'Martedì'},
           {'date': '2026-03-11',
            'time_start': '20:30',
            'weekday': 'Mercoledì'},
           {'date': '2026-03-12', 'time_start': '20:30', 'weekday': 'Giovedì'},
           {'date': '2026-03-13', 'time_start': '20:30', 'weekday': 'Venerdì'},
           {'date': '2026-03-14', 'time_start': '20:30', 'weekday': 'Sabato'},
           {'date': '2026-03-15', 'time_start': '20:30', 'weekday': 'Domenica'},
           {'date': '2026-03-16', 'time_start': '20:30', 'weekday': 'Lunedì'},
           {'date': '2026-03-17', 'time_start': '20:30', 'weekday': 'Martedì'},
           {'date': '2026-03-18',
            'time_start': '20:30',
            'weekday': 'Mercoledì'},
           {'date': '2026-03-19', 'time_start': '20:30', 'weekday': 'Giovedì'},
           {'date': '2026-03-20', 'time_start': '20:30', 'weekday': 'Venerdì'},
           {'date': '2026-03-21', 'time_start': '20:30', 'weekday': 'Sabato'},
           {'date': '2026-03-22', 'time_start': '20:30', 'weekday': 'Domenica'},
           {'date': '2026-03-23', 'time_start': '20:30', 'weekday': 'Lunedì'},
           {'date': '2026-03-24', 'time_start': '20:30', 'weekday': 'Martedì'},
           {'date': '2026-03-25',
            'time_start': '20:30',
            'weekday': 'Mercoledì'},
           {'date': '2026-03-26', 'time_start': '20:30', 'weekday': 'Giovedì'},
           {'date': '2026-03-27', 'time_start': '20:30', 'weekday': 'Venerdì'},
           {'date': '2026-03-28', 'time_start': '20:30', 'weekday': 'Sabato'},
           {'date': '2026-03-29', 'time_start': '20:30', 'weekday': 'Domenica'},
           {'date': '2026-03-30', 'time_start': '20:30', 'weekday': 'Lunedì'},
           {'date': '2026-03-31', 'time_start': '20:30', 'weekday': 'Martedì'},
           {'date': '2026-04-01',
            'time_start': '20:30',
            'weekday': 'Mercoledì'},
           {'date': '2026-04-02', 'time_start': '20:30', 'weekday': 'Giovedì'},
           {'date': '2026-04-03', 'time_start': '20:30', 'weekday': 'Venerdì'},
           {'date': '2026-04-04', 'time_start': '20:30', 'weekday': 'Sabato'},
           {'date': '2026-04-05', 'time_start': '20:30', 'weekday': 'Domenica'},
           {'date': '2026-04-06', 'time_start': '20:30', 'weekday': 'Lunedì'},
           {'date': '2026-04-07', 'time_start': '20:30', 'weekday': 'Martedì'},
           {'date': '2026-04-08',
            'time_start': '20:30',
            'weekday': 'Mercoledì'},
           {'date': '2026-04-09', 'time_start': '20:30', 'weekday': 'Giovedì'},
           {'date': '2026-04-10', 'time_start': '20:30', 'weekday': 'Venerdì'},
           {'date': '2026-04-11', 'time_start': '20:30', 'weekday': 'Sabato'},
           {'date': '2026-04-12', 'time_start': '20:30', 'weekday': 'Domenica'},
           {'date': '2026-04-13', 'time_start': '20:30', 'weekday': 'Lunedì'},
           {'date': '2026-04-14', 'time_start': '20:30', 'weekday': 'Martedì'},
           {'date': '2026-04-15',
            'time_start': '20:30',
            'weekday': 'Mercoledì'},
           {'date': '2026-04-16', 'time_start': '20:30', 'weekday': 'Giovedì'},
           {'date': '2026-04-17', 'time_start': '20:30', 'weekday': 'Venerdì'},
           {'date': '2026-04-18', 'time_start': '20:30', 'weekday': 'Sabato'},
           {'date': '2026-04-19', 'time_start': '20:30', 'weekday': 'Domenica'},
           {'date': '2026-04-20', 'time_start': '20:30', 'weekday': 'Lunedì'},
           {'date': '2026-04-21', 'time_start': '20:30', 'weekday': 'Martedì'},
           {'date': '2026-04-22',
            'time_start': '20:30',
            'weekday': 'Mercoledì'},
           {'date': '2026-04-23', 'time_start': '20:30', 'weekday': 'Giovedì'},
           {'date': '2026-04-24', 'time_start': '20:30', 'weekday': 'Venerdì'},
           {'date': '2026-04-25', 'time_start': '20:30', 'weekday': 'Sabato'},
           {'date': '2026-04-26', 'time_start': '20:30', 'weekday': 'Domenica'},
           {'date': '2026-04-27', 'time_start': '20:30', 'weekday': 'Lunedì'},
           {'date': '2026-04-28', 'time_start': '20:30', 'weekday': 'Martedì'},
           {'date': '2026-04-29',
            'time_start': '20:30',
            'weekday': 'Mercoledì'},
           {'date': '2026-04-30', 'time_start': '20:30', 'weekday': 'Giovedì'},
           {'date': '2026-05-01', 'time_start': '20:30', 'weekday': 'Venerdì'},
           {'date': '2026-05-02', 'time_start': '20:30', 'weekday': 'Sabato'},
           {'date': '2026-05-03', 'time_start': '20:30', 'weekday': 'Domenica'},
           {'date': '2026-05-04', 'time_start': '20:30', 'weekday': 'Lunedì'},
           {'date': '2026-05-05', 'time_start': '20:30', 'weekday': 'Martedì'},
           {'date': '2026-05-06',
            'time_start': '20:30',
            'weekday': 'Mercoledì'},
           {'date': '2026-05-07', 'time_start': '20:30', 'weekday': 'Giovedì'},
           {'date': '2026-05-08', 'time_start': '20:30', 'weekday': 'Venerdì'},
           {'date': '2026-05-09', 'time_start': '20:30', 'weekday': 'Sabato'},
           {'date': '2026-05-10', 'time_start': '20:30', 'weekday': 'Domenica'},
           {'date': '2026-05-11', 'time_start': '20:30', 'weekday': 'Lunedì'},
           {'date': '2026-05-12', 'time_start': '20:30', 'weekday': 'Martedì'},
           {'date': '2026-05-13',
            'time_start': '20:30',
            'weekday': 'Mercoledì'},
           {'date': '2026-05-14', 'time_start': '20:30', 'weekday': 'Giovedì'}],
 'description': '“Il tuo volto come una profezia” è il titolo scelto per la '
                'rassegna teatrale 2026 promossa dalla Fondazione Francesco '
                'Ventorino. Il volto, dunque, non solo per come mi si mostra '
                'esteriormente, sensibilmente, ma anche perché, superando la '
                'forma che lo delimita, mi parla e mi invita a una relazione, '
                'mi interpella e mi chiama a una responsabilità. La profezia, '
                'nella sua radice più autentica, è parola che anticipa, che '
                'parla al posto di un altro, che rivela, che dura. Quattro '
                'storie appassionanti compongono il cartellone. Due raccontano '
                'vicende storiche drammatiche, nelle quali il volto è presenza '
                'viva dell’altro che, mettendo in crisi gli schemi cui '
                'tendiamo a ricondurlo, è richiesta di alleanza. Due altre '
                'sono più leggere, quasi "scanzonate", in cui il volto si fa '
                'gioco, ironia, apertura. In tutte il volto appare, in '
                'trasparenza, come porta e rivelazione, visibilità del cuore, '
                'filo rosso che attraversa le dinamiche dell’uomo, “traccia '
                'dell’Infinito”. Acquista i biglietti o l’abbonamento: '
                'https://www.liveticket.it/fondazioneventorino . Per info: '
                '3751172602 (lunedì, mercoledì, venerdì dalle 16:00 alle '
                '19:00).',
 'image_url': '//citynews-cataniatoday.stgy.ovh/~media/horizontal-mid/33769734178688/il-tuo-volto-come-profezia-rassegna-teatrale-promossa-dalla-fondazione-francesco-ventorino.png',
 'location_address': 'Via dei Salesiani, 2',
 'location_name': 'Teatro Nuovo Sipario Blu',
 'price': '55',
 'scraped_at': '2026-01-30T14:22:48.849954',
 'time_info': '20:30',
 'title': '"Il tuo volto come profezia": rassegna teatrale promossa dalla '
          'fondazione Francesco Ventorino',
 'url': 'https://www.cataniatoday.it/eventi/il-tuo-volto-come-profezia-rassegna-teatrale-promossa-dalla-fondazione-francesco-ventorino-alessandro-albertin-agnese-fallongo-tiziano-caputo-andrea-carabelli-matteo-bonanni-giacomo-poretti-daniela-cristofori-13244070.html',
 'uuid': '0bf18f1813c57ced',
 'website': 'https://www.fondazioneventorino.it'}
[2026-01-30T14:22:50.876+0000] {docker.py:429} INFO - 2026-01-30 14:22:50 [scrapy.core.engine] DEBUG: Crawled (200) <GET https://www.cataniatoday.it/eventi/le-stravaganti-dis-avventure-di-kim-sparrow-all-abc-di-catania-la-vulcanica-comicita-di-paola-minaccioni-paola-minaccioni-13477182.html> (referer: https://www.cataniatoday.it/eventi/dal/2026-01-30/al/2026-02-01/)
[2026-01-30T14:22:50.986+0000] {docker.py:429} INFO - 2026-01-30 14:22:50 [scrapy.core.scraper] DEBUG: Scraped from <200 https://www.cataniatoday.it/eventi/le-stravaganti-dis-avventure-di-kim-sparrow-all-abc-di-catania-la-vulcanica-comicita-di-paola-minaccioni-paola-minaccioni-13477182.html>
{'category': 'Teatri',
 'city': 'Catania',
 'content_hash': '91d99fa92c5fbcb2',
 'date_end': '2026-02-15',
 'date_start': '2026-01-31',
 'dates': [{'date': '2026-01-31', 'time_start': '21:00', 'weekday': 'Sabato'},
           {'date': '2026-02-01', 'time_start': '21:00', 'weekday': 'Domenica'},
           {'date': '2026-02-02', 'time_start': '21:00', 'weekday': 'Lunedì'},
           {'date': '2026-02-03', 'time_start': '21:00', 'weekday': 'Martedì'},
           {'date': '2026-02-04',
            'time_start': '21:00',
            'weekday': 'Mercoledì'},
           {'date': '2026-02-05', 'time_start': '21:00', 'weekday': 'Giovedì'},
           {'date': '2026-02-06', 'time_start': '21:00', 'weekday': 'Venerdì'},
           {'date': '2026-02-07', 'time_start': '21:00', 'weekday': 'Sabato'},
           {'date': '2026-02-08', 'time_start': '21:00', 'weekday': 'Domenica'},
           {'date': '2026-02-09', 'time_start': '21:00', 'weekday': 'Lunedì'},
           {'date': '2026-02-10', 'time_start': '21:00', 'weekday': 'Martedì'},
           {'date': '2026-02-11',
            'time_start': '21:00',
            'weekday': 'Mercoledì'},
           {'date': '2026-02-12', 'time_start': '21:00', 'weekday': 'Giovedì'},
           {'date': '2026-02-13', 'time_start': '21:00', 'weekday': 'Venerdì'},
           {'date': '2026-02-14', 'time_start': '21:00', 'weekday': 'Sabato'},
           {'date': '2026-02-15',
            'time_start': '21:00',
            'weekday': 'Domenica'}],
 'description': 'Estro comico tra i più amati e versatili d’Italia in una '
                'prova d’attrice esilarante e spietata. La vulcanica Paola '
                'Minaccioni è la protagonista assoluta di “Le stravaganti '
                'dis-avventure di Kim Sparrow” di Julia May Jonas. Tradotto da '
                'Marta Salaroli con la regia di Cristina Spina, lo spettacolo '
                'è prodotto dalla compagnia Gli Ipocriti Melina Balsamo '
                'diretta da Pierfrancesco Favino in coproduzione con TSV '
                'Teatro Stabile del Veneto-Teatro Nazionale. Dal 31 gennaio al '
                '15 febbraio 2026, la messinscena verrà ospitata dal Teatro '
                'Abc di Catania, nell’ambito della nella nuova stagione Turi '
                'Ferro. Biglietti disponibili al link '
                'https://www.liveticket.it/opera.aspx?Id=619622 . Tre donne '
                'impegnate in sfide quotidiane alla ricerca del proprio '
                'riscatto, ovvero “Le stravaganti dis-avventure di Kim '
                'Sparrow”. Si apre il sipario su una dark comedy che segue tre '
                'eccentriche intrappolate in una spirale di disperazione e '
                'tradimento. Kim, una hipster quarantenne e manager di un '
                'negozio vintage, fa da mentore a Tussie, un’aspirante fashion '
                'designer non-binario di vent’anni. Il loro piano per rubare '
                'abiti di haute couture a una ricca cliente si complica quando '
                'Blatta, la più vecchia amica di Kim e ladruncola di '
                'professione, si inserisce con forza nel piano. Ne segue una '
                'girandola di errori che porta a violenza inaspettata e a un '
                'duro confronto con l’identità e l’obsolescenza. In questo '
                'show, Paola Minaccioni scatena tutto il suo repertorio: '
                'trasformismo, satira pungente e una fisicità irresistibile. '
                'Il suo personaggio, la guru del web Kim Sparrow, è la '
                'maschera moderna attraverso cui l’attrice mette alla berlina '
                'le nostre ossessioni quotidiane, in uno spettacolo che è una '
                'vera e propria masterclass di comicità. Al suo fianco le '
                'straordinarie Monica Nappo e Valentina Spaletta Tavella. Con '
                'linguaggio scenico e performativo che mescola comicità e '
                'riflessione, la regia di Cristina Spina porta in scena una '
                'riflessione sul mondo capitalistico in cui viviamo. Sulla '
                'differenza di classe, sui ricchi e sui poveri, un esame '
                'spietato sull’essere umano. Su un mondo che ci vuole usare, '
                'comprare e mettere in costante confronto tra di noi per poter '
                'sempre dire chi è il migliore o il peggiore. «Ciò che mi '
                'interessa sono le relazioni e le loro dipendenze e i loro '
                'incastri, il desiderio di queste donne di ottenere una '
                'rivalsa nella società.» dichiara la regista «La difficoltà di '
                'sopravvivere in una città come New York, oppure Milano, Roma, '
                'Parigi, è sempre più ardua e riuscire ad avere un proprio '
                'business è qualcosa che appartiene spesso ai più '
                'privilegiati. Quando ho assistito ad una lettura del testo '
                'teatrale di Julia May Jonas “Le stravaganti dis-avventure di '
                'Kim Sparrow”, ne sono rimasta completamente affascinata. Così '
                'ho scelto di portare quest’opera in Italia perché sono '
                'convinta che quest’azione, che si svolge in un negozio di '
                'Brooklyn, potrebbe accadere ovunque nel mondo e i temi '
                'trattati sono così universali, grandi e contemporanei che '
                'sono sicura possano risuonare autentici anche a un pubblico '
                'italiano. Il testo non è mai stato rappresentato nel mondo e '
                'siamo molto orgogliosi di essere i primi a portarlo in '
                'scena.» Lo spettacolo, inserito nella stagione teatrale Turi '
                'Ferro, verrà rappresentato dal 31 gennaio al 15 febbraio 2026 '
                'al Teatro Abc di Catania, con una imperdibile tre giorni - '
                'dal 10 al 12 febbraio 2026 - al Teatro Golden di Palermo. '
                'Teatro Abc https://teatroabc.eu/ . Via Pietro Mascagni, 94 - '
                '95129 Catania (CT). Info: 095 538188 / 333 7781632. Orari '
                'biglietteria: da lunedì a sabato dalle 16 alle 20 - giovedì '
                'dalle 10 alle 13 e dalle 16 alle 20. Link per acquisto '
                'spettacoli: https://www.liveticket.it/opera.aspx?Id=619622.',
 'image_url': '//citynews-cataniatoday.stgy.ovh/~media/horizontal-mid/4235832568056/le-stravaganti-dis-avventure-di-kim-sparrow-all-abc-di-catania-la-vulcanica-comicita-di-paola-minaccioni.jpg',
 'location_address': 'Via Pietro Mascagni, 94',
 'location_name': 'Teatro Abc',
 'price': 'Da € 35,00',
 'scraped_at': '2026-01-30T14:22:48.849376',
 'time_info': '21:00',
 'title': "Spettacolo 'Le stravaganti disavventure di Kim Sparrow' con Paola "
          'Minaccioni',
 'url': 'https://www.cataniatoday.it/eventi/le-stravaganti-dis-avventure-di-kim-sparrow-all-abc-di-catania-la-vulcanica-comicita-di-paola-minaccioni-paola-minaccioni-13477182.html',
 'uuid': '6deee219b7ec1cb1'}
[2026-01-30T14:22:52.492+0000] {docker.py:429} INFO - 2026-01-30 14:22:52 [scrapy.core.engine] DEBUG: Crawled (200) <GET https://www.cataniatoday.it/eventi/la-fiamma-di-agata-salvo-muscara-13463130.html> (referer: https://www.cataniatoday.it/eventi/dal/2026-01-30/al/2026-02-01/)
[2026-01-30T14:22:52.604+0000] {docker.py:429} INFO - 2026-01-30 14:22:52 [scrapy.core.scraper] DEBUG: Scraped from <200 https://www.cataniatoday.it/eventi/la-fiamma-di-agata-salvo-muscara-13463130.html>
{'category': 'Incontri',
 'city': 'Catania',
 'content_hash': 'd9400ca700d8e998',
 'date_end': '2026-02-15',
 'date_start': '2026-01-30',
 'dates': [{'date': '2026-01-30', 'weekday': 'Venerdì'},
           {'date': '2026-01-31', 'weekday': 'Sabato'},
           {'date': '2026-02-01', 'weekday': 'Domenica'},
           {'date': '2026-02-02', 'weekday': 'Lunedì'},
           {'date': '2026-02-03', 'weekday': 'Martedì'},
           {'date': '2026-02-04', 'weekday': 'Mercoledì'},
           {'date': '2026-02-05', 'weekday': 'Giovedì'},
           {'date': '2026-02-06', 'weekday': 'Venerdì'},
           {'date': '2026-02-07', 'weekday': 'Sabato'},
           {'date': '2026-02-08', 'weekday': 'Domenica'},
           {'date': '2026-02-09', 'weekday': 'Lunedì'},
           {'date': '2026-02-10', 'weekday': 'Martedì'},
           {'date': '2026-02-11', 'weekday': 'Mercoledì'},
           {'date': '2026-02-12', 'weekday': 'Giovedì'},
           {'date': '2026-02-13', 'weekday': 'Venerdì'},
           {'date': '2026-02-14', 'weekday': 'Sabato'},
           {'date': '2026-02-15', 'weekday': 'Domenica'}],
 'description': 'Al via la manifestazione “LA FIAMMA DI AGATA. DONNE DI FUOCO '
                'DAL MITO ALLA CONTEMPORANEITÀ” dedicata alla Patrona di '
                'Catania. Catania – Agata come archetipo femminile di '
                'autodeterminazione, resistenza e coscienza; simbolo di tutte '
                'le donne che, nel corso della storia, hanno attraversato e '
                'attraversano il dolore e la violenza scegliendo di non '
                'piegarsi. È questo il leitmotiv della manifestazione '
                'itinerante “La fiamma di Agata. Donne di fuoco dal mito alla '
                'contemporaneità”, dedicata a Sant’Agata, su idea di Valentina '
                'Giua, formatrice e promotrice culturale, referente regionale '
                'per la Sicilia di Rinascimento Poetico, e Valentina Capizzi, '
                'già presidente di Donnevietatomorire e curatrice d’arte. Un '
                'progetto culturale e artistico multidisciplinare di arte, '
                'poesia, musica e teatro, patrocinato dal Comune di Catania, '
                'in collaborazione con il Comitato per i Festeggiamenti di '
                'Sant’Agata e in sinergia con Rinascimento Poetico, che dal 30 '
                'gennaio al 15 febbraio, tra le sale del Palazzo della Cultura '
                'e la Chiesa di San Nicolò l’Arena, racconterà la figura della '
                'Patrona di Catania attraverso una lettura viva, contemporanea '
                'e profondamente connessa al presente. Un percorso itinerante '
                'non solo nei luoghi, ma anche nei linguaggi, che attraversa '
                'differenti forme espressive per restituire ad Agata una voce '
                'plurale, capace di parlare all’oggi e di interrogare il '
                'nostro tempo sui temi dell’identità femminile, della libertà, '
                'della memoria e della parola pubblica. Venerdì 30 gennaio, '
                'alle ore 16.30, nella Sala Concetto Marchesi, il progetto '
                'sarà presentato alla stampa e alla città alla presenza di: '
                'Dott.ssa Sarita Giuffrè, Viceprefetto, Dott. Santino '
                'Mirabella, Giudice e scrittore, Dott. Carmelo Grasso, '
                'Presidente del Comitato per i Festeggiamenti di Sant’Agata, '
                'Prof. Francesco Pira, Professore Associato di Sociologia – '
                'Università degli Studi di Messina Elda Ferrante, '
                'psicoterapeuta e psiconcologa, componente del direttivo ANDOS '
                'Sicilia, Dott.ssa Nunzia Pedalino, Associazione AFAE, '
                'Dott.ssa Maria Grazia Barbagallo, Vicepresidente AIS Sicilia '
                'Maestro Santo Torre, Allenatore Nazionale Italiana Karate. Un '
                'momento di confronto e riflessione che celebra e omaggia '
                'Agata attraverso un percorso culturale capace di prendere '
                'parola nel presente, mettendo al centro la donna tra '
                'attualità e memoria, sacro e civile, mito e contemporaneità. '
                '«Il fil rouge che attraversa l’intero progetto – dichiarano '
                'Valentina Giua e Valentina Capizzi – è il fuoco, inteso come '
                'voce che non tace, parola pubblica, creazione artistica, cura '
                'interiore, coscienza collettiva e difesa». La presentazione '
                'sarà arricchita da interventi teatrali e performativi curati '
                'dalla Compagnia di improvvisazione teatrale Attimpari e dalla '
                'Compagnia teatrale di Lucia Sardo e Marcello Cappelli, a '
                'sottolineare la natura corale e performativa dell’intero '
                'progetto. «Ogni giornata – concludono Giua e Capizzi – ha una '
                'propria identità simbolica, pur rientrando in un unico '
                'percorso, pensato come un attraversamento culturale e umano '
                'che accende la memoria per abitare il presente».',
 'image_url': '//citynews-cataniatoday.stgy.ovh/~media/horizontal-mid/23696051491595/la-fiamma-di-agata.jpg',
 'location_address': 'Via Vittorio Emanuele II',
 'location_name': 'PALAZZO DELLA CULTURA',
 'price': 'Gratis',
 'scraped_at': '2026-01-30T14:22:48.848512',
 'time_info': 'Orario non disponibile',
 'title': "'La fiamma di Agata'",
 'url': 'https://www.cataniatoday.it/eventi/la-fiamma-di-agata-salvo-muscara-13463130.html',
 'uuid': '118acf5f4ba2a311'}
[2026-01-30T14:22:53.758+0000] {docker.py:429} INFO - 2026-01-30 14:22:53 [scrapy.core.engine] DEBUG: Crawled (200) <GET https://www.cataniatoday.it/eventi/visite-guidate-palazzo-elefanti-catania-gennaio-2026.html> (referer: https://www.cataniatoday.it/eventi/dal/2026-01-30/al/2026-02-01/)
[2026-01-30T14:22:53.868+0000] {docker.py:429} INFO - 2026-01-30 14:22:53 [scrapy.core.scraper] DEBUG: Scraped from <200 https://www.cataniatoday.it/eventi/visite-guidate-palazzo-elefanti-catania-gennaio-2026.html>
{'category': 'Turismo',
 'city': 'Catania',
 'content_hash': 'eb6d2b18da77888a',
 'date_end': '2026-02-01',
 'date_start': '2026-01-18',
 'dates': [{'date': '2026-01-18', 'time_start': '9:30', 'weekday': 'Domenica'},
           {'date': '2026-01-19', 'time_start': '9:30', 'weekday': 'Lunedì'},
           {'date': '2026-01-20', 'time_start': '9:30', 'weekday': 'Martedì'},
           {'date': '2026-01-21', 'time_start': '9:30', 'weekday': 'Mercoledì'},
           {'date': '2026-01-22', 'time_start': '9:30', 'weekday': 'Giovedì'},
           {'date': '2026-01-23', 'time_start': '9:30', 'weekday': 'Venerdì'},
           {'date': '2026-01-24', 'time_start': '9:30', 'weekday': 'Sabato'},
           {'date': '2026-01-25', 'time_start': '9:30', 'weekday': 'Domenica'},
           {'date': '2026-01-26', 'time_start': '9:30', 'weekday': 'Lunedì'},
           {'date': '2026-01-27', 'time_start': '9:30', 'weekday': 'Martedì'},
           {'date': '2026-01-28', 'time_start': '9:30', 'weekday': 'Mercoledì'},
           {'date': '2026-01-29', 'time_start': '9:30', 'weekday': 'Giovedì'},
           {'date': '2026-01-30', 'time_start': '9:30', 'weekday': 'Venerdì'},
           {'date': '2026-01-31', 'time_start': '9:30', 'weekday': 'Sabato'},
           {'date': '2026-02-01', 'time_start': '9:30', 'weekday': 'Domenica'}],
 'image_url': '//citynews-cataniatoday.stgy.ovh/~media/horizontal-mid/54647717321230/612197630_1732210711480468_7083652861217478407_n.jpg',
 'location_address': 'Piazza del Duomo, 1',
 'location_name': 'Palazzo degli Elefanti',
 'price': 'Gratis',
 'scraped_at': '2026-01-30T14:22:48.847967',
 'time_info': '9.30/12.00',
 'title': 'Visite guidate a Palazzo degli Elefanti',
 'url': 'https://www.cataniatoday.it/eventi/visite-guidate-palazzo-elefanti-catania-gennaio-2026.html',
 'uuid': '7e2b46a347f35807',
 'website': 'https://www.facebook.com/events/2391582984596951/2391582991263617'}
[2026-01-30T14:22:55.046+0000] {docker.py:429} INFO - 2026-01-30 14:22:55 [scrapy.core.engine] DEBUG: Crawled (200) <GET https://www.cataniatoday.it/eventi/jean-boghossian-pyros-fuoco-e-materia-jean-boghossian-13455141.html> (referer: https://www.cataniatoday.it/eventi/dal/2026-01-30/al/2026-02-01/)
[2026-01-30T14:22:55.158+0000] {docker.py:429} INFO - 2026-01-30 14:22:55 [scrapy.core.scraper] DEBUG: Scraped from <200 https://www.cataniatoday.it/eventi/jean-boghossian-pyros-fuoco-e-materia-jean-boghossian-13455141.html>
{'category': 'Mostre',
 'city': 'Catania',
 'content_hash': 'b3f68a65bae0c693',
 'date_end': '2026-03-01',
 'date_start': '2026-01-20',
 'dates': [{'date': '2026-01-20', 'weekday': 'Martedì'},
           {'date': '2026-01-21', 'weekday': 'Mercoledì'},
           {'date': '2026-01-22', 'weekday': 'Giovedì'},
           {'date': '2026-01-23', 'weekday': 'Venerdì'},
           {'date': '2026-01-24', 'weekday': 'Sabato'},
           {'date': '2026-01-25', 'weekday': 'Domenica'},
           {'date': '2026-01-26', 'weekday': 'Lunedì'},
           {'date': '2026-01-27', 'weekday': 'Martedì'},
           {'date': '2026-01-28', 'weekday': 'Mercoledì'},
           {'date': '2026-01-29', 'weekday': 'Giovedì'},
           {'date': '2026-01-30', 'weekday': 'Venerdì'},
           {'date': '2026-01-31', 'weekday': 'Sabato'},
           {'date': '2026-02-01', 'weekday': 'Domenica'},
           {'date': '2026-02-02', 'weekday': 'Lunedì'},
           {'date': '2026-02-03', 'weekday': 'Martedì'},
           {'date': '2026-02-04', 'weekday': 'Mercoledì'},
           {'date': '2026-02-05', 'weekday': 'Giovedì'},
           {'date': '2026-02-06', 'weekday': 'Venerdì'},
           {'date': '2026-02-07', 'weekday': 'Sabato'},
           {'date': '2026-02-08', 'weekday': 'Domenica'},
           {'date': '2026-02-09', 'weekday': 'Lunedì'},
           {'date': '2026-02-10', 'weekday': 'Martedì'},
           {'date': '2026-02-11', 'weekday': 'Mercoledì'},
           {'date': '2026-02-12', 'weekday': 'Giovedì'},
           {'date': '2026-02-13', 'weekday': 'Venerdì'},
           {'date': '2026-02-14', 'weekday': 'Sabato'},
           {'date': '2026-02-15', 'weekday': 'Domenica'},
           {'date': '2026-02-16', 'weekday': 'Lunedì'},
           {'date': '2026-02-17', 'weekday': 'Martedì'},
           {'date': '2026-02-18', 'weekday': 'Mercoledì'},
           {'date': '2026-02-19', 'weekday': 'Giovedì'},
           {'date': '2026-02-20', 'weekday': 'Venerdì'},
           {'date': '2026-02-21', 'weekday': 'Sabato'},
           {'date': '2026-02-22', 'weekday': 'Domenica'},
           {'date': '2026-02-23', 'weekday': 'Lunedì'},
           {'date': '2026-02-24', 'weekday': 'Martedì'},
           {'date': '2026-02-25', 'weekday': 'Mercoledì'},
           {'date': '2026-02-26', 'weekday': 'Giovedì'},
           {'date': '2026-02-27', 'weekday': 'Venerdì'},
           {'date': '2026-02-28', 'weekday': 'Sabato'},
           {'date': '2026-03-01', 'weekday': 'Domenica'}],
 'description': 'Arionte Arte Contemporanea presenta Pyros: Fuoco e Materia, '
                'mostra personale di Jean Boghossian, artista internazionale '
                'da sempre impegnato in una ricerca che pone il fuoco come '
                'strumento primario di trasformazione, linguaggio simbolico e '
                'mezzo espressivo. Curata da Giacomo Fanale, l’esposizione '
                'indaga il rapporto profondo tra materia, gesto e combustione. '
                'Il fuoco, elemento ancestrale e ambivalente, diventa per '
                'Boghossian forza generativa capace di incidere, modificare e '
                'rivelare la struttura intima dei materiali, dando origine a '
                'superfici stratificate, segnate, vive. In Pyros, la '
                'combustione non è distruzione ma atto creativo, una scrittura '
                'primordiale che attraversa tela, carta e materiali compositi. '
                'Le opere in mostra restituiscono una tensione costante tra '
                'controllo e imprevedibilità, tra volontà dell’artista e '
                'autonomia dell’elemento naturale. Il risultato è un corpus di '
                'lavori in cui il tempo, la memoria e la materia dialogano in '
                'un equilibrio fragile e potente, evocando al contempo '
                'ritualità arcaiche e una sensibilità pienamente '
                'contemporanea. Con questa mostra, Arionte Arte Contemporanea '
                'conferma il proprio impegno nella promozione di pratiche '
                'artistiche che mettono in relazione sperimentazione, ricerca '
                'concettuale e dimensione materica, offrendo al pubblico '
                'catanese un progetto espositivo di respiro internazionale. '
                'L’inaugurazione si terrà sabato 31 gennaio 2026 alle ore '
                "18:30. La mostra sarà visitabile fino all'1 marzo 2026.",
 'image_url': '//citynews-cataniatoday.stgy.ovh/~media/horizontal-mid/12649086465751/jean-boghossian-pyros-fuoco-e-materia.jpg',
 'location_address': 'Via Vittorio Emanuele II, 120',
 'location_name': 'ARIONTE ARTE CONTEMPORANEA',
 'price': 'Gratis',
 'scraped_at': '2026-01-30T14:22:48.847376',
 'time_info': 'vernissage ore 18,30',
 'title': "Mostra 'Pyros, fuoco e materia' di Jean Boghossian",
 'url': 'https://www.cataniatoday.it/eventi/jean-boghossian-pyros-fuoco-e-materia-jean-boghossian-13455141.html',
 'uuid': 'be6f94d74663b18f'}
[2026-01-30T14:22:56.284+0000] {docker.py:429} INFO - 2026-01-30 14:22:56 [scrapy.core.engine] DEBUG: Crawled (200) <GET https://www.cataniatoday.it/eventi/mostra-gabriele-celsa-claff-agata-street-stories.html> (referer: https://www.cataniatoday.it/eventi/dal/2026-01-30/al/2026-02-01/)
[2026-01-30T14:22:56.405+0000] {docker.py:429} INFO - 2026-01-30 14:22:56 [scrapy.core.scraper] DEBUG: Scraped from <200 https://www.cataniatoday.it/eventi/mostra-gabriele-celsa-claff-agata-street-stories.html>
{'category': 'Mostre',
 'city': 'Catania',
 'content_hash': 'dd55c85448276ef5',
 'date_end': '2026-03-08',
 'date_start': '2026-01-26',
 'dates': [{'date': '2026-01-26', 'time_start': '9:00', 'weekday': 'Lunedì'},
           {'date': '2026-01-27', 'time_start': '9:00', 'weekday': 'Martedì'},
           {'date': '2026-01-28', 'time_start': '9:00', 'weekday': 'Mercoledì'},
           {'date': '2026-01-29', 'time_start': '9:00', 'weekday': 'Giovedì'},
           {'date': '2026-01-30', 'time_start': '9:00', 'weekday': 'Venerdì'},
           {'date': '2026-01-31', 'time_start': '9:00', 'weekday': 'Sabato'},
           {'date': '2026-02-01', 'time_start': '9:00', 'weekday': 'Domenica'},
           {'date': '2026-02-02', 'time_start': '9:00', 'weekday': 'Lunedì'},
           {'date': '2026-02-03', 'time_start': '9:00', 'weekday': 'Martedì'},
           {'date': '2026-02-04', 'time_start': '9:00', 'weekday': 'Mercoledì'},
           {'date': '2026-02-05', 'time_start': '9:00', 'weekday': 'Giovedì'},
           {'date': '2026-02-06', 'time_start': '9:00', 'weekday': 'Venerdì'},
           {'date': '2026-02-07', 'time_start': '9:00', 'weekday': 'Sabato'},
           {'date': '2026-02-08', 'time_start': '9:00', 'weekday': 'Domenica'},
           {'date': '2026-02-09', 'time_start': '9:00', 'weekday': 'Lunedì'},
           {'date': '2026-02-10', 'time_start': '9:00', 'weekday': 'Martedì'},
           {'date': '2026-02-11', 'time_start': '9:00', 'weekday': 'Mercoledì'},
           {'date': '2026-02-12', 'time_start': '9:00', 'weekday': 'Giovedì'},
           {'date': '2026-02-13', 'time_start': '9:00', 'weekday': 'Venerdì'},
           {'date': '2026-02-14', 'time_start': '9:00', 'weekday': 'Sabato'},
           {'date': '2026-02-15', 'time_start': '9:00', 'weekday': 'Domenica'},
           {'date': '2026-02-16', 'time_start': '9:00', 'weekday': 'Lunedì'},
           {'date': '2026-02-17', 'time_start': '9:00', 'weekday': 'Martedì'},
           {'date': '2026-02-18', 'time_start': '9:00', 'weekday': 'Mercoledì'},
           {'date': '2026-02-19', 'time_start': '9:00', 'weekday': 'Giovedì'},
           {'date': '2026-02-20', 'time_start': '9:00', 'weekday': 'Venerdì'},
           {'date': '2026-02-21', 'time_start': '9:00', 'weekday': 'Sabato'},
           {'date': '2026-02-22', 'time_start': '9:00', 'weekday': 'Domenica'},
           {'date': '2026-02-23', 'time_start': '9:00', 'weekday': 'Lunedì'},
           {'date': '2026-02-24', 'time_start': '9:00', 'weekday': 'Martedì'},
           {'date': '2026-02-25', 'time_start': '9:00', 'weekday': 'Mercoledì'},
           {'date': '2026-02-26', 'time_start': '9:00', 'weekday': 'Giovedì'},
           {'date': '2026-02-27', 'time_start': '9:00', 'weekday': 'Venerdì'},
           {'date': '2026-02-28', 'time_start': '9:00', 'weekday': 'Sabato'},
           {'date': '2026-03-01', 'time_start': '9:00', 'weekday': 'Domenica'},
           {'date': '2026-03-02', 'time_start': '9:00', 'weekday': 'Lunedì'},
           {'date': '2026-03-03', 'time_start': '9:00', 'weekday': 'Martedì'},
           {'date': '2026-03-04', 'time_start': '9:00', 'weekday': 'Mercoledì'},
           {'date': '2026-03-05', 'time_start': '9:00', 'weekday': 'Giovedì'},
           {'date': '2026-03-06', 'time_start': '9:00', 'weekday': 'Venerdì'},
           {'date': '2026-03-07', 'time_start': '9:00', 'weekday': 'Sabato'},
           {'date': '2026-03-08', 'time_start': '9:00', 'weekday': 'Domenica'}],
 'description': "All'interno del CLAFF (Via Firenze 233/C, Catania) dal 26 "
                "gennaio all'8 marzo 2026 appuntamento con la mostra "
                "fotografica di Gabriele Celsa dal titolo 'Agata - Street "
                "Stories'. Ingresso libero. La Festa di Sant’Agata diventa il "
                'terreno visivo in cui la street photography incontra '
                'tradizione, fede e folklore. Questa serie di 21 scatti in '
                'bianco e nero cristallizzano la città nel suo momento di '
                'massima intensità: le strade trasformate in fiume umano, i '
                'volti segnati dalla devozione, le mani che si muovono '
                'all’unisono, la luce che taglia la folla. Ogni scatto è una '
                'nota di campo, è una storia, un frammento catturato senza '
                'posa, dove il fotografo si confonde tra i devoti per lasciar '
                'parlare la città stessa. '
                '{"type":"gallery","object":{"title":"Mostra Agata Street '
                'Stories","description":"","uri":"https:\\/\\/www.cataniatoday.it\\/foto\\/eventi\\/mostra-agata-street-stories\\/","medias":[{"title":"DSCF0893","description":"","image":"https:\\/\\/citynews-cataniatoday.stgy.ovh\\/~media\\/horizontal-hi\\/16305839303090\\/dscf0893.jpg","uri":"https:\\/\\/www.cataniatoday.it\\/foto\\/eventi\\/mostra-agata-street-stories\\/dscf0893.html"},{"title":"DSCF0948","description":"","image":"https:\\/\\/citynews-cataniatoday.stgy.ovh\\/~media\\/horizontal-hi\\/4915178565781\\/dscf0948.jpg","uri":"https:\\/\\/www.cataniatoday.it\\/foto\\/eventi\\/mostra-agata-street-stories\\/dscf0948.html"},{"title":"DSCF1344","description":"","image":"https:\\/\\/citynews-cataniatoday.stgy.ovh\\/~media\\/horizontal-hi\\/52247617005917\\/dscf1344.jpg","uri":"https:\\/\\/www.cataniatoday.it\\/foto\\/eventi\\/mostra-agata-street-stories\\/dscf1344.html"},{"title":"DSCF1360","description":"","image":"https:\\/\\/citynews-cataniatoday.stgy.ovh\\/~media\\/horizontal-hi\\/1084616254611\\/dscf1360.jpg","uri":"https:\\/\\/www.cataniatoday.it\\/foto\\/eventi\\/mostra-agata-street-stories\\/dscf1360.html"}]}} '
                'Il progetto è una ricerca sul rapporto tra gesto spontaneo e '
                'rituale, tra massa e individuo, tra caos urbano e '
                'spiritualità popolare. Un’esposizione che non celebra, ma '
                'osserva; non ricostruisce, ma registra l’autenticità pulsante '
                'della festa nel suo cuore più reale. Fotografie di Gabriele '
                "Celsa. L'Installazione artistica che troverete alla mostra è "
                'a cura di Angela Licciardi.',
 'image_url': '//citynews-cataniatoday.stgy.ovh/~media/horizontal-mid/32088219655333/rettangolo-per-catania-today.jpg',
 'location_address': 'Via Firenze, 233',
 'location_name': 'CLAFF (Coffee Lab and Fusion Food)',
 'price': 'Gratis',
 'scraped_at': '2026-01-30T14:22:48.846322',
 'time_info': '9.00/17.00',
 'title': "Mostra 'Agata: street stories' al CLAFF",
 'url': 'https://www.cataniatoday.it/eventi/mostra-gabriele-celsa-claff-agata-street-stories.html',
 'uuid': '81432f110eed1836'}
[2026-01-30T14:22:57.538+0000] {docker.py:429} INFO - 2026-01-30 14:22:57 [scrapy.core.engine] DEBUG: Crawled (200) <GET https://www.cataniatoday.it/eventi/mostra-si-muove-citta-catania-gennaio-2026.html> (referer: https://www.cataniatoday.it/eventi/dal/2026-01-30/al/2026-02-01/)
[2026-01-30T14:22:57.653+0000] {docker.py:429} INFO - 2026-01-30 14:22:57 [scrapy.core.scraper] DEBUG: Scraped from <200 https://www.cataniatoday.it/eventi/mostra-si-muove-citta-catania-gennaio-2026.html>
{'category': 'Mostre',
 'city': 'Catania',
 'content_hash': '4738ed864fa5566e',
 'date_end': '2026-02-12',
 'date_start': '2026-01-10',
 'dates': [{'date': '2026-01-10', 'time_start': '9:00', 'weekday': 'Sabato'},
           {'date': '2026-01-11', 'time_start': '9:00', 'weekday': 'Domenica'},
           {'date': '2026-01-12', 'time_start': '9:00', 'weekday': 'Lunedì'},
           {'date': '2026-01-13', 'time_start': '9:00', 'weekday': 'Martedì'},
           {'date': '2026-01-14', 'time_start': '9:00', 'weekday': 'Mercoledì'},
           {'date': '2026-01-15', 'time_start': '9:00', 'weekday': 'Giovedì'},
           {'date': '2026-01-16', 'time_start': '9:00', 'weekday': 'Venerdì'},
           {'date': '2026-01-17', 'time_start': '9:00', 'weekday': 'Sabato'},
           {'date': '2026-01-18', 'time_start': '9:00', 'weekday': 'Domenica'},
           {'date': '2026-01-19', 'time_start': '9:00', 'weekday': 'Lunedì'},
           {'date': '2026-01-20', 'time_start': '9:00', 'weekday': 'Martedì'},
           {'date': '2026-01-21', 'time_start': '9:00', 'weekday': 'Mercoledì'},
           {'date': '2026-01-22', 'time_start': '9:00', 'weekday': 'Giovedì'},
           {'date': '2026-01-23', 'time_start': '9:00', 'weekday': 'Venerdì'},
           {'date': '2026-01-24', 'time_start': '9:00', 'weekday': 'Sabato'},
           {'date': '2026-01-25', 'time_start': '9:00', 'weekday': 'Domenica'},
           {'date': '2026-01-26', 'time_start': '9:00', 'weekday': 'Lunedì'},
           {'date': '2026-01-27', 'time_start': '9:00', 'weekday': 'Martedì'},
           {'date': '2026-01-28', 'time_start': '9:00', 'weekday': 'Mercoledì'},
           {'date': '2026-01-29', 'time_start': '9:00', 'weekday': 'Giovedì'},
           {'date': '2026-01-30', 'time_start': '9:00', 'weekday': 'Venerdì'},
           {'date': '2026-01-31', 'time_start': '9:00', 'weekday': 'Sabato'},
           {'date': '2026-02-01', 'time_start': '9:00', 'weekday': 'Domenica'},
           {'date': '2026-02-02', 'time_start': '9:00', 'weekday': 'Lunedì'},
           {'date': '2026-02-03', 'time_start': '9:00', 'weekday': 'Martedì'},
           {'date': '2026-02-04', 'time_start': '9:00', 'weekday': 'Mercoledì'},
           {'date': '2026-02-05', 'time_start': '9:00', 'weekday': 'Giovedì'},
           {'date': '2026-02-06', 'time_start': '9:00', 'weekday': 'Venerdì'},
           {'date': '2026-02-07', 'time_start': '9:00', 'weekday': 'Sabato'},
           {'date': '2026-02-08', 'time_start': '9:00', 'weekday': 'Domenica'},
           {'date': '2026-02-09', 'time_start': '9:00', 'weekday': 'Lunedì'},
           {'date': '2026-02-10', 'time_start': '9:00', 'weekday': 'Martedì'},
           {'date': '2026-02-11', 'time_start': '9:00', 'weekday': 'Mercoledì'},
           {'date': '2026-02-12', 'time_start': '9:00', 'weekday': 'Giovedì'}],
 'description': 'Sabato 10 gennaio 2026, alle ore 10:30, il Museo Diocesano di '
                'Catania ospiterà l\'inaugurazione di "Si muove la città – '
                'Sguardi sul quartiere San Cristoforo", mostra fotografica '
                "promossa dalla Caritas diocesana di Catania nell'ambito del "
                'progetto nazionale "Percorsi di speranza" di Caritas Italiana '
                'e realizzata con la collaborazione del dipartimento di '
                "Scienze Politiche e Sociali dell'Università di Catania e con "
                'il contributo di associazioni e parrocchie del territorio. '
                "Sarà presente l'Arcivescovo di Catania, monsignor Luigi "
                'Renna. Attraverso 18 scatti, realizzati principalmente da '
                'under 35, la mostra fotografica svela luoghi e abitanti del '
                'quartiere San Cristoforo per ribaltarne la narrazione e '
                'restituirne complessità, contraddizioni e straordinaria '
                'vitalità.La mostra, a ingresso libero, sarà fruibile dal 10 '
                'gennaio al 12 febbraio del 2026, dal lunedì alla domenica '
                '(9/18).',
 'image_url': '//citynews-cataniatoday.stgy.ovh/~media/horizontal-mid/16441660895143/invito.jpeg',
 'location_address': 'Via Etnea, 8',
 'location_name': 'Museo Diocesano di Catania',
 'price': 'Gratis',
 'scraped_at': '2026-01-30T14:22:48.845240',
 'time_info': '9.00/18.00',
 'title': 'Mostra fotografica "Si muove la città. Sguardi sul quartiere San '
          'Cristoforo"',
 'url': 'https://www.cataniatoday.it/eventi/mostra-si-muove-citta-catania-gennaio-2026.html',
 'uuid': '91dacc50366d32ca'}
[2026-01-30T14:22:58.371+0000] {docker.py:429} INFO - 2026-01-30 14:22:58 [scrapy.core.engine] DEBUG: Crawled (200) <GET https://www.cataniatoday.it/eventi/mostra-abiti-agata-gennaio-febbraio-2026.html> (referer: https://www.cataniatoday.it/eventi/dal/2026-01-30/al/2026-02-01/)
[2026-01-30T14:22:58.486+0000] {docker.py:429} INFO - 2026-01-30 14:22:58 [scrapy.core.scraper] DEBUG: Scraped from <200 https://www.cataniatoday.it/eventi/mostra-abiti-agata-gennaio-febbraio-2026.html>
{'category': 'Manifestazioni',
 'city': 'Catania',
 'content_hash': '60f7348edac210d6',
 'date_end': '2026-02-06',
 'date_start': '2026-01-31',
 'dates': [{'date': '2026-01-31', 'time_start': '9:00', 'weekday': 'Sabato'},
           {'date': '2026-02-01', 'time_start': '9:00', 'weekday': 'Domenica'},
           {'date': '2026-02-02', 'time_start': '9:00', 'weekday': 'Lunedì'},
           {'date': '2026-02-03', 'time_start': '9:00', 'weekday': 'Martedì'},
           {'date': '2026-02-04', 'time_start': '9:00', 'weekday': 'Mercoledì'},
           {'date': '2026-02-05', 'time_start': '9:00', 'weekday': 'Giovedì'},
           {'date': '2026-02-06', 'time_start': '9:00', 'weekday': 'Venerdì'}],
 'description': 'L’evento, curato dalla professoressa Maria Liliana Nigro, '
                'docente di Storia del Costume per lo Spettacolo, in questa '
                'edizione 2026 trae ispirazione dal novecentesimo anniversario '
                'dal ritorno delle reliquie della Santa da Costantinopoli a '
                'Catania, approdate nel porto di Aci Castello, in un anno '
                'giubilare che intreccia fede, storia e memoria. La mostra '
                'promossa e organizzata dall’Accademia di belle arti di '
                'Catania con il contributo del Sovrano Ordine di San Giovanni '
                'di Gerusalemme, il patrocinio del Comune di Catania, Città '
                'Metropolitana di Catania, Il Comitato per la Festa di '
                'Sant’Agata e Co.Ve,I., sarà inaugurata il 31 gennaio al '
                'Centro Fieristico Le Ciminiere con la partecipazione di Diego '
                'Dalla Palma, testimonial ufficiale dell’evento. Oltre '
                'all’esposizione degli oltre 100 abiti in concorso realizzati '
                'dagli studenti dell’Accademia, durante la serata il pubblico '
                'potrà assistere alla sfilata di 150 abiti storici, '
                'selezionati tra i più significativi delle passate edizioni e '
                'all’esibizione del Coro "Pazzi per il canto" di CTA Villa '
                'Letizia diretto da Carmen Bisicchia e Marisol Fichera e della '
                'jazzista Morgana Santini e del gruppo Palmarum Insula (canti '
                'e danze popolari).',
 'image_url': '//citynews-cataniatoday.stgy.ovh/~media/horizontal-mid/45833277071848/image002-27.jpg',
 'location_address': 'Viale Africa 12',
 'location_name': 'Le Ciminiere',
 'price': 'Gratis',
 'scraped_at': '2026-01-30T14:22:48.844692',
 'time_info': 'dalle 9.00',
 'title': 'Mostra di abiti e costumi “AGATA 900, il viaggio”',
 'url': 'https://www.cataniatoday.it/eventi/mostra-abiti-agata-gennaio-febbraio-2026.html',
 'uuid': '510970b124bdd0f6'}
[2026-01-30T14:23:00.525+0000] {docker.py:429} INFO - 2026-01-30 14:23:00 [scrapy.core.engine] DEBUG: Crawled (200) <GET https://www.cataniatoday.it/eventi/officine-artistiche-catania-gennaio-febbraio-2026.html> (referer: https://www.cataniatoday.it/eventi/dal/2026-01-30/al/2026-02-01/)
[2026-01-30T14:23:00.638+0000] {docker.py:429} INFO - 2026-01-30 14:23:00 [scrapy.core.scraper] DEBUG: Scraped from <200 https://www.cataniatoday.it/eventi/officine-artistiche-catania-gennaio-febbraio-2026.html>
{'category': 'Manifestazioni',
 'city': 'Catania',
 'content_hash': 'b292a269ad3ca1c7',
 'date_end': '2026-02-22',
 'date_start': '2026-01-11',
 'dates': [{'date': '2026-01-11', 'time_start': '10:30', 'weekday': 'Domenica'},
           {'date': '2026-01-12', 'time_start': '10:30', 'weekday': 'Lunedì'},
           {'date': '2026-01-13', 'time_start': '10:30', 'weekday': 'Martedì'},
           {'date': '2026-01-14',
            'time_start': '10:30',
            'weekday': 'Mercoledì'},
           {'date': '2026-01-15', 'time_start': '10:30', 'weekday': 'Giovedì'},
           {'date': '2026-01-16', 'time_start': '10:30', 'weekday': 'Venerdì'},
           {'date': '2026-01-17', 'time_start': '10:30', 'weekday': 'Sabato'},
           {'date': '2026-01-18', 'time_start': '10:30', 'weekday': 'Domenica'},
           {'date': '2026-01-19', 'time_start': '10:30', 'weekday': 'Lunedì'},
           {'date': '2026-01-20', 'time_start': '10:30', 'weekday': 'Martedì'},
           {'date': '2026-01-21',
            'time_start': '10:30',
            'weekday': 'Mercoledì'},
           {'date': '2026-01-22', 'time_start': '10:30', 'weekday': 'Giovedì'},
           {'date': '2026-01-23', 'time_start': '10:30', 'weekday': 'Venerdì'},
           {'date': '2026-01-24', 'time_start': '10:30', 'weekday': 'Sabato'},
           {'date': '2026-01-25', 'time_start': '10:30', 'weekday': 'Domenica'},
           {'date': '2026-01-26', 'time_start': '10:30', 'weekday': 'Lunedì'},
           {'date': '2026-01-27', 'time_start': '10:30', 'weekday': 'Martedì'},
           {'date': '2026-01-28',
            'time_start': '10:30',
            'weekday': 'Mercoledì'},
           {'date': '2026-01-29', 'time_start': '10:30', 'weekday': 'Giovedì'},
           {'date': '2026-01-30', 'time_start': '10:30', 'weekday': 'Venerdì'},
           {'date': '2026-01-31', 'time_start': '10:30', 'weekday': 'Sabato'},
           {'date': '2026-02-01', 'time_start': '10:30', 'weekday': 'Domenica'},
           {'date': '2026-02-02', 'time_start': '10:30', 'weekday': 'Lunedì'},
           {'date': '2026-02-03', 'time_start': '10:30', 'weekday': 'Martedì'},
           {'date': '2026-02-04',
            'time_start': '10:30',
            'weekday': 'Mercoledì'},
           {'date': '2026-02-05', 'time_start': '10:30', 'weekday': 'Giovedì'},
           {'date': '2026-02-06', 'time_start': '10:30', 'weekday': 'Venerdì'},
           {'date': '2026-02-07', 'time_start': '10:30', 'weekday': 'Sabato'},
           {'date': '2026-02-08', 'time_start': '10:30', 'weekday': 'Domenica'},
           {'date': '2026-02-09', 'time_start': '10:30', 'weekday': 'Lunedì'},
           {'date': '2026-02-10', 'time_start': '10:30', 'weekday': 'Martedì'},
           {'date': '2026-02-11',
            'time_start': '10:30',
            'weekday': 'Mercoledì'},
           {'date': '2026-02-12', 'time_start': '10:30', 'weekday': 'Giovedì'},
           {'date': '2026-02-13', 'time_start': '10:30', 'weekday': 'Venerdì'},
           {'date': '2026-02-14', 'time_start': '10:30', 'weekday': 'Sabato'},
           {'date': '2026-02-15', 'time_start': '10:30', 'weekday': 'Domenica'},
           {'date': '2026-02-16', 'time_start': '10:30', 'weekday': 'Lunedì'},
           {'date': '2026-02-17', 'time_start': '10:30', 'weekday': 'Martedì'},
           {'date': '2026-02-18',
            'time_start': '10:30',
            'weekday': 'Mercoledì'},
           {'date': '2026-02-19', 'time_start': '10:30', 'weekday': 'Giovedì'},
           {'date': '2026-02-20', 'time_start': '10:30', 'weekday': 'Venerdì'},
           {'date': '2026-02-21', 'time_start': '10:30', 'weekday': 'Sabato'},
           {'date': '2026-02-22',
            'time_start': '10:30',
            'weekday': 'Domenica'}],
 'description': 'Officine Artistiche è il nuovo ciclo di laboratori per '
                'bambini e bambine: quattro appuntamenti per trasformarsi in '
                'piccoli artisti e artiste alla scoperta del patrimonio '
                'culturale! Immersi negli scenari dell’Orto Botanico di '
                'Catania, del Monastero dei Benedettini e del Museo di '
                'Archeologia dell’Università di Catania, andremo alla scoperta '
                'di diverse tecniche artistiche utilizzate dal passato fino ai '
                'nostri giorni! Realizzeremo un singolare ritratto con la '
                'tecnica del collage e impareremo l’antica e preziosa arte '
                'della miniatura. Creeremo le nostre piccole e personali '
                'decorazioni barocche utilizzando la cartapesta e ci '
                'cimenteremo nella manipolazione dell’argilla. Il primo '
                'appuntamento si svolgerà domenica 11 gennaio alle 10:30 al '
                'Monastero dei Benedettini con il laboratorio “Storie '
                'miniate”: bambine e bambini, attraverso un viaggio tra le '
                'antiche mura del Monastero dei Benedettini, scopriranno la '
                'vita e le abitudini dei monaci, esplorando la scrittura e la '
                'raffinata arte della miniatura. Al termine, impugnando penna '
                'd’oca, pergamena e ceralacca, lasceranno libera la fantasia '
                'per creare il proprio “documento. Ogni appuntamento è unico e '
                'si può acquistare singolarmente al prezzo di 9€, ma insieme '
                'formano un percorso completo e coinvolgente: scopri il '
                'calendario completo su officineculturali.net e approfitta '
                'della tariffa speciale di 4 laboratori al prezzo di 30€ '
                'anziché 36€. Il laboratorio, a cura di Officine Culturali in '
                'collaborazione con l’Università di Catania, prevede la '
                'partecipazione solo di bambini e bambine. L’attività è '
                'rivolta alla fascia d’età 5 – 9 anni e per partecipare è '
                'necessaria la prenotazione.',
 'image_url': '//citynews-cataniatoday.stgy.ovh/~media/horizontal-mid/24372250676580/banner_calendario_officineartistiche.jpg',
 'location_address': None,
 'location_name': 'Orto Botanico di Catania, Monastero dei Benedettini, Museo '
                  'di Archeologia dell’Università di Catania',
 'price': 'Prezzo non disponibile',
 'scraped_at': '2026-01-30T14:22:48.843998',
 'time_info': '10.30',
 'title': 'Officine Artistiche: laboratori ludico didattici per bambine e '
          'bambini',
 'url': 'https://www.cataniatoday.it/eventi/officine-artistiche-catania-gennaio-febbraio-2026.html',
 'uuid': 'e3b717c3c40718c9'}
[2026-01-30T14:23:01.721+0000] {docker.py:429} INFO - 2026-01-30 14:23:01 [scrapy.core.engine] DEBUG: Crawled (200) <GET https://www.cataniatoday.it/eventi/spettacolo-uomo-bestia-virtu-catania-gennaio-2026.html> (referer: https://www.cataniatoday.it/eventi/dal/2026-01-30/al/2026-02-01/)
[2026-01-30T14:23:01.831+0000] {docker.py:429} INFO - 2026-01-30 14:23:01 [scrapy.core.scraper] DEBUG: Scraped from <200 https://www.cataniatoday.it/eventi/spettacolo-uomo-bestia-virtu-catania-gennaio-2026.html>
{'category': 'Teatri',
 'city': 'Catania',
 'content_hash': '40dd0f6d556fac5b',
 'date_end': '2026-02-01',
 'date_start': '2026-01-10',
 'dates': [{'date': '2026-01-10', 'weekday': 'Sabato'},
           {'date': '2026-01-11', 'weekday': 'Domenica'},
           {'date': '2026-01-12', 'weekday': 'Lunedì'},
           {'date': '2026-01-13', 'weekday': 'Martedì'},
           {'date': '2026-01-14', 'weekday': 'Mercoledì'},
           {'date': '2026-01-15', 'weekday': 'Giovedì'},
           {'date': '2026-01-16', 'weekday': 'Venerdì'},
           {'date': '2026-01-17', 'weekday': 'Sabato'},
           {'date': '2026-01-18', 'weekday': 'Domenica'},
           {'date': '2026-01-19', 'weekday': 'Lunedì'},
           {'date': '2026-01-20', 'weekday': 'Martedì'},
           {'date': '2026-01-21', 'weekday': 'Mercoledì'},
           {'date': '2026-01-22', 'weekday': 'Giovedì'},
           {'date': '2026-01-23', 'weekday': 'Venerdì'},
           {'date': '2026-01-24', 'weekday': 'Sabato'},
           {'date': '2026-01-25', 'weekday': 'Domenica'},
           {'date': '2026-01-26', 'weekday': 'Lunedì'},
           {'date': '2026-01-27', 'weekday': 'Martedì'},
           {'date': '2026-01-28', 'weekday': 'Mercoledì'},
           {'date': '2026-01-29', 'weekday': 'Giovedì'},
           {'date': '2026-01-30', 'weekday': 'Venerdì'},
           {'date': '2026-01-31', 'weekday': 'Sabato'},
           {'date': '2026-02-01', 'weekday': 'Domenica'}],
 'description': 'Dal 10 gennaio all’1 febbraio 2026, andrà in scena a Catania '
                '“L’uomo, la bestia e la virtù” di Luigi Pirandello nella '
                'superba interpretazione di EDUARDO SAITTA e SALVO SAITTA. '
                'Prodotto dall’associazione culturale Progetto Teatrando e '
                'diretto da Plinio Milazzo, lo spettacolo rientra nella nuova '
                'stagione al Teatro Musco con la direzione artistica di '
                'Francesca Ferro. Biglietti disponibili al link '
                'https://www.liveticket.it/opera.aspx?Id=633037 . Teatro '
                'Angelo Musco Via Umberto I, 312 - 95129 Catania (CT) '
                'Botteghino presso il Teatro Abc Via Pietro Mascagni, 94 - '
                '95129 Catania (CT) Info: tel +39 095 538188 / cell +39 333 '
                '7781632 Orari biglietteria: da lunedì a sabato dalle 16 alle '
                '20 - giovedì dalle 10 alle 13 e dalle 16 alle 20 Link per '
                'acquisto biglietti spettacoli: '
                'https://www.liveticket.it/opera.aspx?Id=633037',
 'image_url': '//citynews-cataniatoday.stgy.ovh/~media/horizontal-mid/64124155863248/l-uomo-la-bestia-e-la-virtu-foto-1.jpg',
 'location_address': 'Via Umberto I, 312',
 'location_name': 'Teatro Angelo Musco',
 'price': 'Prezzo non disponibile',
 'scraped_at': '2026-01-30T14:22:48.842496',
 'time_info': 'Orario non disponibile',
 'title': "Spettacolo 'L'uomo, la bestia e la virtù' al Teatro Angelo Musco",
 'url': 'https://www.cataniatoday.it/eventi/spettacolo-uomo-bestia-virtu-catania-gennaio-2026.html',
 'uuid': '618fb395c8e99b2f'}
[2026-01-30T14:23:03.023+0000] {docker.py:429} INFO - 2026-01-30 14:23:03 [scrapy.core.engine] DEBUG: Crawled (200) <GET https://www.cataniatoday.it/eventi/l-uomo-la-bestia-e-la-virtu-a-catania-il-capolavoro-grottesco-di-pirandello-nella-superba-interpretazione-di-eduardo-e-salvo-saitta-eduardo-e-salvo-saitta-13356207.html> (referer: https://www.cataniatoday.it/eventi/dal/2026-01-30/al/2026-02-01/)
[2026-01-30T14:23:03.135+0000] {docker.py:429} INFO - 2026-01-30 14:23:03 [scrapy.core.scraper] DEBUG: Scraped from <200 https://www.cataniatoday.it/eventi/l-uomo-la-bestia-e-la-virtu-a-catania-il-capolavoro-grottesco-di-pirandello-nella-superba-interpretazione-di-eduardo-e-salvo-saitta-eduardo-e-salvo-saitta-13356207.html>
{'category': None,
 'city': 'Catania',
 'content_hash': '6e66a9071e94bf5c',
 'date_end': '2026-02-01',
 'date_start': '2026-01-10',
 'dates': [{'date': '2026-01-10', 'time_start': '21:00', 'weekday': 'Sabato'},
           {'date': '2026-01-11', 'time_start': '21:00', 'weekday': 'Domenica'},
           {'date': '2026-01-12', 'time_start': '21:00', 'weekday': 'Lunedì'},
           {'date': '2026-01-13', 'time_start': '21:00', 'weekday': 'Martedì'},
           {'date': '2026-01-14',
            'time_start': '21:00',
            'weekday': 'Mercoledì'},
           {'date': '2026-01-15', 'time_start': '21:00', 'weekday': 'Giovedì'},
           {'date': '2026-01-16', 'time_start': '21:00', 'weekday': 'Venerdì'},
           {'date': '2026-01-17', 'time_start': '21:00', 'weekday': 'Sabato'},
           {'date': '2026-01-18', 'time_start': '21:00', 'weekday': 'Domenica'},
           {'date': '2026-01-19', 'time_start': '21:00', 'weekday': 'Lunedì'},
           {'date': '2026-01-20', 'time_start': '21:00', 'weekday': 'Martedì'},
           {'date': '2026-01-21',
            'time_start': '21:00',
            'weekday': 'Mercoledì'},
           {'date': '2026-01-22', 'time_start': '21:00', 'weekday': 'Giovedì'},
           {'date': '2026-01-23', 'time_start': '21:00', 'weekday': 'Venerdì'},
           {'date': '2026-01-24', 'time_start': '21:00', 'weekday': 'Sabato'},
           {'date': '2026-01-25', 'time_start': '21:00', 'weekday': 'Domenica'},
           {'date': '2026-01-26', 'time_start': '21:00', 'weekday': 'Lunedì'},
           {'date': '2026-01-27', 'time_start': '21:00', 'weekday': 'Martedì'},
           {'date': '2026-01-28',
            'time_start': '21:00',
            'weekday': 'Mercoledì'},
           {'date': '2026-01-29', 'time_start': '21:00', 'weekday': 'Giovedì'},
           {'date': '2026-01-30', 'time_start': '21:00', 'weekday': 'Venerdì'},
           {'date': '2026-01-31', 'time_start': '21:00', 'weekday': 'Sabato'},
           {'date': '2026-02-01',
            'time_start': '21:00',
            'weekday': 'Domenica'}],
 'description': 'Dal 10 gennaio all’1 febbraio 2026, andrà in scena a Catania '
                '“L’uomo, la bestia e la virtù” di Luigi Pirandello nella '
                'superba interpretazione di Eduardo Saitta e Salvo Saitta. '
                'Prodotto dall’associazione culturale Progetto Teatrando e '
                'diretto da Plinio Milazzo, lo spettacolo rientra nella nuova '
                'stagione al Teatro Musco con la direzione artistica di '
                'Francesca Ferro. Biglietti disponibili al link '
                'https://www.liveticket.it/opera.aspx?Id=633037. Scritta nel '
                '1919, “L’uomo, la bestia e la virtù” è una delle commedie più '
                'corrosive e attuali di Pirandello. Una feroce satira '
                'sull’ipocrisia borghese, sul perbenismo di facciata e sulle '
                'maschere sociali dietro cui si celano istinti e '
                'contraddizioni umane. Tra comicità grottesca e tensione '
                'morale, il geniale drammaturgo agrigentino, Premio Nobel per '
                'la letteratura nel 1934, smaschera una società che condanna '
                'il peccato solo quando diventa pubblico scandalo. L’uomo del '
                'titolo è Il trasparente professor Paolino. “Virtuoso” solo di '
                'facciata, è l’amante segreto della signora Perella (la '
                'virtù), moglie abbandonata da un marito violento e assente, '
                'il Capitano (la bestia). Quando la donna resta incinta, '
                'Paolino escogita un piano per salvare le apparenze: '
                'convincere il marito a comportarsi da marito. «Di chi è la '
                'colpa se il proprietario lascia un terreno abbandonato senza '
                'curarsene e su questo terreno c’è un albero, uno passa, '
                'raccoglie un frutto di quell’albero e lo mangia, poi ne butta '
                'il nocciolo senza curarsene. Se da quel nocciolo nasce un '
                'altro albero, di chi è? Non lo ha voluto né l’albero, né il '
                'passante che ha mangiato il frutto. Spetta al proprietario '
                'della terra che non ne ha avuto cura». Tra fraintendimenti, '
                'finzioni morali e tensione comica, la rappresentazione di '
                'un’esilarante lotta tra ciò che siamo, ciò che fingiamo di '
                'essere e ciò che non vogliamo ammettere di essere. La regia '
                'di Plinio Milazzo restituisce al testo tutta la sua forza '
                'teatrale, puntando su ritmo, precisione interpretativa e una '
                'messinscena capace di dialogare con la sensibilità '
                'contemporanea. Le interpretazioni di Eduardo e Salvo Saitta, '
                'affiancati da Francesca Agate, danno vita a personaggi '
                'complessi e ambigui, in un sapiente gioco che alterna ironia, '
                'sarcasmo e profonda riflessione. Con loro, sul palco, '
                'Gianluca Barbagallo, Aldo Toscano, Elisa Franco, Ramona '
                'Polizzi, Adriano Fichera, Giuseppe Parisi e nel ruolo di '
                '“Nonò” Giacomo Lentini. Un grande classico del teatro '
                'italiano torna a vivere sul palcoscenico del Musco, dal 10 '
                'gennaio all’1 febbraio 2026. Al pubblico catanese toccherà '
                'decidere dove starà la vera morale e dove collocare i giusti '
                'valori di uomo, di bestia o di virtù. Teatro Angelo Musco Via '
                'Umberto I, 312 - 95129 Catania (CT) Botteghino presso il '
                'Teatro Abc Via Pietro Mascagni, 94 - 95129 Catania (CT) Info: '
                'tel +39 095 538188 / cell +39 333 7781632 Orari biglietteria: '
                'da lunedì a sabato dalle 16 alle 20 - giovedì dalle 10 alle '
                '13 e dalle 16 alle 20 Link per acquisto biglietti spettacoli: '
                'https://www.liveticket.it/opera.aspx?Id=633037',
 'image_url': '//citynews-cataniatoday.stgy.ovh/~media/horizontal-mid/62656368246621/l-uomo-la-bestia-e-la-virtu-a-catania-il-capolavoro-grottesco-di-pirandello-nella-superba-interpretazione-di-eduardo-e-salvo-saitta.jpg',
 'location_address': 'Via Umberto I, 312',
 'location_name': 'Teatro Musco',
 'price': 'Da € 25,00',
 'scraped_at': '2026-01-30T14:22:48.841912',
 'time_info': '21:00',
 'title': 'L’uomo, la bestia e la virtù: a Catania il capolavoro grottesco di '
          'Pirandello',
 'url': 'https://www.cataniatoday.it/eventi/l-uomo-la-bestia-e-la-virtu-a-catania-il-capolavoro-grottesco-di-pirandello-nella-superba-interpretazione-di-eduardo-e-salvo-saitta-eduardo-e-salvo-saitta-13356207.html',
 'uuid': '63c6b894ef34805d'}
[2026-01-30T14:23:04.072+0000] {docker.py:429} INFO - 2026-01-30 14:23:04 [scrapy.core.engine] DEBUG: Crawled (200) <GET https://www.cataniatoday.it/eventi/monk-jazz-club-10a-stagione-al-via-il-9-gennaio-con-roberto-gatto-13372914.html> (referer: https://www.cataniatoday.it/eventi/dal/2026-01-30/al/2026-02-01/)
[2026-01-30T14:23:04.224+0000] {docker.py:429} INFO - 2026-01-30 14:23:04 [scrapy.core.scraper] DEBUG: Scraped from <200 https://www.cataniatoday.it/eventi/monk-jazz-club-10a-stagione-al-via-il-9-gennaio-con-roberto-gatto-13372914.html>
{'category': 'Concerti',
 'city': 'Catania',
 'content_hash': '2b6a274505ff9a7b',
 'date_end': '2026-04-24',
 'date_start': '2026-01-09',
 'dates': [{'date': '2026-01-09', 'weekday': 'Venerdì'},
           {'date': '2026-01-10', 'weekday': 'Sabato'},
           {'date': '2026-01-11', 'weekday': 'Domenica'},
           {'date': '2026-01-12', 'weekday': 'Lunedì'},
           {'date': '2026-01-13', 'weekday': 'Martedì'},
           {'date': '2026-01-14', 'weekday': 'Mercoledì'},
           {'date': '2026-01-15', 'weekday': 'Giovedì'},
           {'date': '2026-01-16', 'weekday': 'Venerdì'},
           {'date': '2026-01-17', 'weekday': 'Sabato'},
           {'date': '2026-01-18', 'weekday': 'Domenica'},
           {'date': '2026-01-19', 'weekday': 'Lunedì'},
           {'date': '2026-01-20', 'weekday': 'Martedì'},
           {'date': '2026-01-21', 'weekday': 'Mercoledì'},
           {'date': '2026-01-22', 'weekday': 'Giovedì'},
           {'date': '2026-01-23', 'weekday': 'Venerdì'},
           {'date': '2026-01-24', 'weekday': 'Sabato'},
           {'date': '2026-01-25', 'weekday': 'Domenica'},
           {'date': '2026-01-26', 'weekday': 'Lunedì'},
           {'date': '2026-01-27', 'weekday': 'Martedì'},
           {'date': '2026-01-28', 'weekday': 'Mercoledì'},
           {'date': '2026-01-29', 'weekday': 'Giovedì'},
           {'date': '2026-01-30', 'weekday': 'Venerdì'},
           {'date': '2026-01-31', 'weekday': 'Sabato'},
           {'date': '2026-02-01', 'weekday': 'Domenica'},
           {'date': '2026-02-02', 'weekday': 'Lunedì'},
           {'date': '2026-02-03', 'weekday': 'Martedì'},
           {'date': '2026-02-04', 'weekday': 'Mercoledì'},
           {'date': '2026-02-05', 'weekday': 'Giovedì'},
           {'date': '2026-02-06', 'weekday': 'Venerdì'},
           {'date': '2026-02-07', 'weekday': 'Sabato'},
           {'date': '2026-02-08', 'weekday': 'Domenica'},
           {'date': '2026-02-09', 'weekday': 'Lunedì'},
           {'date': '2026-02-10', 'weekday': 'Martedì'},
           {'date': '2026-02-11', 'weekday': 'Mercoledì'},
           {'date': '2026-02-12', 'weekday': 'Giovedì'},
           {'date': '2026-02-13', 'weekday': 'Venerdì'},
           {'date': '2026-02-14', 'weekday': 'Sabato'},
           {'date': '2026-02-15', 'weekday': 'Domenica'},
           {'date': '2026-02-16', 'weekday': 'Lunedì'},
           {'date': '2026-02-17', 'weekday': 'Martedì'},
           {'date': '2026-02-18', 'weekday': 'Mercoledì'},
           {'date': '2026-02-19', 'weekday': 'Giovedì'},
           {'date': '2026-02-20', 'weekday': 'Venerdì'},
           {'date': '2026-02-21', 'weekday': 'Sabato'},
           {'date': '2026-02-22', 'weekday': 'Domenica'},
           {'date': '2026-02-23', 'weekday': 'Lunedì'},
           {'date': '2026-02-24', 'weekday': 'Martedì'},
           {'date': '2026-02-25', 'weekday': 'Mercoledì'},
           {'date': '2026-02-26', 'weekday': 'Giovedì'},
           {'date': '2026-02-27', 'weekday': 'Venerdì'},
           {'date': '2026-02-28', 'weekday': 'Sabato'},
           {'date': '2026-03-01', 'weekday': 'Domenica'},
           {'date': '2026-03-02', 'weekday': 'Lunedì'},
           {'date': '2026-03-03', 'weekday': 'Martedì'},
           {'date': '2026-03-04', 'weekday': 'Mercoledì'},
           {'date': '2026-03-05', 'weekday': 'Giovedì'},
           {'date': '2026-03-06', 'weekday': 'Venerdì'},
           {'date': '2026-03-07', 'weekday': 'Sabato'},
           {'date': '2026-03-08', 'weekday': 'Domenica'},
           {'date': '2026-03-09', 'weekday': 'Lunedì'},
           {'date': '2026-03-10', 'weekday': 'Martedì'},
           {'date': '2026-03-11', 'weekday': 'Mercoledì'},
           {'date': '2026-03-12', 'weekday': 'Giovedì'},
           {'date': '2026-03-13', 'weekday': 'Venerdì'},
           {'date': '2026-03-14', 'weekday': 'Sabato'},
           {'date': '2026-03-15', 'weekday': 'Domenica'},
           {'date': '2026-03-16', 'weekday': 'Lunedì'},
           {'date': '2026-03-17', 'weekday': 'Martedì'},
           {'date': '2026-03-18', 'weekday': 'Mercoledì'},
           {'date': '2026-03-19', 'weekday': 'Giovedì'},
           {'date': '2026-03-20', 'weekday': 'Venerdì'},
           {'date': '2026-03-21', 'weekday': 'Sabato'},
           {'date': '2026-03-22', 'weekday': 'Domenica'},
           {'date': '2026-03-23', 'weekday': 'Lunedì'},
           {'date': '2026-03-24', 'weekday': 'Martedì'},
           {'date': '2026-03-25', 'weekday': 'Mercoledì'},
           {'date': '2026-03-26', 'weekday': 'Giovedì'},
           {'date': '2026-03-27', 'weekday': 'Venerdì'},
           {'date': '2026-03-28', 'weekday': 'Sabato'},
           {'date': '2026-03-29', 'weekday': 'Domenica'},
           {'date': '2026-03-30', 'weekday': 'Lunedì'},
           {'date': '2026-03-31', 'weekday': 'Martedì'},
           {'date': '2026-04-01', 'weekday': 'Mercoledì'},
           {'date': '2026-04-02', 'weekday': 'Giovedì'},
           {'date': '2026-04-03', 'weekday': 'Venerdì'},
           {'date': '2026-04-04', 'weekday': 'Sabato'},
           {'date': '2026-04-05', 'weekday': 'Domenica'},
           {'date': '2026-04-06', 'weekday': 'Lunedì'},
           {'date': '2026-04-07', 'weekday': 'Martedì'},
           {'date': '2026-04-08', 'weekday': 'Mercoledì'},
           {'date': '2026-04-09', 'weekday': 'Giovedì'},
           {'date': '2026-04-10', 'weekday': 'Venerdì'},
           {'date': '2026-04-11', 'weekday': 'Sabato'},
           {'date': '2026-04-12', 'weekday': 'Domenica'},
           {'date': '2026-04-13', 'weekday': 'Lunedì'},
           {'date': '2026-04-14', 'weekday': 'Martedì'},
           {'date': '2026-04-15', 'weekday': 'Mercoledì'},
           {'date': '2026-04-16', 'weekday': 'Giovedì'},
           {'date': '2026-04-17', 'weekday': 'Venerdì'},
           {'date': '2026-04-18', 'weekday': 'Sabato'},
           {'date': '2026-04-19', 'weekday': 'Domenica'},
           {'date': '2026-04-20', 'weekday': 'Lunedì'},
           {'date': '2026-04-21', 'weekday': 'Martedì'},
           {'date': '2026-04-22', 'weekday': 'Mercoledì'},
           {'date': '2026-04-23', 'weekday': 'Giovedì'},
           {'date': '2026-04-24', 'weekday': 'Venerdì'}],
 'description': 'Dopo la pausa delle feste, riparte il Monk Jazz Club di '
                'Catania, il jazz club creato nel 2017 dai soci '
                "dell'associazione culturale Algos (oggi rappresentata da Dino "
                'Rubino, Nello Toscano, Giuseppe Privitera e Francesca '
                'Santangelo). Con la consueta formula dei tre concerti - il '
                'venerdì alle 21.30 ed il sabato alle 19 e alle 21.30 -, il 9 '
                'ed il 10 gennaio parte la decima stagione concertistica del '
                'Monk che in questa prima tranche invernale-primaverile '
                'porterà sul palcoscenico di Palazzo Scammacca del Murgo, in '
                'piazza Scammacca 1 a Catania, un sapiente mix di nomi noti '
                'della scena nazionale e internazionale, con la consueta '
                'attenzione anche alle punte di diamante del jazz made in '
                'Sicily. «Dal 2017 a oggi, ogni anno una nuova stagione ricca '
                'come sempre – commenta il pianista e trombettista Dino '
                "Rubino, che è sia presidente dell'associazione Algos, sia "
                'direttore artistico del Monk -. Partiremo con il quartetto '
                'del batterista romano Roberto Gatto, insieme con Alfonso '
                'Santimone al pianoforte, Gabriele Evangelista al contrabbasso '
                'e il messinese Alessandro Presti, una delle più belle trombe '
                "oggi in Italia. Roberto è stato da noi al club già un bel po' "
                'di volte, con varie formazioni». Venerdì 23 e sabato 24 '
                'gennaio, torna al Monk il sassofonista e flautista lentinese '
                "Carlo
[2026-01-30T14:23:04.228+0000] {docker.py:429} INFO - Cattano con il suo progetto “Rituals”, dall'omonimo "
                'album uscito la scorsa estate. Cattano, in quintetto, suonerà '
                'col fratello Tony Cattano al trombone, Emanuele Parrini al '
                'violino, Cristiano Nuovo al contrabbasso e Antonio Moncada '
                "alla batteria. Rubino: «E' sempre un piacere avere Carlo "
                'Cattano con noi, un ottimo musicista e un superbo insegnante '
                'che ha “sfornato”, come talent scout, una quantità '
                'incredibile di talenti a partire da Francesco Cafiso, ma '
                'anche altri, come i gemelli Giovanni e Matteo Cutello». Il 13 '
                'e il 14 febbraio suonerà il quartetto siculo-iberico del '
                'contrabbassista Giuseppe Campisi, originario di Palagonia. '
                'Con lui due musicisti catalani, Oriol Vallés alla tromba e '
                'Joan Casares alla batteria, e il sassofonista ennese Jossy '
                'Botte. Rubino: «Campisi che da anni vive a Barcellona si è '
                'inserito benissimo nel circuito spagnolo. A noi piace dare '
                'sempre spazio ai musicisti siciliani che hanno un progetto '
                'interessante da presentare». Il 27 e il 28 febbraio, Sardegna '
                'e Sicilia si incontrano nel trio del vibrafonista sardo '
                'Jordan Corda il quale suonerà al Monk con il contrabbassista '
                'catanese Carmelo Venuto e con il batterista ennese Emanuele '
                'Primavera. Rubino: «Corda è una delle giovani leve del jazz '
                'italiano. Lo abbiamo invitato con questo trio, con i nostri '
                'Carmelo Venuto e Emanuele Primavera, con cui realizzerà '
                'alcuni concerti qui in Sicilia». Tre gli eventi musicali a '
                'marzo al Monk. Martedì 10 marzo arriva il trio statunitense '
                'LoJo Watts formato dal sassofonista tenore Logan Richardson, '
                'dal bassista Joe Sanders e dal batterista Jeff “Tain” Watts. '
                '«Un trio di fuoriclasse – sottolinea Rubino -. Ai quarantenni '
                'Richardson e Sanders si affianca Jeff “Tain” Watts batterista '
                'che ha suonato con mostri sacri come Wynton e Branford '
                'Marsalis». Pochi giorni dopo, venerdì 13 e sabato 14 marzo '
                'arriverà a Monk il duo formato dalla cantante israeliana '
                'Sivan Arbel accompagnata dal pianista italiano Andrea '
                'Goretti. Presentano “Bazrima”, album di prossima uscita (il '
                '28 gennaio) che esplora la frenesia della vita moderna '
                'ispirandosi alla musica indiana, Il 27 e il 28 marzo '
                'protagonista sul palco del Monk sarà il sassofonista tenore '
                'abruzzese Max Ionata in quartetto con Dino Rubino al '
                'pianoforte e flicorno, Marco Bardoscia al contrabbasso e '
                'Peppe Tringali alla batteria. Rubino: «Max è uno dei maggiori '
                'sassofonisti tenoristi italiano che oggi portano avanti '
                'ancora la scuola americana del sax tenore. Con Max abbiamo '
                'girato parecchio sia in Italia ma anche in Europa, Israele '
                "compresa». Il 10 e l'11 aprile torna sul palco di Palazzo "
                'Scammacca del Murgo un amico del Monk, il sassofonista '
                'soprano siracusano Rino Cirinnà, in quartetto con Seby Burgio '
                'al pianoforte, Marco Zenini al basso elettrico e Francesco De '
                'Rubeis alla batteria. Rubino: «Rino presenta “Sketches of '
                'Islands”, progetto commissionato da Paolo Fresu per il '
                'progetto “Insulae lab”, centro di produzione della musica '
                'jazz delle isole del Mediterraneo. Un progetto difficile da '
                'catalogare con molta elettronica suonata da Burgio e lo '
                'stesso Cirinnà che fa uso fa uso di pedali di effettistica». '
                'Gli ultimi concerti di questo cartellone di inizio 2026 al '
                'Monk, saranno quelli del 23 e 24 aprile del quartetto del '
                'clarinettista fiorentino Nico Gori che suonerà con Dino '
                'Rubino al pianoforte e flicorno e con Nello Toscano al '
                'contrabbasso e Joe Santoro alla batteria. Rubino: «Nico ha '
                'avuto una grande visibilità dalla collaborazione decennale '
                'con Stefano Bollani, ha suonato in tanti suoi dischi, hanno '
                'girato il mondo più volte. Gori è un musicista eclettico, '
                'molto versatile, suona qualsiasi tipo di musica, dalla '
                'brasiliana al jazz al mainstream anche il Dixieland. Non so '
                'che musica suoneremo perché quando hai a che fare con '
                'musicisti così versatili non puoi mai saperlo prima». Al di '
                'fuori del cartellone principale, il Monk anche per il 2026 '
                'prevede vari appuntamenti speciali e alcune serate dedicate '
                'alle jam session. E dal 28 giugno partirà la settima edizione '
                'di “Jazz in vigna”, il jazz club open air che Algos organizza '
                'a Santa Venerina: il debutto con il trombettista Paolo Fresu '
                'in quartetto con Dino Rubino al piano, Marco Bardoscia al '
                'contrabbasso e Stefano Bagnoli alla batteria. Abbonamento (€ '
                '105,26) e singoli biglietti acquistabili on line su '
                'https://www.ciaotickets.com/it/location/monk-jazz-club-catania '
                'Info alla e-mail prenotazioni@monkjazzclub.it o al telefono '
                '3755249597.',
 'image_url': '//citynews-cataniatoday.stgy.ovh/~media/horizontal-mid/22579022651903/monk-jazz-club-10a-stagione-al-via-il-9-gennaio-con-roberto-gatto.jpg',
 'location_address': 'Piazza Scammacca, 1',
 'location_name': 'Monk Jazz Club',
 'price': 'Gratis',
 'scraped_at': '2026-01-30T14:22:48.840943',
 'time_info': 'Orario non disponibile',
 'title': 'Monk Jazz Club: al via il 9 gennaio con Roberto Gatto',
 'url': 'https://www.cataniatoday.it/eventi/monk-jazz-club-10a-stagione-al-via-il-9-gennaio-con-roberto-gatto-13372914.html',
 'uuid': '5ff0187100b50aa9',
 'website': 'https://www.facebook.com/monkclubcatania'}
[2026-01-30T14:23:05.535+0000] {docker.py:429} INFO - 2026-01-30 14:23:05 [scrapy.core.engine] DEBUG: Crawled (200) <GET https://www.cataniatoday.it/eventi/colazione-e-visita-a-palazzo-libertini-scuderi-tra-stile-rinascimentale-liberty-e-rococo-sicilia-gaia-13382049.html> (referer: https://www.cataniatoday.it/eventi/dal/2026-01-30/al/2026-02-01/)
[2026-01-30T14:23:05.644+0000] {docker.py:429} INFO - 2026-01-30 14:23:05 [scrapy.core.scraper] DEBUG: Scraped from <200 https://www.cataniatoday.it/eventi/colazione-e-visita-a-palazzo-libertini-scuderi-tra-stile-rinascimentale-liberty-e-rococo-sicilia-gaia-13382049.html>
{'category': 'Incontri',
 'city': 'Catania',
 'content_hash': '5e837d18dd63d5cb',
 'date_end': '2026-02-05',
 'date_start': '2026-01-25',
 'dates': [{'date': '2026-01-25', 'time_start': '10:30', 'weekday': 'Domenica'},
           {'date': '2026-01-26', 'time_start': '10:30', 'weekday': 'Lunedì'},
           {'date': '2026-01-27', 'time_start': '10:30', 'weekday': 'Martedì'},
           {'date': '2026-01-28',
            'time_start': '10:30',
            'weekday': 'Mercoledì'},
           {'date': '2026-01-29', 'time_start': '10:30', 'weekday': 'Giovedì'},
           {'date': '2026-01-30', 'time_start': '10:30', 'weekday': 'Venerdì'},
           {'date': '2026-01-31', 'time_start': '10:30', 'weekday': 'Sabato'},
           {'date': '2026-02-01', 'time_start': '10:30', 'weekday': 'Domenica'},
           {'date': '2026-02-02', 'time_start': '10:30', 'weekday': 'Lunedì'},
           {'date': '2026-02-03', 'time_start': '10:30', 'weekday': 'Martedì'},
           {'date': '2026-02-04',
            'time_start': '10:30',
            'weekday': 'Mercoledì'},
           {'date': '2026-02-05', 'time_start': '10:30', 'weekday': 'Giovedì'}],
 'description': 'Sicilia Gaia organizza una visita guidata dedicata al Palazzo '
                'Scuderi Libertini Scuderi, unico edificio a Catania che '
                'coniuga mirabilmente due stili simili e allo stesso tempo '
                'diversi: quello rinascimentale e quello liberty. Fu '
                'realizzato da Carlo Sada, giunto a Catania nel 1874, '
                'divenendo l’architetto più amato della nobiltà e borghesia '
                'catanese. Il palazzo conserva affreschi, stucchi, dorature, '
                'rimasti intatti, tappezzerie e arredi d’epoca. Quattro sale '
                'rendono il palazzo un gioiello: il Salone degli specchi o '
                'sala delle feste, realizzato con oro zecchino e porporina; il '
                'soffitto è in stile liberty con decorazioni rococò con tema '
                'la nascita e trionfo di Venere o Flora. Bellissima la '
                'rappresentazione della danza che celebra la sua nascita in '
                'cui spiccano ghirlande e fiori. Nel corso della visita verrà '
                'offerta una colazione a buffet con dolcetti artigianali Data '
                'domenica 25 gennaio - 5 febbraio 10.30. Via Etnea, 468, '
                'Catania. Quota di partecipazione €18,00 p.p. (include, '
                'ingresso, visita guidata, colazione). Bambini free 0-6 anni, '
                '7-12 anni €8,00. Il tour verrà confermato con un numero '
                'minimo di 20 persone. Numero massimo di partecipanti per '
                'turno 30. Prenotazione obbligatoria su '
                'https://linktr.ee/siciliagaia . Info 3928079089. Posti '
                'limitati.',
 'image_url': '//citynews-cataniatoday.stgy.ovh/~media/horizontal-mid/29755322234572/colazione-e-visita-a-palazzo-libertini-scuderi-tra-stile-rinascimentale-liberty-e-rococo-3.png',
 'location_address': None,
 'location_name': 'Palazzo Libertini Scuderi',
 'price': '18',
 'scraped_at': '2026-01-30T14:22:48.840428',
 'time_info': '10.30',
 'title': 'Colazione e visita a palazzo Libertini Scuderi: tra stile '
          "rinascimentale, liberty e rococo'",
 'url': 'https://www.cataniatoday.it/eventi/colazione-e-visita-a-palazzo-libertini-scuderi-tra-stile-rinascimentale-liberty-e-rococo-sicilia-gaia-13382049.html',
 'uuid': '6efe9e0c9cb1b527'}
[2026-01-30T14:23:06.616+0000] {docker.py:429} INFO - 2026-01-30 14:23:06 [scrapy.core.engine] DEBUG: Crawled (200) <GET https://www.cataniatoday.it/eventi/escursione-pantalica-guida-naturalistica-inverno-sicilia.html> (referer: https://www.cataniatoday.it/eventi/dal/2026-01-30/al/2026-02-01/)
[2026-01-30T14:23:06.737+0000] {docker.py:429} INFO - 2026-01-30 14:23:06 [scrapy.core.scraper] DEBUG: Scraped from <200 https://www.cataniatoday.it/eventi/escursione-pantalica-guida-naturalistica-inverno-sicilia.html>
{'category': 'Escursioni',
 'city': 'Catania',
 'content_hash': '272e8d96f7602b38',
 'date_end': '2026-12-31',
 'date_start': '2025-11-28',
 'dates': [{'date': '2025-11-28', 'weekday': 'Venerdì'},
           {'date': '2025-11-29', 'weekday': 'Sabato'},
           {'date': '2025-11-30', 'weekday': 'Domenica'},
           {'date': '2025-12-01', 'weekday': 'Lunedì'},
           {'date': '2025-12-02', 'weekday': 'Martedì'},
           {'date': '2025-12-03', 'weekday': 'Mercoledì'},
           {'date': '2025-12-04', 'weekday': 'Giovedì'},
           {'date': '2025-12-05', 'weekday': 'Venerdì'},
           {'date': '2025-12-06', 'weekday': 'Sabato'},
           {'date': '2025-12-07', 'weekday': 'Domenica'},
           {'date': '2025-12-08', 'weekday': 'Lunedì'},
           {'date': '2025-12-09', 'weekday': 'Martedì'},
           {'date': '2025-12-10', 'weekday': 'Mercoledì'},
           {'date': '2025-12-11', 'weekday': 'Giovedì'},
           {'date': '2025-12-12', 'weekday': 'Venerdì'},
           {'date': '2025-12-13', 'weekday': 'Sabato'},
           {'date': '2025-12-14', 'weekday': 'Domenica'},
           {'date': '2025-12-15', 'weekday': 'Lunedì'},
           {'date': '2025-12-16', 'weekday': 'Martedì'},
           {'date': '2025-12-17', 'weekday': 'Mercoledì'},
           {'date': '2025-12-18', 'weekday': 'Giovedì'},
           {'date': '2025-12-19', 'weekday': 'Venerdì'},
           {'date': '2025-12-20', 'weekday': 'Sabato'},
           {'date': '2025-12-21', 'weekday': 'Domenica'},
           {'date': '2025-12-22', 'weekday': 'Lunedì'},
           {'date': '2025-12-23', 'weekday': 'Martedì'},
           {'date': '2025-12-24', 'weekday': 'Mercoledì'},
           {'date': '2025-12-25', 'weekday': 'Giovedì'},
           {'date': '2025-12-26', 'weekday': 'Venerdì'},
           {'date': '2025-12-27', 'weekday': 'Sabato'},
           {'date': '2025-12-28', 'weekday': 'Domenica'},
           {'date': '2025-12-29', 'weekday': 'Lunedì'},
           {'date': '2025-12-30', 'weekday': 'Martedì'},
           {'date': '2025-12-31', 'weekday': 'Mercoledì'},
           {'date': '2026-01-01', 'weekday': 'Giovedì'},
           {'date': '2026-01-02', 'weekday': 'Venerdì'},
           {'date': '2026-01-03', 'weekday': 'Sabato'},
           {'date': '2026-01-04', 'weekday': 'Domenica'},
           {'date': '2026-01-05', 'weekday': 'Lunedì'},
           {'date': '2026-01-06', 'weekday': 'Martedì'},
           {'date': '2026-01-07', 'weekday': 'Mercoledì'},
           {'date': '2026-01-08', 'weekday': 'Giovedì'},
           {'date': '2026-01-09', 'weekday': 'Venerdì'},
           {'date': '2026-01-10', 'weekday': 'Sabato'},
           {'date': '2026-01-11', 'weekday': 'Domenica'},
           {'date': '2026-01-12', 'weekday': 'Lunedì'},
           {'date': '2026-01-13', 'weekday': 'Martedì'},
           {'date': '2026-01-14', 'weekday': 'Mercoledì'},
           {'date': '2026-01-15', 'weekday': 'Giovedì'},
           {'date': '2026-01-16', 'weekday': 'Venerdì'},
           {'date': '2026-01-17', 'weekday': 'Sabato'},
           {'date': '2026-01-18', 'weekday': 'Domenica'},
           {'date': '2026-01-19', 'weekday': 'Lunedì'},
           {'date': '2026-01-20', 'weekday': 'Martedì'},
           {'date': '2026-01-21', 'weekday': 'Mercoledì'},
           {'date': '2026-01-22', 'weekday': 'Giovedì'},
           {'date': '2026-01-23', 'weekday': 'Venerdì'},
           {'date': '2026-01-24', 'weekday': 'Sabato'},
           {'date': '2026-01-25', 'weekday': 'Domenica'},
           {'date': '2026-01-26', 'weekday': 'Lunedì'},
           {'date': '2026-01-27', 'weekday': 'Martedì'},
           {'date': '2026-01-28', 'weekday': 'Mercoledì'},
           {'date': '2026-01-29', 'weekday': 'Giovedì'},
           {'date': '2026-01-30', 'weekday': 'Venerdì'},
           {'date': '2026-01-31', 'weekday': 'Sabato'},
           {'date': '2026-02-01', 'weekday': 'Domenica'},
           {'date': '2026-02-02', 'weekday': 'Lunedì'},
           {'date': '2026-02-03', 'weekday': 'Martedì'},
           {'date': '2026-02-04', 'weekday': 'Mercoledì'},
           {'date': '2026-02-05', 'weekday': 'Giovedì'},
           {'date': '2026-02-06', 'weekday': 'Venerdì'},
           {'date': '2026-02-07', 'weekday': 'Sabato'},
           {'date': '2026-02-08', 'weekday': 'Domenica'},
           {'date': '2026-02-09', 'weekday': 'Lunedì'},
           {'date': '2026-02-10', 'weekday': 'Martedì'},
           {'date': '2026-02-11', 'weekday': 'Mercoledì'},
           {'date': '2026-02-12', 'weekday': 'Giovedì'},
           {'date': '2026-02-13', 'weekday': 'Venerdì'},
           {'date': '2026-02-14', 'weekday': 'Sabato'},
           {'date': '2026-02-15', 'weekday': 'Domenica'},
           {'date': '2026-02-16', 'weekday': 'Lunedì'},
           {'date': '2026-02-17', 'weekday': 'Martedì'},
           {'date': '2026-02-18', 'weekday': 'Mercoledì'},
           {'date': '2026-02-19', 'weekday': 'Giovedì'},
           {'date': '2026-02-20', 'weekday': 'Venerdì'},
           {'date': '2026-02-21', 'weekday': 'Sabato'},
           {'date': '2026-02-22', 'weekday': 'Domenica'},
           {'date': '2026-02-23', 'weekday': 'Lunedì'},
           {'date': '2026-02-24', 'weekday': 'Martedì'},
           {'date': '2026-02-25', 'weekday': 'Mercoledì'},
           {'date': '2026-02-26', 'weekday': 'Giovedì'},
           {'date': '2026-02-27', 'weekday': 'Venerdì'},
           {'date': '2026-02-28', 'weekday': 'Sabato'},
           {'date': '2026-03-01', 'weekday': 'Domenica'},
           {'date': '2026-03-02', 'weekday': 'Lunedì'},
           {'date': '2026-03-03', 'weekday': 'Martedì'},
           {'date': '2026-03-04', 'weekday': 'Mercoledì'},
           {'date': '2026-03-05', 'weekday': 'Giovedì'},
           {'date': '2026-03-06', 'weekday': 'Venerdì'},
           {'date': '2026-03-07', 'weekday': 'Sabato'},
           {'date': '2026-03-08', 'weekday': 'Domenica'},
           {'date': '2026-03-09', 'weekday': 'Lunedì'},
           {'date': '2026-03-10', 'weekday': 'Martedì'},
           {'date': '2026-03-11', 'weekday': 'Mercoledì'},
           {'date': '2026-03-12', 'weekday': 'Giovedì'},
           {'date': '2026-03-13', 'weekday': 'Venerdì'},
           {'date': '2026-03-14', 'weekday': 'Sabato'},
           {'date': '2026-03-15', 'weekday': 'Domenica'},
           {'date': '2026-03-16', 'weekday': 'Lunedì'},
           {'date': '2026-03-17', 'weekday': 'Martedì'},
           {'date': '2026-03-18', 'weekday': 'Mercoledì'},
           {'date': '2026-03-19', 'weekday': 'Giovedì'},
           {'date': '2026-03-20', 'weekday': 'Venerdì'},
           {'date': '2026-03-21', 'weekday': 'Sabato'},
           {'date': '2026-03-22', 'weekday': 'Domenica'},
           {'date': '2026-03-23', 'weekday': 'Lunedì'},
           {'date': '2026-03-24', 'weekday': 'Martedì'},
           {'date': '2026-03-25', 'weekday': 'Mercoledì'},
           {'date': '2026-03-26', 'weekday': 'Giovedì'},
           {'date': '2026-03-27', 'weekday': 'Venerdì'},
           {'date': '2026-03-28', 'weekday': 'Sabato'},
           {'date': '2026-03-29', 'weekday': 'Domenica'},
           {'date': '2026-03-30', 'weekday': 'Lunedì'},
           {'date': '2026-03-31', 'weekday': 'Martedì'},
           {'date': '2026-04-01', 'weekday': 'Mercoledì'},
           {'date': '2026-04-02', 'weekday': 'Giovedì'},
           {'date': '2026-04-03', 'weekday': 'Venerdì'},
           {'date': '2026-04-04', 'weekday': 'Sabato'},
           {'date': '2026-04-05', 'weekday': 'Domenica'},
           {'date': '2026-04-06', 'weekday': 'Lunedì'},
           {'date': '2026-04-07', 'weekday': 'Martedì'},
           {'date': '2026-04-08', 'weekday': 'Mercoledì'},
           {'date': '2026-04-09', 'weekday': 'Giovedì'},
           {'date': '2026-04-10', 'weekday': 'Venerdì'},
           {'date': '2026-04-11', 'weekday': 'Sabato'},
           {'date': '2026-04-12', 'weekday': 'Domenica'},
           {'date': '2026-04-13', 'weekday': 'Lunedì'},
           {'date': '2026-04-14', 'weekday': 'Martedì'},
           {'date': '2026-04-15', 'weekday': 'Mercoledì'},
           {'date': '2026-04-16', 'weekday': 'Giovedì'},
           {'date': '2026-04-17', 'weekday': 'Venerdì'},
           {'date': '2026-04-18', 'weekday': 'Sabato'},
           {'date': '2026-04-19', 'weekday': 'Domenica'},
           {'date': '2026-04-20', 'weekday': 'Lunedì'},
           {'date': '2026-04-21', 'weekday': 'Martedì'},
           {'date': '2026-04-22', 'weekday': 'Mercoledì'},
           {'date': '2026-04-23', 'weekday': 'Giovedì'},
           {'date': '2026-04-24', 'weekday': 'Venerdì'},
           {'date': '2026-04-25', 'weekday': 'Sabato'},
           {'date': '2026-04-26', 'weekday': 'Domenica'},
           {'date': '2026-04-27', 'weekday': 'Lunedì'},
           {'date': '2026-04-28', 'weekday': 'Martedì'},
           {'date': '2026-04-29', 'weekday': 'Mercoledì'},
           {'date': '2026-04-30', 'weekday': 'Giovedì'},
           {'date': '2026-05-01', 'weekday': 'Venerdì'},
           {'date': '2026-05-02', 'weekday': 'Sabato'},
           {'date': '2026-05-03', 'weekday': 'Domenica'},
           {'date': '2026-05-04', 'weekday': 'Lunedì'},
           {'date': '2026-05-05', 'weekday': 'Martedì'},
           {'date': '2026-05-06', 'weekday': 'Mercoledì'},
           {'date': '2026-05-07', 'weekday': 'Giovedì'},
           {'date': '2026-05-08', 'weekday': 'Venerdì'},
           {'date': '2026-05-09', 'weekday': 'Sabato'},
           {'date': '2026-05-10', 'weekday': 'Domenica'},
           {'date': '2026-05-11', 'weekday': 'Lunedì'},
           {'date': '2026-05-12', 'weekday': 'Martedì'},
           {'date': '2026-05-13', 'weekday': 'Mercoledì'},
           {'date': '2026-05-14', 'weekday': 'Giovedì'},
           {'date': '2026-05-15', 'weekday': 'Venerdì'},
           {'date': '2026-05-16', 'weekday': 'Sabato'},
           {'date': '2026-05-17', 'weekday': 'Domenica'},
           {'date': '2026-05-18', 'weekday': 'Lunedì'},
           {'date': '2026-05-19', 'weekday': 'Martedì'},
           {'date': '2026-05-20', 'weekday': 'Mercoledì'},
           {'date': '2026-05-21', 'weekday': 'Giovedì'},
           {'date': '2026-05-22', 'weekday': 'Venerdì'},
           {'date': '2026-05-23', 'weekday': 'Sabato'},
           {'date': '2026-05-24', 'weekday': 'Domenica'},
           {'date': '2026-05-25', 'weekday': 'Lunedì'},
           {'date': '2026-05-26', 'weekday': 'Martedì'},
           {'date': '2026-05-27', 'weekday': 'Mercoledì'},
           {'date': '2026-05-28', 'weekday': 'Giovedì'},
           {'date': '2026-05-29', 'weekday': 'Venerdì'},
           {'date': '2026-05-30', 'weekday': 'Sabato'},
           {'date': '2026-05-31', 'weekday': 'Domenica'},
           {'date': '2026-06-01', 'weekday': 'Lunedì'},
           {'date': '2026-06-02', 'weekday': 'Martedì'},
           {'date': '2026-06-03', 'weekday': 'Mercoledì'},
           {'date': '2026-06-04', 'weekday': 'Giovedì'},
           {'date': '2026-06-05', 'weekday': 'Venerdì'},
           {'date': '2026-06-06', 'weekday': 'Sabato'},
           {'date': '2026-06-07', 'weekday': 'Domenica'},
           {'date': '2026-06-08', 'weekday': 'Lunedì'},
           {'date': '2026-06-09', 'weekday': 'Martedì'},
           {'date': '2026-06-10', 'weekday': 'Mercoledì'},
           {'date': '2026-06-11', 'weekday': 'Giovedì'},
           {'date': '2026-06-12', 'weekday': 'Venerdì'},
           {'date': '2026-06-13', 'weekday': 'Sabato'},
           {'date': '2026-06-14', 'weekday': 'Domenica'},
           {'date': '2026-06-15', 'weekday': 'Lunedì'},
           {'date': '2026-06-16', 'weekday': 'Martedì'},
           {'date': '2026-06-17', 'weekday': 'Mercoledì'},
           {'date': '2026-06-18', 'weekday': 'Giovedì'},
           {'date': '2026-06-19', 'weekday': 'Venerdì'},
           {'date': '2026-06-20', 'weekday': 'Sabato'},
           {'date': '2026-06-21', 'weekday': 'Domenica'},
           {'date': '2026-06-22', 'weekday': 'Lunedì'},
           {'date': '2026-06-23', 'weekday': 'Martedì'},
           {'date': '2026-06-24', 'weekday': 'Mercoledì'},
           {'date': '2026-06-25', 'weekday': 'Giovedì'},
           {'date': '2026-06-26', 'weekday': 'Venerdì'},
           {'date': '2026-06-27', 'weekday': 'Sabato'},
           {'date': '2026-06-28', 'weekday': 'Domenica'},
           {'date': '2026-06-29', 'weekday': 'Lunedì'},
           {'date': '2026-06-30', 'weekday': 'Martedì'},
           {'date': '2026-07-01', 'weekday': 'Mercoledì'},
           {'date': '2026-07-02', 'weekday': 'Giovedì'},
           {'date': '2026-07-03', 'weekday': 'Venerdì'},
           {'date': '2026-07-04', 'weekday': 'Sabato'},
           {'date': '2026-07-05', 'weekday': 'Domenica'},
           {'date': '2026-07-06', 'weekday': 'Lunedì'},
           {'date': '2026-07-07', 'weekday': 'Martedì'},
           {'date': '2026-07-08', 'weekday': 'Mercoledì'},
           {'date': '2026-07-09', 'weekday': 'Giovedì'},
           {'date': '2026-07-10', 'weekday': 'Venerdì'},
           {'date': '2026-07-11', 'weekday': 'Sabato'},
           {'date': '2026-07-12', 'weekday': 'Domenica'},
           {'date': '2026-07-13', 'weekday': 'Lunedì'},
           {'date': '2026-07-14', 'weekday': 'Martedì'},
           {'date': '2026-07-15', 'weekday': 'Mercoledì'},
           {'date': '2026-07-16', 'weekday': 'Giovedì'},
           {'date': '2026-07-17', 'weekday': 'Venerdì'},
           {'date': '2026-07-18', 'weekday': 'Sabato'},
           {'date': '2026-07-19', 'weekday': 'Domenica'},
           {'date': '2026-07-20', 'weekday': 'Lunedì'},
           {'date': '2026-07-21', 'weekday': 'Martedì'},
           {'date': '2026-07-22', 'weekday': 'Mercoledì'},
           {'date': '2026-07-23', 'weekday': 'Giovedì'},
           {'date': '2026-07-24', 'weekday': 'Venerdì'},
           {'date': '2026-07-25', 'weekday': 'Sabato'},
           {'date': '2026-07-26', 'weekday': 'Domenica'},
           {'date': '2026-07-27', 'weekday': 'Lunedì'},
           {'date': '2026-07-28', 'weekday': 'Martedì'},
           {'date': '2026-07-29', 'weekday': 'Mercoledì'},
           {'date': '2026-07-30', 'weekday': 'Giovedì'},
           {'date': '2026-07-31', 'weekday': 'Venerdì'},
           {'date': '2026-08-01', 'weekday': 'Sabato'},
           {'date': '2026-08-02', 'weekday': 'Domenica'},
           {'date': '2026-08-03', 'weekday': 'Lunedì'},
           {'date': '2026-08-04', 'weekday': 'Martedì'},
           {'date': '2026-08-05', 'weekday': 'Mercoledì'},
           {'date': '2026-08-06', 'weekday': 'Giovedì'},
           {'date': '2026-08-07', 'weekday': 'Venerdì'},
           {'date': '2026-08-08', 'weekday': 'Sabato'},
           {'date': '2026-08-09', 'weekday': 'Domenica'},
           {'date': '2026-08-10', 'weekday': 'Lunedì'},
           {'date': '2026-08-11', 'weekday': 'Martedì'},
           {'date': '2026-08-12', 'weekday': 'Mercoledì'},
           {'date': '2026-08-13', 'weekday': 'Giovedì'},
           {'date': '2026-08-14', 'weekday': 'Venerdì'},
           {'date': '2026-08-15', 'weekday': 'Sabato'},
           {'date': '2026-08-16', 'weekday': 'Domenica'},
           {'date': '2026-08-17', 'weekday': 'Lunedì'},
           {'date': '2026-08-18', 'weekday': 'Martedì'},
           {'date': '2026-08-19', 'weekday': 'Mercoledì'},
           {'date': '2026-08-20', 'weekday': 'Giovedì'},
           {'date': '2026-08-21', 'weekday': 'Venerdì'},
           {'date': '2026-08-22', 'weekday': 'Sabato'},
           {'date': '2026-08-23', 'weekday': 'Domenica'},
           {'date': '2026-08-24', 'weekday': 'Lunedì'},
           {'date': '2026-08-25', 'weekday': 'Martedì'},
           {'date': '2026-08-26', 'weekday': 'Mercoledì'},
           {'date': '2026-08-27', 'weekday': 'Giovedì'},
           {'date': '2026-08-28', 'weekday': 'Venerdì'},
           {'date': '2026-08-29', 'weekday': 'Sabato'},
           {'date': '2026-08-30', 'weekday': 'Domenica'},
           {'date': '2026-08-31', 'weekday': 'Lunedì'},
           {'date': '2026-09-01', 'weekday': 'Martedì'},
           {'date': '2026-09-02', 'weekday': 'Mercoledì'},
           {'date': '2026-09-03', 'weekday': 'Giovedì'},
           {'date': '2026-09-04', 'weekday': 'Venerdì'},
           {'date': '2026-09-05', 'weekday': 'Sabato'},
           {'date': '2026-09-06', 'weekday': 'Domenica'},
           {'date': '2026-09-07', 'weekday': 'Lunedì'},
           {'date': '2026-09-08', 'weekday': 'Martedì'},
           {'date': '2026-09-09', 'weekday': 'Mercoledì'},
           {'date': '2026-09-10', 'weekday': 'Giovedì'},
           {'date': '2026-09-11', 'weekday': 'Venerdì'},
           {'date': '2026-09-12', 'weekday': 'Sabato'},
           {'date': '2026-09-13', 'weekday': 'Domenica'},
           {'date': '2026-09-14', 'weekday': 'Lunedì'},
           {'date': '2026-09-15', 'weekday': 'Martedì'},
           {'date': '2026-09-16', 'weekday': 'Mercoledì'},
           {'date': '2026-09-17', 'weekday': 'Giovedì'},
           {'date': '2026-09-18', 'weekday': 'Venerdì'},
           {'date': '2026-09-19', 'weekday': 'Sabato'},
           {'date': '2026-09-20', 'weekday': 'Domenica'},
           {'date': '2026-09-21', 'weekday': 'Lunedì'},
           {'date': '2026-09-22', 'weekday': 'Martedì'},
           {'date': '2026-09-23', 'weekday': 'Mercoledì'},
           {'date': '2026-09-24', 'weekday': 'Giovedì'},
           {'date': '2026-09-25', 'weekday': 'Venerdì'},
           {'date': '2026-09-26', 'weekday': 'Sabato'},
           {'date': '2026-09-27', 'weekday': 'Domenica'},
           {'date': '2026-09-28', 'weekday': 'Lunedì'},
           {'date': '2026-09-29', 'weekday': 'Martedì'},
           {'date': '2026-09-30', 'weekday': 'Mercoledì'},
           {'date': '2026-10-01', 'weekday': 'Giovedì'},
           {'date': '2026-10-02', 'weekday': 'Venerdì'},
           {'date': '2026-10-03', 'weekday': 'Sabato'},
           {'date': '2026-10-04', 'weekday': 'Domenica'},
           {'date': '2026-10-05', 'weekday': 'Lunedì'},
           {'date': '2026-10-06', 'weekday': 'Martedì'},
           {'date': '2026-10-07', 'weekday': 'Mercoledì'},
           {'date': '2026-10-08', 'weekday': 'Giovedì'},
           {'date': '2026-10-09', 'weekday': 'Venerdì'},
           {'date': '2026-10-10', 'weekday': 'Sabato'},
           {'date': '2026-10-11', 'weekday': 'Domenica'},
           {'date': '2026-10-12', 'weekday': 'Lunedì'},
           {'date': '2026-10-13', 'weekday': 'Martedì'},
           {'date': '2026-10-14', 'weekday': 'Mercoledì'},
           {'date': '2026-10-15', 'weekday': 'Giovedì'},
           {'date': '2026-10-16', 'weekday': 'Venerdì'},
           {'date': '2026-10-17', 'weekday': 'Sabato'},
           {'date': '2026-10-18', 'weekday': 'Domenica'},
           {'date': '2026-10-19', 'weekday': 'Lunedì'},
           {'date': '2026-10-20', 'weekday': 'Martedì'},
           {'date': '2026-10-21', 'weekday': 'Mercoledì'},
           {'date': '2026-10-22', 'weekday': 'Giovedì'},
           {'date': '2026-10-23', 'weekday': 'Venerdì'},
           {'date': '2026-10-24', 'weekday': 'Sabato'},
           {'date': '2026-10-25', 'weekday': 'Domenica'},
           {'date': '2026-10-26', 'weekday': 'Lunedì'},
           {'date': '2026-10-27', 'weekday': 'Martedì'},
           {'date': '2026-10-28', 'weekday': 'Mercoledì'},
           {'date': '2026-10-29', 'weekday': 'Giovedì'},
           {'date': '2026-10-30', 'weekday': 'Venerdì'},
           {'date': '2026-10-31', 'weekday': 'Sabato'},
           {'date': '2026-11-01', 'weekday': 'Domenica'},
           {'date': '2026-11-02', 'weekday': 'Lunedì'},
           {'date': '2026-11-03', 'weekday': 'Martedì'},
           {'date': '2026-11-04', 'weekday': 'Mercoledì'},
           {'date': '2026-11-05', 'weekday': 'Giovedì'},
           {'date': '2026-11-06', 'weekday': 'Venerdì'},
           {'date': '2026-11-07', 'weekday': 'Sabato'},
           {'date': '2026-11-08', 'weekday': 'Domenica'},
           {'date': '2026-11-09', 'weekday': 'Lunedì'},
           {'date': '2026-11-10', 'weekday': 'Martedì'},
           {'date': '2026-11-11', 'weekday': 'Mercoledì'},
           {'date': '2026-11-12', 'weekday': 'Giovedì'},
           {'date': '2026-11-13', 'weekday': 'Venerdì'},
           {'date': '2026-11-14', 'weekday': 'Sabato'},
           {'date': '2026-11-15', 'weekday': 'Domenica'},
           {'date': '2026-11-16', 'weekday': 'Lunedì'},
           {'date': '2026-11-17', 'weekday': 'Martedì'},
           {'date': '2026-11-18', 'weekday': 'Mercoledì'},
           {'date': '2026-11-19', 'weekday': 'Giovedì'},
           {'date': '2026-11-20', 'weekday': 'Venerdì'},
           {'date': '2026-11-21', 'weekday': 'Sabato'},
           {'date': '2026-11-22', 'weekday': 'Domenica'},
           {'date': '2026-11-23', 'weekday': 'Lunedì'},
           {'date': '2026-11-24', 'weekday': 'Martedì'},
           {'date': '2026-11-25', 'weekday': 'Mercoledì'},
           {'date': '2026-11-26', 'weekday': 'Giovedì'},
           {'date': '2026-11-27', 'weekday': 'Venerdì'},
           {'date': '2026-11-28', 'weekday': 'Sabato'},
           {'date': '2026-11-29', 'weekday': 'Domenica'},
           {'date': '2026-11-30', 'weekday': 'Lunedì'},
           {'date': '2026-12-01', 'weekday': 'Martedì'},
           {'date': '2026-12-02', 'weekday': 'Mercoledì'},
           {'date': '2026-12-03', 'weekday': 'Giovedì'},
           {'date': '2026-12-04', 'weekday': 'Venerdì'},
           {'date': '2026-12-05', 'weekday': 'Sabato'},
           {'date': '2026-12-06', 'weekday': 'Domenica'},
           {'date': '2026-12-07', 'weekday': 'Lunedì'},
           {'date': '2026-12-08', 'weekday': 'Martedì'},
           {'date': '2026-12-09', 'weekday': 'Mercoledì'},
           {'date': '2026-12-10', 'weekday': 'Giovedì'},
           {'date': '2026-12-11', 'weekday': 'Venerdì'},
           {'date': '2026-12-12', 'weekday': 'Sabato'},
           {'date': '2026-12-13', 'weekday': 'Domenica'},
           {'date': '2026-12-14', 'weekday': 'Lunedì'},
           {'date': '2026-12-15', 'weekday': 'Martedì'},
           {'date': '2026-12-16', 'weekday': 'Mercoledì'},
           {'date': '2026-12-17', 'weekday': 'Giovedì'},
           {'date': '2026-12-18', 'weekday': 'Venerdì'},
           {'date': '2026-12-19', 'weekday': 'Sabato'},
           {'date': '2026-12-20', 'weekday': 'Domenica'},
           {'date': '2026-12-21', 'weekday': 'Lunedì'},
           {'date': '2026-12-22', 'weekday': 'Martedì'},
           {'date': '2026-12-23', 'weekday': 'Mercoledì'},
           {'date': '2026-12-24', 'weekday': 'Giovedì'},
           {'date': '2026-12-25', 'weekday': 'Venerdì'},
           {'date': '2026-12-26', 'weekday': 'Sabato'},
           {'date': '2026-12-27', 'weekday': 'Domenica'},
           {'date': '2026-12-28', 'weekday': 'Lunedì'},
           {'date': '2026-12-29', 'weekday': 'Martedì'},
           {'date': '2026-12-30', 'weekday': 'Mercoledì'},
           {'date': '2026-12-31', 'weekday': 'Giovedì'}],
 'description': 'I passi esperti della guida naturalistica Antonio Di Grazia , '
                'vi accompagneranno luogo un percorso ad anello che vi svelerà '
                'le attrattive naturalistiche, archeologiche e del recente '
                'passato di Pantalica. L’itinerario si svilupperà tra le valli '
                'del torrente Calcinara e del fiume Anapo, scrigni che '
                'custodiscono bellezze naturalistiche e testimonianze di '
                'antichissime frequentazioni dei popoli del passato, in una '
                'miscellanea di elementi di tale unicità da fare includere '
                'Pantalica tra i siti Unesco Patrimonio dell’Umanità. Partendo '
                'dall’ingresso di Ferla per giungere fino alle contrade di '
                'Sortino, si visiteranno i luoghi più significativi presenti '
                'all’interno della Riserva naturale orientata, ovvero le '
                'necropoli, i villaggi bizantini, gli oratori rupestri , il '
                'Palazzo del Principe, la stazione e le gallerie della vecchia '
                'ferrovia della valle dell’Anapo. Si raccomanda di munirsi di '
                'torcia per illuminare il transito delle gallerie della '
                'vecchia ferrovia. E’ previsto il facile e breve guado del '
                'torrente Calcinara, che non presenta alcuna difficoltà. Il '
                'contesto naturalistico è di particolare e rara bellezza ed il '
                'periodo dell’anno è tra i più indicati per la visita completa '
                'del sito. Meeting point: Parcheggio antistante il '
                'supermercato MD di Sortino SP60, 96010 - h 9,15 (il link di '
                'Google Maps del luogo dell’appuntamento vi verrà inoltrato '
                'via whatsapp) Durata escursione dalle 10,00 alle 16,30 circa '
                'Trasporto con mezzi propri Caratteristiche escursione: '
                'escursione di medio difficoltà, dislivello m 300 circa '
                'sviluppo km 12,00 circa. Equipaggiamento: scarponi da '
                'trekking, pantaloni lunghi, abbigliamento a strati, K-way, '
                'lampada frontale o torcia per camminare all’interno delle '
                'gallerie della vecchia ferrovia, pranzo a sacco, 1 l acqua. '
                'Numero minimo partecipanti: 4 Quota partecipazione: adulto '
                'euro 20 bambino fio a 13 anni euro 10 - pagamento in loco. '
                'Per prenotazioni chiamare o scrivere su whatsapp al n. '
                '340-9720896 entro la sera precedente all’escursione. Per info '
                'e comunicazioni scrivere all’email: '
                'antoninodigrazia@gmail.com',
 'image_url': '//citynews-cataniatoday.stgy.ovh/~media/horizontal-mid/28370017860642/whatsapp-image-2025-11-27-at-12-48-28.jpeg',
 'location_address': None,
 'location_name': 'Pantalica',
 'price': '20 adulto, 10 bambino',
 'scraped_at': '2026-01-30T14:22:48.839943',
 'time_info': '10-16',
 'title': 'Pantalica in inverno: escursione guidata adatta a tutti, tra storia '
          'e natura',
 'url': 'https://www.cataniatoday.it/eventi/escursione-pantalica-guida-naturalistica-inverno-sicilia.html',
 'uuid': '3f538557d2fb26b6'}
[2026-01-30T14:23:08.044+0000] {docker.py:429} INFO - 2026-01-30 14:23:08 [scrapy.core.engine] DEBUG: Crawled (200) <GET https://www.cataniatoday.it/eventi/il-giro-dell-etna-a-passo-lento-in-circumetnea-e-visita-del-borgo-medievale-di-randazzo-sicilia-gaia-13298694.html> (referer: https://www.cataniatoday.it/eventi/dal/2026-01-30/al/2026-02-01/)
[2026-01-30T14:23:08.154+0000] {docker.py:429} INFO - 2026-01-30 14:23:08 [scrapy.core.scraper] DEBUG: Scraped from <200 https://www.cataniatoday.it/eventi/il-giro-dell-etna-a-passo-lento-in-circumetnea-e-visita-del-borgo-medievale-di-randazzo-sicilia-gaia-13298694.html>
{'category': 'Turismo',
 'city': 'Catania',
 'content_hash': '5e857efa6fc25972',
 'date_end': '2026-01-31',
 'date_start': '2026-01-03',
 'dates': [{'date': '2026-01-03', 'time_start': '07:30', 'weekday': 'Sabato'},
           {'date': '2026-01-04', 'time_start': '07:30', 'weekday': 'Domenica'},
           {'date': '2026-01-05', 'time_start': '07:30', 'weekday': 'Lunedì'},
           {'date': '2026-01-06', 'time_start': '07:30', 'weekday': 'Martedì'},
           {'date': '2026-01-07',
            'time_start': '07:30',
            'weekday': 'Mercoledì'},
           {'date': '2026-01-08', 'time_start': '07:30', 'weekday': 'Giovedì'},
           {'date': '2026-01-09', 'time_start': '07:30', 'weekday': 'Venerdì'},
           {'date': '2026-01-10', 'time_start': '07:30', 'weekday': 'Sabato'},
           {'date': '2026-01-11', 'time_start': '07:30', 'weekday': 'Domenica'},
           {'date': '2026-01-12', 'time_start': '07:30', 'weekday': 'Lunedì'},
           {'date': '2026-01-13', 'time_start': '07:30', 'weekday': 'Martedì'},
           {'date': '2026-01-14',
            'time_start': '07:30',
            'weekday': 'Mercoledì'},
           {'date': '2026-01-15', 'time_start': '07:30', 'weekday': 'Giovedì'},
           {'date': '2026-01-16', 'time_start': '07:30', 'weekday': 'Venerdì'},
           {'date': '2026-01-17', 'time_start': '07:30', 'weekday': 'Sabato'},
           {'date': '2026-01-18', 'time_start': '07:30', 'weekday': 'Domenica'},
           {'date': '2026-01-19', 'time_start': '07:30', 'weekday': 'Lunedì'},
           {'date': '2026-01-20', 'time_start': '07:30', 'weekday': 'Martedì'},
           {'date': '2026-01-21',
            'time_start': '07:30',
            'weekday': 'Mercoledì'},
           {'date': '2026-01-22', 'time_start': '07:30', 'weekday': 'Giovedì'},
           {'date': '2026-01-23', 'time_start': '07:30', 'weekday': 'Venerdì'},
           {'date': '2026-01-24', 'time_start': '07:30', 'weekday': 'Sabato'},
           {'date': '2026-01-25', 'time_start': '07:30', 'weekday': 'Domenica'},
           {'date': '2026-01-26', 'time_start': '07:30', 'weekday': 'Lunedì'},
           {'date': '2026-01-27', 'time_start': '07:30', 'weekday': 'Martedì'},
           {'date': '2026-01-28',
            'time_start': '07:30',
            'weekday': 'Mercoledì'},
           {'date': '2026-01-29', 'time_start': '07:30', 'weekday': 'Giovedì'},
           {'date': '2026-01-30', 'time_start': '07:30', 'weekday': 'Venerdì'},
           {'date': '2026-01-31', 'time_start': '07:30', 'weekday': 'Sabato'}],
 'description': "Sicilia Gaia organizza un tour dell'Etna in Circumetnea, per "
                'scoprire un paesaggio mozzafiato e la storia millenaria del '
                "vulcano come mai prima d'ora. Viaggeremo a passo lento, "
                'godendoci ogni scorcio di un panorama unico, accompagnati dal '
                'nostro esperto geologo e guida Federescursionismo, Rosario '
                'Calcagno. Al nostro arrivo, saremo accolti a Randazzo da '
                'Lucio, "randazzese doc", che ci condurrà in un viaggio nel '
                "tempo attraverso l'affascinante borgo medievale. Varcheremo "
                'le antiche porte della città, esploreremo chiese ricche di '
                'storia e ci immergeremo nel patrimonio locale visitando il '
                'Museo Archeologico Paolo Vagliasindi. Date: 3-17-31 gennaio. '
                'Appuntamento 7.30 Stazione centrale di Catania. Rientro a '
                'Catania 17.30. Quota di partecipazione €60,00 (include '
                'trasferimenti da e per la stazione di partenza, colazione, '
                'esperto geologo, guida locale, accompagnatore turistico, '
                'ingressi, pranzo con panino con salsiccia, patatine, acqua '
                'dessert e caffè). Bambini da 4 a 10 anni €30,00. Tour in '
                'lingua Italiana e Inglese. Il programma dettagliato verrà '
                'inviato dopo aver effettuato la prenotazione su '
                'https://linktr.ee/siciliagaia . Info whatsapp 3928079089. Il '
                'tour verrà confermato con un numero minimo di 12 persone e un '
                'massimo di 25. Il tour non è adatto a chi potesse avere '
                'difficoltà motorie. È previsto un percorso a piedi di circa 5 '
                'km e il cambio di 5 mezzi. Al raggiungimento del numero '
                'minimo verranno inviate le coordinate bancarie.',
 'image_url': '//citynews-cataniatoday.stgy.ovh/~media/horizontal-mid/58574371310001/il-giro-dell-etna-a-passo-lento-in-circumetnea-e-visita-del-borgo-medievale-di-randazzo-7.png',
 'location_address': None,
 'location_name': 'Randazzo',
 'price': '60',
 'scraped_at': '2026-01-30T14:22:48.839370',
 'time_info': '07.30',
 'title': 'Il giro dell’Etna a passo lento in circumetnea e visita del borgo '
          'medievale di Randazzo',
 'url': 'https://www.cataniatoday.it/eventi/il-giro-dell-etna-a-passo-lento-in-circumetnea-e-visita-del-borgo-medievale-di-randazzo-sicilia-gaia-13298694.html',
 'uuid': '9e2dd892b818b843'}
[2026-01-30T14:23:09.102+0000] {docker.py:429} INFO - 2026-01-30 14:23:09 [scrapy.core.engine] DEBUG: Crawled (200) <GET https://www.cataniatoday.it/eventi/mostra-namaste-mascalucia-ottobre-2025-gennaio-2026.html> (referer: https://www.cataniatoday.it/eventi/dal/2026-01-30/al/2026-02-01/)
[2026-01-30T14:23:09.213+0000] {docker.py:429} INFO - 2026-01-30 14:23:09 [scrapy.core.scraper] DEBUG: Scraped from <200 https://www.cataniatoday.it/eventi/mostra-namaste-mascalucia-ottobre-2025-gennaio-2026.html>
{'category': 'Mostre',
 'city': 'Catania',
 'content_hash': '2afb241273fc735e',
 'date_end': '2026-01-30',
 'date_start': '2025-10-30',
 'dates': [{'date': '2025-10-30', 'time_start': '18:00', 'weekday': 'Giovedì'},
           {'date': '2025-10-31', 'time_start': '18:00', 'weekday': 'Venerdì'},
           {'date': '2025-11-01', 'time_start': '18:00', 'weekday': 'Sabato'},
           {'date': '2025-11-02', 'time_start': '18:00', 'weekday': 'Domenica'},
           {'date': '2025-11-03', 'time_start': '18:00', 'weekday': 'Lunedì'},
           {'date': '2025-11-04', 'time_start': '18:00', 'weekday': 'Martedì'},
           {'date': '2025-11-05',
            'time_start': '18:00',
            'weekday': 'Mercoledì'},
           {'date': '2025-11-06', 'time_start': '18:00', 'weekday': 'Giovedì'},
           {'date': '2025-11-07', 'time_start': '18:00', 'weekday': 'Venerdì'},
           {'date': '2025-11-08', 'time_start': '18:00', 'weekday': 'Sabato'},
           {'date': '2025-11-09', 'time_start': '18:00', 'weekday': 'Domenica'},
           {'date': '2025-11-10', 'time_start': '18:00', 'weekday': 'Lunedì'},
           {'date': '2025-11-11', 'time_start': '18:00', 'weekday': 'Martedì'},
           {'date': '2025-11-12',
            'time_start': '18:00',
            'weekday': 'Mercoledì'},
           {'date': '2025-11-13', 'time_start': '18:00', 'weekday': 'Giovedì'},
           {'date': '2025-11-14', 'time_start': '18:00', 'weekday': 'Venerdì'},
           {'date': '2025-11-15', 'time_start': '18:00', 'weekday': 'Sabato'},
           {'date': '2025-11-16', 'time_start': '18:00', 'weekday': 'Domenica'},
           {'date': '2025-11-17', 'time_start': '18:00', 'weekday': 'Lunedì'},
           {'date': '2025-11-18', 'time_start': '18:00', 'weekday': 'Martedì'},
           {'date': '2025-11-19',
            'time_start': '18:00',
            'weekday': 'Mercoledì'},
           {'date': '2025-11-20', 'time_start': '18:00', 'weekday': 'Giovedì'},
           {'date': '2025-11-21', 'time_start': '18:00', 'weekday': 'Venerdì'},
           {'date': '2025-11-22', 'time_start': '18:00', 'weekday': 'Sabato'},
           {'date': '2025-11-23', 'time_start': '18:00', 'weekday': 'Domenica'},
           {'date': '2025-11-24', 'time_start': '18:00', 'weekday': 'Lunedì'},
           {'date': '2025-11-25', 'time_start': '18:00', 'weekday': 'Martedì'},
           {'date': '2025-11-26',
            'time_start': '18:00',
            'weekday': 'Mercoledì'},
           {'date': '2025-11-27', 'time_start': '18:00', 'weekday': 'Giovedì'},
           {'date': '2025-11-28', 'time_start': '18:00', 'weekday': 'Venerdì'},
           {'date': '2025-11-29', 'time_start': '18:00', 'weekday': 'Sabato'},
           {'date': '2025-11-30', 'time_start': '18:00', 'weekday': 'Domenica'},
           {'date': '2025-12-01', 'time_start': '18:00', 'weekday': 'Lunedì'},
           {'date': '2025-12-02', 'time_start': '18:00', 'weekday': 'Martedì'},
           {'date': '2025-12-03',
            'time_start': '18:00',
            'weekday': 'Mercoledì'},
           {'date': '2025-12-04', 'time_start': '18:00', 'weekday': 'Giovedì'},
           {'date': '2025-12-05', 'time_start': '18:00', 'weekday': 'Venerdì'},
           {'date': '2025-12-06', 'time_start': '18:00', 'weekday': 'Sabato'},
           {'date': '2025-12-07', 'time_start': '18:00', 'weekday': 'Domenica'},
           {'date': '2025-12-08', 'time_start': '18:00', 'weekday': 'Lunedì'},
           {'date': '2025-12-09', 'time_start': '18:00', 'weekday': 'Martedì'},
           {'date': '2025-12-10',
            'time_start': '18:00',
            'weekday': 'Mercoledì'},
           {'date': '2025-12-11', 'time_start': '18:00', 'weekday': 'Giovedì'},
           {'date': '2025-12-12', 'time_start': '18:00', 'weekday': 'Venerdì'},
           {'date': '2025-12-13', 'time_start': '18:00', 'weekday': 'Sabato'},
           {'date': '2025-12-14', 'time_start': '18:00', 'weekday': 'Domenica'},
           {'date': '2025-12-15', 'time_start': '18:00', 'weekday': 'Lunedì'},
           {'date': '2025-12-16', 'time_start': '18:00', 'weekday': 'Martedì'},
           {'date': '2025-12-17',
            'time_start': '18:00',
            'weekday': 'Mercoledì'},
           {'date': '2025-12-18', 'time_start': '18:00', 'weekday': 'Giovedì'},
           {'date': '2025-12-19', 'time_start': '18:00', 'weekday': 'Venerdì'},
           {'date': '2025-12-20', 'time_start': '18:00', 'weekday': 'Sabato'},
           {'date': '2025-12-21', 'time_start': '18:00', 'weekday': 'Domenica'},
           {'date': '2025-12-22', 'time_start': '18:00', 'weekday': 'Lunedì'},
           {'date': '2025-12-23', 'time_start': '18:00', 'weekday': 'Martedì'},
           {'date': '2025-12-24',
            'time_start': '18:00',
            'weekday': 'Mercoledì'},
           {'date': '2025-12-25', 'time_start': '18:00', 'weekday': 'Giovedì'},
           {'date': '2025-12-26', 'time_start': '18:00', 'weekday': 'Venerdì'},
           {'date': '2025-12-27', 'time_start': '18:00', 'weekday': 'Sabato'},
           {'date': '2025-12-28', 'time_start': '18:00', 'weekday': 'Domenica'},
           {'date': '2025-12-29', 'time_start': '18:00', 'weekday': 'Lunedì'},
           {'date': '2025-12-30', 'time_start': '18:00', 'weekday': 'Martedì'},
           {'date': '2025-12-31',
            'time_start': '18:00',
            'weekday': 'Mercoledì'},
           {'date': '2026-01-01', 'time_start': '18:00', 'weekday': 'Giovedì'},
           {'date': '2026-01-02', 'time_start': '18:00', 'weekday': 'Venerdì'},
           {'date': '2026-01-03', 'time_start': '18:00', 'weekday': 'Sabato'},
           {'date': '2026-01-04', 'time_start': '18:00', 'weekday': 'Domenica'},
           {'date': '2026-01-05', 'time_start': '18:00', 'weekday': 'Lunedì'},
           {'date': '2026-01-06', 'time_start': '18:00', 'weekday': 'Martedì'},
           {'date': '2026-01-07',
            'time_start': '18:00',
            'weekday': 'Mercoledì'},
           {'date': '2026-01-08', 'time_start': '18:00', 'weekday': 'Giovedì'},
           {'date': '2026-01-09', 'time_start': '18:00', 'weekday': 'Venerdì'},
           {'date': '2026-01-10', 'time_start': '18:00', 'weekday': 'Sabato'},
           {'date': '2026-01-11', 'time_start': '18:00', 'weekday': 'Domenica'},
           {'date': '2026-01-12', 'time_start': '18:00', 'weekday': 'Lunedì'},
           {'date': '2026-01-13', 'time_start': '18:00', 'weekday': 'Martedì'},
           {'date': '2026-01-14',
            'time_start': '18:00',
            'weekday': 'Mercoledì'},
           {'date': '2026-01-15', 'time_start': '18:00', 'weekday': 'Giovedì'},
           {'date': '2026-01-16', 'time_start': '18:00', 'weekday': 'Venerdì'},
           {'date': '2026-01-17', 'time_start': '18:00', 'weekday': 'Sabato'},
           {'date': '2026-01-18', 'time_start': '18:00', 'weekday': 'Domenica'},
           {'date': '2026-01-19', 'time_start': '18:00', 'weekday': 'Lunedì'},
           {'date': '2026-01-20', 'time_start': '18:00', 'weekday': 'Martedì'},
           {'date': '2026-01-21',
            'time_start': '18:00',
            'weekday': 'Mercoledì'},
           {'date': '2026-01-22', 'time_start': '18:00', 'weekday': 'Giovedì'},
           {'date': '2026-01-23', 'time_start': '18:00', 'weekday': 'Venerdì'},
           {'date': '2026-01-24', 'time_start': '18:00', 'weekday': 'Sabato'},
           {'date': '2026-01-25', 'time_start': '18:00', 'weekday': 'Domenica'},
           {'date': '2026-01-26', 'time_start': '18:00', 'weekday': 'Lunedì'},
           {'date': '2026-01-27', 'time_start': '18:00', 'weekday': 'Martedì'},
           {'date': '2026-01-28',
            'time_start': '18:00',
            'weekday': 'Mercoledì'},
           {'date': '2026-01-29', 'time_start': '18:00', 'weekday': 'Giovedì'},
           {'date': '2026-01-30', 'time_start': '18:00', 'weekday': 'Venerdì'}],
 'description': 'Un momento conviviale per inaugurare la mostra di Emanuele '
                'Carpenzano, condividere riflessioni con il critico '
                'fotografico Pippo Pappalardo e brindare insieme durante un '
                'aperitivo con l’artista. In questa occasione sarà anche '
                'presentato e distribuito il catalogo della mostra, che '
                'documenta il percorso creativo e le opere esposte. Ore '
                '18:00-21:00 – Aperitivo e incontro con l’artista. Bar '
                'Ottagono, Mascalucia (CT). Un’occasione per vivere ancora una '
                'volta il dialogo tra arte, spazio e comunità, nel segno della '
                'ricerca e della relazione che caratterizzano il progetto '
                'Passaggi ( www.passaggi.art ).',
 'image_url': '//citynews-cataniatoday.stgy.ovh/~media/horizontal-mid/67023880756640/561228063_10234369397028642_8732598449336422903_n.jpg',
 'location_address': 'Corso San Vito, 71',
 'location_name': 'Ottagono',
 'price': 'Gratis',
 'scraped_at': '2026-01-30T14:22:48.838937',
 'time_info': '18.00',
 'title': "Mostra fotografica 'Namaste'",
 'url': 'https://www.cataniatoday.it/eventi/mostra-namaste-mascalucia-ottobre-2025-gennaio-2026.html',
 'uuid': '7b7cbaf4ac7d4f7c'}
[2026-01-30T14:23:10.394+0000] {docker.py:429} INFO - 2026-01-30 14:23:10 [scrapy.core.engine] DEBUG: Crawled (200) <GET https://www.cataniatoday.it/eventi/agatha-catanensis-turismo-gennaio-2026.html> (referer: https://www.cataniatoday.it/eventi/dal/2026-01-30/al/2026-02-01/)
[2026-01-30T14:23:10.503+0000] {docker.py:429} INFO - 2026-01-30 14:23:10 [scrapy.core.scraper] DEBUG: Scraped from <200 https://www.cataniatoday.it/eventi/agatha-catanensis-turismo-gennaio-2026.html>
{'category': 'Turismo',
 'city': 'Catania',
 'content_hash': '219cdc71a62ed152',
 'date_end': '2026-02-12',
 'date_start': '2026-01-11',
 'dates': [{'date': '2026-01-11', 'time_start': '10:00', 'weekday': 'Domenica'},
           {'date': '2026-01-12', 'time_start': '10:00', 'weekday': 'Lunedì'},
           {'date': '2026-01-13', 'time_start': '10:00', 'weekday': 'Martedì'},
           {'date': '2026-01-14',
            'time_start': '10:00',
            'weekday': 'Mercoledì'},
           {'date': '2026-01-15', 'time_start': '10:00', 'weekday': 'Giovedì'},
           {'date': '2026-01-16', 'time_start': '10:00', 'weekday': 'Venerdì'},
           {'date': '2026-01-17', 'time_start': '10:00', 'weekday': 'Sabato'},
           {'date': '2026-01-18', 'time_start': '10:00', 'weekday': 'Domenica'},
           {'date': '2026-01-19', 'time_start': '10:00', 'weekday': 'Lunedì'},
           {'date': '2026-01-20', 'time_start': '10:00', 'weekday': 'Martedì'},
           {'date': '2026-01-21',
            'time_start': '10:00',
            'weekday': 'Mercoledì'},
           {'date': '2026-01-22', 'time_start': '10:00', 'weekday': 'Giovedì'},
           {'date': '2026-01-23', 'time_start': '10:00', 'weekday': 'Venerdì'},
           {'date': '2026-01-24', 'time_start': '10:00', 'weekday': 'Sabato'},
           {'date': '2026-01-25', 'time_start': '10:00', 'weekday': 'Domenica'},
           {'date': '2026-01-26', 'time_start': '10:00', 'weekday': 'Lunedì'},
           {'date': '2026-01-27', 'time_start': '10:00', 'weekday': 'Martedì'},
           {'date': '2026-01-28',
            'time_start': '10:00',
            'weekday': 'Mercoledì'},
           {'date': '2026-01-29', 'time_start': '10:00', 'weekday': 'Giovedì'},
           {'date': '2026-01-30', 'time_start': '10:00', 'weekday': 'Venerdì'},
           {'date': '2026-01-31', 'time_start': '10:00', 'weekday': 'Sabato'},
           {'date': '2026-02-01', 'time_start': '10:00', 'weekday': 'Domenica'},
           {'date': '2026-02-02', 'time_start': '10:00', 'weekday': 'Lunedì'},
           {'date': '2026-02-03', 'time_start': '10:00', 'weekday': 'Martedì'},
           {'date': '2026-02-04',
            'time_start': '10:00',
            'weekday': 'Mercoledì'},
           {'date': '2026-02-05', 'time_start': '10:00', 'weekday': 'Giovedì'},
           {'date': '2026-02-06', 'time_start': '10:00', 'weekday': 'Venerdì'},
           {'date': '2026-02-07', 'time_start': '10:00', 'weekday': 'Sabato'},
           {'date': '2026-02-08', 'time_start': '10:00', 'weekday': 'Domenica'},
           {'date': '2026-02-09', 'time_start': '10:00', 'weekday': 'Lunedì'},
           {'date': '2026-02-10', 'time_start': '10:00', 'weekday': 'Martedì'},
           {'date': '2026-02-11',
            'time_start': '10:00',
            'weekday': 'Mercoledì'},
           {'date': '2026-02-12', 'time_start': '10:00', 'weekday': 'Giovedì'}],
 'description': '11, 18, 25 Gennaio – 1, 2, 8, 12 Febbraio. APPUNTAMENTO ore '
                '10.00 – Piazza Sant’Agata la Vetere. DURATA 3 ore circa. '
                'CONTRIBUTO DI PARTECIPAZIONE: € 25.00 (gratuito bambini fino '
                'a 10 anni) – Comprende la guida e gli ingressi ai siti. INFO '
                'E PRENOTAZIONI WhatsApp a: 338.1441760 / 333.9119648 / '
                '351.3792189 mail a: asso.etnangeniousa@gmail.com Qualora '
                'foste costretti a disdire, vi preghiamo di comunicarlo in '
                'tempo, per dar modo ad altri di partecipare. Le visite si '
                'svolgeranno nel rispetto delle attività di culto L’evento si '
                'svolgerà per un numero limitato di partecipanti.',
 'image_url': '//citynews-cataniatoday.stgy.ovh/~media/horizontal-mid/68397474992042/609029966_1277301974434662_4828613181296847003_n.jpg',
 'location_address': "Piazza Sant'Agata la Vetere",
 'location_name': 'Piazza Sant’Agata la Vetere',
 'price': 'Prezzo non disponibile',
 'scraped_at': '2026-01-30T14:22:48.838447',
 'time_info': '10.00',
 'title': 'Agatha Catanensis',
 'url': 'https://www.cataniatoday.it/eventi/agatha-catanensis-turismo-gennaio-2026.html',
 'uuid': '6624065e339b2e78'}
[2026-01-30T14:23:12.008+0000] {docker.py:429} INFO - 2026-01-30 14:23:12 [scrapy.core.engine] DEBUG: Crawled (200) <GET https://www.cataniatoday.it/eventi/apporte-l-app-del-centro-commerciale-porte-di-catania.html> (referer: https://www.cataniatoday.it/eventi/dal/2026-01-30/al/2026-02-01/)
[2026-01-30T14:23:12.121+0000] {docker.py:429} INFO - 2026-01-30 14:23:12 [scrapy.core.scraper] DEBUG: Scraped from <200 https://www.cataniatoday.it/eventi/apporte-l-app-del-centro-commerciale-porte-di-catania.html>
{'category': None,
 'city': 'Catania',
 'content_hash': 'a86c6a7f6b0858db',
 'date_end': '2026-03-31',
 'date_start': '2025-11-24',
 'dates': [{'date': '2025-11-24', 'weekday': 'Lunedì'},
           {'date': '2025-11-25', 'weekday': 'Martedì'},
           {'date': '2025-11-26', 'weekday': 'Mercoledì'},
           {'date': '2025-11-27', 'weekday': 'Giovedì'},
           {'date': '2025-11-28', 'weekday': 'Venerdì'},
           {'date': '2025-11-29', 'weekday': 'Sabato'},
           {'date': '2025-11-30', 'weekday': 'Domenica'},
           {'date': '2025-12-01', 'weekday': 'Lunedì'},
           {'date': '2025-12-02', 'weekday': 'Martedì'},
           {'date': '2025-12-03', 'weekday': 'Mercoledì'},
           {'date': '2025-12-04', 'weekday': 'Giovedì'},
           {'date': '2025-12-05', 'weekday': 'Venerdì'},
           {'date': '2025-12-06', 'weekday': 'Sabato'},
           {'date': '2025-12-07', 'weekday': 'Domenica'},
           {'date': '2025-12-08', 'weekday': 'Lunedì'},
           {'date': '2025-12-09', 'weekday': 'Martedì'},
           {'date': '2025-12-10', 'weekday': 'Mercoledì'},
           {'date': '2025-12-11', 'weekday': 'Giovedì'},
           {'date': '2025-12-12', 'weekday': 'Venerdì'},
           {'date': '2025-12-13', 'weekday': 'Sabato'},
           {'date': '2025-12-14', 'weekday': 'Domenica'},
           {'date': '2025-12-15', 'weekday': 'Lunedì'},
           {'date': '2025-12-16', 'weekday': 'Martedì'},
           {'date': '2025-12-17', 'weekday': 'Mercoledì'},
           {'date': '2025-12-18', 'weekday': 'Giovedì'},
           {'date': '2025-12-19', 'weekday': 'Venerdì'},
           {'date': '2025-12-20', 'weekday': 'Sabato'},
           {'date': '2025-12-21', 'weekday': 'Domenica'},
           {'date': '2025-12-22', 'weekday': 'Lunedì'},
           {'date': '2025-12-23', 'weekday': 'Martedì'},
           {'date': '2025-12-24', 'weekday': 'Mercoledì'},
           {'date': '2025-12-25', 'weekday': 'Giovedì'},
           {'date': '2025-12-26', 'weekday': 'Venerdì'},
           {'date': '2025-12-27', 'weekday': 'Sabato'},
           {'date': '2025-12-28', 'weekday': 'Domenica'},
           {'date': '2025-12-29', 'weekday': 'Lunedì'},
           {'date': '2025-12-30', 'weekday': 'Martedì'},
           {'date': '2025-12-31', 'weekday': 'Mercoledì'},
           {'date': '2026-01-01', 'weekday': 'Giovedì'},
           {'date': '2026-01-02', 'weekday': 'Venerdì'},
           {'date': '2026-01-03', 'weekday': 'Sabato'},
           {'date': '2026-01-04', 'weekday': 'Domenica'},
           {'date': '2026-01-05', 'weekday': 'Lunedì'},
           {'date': '2026-01-06', 'weekday': 'Martedì'},
           {'date': '2026-01-07', 'weekday': 'Mercoledì'},
           {'date': '2026-01-08', 'weekday': 'Giovedì'},
           {'date': '2026-01-09', 'weekday': 'Venerdì'},
           {'date': '2026-01-10', 'weekday': 'Sabato'},
           {'date': '2026-01-11', 'weekday': 'Domenica'},
           {'date': '2026-01-12', 'weekday': 'Lunedì'},
           {'date': '2026-01-13', 'weekday': 'Martedì'},
           {'date': '2026-01-14', 'weekday': 'Mercoledì'},
           {'date': '2026-01-15', 'weekday': 'Giovedì'},
           {'date': '2026-01-16', 'weekday': 'Venerdì'},
           {'date': '2026-01-17', 'weekday': 'Sabato'},
           {'date': '2026-01-18', 'weekday': 'Domenica'},
           {'date': '2026-01-19', 'weekday': 'Lunedì'},
           {'date': '2026-01-20', 'weekday': 'Martedì'},
           {'date': '2026-01-21', 'weekday': 'Mercoledì'},
           {'date': '2026-01-22', 'weekday': 'Giovedì'},
           {'date': '2026-01-23', 'weekday': 'Venerdì'},
           {'date': '2026-01-24', 'weekday': 'Sabato'},
           {'date': '2026-01-25', 'weekday': 'Domenica'},
           {'date': '2026-01-26', 'weekday': 'Lunedì'},
           {'date': '2026-01-27', 'weekday': 'Martedì'},
           {'date': '2026-01-28', 'weekday': 'Mercoledì'},
           {'date': '2026-01-29', 'weekday': 'Giovedì'},
           {'date': '2026-01-30', 'weekday': 'Venerdì'},
           {'date': '2026-01-31', 'weekday': 'Sabato'},
           {'date': '2026-02-01', 'weekday': 'Domenica'},
           {'date': '2026-02-02', 'weekday': 'Lunedì'},
           {'date': '2026-02-03', 'weekday': 'Martedì'},
           {'date': '2026-02-04', 'weekday': 'Mercoledì'},
           {'date': '2026-02-05', 'weekday': 'Giovedì'},
           {'date': '2026-02-06', 'weekday': 'Venerdì'},
           {'date': '2026-02-07', 'weekday': 'Sabato'},
           {'date': '2026-02-08', 'weekday': 'Domenica'},
           {'date': '2026-02-09', 'weekday': 'Lunedì'},
           {'date': '2026-02-10', 'weekday': 'Martedì'},
           {'date': '2026-02-11', 'weekday': 'Mercoledì'},
           {'date': '2026-02-12', 'weekday': 'Giovedì'},
           {'date': '2026-02-13', 'weekday': 'Venerdì'},
           {'date': '2026-02-14', 'weekday': 'Sabato'},
           {'date': '2026-02-15', 'weekday': 'Domenica'},
           {'date': '2026-02-16', 'weekday': 'Lunedì'},
           {'date': '2026-02-17', 'weekday': 'Martedì'},
           {'date': '2026-02-18', 'weekday': 'Mercoledì'},
           {'date': '2026-02-19', 'weekday': 'Giovedì'},
           {'date': '2026-02-20', 'weekday': 'Venerdì'},
           {'date': '2026-02-21', 'weekday': 'Sabato'},
           {'date': '2026-02-22', 'weekday': 'Domenica'},
           {'date': '2026-02-23', 'weekday': 'Lunedì'},
           {'date': '2026-02-24', 'weekday': 'Martedì'},
           {'date': '2026-02-25', 'weekday': 'Mercoledì'},
           {'date': '2026-02-26', 'weekday': 'Giovedì'},
           {'date': '2026-02-27', 'weekday': 'Venerdì'},
           {'date': '2026-02-28', 'weekday': 'Sabato'},
           {'date': '2026-03-01', 'weekday': 'Domenica'},
           {'date': '2026-03-02', 'weekday': 'Lunedì'},
           {'date': '2026-03-03', 'weekday': 'Martedì'},
           {'date': '2026-03-04', 'weekday': 'Mercoledì'},
           {'date': '2026-03-05', 'weekday': 'Giovedì'},
           {'date': '2026-03-06', 'weekday': 'Venerdì'},
           {'date': '2026-03-07', 'weekday': 'Sabato'},
           {'date': '2026-03-08', 'weekday': 'Domenica'},
           {'date': '2026-03-09', 'weekday': 'Lunedì'},
           {'date': '2026-03-10', 'weekday': 'Martedì'},
           {'date': '2026-03-11', 'weekday': 'Mercoledì'},
           {'date': '2026-03-12', 'weekday': 'Giovedì'},
           {'date': '2026-03-13', 'weekday': 'Venerdì'},
           {'date': '2026-03-14', 'weekday': 'Sabato'},
           {'date': '2026-03-15', 'weekday': 'Domenica'},
           {'date': '2026-03-16', 'weekday': 'Lunedì'},
           {'date': '2026-03-17', 'weekday': 'Martedì'},
           {'date': '2026-03-18', 'weekday': 'Mercoledì'},
           {'date': '2026-03-19', 'weekday': 'Giovedì'},
           {'date': '2026-03-20', 'weekday': 'Venerdì'},
           {'date': '2026-03-21', 'weekday': 'Sabato'},
           {'date': '2026-03-22', 'weekday': 'Domenica'},
           {'date': '2026-03-23', 'weekday': 'Lunedì'},
           {'date': '2026-03-24', 'weekday': 'Martedì'},
           {'date': '2026-03-25', 'weekday': 'Mercoledì'},
           {'date': '2026-03-26', 'weekday': 'Giovedì'},
           {'date': '2026-03-27', 'weekday': 'Venerdì'},
           {'date': '2026-03-28', 'weekday': 'Sabato'},
           {'date': '2026-03-29', 'weekday': 'Domenica'},
           {'date': '2026-03-30', 'weekday': 'Lunedì'},
           {'date': '2026-03-31', 'weekday': 'Martedì'}],
 'description': "APPorte è un'app già disponibile e scaricabile, che offre un "
                'modo nuovo e conveniente di vivere i tuoi acquisti: funzioni '
                'utili, contenuti dedicati e un concorso che premia ogni '
                'visita. Dal 24 novembre 2025 al 31 marzo 2026, puoi '
                'partecipare all’instant win “APPorte ti premia” e provare a '
                'vincere subito shopping e premi esclusivi . APPorte è la '
                'nuova applicazione ufficiale del Centro Commerciale Porte di '
                'Catania . È pensata per rendere la tua esperienza di shopping '
                'più completa e interattiva: tramite l’app puoi accedere a '
                'coupon esclusivi, scoprire offerte dedicate dai negozi che '
                'preferisci, ricevere notifiche sugli eventi in galleria e '
                'restare aggiornato sulle iniziative speciali. Con l’app, già '
                "disponibile, parte il concorso “APPorte ti premia” . E' "
                'possibile partecipare al concorso in due modalità: Non serve '
                'aspettare: dopo aver caricato lo scontrino, scopri subito se '
                'hai vinto grazie al meccanismo instant win . I premi in palio '
                'includono gift card per continuare a fare shopping a Porte di '
                'Catania, ma anche oggetti esclusivi come smartphone, smart '
                'TV, trolley, e altri articoli di valore . Partecipare è '
                'semplicissimo, basta seguire questi passi: Oltre al concorso, '
                'utilizzando APPorte hai accesso esclusivo a promozioni che '
                'non trovi altrove. L’ app è il canale ufficiale per essere '
                'sempre aggiornato sugli eventi nel centro commerciale , '
                'sconti speciali e sorprese mensili pensate solo per gli '
                'utenti dell’app. Per le informazioni sul concorso, consultare '
                'il regolamento sul sito .',
 'image_url': '//citynews-cataniatoday.stgy.ovh/~media/horizontal-mid/5326998536847/pdc-lancio-apporte_catania-2590x1600-1.jpg',
 'location_address': 'Via Gelso Bianco',
 'location_name': 'Centro Commerciale Porte di Catania',
 'price': 'Gratis',
 'scraped_at': '2026-01-30T14:22:48.837954',
 'time_info': 'Orario non disponibile',
 'title': 'APPorte: l’app che trasforma lo shopping in premi immediati',
 'url': 'https://www.cataniatoday.it/eventi/apporte-l-app-del-centro-commerciale-porte-di-catania.html',
 'uuid': '3735bde5b6951991',
 'website': 'https://portedicatania.it/'}
[2026-01-30T14:23:12.664+0000] {docker.py:429} INFO - 2026-01-30 14:23:12 [scrapy.core.engine] DEBUG: Crawled (200) <GET https://www.cataniatoday.it/eventi/ciaspole-trekking-nebrodi-inverno-guida-naturalistica.html> (referer: https://www.cataniatoday.it/eventi/dal/2026-01-30/al/2026-02-01/)
[2026-01-30T14:23:12.774+0000] {docker.py:429} INFO - 2026-01-30 14:23:12 [scrapy.core.scraper] DEBUG: Scraped from <200 https://www.cataniatoday.it/eventi/ciaspole-trekking-nebrodi-inverno-guida-naturalistica.html>
{'category': None,
 'city': 'Catania',
 'content_hash': '5b45d1d6f4bb4ac2',
 'date_end': '2026-01-31',
 'date_start': '2025-12-25',
 'dates': [{'date': '2025-12-25', 'weekday': 'Giovedì'},
           {'date': '2025-12-26', 'weekday': 'Venerdì'},
           {'date': '2025-12-27', 'weekday': 'Sabato'},
           {'date': '2025-12-28', 'weekday': 'Domenica'},
           {'date': '2025-12-29', 'weekday': 'Lunedì'},
           {'date': '2025-12-30', 'weekday': 'Martedì'},
           {'date': '2025-12-31', 'weekday': 'Mercoledì'},
           {'date': '2026-01-01', 'weekday': 'Giovedì'},
           {'date': '2026-01-02', 'weekday': 'Venerdì'},
           {'date': '2026-01-03', 'weekday': 'Sabato'},
           {'date': '2026-01-04', 'weekday': 'Domenica'},
           {'date': '2026-01-05', 'weekday': 'Lunedì'},
           {'date': '2026-01-06', 'weekday': 'Martedì'},
           {'date': '2026-01-07', 'weekday': 'Mercoledì'},
           {'date': '2026-01-08', 'weekday': 'Giovedì'},
           {'date': '2026-01-09', 'weekday': 'Venerdì'},
           {'date': '2026-01-10', 'weekday': 'Sabato'},
           {'date': '2026-01-11', 'weekday': 'Domenica'},
           {'date': '2026-01-12', 'weekday': 'Lunedì'},
           {'date': '2026-01-13', 'weekday': 'Martedì'},
           {'date': '2026-01-14', 'weekday': 'Mercoledì'},
           {'date': '2026-01-15', 'weekday': 'Giovedì'},
           {'date': '2026-01-16', 'weekday': 'Venerdì'},
           {'date': '2026-01-17', 'weekday': 'Sabato'},
           {'date': '2026-01-18', 'weekday': 'Domenica'},
           {'date': '2026-01-19', 'weekday': 'Lunedì'},
           {'date': '2026-01-20', 'weekday': 'Martedì'},
           {'date': '2026-01-21', 'weekday': 'Mercoledì'},
           {'date': '2026-01-22', 'weekday': 'Giovedì'},
           {'date': '2026-01-23', 'weekday': 'Venerdì'},
           {'date': '2026-01-24', 'weekday': 'Sabato'},
           {'date': '2026-01-25', 'weekday': 'Domenica'},
           {'date': '2026-01-26', 'weekday': 'Lunedì'},
           {'date': '2026-01-27', 'weekday': 'Martedì'},
           {'date': '2026-01-28', 'weekday': 'Mercoledì'},
           {'date': '2026-01-29', 'weekday': 'Giovedì'},
           {'date': '2026-01-30', 'weekday': 'Venerdì'},
           {'date': '2026-01-31', 'weekday': 'Sabato'}],
 'description': 'La guida naturalistica Antonio Di Grazia propone '
                'un’escursione con l’ausilio delle ciaspole ( o a piedi in '
                'assenza di neve) che, partendo da Portella Femmina Morta, nel '
                'Parco dei Nebrodi, si addentrerà in una fitta faggeta fino a '
                'giungere al Lago Maulazzo, un invaso artificiale di grande '
                'bellezza. La presenza della neve - e del ghiaccio sulla '
                'superficie lacustre - dona al paesaggio una veste nordica, '
                'che si presta a foto e riprese di grande effetto. '
                'L’escursione, di difficoltà facile, prevede la percorrenza di '
                'una stradella fiancheggiata da una rigogliosa vegetazione, '
                'lungo la quale si aprono scorci su pascoli ed ampie vallate. '
                'Lunghezza del percorso km 8,00 A/R; dislivello m. 100 circa. '
                'Abbigliamento ed attrezzature: si richiede un equipaggiamento '
                'adeguato alla media montagna ed alla stagione invernale. '
                'Consigliati pantaloni da neve, giacca a vento, calzettoni, '
                'scarponi, cappello e guanti. Pranzo a sacco. Si ricorda che è '
                'obbligatorio per gli automezzi tenere a bordo le catene da '
                'neve. Per prenotazioni chiamare al numero +39 3409720896 '
                'entro le ore 15 del giorno precedente. L’escursione si '
                'svolgerà con un minimo di cinque fino ad un massimo di dieci '
                'partecipanti, in qualsiasi giorno della settimana (da '
                'concordare). La quota di partecipazione di 30 euro include il '
                'noleggio delle ciaspole, necessarie per affrontare il '
                'percorso. E’ possibile partecipare anche con attrezzatura '
                'propria al prezzo di 20 euro, 10 bambino: la stessa tariffa è '
                'in vigore per itinerario trekking.',
 'image_url': '//citynews-cataniatoday.stgy.ovh/~media/horizontal-mid/66797530215036/whatsapp-image-2023-02-22-at-19-52-30-2.jpeg',
 'location_address': None,
 'location_name': None,
 'price': 'Prezzo non disponibile',
 'scraped_at': '2026-01-30T14:22:48.837517',
 'time_info': 'Orario non disponibile',
 'title': 'Sui Nebrodi in inverno: ciaspole o trekking alla scoperta dei '
          'boschi incantati',
 'url': 'https://www.cataniatoday.it/eventi/ciaspole-trekking-nebrodi-inverno-guida-naturalistica.html',
 'uuid': 'b545028d8f0e4125'}
[2026-01-30T14:23:13.951+0000] {docker.py:429} INFO - 2026-01-30 14:23:13 [scrapy.core.engine] DEBUG: Crawled (200) <GET https://www.cataniatoday.it/eventi/ciaspolata-etna-inverno-guida-naturalistica-catania.html> (referer: https://www.cataniatoday.it/eventi/dal/2026-01-30/al/2026-02-01/)
[2026-01-30T14:23:14.060+0000] {docker.py:429} INFO - 2026-01-30 14:23:14 [scrapy.core.scraper] DEBUG: Scraped from <200 https://www.cataniatoday.it/eventi/ciaspolata-etna-inverno-guida-naturalistica-catania.html>
{'category': None,
 'city': 'Catania',
 'content_hash': '566c8dd73c00bce3',
 'date_end': '2026-02-28',
 'date_start': '2026-01-08',
 'dates': [{'date': '2026-01-08', 'weekday': 'Giovedì'},
           {'date': '2026-01-09', 'weekday': 'Venerdì'},
           {'date': '2026-01-10', 'weekday': 'Sabato'},
           {'date': '2026-01-11', 'weekday': 'Domenica'},
           {'date': '2026-01-12', 'weekday': 'Lunedì'},
           {'date': '2026-01-13', 'weekday': 'Martedì'},
           {'date': '2026-01-14', 'weekday': 'Mercoledì'},
           {'date': '2026-01-15', 'weekday': 'Giovedì'},
           {'date': '2026-01-16', 'weekday': 'Venerdì'},
           {'date': '2026-01-17', 'weekday': 'Sabato'},
           {'date': '2026-01-18', 'weekday': 'Domenica'},
           {'date': '2026-01-19', 'weekday': 'Lunedì'},
           {'date': '2026-01-20', 'weekday': 'Martedì'},
           {'date': '2026-01-21', 'weekday': 'Mercoledì'},
           {'date': '2026-01-22', 'weekday': 'Giovedì'},
           {'date': '2026-01-23', 'weekday': 'Venerdì'},
           {'date': '2026-01-24', 'weekday': 'Sabato'},
           {'date': '2026-01-25', 'weekday': 'Domenica'},
           {'date': '2026-01-26', 'weekday': 'Lunedì'},
           {'date': '2026-01-27', 'weekday': 'Martedì'},
           {'date': '2026-01-28', 'weekday': 'Mercoledì'},
           {'date': '2026-01-29', 'weekday': 'Giovedì'},
           {'date': '2026-01-30', 'weekday': 'Venerdì'},
           {'date': '2026-01-31', 'weekday': 'Sabato'},
           {'date': '2026-02-01', 'weekday': 'Domenica'},
           {'date': '2026-02-02', 'weekday': 'Lunedì'},
           {'date': '2026-02-03', 'weekday': 'Martedì'},
           {'date': '2026-02-04', 'weekday': 'Mercoledì'},
           {'date': '2026-02-05', 'weekday': 'Giovedì'},
           {'date': '2026-02-06', 'weekday': 'Venerdì'},
           {'date': '2026-02-07', 'weekday': 'Sabato'},
           {'date': '2026-02-08', 'weekday': 'Domenica'},
           {'date': '2026-02-09', 'weekday': 'Lunedì'},
           {'date': '2026-02-10', 'weekday': 'Martedì'},
           {'date': '2026-02-11', 'weekday': 'Mercoledì'},
           {'date': '2026-02-12', 'weekday': 'Giovedì'},
           {'date': '2026-02-13', 'weekday': 'Venerdì'},
           {'date': '2026-02-14', 'weekday': 'Sabato'},
           {'date': '2026-02-15', 'weekday': 'Domenica'},
           {'date': '2026-02-16', 'weekday': 'Lunedì'},
           {'date': '2026-02-17', 'weekday': 'Martedì'},
           {'date': '2026-02-18', 'weekday': 'Mercoledì'},
           {'date': '2026-02-19', 'weekday': 'Giovedì'},
           {'date': '2026-02-20', 'weekday': 'Venerdì'},
           {'date': '2026-02-21', 'weekday': 'Sabato'},
           {'date': '2026-02-22', 'weekday': 'Domenica'},
           {'date': '2026-02-23', 'weekday': 'Lunedì'},
           {'date': '2026-02-24', 'weekday': 'Martedì'},
           {'date': '2026-02-25', 'weekday': 'Mercoledì'},
           {'date': '2026-02-26', 'weekday': 'Giovedì'},
           {'date': '2026-02-27', 'weekday': 'Venerdì'},
           {'date': '2026-02-28', 'weekday': 'Sabato'}],
 'description': 'La guida naturalistica Antonio Di Grazia propone '
                'un’escursione invernale sull’Etna innevata, lungo i '
                'suggestivi boschi del versante nord, tra faggi, betulle e '
                'pini. Il percorso attraversa il Canalone Quarantore ed il '
                'rifugio Baracca, offrendo panorami di grande impatto sui '
                'ripidi costoni del versante nord del vulcano. L’itinerario è '
                'di facile percorrenza e può essere effettuato con le ciaspole '
                'oppure a piedi, in caso di innevamento insufficiente. La '
                'quota di partecipazione include l’attrezzatura, con ciaspole '
                'e bastoncini forniti dall’organizzazione. Il tracciato potrà '
                'essere eventualmente variato in base alle condizioni della '
                'neve. La ciaspolata è prenotabile tutti i giorni, previo '
                'appuntamento, contattando Antonio Di Grazia al numero +39 '
                '3409720896, disponibile anche su WhatsApp. Un’esperienza '
                'ideale per vivere l’Etna d’inverno in piena sicurezza, '
                'immersi nel silenzio e nella bellezza dei paesaggi innevati.',
 'image_url': '//citynews-cataniatoday.stgy.ovh/~media/horizontal-mid/61991583872940/whatsapp-image-2026-01-08-at-13-12-40.jpeg',
 'location_address': None,
 'location_name': 'Etna',
 'price': '30 euro con noleggio attrezzatura',
 'scraped_at': '2026-01-30T14:22:48.837024',
 'time_info': '9-15',
 'title': "Ciaspolata di inizio stagione sull'Etna innevata",
 'url': 'https://www.cataniatoday.it/eventi/ciaspolata-etna-inverno-guida-naturalistica-catania.html',
 'uuid': '82b0ce30f3ed437b'}
[2026-01-30T14:23:14.774+0000] {docker.py:429} INFO - 2026-01-30 14:23:14 [scrapy.core.engine] DEBUG: Crawled (200) <GET https://www.cataniatoday.it/eventi/vetrine-sant-agata-catania-2026.html> (referer: https://www.cataniatoday.it/eventi/dal/2026-01-30/al/2026-02-01/)
[2026-01-30T14:23:14.893+0000] {docker.py:429} INFO - 2026-01-30 14:23:14 [scrapy.core.scraper] DEBUG: Scraped from <200 https://www.cataniatoday.it/eventi/vetrine-sant-agata-catania-2026.html>
{'category': 'Manifestazioni',
 'city': 'Catania',
 'content_hash': '7fa9d6c9d283b9ee',
 'date_end': '2026-02-08',
 'date_start': '2026-01-26',
 'dates': [{'date': '2026-01-26', 'weekday': 'Lunedì'},
           {'date': '2026-01-27', 'weekday': 'Martedì'},
           {'date': '2026-01-28', 'weekday': 'Mercoledì'},
           {'date': '2026-01-29', 'weekday': 'Giovedì'},
           {'date': '2026-01-30', 'weekday': 'Venerdì'},
           {'date': '2026-01-31', 'weekday': 'Sabato'},
           {'date': '2026-02-01', 'weekday': 'Domenica'},
           {'date': '2026-02-02', 'weekday': 'Lunedì'},
           {'date': '2026-02-03', 'weekday': 'Martedì'},
           {'date': '2026-02-04', 'weekday': 'Mercoledì'},
           {'date': '2026-02-05', 'weekday': 'Giovedì'},
           {'date': '2026-02-06', 'weekday': 'Venerdì'},
           {'date': '2026-02-07', 'weekday': 'Sabato'},
           {'date': '2026-02-08', 'weekday': 'Domenica'}],
 'description': 'Anche per la Festa di Sant’Agata 2026 si rinnova l’iniziativa '
                'con le creazioni d’arte della stilista siciliana Valentina '
                'Santagati, ispirate alla martire catanese, in segno di '
                'devozione. Ripercorrendo i passi di Agata tra arte e '
                'preghiera, moda e pittura si intrecciano lungo l’asse '
                'simbolico di via Etnea, trasformando il cuore della città in '
                'un itinerario devozionale e contemplativo che accompagna '
                'fedeli e visitatori nel segno della memoria, della fede e '
                'della bellezza. In occasione del IX centenario della '
                'traslazione delle reliquie di Sant’Agata, la stilista '
                'catanese Valentina Santagati ha voluto ancora una volta '
                'rendere omaggio alla Santa Patrona attraverso diverse opere, '
                'spaziando dalla moda alla pittura. La rassegna prevede tre '
                'allestimenti artistici in altrettante location lungo via '
                'Etnea, in un ideale abbraccio che accompagna il cammino della '
                'Santa seguendone i passi nel cuore della città. Questa '
                'iniziativa nasce come gesto di devozione e di fede personale: '
                'un’offerta silenziosa che, attraverso l’arte, intende rendere '
                'omaggio a Sant’Agata e condividere un sentimento profondo di '
                'appartenenza e gratitudine. Il primo allestimento, realizzato '
                'presso la vetrina di Catania Libri, presenta un abito in '
                'velluto bordeaux caratterizzato al centro dalla lettera “A”, '
                'chiaro richiamo al nome di Agata ed elemento tipico del segno '
                'devozionale catanese. L’abito è adornato da passamanerie, '
                'applicazioni e frange dorate ispirate allo stile barocco '
                'siciliano. Il secondo allestimento, ospitato presso l’Hotel '
                'Santuzza lungo via Etnea, si caratterizza per il dialogo tra '
                'moda e pittura. Protagonista è un corpetto in velluto marrone '
                'raffigurante l’iconografia di Sant’Agata al carcere, '
                'arricchito da ricami in paillettes, elementi decorativi di '
                'ispirazione barocca e frange dorate, che ne amplificano la '
                'forza evocativa e la carica spirituale. A completare '
                'l’allestimento, l’opera “L’estasi di Sant’Agata”, realizzata '
                'dalla stessa artista con una tecnica mista che fonde arte '
                'digitale e pittura acrilica, raffigurante l’iconografia '
                'dorata della Santa su uno sfondo nero. Lo sguardo è rivolto '
                'al cielo e rappresenta il momento della liberazione mistica '
                'dal carcere, culminante in una intensa e folgorante estasi '
                'divina. Il terzo e ultimo allestimento trova spazio nella '
                'vetrina di Agata Café, in Piazza Stesicoro, e si caratterizza '
                'per una narrazione visiva intensa in cui moda e pittura si '
                'intrecciano in una dimensione più profonda e simbolica. Al '
                'centro della composizione, un elegante corpetto in velluto '
                'raffigura il busto di Sant’Agata, arricchito da ricami in '
                'pizzo nero brillantinato e passamanerie floreali rifinite con '
                'paillettes dorate. Al corpetto è abbinata una gonna '
                'realizzata nello stesso tessuto, che ne riprende motivi e '
                'decorazioni, creando un insieme armonico e solenne. A '
                'suggellare l’allestimento, l’opera “Sant’Agata e la colata '
                'lavica”, realizzata con una tecnica mista di arte digitale e '
                'pittura acrilica. L’opera raffigura il volto dorato della '
                'Santa che emerge da un intenso sfondo nero, evocando il suo '
                'ruolo di protettrice e salvatrice della città di Catania, in '
                'omaggio al miracoloso intervento durante l’eruzione '
                'dell’Etna. Così l’arte diventa preghiera e la città, lungo il '
                'percorso etneo, si fa spazio d’incontro tra fede, '
                'testimonianza, memoria e bellezza.',
 'image_url': '//citynews-cataniatoday.stgy.ovh/~media/horizontal-mid/7038791123256/santagati-1.jpg',
 'location_address': 'Via Etnea',
 'location_name': 'Via Etnea',
 'price': 'Gratis',
 'scraped_at': '2026-01-30T14:22:48.836533',
 'time_info': 'tutto il giorno',
 'title': 'Nel segno di Sant’Agata, le creazioni della stilista Valentina '
          'Santagati trasformano via Etnea in un percorso devozionale',
 'url': 'https://www.cataniatoday.it/eventi/vetrine-sant-agata-catania-2026.html',
 'uuid': '3cf2009d7755e540'}
[2026-01-30T14:23:15.712+0000] {docker.py:429} INFO - 2026-01-30 14:23:15 [scrapy.core.engine] DEBUG: Crawled (200) <GET https://www.cataniatoday.it/eventi/etna-trekking-a-monte-gemmellaro-e-grotta-sant-agata-tributo-vulcanico-alla-santuzza-sicilia-gaia-13534536.html> (referer: https://www.cataniatoday.it/eventi/dal/2026-01-30/al/2026-02-01/)
[2026-01-30T14:23:15.820+0000] {docker.py:429} INFO - 2026-01-30 14:23:15 [scrapy.core.scraper] DEBUG: Scraped from <200 https://www.cataniatoday.it/eventi/etna-trekking-a-monte-gemmellaro-e-grotta-sant-agata-tributo-vulcanico-alla-santuzza-sicilia-gaia-13534536.html>
{'category': 'Turismo',
 'city': 'Catania',
 'content_hash': '53552d1fd201c98c',
 'date_end': '2026-02-01',
 'date_start': '2026-02-01',
 'dates': [{'date': '2026-02-01',
            'time_start': '10:00',
            'weekday': 'Domenica'}],
 'description': "Sicilia Gaia organizza un trekking all'insegna della pace "
                'interiore a stretto contatto con la natura. Accompagnati '
                'Rosario Calcagno, guida naturalistica e geologo, Inizieremo '
                'l’escursione tra lave recenti che irrompono e bosco, passando '
                'attraverso crateri spenti tra cui Monte Concilio, Monte '
                'Grosso e gli hornitos di Monte Gemmellaro, quest’ultimi '
                'formatisi durante l’eruzione del 1886, la cui colata si '
                'arrestò alle porte di Nicolosi per intercessione di '
                'Sant’Agata. A conclusione visiteremo la grotta di Sant’Agata '
                '(o Grotta Lunga) situata a Nicolosi nei pressi del cono '
                'spento di Monpeloso. Secondo le fonti storiche, si tratta '
                'della grotta generatasi a seguito dell’eruzione del 252/53 '
                'd.C., proprio un anno dopo la morte di Agata. A quei tempi la '
                'colata minacciava la città di Catania ma gli antichi di quel '
                'tempo presero il velo della Santuzza e lo innalzarono verso '
                'la colata: la lava si fermò. Scheda tecnica: Comune: '
                'Nicolosi; Tipologia: facile; Lunghezza percorso: 6 km a/r '
                'circa; Quota di partenza e di arrivo: 1250m/1300m s.l.m; '
                'Materiali occorrenti: abbigliamento a strati, giacca pesante, '
                'zaino, scarponi da trekking/comode scarpe da ginnastica, '
                'giacca a vento, abbigliamento comodo, guanti, sciarpa, '
                'berretto, caschi (forniti dalla guida), torcia, snack, pranzo '
                'al sacco. Meeting point ore 1 febbraio 9.30 Bar Papaveri e '
                'Papere (Nicolosi). Quota di partecipazione € 20.00 (include, '
                'guida naturalistica, organizzazione, polizza r.c. e '
                'infortuni). Prenotazione obbligatoria su https://forms.gle '
                'dYHNFtjU3HcCwgvN6. Trasferimenti: mezzi propri. L’evento '
                'verrà confermato con almeno 10 partecipanti. Percorso '
                'sconsigliato a soggetti cardiopatici o con problemi di '
                'deambulazione. N.B. Catene o gomme da neve obbligatorie.',
 'image_url': '//citynews-cataniatoday.stgy.ovh/~media/horizontal-mid/10185602837113/etna-trekking-a-monte-gemmellaro-e-grotta-sant-agata-tributo-vulcanico-alla-santuzza.png',
 'location_address': None,
 'location_name': 'Etna',
 'price': '20',
 'scraped_at': '2026-01-30T14:22:48.835792',
 'time_info': '10.00',
 'title': "Etna trekking a Monte Gemmellaro e grotta Sant'Agata: tributo "
          'vulcanico alla santuzza',
 'url': 'https://www.cataniatoday.it/eventi/etna-trekking-a-monte-gemmellaro-e-grotta-sant-agata-tributo-vulcanico-alla-santuzza-sicilia-gaia-13534536.html',
 'uuid': 'bf10b0391d4d79bd'}
[2026-01-30T14:23:17.079+0000] {docker.py:429} INFO - 2026-01-30 14:23:17 [scrapy.core.engine] DEBUG: Crawled (200) <GET https://www.cataniatoday.it/eventi/l-avant-folk-contemporaneo-di-massimo-silverio-massimo-silverio-13540116.html> (referer: https://www.cataniatoday.it/eventi/dal/2026-01-30/al/2026-02-01/)
[2026-01-30T14:23:17.194+0000] {docker.py:429} INFO - 2026-01-30 14:23:17 [scrapy.core.scraper] DEBUG: Scraped from <200 https://www.cataniatoday.it/eventi/l-avant-folk-contemporaneo-di-massimo-silverio-massimo-silverio-13540116.html>
{'category': 'Concerti',
 'city': 'Catania',
 'content_hash': '6d3c5b0bdaabc6e4',
 'date_end': '2026-01-30',
 'date_start': '2026-01-30',
 'dates': [{'date': '2026-01-30', 'time_start': '21:00', 'weekday': 'Venerdì'}],
 'description': 'La musica senza confini da sempre è una realtà consolidata '
                'fra le proposte dal vivo di Zo Centro culture contemporanee '
                'di Catania ed in questa cifra stilistica della programmazione '
                'messa a punto dal direttore Sergio Zinna si inserisce '
                "l'avant-folk contemporaneo di Massimo Silverio in calendario "
                'sul palco di Zo venerdì 30 gennaio, alle ore 21. Silverio, '
                'voce e chitarra, affiancato dai fidati Manuel Volpe ai '
                'sintetizzatori e Nicholas Remondino alle percussioni, '
                "presenterà l'ultimo album “Surtùm”, uscito a ottobre. Classe "
                '1992, Massimo Silverio è nato e cresciuto a Cercivento '
                '(Udine), nella regione storico-geografica della Carnia. '
                'Scrive e canta nella sua lingua nativa, il “cjarniel”, lingua '
                'minoritaria delle Alpi Carniche. Fra il fascino della terra '
                'di confine e la tradizione di un idioma antico, Silverio '
                'forma il suo personalissimo linguaggio fatto di poesia e '
                'suoni che si mescolano tra classico e contemporaneo, popolare '
                'e colto, acustico, elettroacustico ed elettronico: «Ho sempre '
                'avuto una forte attrazione per il suono e il significato '
                'delle parole che sentivo pronunciare dalla bocca dei miei '
                'nonni e genitori. Timbri, melodie e sfumature di sensi che '
                'non ho più ritrovato in quelle dei miei coetanei. Così ho '
                'utilizzato la lingua del mio cuore, le metriche e il gusto '
                'della “villotta” friulana unite a un suono crudo, evocativo e '
                'pieno di contrasti». Dopo 2 ep auto-prodotti nel 2023 arriva '
                'il primo album “Hrudja” pubblicato dalla torinese Okum '
                "Produzioni, frutto dell'incontro con il produttore "
                'marchigiano Manuel Volpe (Rhabdomantic Orchestra) e il '
                'contributo del percussionista piemontese Nicholas Remondino '
                '(Lamie, Stefano Battaglia, Vieri Cervelli Montel). Insieme '
                'hanno dato vita ad un lavoro di contrasti, di silenzi pieni '
                'di suono che esulano dai confini di un genere musicale. La '
                'sua musica utilizza un personalissimo idioma fatto di poesia '
                'e suoni che si mescolano tra popolare e colto, classico e '
                'contemporaneo, tangibile e occulto in un immaginario fatto di '
                'luoghi, anime e piante, volti e riti antichi. Un album che è '
                'piaciuto pure a Iggy Pop che lo ha passato su BBC6. Il '
                'secondo album “Surtùm”, pubblicato sempre da Okum, fonde il '
                'folklore metalinguistico dei Sigur Rós, gli arrangiamenti '
                'gotici degli Swans e il minimalismo elettronico venato di '
                'post-punk di “Mezzanine” dei Massive Attack. Prodotto da '
                'Manuel Volpe, “Surtùm” è stato scritto da Massimo Silverio e '
                "arrangiato insieme a Nicolas Remondino e Volpe. L'album segna "
                "un nuovo passo nell'evoluzione dell'artista friulano, "
                'plasmato dal profondo legame sviluppato con il suo trio '
                'durante gli ultimi anni di tournée. “Surtùm” è un termine '
                'friulano che può essere tradotto come palude o prato '
                'acquitrinoso. Nel contesto specifico di questo album, è '
                'inteso e immaginato come un luogo in cui vengono depositati '
                'canti e preghiere. “Surtùm” è un viaggio di pace e grazia, '
                "una lenta discesa nella natura oscura dell'umanità, un album "
                'attraverso il quale Silverio cerca di esorcizzare i tempi bui '
                'di violenza e odio che stiamo vivendo. Biglietti: € 18. '
                'Prevendita on line € 15 on line su '
                'https://dice.fm/partner/tickets/event/3on3ox-massimo-silverio-surtm-tour-30th-jan-z-centro-culture-contemporanee-catania-tickets '
                'Info al numero 0958168912, da lunedì a venerdì dalle 10 alle '
                '13.',
 'image_url': '//citynews-cataniatoday.stgy.ovh/~media/horizontal-mid/52935159780447/l-avant-folk-contemporaneo-di-massimo-silverio.jpg',
 'location_address': 'Piazzale Rocco Chinnici, Catania, CT, Italia 6',
 'location_name': 'Zō Centro culture contemporanee',
 'price': '€ 18',
 'scraped_at': '2026-01-30T14:22:48.834944',
 'time_info': '21:00',
 'title': "L'avant-folk contemporaneo di Massimo Silverio",
 'url': 'https://www.cataniatoday.it/eventi/l-avant-folk-contemporaneo-di-massimo-silverio-massimo-silverio-13540116.html',
 'uuid': '46373471e4797c44',
 'website': 'https://dice.fm/partner/tickets/event/3on3ox-massimo-silverio-surtm-tour-30th-jan-z-centro-culture-contemporanee-catania-tickets'}
[2026-01-30T14:23:18.443+0000] {docker.py:429} INFO - 2026-01-30 14:23:18 [scrapy.core.engine] DEBUG: Crawled (200) <GET https://www.cataniatoday.it/eventi/catania-tra-storia-e-culto-un-viaggio-nel-cuore-millenario-della-citta-sicilia-gaia-13534500.html> (referer: https://www.cataniatoday.it/eventi/dal/2026-01-30/al/2026-02-01/)
[2026-01-30T14:23:18.555+0000] {docker.py:429} INFO - 2026-01-30 14:23:18 [scrapy.core.scraper] DEBUG: Scraped from <200 https://www.cataniatoday.it/eventi/catania-tra-storia-e-culto-un-viaggio-nel-cuore-millenario-della-citta-sicilia-gaia-13534500.html>
{'category': 'Turismo',
 'city': 'Catania',
 'content_hash': 'e6069b9ba6fdaaf2',
 'date_end': '2026-02-01',
 'date_start': '2026-01-31',
 'dates': [{'date': '2026-01-31', 'time_start': '10:30', 'weekday': 'Sabato'},
           {'date': '2026-02-01',
            'time_start': '10:30',
            'weekday': 'Domenica'}],
 'description': 'Sicilia Gaia vi invita a una passeggiata straordinaria '
                'attraverso i secoli, un itinerario d’arte e devozione che '
                'svela i tesori nascosti e i luoghi simbolo di Catania. Dalle '
                'profondità del sottosuolo alle vette del barocco, cammineremo '
                'tra archeologia romana, segreti normanni e lo splendore dei '
                'monumenti dedicati a Sant’Agata. In una sola mattinata, '
                'avremo accesso a uno scrigno di tesori unico, inclusa una '
                'mostra fotografica esclusiva e luoghi spesso chiusi al '
                "pubblico. L'Itinerario del Tour: La Cattedrale: Visita alla "
                'Sagrestia e alla prestigiosa Cappella Regia. Sottosuolo '
                'Romano: Discesa alle monumentali Terme Achilliane. '
                "Architetture di Luce: La Chiesa di Sant'Agata alla Badia e la "
                'maestosa Collegiata. Tesori Barocchi: Visita a San Francesco '
                'Borgia (che ospita attualmente un’affascinante mostra '
                'fitografica). Le Radici del Culto: Un percorso che tocca la '
                "Chiesa di Sant’Agata la Vetere e l'antica Fornace. La Catania "
                'Imperiale: Conclusione presso l’Anfiteatro Romano. Dettagli: '
                'Durata: 3 ore di immersione totale tra arte e storia. Date 31 '
                'gennaio - 1 febbraio. Meeting Point: (10.30 Piazza Duomo). '
                'Quota di partecipazione: €22,00 a persona (include guida '
                "turistica autorizzata e tutti i ticket d'ingresso: Chiese, "
                'Terme Achilliane e Anfiteatro). Gruppo Esclusivo: Massimo 25 '
                "partecipanti per garantire un'esperienza di alta qualità. "
                'L’evento è a numero chiuso (minimo 10, massimo 25 '
                'partecipanti). Prenotazioni su https://linktr.ee/siciliagaia '
                '. Info 3928079089',
 'image_url': '//citynews-cataniatoday.stgy.ovh/~media/horizontal-mid/52758565978906/catania-tra-storia-e-culto-un-viaggio-nel-cuore-millenario-della-citta.png',
 'location_address': None,
 'location_name': 'Catania',
 'price': '22',
 'scraped_at': '2026-01-30T14:22:48.834357',
 'time_info': '10.30',
 'title': 'Catania tra storia e culto: un viaggio nel cuore millenario della '
          'città',
 'url': 'https://www.cataniatoday.it/eventi/catania-tra-storia-e-culto-un-viaggio-nel-cuore-millenario-della-citta-sicilia-gaia-13534500.html',
 'uuid': 'b512fe25f56b0448'}
[2026-01-30T14:23:19.911+0000] {docker.py:429} INFO - 2026-01-30 14:23:19 [scrapy.core.engine] DEBUG: Crawled (200) <GET https://www.cataniatoday.it/eventi/iosno-mindfulness-al-teatro-ambasciatori-iosno-13519602.html> (referer: https://www.cataniatoday.it/eventi/dal/2026-01-30/al/2026-02-01/)
[2026-01-30T14:23:20.017+0000] {docker.py:429} INFO - 2026-01-30 14:23:20 [scrapy.core.scraper] DEBUG: Scraped from <200 https://www.cataniatoday.it/eventi/iosno-mindfulness-al-teatro-ambasciatori-iosno-13519602.html>
{'category': 'Teatri',
 'city': 'Catania',
 'content_hash': 'a51eff7111d8f9f7',
 'date_end': '2026-01-30',
 'date_start': '2026-01-30',
 'dates': [{'date': '2026-01-30', 'time_start': '21:00', 'weekday': 'Venerdì'}],
 'description': 'Preparati a vivere un’esperienza fuori dall’ordinario! In '
                'questo appuntamento unico, che si terrà il 30 gennaio al '
                'Teatro Ambasciatori di Catania, il pubblico sarà invitato a '
                'prendere parte a una serata intensa di esplorazione interiore '
                'e meditazione, condotta da IOSNO. Non assisterai '
                'passivamente: sarai parte integrante del percorso, '
                'protagonista del tuo personale viaggio dentro di te. '
                'Attraverso meditazioni guidate e spazi di profonda '
                'riflessione, avrai la possibilità di entrare in contatto con '
                'il tuo corpo e la tua mente, osservando pensieri, emozioni e '
                'meccanismi automatici che spesso restano nascosti. Non ci '
                'sono risposte giuste o reazioni previste: ognuno sarà libero '
                'di vivere l’esperienza in modo sincero e spontaneo, scoprendo '
                'una modalità nuova e sorprendente di dialogo con la propria '
                'interiorità. La serata diventerà così uno specchio della tua '
                'mente, capace di far emergere intuizioni personali e '
                'significative, destinate ad accompagnarti nel tuo percorso di '
                'crescita. Non lasciarti sfuggire questa occasione di '
                'trasformazione e consapevolezza.',
 'image_url': '//citynews-cataniatoday.stgy.ovh/~media/horizontal-mid/8388890296521/iosno-mindfulness-al-teatro-ambasciatori.png',
 'location_address': "Via Eleonora D'Angiò, 17",
 'location_name': 'Teatro Ambasciatori',
 'price': 'Gratis',
 'scraped_at': '2026-01-30T14:22:48.833781',
 'time_info': '21:00',
 'title': 'Iosno Tour al Teatro Ambasciatori',
 'url': 'https://www.cataniatoday.it/eventi/iosno-mindfulness-al-teatro-ambasciatori-iosno-13519602.html',
 'uuid': 'd625dd762fcba5d0',
 'website': 'https://iosno.com/'}
[2026-01-30T14:23:22.200+0000] {docker.py:429} INFO - 2026-01-30 14:23:22 [scrapy.core.engine] DEBUG: Crawled (200) <GET https://www.cataniatoday.it/eventi/un-giro-di-stelle-festival-thrinakia-13531011.html> (referer: https://www.cataniatoday.it/eventi/dal/2026-01-30/al/2026-02-01/)
[2026-01-30T14:23:22.308+0000] {docker.py:429} INFO - 2026-01-30 14:23:22 [scrapy.core.scraper] DEBUG: Scraped from <200 https://www.cataniatoday.it/eventi/un-giro-di-stelle-festival-thrinakia-13531011.html>
{'category': 'Incontri',
 'city': 'Catania',
 'content_hash': 'b1266dcd05bab7aa',
 'date_end': '2026-01-31',
 'date_start': '2026-01-31',
 'dates': [{'date': '2026-01-31', 'time_start': '10:00', 'weekday': 'Sabato'}],
 'description': 'Un giro di stelle. Thrinakìa Festival. Catania Città da '
                'leggere. Raccontare la Sicilia è la via affettiva alla voce '
                'del cuore della nostra umanità. 31 gennaio 2026 ore 10:00 '
                'Sala della Notte Palazzo della Cultura, Via Vittorio Emanuele '
                'II 121 Catania. Vieni a raccontarci la tua esperienza con gli '
                "atelier di scrittura e lettura espressiva emozionale dell'ODV "
                'Le Stelle in Tasca. Vieni a scoprire con noi Catania città da '
                'leggere, un viaggio nel cuore della nostra umanità.',
 'image_url': '//citynews-cataniatoday.stgy.ovh/~media/horizontal-mid/42607222421271/un-giro-di-stelle-festival-thrinakia.jpg',
 'location_address': 'Via Vittorio Emanuele II, 121',
 'location_name': 'Sala della Notte Palazzo della Cultura',
 'price': 'Gratis',
 'scraped_at': '2026-01-30T14:22:48.833315',
 'time_info': '10:00',
 'title': "'Un giro di stelle': Festival Thrinakria",
 'url': 'https://www.cataniatoday.it/eventi/un-giro-di-stelle-festival-thrinakia-13531011.html',
 'uuid': 'dc21b208cd080f96'}
[2026-01-30T14:23:22.968+0000] {docker.py:429} INFO - 2026-01-30 14:23:22 [scrapy.core.engine] DEBUG: Crawled (200) <GET https://www.cataniatoday.it/eventi/gli-addams-al-ludum-staff-di-ludum-e-magodimis-13519950.html> (referer: https://www.cataniatoday.it/eventi/dal/2026-01-30/al/2026-02-01/)
[2026-01-30T14:23:23.077+0000] {docker.py:429} INFO - 2026-01-30 14:23:23 [scrapy.core.scraper] DEBUG: Scraped from <200 https://www.cataniatoday.it/eventi/gli-addams-al-ludum-staff-di-ludum-e-magodimis-13519950.html>
{'category': 'Manifestazioni',
 'city': 'Catania',
 'content_hash': 'eaaaa2d6f6177bcd',
 'date_end': '2026-02-01',
 'date_start': '2026-02-01',
 'dates': [{'date': '2026-02-01',
            'time_start': '17:00',
            'weekday': 'Domenica'}],
 'description': 'Sì, avete capito bene: Domenica 1 Febbraio, la famiglia più '
                'orribilmente simpatica dell’universo torna a Catania. '
                'Preparatevi a laboratori folli, spettacoli inquietanti e '
                'mostre mostruose: un pomeriggio divertentissimo (e un '
                'pochino… perturbante). LA SFIDA DI MERCOLEDÌ Lei non sorride. '
                'Lei osserva. E vi invita alla prova più temuta del regno: '
                '“Uno è il dono, tre l’orrore.” Avrete il coraggio di infilare '
                'la mano e sfidare la sorte? (O la sorte sfiderà voi?). IL '
                'LABORATORIO DI Gomez. Il capofamiglia ha deciso di stupire. '
                'Prepariamoci a trucchi magici, inquietanti e a gioco di '
                'parole esaltanti e a vedere cose che forse non dovrebbero '
                'esistere. Se non è scienza… almeno fa scena! LO SHOW DI ZIO '
                'FESTER. Esplosivo. Elettrico. Assurdo. Congelamenti, reazioni '
                'folli, scherzi che non raccomandiamo e cose che non possiamo '
                'scrivere pubblicamente. Lo spettacolo più inquietante '
                'dell’anno. PRENOTAZIONE OBBLIGATORIA. I posti sono pochi e '
                'gli spiriti sono tanti. Chiamate SUBITO: 348 5205905',
 'image_url': '//citynews-cataniatoday.stgy.ovh/~media/horizontal-mid/41553421638585/gli-addams-al-ludum-2.png',
 'location_address': 'Via Guido Gozzano, 2',
 'location_name': 'Ludum Science Center',
 'price': '€ 10 (6€ per i possessori di LUDUM Card)',
 'scraped_at': '2026-01-30T14:22:48.832797',
 'time_info': '17:00',
 'title': 'Gli Addams al Ludum',
 'url': 'https://www.cataniatoday.it/eventi/gli-addams-al-ludum-staff-di-ludum-e-magodimis-13519950.html',
 'uuid': 'b4f32c8fe6ce632d',
 'website': 'https://www.museodellascienza.com'}
[2026-01-30T14:23:23.663+0000] {docker.py:429} INFO - 2026-01-30 14:23:23 [scrapy.core.engine] DEBUG: Crawled (200) <GET https://www.cataniatoday.it/eventi/rocca-di-salvatesta-e-festa-del-maiorchino-di-novara-13504110.html> (referer: https://www.cataniatoday.it/eventi/dal/2026-01-30/al/2026-02-01/)
[2026-01-30T14:23:23.771+0000] {docker.py:429} INFO - 2026-01-30 14:23:23 [scrapy.core.scraper] DEBUG: Scraped from <200 https://www.cataniatoday.it/eventi/rocca-di-salvatesta-e-festa-del-maiorchino-di-novara-13504110.html>
{'category': 'Escursioni',
 'city': 'Catania',
 'content_hash': '4231e21fca834cb2',
 'date_end': '2026-02-01',
 'date_start': '2026-02-01',
 'dates': [{'date': '2026-02-01', 'weekday': 'Domenica'}],
 'description': '“Etna e Dintorni” propone un’escursione alla Rocca di '
                'Salvatesta e, a seguire, si assiste alla Sagra del Maiorchino '
                'di Novara, con le tipiche gare di lancio del formaggio. '
                'L’escursione è prevista per domenica 1 febbraio. Il percorso '
                'si sviluppa vicino alla dorsale dei Monti Peloritani, tra i '
                'boschi di rocca Leone e gli altipiani dei ritagli di Lecca. '
                'Seguendo la cresta arriviamo fino alla base di Rocca di '
                "Novara, che regala splendidi panorami sull'Etna, le Isole "
                'Eolie e le valli dei Peloritani. Ritorno in discesa alle '
                'auto. Pranzo sul punto panoramico. Raggiungiamo il borgo '
                'medievale di Novara di Sicilia potremo ammirare gareggiare '
                'nel lancio del maiorchino nelle vie del paese. Questa festa '
                'antichissimo vede gli abitanti del luogo tradizionalmente in '
                'questo periodo sfidarsi nel far arrivare questa forma di '
                'formaggio di pecora stagionato il più lontano possibile nelle '
                'vie del paese La prenotazione è obbligatoria alla mail '
                'info@etnaedintorni.it , si può telefonare dalle 9 alle 13 e '
                'dalle 16 alle 20 al telefono 3471902220 (NO SMS). Luogo di '
                'raduno: ore 8 a Catania di Fronte il supermercato LIDL di Via '
                'Felice Fontana.',
 'image_url': '//citynews-cataniatoday.stgy.ovh/~media/horizontal-mid/15562479828851/rocca-di-salvatesta-e-festa-del-maiorchino-di-novara.jpg',
 'location_address': None,
 'location_name': 'Peloritani',
 'price': '4 € oppure 9 €',
 'scraped_at': '2026-01-30T14:22:48.832284',
 'time_info': 'ore 8',
 'title': 'Rocca di Salvatesta e festa del Maiorchino di Novara',
 'url': 'https://www.cataniatoday.it/eventi/rocca-di-salvatesta-e-festa-del-maiorchino-di-novara-13504110.html',
 'uuid': '6ca4b1907afc862a',
 'website': 'https://www.etnaedintorni.it'}
[2026-01-30T14:23:24.802+0000] {docker.py:429} INFO - 2026-01-30 14:23:24 [scrapy.core.engine] DEBUG: Crawled (200) <GET https://www.cataniatoday.it/eventi/il-roseto-di-sant-agata-antonio-presti-13518645.html> (referer: https://www.cataniatoday.it/eventi/dal/2026-01-30/al/2026-02-01/)
[2026-01-30T14:23:24.911+0000] {docker.py:429} INFO - 2026-01-30 14:23:24 [scrapy.core.scraper] DEBUG: Scraped from <200 https://www.cataniatoday.it/eventi/il-roseto-di-sant-agata-antonio-presti-13518645.html>
{'category': 'Manifestazioni',
 'city': 'Catania',
 'content_hash': 'fc1e4671563355d4',
 'date_end': '2026-01-30',
 'date_start': '2026-01-29',
 'dates': [{'date': '2026-01-29', 'time_start': '17:00', 'weekday': 'Giovedì'},
           {'date': '2026-01-30', 'time_start': '17:00', 'weekday': 'Venerdì'}],
 'description': 'Con il Roseto di Sant’Agata, che sarà presentato il 29 e 30 '
                'gennaio, per la prima volta a Librino, sfileranno 11 '
                'Candelore, con il classico movimento oscillatorio (annacata) '
                'dei cerei votivi agatini. Un dono della Fondazione, sia per '
                'gli abitanti del quartiere che per i piccoli studenti di '
                'tutte le scuole del territorio. Con le nuove installazioni, '
                'la Luna e le Stelle, realizzate da Filippo Messina, si '
                'completa il senso profondo della Porta dei Sogni. La Luna, '
                'diventa una luce silenziosa che veglia sul quartiere, '
                'presenza discreta e materna. Le Stelle, invece, richiamano '
                'uno dei detti più antichi e intensi della devozione agatina – '
                '“Hai pi ’occhi dui stiddi” – evocando uno sguardo che '
                'protegge, che osserva, che non abbandona mai. Da qui nasce il '
                'Roseto di Sant’Agata, “Hai a bucca comu ’na rosa”: la bocca '
                'della Santa, paragonata a un fiore, simbolo di una parola che '
                'non ferisce, che non tace di fronte all’ingiustizia, che '
                'profuma di verità. “Bisogna educare i bambini a piantare rose '
                '– ha dichiarato Antonio Presti – per non sporcare il luogo in '
                'cui si vive, dando alla cura il respiro dell’opera che ci '
                'invita a proteggere e custodire la fragilità. Un fiore cresce '
                'solo se qualcuno se ne prende cura, così come una comunità se '
                'impara a proteggere ciò che è delicato. Sant’Agata, nella sua '
                'forza gentile, con la sua sacralità, ci ricorda che dal gesto '
                'semplice di piantare una rosa, nasce un’educazione al '
                'rispetto, alla bellezza e alla responsabilità. Ed è da lì, '
                'dalla fragilità custodita, che può fiorire il futuro di '
                'Librino, che mi piacerebbe immaginare come un grande Roseto '
                'devozionale dedicato alla Santa fanciulla, che inonderà di '
                'profumo d’amore tutto il quartiere”. In questo contesto la '
                'Fondazione Antonio Presti, il 29 e 30 gennaio donerà per la '
                'prima volta a Librino, la sfilata delle Candelore, una delle '
                'tradizioni più identitarie della festa della santa Patrona di '
                'Catania, che attraverserà il quartiere, riconoscendolo come '
                'parte viva della comunità cittadina. Non più periferia '
                'esclusa, ma spazio centrale di un racconto condiviso, dove '
                'devozione e responsabilità civile si incontrano. PROGRAMMA: '
                '29 GENNAIO – EVENTO SERALE Orario indicativo: dalle ore 17:00 '
                'Tipologia: corteo con soste programmate PERCORSO E SOSTE: '
                'Partenza: Porta della Bellezza – Librino Prosecuzione verso '
                'Bar Eden Sosta presso Viale Bummacaro n. 5 Spostamento verso '
                'Piazza Elefante Sosta Rientro verso Bar Eden Seconda sosta '
                'presso Viale Bummacaro n. 5 Prosecuzione verso Campanella '
                'Sturzo Sosta breve presso Viale Bummacaro n. 8 Proseguimento '
                'verso Scultura “La Sognatrice” Viale bummacaro 9 Sosta '
                'Spostamento finale verso Parco giochi di Viale Bummacaro '
                'Sosta conclusiva presso Viale Bummacaro n. 9 Fine evento '
                'CEREI PARTECIPANTI – 29 GENNAIO Cereo Fiorai Cereo Macellai '
                'Cereo Villaggio Sant’Agata Cereo Luigi Maina 30 GENNAIO – '
                'EVENTO MATTUTINO Orario indicativo: dalle ore 8:30 alle ore '
                '13:00 Tipologia: corteo con bambini delle scuole e soste '
                'programmate PERCORSO E SOSTE Partenza: Rotatoria “Leporinus”, '
                'area sottostante Viale Castagnola n. 6 Svolta a destra su '
                'Viale Bonaventura Prosecuzione fino alla rotatoria tra Viale '
                'Librino n. 6 e Viale Nitta n. 16 (opera “Luna Sola”) Sosta '
                'breve presso il Monumento “Le Stelle – Occhi di Agata”, nei '
                'pressi di Viale Nitta n. 16A – Cooperativa La Sicilia '
                'Proseguimento su Viale Nitta Sosta di circa 15 minuti presso '
                'Viale Nitta n. 3 Ripresa del corteo su Viale Nitta fino alla '
                'rotatoria della Porta della Conoscenza Svolta a destra e '
                'percorrenza della Porta delle Farfalle (sede stradale Viale '
                'Nitta) Arrivo: Opera dedicata a Sant’Agata, di fronte a Viale '
                'Nitta n. 7 Conclusione evento presso Altarino di Sant’Agata – '
                'Librino CEREI PARTECIPANTI – 30 GENNAIO Cereo Fiorai Cereo '
                'Macellai Cereo Villaggio Sant’Agata Cereo Luigi Maina Cereo '
                'Mons. Ventimiglia Cereo Pescivendoli Cereo Mastri Artigiani '
                'Cereo Pizzicagnoli Cereo Bettolieri Cereo Panettieri Cereo '
                'Pastai',
 'image_url': '//citynews-cataniatoday.stgy.ovh/~media/horizontal-mid/6805277026710/il-roseto-di-sant-agata.jpg',
 'location_address': None,
 'location_name': 'Quartiere Librino',
 'price': 'Gratis',
 'scraped_at': '2026-01-30T14:22:48.831633',
 'time_info': '29 gen. 26 dalle 17:00 alle 21:00 - 30 gen. 26 dalle 8:30 alle '
              '13:00',
 'title': "Il roseto di Sant'Agata",
 'url': 'https://www.cataniatoday.it/eventi/il-roseto-di-sant-agata-antonio-presti-13518645.html',
 'uuid': '155f7b3f4cab53e7',
 'website': 'https://www.fondazioneantoniopresti.org'}
[2026-01-30T14:23:25.364+0000] {docker.py:429} INFO - 2026-01-30 14:23:25 [scrapy.core.engine] DEBUG: Crawled (200) <GET https://www.cataniatoday.it/eventi/carnevale-di-acireale-2026-haiducii-interpreta-il-brano-lavica-coriandoli-e-show-musicale-il-31-gennaio-haiducii-13392255.html> (referer: https://www.cataniatoday.it/eventi/dal/2026-01-30/al/2026-02-01/)
[2026-01-30T14:23:25.480+0000] {docker.py:429} INFO - 2026-01-30 14:23:25 [scrapy.core.scraper] DEBUG: Scraped from <200 https://www.cataniatoday.it/eventi/carnevale-di-acireale-2026-haiducii-interpreta-il-brano-lavica-coriandoli-e-show-musicale-il-31-gennaio-haiducii-13392255.html>
{'category': 'Concerti',
 'city': 'Catania',
 'content_hash': 'a442b86c35c5801c',
 'date_end': '2026-02-01',
 'date_start': '2026-01-31',
 'dates': [{'date': '2026-01-31', 'time_start': '22:00', 'weekday': 'Sabato'},
           {'date': '2026-02-01',
            'time_start': '22:00',
            'weekday': 'Domenica'}],
 'description': 'La partecipazione di Haiducii al Carnevale di Acireale 2026 '
                'si preannuncia come uno degli appuntamenti più attesi '
                'dell’intera manifestazione. La celebre cantante '
                'internazionale, famosa in tutto il mondo per il brano '
                'Dragostea Din Tei, sarà protagonista di uno spettacolo dal '
                'vivo sabato 31 gennaio 2026, trasformando la storica città '
                'siciliana in una grande festa di musica, colori e '
                'divertimento. Il Carnevale di Acireale è uno degli eventi più '
                'importanti del calendario culturale siciliano e ogni anno '
                'richiama migliaia di visitatori provenienti da tutta Italia e '
                'dall’estero. L’edizione 2026 punta ancora più in alto grazie '
                'alla presenza di Paula Mitrache, in arte Haiducii, artista '
                'simbolo della musica dance degli anni Duemila e ancora oggi '
                'amatissima da intere generazioni. La sua esibizione sarà uno '
                'dei momenti clou del Carnevale e offrirà al pubblico uno '
                'spettacolo coinvolgente, tra grandi successi, energia sul '
                'palco e un’atmosfera unica che solo Acireale sa regalare. Con '
                'oltre vent’anni di carriera, Haiducii è una delle voci più '
                'riconoscibili della scena pop e dance europea. Nel corso '
                'degli anni l’artista ha continuato a esibirsi in festival, '
                'concerti ed eventi internazionali, mantenendo intatto il suo '
                'legame con il pubblico. La sua presenza al Carnevale di '
                'Acireale 2026 rappresenta quindi un ritorno in grande stile '
                'su uno dei palcoscenici più spettacolari d’Italia. Inoltre la '
                'cantante rumena naturalizzata italiana Paula Mitrache è anche '
                'l’interprete di Lavica Coriandoli, il nuovo brano prodotto da '
                'ElektraPop Records. La canzone, scritta da Emanuele Caponetto '
                'con musiche di Joseph Brittanni ed Emanuele Caponetto, '
                'rappresenta un omaggio sentito alla città di Acireale e alla '
                'sua storica mascotte, la Maschera di Lavica, simbolo '
                'ufficiale del Carnevale dal 1953. Un vero e proprio inno che '
                'racconta, attraverso suoni e immagini evocative, l’anima '
                'della festa, la forza della tradizione e la capacità del '
                'Carnevale di rinnovarsi nel presente. «Nell’anima sono '
                'un’isolana, amo la madre terra, le tradizioni dei popoli, il '
                'profumo delle arance e il sorriso radioso, come i primi raggi '
                "dell'alba che splendono sulla lavica di madre Etna – dichiara "
                'Haiducii –. Sarò emozionatissima durante la giornata di '
                'apertura del Carnevale di Acireale 2026 perché non sarà '
                'soltanto immagine e ruolo che ricoprirò da artista, ma '
                'soprattutto come donna che vive in Italia da tanto tempo. '
                "Sarà la mia consapevolezza, l'onore e la responsabilità di "
                'una donna che arriva da un paese bellissimo, la Romania, e '
                'che il 31 gennaio si sentirà siciliana per un giorno e da '
                "quel giorno in poi per sempre. C'è un connubio di "
                'professionalità, rispetto e amore per le tradizioni siciliane '
                '– prosegue la cantante - chi mi conosce bene lo sa, tutto ciò '
                'mi ha dato il coraggio di interpretare il brano Lavica '
                'Coriandoli. Sono pronta per il Carnevale di Acireale 2026 – '
                'conclude Paula Mitrache -, sono pronta a visitare le 100 '
                'chiese e le meraviglie di una città incantevole, non vedo '
                "l'ora di essere parte di una comunità straordinaria e di uno "
                "dei carnevali più belli e storici d'Italia». L’esibizione "
                'dell’artista di Respira, Boom Boom e More ‘n More si '
                'inserisce in un programma che unisce tradizione, spettacolo e '
                'intrattenimento, con sfilate di carri allegorici in '
                'cartapesta, eventi musicali e appuntamenti culturali che ogni '
                'anno richiamano decine di migliaia di visitatori e conferma '
                'la volontà dell’organizzazione di affiancare alla tradizione '
                'storica del Carnevale un’offerta artistica di livello '
                'nazionale e internazionale, capace di attrarre un pubblico '
                'ampio e trasversale.',
 'image_url': '//citynews-cataniatoday.stgy.ovh/~media/horizontal-mid/68317801437168/carnevale-di-acireale-2026-haiducii-interpreta-il-brano-lavica-coriandoli-e-show-musicale-il-31-gennaio.jpg',
 'location_address': 'Piazza Duomo',
 'location_name': 'Piazza Duomo',
 'price': 'Gratis',
 'scraped_at': '2026-01-30T14:22:48.830773',
 'time_info': '22:00',
 'title': 'Carnevale di Acireale 2026: show musicale di Haiducii',
 'url': 'https://www.cataniatoday.it/eventi/carnevale-di-acireale-2026-haiducii-interpreta-il-brano-lavica-coriandoli-e-show-musicale-il-31-gennaio-haiducii-13392255.html',
 'uuid': '2896b9db3348ba52'}
[2026-01-30T14:23:26.737+0000] {docker.py:429} INFO - 2026-01-30 14:23:26 [scrapy.core.engine] DEBUG: Crawled (200) <GET https://www.cataniatoday.it/eventi/catania-nascosta-la-citta-segreta-13528578.html> (referer: https://www.cataniatoday.it/eventi/dal/2026-01-30/al/2026-02-01/)
[2026-01-30T14:23:26.830+0000] {docker.py:429} INFO - 2026-01-30 14:23:26 [scrapy.core.scraper] DEBUG: Scraped from <200 https://www.cataniatoday.it/eventi/catania-nascosta-la-citta-segreta-13528578.html>
{'category': 'Turismo',
 'city': 'Catania',
 'content_hash': 'a76aa62d54645111',
 'date_end': '2026-02-01',
 'date_start': '2026-02-01',
 'dates': [{'date': '2026-02-01',
            'time_start': '09:30',
            'weekday': 'Domenica'}],
 'description': 'L’Associazione Guide Turistiche di Catania organizza, '
                'domenica 1 Febbraio alle h. 9.30, una passeggiata culturale '
                'alla scoperta della città nascosta. Entreremo nei palazzi '
                'della Catania barocca per scoprire le meraviglie '
                'archeologiche che nascondono, in un viaggio a ritroso nella '
                'storia della nostra città prima del 1693. Cosa aspettarti? '
                'Una guida qualificata ti spiegherà la storia della città e '
                'visiteremo insieme alcuni dei più importanti monumenti '
                'storici come il teatro antico e l’anfiteatro romano. Info e '
                'prenotazioni whatsapp: 366/8708671, info@guidecatania.it . '
                'Domenica 1 febbraio h. 9.30 P.zza Duomo. Quota di '
                'partecipazione: € 12,00 adulti e minori sopra i 14 anni, € '
                '8,00 per minori fra i 6 ed i 14 anni. La quota comprende il '
                'pagamento dell’ingresso ai siti ove necessario.',
 'image_url': '//citynews-cataniatoday.stgy.ovh/~media/horizontal-mid/38833636286041/catania-nascosta-la-citta-segreta.jpg',
 'location_address': 'Piazza del Duomo',
 'location_name': 'Catania',
 'price': '12',
 'scraped_at': '2026-01-30T14:22:48.829724',
 'time_info': '09:30',
 'title': 'Catania nascosta: la città segreta',
 'url': 'https://www.cataniatoday.it/eventi/catania-nascosta-la-citta-segreta-13528578.html',
 'uuid': 'ac534af9b9f591ae',
 'website': 'https://www.guidecatania.it/2026/01/27/catania-nascosta-1-febbraio/'}
[2026-01-30T14:23:28.905+0000] {docker.py:429} INFO - 2026-01-30 14:23:28 [scrapy.core.engine] DEBUG: Crawled (200) <GET https://www.cataniatoday.it/eventi/la-festa-di-sant-agata-il-barocco-danzante-onde-e-lapilli-13396182.html> (referer: https://www.cataniatoday.it/eventi/dal/2026-01-30/al/2026-02-01/)
[2026-01-30T14:23:29.014+0000] {docker.py:429} INFO - 2026-01-30 14:23:29 [scrapy.core.scraper] DEBUG: Scraped from <200 https://www.cataniatoday.it/eventi/la-festa-di-sant-agata-il-barocco-danzante-onde-e-lapilli-13396182.html>
{'category': 'Turismo',
 'city': 'Catania',
 'content_hash': '4ba02d8f84e400ef',
 'date_end': '2026-02-01',
 'date_start': '2026-02-01',
 'dates': [{'date': '2026-02-01',
            'time_start': '09:45',
            'weekday': 'Domenica'}],
 'description': 'La festa di Sant’Agata è un rituale barocco, arricchito da '
                'una simbologia che si perde nella notte dei tempi. Se conosci '
                'già la vita della Santuzza, allora sei pronto per questo '
                'nostro secondo itinerario tematico. Tenteremo di decodificare '
                'gli elementi di uno dei riti più importanti del mondo '
                "cristiano. Per far questo, abbiamo diviso l'evento in due "
                'momenti: 1) Assisteremo ad una rassegna multimediale di '
                "immagini dedicate alla festività di Sant'Agata (durata circa "
                "30 minuti),all'interno dello spazio della Chiesa della Badia "
                'di S.Agata. 2) A seguire, ripercorreremo luoghi agatini, '
                'dalla Basilica Cattedrale a Piazza Stesicoro, e '
                'approfondiremo la storia delle candelore e il loro rapporto '
                'con i rituali pagani, spiegheremo il significato del fuoco e '
                'della cera, cercheremo di chiarire il perché della natura '
                '“collettiva” di una delle più maestose feste devozionali del '
                "mondo. A cura di Matteo Miano. Luogo d'incontro: P.zza Duomo. "
                'Appuntamento: ore 9.45. Durata - 2:30 circa. QUOTA '
                'PARTECIPAZIONE € 15,00, Gratis fino a 10 anni. Il prezzo '
                'comprende: Guida Regionale Abilitata, Radio Tour, Cuffie mono '
                'uso. Info e Prenotazioni Onde e Lapilli (Sms - WhatsApp) '
                'Tel.3461220424. Tel. 3476405759.',
 'image_url': '//citynews-cataniatoday.stgy.ovh/~media/horizontal-mid/48511099803853/la-festa-di-sant-agata-il-barocco-danzante-5.jpg',
 'location_address': 'Piazza del Duomo',
 'location_name': 'Catania',
 'price': '12,00',
 'scraped_at': '2026-01-30T14:22:48.828971',
 'time_info': '09:45',
 'title': "La festa di Sant'Agata: il barocco danzante",
 'url': 'https://www.cataniatoday.it/eventi/la-festa-di-sant-agata-il-barocco-danzante-onde-e-lapilli-13396182.html',
 'uuid': '22ebb047271a8f15',
 'website': 'https://www.facebook.com/events/751215714203056'}
[2026-01-30T14:23:29.232+0000] {docker.py:429} INFO - 2026-01-30 14:23:29 [scrapy.core.engine] DEBUG: Crawled (200) <GET https://www.cataniatoday.it/eventi/spettacolo-like-kiribati-catania-gennaio-2026.html> (referer: https://www.cataniatoday.it/eventi/dal/2026-01-30/al/2026-02-01/)
[2026-01-30T14:23:29.340+0000] {docker.py:429} INFO - 2026-01-30 14:23:29 [scrapy.core.scraper] DEBUG: Scraped from <200 https://www.cataniatoday.it/eventi/spettacolo-like-kiribati-catania-gennaio-2026.html>
{'category': 'Teatri',
 'city': 'Catania',
 'content_hash': '124c384629766c4c',
 'date_end': '2026-01-31',
 'date_start': '2026-01-30',
 'dates': [{'date': '2026-01-30', 'weekday': 'Venerdì'},
           {'date': '2026-01-31', 'weekday': 'Sabato'}],
 'description': 'Una riflessione sulla resistenza, sull’abbandono e su ciò '
                'che, anche quando tutto sembra perduto, ci rende ancora '
                'umani: perché non è il Pianeta in crisi ma è la nostra '
                'esistenza su di esso a esserla, perché la Terra, dopo averci '
                'sopportato, ci sopravviverà. C’è tutto questo al centro di '
                'Like Kiribati - delirio finale spettacolo in programma '
                'venerdì 30 e sabato 31 gennaio alle 21 al Piccolo Teatro '
                'della Città nell’ambito del cartellone di nuovoteatro. '
                'Scritto e diretto da Giuseppe Provinzano e prodotto da Babel '
                '/ Teatro Biondo con il sostegno di Spazio Franco, lo '
                'spettacolo vede in scena Sergio Beercock, Noa DiVenti, Chiara '
                'Muscato. Like Kiribati è il 3° capitolo della Trilogia della '
                'Crisi, una riflessione sulla crisi dei nostri tempi, a '
                'partire dal termine “crisi” diventato di uso comune, perdendo '
                'il proprio valore critico ed etimologico, proporzionalmente '
                'all’abuso lessicale che se ne fa. «Il XXI secolo è un secolo '
                'in crisi – spiegano - , dagli albori ai giorni nostri e per i '
                'più svariati motivi: crisi che si susseguono a crisi, che ne '
                'generano e ne alimentano altre. La parola Crisi é la più '
                'usata in questi primi 25 anni (dal 2000 al 2025) del XXI '
                'secolo mentre il termine più utilizzato negli ultimi 25 anni '
                '(1975 al 1999) del XX secolo era Progresso. Come siamo '
                'passati dalla corsa al Progresso alla Crisi che ci soffoca?». '
                'Informazioni al numero 095530153.',
 'image_url': '//citynews-cataniatoday.stgy.ovh/~media/horizontal-mid/57857648578557/like-kiribati-rosellina-garbo-2024-_grg6368.jpg',
 'location_address': None,
 'location_name': 'Piccolo Teatro della Città',
 'price': 'Prezzo non disponibile',
 'scraped_at': '2026-01-30T14:22:48.827971',
 'time_info': 'Orario non disponibile',
 'title': "Spettacolo 'Like Kiribati, delirio finale' al Piccolo Teatro della "
          'Città',
 'url': 'https://www.cataniatoday.it/eventi/spettacolo-like-kiribati-catania-gennaio-2026.html',
 'uuid': '235e9c2927a04777'}
[2026-01-30T14:23:30.817+0000] {docker.py:429} INFO - 2026-01-30 14:23:30 [scrapy.core.engine] DEBUG: Crawled (200) <GET https://www.cataniatoday.it/eventi/misteri-vita-sant-agata-incontro-gennaio-2026.html> (referer: https://www.cataniatoday.it/eventi/dal/2026-01-30/al/2026-02-01/)
[2026-01-30T14:23:30.925+0000] {docker.py:429} INFO - 2026-01-30 14:23:30 [scrapy.core.scraper] DEBUG: Scraped from <200 https://www.cataniatoday.it/eventi/misteri-vita-sant-agata-incontro-gennaio-2026.html>
{'category': 'Turismo',
 'city': 'Catania',
 'content_hash': '061e563361267691',
 'date_end': '2026-01-31',
 'date_start': '2026-01-31',
 'dates': [{'date': '2026-01-31', 'weekday': 'Sabato'}],
 'description': 'Sant’Agata è molto più di ciò che racconta la tradizione '
                'ufficiale. Dietro la santa, la martire e la festa più sentita '
                'di Catania, si nasconde un mondo antico, simbolico. Una '
                'serata narrativa per andare oltre il racconto canonico: Agata '
                'prima del cristianesimo: tracce di culti femminili e '
                'tellurici Il corpo martirizzato: simboli e letture '
                'antropologiche Il velo e il fuoco: perché proprio questi '
                'elementi? La festa come rito arcaico, non solo religioso Cosa '
                'non sappiamo davvero di Sant’Agata… e perché Narrazione a '
                'cura di Gian Luca Marino. Giornalista e autore del libro '
                '“Passeggiate nel mistero a Catania”. Costo: 10 € a '
                'partecipante. Posti limitati: massimo 50 persone. '
                'Prenotazione obbligatoria entro venerdì 30 gennaio. WhatsApp: '
                '346 364 8778. Email: infomarinomistero@gmail.com .',
 'image_url': '//citynews-cataniatoday.stgy.ovh/~media/horizontal-mid/28553696298712/senza-titolo-66.jpg',
 'location_address': 'Piazza Cavour, 19',
 'location_name': 'Villa Vagliasindi',
 'price': 'Prezzo non disponibile',
 'scraped_at': '2026-01-30T14:22:48.826840',
 'time_info': 'Orario non disponibile',
 'title': "'I misteri della vita di Sant'Agata' a Villa Vagliasindi",
 'url': 'https://www.cataniatoday.it/eventi/misteri-vita-sant-agata-incontro-gennaio-2026.html',
 'uuid': '5bc474268f251104'}
[2026-01-30T14:23:33.424+0000] {docker.py:429} INFO - 2026-01-30 14:23:33 [scrapy.core.engine] DEBUG: Crawled (200) <GET https://www.cataniatoday.it/eventi/spettacolo-capinera-zo-catania-gennaio-2026.html> (referer: https://www.cataniatoday.it/eventi/dal/2026-01-30/al/2026-02-01/)
[2026-01-30T14:23:33.532+0000] {docker.py:429} INFO - 2026-01-30 14:23:33 [scrapy.core.scraper] DEBUG: Scraped from <200 https://www.cataniatoday.it/eventi/spettacolo-capinera-zo-catania-gennaio-2026.html>
{'category': 'Teatri',
 'city': 'Catania',
 'content_hash': '1384fdb22727fa4f',
 'date_end': '2026-02-01',
 'date_start': '2026-01-31',
 'dates': [{'date': '2026-01-31', 'time_start': '21:00', 'weekday': 'Sabato'},
           {'date': '2026-02-01',
            'time_start': '21:00',
            'weekday': 'Domenica'}],
 'description': 'Dopo il successo in tutta Italia, "Capinera", il toccante '
                'adattamento drammaturgico del celebre romanzo di Giovanni '
                'Verga, ritorna a Catania per inaugurare la stagione teatrale '
                '2026 di Palco Off. Lo spettacolo è in scena il 31 gennaio '
                'alle ore 21 e il primo febbraio alle ore 18 da ZO Centro '
                'Culture Contemporanee di Catania. "CAPINERA" racconta la '
                'storia di Maria, giovane costretta alla monacazione forzata '
                'dalla matrigna e dalla debolezza del padre, ambientata nella '
                "Catania di fine Ottocento. Quando un'epidemia di colera le "
                "permette una breve parentesi di libertà, Maria scopre l'amore "
                "e le mille sfumature dell'emotività umana, prima di essere "
                'nuovamente imprigionata nel convento, dove la sua esistenza '
                'si spegnerà tra follia e solitudine. La vicenda di Maria '
                'diventa una parabola potente sulla libertà negata e sulla '
                "lotta per l'autodeterminazione, tra le gabbie fisiche, "
                'psicologiche ed emotive che segnano la sua esistenza. Con una '
                'regia che esalta il taglio contemporaneo, lo spettacolo si '
                'concentra sulla tematizzazione delle "gabbie", simboli di '
                'tutte le costrizioni che segnano la vita della protagonista. '
                'Dettagli dello spettacolo: Titolo: CAPINERA. Quando: Sabato '
                '31 gennaio 2026 alle 21:00, Domenica 1 febbraio 2026 alle '
                '18:00. Dove: ZO Centro Culture Contemporanee, Catania – '
                'Piazzale Rocco Chinnici, 6. Biglietti: Disponibili su '
                'www.palcooff.it . Per maggiori informazioni e prenotazioni: '
                'Sito web: www.palcooff.it . Email: info@palcooff.it . '
                'Telefono: 095 123456',
 'image_url': '//citynews-cataniatoday.stgy.ovh/~media/horizontal-mid/2700390306195/capinera-2.jpeg',
 'location_address': 'Piazzale Rocco Chinnici, 6',
 'location_name': 'ZO Centro Culture Contemporanee, Catania',
 'price': 'Prezzo non disponibile',
 'scraped_at': '2026-01-30T14:22:48.825310',
 'time_info': '21.00 e 18.00',
 'title': "Spettacolo 'Capinera' allo Zò Centro Culture Contemporanee",
 'url': 'https://www.cataniatoday.it/eventi/spettacolo-capinera-zo-catania-gennaio-2026.html',
 'uuid': '1d1339b8c1aa4996'}
[2026-01-30T14:23:33.991+0000] {docker.py:429} INFO - 2026-01-30 14:23:33 [scrapy.core.engine] DEBUG: Crawled (200) <GET https://www.cataniatoday.it/eventi/gatto-stivali-catania-teatro-stabile-gennaio-2026.html> (referer: https://www.cataniatoday.it/eventi/dal/2026-01-30/al/2026-02-01/)
[2026-01-30T14:23:34.099+0000] {docker.py:429} INFO - 2026-01-30 14:23:34 [scrapy.core.scraper] DEBUG: Scraped from <200 https://www.cataniatoday.it/eventi/gatto-stivali-catania-teatro-stabile-gennaio-2026.html>
{'category': 'Teatri',
 'city': 'Catania',
 'content_hash': 'ba24546e82e2a90b',
 'date_end': '2026-01-31',
 'date_start': '2026-01-31',
 'dates': [{'date': '2026-01-31', 'time_start': '17:30', 'weekday': 'Sabato'}],
 'description': 'Il Teatro Stabile di Catania presenta “Il favoloso Gatto con '
                'gli Stivali”, family show musicale tratto dalla celebre fiaba '
                'di Charles Perrault, in scena sabato 31 gennaio 2026 alle ore '
                '17:30 al Teatro Verga. La fiaba senza tempo di Perrault '
                'rivive in una versione teatrale coinvolgente, con musiche '
                'originali, momenti di danza e interazione col pubblico che '
                'trasformano la narrazione in un’esperienza partecipata per '
                'grandi e piccoli. In questo viaggio fantastico, i valori '
                'dell’amicizia, del coraggio e della riconoscenza emergono con '
                'vivacità, invitando gli spettatori a riflettere e divertirsi '
                'insieme. Lo spettacolo è stato riscritto da Giuseppe '
                'Bisicchia, che cura la regia insieme a Massimo Giustolisi, '
                'con musiche originali di Ettore D’Agostino. Protagonisti sul '
                'palco Daniele Bruno, Massimo Giustolisi, Marina Puglisi, '
                'Irene Tetto, Daniele Virzì e Federica Fischetti, formando un '
                'cast ricco di energia e talento che guida il pubblico '
                'attraverso la fiaba con ritmo e coinvolgimento. In questi '
                'giorni, lo spettacolo è protagonista di repliche mattutine '
                'dedicate alle scuole del territorio, coinvolgendo numerosi '
                'studenti in un’esperienza educativa e ludica che unisce '
                'teatro, musica e partecipazione attiva. La replica di sabato '
                '31 gennaio alle ore 17.30 al Teatro Verga costituisce l’unica '
                'recita aperta al pubblico nell’ambito di questa '
                'programmazione e rappresenta un’occasione da non perdere per '
                'le famiglie e tutti gli amanti del teatro.',
 'image_url': '//citynews-cataniatoday.stgy.ovh/~media/horizontal-mid/67604562422902/gatto6.jpeg',
 'location_address': 'Via Giuseppe Fava, n° 35',
 'location_name': 'Teatro Verga – Teatro Stabile di Catania',
 'price': '10 euro intero 8 euro ridotto',
 'scraped_at': '2026-01-30T14:22:48.824920',
 'time_info': '17.30',
 'title': '“Il favoloso Gatto con gli Stivali”, family show musicale al Teatro '
          'Verga',
 'url': 'https://www.cataniatoday.it/eventi/gatto-stivali-catania-teatro-stabile-gennaio-2026.html',
 'uuid': '9ced34817b020952',
 'website': 'https://www.ticketone.it/eventseries/4069548'}
[2026-01-30T14:23:35.502+0000] {docker.py:429} INFO - 2026-01-30 14:23:35 [scrapy.core.engine] DEBUG: Crawled (200) <GET https://www.cataniatoday.it/eventi/intorno-agata-catania-gennaio-2026.html> (referer: https://www.cataniatoday.it/eventi/dal/2026-01-30/al/2026-02-01/)
[2026-01-30T14:23:35.608+0000] {docker.py:429} INFO - 2026-01-30 14:23:35 [scrapy.core.scraper] DEBUG: Scraped from <200 https://www.cataniatoday.it/eventi/intorno-agata-catania-gennaio-2026.html>
{'category': 'Manifestazioni',
 'city': 'Catania',
 'content_hash': 'b3f5088063a287c1',
 'date_end': '2026-01-31',
 'date_start': '2026-01-31',
 'dates': [{'date': '2026-01-31', 'time_start': '17:00', 'weekday': 'Sabato'}],
 'description': 'Sabato 31 gennaio 2026 alle 17:00, presso l’edicola votiva di '
                'Sant’Agata in via Plebiscito 780–782 verrà presentato il '
                "lavoro di restauro dell'icona della Santa voluto dalle devote "
                'e dai devoti, iniziato il 4 novembre scorso. Alla '
                'presentazione dei lavori di restauro seguirà un momento di '
                'aggregazione religiosa e di preghiera a cura del sacerdote '
                'Salvatore Interlando, con un omaggio musicale dei Lautari e '
                'Klostès.',
 'image_url': '//citynews-cataniatoday.stgy.ovh/~media/horizontal-mid/5368743622139/immagine_santagata.jpg',
 'location_address': 'Via Plebiscito, 780',
 'location_name': 'via Plebiscito 780–782',
 'price': 'Gratis',
 'scraped_at': '2026-01-30T14:22:48.824323',
 'time_info': '17.00',
 'title': 'Intorno a Sant’Agata: presentazione del lavoro di restauro',
 'url': 'https://www.cataniatoday.it/eventi/intorno-agata-catania-gennaio-2026.html',
 'uuid': '634495a45eb80401'}
[2026-01-30T14:23:36.189+0000] {docker.py:429} INFO - 2026-01-30 14:23:36 [scrapy.core.engine] DEBUG: Crawled (200) <GET https://www.cataniatoday.it/eventi/concerto-sant-agata-teatro-massimo-catania-2026.html> (referer: https://www.cataniatoday.it/eventi/dal/2026-01-30/al/2026-02-01/)
[2026-01-30T14:23:36.295+0000] {docker.py:429} INFO - 2026-01-30 14:23:36 [scrapy.core.scraper] DEBUG: Scraped from <200 https://www.cataniatoday.it/eventi/concerto-sant-agata-teatro-massimo-catania-2026.html>
{'category': 'Concerti',
 'city': 'Catania',
 'content_hash': 'bdd610e2b8b726ca',
 'date_end': '2026-02-01',
 'date_start': '2026-02-01',
 'dates': [{'date': '2026-02-01',
            'time_start': '20:30',
            'weekday': 'Domenica'}],
 'description': 'Custode di una devozione antica, stratificata nel tempo e '
                'profondamente radicata nell’identità della città, il Teatro '
                'Massimo Bellini rinnova anche quest’anno l’omaggio alla '
                'memoria del Martirio di Sant’Agata con un concerto '
                'sinfonico-corale di intenso valore simbolico e artistico. Un '
                'gesto che si fa rito civile e culturale, riaffermando il '
                'legame inscindibile tra Catania e la sua Patrona, nel segno '
                'di una tradizione che continua a vivere e a trasformarsi. '
                'L’appuntamento, stabilmente inserito nel calendario delle '
                'Celebrazioni agatine e proposto fuori abbonamento, è fissato '
                'per domenica 1 febbraio alle ore 20:30. Attraverso il '
                'linguaggio della creazione musicale contemporanea, il '
                'concerto intreccia memoria e presente, solennità liturgica e '
                'tensione espressiva, restituendo alle note il compito di dare '
                'voce a un sentimento collettivo che attraversa i secoli. Sono '
                'compositori di chiara fama a firmare i tre brani in '
                'programma, due dei quali sono stati commissionati dall’ente '
                'lirico etneo: im prima mondiale “Festa ranni” di Luciano '
                'Maria Serra, su testo di Lina Maria Ugolini, e “Le ragioni '
                'degli angeli” di Emanuele Casale. A questi si aggiunge '
                '“Aurora, Martirio e Gloria di Sant’Agata” di Antonio Macrì, '
                'pure in prima esecuzione. Di alto livello il cast che vede '
                'sul podio Giulio Prandi, voci soliste il soprano Francesca '
                'Tiburzi e il mezzosoprano Alessandra Della Croce. In primo '
                'piano i complessi artistici dell’ente, Orchestra e Coro, '
                'quest’ultimo istruito da Luigi Petrozziello. Per favorire una '
                'più ampia partecipazione popolare, è previsto il posto unico '
                'a euro 5.',
 'image_url': '//citynews-cataniatoday.stgy.ovh/~media/horizontal-mid/25340082311865/serra_foto.jpg',
 'location_address': 'Via Giuseppe Perrotta, 12',
 'location_name': 'Teatro Massimo Bellini',
 'price': '5€',
 'scraped_at': '2026-01-30T14:22:48.823790',
 'time_info': '20.30',
 'title': 'Concerto in onore di Sant’Agata: il Teatro Massimo Bellini rinnova '
          "l’omaggio all'illustre Patrona della città Catania",
 'url': 'https://www.cataniatoday.it/eventi/concerto-sant-agata-teatro-massimo-catania-2026.html',
 'uuid': 'f85b4b0e19f7a727'}
[2026-01-30T14:23:36.296+0000] {docker.py:429} INFO - 2026-01-30 14:23:36 [scrapy.core.engine] INFO: Closing spider (finished)
[2026-01-30T14:23:36.297+0000] {docker.py:429} INFO - 2026-01-30 14:23:36 [scrapy.extensions.feedexport] INFO: Stored json feed (39 items) in: /app/city_today/output/eventi_catania_questa-settimana_20260130_142244.json
[2026-01-30T14:23:36.297+0000] {docker.py:429} INFO - 2026-01-30 14:23:36 [scrapy.statscollectors] INFO: Dumping Scrapy stats:
{'downloader/request_bytes': 18433,
 'downloader/request_count': 41,
 'downloader/request_method_count/GET': 41,
 'downloader/response_bytes': 6232166,
 'downloader/response_count': 41,
 'downloader/response_status_count/200': 41,
 'elapsed_time_seconds': 51.7044,
 'feedexport/success_count/FileFeedStorage': 1,
 'finish_reason': 'finished',
 'finish_time': datetime.datetime(2026, 1, 30, 14, 23, 36, 295661, tzinfo=datetime.timezone.utc),
 'httpcompression/response_bytes': 33833371,
 'httpcompression/response_count': 41,
 'item_scraped_count': 39,
 'items_per_city/Catania': 39,
 'items_per_minute': 45.88235294117647,
 'log_count/DEBUG': 80,
 'log_count/INFO': 3,
 'memusage/max': 67440640,
 'memusage/startup': 67440640,
 'request_depth_max': 1,
 'response_received_count': 41,
 'responses_per_minute': 48.23529411764706,
 'robotstxt/request_count': 1,
 'robotstxt/response_count': 1,
 'robotstxt/response_status_count/200': 1,
 'scheduler/dequeued': 40,
 'scheduler/dequeued/memory': 40,
 'scheduler/enqueued': 40,
 'scheduler/enqueued/memory': 40,
 'start_time': datetime.datetime(2026, 1, 30, 14, 22, 44, 591261, tzinfo=datetime.timezone.utc)}
2026-01-30 14:23:36 [scrapy.core.engine] INFO: Spider closed (finished)
[2026-01-30T14:23:36.454+0000] {docker.py:429} INFO - Scraping completato. File: /app/city_today/output/eventi_catania_questa-settimana_20260130_142244.json
[2026-01-30T14:23:36.843+0000] {taskinstance.py:1138} INFO - Marking task as SUCCESS. dag_id=etl_events_daily, task_id=process_catania.scrape_city_today, execution_date=20260129T060000, start_date=20260130T142241, end_date=20260130T142336
[2026-01-30T14:23:36.896+0000] {local_task_job_runner.py:234} INFO - Task exited with return code 0
[2026-01-30T14:23:36.940+0000] {taskinstance.py:3280} INFO - 0 downstream tasks scheduled from follow-on schedule check
