[2026-02-02T19:44:51.871+0000] {taskinstance.py:1956} INFO - Dependencies all met for dep_context=non-requeueable deps ti=<TaskInstance: etl_events_daily.process_avellino.scrape_city_today scheduled__2026-02-01T06:00:00+00:00 [queued]>
[2026-02-02T19:44:51.892+0000] {taskinstance.py:1956} INFO - Dependencies all met for dep_context=requeueable deps ti=<TaskInstance: etl_events_daily.process_avellino.scrape_city_today scheduled__2026-02-01T06:00:00+00:00 [queued]>
[2026-02-02T19:44:51.893+0000] {taskinstance.py:2170} INFO - Starting attempt 1 of 4
[2026-02-02T19:44:51.920+0000] {taskinstance.py:2191} INFO - Executing <Task(FilterableDockerOperator): process_avellino.scrape_city_today> on 2026-02-01 06:00:00+00:00
[2026-02-02T19:44:51.935+0000] {standard_task_runner.py:60} INFO - Started process 218 to run task
[2026-02-02T19:44:51.939+0000] {standard_task_runner.py:87} INFO - Running: ['airflow', 'tasks', 'run', 'etl_events_daily', 'process_avellino.scrape_city_today', 'scheduled__2026-02-01T06:00:00+00:00', '--job-id', '387', '--raw', '--subdir', 'DAGS_FOLDER/scrape_events.py', '--cfg-path', '/tmp/tmp7mii4ls8']
[2026-02-02T19:44:51.948+0000] {standard_task_runner.py:88} INFO - Job 387: Subtask process_avellino.scrape_city_today
[2026-02-02T19:44:51.988+0000] {logging_mixin.py:188} WARNING - /home/airflow/.local/lib/python3.11/site-packages/airflow/settings.py:194 DeprecationWarning: The sql_alchemy_conn option in [core] has been moved to the sql_alchemy_conn option in [database] - the old setting has been used, but please update your config.
[2026-02-02T19:44:52.117+0000] {task_command.py:423} INFO - Running <TaskInstance: etl_events_daily.process_avellino.scrape_city_today scheduled__2026-02-01T06:00:00+00:00 [running]> on host d1594f2b36ec
[2026-02-02T19:44:52.450+0000] {taskinstance.py:2480} INFO - Exporting env vars: AIRFLOW_CTX_DAG_OWNER='airflow' AIRFLOW_CTX_DAG_ID='etl_events_daily' AIRFLOW_CTX_TASK_ID='process_avellino.scrape_city_today' AIRFLOW_CTX_EXECUTION_DATE='2026-02-01T06:00:00+00:00' AIRFLOW_CTX_TRY_NUMBER='1' AIRFLOW_CTX_DAG_RUN_ID='scheduled__2026-02-01T06:00:00+00:00'
[2026-02-02T19:44:52.574+0000] {docker.py:359} INFO - Starting docker container from image scrapy-events:latest
[2026-02-02T19:44:52.641+0000] {docker.py:367} WARNING - Using remote engine or docker-in-docker and mounting temporary volume from host is not supported. Falling back to `mount_tmp_dir=False` mode. You can set `mount_tmp_dir` parameter to False to disable mounting and remove the warning
[2026-02-02T19:44:54.993+0000] {docker.py:429} INFO - Avvio scraping per: Avellino
[2026-02-02T19:44:54.994+0000] {docker.py:429} INFO - Periodo: questa-settimana
[2026-02-02T19:44:54.995+0000] {docker.py:429} INFO - 
[2026-02-02T19:44:55.000+0000] {docker.py:429} INFO - 2026-02-02 19:44:54 [scrapy.utils.log] INFO: Scrapy 2.14.1 started (bot: events)
[2026-02-02T19:44:55.010+0000] {docker.py:429} INFO - 2026-02-02 19:44:55 [scrapy.utils.log] INFO: Versions:
{'lxml': '6.0.2',
 'libxml2': '2.14.6',
 'cssselect': '1.3.0',
 'parsel': '1.10.0',
 'w3lib': '2.3.1',
 'Twisted': '25.5.0',
 'Python': '3.11.14 (main, Jan 13 2026, 03:12:14) [GCC 14.2.0]',
 'pyOpenSSL': '25.3.0 (OpenSSL 3.5.4 30 Sep 2025)',
 'cryptography': '46.0.3',
 'Platform': 'Linux-6.12.54-linuxkit-x86_64-with-glibc2.41'}
[2026-02-02T19:44:55.010+0000] {docker.py:429} INFO - 2026-02-02 19:44:55 [scrapy.crawler] DEBUG: Using CrawlerProcess
[2026-02-02T19:44:55.013+0000] {docker.py:429} INFO - 2026-02-02 19:44:55 [events] INFO: Scraping città: Avellino
[2026-02-02T19:44:55.016+0000] {docker.py:429} INFO - 2026-02-02 19:44:55 [events] INFO: Periodo: questa-settimana (2026-02-02 - 2026-02-08)
[2026-02-02T19:44:55.017+0000] {docker.py:429} INFO - 2026-02-02 19:44:55 [scrapy.addons] INFO: Enabled addons:
[]
[2026-02-02T19:44:55.017+0000] {docker.py:429} INFO - 2026-02-02 19:44:55 [asyncio] DEBUG: Using selector: EpollSelector
[2026-02-02T19:44:55.020+0000] {docker.py:429} INFO - 2026-02-02 19:44:55 [scrapy.utils.log] DEBUG: Using reactor: twisted.internet.asyncioreactor.AsyncioSelectorReactor
2026-02-02 19:44:55 [scrapy.utils.log] DEBUG: Using asyncio event loop: asyncio.unix_events._UnixSelectorEventLoop
[2026-02-02T19:44:55.024+0000] {docker.py:429} INFO - 2026-02-02 19:44:55 [scrapy.extensions.telnet] INFO: Telnet Password: d5e1d88487093ada
[2026-02-02T19:44:55.144+0000] {docker.py:429} INFO - 2026-02-02 19:44:55 [scrapy.middleware] INFO: Enabled extensions:
['scrapy.extensions.corestats.CoreStats',
 'scrapy.extensions.logcount.LogCount',
 'scrapy.extensions.telnet.TelnetConsole',
 'scrapy.extensions.memusage.MemoryUsage',
 'scrapy.extensions.feedexport.FeedExporter',
 'scrapy.extensions.logstats.LogStats']
[2026-02-02T19:44:55.145+0000] {docker.py:429} INFO - 2026-02-02 19:44:55 [scrapy.crawler] INFO: Overridden settings:
{'BOT_NAME': 'events',
 'CONCURRENT_REQUESTS': 2,
 'CONCURRENT_REQUESTS_PER_DOMAIN': 1,
 'DOWNLOAD_DELAY': 1,
 'FEED_EXPORT_ENCODING': 'utf-8',
 'NEWSPIDER_MODULE': 'events.spiders',
 'ROBOTSTXT_OBEY': True,
 'SPIDER_MODULES': ['events.spiders'],
 'USER_AGENT': 'Mozilla/5.0 (Macintosh; Intel Mac OS X 10_15_7) '
               'AppleWebKit/537.36 (KHTML, like Gecko) Chrome/120.0.0.0 '
               'Safari/537.36'}
[2026-02-02T19:44:55.239+0000] {docker.py:429} INFO - 2026-02-02 19:44:55 [scrapy.middleware] INFO: Enabled downloader middlewares:
['scrapy.downloadermiddlewares.offsite.OffsiteMiddleware',
 'scrapy.downloadermiddlewares.robotstxt.RobotsTxtMiddleware',
 'scrapy.downloadermiddlewares.httpauth.HttpAuthMiddleware',
 'scrapy.downloadermiddlewares.downloadtimeout.DownloadTimeoutMiddleware',
 'scrapy.downloadermiddlewares.defaultheaders.DefaultHeadersMiddleware',
 'scrapy.downloadermiddlewares.useragent.UserAgentMiddleware',
 'scrapy.downloadermiddlewares.retry.RetryMiddleware',
 'scrapy.downloadermiddlewares.redirect.MetaRefreshMiddleware',
 'scrapy.downloadermiddlewares.httpcompression.HttpCompressionMiddleware',
 'scrapy.downloadermiddlewares.redirect.RedirectMiddleware',
 'scrapy.downloadermiddlewares.cookies.CookiesMiddleware',
 'scrapy.downloadermiddlewares.httpproxy.HttpProxyMiddleware',
 'scrapy.downloadermiddlewares.stats.DownloaderStats']
[2026-02-02T19:44:55.243+0000] {docker.py:429} INFO - 2026-02-02 19:44:55 [scrapy.middleware] INFO: Enabled spider middlewares:
['scrapy.spidermiddlewares.start.StartSpiderMiddleware',
 'scrapy.spidermiddlewares.httperror.HttpErrorMiddleware',
 'scrapy.spidermiddlewares.referer.RefererMiddleware',
 'scrapy.spidermiddlewares.urllength.UrlLengthMiddleware',
 'scrapy.spidermiddlewares.depth.DepthMiddleware']
[2026-02-02T19:44:55.244+0000] {docker.py:429} INFO - 2026-02-02 19:44:55 [scrapy.middleware] INFO: Enabled item pipelines:
[]
[2026-02-02T19:44:55.244+0000] {docker.py:429} INFO - Output file: /app/city_today/output/eventi_avellino_questa-settimana_20260202_194454.json
[2026-02-02T19:44:55.245+0000] {docker.py:429} INFO - 2026-02-02 19:44:55 [scrapy.core.engine] INFO: Spider opened
[2026-02-02T19:44:55.255+0000] {docker.py:429} INFO - 2026-02-02 19:44:55 [scrapy.extensions.logstats] INFO: Crawled 0 pages (at 0 pages/min), scraped 0 items (at 0 items/min)
[2026-02-02T19:44:55.257+0000] {docker.py:429} INFO - 2026-02-02 19:44:55 [scrapy.extensions.telnet] INFO: Telnet console listening on 127.0.0.1:6023
[2026-02-02T19:44:55.419+0000] {docker.py:429} INFO - 2026-02-02 19:44:55 [scrapy.core.engine] DEBUG: Crawled (200) <GET https://www.avellinotoday.it/robots.txt> (referer: None)
[2026-02-02T19:45:01.014+0000] {docker.py:429} INFO - 2026-02-02 19:45:01 [scrapy.core.engine] DEBUG: Crawled (200) <GET https://www.avellinotoday.it/eventi/dal/2026-02-02/al/2026-02-08/> (referer: None)
[2026-02-02T19:45:01.261+0000] {docker.py:429} INFO - 2026-02-02 19:45:01 [scrapy.core.engine] DEBUG: Crawled (200) <GET https://www.avellinotoday.it/eventi/mirabella-eclano-crocifisso.html> (referer: https://www.avellinotoday.it/eventi/dal/2026-02-02/al/2026-02-08/)
[2026-02-02T19:45:01.384+0000] {docker.py:429} INFO - 2026-02-02 19:45:01 [scrapy.core.scraper] DEBUG: Scraped from <200 https://www.avellinotoday.it/eventi/mirabella-eclano-crocifisso.html>
{'category': [],
 'city': 'Avellino',
 'city_id': None,
 'content_hash': 'a79888d99aea31d5',
 'date_display': '6 febbraio 2026',
 'date_end': '2026-02-06',
 'date_start': '2026-02-06',
 'description': 'Si terrà venerdì 6 febbraio , alle ore 17, presso '
                'l’auditorium della chiesa della Santissima Annunziata di '
                'Mirabella Eclano , l’incontro di studio intitolato “Eloì, '
                'Eloì, lamà sabactàni” , dedicato al crocifisso ligneo del XII '
                'secolo conservato nella chiesa di Santa Maria Maggiore e '
                'all’iconografia della Passione di Cristo nelle arti minori '
                'tra XII e XVII secolo. L’appuntamento è promosso dalla Città '
                'di Mirabella Eclano e dal Parco Archeologico di Aeclanum . '
                'Relatrice dell’incontro sarà Giovanna Nicodemi , chiamata ad '
                'approfondire il valore storico e iconografico dell’opera '
                'lignea e il suo inserimento nel più ampio contesto delle '
                'rappresentazioni della Passione nel corso di cinque secoli. '
                'Sono previsti i saluti istituzionali del direttore del Parco '
                'Archeologico di Aeclanum, Mario Cesarano , e dell’assessora '
                'alla Cultura del Comune di Mirabella Eclano, Raffaella Rita '
                'D’Ambrosio . L’iniziativa si svolgerà negli spazi '
                'dell’auditorium annesso alla chiesa della Santissima '
                'Annunziata e rientra nelle attività congiunte di '
                'valorizzazione del patrimonio storico e artistico del '
                'territorio promosse dall’amministrazione comunale e dal Parco '
                'archeologico.',
 'event_id': 'mirabella-eclano-crocifisso',
 'image_url': '//citynews-avellinotoday.stgy.ovh/~media/horizontal-low/4737677231931/screenshot_20260202_201001_adobe-acrobat.jpg',
 'location_address': None,
 'location_name': 'chiesa della Santissima Annunziata',
 'price': 'Prezzo non disponibile',
 'raw_data': {'detail': {'altre_informazioni': {'raw_text': 'Altre '
                                                            'informazioni',
                                                'website': None},
                         'descrizione': 'Si terrà venerdì 6 febbraio , alle '
                                        'ore 17, presso l’auditorium della '
                                        'chiesa della Santissima Annunziata di '
                                        'Mirabella Eclano , l’incontro di '
                                        'studio intitolato “Eloì, Eloì, lamà '
                                        'sabactàni” , dedicato al crocifisso '
                                        'ligneo del XII secolo conservato '
                                        'nella chiesa di Santa Maria Maggiore '
                                        'e all’iconografia della Passione di '
                                        'Cristo nelle arti minori tra XII e '
                                        'XVII secolo. L’appuntamento è '
                                        'promosso dalla Città di Mirabella '
                                        'Eclano e dal Parco Archeologico di '
                                        'Aeclanum . Relatrice dell’incontro '
                                        'sarà Giovanna Nicodemi , chiamata ad '
                                        'approfondire il valore storico e '
                                        'iconografico dell’opera lignea e il '
                                        'suo inserimento nel più ampio '
                                        'contesto delle rappresentazioni della '
                                        'Passione nel corso di cinque secoli. '
                                        'Sono previsti i saluti istituzionali '
                                        'del direttore del Parco Archeologico '
                                        'di Aeclanum, Mario Cesarano , e '
                                        'dell’assessora alla Cultura del '
                                        'Comune di Mirabella Eclano, Raffaella '
                                        'Rita D’Ambrosio . L’iniziativa si '
                                        'svolgerà negli spazi dell’auditorium '
                                        'annesso alla chiesa della Santissima '
                                        'Annunziata e rientra nelle attività '
                                        'congiunte di valorizzazione del '
                                        'patrimonio storico e artistico del '
                                        'territorio promosse '
                                        'dall’amministrazione comunale e dal '
                                        'Parco archeologico.',
                         'dove': {'address': None,
                                  'name': 'chiesa della Santissima Annunziata',
                                  'raw_text': 'Dove chiesa della Santissima '
                                              'Annunziata Indirizzo non '
                                              'disponibile Mirabella Eclano'},
                         'image': '//citynews-avellinotoday.stgy.ovh/~media/horizontal-low/4737677231931/screenshot_20260202_201001_adobe-acrobat.jpg',
                         'prezzo': 'Prezzo non disponibile',
                         'quando': {'date_end': '2026-02-06',
                                    'date_start': '2026-02-06',
                                    'raw_text': 'Quando Dal 06/02/2026 al '
                                                '06/02/2026 17:00',
                                    'schedule': '17:00'}},
              'list': {'category': None,
                       'date': '6 febbraio 2026',
                       'image': '//citynews-avellinotoday.stgy.ovh/~media/horizontal-mid/4737677231931/screenshot_20260202_201001_adobe-acrobat.jpg',
                       'location': 'chiesa della Santissima Annunziata',
                       'stars': None,
                       'title': 'Mirabella Eclano, il crocifisso ligneo del '
                                'XII secolo al centro di un incontro di '
                                'studio'}},
 'scraped_at': '2026-02-02T19:45:01.383012',
 'source': 'city_today',
 'title': 'Mirabella Eclano, il crocifisso ligneo del XII secolo al centro di '
          'un incontro di studio',
 'url': 'https://www.avellinotoday.it/eventi/mirabella-eclano-crocifisso.html',
 'uuid': '31dc12d406591827',
 'website': None}
[2026-02-02T19:45:02.444+0000] {docker.py:429} INFO - 2026-02-02 19:45:02 [scrapy.core.engine] DEBUG: Crawled (200) <GET https://www.avellinotoday.it/eventi/valori-militari-vertice-anacomi.html> (referer: https://www.avellinotoday.it/eventi/dal/2026-02-02/al/2026-02-08/)
[2026-02-02T19:45:02.557+0000] {docker.py:429} INFO - 2026-02-02 19:45:02 [scrapy.core.scraper] DEBUG: Scraped from <200 https://www.avellinotoday.it/eventi/valori-militari-vertice-anacomi.html>
{'category': [],
 'city': 'Avellino',
 'city_id': None,
 'content_hash': '201e9c5347ace3f0',
 'date_display': '7 febbraio 2026',
 'date_end': '2026-02-07',
 'date_start': '2026-02-07',
 'description': 'AVELLINO – Il prossimo sabato 7 febbraio 2026, alle ore '
                '10:30, i locali del Circolo della Stampa, in Corso Vittorio '
                'Emanuele, accoglieranno un convegno di rilevante importanza '
                'istituzionale, dal titolo "I valori militari nel contesto '
                'attuale" . L\'evento segnerà la presentazione ufficiale della '
                "sezione provinciale dell'Associazione Nazionale Commissariato "
                "Militare ( A.NA.CO.MI ), che avrà come presidente l'Avv. "
                'Antonio Della Porta. Il convegno offrirà uno spazio di '
                'discussione tra esponenti del mondo militare, giuridico e '
                'accademico. Oltre al presidente provinciale, Avv. Antonio '
                'Della Porta, interverranno il Generale C.A. cc. Diego Paulet, '
                'Presidente Nazionale dell’A.NA.CO.MI, e il Prof. Leone '
                "Melillo, docente presso l'Università degli Studi di Napoli "
                '"Parthenope". La moderazione del dibattito sarà affidata al '
                'giornalista Dott. Gianluca Amatucci. L’iniziativa, di grande '
                'rilievo per il territorio irpino, vedrà la partecipazione di '
                'numerose autorità civili, religiose e militari, a '
                "testimonianza dell'importanza del tema trattato. Tra i "
                'rappresentanti delle istituzioni nazionali, interverranno '
                'l’On. Prof. Gianfranco Rotondi, Vicepresidente della XIV '
                'Commissione Politiche UE, l’On. Prof. Toni Ricciardi, '
                'Vicepresidente del gruppo Pd alla Camera, e il Sen. Sergio '
                'Rastrelli, Segretario della Commissione Giustizia del Senato. '
                'A livello locale, il Prefetto di Avellino, Dott.ssa Rossana '
                'Riflesso, e il Commissario prefettizio, Dott.ssa Giuliana '
                'Perrotta, rappresenteranno le istituzioni territoriali. Nel '
                'settore della sicurezza, prenderanno parte il Questore di '
                'Avellino, Dott. Pasquale Picone, il Comandante provinciale '
                'della Guardia di Finanza, Col. Leonardo Erre, e il Comandante '
                'provinciale dei Carabinieri, Col. Angelo Zito. Per '
                'l’Esercito, saranno presenti il Col. Bruno Pacetti, '
                'Comandante del 232° Reggimento Trasmissioni di Avellino, il '
                'Ten. Col. Armando Sullo e il Ten. Col. Biagio Abbate, in '
                'rappresentanza della Scuola di Commissariato. L’incontro avrà '
                'la partecipazione anche di figure di spicco del mondo '
                'giuridico e associativo. Tra questi, il Procuratore Capo del '
                'Tribunale Militare di Napoli, Dott. Lucio Molinari, e il '
                "Presidente dell'Ordine degli Avvocati di Avellino, Avv. Fabio "
                'Benigni. Saranno inoltre presenti rappresentanti di enti e '
                'associazioni locali, come Croce Rossa, Misericordia, Rotary '
                'Club e Pro Loco. La cerimonia si concluderà con la '
                'benedizione e il saluto religioso a cura di S.E.R. Mons. '
                'Arturo Aiello, Vescovo di Avellino. Il convegno si propone di '
                "affrontare la persistenza e l'evoluzione dei principi etici "
                "militari all'interno del contesto sociale e geopolitico "
                'attuale, cercando di offrire una riflessione sul ruolo delle '
                'forze armate e dei valori che ne definiscono l’operato, anche '
                'alla luce dei mutamenti globali e delle sfide del presente. '
                "L'incontro si configura come un'importante occasione di "
                'approfondimento e confronto tra realtà istituzionali e '
                "professionali diverse, con l'obiettivo di analizzare "
                "l'attualità dei valori che da sempre orientano l'operato "
                'delle forze armate e delle istituzioni.',
 'event_id': 'valori-militari-vertice-anacomi',
 'image_url': '//citynews-avellinotoday.stgy.ovh/~media/horizontal-low/22412198419007/circolo-della-stampa.jpg',
 'location_address': None,
 'location_name': 'Circolo della Stampa',
 'price': 'Prezzo non disponibile',
 'raw_data': {'detail': {'altre_informazioni': {'raw_text': 'Altre '
                                                            'informazioni',
                                                'website': None},
                         'descrizione': 'AVELLINO – Il prossimo sabato 7 '
                                        'febbraio 2026, alle ore 10:30, i '
                                        'locali del Circolo della Stampa, in '
                                        'Corso Vittorio Emanuele, '
                                        'accoglieranno un convegno di '
                                        'rilevante importanza istituzionale, '
                                        'dal titolo "I valori militari nel '
                                        'contesto attuale" . L\'evento segnerà '
                                        'la presentazione ufficiale della '
                                        "sezione provinciale dell'Associazione "
                                        'Nazionale Commissariato Militare ( '
                                        'A.NA.CO.MI ), che avrà come '
                                        "presidente l'Avv. Antonio Della "
                                        'Porta. Il convegno offrirà uno spazio '
                                        'di discussione tra esponenti del '
                                        'mondo militare, giuridico e '
                                        'accademico. Oltre al presidente '
                                        'provinciale, Avv. Antonio Della '
                                        'Porta, interverranno il Generale C.A. '
                                        'cc. Diego Paulet, Presidente '
                                        'Nazionale dell’A.NA.CO.MI, e il Prof. '
                                        'Leone Melillo, docente presso '
                                        "l'Università degli Studi di Napoli "
                                        '"Parthenope". La moderazione del '
                                        'dibattito sarà affidata al '
                                        'giornalista Dott. Gianluca Amatucci. '
                                        'L’iniziativa, di grande rilievo per '
                                        'il territorio irpino, vedrà la '
                                        'partecipazione di numerose autorità '
                                        'civili, religiose e militari, a '
                                        "testimonianza dell'importanza del "
                                        'tema trattato. Tra i rappresentanti '
                                        'delle istituzioni nazionali, '
                                        'interverranno l’On. Prof. Gianfranco '
                                        'Rotondi, Vicepresidente della XIV '
                                        'Commissione Politiche UE, l’On. Prof. '
                                        'Toni Ricciardi, Vicepresidente del '
                                        'gruppo Pd alla Camera, e il Sen. '
                                        'Sergio Rastrelli, Segretario della '
                                        'Commissione Giustizia del Senato. A '
                                        'livello locale, il Prefetto di '
                                        'Avellino, Dott.ssa Rossana Riflesso, '
                                        'e il Commissario prefettizio, '
                                        'Dott.ssa Giuliana Perrotta, '
                                        'rappresenteranno le istituzioni '
                                        'territoriali. Nel settore della '
                                        'sicurezza, prenderanno parte il '
                                        'Questore di Avellino, Dott. Pasquale '
                                        'Picone, il Comandante provinciale '
                                        'della Guardia di Finanza, Col. '
                                        'Leonardo Erre, e il Comandante '
                                        'provinciale dei Carabinieri, Col. '
                                        'Angelo Zito. Per l’Esercito, saranno '
                                        'presenti il Col. Bruno Pacetti, '
                                        'Comandante del 232° Reggimento '
                                        'Trasmissioni di Avellino, il Ten. '
                                        'Col. Armando Sullo e il Ten. Col. '
                                        'Biagio Abbate, in rappresentanza '
                                        'della Scuola di Commissariato. '
                                        'L’incontro avrà la partecipazione '
                                        'anche di figure di spicco del mondo '
                                        'giuridico e associativo. Tra questi, '
                                        'il Procuratore Capo del Tribunale '
                                        'Militare di Napoli, Dott. Lucio '
                                        "Molinari, e il Presidente dell'Ordine "
                                        'degli Avvocati di Avellino, Avv. '
                                        'Fabio Benigni. Saranno inoltre '
                                        'presenti rappresentanti di enti e '
                                        'associazioni locali, come Croce '
                                        'Rossa, Misericordia, Rotary Club e '
                                        'Pro Loco. La cerimonia si concluderà '
                                        'con la benedizione e il saluto '
                                        'religioso a cura di S.E.R. Mons. '
                                        'Arturo Aiello, Vescovo di Avellino. '
                                        'Il convegno si propone di affrontare '
                                        "la persistenza e l'evoluzione dei "
                                        "principi etici militari all'interno "
                                        'del contesto sociale e geopolitico '
                                        'attuale, cercando di offrire una '
                                        'riflessione sul ruolo delle forze '
                                        'armate e dei valori che ne '
                                        'definiscono l’operato, anche alla '
                                        'luce dei mutamenti globali e delle '
                                        "sfide del presente. L'incontro si "
                                        "configura come un'importante "
                                        'occasione di approfondimento e '
                                        'confronto tra realtà istituzionali e '
                                        'professionali diverse, con '
                                        "l'obiettivo di analizzare l'attualità "
                                        'dei valori che da sempre orientano '
                                        "l'operato delle forze armate e delle "
                                        'istituzioni.',
                         'dove': {'address': None,
                                  'name': 'Circolo della Stampa',
                                  'raw_text': 'Dove Circolo della Stampa '
                                              'Indirizzo non disponibile'},
                         'image': '//citynews-avellinotoday.stgy.ovh/~media/horizontal-low/22412198419007/circolo-della-stampa.jpg',
                         'prezzo': 'Prezzo non disponibile',
                         'quando': {'date_end': '2026-02-07',
                                    'date_start': '2026-02-07',
                                    'raw_text': 'Quando Dal 07/02/2026 al '
                                                '07/02/2026 10:30',
                                    'schedule': '10:30'}},
              'list': {'category': None,
                       'date': '7 febbraio 2026',
                       'image': '//citynews-avellinotoday.stgy.ovh/~media/horizontal-mid/22412198419007/circolo-della-stampa.jpg',
                       'location': 'Circolo della Stampa',
                       'stars': None,
                       'title': 'I valori militari nel contesto attuale: '
                                'Avellino ospita il vertice dell’A.NA.CO.MI'}},
 'scraped_at': '2026-02-02T19:45:02.554888',
 'source': 'city_today',
 'title': 'I valori militari nel contesto attuale: Avellino ospita il vertice '
          'dell’A.NA.CO.MI',
 'url': 'https://www.avellinotoday.it/eventi/valori-militari-vertice-anacomi.html',
 'uuid': '4ae65bb19452a0e4',
 'website': None}
[2026-02-02T19:45:03.732+0000] {docker.py:429} INFO - 2026-02-02 19:45:03 [scrapy.core.engine] DEBUG: Crawled (200) <GET https://www.avellinotoday.it/eventi/sconcerto-rock-gene-gnocchi-lioni.html> (referer: https://www.avellinotoday.it/eventi/dal/2026-02-02/al/2026-02-08/)
[2026-02-02T19:45:03.845+0000] {docker.py:429} INFO - 2026-02-02 19:45:03 [scrapy.core.scraper] DEBUG: Scraped from <200 https://www.avellinotoday.it/eventi/sconcerto-rock-gene-gnocchi-lioni.html>
{'category': [],
 'city': 'Avellino',
 'city_id': None,
 'content_hash': 'b2d45829a3c872b7',
 'date_display': '6 febbraio 2026',
 'date_end': '2026-02-06',
 'date_start': '2026-02-06',
 'description': 'Un esilarante spettacolo che vede Gene Gnocchi nelle vesti di '
                '“The Legend”, un’anziana rockstar tornata sul palco dopo anni '
                'di silenzio, nella speranza di risolvere i suoi problemi '
                'economici. Il ritorno sulle scene però si trasforma ben '
                'presto in un calvario. Il protagonista, ormai pensionato, si '
                'adatterà ad ogni tipo di ingaggio per sbarcare il lunario. '
                '“Sconcerto Rock” è un susseguirsi di monologhi comici di '
                'attualità e di canzoni, dove il pubblico è chiamato a '
                'partecipare ed è invitato a finire le strofe. Sana e mai '
                'banale comicità che affronta i temi di oggi. Il comico '
                'emiliano sarà al Multisala Cinema Nuovo di Lioni, venerdì 6 '
                'febbraio alle ore 21.00, per il terzo appuntamento della '
                'rassegna Teatro in Movimento, accompagnato dal chitarrista '
                'Diego Cassani. Questa seconda edizione di Teatro in '
                'Movimento, organizzata dal Comune di Lioni in collaborazione '
                'con NexuScore, arriva a metà percorso forte di una grande '
                'partecipazione di pubblico: “Una partecipazione che abbiamo '
                'cercato, ma che non è mai scontata”, spiegano Anna D’Amelio, '
                'consigliera delegata alla Cultura del Comune di Lioni, e '
                'Gerardo Notaro, presidente dell’associazione NexuScore. '
                '“Teatro in Movimento a Lioni è la possibilità di godere della '
                'magia del teatro con prezzi accessibili e in una location '
                'accogliente e professionale, come il Cinema Nuovo. È la '
                'possibilità di poter assistere a una rassegna che si muove '
                'tra nuove proposte e artisti, come Gnocchi, che hanno fatto '
                'la storia dello spettacolo in Italia. Ed è anche l’occasione, '
                'per gli organizzatori e per il pubblico, di poter allacciare '
                'nuovi rapporti in una piccola comunità, come l’Alta Irpinia, '
                'che ha bisogno di vivere un’offerta culturale lunga tutto '
                'l’anno” , dicono D’Amelio e Notaro. “Lo straordinario '
                'riscontro del pubblico nei primi due spettacoli, il previsto '
                'sold-out per Sconcerto Rock - concludono - è il segnale di un '
                'buon lavoro svolto e soprattutto della voglia delle persone '
                'di partecipare agli eventi di qualità”. Lo spettacolo '
                '“Sconcerto Rock” è distribuito da GoodMood. Info e '
                'prenotazioni allo 082742495. Per informazioni visita anche le '
                'pagine Facebook e Instagram di Teatro in Movimento. Costo '
                'biglietto: 12 euro. Prossimi autori in rassegna: Matteo '
                'Cirillo (20 febbraio), Carmine Del Grosso (27 marzo), Amedeo '
                'Colella (10 aprile).',
 'event_id': 'sconcerto-rock-gene-gnocchi-lioni',
 'image_url': '//citynews-avellinotoday.stgy.ovh/~media/horizontal-low/32461660647003/foto-gene-gnocchi.jpeg',
 'location_address': None,
 'location_name': None,
 'price': 'Prezzo non disponibile',
 'raw_data': {'detail': {'altre_informazioni': {'raw_text': 'Altre '
                                                            'informazioni',
                                                'website': None},
                         'descrizione': 'Un esilarante spettacolo che vede '
                                        'Gene Gnocchi nelle vesti di “The '
                                        'Legend”, un’anziana rockstar tornata '
                                        'sul palco dopo anni di silenzio, '
                                        'nella speranza di risolvere i suoi '
                                        'problemi economici. Il ritorno sulle '
                                        'scene però si trasforma ben presto in '
                                        'un calvario. Il protagonista, ormai '
                                        'pensionato, si adatterà ad ogni tipo '
                                        'di ingaggio per sbarcare il lunario. '
                                        '“Sconcerto Rock” è un susseguirsi di '
                                        'monologhi comici di attualità e di '
                                        'canzoni, dove il pubblico è chiamato '
                                        'a partecipare ed è invitato a finire '
                                        'le strofe. Sana e mai banale comicità '
                                        'che affronta i temi di oggi. Il '
                                        'comico emiliano sarà al Multisala '
                                        'Cinema Nuovo di Lioni, venerdì 6 '
                                        'febbraio alle ore 21.00, per il terzo '
                                        'appuntamento della rassegna Teatro in '
                                        'Movimento, accompagnato dal '
                                        'chitarrista Diego Cassani. Questa '
                                        'seconda edizione di Teatro in '
                                        'Movimento, organizzata dal Comune di '
                                        'Lioni in collaborazione con '
                                        'NexuScore, arriva a metà percorso '
                                        'forte di una grande partecipazione di '
                                        'pubblico: “Una partecipazione che '
                                        'abbiamo cercato, ma che non è mai '
                                        'scontata”, spiegano Anna D’Amelio, '
                                        'consigliera delegata alla Cultura del '
                                        'Comune di Lioni, e Gerardo Notaro, '
                                        'presidente dell’associazione '
                                        'NexuScore. “Teatro in Movimento a '
                                        'Lioni è la possibilità di godere '
                                        'della magia del teatro con prezzi '
                                        'accessibili e in una location '
                                        'accogliente e professionale, come il '
                                        'Cinema Nuovo. È la possibilità di '
                                        'poter assistere a una rassegna che si '
                                        'muove tra nuove proposte e artisti, '
                                        'come Gnocchi, che hanno fatto la '
                                        'storia dello spettacolo in Italia. Ed '
                                        'è anche l’occasione, per gli '
                                        'organizzatori e per il pubblico, di '
                                        'poter allacciare nuovi rapporti in '
                                        'una piccola comunità, come l’Alta '
                                        'Irpinia, che ha bisogno di vivere '
                                        'un’offerta culturale lunga tutto '
                                        'l’anno” , dicono D’Amelio e Notaro. '
                                        '“Lo straordinario riscontro del '
                                        'pubblico nei primi due spettacoli, il '
                                        'previsto sold-out per Sconcerto Rock '
                                        '- concludono - è il segnale di un '
                                        'buon lavoro svolto e soprattutto '
                                        'della voglia delle persone di '
                                        'partecipare agli eventi di qualità”. '
                                        'Lo spettacolo “Sconcerto Rock” è '
                                        'distribuito da GoodMood. Info e '
                                        'prenotazioni allo 082742495. Per '
                                        'informazioni visita anche le pagine '
                                        'Facebook e Instagram di Teatro in '
                                        'Movimento. Costo biglietto: 12 euro. '
                                        'Prossimi autori in rassegna: Matteo '
                                        'Cirillo (20 febbraio), Carmine Del '
                                        'Grosso (27 marzo), Amedeo Colella (10 '
                                        'aprile).',
                         'dove': {'address': None,
                                  'name': None,
                                  'raw_text': 'Dove Indirizzo non disponibile '
                                              'Lioni'},
                         'image': '//citynews-avellinotoday.stgy.ovh/~media/horizontal-low/32461660647003/foto-gene-gnocchi.jpeg',
                         'prezzo': 'Prezzo non disponibile',
                         'quando': {'date_end': '2026-02-06',
                                    'date_start': '2026-02-06',
                                    'raw_text': 'Quando Dal 06/02/2026 al '
                                                '06/02/2026 ore 21:00',
                                    'schedule': 'ore 21:00'}},
              'list': {'category': None,
                       'date': '6 febbraio 2026',
                       'image': '//citynews-avellinotoday.stgy.ovh/~media/horizontal-mid/32461660647003/foto-gene-gnocchi.jpeg',
                       'location': None,
                       'stars': None,
                       'title': '"Sconcerto Rock", Gene Gnocchi in scena a '
                                'Lioni tra musica e comicità surreale'}},
 'scraped_at': '2026-02-02T19:45:03.843276',
 'source': 'city_today',
 'title': '"Sconcerto Rock", Gene Gnocchi in scena a Lioni tra musica e '
          'comicità surreale',
 'url': 'https://www.avellinotoday.it/eventi/sconcerto-rock-gene-gnocchi-lioni.html',
 'uuid': '9d406b8ee4facb37',
 'website': None}
[2026-02-02T19:45:05.136+0000] {docker.py:429} INFO - 2026-02-02 19:45:05 [scrapy.core.engine] DEBUG: Crawled (200) <GET https://www.avellinotoday.it/eventi/montemiletto-rassegna-teatrale-sala-impero-compagnia-bellizzi.html> (referer: https://www.avellinotoday.it/eventi/dal/2026-02-02/al/2026-02-08/)
[2026-02-02T19:45:05.245+0000] {docker.py:429} INFO - 2026-02-02 19:45:05 [scrapy.core.scraper] DEBUG: Scraped from <200 https://www.avellinotoday.it/eventi/montemiletto-rassegna-teatrale-sala-impero-compagnia-bellizzi.html>
{'category': [],
 'city': 'Avellino',
 'city_id': None,
 'content_hash': '57cc28eeb1e16259',
 'date_display': '7 febbraio 2026',
 'date_end': '2026-02-07',
 'date_start': '2026-02-07',
 'description': 'Montemiletto continua a vivere di teatro, partecipazione e '
                'cultura. La II Rassegna Teatrale “Sala Impero”, valida come I '
                'Premio del Teatro Amatoriale “Città di Montemiletto”, '
                'raggiunge il suo giro di boa e prosegue con un successo di '
                'pubblico sempre crescente: sabato 7, alle ore 20:00, andrà in '
                'scena l’ottavo spettacolo su sedici, segnando ufficialmente '
                'la metà di un percorso che sta raccogliendo entusiasmo, '
                'applausi e sale gremite. Ad animare il palcoscenico della '
                'Sala Impero, direttamente da Bellizzi (Salerno), sarà la '
                'Compagnia Stabile di Bellizzi che presenterà la commedia “A '
                'guerra ’nce sta”, adattamento tratto dalla celebre opera di '
                'Eduardo De Filippo, ispirata al capolavoro “La paura numero '
                'uno”: uno spettacolo capace di unire ironia e profondità, '
                'dove la risata si intreccia alla riflessione, nel solco della '
                'grande tradizione del teatro napoletano. La rassegna teatrale '
                'di quest’anno segna un’evoluzione importante rispetto alla '
                'prima edizione: se lo scorso anno le compagnie partecipanti '
                'provenivano esclusivamente dalla provincia di Avellino, oggi '
                'la manifestazione si conferma come un vero progetto culturale '
                'regionale: sul palco si alternano compagnie provenienti dalle '
                'province di Avellino, Salerno, Benevento e Napoli, a '
                'dimostrazione di quanto questa iniziativa abbia saputo fare '
                'rete, creare connessioni e portare Montemiletto al centro del '
                'panorama teatrale campano. Un progetto voluto, ideato e '
                'organizzato dal Forum delle Donne del Comune di Montemiletto, '
                'che in questa seconda edizione sta raccogliendo un successo '
                'straordinario: ogni spettacolo registra il tutto esaurito, '
                'segno evidente di una comunità viva, presente e affamata di '
                'eventi culturali autentici. Il percorso culminerà in un '
                'momento di grande prestigio: il 6 giugno, nella splendida '
                'cornice del Castello della Leonessa, si terrà una serata di '
                'gala durante la quale verrà proclamata la compagnia '
                'vincitrice del premio. Un appuntamento atteso e suggestivo, '
                'che unirà la valorizzazione del teatro alla bellezza di uno '
                'dei luoghi simbolo del paese. E mentre la rassegna attuale '
                'prosegue con numeri e consensi sempre più importanti, lo '
                'sguardo è già rivolto al futuro: l’organizzazione è già al '
                'lavoro sulla terza edizione, che si preannuncia ancora più '
                'ambiziosa. A sottolinearlo è la presidente del Forum delle '
                'Donne, Sarro, che commenta con orgoglio: “Siamo già con il '
                'pensiero alla terza edizione e stiamo ricevendo adesioni da '
                'numerose compagnie di tutta la Campania e anche qualcuna da '
                'fuori regione, ma non vogliamo svelare molto. Intanto ci '
                'godiamo il successo di questa rassegna: ogni serata è un '
                'tutto esaurito e questo dimostra che è stata un’idea '
                'vincente, una cosa fatta per la prima volta nel nostro paese. '
                'Il premio sarà consegnato nella bellissima cornice del '
                'Castello della Leonessa. La nostra idea è far conoscere '
                'Montemiletto e le sue bellezze ovunque”. La II Rassegna '
                'Teatrale “Sala Impero” non è solo una competizione: è un '
                'racconto collettivo, una festa di comunità, una scommessa '
                'vinta sulla cultura. È la dimostrazione che anche nei piccoli '
                'centri può nascere qualcosa di grande, capace di unire '
                'persone, territori e passioni, trasformando il teatro in un '
                'ponte tra province, storie e identità. Montemiletto applaude, '
                'accoglie e rilancia: il sipario è ancora aperto, e il meglio '
                'deve ancora arrivare.',
 'event_id': 'montemiletto-rassegna-teatrale-sala-impero-compagnia-bellizzi',
 'image_url': '//citynews-avellinotoday.stgy.ovh/~media/horizontal-low/63140798514322/talea.jpg',
 'location_address': None,
 'location_name': None,
 'price': 'Prezzo non disponibile',
 'raw_data': {'detail': {'altre_informazioni': {'raw_text': 'Altre '
                                                            'informazioni',
                                                'website': None},
                         'descrizione': 'Montemiletto continua a vivere di '
                                        'teatro, partecipazione e cultura. La '
                                        'II Rassegna Teatrale “Sala Impero”, '
                                        'valida come I Premio del Teatro '
                                        'Amatoriale “Città di Montemiletto”, '
                                        'raggiunge il suo giro di boa e '
                                        'prosegue con un successo di pubblico '
                                        'sempre crescente: sabato 7, alle ore '
                                        '20:00, andrà in scena l’ottavo '
                                        'spettacolo su sedici, segnando '
                                        'ufficialmente la metà di un percorso '
                                        'che sta raccogliendo entusiasmo, '
                                        'applausi e sale gremite. Ad animare '
                                        'il palcoscenico della Sala Impero, '
                                        'direttamente da Bellizzi (Salerno), '
                                        'sarà la Compagnia Stabile di Bellizzi '
                                        'che presenterà la commedia “A guerra '
                                        '’nce sta”, adattamento tratto dalla '
                                        'celebre opera di Eduardo De Filippo, '
                                        'ispirata al capolavoro “La paura '
                                        'numero uno”: uno spettacolo capace di '
                                        'unire ironia e profondità, dove la '
                                        'risata si intreccia alla riflessione, '
                                        'nel solco della grande tradizione del '
                                        'teatro napoletano. La rassegna '
                                        'teatrale di quest’anno segna '
                                        'un’evoluzione importante rispetto '
                                        'alla prima edizione: se lo scorso '
                                        'anno le compagnie partecipanti '
                                        'provenivano esclusivamente dalla '
                                        'provincia di Avellino, oggi la '
                                        'manifestazione si conferma come un '
                                        'vero progetto culturale regionale: '
                                        'sul palco si alternano compagnie '
                                        'provenienti dalle province di '
                                        'Avellino, Salerno, Benevento e '
                                        'Napoli, a dimostrazione di quanto '
                                        'questa iniziativa abbia saputo fare '
                                        'rete, creare connessioni e portare '
                                        'Montemiletto al centro del panorama '
                                        'teatrale campano. Un progetto voluto, '
                                        'ideato e organizzato dal Forum delle '
                                        'Donne del Comune di Montemiletto, che '
                                        'in questa seconda edizione sta '
                                        'raccogliendo un successo '
                                        'straordinario: ogni spettacolo '
                                        'registra il tutto esaurito, segno '
                                        'evidente di una comunità viva, '
                                        'presente e affamata di eventi '
                                        'culturali autentici. Il percorso '
                                        'culminerà in un momento di grande '
                                        'prestigio: il 6 giugno, nella '
                                        'splendida cornice del Castello della '
                                        'Leonessa, si terrà una serata di gala '
                                        'durante la quale verrà proclamata la '
                                        'compagnia vincitrice del premio. Un '
                                        'appuntamento atteso e suggestivo, che '
                                        'unirà la valorizzazione del teatro '
                                        'alla bellezza di uno dei luoghi '
                                        'simbolo del paese. E mentre la '
                                        'rassegna attuale prosegue con numeri '
                                        'e consensi sempre più importanti, lo '
                                        'sguardo è già rivolto al futuro: '
                                        'l’organizzazione è già al lavoro '
                                        'sulla terza edizione, che si '
                                        'preannuncia ancora più ambiziosa. A '
                                        'sottolinearlo è la presidente del '
                                        'Forum delle Donne, Sarro, che '
                                        'commenta con orgoglio: “Siamo già con '
                                        'il pensiero alla terza edizione e '
                                        'stiamo ricevendo adesioni da numerose '
                                        'compagnie di tutta la Campania e '
                                        'anche qualcuna da fuori regione, ma '
                                        'non vogliamo svelare molto. Intanto '
                                        'ci godiamo il successo di questa '
                                        'rassegna: ogni serata è un tutto '
                                        'esaurito e questo dimostra che è '
                                        'stata un’idea vincente, una cosa '
                                        'fatta per la prima volta nel nostro '
                                        'paese. Il premio sarà consegnato '
                                        'nella bellissima cornice del Castello '
                                        'della Leonessa. La nostra idea è far '
                                        'conoscere Montemiletto e le sue '
                                        'bellezze ovunque”. La II Rassegna '
                                        'Teatrale “Sala Impero” non è solo una '
                                        'competizione: è un racconto '
                                        'collettivo, una festa di comunità, '
                                        'una scommessa vinta sulla cultura. È '
                                        'la dimostrazione che anche nei '
                                        'piccoli centri può nascere qualcosa '
                                        'di grande, capace di unire persone, '
                                        'territori e passioni, trasformando il '
                                        'teatro in un ponte tra province, '
                                        'storie e identità. Montemiletto '
                                        'applaude, accoglie e rilancia: il '
                                        'sipario è ancora aperto, e il meglio '
                                        'deve ancora arrivare.',
                         'dove': {'address': None,
                                  'name': None,
                                  'raw_text': 'Dove Indirizzo non disponibile '
                                              'Montemiletto'},
                         'image': '//citynews-avellinotoday.stgy.ovh/~media/horizontal-low/63140798514322/talea.jpg',
                         'prezzo': 'Prezzo non disponibile',
                         'quando': {'date_end': '2026-02-07',
                                    'date_start': '2026-02-07',
                                    'raw_text': 'Quando Dal 07/02/2026 al '
                                                '07/02/2026 ore 20:00',
                                    'schedule': 'ore 20:00'}},
              'list': {'category': None,
                       'date': '7 febbraio 2026',
                       'image': '//citynews-avellinotoday.stgy.ovh/~media/horizontal-mid/63140798514322/talea.jpg',
                       'location': None,
                       'stars': None,
                       'title': 'A Montemiletto continua la rassegna teatrale '
                                '"Sala Impero": il nuovo appuntamento con la '
                                'Compagnia Stabile di Bellizzi'}},
 'scraped_at': '2026-02-02T19:45:05.243674',
 'source': 'city_today',
 'title': 'A Montemiletto continua la rassegna teatrale "Sala Impero": il '
          'nuovo appuntamento con la Compagnia Stabile di Bellizzi',
 'url': 'https://www.avellinotoday.it/eventi/montemiletto-rassegna-teatrale-sala-impero-compagnia-bellizzi.html',
 'uuid': 'bad7eccd4aa3486
[2026-02-02T19:45:05.246+0000] {docker.py:429} INFO - 8',
 'website': None}
[2026-02-02T19:45:06.526+0000] {docker.py:429} INFO - 2026-02-02 19:45:06 [scrapy.core.engine] DEBUG: Crawled (200) <GET https://www.avellinotoday.it/eventi/atripalda-focaroni-san-sabino-festa-patronale.html> (referer: https://www.avellinotoday.it/eventi/dal/2026-02-02/al/2026-02-08/)
[2026-02-02T19:45:06.637+0000] {docker.py:429} INFO - 2026-02-02 19:45:06 [scrapy.core.scraper] DEBUG: Scraped from <200 https://www.avellinotoday.it/eventi/atripalda-focaroni-san-sabino-festa-patronale.html>
{'category': ['Cibo e Vino'],
 'city': 'Avellino',
 'city_id': None,
 'content_hash': '1f87fcfc52dec324',
 'date_display': '8 febbraio 2026',
 'date_end': '2026-02-08',
 'date_start': '2026-02-08',
 'description': 'Atripalda si prepara a vivere uno dei momenti più identitari '
                'della devozione cittadina: i Focaroni di San Sabino, in '
                "programma l' 8 febbraio, tradizionale preludio ai "
                'festeggiamenti in onore di San Sabino Vescovo, patrono della '
                'città del Sabato, e di San Romolo Diacono, che culmineranno '
                'il 9 febbraio. I grandi falò, accesi nei vari quartieri, '
                'rappresentano un rito antico e carico di significato, capace '
                'di unire fede, memoria popolare e senso di comunità. Attorno '
                'al fuoco si rinnova ogni anno un gesto collettivo che prepara '
                'spiritualmente e simbolicamente alla solennità patronale del '
                'giorno successivo. In vista dell’evento, il Comune di '
                'Atripalda ha definito una procedura unica e semplificata per '
                'il rilascio delle autorizzazioni, finalizzata a garantire '
                'sicurezza, rispetto delle norme e tutela della tradizione. È '
                'prevista un’unica registrazione sanitaria per la '
                'somministrazione di alimenti e bevande e una sola licenza di '
                'polizia per l’accensione del focarone, valida anche in caso '
                'di intrattenimento musicale. Le richieste dovranno essere '
                'presentate all’Ufficio Protocollo entro il 4 febbraio 2026, '
                'utilizzando la modulistica disponibile sul sito istituzionale '
                'dell’Ente. I Focaroni dell’8 febbraio aprono così il cammino '
                'verso la festa patronale del 9, quando Atripalda renderà '
                'omaggio ai suoi Santi con celebrazioni religiose e momenti di '
                'partecipazione collettiva, nel segno di una tradizione che '
                'continua ad ardere, come il fuoco, di anno in anno.',
 'event_id': 'atripalda-focaroni-san-sabino-festa-patronale',
 'image_url': '//citynews-avellinotoday.stgy.ovh/~media/horizontal-low/46200874815805/t_san-sabino20200127_110145-2.jpg',
 'location_address': 'Piazza Umberto I',
 'location_name': None,
 'price': 'Prezzo non disponibile',
 'raw_data': {'detail': {'altre_informazioni': {'raw_text': 'Altre '
                                                            'informazioni',
                                                'website': None},
                         'descrizione': 'Atripalda si prepara a vivere uno dei '
                                        'momenti più identitari della '
                                        'devozione cittadina: i Focaroni di '
                                        "San Sabino, in programma l' 8 "
                                        'febbraio, tradizionale preludio ai '
                                        'festeggiamenti in onore di San Sabino '
                                        'Vescovo, patrono della città del '
                                        'Sabato, e di San Romolo Diacono, che '
                                        'culmineranno il 9 febbraio. I grandi '
                                        'falò, accesi nei vari quartieri, '
                                        'rappresentano un rito antico e carico '
                                        'di significato, capace di unire fede, '
                                        'memoria popolare e senso di comunità. '
                                        'Attorno al fuoco si rinnova ogni anno '
                                        'un gesto collettivo che prepara '
                                        'spiritualmente e simbolicamente alla '
                                        'solennità patronale del giorno '
                                        'successivo. In vista dell’evento, il '
                                        'Comune di Atripalda ha definito una '
                                        'procedura unica e semplificata per il '
                                        'rilascio delle autorizzazioni, '
                                        'finalizzata a garantire sicurezza, '
                                        'rispetto delle norme e tutela della '
                                        'tradizione. È prevista un’unica '
                                        'registrazione sanitaria per la '
                                        'somministrazione di alimenti e '
                                        'bevande e una sola licenza di polizia '
                                        'per l’accensione del focarone, valida '
                                        'anche in caso di intrattenimento '
                                        'musicale. Le richieste dovranno '
                                        'essere presentate all’Ufficio '
                                        'Protocollo entro il 4 febbraio 2026, '
                                        'utilizzando la modulistica '
                                        'disponibile sul sito istituzionale '
                                        'dell’Ente. I Focaroni dell’8 febbraio '
                                        'aprono così il cammino verso la festa '
                                        'patronale del 9, quando Atripalda '
                                        'renderà omaggio ai suoi Santi con '
                                        'celebrazioni religiose e momenti di '
                                        'partecipazione collettiva, nel segno '
                                        'di una tradizione che continua ad '
                                        'ardere, come il fuoco, di anno in '
                                        'anno.',
                         'dove': {'address': 'Piazza Umberto I',
                                  'name': None,
                                  'raw_text': 'Dove Piazza Umberto I '
                                              'Atripalda'},
                         'image': '//citynews-avellinotoday.stgy.ovh/~media/horizontal-low/46200874815805/t_san-sabino20200127_110145-2.jpg',
                         'prezzo': 'Prezzo non disponibile',
                         'quando': {'date_end': '2026-02-08',
                                    'date_start': '2026-02-08',
                                    'raw_text': 'Quando Dal 08/02/2026 al '
                                                '08/02/2026 Orario non '
                                                'disponibile',
                                    'schedule': 'Orario non disponibile'}},
              'list': {'category': 'Cibo e Vino',
                       'date': '8 febbraio 2026',
                       'image': '//citynews-avellinotoday.stgy.ovh/~media/horizontal-mid/46200874815805/t_san-sabino20200127_110145-2.jpg',
                       'location': None,
                       'stars': 5,
                       'title': 'Atripalda, i Focaroni di San Sabino accendono '
                                'l’attesa della festa patronale'}},
 'scraped_at': '2026-02-02T19:45:06.634922',
 'source': 'city_today',
 'title': 'Atripalda, i Focaroni di San Sabino accendono l’attesa della festa '
          'patronale',
 'url': 'https://www.avellinotoday.it/eventi/atripalda-focaroni-san-sabino-festa-patronale.html',
 'uuid': '005aea226a525ab5',
 'website': None}
[2026-02-02T19:45:07.236+0000] {docker.py:429} INFO - 2026-02-02 19:45:07 [scrapy.core.engine] DEBUG: Crawled (200) <GET https://www.avellinotoday.it/eventi/riparte-innamorati-musica-2026.html> (referer: https://www.avellinotoday.it/eventi/dal/2026-02-02/al/2026-02-08/)
[2026-02-02T19:45:07.349+0000] {docker.py:429} INFO - 2026-02-02 19:45:07 [scrapy.core.scraper] DEBUG: Scraped from <200 https://www.avellinotoday.it/eventi/riparte-innamorati-musica-2026.html>
{'category': [],
 'city': 'Avellino',
 'city_id': None,
 'content_hash': 'd644b7f78146a67e',
 'date_display': 'dal 8 febbraio al 27 giugno 2026',
 'date_end': '2026-06-27',
 'date_start': '2026-02-08',
 'description': 'Come tutti gli anni il mese di febbraio l’Associazione Igor '
                'Stravinsky riproporrà agli appassionati della Musica colta la '
                'trentennale rassegna dal titolo “Innamorati della Musica”. '
                'L’edizione 2026 sarà ricca di nuove proposte musicali e '
                'culturali e sarà dedicata al 30° anniversario '
                'dell’Associazione musicale irpina condotta dalla pianista '
                'Nadia Testa. Il calendario Inverno/Primavera presenterà ben '
                '11 diversi appuntamenti che si snoderanno tra i mesi di '
                'febbraio e giugno nella Sala delle Arti in Via Provinciale 89 '
                'a Manocalzati (AV). Alcuni eventi saranno dedicati agli '
                'Anniversario di Giuseppe Verdi, di De Falla e San Francesco '
                'd’Assisi. Molti eventi saranno preceduti dall’open/concert '
                '“The per te” con ospiti di riguardo tra giornalisti, '
                "scrittrici, reporter televisivi, pittori e storici dell'arte. "
                'In programma anche un recital letterario dedicato al Cantico '
                'di Frate Sole a cura del magistrato, cultore musicale, '
                'Gennaro Iannarone. Musicisti internazionali si alterneranno '
                'sul palco Stravinsky a giovani promesse: nomi internazionali '
                'del pianismo italiano quali Andrea Bacchetti, Roberto De '
                'Leonardis, Maria Pia e Francesca Carola, si alterneranno a '
                'solisti lirici quali i soprani Jolanta Stanelyte, Maria '
                'Tomassi e Maria Giulia Milano, accompagnate dai pianisti '
                'Galterio, Orlando e Scibilia. Il violoncellista Luca '
                'Provenzani regalerà al pubblico di Innamorati un recital '
                'solistico dedicato al genio di J. S. Bach che saprà dialogare '
                'con l’arte pittorica di Enrico Guerrini, mentre la flautista '
                'serba Bratic ed il KlaViolTrio ci offriranno pagine del ‘900. '
                'The per te anche per gli appassionati della Musica che alla '
                'fine del concerto avranno modo di dialogare con i musicisti e '
                'gli artisti davanti ad una tazza di the fumante. Direzione '
                'artistica a cura di Nadia Testa Marketing e Comunicazione a '
                'cura di Michele Aquino Info 340 5719845; '
                'www.associazionestravinsky.it CALENDARIO COMPLETO: Domenica 8 '
                'Febbraio ore 17.15 Haro no humi…Percussioni dall’Oriente '
                'all’America The per te con la Cerimonia giapponese del The '
                'Martina D’Onofrio, Francesco Romano, Giuseppe Alfieri, '
                'Alessandro Ruggiero Vibrafono, Marimba e Rullante Domenica 15 '
                'Febbraio ore 17.15 Dipingendo e raccontando Bach…Tre quadri '
                'raccontano una storia The per te con la scrittura '
                'estemporanea di Ilde Rampino Luca Provenzani, violoncello e '
                'Enrico Guerrini, pitture estemporanee Domenica 22 Febbraio '
                'ore 17.15 Carte Blanche The per te con il reporter televisivo '
                'Luca Abete Recital del pianista Andrea Bacchetti Domenica 1 '
                'Marzo ore 17.15 Donne e Quadri da …FAVOLA The per te con '
                'l’Arte pittorica di Gennaro Vallifuoco Maria Pia e Francesca '
                'Carola, Due Pianoforti Domenica 8 Marzo ore 17.15 '
                'KlaViolTrio… Stagioni del ‘900 The per te con le Donne '
                'nell’Arte di Rosa Bianco Giambattista Ciliberti, Clarinetto, '
                'Flavio Maddonni, Violino, Piero Rotolo, Pianoforte Domenica '
                '22 Marzo ore 17.15 Emozioni italiane The per te con l’arte '
                'presepiale di Andrea Montuori Maria Giulia Milano, soprano e '
                'Paolo Scibilia, pianoforte Venerdì 10 Aprile ore 18.15 Alla '
                'ricerca del Canto perduto… la Poesia del Cantico di Frate '
                'Sole The per te con il Recital di Gennaro Iannarone Ingresso '
                'libero Sabato 9 Maggio ore 19.15 Un palco all’Opera…l’Arte in '
                'scena The per te con lo storico dell’Arte Fiorentino '
                'Vecchiarelli Presidente Accademia dei Dogliosi Maria Tomassi, '
                'soprano e Gabriella Orlando, pianoforte Sabato 23 Maggio ore '
                '19.15 Di addii e lontananze…Viaggio nella musica vocale e '
                'nella letteratura russa tra ‘800 e ‘900 Jolanta Stanelyte, '
                'soprano e Guido Galterio, pianoforte Sabato 13 Giugno ore '
                '19.15 Dall’Europa al Sudamerica… Sottovoce The per te con il '
                'giornalista televisivo Gigi Marzullo Andjela Bratic, flauto; '
                'Diana Nocchiero, pianoforte Sabato 27 Giugno ore 19.15 Sonate '
                'e Trascrizioni…omaggio a Giuseppe Verdi Recital del pianista '
                'Roberto De Leonardis BUON COMPLEANNO ASSOCIAZIONE STRAVINSKY '
                '- 30° ANNO DI ATTIVITA’',
 'event_id': 'riparte-innamorati-musica-2026',
 'image_url': '//citynews-avellinotoday.stgy.ovh/~media/horizontal-low/53222039286295/img-20260116-wa0004-1.jpg',
 'location_address': None,
 'location_name': None,
 'price': 'Prezzo non disponibile',
 'raw_data': {'detail': {'altre_informazioni': {'raw_text': 'Altre '
                                                            'informazioni',
                                                'website': None},
                         'descrizione': 'Come tutti gli anni il mese di '
                                        'febbraio l’Associazione Igor '
                                        'Stravinsky riproporrà agli '
                                        'appassionati della Musica colta la '
                                        'trentennale rassegna dal titolo '
                                        '“Innamorati della Musica”. L’edizione '
                                        '2026 sarà ricca di nuove proposte '
                                        'musicali e culturali e sarà dedicata '
                                        'al 30° anniversario dell’Associazione '
                                        'musicale irpina condotta dalla '
                                        'pianista Nadia Testa. Il calendario '
                                        'Inverno/Primavera presenterà ben 11 '
                                        'diversi appuntamenti che si '
                                        'snoderanno tra i mesi di febbraio e '
                                        'giugno nella Sala delle Arti in Via '
                                        'Provinciale 89 a Manocalzati (AV). '
                                        'Alcuni eventi saranno dedicati agli '
                                        'Anniversario di Giuseppe Verdi, di De '
                                        'Falla e San Francesco d’Assisi. Molti '
                                        'eventi saranno preceduti '
                                        'dall’open/concert “The per te” con '
                                        'ospiti di riguardo tra giornalisti, '
                                        'scrittrici, reporter televisivi, '
                                        "pittori e storici dell'arte. In "
                                        'programma anche un recital letterario '
                                        'dedicato al Cantico di Frate Sole a '
                                        'cura del magistrato, cultore '
                                        'musicale, Gennaro Iannarone. '
                                        'Musicisti internazionali si '
                                        'alterneranno sul palco Stravinsky a '
                                        'giovani promesse: nomi internazionali '
                                        'del pianismo italiano quali Andrea '
                                        'Bacchetti, Roberto De Leonardis, '
                                        'Maria Pia e Francesca Carola, si '
                                        'alterneranno a solisti lirici quali i '
                                        'soprani Jolanta Stanelyte, Maria '
                                        'Tomassi e Maria Giulia Milano, '
                                        'accompagnate dai pianisti Galterio, '
                                        'Orlando e Scibilia. Il violoncellista '
                                        'Luca Provenzani regalerà al pubblico '
                                        'di Innamorati un recital solistico '
                                        'dedicato al genio di J. S. Bach che '
                                        'saprà dialogare con l’arte pittorica '
                                        'di Enrico Guerrini, mentre la '
                                        'flautista serba Bratic ed il '
                                        'KlaViolTrio ci offriranno pagine del '
                                        '‘900. The per te anche per gli '
                                        'appassionati della Musica che alla '
                                        'fine del concerto avranno modo di '
                                        'dialogare con i musicisti e gli '
                                        'artisti davanti ad una tazza di the '
                                        'fumante. Direzione artistica a cura '
                                        'di Nadia Testa Marketing e '
                                        'Comunicazione a cura di Michele '
                                        'Aquino Info 340 5719845; '
                                        'www.associazionestravinsky.it '
                                        'CALENDARIO COMPLETO: Domenica 8 '
                                        'Febbraio ore 17.15 Haro no '
                                        'humi…Percussioni dall’Oriente '
                                        'all’America The per te con la '
                                        'Cerimonia giapponese del The Martina '
                                        'D’Onofrio, Francesco Romano, Giuseppe '
                                        'Alfieri, Alessandro Ruggiero '
                                        'Vibrafono, Marimba e Rullante '
                                        'Domenica 15 Febbraio ore 17.15 '
                                        'Dipingendo e raccontando Bach…Tre '
                                        'quadri raccontano una storia The per '
                                        'te con la scrittura estemporanea di '
                                        'Ilde Rampino Luca Provenzani, '
                                        'violoncello e Enrico Guerrini, '
                                        'pitture estemporanee Domenica 22 '
                                        'Febbraio ore 17.15 Carte Blanche The '
                                        'per te con il reporter televisivo '
                                        'Luca Abete Recital del pianista '
                                        'Andrea Bacchetti Domenica 1 Marzo ore '
                                        '17.15 Donne e Quadri da …FAVOLA The '
                                        'per te con l’Arte pittorica di '
                                        'Gennaro Vallifuoco Maria Pia e '
                                        'Francesca Carola, Due Pianoforti '
                                        'Domenica 8 Marzo ore 17.15 '
                                        'KlaViolTrio… Stagioni del ‘900 The '
                                        'per te con le Donne nell’Arte di Rosa '
                                        'Bianco Giambattista Ciliberti, '
                                        'Clarinetto, Flavio Maddonni, Violino, '
                                        'Piero Rotolo, Pianoforte Domenica 22 '
                                        'Marzo ore 17.15 Emozioni italiane The '
                                        'per te con l’arte presepiale di '
                                        'Andrea Montuori Maria Giulia Milano, '
                                        'soprano e Paolo Scibilia, pianoforte '
                                        'Venerdì 10 Aprile ore 18.15 Alla '
                                        'ricerca del Canto perduto… la Poesia '
                                        'del Cantico di Frate Sole The per te '
                                        'con il Recital di Gennaro Iannarone '
                                        'Ingresso libero Sabato 9 Maggio ore '
                                        '19.15 Un palco all’Opera…l’Arte in '
                                        'scena The per te con lo storico '
                                        'dell’Arte Fiorentino Vecchiarelli '
                                        'Presidente Accademia dei Dogliosi '
                                        'Maria Tomassi, soprano e Gabriella '
                                        'Orlando, pianoforte Sabato 23 Maggio '
                                        'ore 19.15 Di addii e '
                                        'lontananze…Viaggio nella musica '
                                        'vocale e nella letteratura russa tra '
                                        '‘800 e ‘900 Jolanta Stanelyte, '
                                        'soprano e Guido Galterio, pianoforte '
                                        'Sabato 13 Giugno ore 19.15 '
                                        'Dall’Europa al Sudamerica… Sottovoce '
                                        'The per te con il giornalista '
                                        'televisivo Gigi Marzullo Andjela '
[2026-02-02T19:45:07.350+0000] {docker.py:429} INFO - 'Bratic, flauto; Diana Nocchiero, '
                                        'pianoforte Sabato 27 Giugno ore 19.15 '
                                        'Sonate e Trascrizioni…omaggio a '
                                        'Giuseppe Verdi Recital del pianista '
                                        'Roberto De Leonardis BUON COMPLEANNO '
                                        'ASSOCIAZIONE STRAVINSKY - 30° ANNO DI '
                                        'ATTIVITA’',
                         'dove': {'address': None,
                                  'name': None,
                                  'raw_text': 'Dove Indirizzo non disponibile '
                                              'Manocalzati'},
                         'image': '//citynews-avellinotoday.stgy.ovh/~media/horizontal-low/53222039286295/img-20260116-wa0004-1.jpg',
                         'prezzo': 'Prezzo non disponibile',
                         'quando': {'date_end': '2026-06-27',
                                    'date_start': '2026-02-08',
                                    'raw_text': 'Quando Dal 08/02/2026 al '
                                                '27/06/2026 Orario non '
                                                'disponibile',
                                    'schedule': 'Orario non disponibile'}},
              'list': {'category': None,
                       'date': 'dal 8 febbraio al 27 giugno 2026',
                       'image': '//citynews-avellinotoday.stgy.ovh/~media/horizontal-mid/53222039286295/img-20260116-wa0004-1.jpg',
                       'location': None,
                       'stars': None,
                       'title': 'Riparte "Innamorati della musica": il '
                                "programma completo degli eventi dell'edizione "
                                '2026'}},
 'scraped_at': '2026-02-02T19:45:07.347048',
 'source': 'city_today',
 'title': 'Riparte "Innamorati della musica": il programma completo degli '
          "eventi dell'edizione 2026",
 'url': 'https://www.avellinotoday.it/eventi/riparte-innamorati-musica-2026.html',
 'uuid': '90b77cfe69fd03c0',
 'website': None}
[2026-02-02T19:45:09.484+0000] {docker.py:429} INFO - 2026-02-02 19:45:09 [scrapy.core.engine] DEBUG: Crawled (200) <GET https://www.avellinotoday.it/eventi/ariano-irpino-nuova-stagione-teatrale-fermata-28-commedia.html> (referer: https://www.avellinotoday.it/eventi/dal/2026-02-02/al/2026-02-08/)
[2026-02-02T19:45:09.597+0000] {docker.py:429} INFO - 2026-02-02 19:45:09 [scrapy.core.scraper] DEBUG: Scraped from <200 https://www.avellinotoday.it/eventi/ariano-irpino-nuova-stagione-teatrale-fermata-28-commedia.html>
{'category': ['Teatri'],
 'city': 'Avellino',
 'city_id': None,
 'content_hash': '8b0190e18afc04fb',
 'date_display': 'dal 28 ottobre 2025 al 12 aprile 2026',
 'date_end': '2026-04-12',
 'date_start': '2025-10-28',
 'description': 'Torna la grande stagione teatrale de La Fermata, e quest’anno '
                'lo fa all’insegna della risata. La compagnia arianese dà '
                'ufficialmente il via a un cartellone interamente dedicato '
                'alla commedia, con spettacoli brillanti, popolari, classici '
                'rivisitati e incursioni nel teatro-varietà. Il primo '
                'appuntamento è fissato per domenica 28 dicembre alle ore '
                '18:30 presso l’Auditorium Comunale “Lina Wertmüller” di '
                'Ariano Irpino. Come da tradizione, tutti gli spettacoli '
                'andranno in scena la domenica, sempre allo stesso orario. La '
                'stagione sarà impreziosita da una nuova collaborazione con '
                'l’Associazione Sante Spine, storico punto di riferimento '
                'culturale della città. Insieme, daranno vita a uno spettacolo '
                'che anticiperà l’attesissimo evento de “L’incendio del '
                'Campanile”, in un’ottica di valorizzazione delle radici '
                'locali e di estensione delle rievocazioni storiche anche '
                'oltre il periodo estivo. Il progetto, fortemente voluto dal '
                'presidente Giancarlo Sicuranza, si affianca al sostegno '
                'consolidato di partner istituzionali e associazioni come il '
                'Comune di Ariano Irpino, Fidapariano, Rotaract Avellino Est e '
                'Panathlon Ariano.',
 'event_id': 'ariano-irpino-nuova-stagione-teatrale-fermata-28-commedia',
 'image_url': '//citynews-avellinotoday.stgy.ovh/~media/horizontal-low/62166542271202/fb_img_1760593709206.jpg',
 'location_address': 'Ariano Irpino, AV, Italia',
 'location_name': 'Auditorium Comunale',
 'price': 'Prezzo non disponibile',
 'raw_data': {'detail': {'altre_informazioni': {'raw_text': 'Altre '
                                                            'informazioni',
                                                'website': None},
                         'descrizione': 'Torna la grande stagione teatrale de '
                                        'La Fermata, e quest’anno lo fa '
                                        'all’insegna della risata. La '
                                        'compagnia arianese dà ufficialmente '
                                        'il via a un cartellone interamente '
                                        'dedicato alla commedia, con '
                                        'spettacoli brillanti, popolari, '
                                        'classici rivisitati e incursioni nel '
                                        'teatro-varietà. Il primo appuntamento '
                                        'è fissato per domenica 28 dicembre '
                                        'alle ore 18:30 presso l’Auditorium '
                                        'Comunale “Lina Wertmüller” di Ariano '
                                        'Irpino. Come da tradizione, tutti gli '
                                        'spettacoli andranno in scena la '
                                        'domenica, sempre allo stesso orario. '
                                        'La stagione sarà impreziosita da una '
                                        'nuova collaborazione con '
                                        'l’Associazione Sante Spine, storico '
                                        'punto di riferimento culturale della '
                                        'città. Insieme, daranno vita a uno '
                                        'spettacolo che anticiperà '
                                        'l’attesissimo evento de “L’incendio '
                                        'del Campanile”, in un’ottica di '
                                        'valorizzazione delle radici locali e '
                                        'di estensione delle rievocazioni '
                                        'storiche anche oltre il periodo '
                                        'estivo. Il progetto, fortemente '
                                        'voluto dal presidente Giancarlo '
                                        'Sicuranza, si affianca al sostegno '
                                        'consolidato di partner istituzionali '
                                        'e associazioni come il Comune di '
                                        'Ariano Irpino, Fidapariano, Rotaract '
                                        'Avellino Est e Panathlon Ariano.',
                         'dove': {'address': 'Ariano Irpino, AV, Italia',
                                  'name': 'Auditorium Comunale',
                                  'raw_text': 'Dove Auditorium Comunale Ariano '
                                              'Irpino, AV, Italia Ariano '
                                              'Irpino'},
                         'image': '//citynews-avellinotoday.stgy.ovh/~media/horizontal-low/62166542271202/fb_img_1760593709206.jpg',
                         'prezzo': 'Prezzo non disponibile',
                         'quando': {'date_end': '2026-04-12',
                                    'date_start': '2025-10-28',
                                    'raw_text': 'Quando Dal 28/10/2025 al '
                                                '12/04/2026 Orario non '
                                                'disponibile',
                                    'schedule': 'Orario non disponibile'}},
              'list': {'category': 'Teatri',
                       'date': 'dal 28 ottobre 2025 al 12 aprile 2026',
                       'image': '//citynews-avellinotoday.stgy.ovh/~media/horizontal-mid/62166542271202/fb_img_1760593709206.jpg',
                       'location': 'Auditorium Comunale',
                       'stars': None,
                       'title': 'Ariano Irpino, al via la nuova stagione '
                                'teatrale de "La Fermata"'}},
 'scraped_at': '2026-02-02T19:45:09.595352',
 'source': 'city_today',
 'title': 'Ariano Irpino, al via la nuova stagione teatrale de "La Fermata"',
 'url': 'https://www.avellinotoday.it/eventi/ariano-irpino-nuova-stagione-teatrale-fermata-28-commedia.html',
 'uuid': 'a59498ac0d56f8e0',
 'website': None}
[2026-02-02T19:45:10.795+0000] {docker.py:429} INFO - 2026-02-02 19:45:10 [scrapy.core.engine] DEBUG: Crawled (200) <GET https://www.avellinotoday.it/eventi/teatro-99-posti-sei-storie.html> (referer: https://www.avellinotoday.it/eventi/dal/2026-02-02/al/2026-02-08/)
[2026-02-02T19:45:10.907+0000] {docker.py:429} INFO - 2026-02-02 19:45:10 [scrapy.core.scraper] DEBUG: Scraped from <200 https://www.avellinotoday.it/eventi/teatro-99-posti-sei-storie.html>
{'category': [],
 'city': 'Avellino',
 'city_id': None,
 'content_hash': 'c76ef54ee26e512b',
 'date_display': 'dal 18 gennaio al 29 marzo 2026',
 'date_end': '2026-03-29',
 'date_start': '2026-01-18',
 'description': 'Il Teatro 99 Posti inaugura il nuovo anno con 6 STORIE, una '
                'rassegna che riunisce sei spettacoli capaci di attraversare '
                'il presente con linguaggi differenti, dalla drammaturgia '
                'contemporanea alla favola teatrale, dal monologo civile alla '
                'reinvenzione poetica del quotidiano. Da domenica 18 gennaio a '
                'domenica 29 marzo 2025 alle 18:30, il teatro propone un '
                'appuntamento che diventa occasione d’incontro, ascolto e '
                'riflessione collettiva. Una rassegna pensata per un pubblico '
                'curioso, che desidera vivere la scena come uno spazio di '
                'confronto. Sei storie, sei mondi, sei possibilità di guardare '
                'il nostro tempo da angolazioni nuove. Domenica 18 gennaio '
                'Compagnia dell’Eclissi Stato contro Nolan – di Stefano '
                'Massini Domenica 25 gennaio Contestualmente Teatro '
                'Settantauno – di Riccardo Pisani Domenica 15 febbraio '
                'Compagnia FSSL Una tragedia reale – di Peppino Patroni Griffi '
                'Domenica 1 marzo Teatro Insania Mare di ruggine – di Antimo '
                'Casertano Domenica 15 marzo Compagnia Carnevale Il bradipo e '
                'la carpa – di A. Carnevale e R. Quartarone Domenica 29 marzo '
                'DipMAT / 99 Posti Artificiale sarà lei – di Paolo Capozzo La '
                'rassegna 6 STORIE si inserisce all’interno di un percorso più '
                'ampio che il Teatro 99 Posti porta avanti da anni, costruendo '
                'uno spazio culturale vivo, radicato e in costante dialogo con '
                'la comunità. Oltre alla programmazione teatrale, il 99 Posti '
                'è un luogo in cui il teatro si fa crescita, formazione e '
                'partecipazione attiva, grazie a un articolato sistema di '
                'laboratori e attività rivolti a diverse fasce d’età. Queste '
                'attività contribuiscono a rendere il Teatro 99 Posti non solo '
                'un luogo di spettacolo, ma un centro culturale aperto, un '
                'laboratorio permanente di competenze, sensibilità e visioni. '
                'È in questo contesto che nasce 6 STORIE: una rassegna che '
                'comunica naturalmente con la vocazione formativa e '
                'comunitaria del teatro, e che invita il pubblico a vivere la '
                'scena come un momento di incontro. Con 6 STORIE, il Teatro 99 '
                'Posti ribadisce la propria missione: offrire al territorio un '
                'teatro accessibile, curioso, capace di suggestionare e di '
                'interrogare. Ogni spettacolo è un frammento di vita, un modo '
                'diverso di dire “noi”, un’occasione per ritrovarsi nello '
                'stesso luogo e nella stessa luce. Per informazioni su '
                'spettacoli, laboratori e prenotazioni: Teatro 99 Posti '
                'Telefono: 389 885 6273 Email: info@teatro99posti.com',
 'event_id': 'teatro-99-posti-sei-storie',
 'image_url': '//citynews-avellinotoday.stgy.ovh/~media/horizontal-low/22932760266891/dsc01432.jpg',
 'location_address': None,
 'location_name': None,
 'price': 'Prezzo non disponibile',
 'raw_data': {'detail': {'altre_informazioni': {'raw_text': 'Altre '
                                                            'informazioni',
                                                'website': None},
                         'descrizione': 'Il Teatro 99 Posti inaugura il nuovo '
                                        'anno con 6 STORIE, una rassegna che '
                                        'riunisce sei spettacoli capaci di '
                                        'attraversare il presente con '
                                        'linguaggi differenti, dalla '
                                        'drammaturgia contemporanea alla '
                                        'favola teatrale, dal monologo civile '
                                        'alla reinvenzione poetica del '
                                        'quotidiano. Da domenica 18 gennaio a '
                                        'domenica 29 marzo 2025 alle 18:30, il '
                                        'teatro propone un appuntamento che '
                                        'diventa occasione d’incontro, ascolto '
                                        'e riflessione collettiva. Una '
                                        'rassegna pensata per un pubblico '
                                        'curioso, che desidera vivere la scena '
                                        'come uno spazio di confronto. Sei '
                                        'storie, sei mondi, sei possibilità di '
                                        'guardare il nostro tempo da '
                                        'angolazioni nuove. Domenica 18 '
                                        'gennaio Compagnia dell’Eclissi Stato '
                                        'contro Nolan – di Stefano Massini '
                                        'Domenica 25 gennaio Contestualmente '
                                        'Teatro Settantauno – di Riccardo '
                                        'Pisani Domenica 15 febbraio Compagnia '
                                        'FSSL Una tragedia reale – di Peppino '
                                        'Patroni Griffi Domenica 1 marzo '
                                        'Teatro Insania Mare di ruggine – di '
                                        'Antimo Casertano Domenica 15 marzo '
                                        'Compagnia Carnevale Il bradipo e la '
                                        'carpa – di A. Carnevale e R. '
                                        'Quartarone Domenica 29 marzo DipMAT / '
                                        '99 Posti Artificiale sarà lei – di '
                                        'Paolo Capozzo La rassegna 6 STORIE si '
                                        'inserisce all’interno di un percorso '
                                        'più ampio che il Teatro 99 Posti '
                                        'porta avanti da anni, costruendo uno '
                                        'spazio culturale vivo, radicato e in '
                                        'costante dialogo con la comunità. '
                                        'Oltre alla programmazione teatrale, '
                                        'il 99 Posti è un luogo in cui il '
                                        'teatro si fa crescita, formazione e '
                                        'partecipazione attiva, grazie a un '
                                        'articolato sistema di laboratori e '
                                        'attività rivolti a diverse fasce '
                                        'd’età. Queste attività contribuiscono '
                                        'a rendere il Teatro 99 Posti non solo '
                                        'un luogo di spettacolo, ma un centro '
                                        'culturale aperto, un laboratorio '
                                        'permanente di competenze, sensibilità '
                                        'e visioni. È in questo contesto che '
                                        'nasce 6 STORIE: una rassegna che '
                                        'comunica naturalmente con la '
                                        'vocazione formativa e comunitaria del '
                                        'teatro, e che invita il pubblico a '
                                        'vivere la scena come un momento di '
                                        'incontro. Con 6 STORIE, il Teatro 99 '
                                        'Posti ribadisce la propria missione: '
                                        'offrire al territorio un teatro '
                                        'accessibile, curioso, capace di '
                                        'suggestionare e di interrogare. Ogni '
                                        'spettacolo è un frammento di vita, un '
                                        'modo diverso di dire “noi”, '
                                        'un’occasione per ritrovarsi nello '
                                        'stesso luogo e nella stessa luce. Per '
                                        'informazioni su spettacoli, '
                                        'laboratori e prenotazioni: Teatro 99 '
                                        'Posti Telefono: 389 885 6273 Email: '
                                        'info@teatro99posti.com',
                         'dove': {'address': None,
                                  'name': None,
                                  'raw_text': 'Dove Indirizzo non disponibile'},
                         'image': '//citynews-avellinotoday.stgy.ovh/~media/horizontal-low/22932760266891/dsc01432.jpg',
                         'prezzo': 'Prezzo non disponibile',
                         'quando': {'date_end': '2026-03-29',
                                    'date_start': '2026-01-18',
                                    'raw_text': 'Quando Dal 18/01/2026 al '
                                                '29/03/2026 Orario non '
                                                'disponibile',
                                    'schedule': 'Orario non disponibile'}},
              'list': {'category': None,
                       'date': 'dal 18 gennaio al 29 marzo 2026',
                       'image': '//citynews-avellinotoday.stgy.ovh/~media/horizontal-mid/22932760266891/dsc01432.jpg',
                       'location': None,
                       'stars': None,
                       'title': 'Il Teatro 99 Posti inaugura il nuovo anno con '
                                'la rassegna "Sei storie"'}},
 'scraped_at': '2026-02-02T19:45:10.904231',
 'source': 'city_today',
 'title': 'Il Teatro 99 Posti inaugura il nuovo anno con la rassegna "Sei '
          'storie"',
 'url': 'https://www.avellinotoday.it/eventi/teatro-99-posti-sei-storie.html',
 'uuid': '4c9b693a20dba7ee',
 'website': None}
[2026-02-02T19:45:11.570+0000] {docker.py:429} INFO - 2026-02-02 19:45:11 [scrapy.core.engine] DEBUG: Crawled (200) <GET https://www.avellinotoday.it/eventi/giorno-della-memoria-mostra-avellino.html> (referer: https://www.avellinotoday.it/eventi/dal/2026-02-02/al/2026-02-08/)
[2026-02-02T19:45:11.680+0000] {docker.py:429} INFO - 2026-02-02 19:45:11 [scrapy.core.scraper] DEBUG: Scraped from <200 https://www.avellinotoday.it/eventi/giorno-della-memoria-mostra-avellino.html>
{'category': [],
 'city': 'Avellino',
 'city_id': None,
 'content_hash': '0c6bdc05af0daf53',
 'date_display': 'dal 27 gennaio al 31 maggio 2026',
 'date_end': '2026-05-31',
 'date_start': '2026-01-27',
 'description': 'In occasione del “Giorno della Memoria” , l’Archivio di Stato '
                'di Avellino allestirà una mostra documentaria dal titolo “Il '
                'controscritto ebreo...” . Storie di internati in Irpinia, '
                'presso la propria sede in via Giuseppe Verdi 17 (Carcere '
                'Borbonico). La documentazione sarà tratta dal fondo '
                'archivistico Internamento civile in Irpinia , che comprende '
                'oltre 170 fascicoli personali di internati di varie '
                'nazionalità, molti dei quali, per l’appunto, ebrei. Uomini e '
                'donne, italiani e stranieri, furono confinati, a seguito '
                'delle leggi razziali, nella provincia di Avellino, o fatti '
                'prigionieri nei campi di concentramento di Solofra, '
                'Monteforte Irpino e Ariano Irpino. Con questa iniziativa si '
                'intende restituire dignità e voce a quanti furono privati '
                'della libertà personale per la sola colpa di essere ebrei. I '
                'documenti conservati nel fondo Internamento civile in Irpinia '
                'costituiscono infatti un’immediata e diretta testimonianza '
                'delle difficili condizioni di vita dei confinati e dei '
                'prigionieri: si tratta di lettere inviate dagli internati '
                'alla Questura di Avellino per chiedere il permesso di '
                'consultare dei medici, domandare autorizzazioni a tenere '
                'corrispondenza con i familiari o a sposarsi con rito ebraico, '
                'rivendicare la propria fedeltà alla Patria. La mostra sarà '
                'visitabile dal 27 gennaio al 31 maggio 2026 negli orari di '
                'apertura dell’Archivio di Stato di Avellino (dal lunedì al '
                'venerdì, ore 8:00-19:00).',
 'event_id': 'giorno-della-memoria-mostra-avellino',
 'image_url': '//citynews-avellinotoday.stgy.ovh/~media/horizontal-low/6759374391028/image-62.jpg',
 'location_address': None,
 'location_name': 'Archivio di Stato di Avellino',
 'price': 'Prezzo non disponibile',
 'raw_data': {'detail': {'altre_informazioni': {'raw_text': 'Altre '
                                                            'informazioni',
                                                'website': None},
                         'descrizione': 'In occasione del “Giorno della '
                                        'Memoria” , l’Archivio di Stato di '
                                        'Avellino allestirà una mostra '
                                        'documentaria dal titolo “Il '
                                        'controscritto ebreo...” . Storie di '
                                        'internati in Irpinia, presso la '
                                        'propria sede in via Giuseppe Verdi 17 '
                                        '(Carcere Borbonico). La '
                                        'documentazione sarà tratta dal fondo '
                                        'archivistico Internamento civile in '
                                        'Irpinia , che comprende oltre 170 '
                                        'fascicoli personali di internati di '
                                        'varie nazionalità, molti dei quali, '
                                        'per l’appunto, ebrei. Uomini e donne, '
                                        'italiani e stranieri, furono '
                                        'confinati, a seguito delle leggi '
                                        'razziali, nella provincia di '
                                        'Avellino, o fatti prigionieri nei '
                                        'campi di concentramento di Solofra, '
                                        'Monteforte Irpino e Ariano Irpino. '
                                        'Con questa iniziativa si intende '
                                        'restituire dignità e voce a quanti '
                                        'furono privati della libertà '
                                        'personale per la sola colpa di essere '
                                        'ebrei. I documenti conservati nel '
                                        'fondo Internamento civile in Irpinia '
                                        'costituiscono infatti un’immediata e '
                                        'diretta testimonianza delle difficili '
                                        'condizioni di vita dei confinati e '
                                        'dei prigionieri: si tratta di lettere '
                                        'inviate dagli internati alla Questura '
                                        'di Avellino per chiedere il permesso '
                                        'di consultare dei medici, domandare '
                                        'autorizzazioni a tenere '
                                        'corrispondenza con i familiari o a '
                                        'sposarsi con rito ebraico, '
                                        'rivendicare la propria fedeltà alla '
                                        'Patria. La mostra sarà visitabile dal '
                                        '27 gennaio al 31 maggio 2026 negli '
                                        'orari di apertura dell’Archivio di '
                                        'Stato di Avellino (dal lunedì al '
                                        'venerdì, ore 8:00-19:00).',
                         'dove': {'address': None,
                                  'name': 'Archivio di Stato di Avellino',
                                  'raw_text': 'Dove Archivio di Stato di '
                                              'Avellino Indirizzo non '
                                              'disponibile'},
                         'image': '//citynews-avellinotoday.stgy.ovh/~media/horizontal-low/6759374391028/image-62.jpg',
                         'prezzo': 'Prezzo non disponibile',
                         'quando': {'date_end': '2026-05-31',
                                    'date_start': '2026-01-27',
                                    'raw_text': 'Quando Dal 27/01/2026 al '
                                                '31/05/2026 dal lunedì al '
                                                'venerdì, ore 8:00-19:00',
                                    'schedule': 'dal lunedì al venerdì, ore '
                                                '8:00-19:00'}},
              'list': {'category': None,
                       'date': 'dal 27 gennaio al 31 maggio 2026',
                       'image': '//citynews-avellinotoday.stgy.ovh/~media/horizontal-mid/6759374391028/image-62.jpg',
                       'location': 'Archivio di Stato di Avellino',
                       'stars': None,
                       'title': '“Giorno della Memoria”: una mostra '
                                'all’Archivio di Stato di Avellino'}},
 'scraped_at': '2026-02-02T19:45:11.677957',
 'source': 'city_today',
 'title': '“Giorno della Memoria”: una mostra all’Archivio di Stato di '
          'Avellino',
 'url': 'https://www.avellinotoday.it/eventi/giorno-della-memoria-mostra-avellino.html',
 'uuid': '9525708222af0fbe',
 'website': None}
[2026-02-02T19:45:12.904+0000] {docker.py:429} INFO - 2026-02-02 19:45:12 [scrapy.core.engine] DEBUG: Crawled (200) <GET https://www.avellinotoday.it/eventi/anteprima-teatro-sotto-stelle-biancardi-avella-rassegna-2026.html> (referer: https://www.avellinotoday.it/eventi/dal/2026-02-02/al/2026-02-08/)
[2026-02-02T19:45:13.015+0000] {docker.py:429} INFO - 2026-02-02 19:45:13 [scrapy.core.scraper] DEBUG: Scraped from <200 https://www.avellinotoday.it/eventi/anteprima-teatro-sotto-stelle-biancardi-avella-rassegna-2026.html>
{'category': ['Teatri'],
 'city': 'Avellino',
 'city_id': None,
 'content_hash': '0c48445d294a84b7',
 'date_display': 'dal 1 febbraio al 10 maggio 2026',
 'date_end': '2026-05-10',
 'date_start': '2026-02-01',
 'description': 'Il sipario torna ad alzarsi ad Avella. Grazie all’impegno '
                'dell’Associazione di Promozione Sociale “MELA”, dal 1° '
                'febbraio al 10 maggio 2026 il Teatro Biancardi ospiterà la '
                'rassegna “Anteprima di Teatro Sotto le Stelle – Edizione 2026 '
                '– Premio Città di Avella”, un progetto culturale che segna il '
                'ritorno stabile della prosa e del cabaret in città. Sette '
                'spettacoli compongono il cartellone, pensato per offrire al '
                'pubblico un percorso all’insegna della comicità, del '
                'divertimento e della qualità artistica. Due delle produzioni '
                'saranno curate direttamente dalla Compagnia Stabile MELA, con '
                'un primo titolo in doppia serata l’11 e 12 aprile e un '
                'secondo spettacolo in tripla replica l’8, 9 e 10 maggio. La '
                'rassegna rappresenta un’importante occasione di rilancio '
                'culturale per il territorio, riportando il teatro al centro '
                'della vita sociale e aggregativa della comunità avellana, con '
                'una proposta accessibile e rivolta a tutte le fasce di '
                'pubblico. L’iniziativa è patrocinata dal Comune di Avella e '
                'sponsorizzata, confermando l’attenzione dell’amministrazione '
                'e del tessuto associativo verso la promozione della cultura e '
                'dello spettacolo dal vivo. Ad Avella, dunque, il teatro torna '
                'protagonista: un palcoscenico che si riaccende per regalare '
                'emozioni, sorrisi e nuove occasioni di incontro.',
 'event_id': 'anteprima-teatro-sotto-stelle-biancardi-avella-rassegna-2026',
 'image_url': '//citynews-avellinotoday.stgy.ovh/~media/horizontal-low/38753251089571/teatro-17.jpg',
 'location_address': 'Avella, AV, Italia',
 'location_name': 'Teatro Biancardi',
 'price': 'Prezzo non disponibile',
 'raw_data': {'detail': {'altre_informazioni': {'raw_text': 'Altre '
                                                            'informazioni',
                                                'website': None},
                         'descrizione': 'Il sipario torna ad alzarsi ad '
                                        'Avella. Grazie all’impegno '
                                        'dell’Associazione di Promozione '
                                        'Sociale “MELA”, dal 1° febbraio al 10 '
                                        'maggio 2026 il Teatro Biancardi '
                                        'ospiterà la rassegna “Anteprima di '
                                        'Teatro Sotto le Stelle – Edizione '
                                        '2026 – Premio Città di Avella”, un '
                                        'progetto culturale che segna il '
                                        'ritorno stabile della prosa e del '
                                        'cabaret in città. Sette spettacoli '
                                        'compongono il cartellone, pensato per '
                                        'offrire al pubblico un percorso '
                                        'all’insegna della comicità, del '
                                        'divertimento e della qualità '
                                        'artistica. Due delle produzioni '
                                        'saranno curate direttamente dalla '
                                        'Compagnia Stabile MELA, con un primo '
                                        'titolo in doppia serata l’11 e 12 '
                                        'aprile e un secondo spettacolo in '
                                        'tripla replica l’8, 9 e 10 maggio. La '
                                        'rassegna rappresenta un’importante '
                                        'occasione di rilancio culturale per '
                                        'il territorio, riportando il teatro '
                                        'al centro della vita sociale e '
                                        'aggregativa della comunità avellana, '
                                        'con una proposta accessibile e '
                                        'rivolta a tutte le fasce di pubblico. '
                                        'L’iniziativa è patrocinata dal Comune '
                                        'di Avella e sponsorizzata, '
                                        'confermando l’attenzione '
                                        'dell’amministrazione e del tessuto '
                                        'associativo verso la promozione della '
                                        'cultura e dello spettacolo dal vivo. '
                                        'Ad Avella, dunque, il teatro torna '
                                        'protagonista: un palcoscenico che si '
                                        'riaccende per regalare emozioni, '
                                        'sorrisi e nuove occasioni di '
                                        'incontro.',
                         'dove': {'address': 'Avella, AV, Italia',
                                  'name': 'Teatro Biancardi',
                                  'raw_text': 'Dove Teatro Biancardi Avella, '
                                              'AV, Italia Avella'},
                         'image': '//citynews-avellinotoday.stgy.ovh/~media/horizontal-low/38753251089571/teatro-17.jpg',
                         'prezzo': 'Prezzo non disponibile',
                         'quando': {'date_end': '2026-05-10',
                                    'date_start': '2026-02-01',
                                    'raw_text': 'Quando Dal 01/02/2026 al '
                                                '10/05/2026 Orario non '
                                                'disponibile',
                                    'schedule': 'Orario non disponibile'}},
              'list': {'category': 'Teatri',
                       'date': 'dal 1 febbraio al 10 maggio 2026',
                       'image': '//citynews-avellinotoday.stgy.ovh/~media/horizontal-mid/38753251089571/teatro-17.jpg',
                       'location': 'Teatro Biancardi',
                       'stars': 5,
                       'title': 'Anteprima di Teatro Sotto le Stelle, al '
                                'Biancardi di Avella la rassegna 2026'}},
 'scraped_at': '2026-02-02T19:45:13.012650',
 'source': 'city_today',
 'title': 'Anteprima di Teatro Sotto le Stelle, al Biancardi di Avella la '
          'rassegna 2026',
 'url': 'https://www.avellinotoday.it/eventi/anteprima-teatro-sotto-stelle-biancardi-avella-rassegna-2026.html',
 'uuid': '0ee91823b2088f32',
 'website': None}
[2026-02-02T19:45:14.042+0000] {docker.py:429} INFO - 2026-02-02 19:45:14 [scrapy.core.engine] DEBUG: Crawled (200) <GET https://www.avellinotoday.it/eventi/inaugurazione-mostra-us-avellino.html> (referer: https://www.avellinotoday.it/eventi/dal/2026-02-02/al/2026-02-08/)
[2026-02-02T19:45:14.149+0000] {docker.py:429} INFO - 2026-02-02 19:45:14 [scrapy.core.scraper] DEBUG: Scraped from <200 https://www.avellinotoday.it/eventi/inaugurazione-mostra-us-avellino.html>
{'category': [],
 'city': 'Avellino',
 'city_id': None,
 'content_hash': '0a1b017ec9435ca8',
 'date_display': 'dal 5 dicembre 2025 al 28 febbraio 2026',
 'date_end': '2026-02-28',
 'date_start': '2025-12-05',
 'description': '“1912. Storia di una passione” : è il titolo della mostra '
                'dedicata all’Us Avellino che si inaugura domani – venerdì 5 '
                'dicembre – alle ore 17,00, presso l’hub di Palazzo Caracciolo '
                '-sede della Provincia. Un percorso unico tra sport, cultura e '
                'identità del territorio. Oltre un secolo di emozioni. Al '
                'taglio del nastro parteciperanno il presidente della '
                'Provincia, Rizieri Buonopane , il presidente dell’Us '
                'Avellino, Angelo Antonio D’Agostino e i rappresentanti '
                'dell’associazione “…Per la storia” . La mostra resterà aperta '
                'fino al 28 febbraio 2026.',
 'event_id': 'inaugurazione-mostra-us-avellino',
 'image_url': '//citynews-avellinotoday.stgy.ovh/~media/horizontal-low/29194824938795/whatsapp-image-2025-12-04-at-18-06-41.jpeg',
 'location_address': None,
 'location_name': 'Palazzo Caracciolo Hub',
 'price': 'Prezzo non disponibile',
 'raw_data': {'detail': {'altre_informazioni': {'raw_text': 'Altre '
                                                            'informazioni',
                                                'website': None},
                         'descrizione': '“1912. Storia di una passione” : è il '
                                        'titolo della mostra dedicata all’Us '
                                        'Avellino che si inaugura domani – '
                                        'venerdì 5 dicembre – alle ore 17,00, '
                                        'presso l’hub di Palazzo Caracciolo '
                                        '-sede della Provincia. Un percorso '
                                        'unico tra sport, cultura e identità '
                                        'del territorio. Oltre un secolo di '
                                        'emozioni. Al taglio del nastro '
                                        'parteciperanno il presidente della '
                                        'Provincia, Rizieri Buonopane , il '
                                        'presidente dell’Us Avellino, Angelo '
                                        'Antonio D’Agostino e i rappresentanti '
                                        'dell’associazione “…Per la storia” . '
                                        'La mostra resterà aperta fino al 28 '
                                        'febbraio 2026.',
                         'dove': {'address': None,
                                  'name': 'Palazzo Caracciolo Hub',
                                  'raw_text': 'Dove Palazzo Caracciolo Hub '
                                              'Indirizzo non disponibile'},
                         'image': '//citynews-avellinotoday.stgy.ovh/~media/horizontal-low/29194824938795/whatsapp-image-2025-12-04-at-18-06-41.jpeg',
                         'prezzo': 'Prezzo non disponibile',
                         'quando': {'date_end': '2026-02-28',
                                    'date_start': '2025-12-05',
                                    'raw_text': 'Quando Dal 05/12/2025 al '
                                                '28/02/2026 Orario non '
                                                'disponibile',
                                    'schedule': 'Orario non disponibile'}},
              'list': {'category': None,
                       'date': 'dal 5 dicembre 2025 al 28 febbraio 2026',
                       'image': '//citynews-avellinotoday.stgy.ovh/~media/horizontal-mid/29194824938795/whatsapp-image-2025-12-04-at-18-06-41.jpeg',
                       'location': 'Palazzo Caracciolo Hub',
                       'stars': None,
                       'title': 'Inaugurazione della mostra dedicata all’Us '
                                'Avellino: “1912. Storia di una passione”'}},
 'scraped_at': '2026-02-02T19:45:14.147945',
 'source': 'city_today',
 'title': 'Inaugurazione della mostra dedicata all’Us Avellino: “1912. Storia '
          'di una passione”',
 'url': 'https://www.avellinotoday.it/eventi/inaugurazione-mostra-us-avellino.html',
 'uuid': '317c8bfcfc70202c',
 'website': None}
[2026-02-02T19:45:15.465+0000] {docker.py:429} INFO - 2026-02-02 19:45:15 [scrapy.core.engine] DEBUG: Crawled (200) <GET https://www.avellinotoday.it/eventi/convegno-emozioni-avellino.html> (referer: https://www.avellinotoday.it/eventi/dal/2026-02-02/al/2026-02-08/)
[2026-02-02T19:45:15.578+0000] {docker.py:429} INFO - 2026-02-02 19:45:15 [scrapy.core.scraper] DEBUG: Scraped from <200 https://www.avellinotoday.it/eventi/convegno-emozioni-avellino.html>
{'category': [],
 'city': 'Avellino',
 'city_id': None,
 'content_hash': 'dd37fb197eadacc1',
 'date_display': '3 febbraio 2026',
 'date_end': '2026-02-03',
 'date_start': '2026-02-03',
 'description': 'Avellino, 28 gennaio 2026 – Lunedì 3 febbraio 2026, alle ore '
                '10.30, la Sala Blu del Carcere Borbonico di Avellino ospiterà '
                'il convegno dal titolo “Emozioni, comportamenti e contesti '
                'educativi” . Un incontro dedicato alla riflessione sul ruolo '
                'cruciale della scuola e della comunità educativa nella '
                'comprensione e gestione dei comportamenti legati alle '
                'emozioni, con l’obiettivo di esplorare le modalità e le '
                'possibilità di intervento nel percorso evolutivo degli '
                'individui. L’evento si propone come un momento di confronto '
                'tra esperti del settore, con la partecipazione di '
                'rappresentanti provenienti dal mondo della scuola, della '
                'sanità, delle forze dell’ordine e del sociale. La presenza di '
                'professionisti con esperienze diverse e complementari '
                'garantirà uno sguardo multidisciplinare e concreto sul tema, '
                'permettendo di analizzare da più angolazioni le dinamiche '
                'emotive e comportamentali che caratterizzano il contesto '
                'educativo e sociale. Particolare rilievo, durante l’incontro, '
                'sarà dato alla testimonianza di una donna vittima di '
                'violenza, attualmente inserita in un programma di protezione. '
                'La sua esperienza, in qualità di testimone diretta, offrirà '
                'un contributo umano di grande valore, ponendo l’accento '
                'sull’importanza dell’ascolto, della prevenzione e del lavoro '
                'in rete tra le diverse istituzioni coinvolte. Un intervento '
                'che sottolineerà la necessità di un approccio integrato e '
                'sensibile nell’affrontare temi delicati legati alla violenza '
                'e al sostegno alle vittime. L’appuntamento, che si inserisce '
                'in un ciclo di eventi dedicati alla formazione e al confronto '
                'su temi di rilevanza sociale ed educativa, rappresenta '
                'un’occasione per approfondire il ruolo che la comunità '
                'educativa può svolgere nella gestione delle emozioni e dei '
                'comportamenti in contesti di vulnerabilità.',
 'event_id': 'convegno-emozioni-avellino',
 'image_url': '//citynews-avellinotoday.stgy.ovh/~media/horizontal-low/46254548996460/convegno-emozioni-comportamenti-e-contesti-educativi-3.jpg',
 'location_address': None,
 'location_name': 'Carcere Borbonico',
 'price': 'Prezzo non disponibile',
 'raw_data': {'detail': {'altre_informazioni': {'raw_text': 'Altre '
                                                            'informazioni',
                                                'website': None},
                         'descrizione': 'Avellino, 28 gennaio 2026 – Lunedì 3 '
                                        'febbraio 2026, alle ore 10.30, la '
                                        'Sala Blu del Carcere Borbonico di '
                                        'Avellino ospiterà il convegno dal '
                                        'titolo “Emozioni, comportamenti e '
                                        'contesti educativi” . Un incontro '
                                        'dedicato alla riflessione sul ruolo '
                                        'cruciale della scuola e della '
                                        'comunità educativa nella comprensione '
                                        'e gestione dei comportamenti legati '
                                        'alle emozioni, con l’obiettivo di '
                                        'esplorare le modalità e le '
                                        'possibilità di intervento nel '
                                        'percorso evolutivo degli individui. '
                                        'L’evento si propone come un momento '
                                        'di confronto tra esperti del settore, '
                                        'con la partecipazione di '
                                        'rappresentanti provenienti dal mondo '
                                        'della scuola, della sanità, delle '
                                        'forze dell’ordine e del sociale. La '
                                        'presenza di professionisti con '
                                        'esperienze diverse e complementari '
                                        'garantirà uno sguardo '
                                        'multidisciplinare e concreto sul '
                                        'tema, permettendo di analizzare da '
                                        'più angolazioni le dinamiche emotive '
                                        'e comportamentali che caratterizzano '
                                        'il contesto educativo e sociale. '
                                        'Particolare rilievo, durante '
                                        'l’incontro, sarà dato alla '
                                        'testimonianza di una donna vittima di '
                                        'violenza, attualmente inserita in un '
                                        'programma di protezione. La sua '
                                        'esperienza, in qualità di testimone '
                                        'diretta, offrirà un contributo umano '
                                        'di grande valore, ponendo l’accento '
                                        'sull’importanza dell’ascolto, della '
                                        'prevenzione e del lavoro in rete tra '
                                        'le diverse istituzioni coinvolte. Un '
                                        'intervento che sottolineerà la '
                                        'necessità di un approccio integrato e '
                                        'sensibile nell’affrontare temi '
                                        'delicati legati alla violenza e al '
                                        'sostegno alle vittime. '
                                        'L’appuntamento, che si inserisce in '
                                        'un ciclo di eventi dedicati alla '
                                        'formazione e al confronto su temi di '
                                        'rilevanza sociale ed educativa, '
                                        'rappresenta un’occasione per '
                                        'approfondire il ruolo che la comunità '
                                        'educativa può svolgere nella gestione '
                                        'delle emozioni e dei comportamenti in '
                                        'contesti di vulnerabilità.',
                         'dove': {'address': None,
                                  'name': 'Carcere Borbonico',
                                  'raw_text': 'Dove Carcere Borbonico '
                                              'Indirizzo non disponibile'},
                         'image': '//citynews-avellinotoday.stgy.ovh/~media/horizontal-low/46254548996460/convegno-emozioni-comportamenti-e-contesti-educativi-3.jpg',
                         'prezzo': 'Prezzo non disponibile',
                         'quando': {'date_end': '2026-02-03',
                                    'date_start': '2026-02-03',
                                    'raw_text': 'Quando Dal 03/02/2026 al '
                                                '03/02/2026 solo domani 10:30',
                                    'schedule': '10:30'}},
              'list': {'category': None,
                       'date': '3 febbraio 2026',
                       'image': '//citynews-avellinotoday.stgy.ovh/~media/horizontal-mid/46254548996460/convegno-emozioni-comportamenti-e-contesti-educativi-3.jpg',
                       'location': 'Carcere Borbonico',
                       'stars': None,
                       'title': 'Emozioni, comportamenti e contesti educativi: '
                                'ad Avellino il convegno sul ruolo della '
                                'scuola e della comunità educativa'}},
 'scraped_at': '2026-02-02T19:45:15.574654',
 'source': 'city_today',
 'title': 'Emozioni, comportamenti e contesti educativi: ad Avellino il '
          'convegno sul ruolo della scuola e della comunità educativa',
 'url': 'https://www.avellinotoday.it/eventi/convegno-emozioni-avellino.html',
 'uuid': 'cc7dfb1477a3dd56',
 'website': None}
[2026-02-02T19:45:16.111+0000] {docker.py:429} INFO - 2026-02-02 19:45:16 [scrapy.core.engine] DEBUG: Crawled (200) <GET https://www.avellinotoday.it/eventi/vella-venezia-apocalisse.html> (referer: https://www.avellinotoday.it/eventi/dal/2026-02-02/al/2026-02-08/)
[2026-02-02T19:45:16.224+0000] {docker.py:429} INFO - 2026-02-02 19:45:16 [scrapy.core.scraper] DEBUG: Scraped from <200 https://www.avellinotoday.it/eventi/vella-venezia-apocalisse.html>
{'category': [],
 'city': 'Avellino',
 'city_id': None,
 'content_hash': 'dc937b59892604f5',
 'date_display': 'dal 10 gennaio al 8 febbraio 2026',
 'date_end': '2026-02-08',
 'date_start': '2026-01-10',
 'description': None,
 'event_id': 'vella-venezia-apocalisse',
 'image_url': '//citynews-avellinotoday.stgy.ovh/~media/horizontal-low/10666278092906/photocollage_1767948447381_1.jpg',
 'location_address': None,
 'location_name': None,
 'price': 'Prezzo non disponibile',
 'raw_data': {'detail': {'altre_informazioni': {'raw_text': 'Altre '
                                                            'informazioni',
                                                'website': None},
                         'descrizione': None,
                         'dove': {'address': None,
                                  'name': None,
                                  'raw_text': 'Dove Indirizzo non disponibile'},
                         'image': '//citynews-avellinotoday.stgy.ovh/~media/horizontal-low/10666278092906/photocollage_1767948447381_1.jpg',
                         'prezzo': 'Prezzo non disponibile',
                         'quando': {'date_end': '2026-02-08',
                                    'date_start': '2026-01-10',
                                    'raw_text': 'Quando Dal 10/01/2026 al '
                                                '08/02/2026 Orario non '
                                                'disponibile',
                                    'schedule': 'Orario non disponibile'}},
              'list': {'category': None,
                       'date': 'dal 10 gennaio al 8 febbraio 2026',
                       'image': '//citynews-avellinotoday.stgy.ovh/~media/horizontal-mid/10666278092906/photocollage_1767948447381_1.jpg',
                       'location': None,
                       'stars': None,
                       'title': "L'Apocalisse secondo Generoso Vella: "
                                "l'artista avellinese torna a esporre a "
                                'Venezia'}},
 'scraped_at': '2026-02-02T19:45:16.221934',
 'source': 'city_today',
 'title': "L'Apocalisse secondo Generoso Vella: l'artista avellinese torna a "
          'esporre a Venezia',
 'url': 'https://www.avellinotoday.it/eventi/vella-venezia-apocalisse.html',
 'uuid': '0c9b46d057f7a245',
 'website': None}
[2026-02-02T19:45:17.605+0000] {docker.py:429} INFO - 2026-02-02 19:45:17 [scrapy.core.engine] DEBUG: Crawled (200) <GET https://www.avellinotoday.it/eventi/teatro/a-lioni-torna-il-teatro-con-sei-spettacoli.html> (referer: https://www.avellinotoday.it/eventi/dal/2026-02-02/al/2026-02-08/)
[2026-02-02T19:45:17.729+0000] {docker.py:429} INFO - 2026-02-02 19:45:17 [scrapy.core.scraper] DEBUG: Scraped from <200 https://www.avellinotoday.it/eventi/teatro/a-lioni-torna-il-teatro-con-sei-spettacoli.html>
{'category': [],
 'city': 'Avellino',
 'city_id': None,
 'content_hash': '80b672bde464ea32',
 'date_display': 'dal 11 dicembre 2025 al 10 aprile 2026',
 'date_end': '2026-04-10',
 'date_start': '2025-12-11',
 'description': 'Pronto il cartellone della seconda stagione di “Teatro in '
                'Movimento”, la rassegna teatrale di Lioni negli spazi del '
                'Multisala Cinema Nuovo. Dall’11 dicembre 2025 al 10 aprile '
                '2026, sei spettacoli tra novità e tradizione promossi dal '
                'Comune di Lioni in collaborazione con l’associazione '
                'NexuScore. Il trait d’union della proposta è la leggerezza, '
                'ma abbinata a diverse riflessioni sull’attualità o su usi e '
                'costumi di una volta. Giovani ma affermati autori, si '
                'alternano in scena a volti noti del panorama artistico '
                'nazionale. Si comincia l’11 dicembre con “Don Felice '
                'Sciosciammocca creduto guaglione ‘e n’anno” di Antonio '
                'Petito. Il personaggio creato da Eduardo Scarpetta, padre del '
                'teatro napoletano moderno, viene portato in scena da Roberto '
                'Capasso (che firma pure l’adattamento e la regia), Nello '
                'Provenzano, Miriam Della Corte e Valentina Martiniello. La '
                'produzione è Teatro dell’Osso e Teatro TRAM, direzione '
                'artistica Mirko Di Martino. Il 2026 si apre con “Mi dimetto '
                'da uomo” di Sergio Assisi e Simone Repetto, 15 gennaio, in '
                'cui l’attore napoletano alterna momenti di umorismo e di '
                'riflessione in un dialogo con il pubblico, affrontando sogni '
                'e meschinità dei giorni nostri. Il 30 gennaio il recital '
                '“Sconcerto Rock” di Gene Gnocchi: l’autore emiliano '
                'interpreta The Legend, una star della musica che non riesce a '
                'staccarsi dal palco, un vecchio rocker alle prese con un '
                'concerto celebrativo tra problemi di ogni sorta. Nel mese di '
                'San Valentino un brillante monologo sull’amore perfetto, che '
                'non esiste. Matteo Cirillo, già vincitore della V edizione '
                'del “Nuovo Premio Teatro Italiano – Festival di corti e '
                'monologhi teatrali” va sul palco il 20 febbraio con “Oggi '
                'sposo” e le situazioni comiche, drammatiche, surreali. Lo '
                'spettacolo di stand-up comedy “Live”, di e con Carmine Del '
                'Grosso, è in calendario per il 27 marzo. Il comico '
                'beneventano, reduce da un anno entusiasmante tra tv, teatro, '
                'web e podcast, offre contenuti Vm14 tra sessualità e '
                'post-modernismo. La chiusura della rassegna è affidata '
                'all’umorista, nonché autore televisivo e scrittore, Amedeo '
                'Colella. A Lioni il suo fortunatissimo “Nisciuno nasce '
                '‘mparato” viene proposto il 10 aprile accompagnato dalla '
                'chitarra di Fabrizio Mandara. Detti, usi e costumi della '
                'Napoli che fu, con lo stile inconfondibile di un autore che '
                'negli ultimi anni sta riempiendo prestigiosi teatri del '
                'capoluogo regionale e non solo. “Arriviamo a questa seconda '
                'edizione con la consapevolezza di un format e di una location '
                'che già hanno dato agli spettatori la possibilità di vivere '
                'la cultura con continuità, anche in un periodo dell’anno in '
                'cui si sente l’esigenza di rafforzarne l’offerta - spiega la '
                'consigliera comunale delegata alla Cultura, Anna D’Amelio. - '
                'Pensiamo di aver fatto un buon lavoro, sforzandoci anche di '
                'puntare su proposte diverse o inedite per questo territorio '
                'come Gene Gnocchi o Carmine Del Grosso”. “Come '
                'Amministrazione crediamo in questa rassegna e anche per '
                'questo, per il secondo anno consecutivo, il costo dei '
                'biglietti sarà contenuto: vogliamo che l’esperienza del '
                'teatro possa essere accessibile a tutti”, aggiunge il sindaco '
                'Yuri Gioino. L’orario di inizio degli spettacoli è alle '
                '21.00. Info e prenotazioni allo 082742495. Per informazioni '
                'visita anche le pagine Facebook e Instagram di Teatro in '
                'Movimento. Costo biglietto singolo: 12 euro. Abbonamenti: 6 '
                'spettacoli 60 euro, 5 spettacoli 50 euro.',
 'event_id': 'a-lioni-torna-il-teatro-con-sei-spettacoli',
 'image_url': '//citynews-avellinotoday.stgy.ovh/~media/horizontal-low/3670040668177/whatsapp-image-2025-11-28-at-09-53-41.jpeg',
 'location_address': None,
 'location_name': None,
 'price': 'Prezzo non disponibile',
 'raw_data': {'detail': {'altre_informazioni': {'raw_text': 'Altre '
                                                            'informazioni',
                                                'website': None},
                         'descrizione': 'Pronto il cartellone della seconda '
                                        'stagione di “Teatro in Movimento”, la '
                                        'rassegna teatrale di Lioni negli '
                                        'spazi del Multisala Cinema Nuovo. '
                                        'Dall’11 dicembre 2025 al 10 aprile '
                                        '2026, sei spettacoli tra novità e '
                                        'tradizione promossi dal Comune di '
                                        'Lioni in collaborazione con '
                                        'l’associazione NexuScore. Il trait '
                                        'd’union della proposta è la '
                                        'leggerezza, ma abbinata a diverse '
                                        'riflessioni sull’attualità o su usi e '
                                        'costumi di una volta. Giovani ma '
                                        'affermati autori, si alternano in '
                                        'scena a volti noti del panorama '
                                        'artistico nazionale. Si comincia l’11 '
                                        'dicembre con “Don Felice '
                                        'Sciosciammocca creduto guaglione ‘e '
                                        'n’anno” di Antonio Petito. Il '
                                        'personaggio creato da Eduardo '
                                        'Scarpetta, padre del teatro '
                                        'napoletano moderno, viene portato in '
                                        'scena da Roberto Capasso (che firma '
                                        'pure l’adattamento e la regia), Nello '
                                        'Provenzano, Miriam Della Corte e '
                                        'Valentina Martiniello. La produzione '
                                        'è Teatro dell’Osso e Teatro TRAM, '
                                        'direzione artistica Mirko Di Martino. '
                                        'Il 2026 si apre con “Mi dimetto da '
                                        'uomo” di Sergio Assisi e Simone '
                                        'Repetto, 15 gennaio, in cui l’attore '
                                        'napoletano alterna momenti di '
                                        'umorismo e di riflessione in un '
                                        'dialogo con il pubblico, affrontando '
                                        'sogni e meschinità dei giorni nostri. '
                                        'Il 30 gennaio il recital “Sconcerto '
                                        'Rock” di Gene Gnocchi: l’autore '
                                        'emiliano interpreta The Legend, una '
                                        'star della musica che non riesce a '
                                        'staccarsi dal palco, un vecchio '
                                        'rocker alle prese con un concerto '
                                        'celebrativo tra problemi di ogni '
                                        'sorta. Nel mese di San Valentino un '
                                        'brillante monologo sull’amore '
                                        'perfetto, che non esiste. Matteo '
                                        'Cirillo, già vincitore della V '
                                        'edizione del “Nuovo Premio Teatro '
                                        'Italiano – Festival di corti e '
                                        'monologhi teatrali” va sul palco il '
                                        '20 febbraio con “Oggi sposo” e le '
                                        'situazioni comiche, drammatiche, '
                                        'surreali. Lo spettacolo di stand-up '
                                        'comedy “Live”, di e con Carmine Del '
                                        'Grosso, è in calendario per il 27 '
                                        'marzo. Il comico beneventano, reduce '
                                        'da un anno entusiasmante tra tv, '
                                        'teatro, web e podcast, offre '
                                        'contenuti Vm14 tra sessualità e '
                                        'post-modernismo. La chiusura della '
                                        'rassegna è affidata all’umorista, '
                                        'nonché autore televisivo e scrittore, '
                                        'Amedeo Colella. A Lioni il suo '
                                        'fortunatissimo “Nisciuno nasce '
                                        '‘mparato” viene proposto il 10 aprile '
                                        'accompagnato dalla chitarra di '
                                        'Fabrizio Mandara. Detti, usi e '
                                        'costumi della Napoli che fu, con lo '
                                        'stile inconfondibile di un autore che '
                                        'negli ultimi anni sta riempiendo '
                                        'prestigiosi teatri del capoluogo '
                                        'regionale e non solo. “Arriviamo a '
                                        'questa seconda edizione con la '
                                        'consapevolezza di un format e di una '
                                        'location che già hanno dato agli '
                                        'spettatori la possibilità di vivere '
                                        'la cultura con continuità, anche in '
                                        'un periodo dell’anno in cui si sente '
                                        'l’esigenza di rafforzarne l’offerta - '
                                        'spiega la consigliera comunale '
                                        'delegata alla Cultura, Anna D’Amelio. '
                                        '- Pensiamo di aver fatto un buon '
                                        'lavoro, sforzandoci anche di puntare '
                                        'su proposte diverse o inedite per '
                                        'questo territorio come Gene Gnocchi o '
                                        'Carmine Del Grosso”. “Come '
                                        'Amministrazione crediamo in questa '
                                        'rassegna e anche per questo, per il '
                                        'secondo anno consecutivo, il costo '
                                        'dei biglietti sarà contenuto: '
                                        'vogliamo che l’esperienza del teatro '
                                        'possa essere accessibile a tutti”, '
                                        'aggiunge il sindaco Yuri Gioino. '
                                        'L’orario di inizio degli spettacoli è '
                                        'alle 21.00. Info e prenotazioni allo '
                                        '082742495. Per informazioni visita '
                                        'anche le pagine Facebook e Instagram '
                                        'di Teatro in Movimento. Costo '
                                        'biglietto singolo: 12 euro. '
                                        'Abbonamenti: 6 spettacoli 60 euro, 5 '
                                        'spettacoli 50 euro.',
                         'dove': {'address': None,
                                  'name': None,
                                  'raw_text': 'Dove Indirizzo non disponibile '
                                              'Lioni'},
                         'image': '//citynews-avellinotoday.stgy.ovh/~media/horizontal-low/3670040668177/whatsapp-image-2025-11-28-at-09-53-41.jpeg',
                         'prezzo': 'Prezzo non disponibile',
                         'quando': {'date_end': '2026-04-10',
                                    'date_start': '2025-12-11',
                                    'raw_text': 'Quando Dal 11/12/2025 al '
                                                '10/04/2026 Orario non '
                                                'disponibile',
                                    'schedule': 'Orario non disponibile'}},
              'list': {'category': None,
                       'date': 'dal 11 dicembre 2025 al 10 aprile 2026',
                       'image': '//citynews-avellinotoday.stgy.ovh/~media/horizontal-mid/3670040668177/whatsapp-image-2025-11-28-at-09-53-41.jpeg',
                       'location': None,
                       'stars': None,
                       'title': 'A Lioni torna il teatro con sei spettacoli: '
                                'in cartellone Sergio Assisi e Gene Gnocchi'}},
 'scraped_at': '2026-02-02T19:45:17.724717',
 'source': 'city_today',
 'title': 'A Lioni torna il teatro con sei spettacoli: in cartellone Sergio '
          'Assisi e Gene Gnocchi',
 'url': 'https://www.avellinotoday.it/eventi/teatro/a-lioni-torna-il-teatro-con-sei-spettacoli.html',
 'uuid': '68562536f5b7446d',
 'website': None}
[2026-02-02T19:45:18.894+0000] {docker.py:429} INFO - 2026-02-02 19:45:18 [scrapy.core.engine] DEBUG: Crawled (200) <GET https://www.avellinotoday.it/eventi/monteverdi-duomo-avellino.html> (referer: https://www.avellinotoday.it/eventi/dal/2026-02-02/al/2026-02-08/)
[2026-02-02T19:45:19.003+0000] {docker.py:429} INFO - 2026-02-02 19:45:19 [scrapy.core.scraper] DEBUG: Scraped from <200 https://www.avellinotoday.it/eventi/monteverdi-duomo-avellino.html>
{'category': [],
 'city': 'Avellino',
 'city_id': None,
 'content_hash': '9813a187d461d4f8',
 'date_display': '5 febbraio 2026',
 'date_end': '2026-02-05',
 'date_start': '2026-02-05',
 'description': 'AVELLINO — È in programma per il 5 febbraio alle ore 20:00 , '
                'presso il Duomo di Avellino , il concerto promosso dal '
                'Conservatorio “Domenico Cimarosa”. Fulcro della serata sarà '
                'Il combattimento di Tancredi e Clorinda di Claudio Monteverdi '
                ', proposto con l’impiego di strumenti storici e secondo '
                'un’impostazione filologica. L’esecuzione rientra nel progetto '
                'PNRR “Digital and International Arts through Augmented '
                'Reality and Research for Young Students (Artists)” . L’opera, '
                'di particolare complessità esecutiva, sarà affidata a un cast '
                'composto da docenti specializzati, studenti selezionati e '
                'ospiti esterni, in una produzione che si inserisce tra le '
                'attività artistiche dell’istituzione musicale avellinese.',
 'event_id': 'monteverdi-duomo-avellino',
 'image_url': '//citynews-avellinotoday.stgy.ovh/~media/horizontal-low/31999468539767/foto-aerea-conservatorio-cimarosa-di-avellino.jpg',
 'location_address': None,
 'location_name': 'Duomo Avellino',
 'price': 'Prezzo non disponibile',
 'raw_data': {'detail': {'altre_informazioni': {'raw_text': 'Altre '
                                                            'informazioni',
                                                'website': None},
                         'descrizione': 'AVELLINO — È in programma per il 5 '
                                        'febbraio alle ore 20:00 , presso il '
                                        'Duomo di Avellino , il concerto '
                                        'promosso dal Conservatorio “Domenico '
                                        'Cimarosa”. Fulcro della serata sarà '
                                        'Il combattimento di Tancredi e '
                                        'Clorinda di Claudio Monteverdi , '
                                        'proposto con l’impiego di strumenti '
                                        'storici e secondo un’impostazione '
                                        'filologica. L’esecuzione rientra nel '
                                        'progetto PNRR “Digital and '
                                        'International Arts through Augmented '
                                        'Reality and Research for Young '
                                        'Students (Artists)” . L’opera, di '
                                        'particolare complessità esecutiva, '
                                        'sarà affidata a un cast composto da '
                                        'docenti specializzati, studenti '
                                        'selezionati e ospiti esterni, in una '
                                        'produzione che si inserisce tra le '
                                        'attività artistiche dell’istituzione '
                                        'musicale avellinese.',
                         'dove': {'address': None,
                                  'name': 'Duomo Avellino',
                                  'raw_text': 'Dove Duomo Avellino Indirizzo '
                                              'non disponibile'},
                         'image': '//citynews-avellinotoday.stgy.ovh/~media/horizontal-low/31999468539767/foto-aerea-conservatorio-cimarosa-di-avellino.jpg',
                         'prezzo': 'Prezzo non disponibile',
                         'quando': {'date_end': '2026-02-05',
                                    'date_start': '2026-02-05',
                                    'raw_text': 'Quando Dal 05/02/2026 al '
                                                '05/02/2026 20:00',
                                    'schedule': '20:00'}},
              'list': {'category': None,
                       'date': '5 febbraio 2026',
                       'image': '//citynews-avellinotoday.stgy.ovh/~media/horizontal-mid/31999468539767/foto-aerea-conservatorio-cimarosa-di-avellino.jpg',
                       'location': 'Duomo Avellino',
                       'stars': None,
                       'title': 'Monteverdi al Duomo di Avellino, il '
                                'Conservatorio Cimarosa in concerto'}},
 'scraped_at': '2026-02-02T19:45:19.000763',
 'source': 'city_today',
 'title': 'Monteverdi al Duomo di Avellino, il Conservatorio Cimarosa in '
          'concerto',
 'url': 'https://www.avellinotoday.it/eventi/monteverdi-duomo-avellino.html',
 'uuid': 'f2d063fda669930d',
 'website': None}
[2026-02-02T19:45:19.950+0000] {docker.py:429} INFO - 2026-02-02 19:45:19 [scrapy.core.engine] DEBUG: Crawled (200) <GET https://www.avellinotoday.it/eventi/i-giovedi-della-lettura-avellino.html> (referer: https://www.avellinotoday.it/eventi/dal/2026-02-02/al/2026-02-08/)
[2026-02-02T19:45:20.065+0000] {docker.py:429} INFO - 2026-02-02 19:45:20 [scrapy.core.scraper] DEBUG: Scraped from <200 https://www.avellinotoday.it/eventi/i-giovedi-della-lettura-avellino.html>
{'category': [],
 'city': 'Avellino',
 'city_id': None,
 'content_hash': '0bcd0763deed6ffa',
 'date_display': 'dal 5 febbraio al 5 gennaio 2026',
 'date_end': '2026-01-05',
 'date_start': '2026-02-05',
 'description': 'Giovedì 5 febbraio prossimo, alle ore 16:30, si terrà un '
                'nuovo appuntamento della rassegna libraria dell’Archivio di '
                'Stato di Avellino “I giovedì della lettura”. In tale '
                'occasione si presenterà il libro Stefania Filo Speziale. '
                'Conversazione con un’ombra di luce, di Rocco Romeo. L’evento '
                'sarà introdotto da Lorenzo Terzi, direttore dell’Archivio di '
                'Stato di Avellino. Dialogheranno con l’autore Gianni Colucci, '
                'Presidente del Circolo della Stampa di Avellino, e Marialuisa '
                'Squitieri, funzionaria archivista dell’Archivio di Stato di '
                'Avellino. L’ingresso è libero. Stefania Filo Speziale '
                '(1905-1988) fu un’architetta, presenza discreta ma decisiva, '
                'voce rimasta a lungo sommersa dalla grande narrazione '
                'dell’architettura del Novecento. A lei si devono oltre '
                'centocinquanta edifici, dai cui progetti emergono la misura '
                'del tratto, la fedeltà a una visione sobria e funzionale, il '
                'legame vivo con la città di Napoli, e soprattutto una '
                'capacità rara di costruire luoghi che respirano, che '
                'accolgono, che non impongono. Fra le tante sue realizzazioni '
                'si ricordano: il Palazzo Della Morte a Corso Vittorio '
                'Emanuele (1951- 57), il Grattacielo della Società Cattolica '
                'Assicurazione (1954-58), le palazzine in via Nevio (1954- '
                '1958), il condominio di Parco Grifeo (1955-59). Rocco Romeo, '
                'architetto e docente calabrese, evoca suggestivamente la '
                'figura e l’opera della Filo Speziale attraverso uno scritto a '
                'metà strada fra saggio e racconto, fra ricostruzione critica '
                'e gioco narrativo, mediante un’intervista “impossibile” che '
                'restituisce non solo l’architetta, ma anche la donna, la '
                'docente universitaria, la cittadina, l’amica, l’osservatrice '
                'acuta dei mutamenti di Napoli.',
 'event_id': 'i-giovedi-della-lettura-avellino',
 'image_url': '//citynews-avellinotoday.stgy.ovh/~media/horizontal-low/54533342510700/speziale-filo-700x336.jpg',
 'location_address': None,
 'location_name': 'Archivio di Stato di Avellino',
 'price': 'Prezzo non disponibile',
 'raw_data': {'detail': {'altre_informazioni': {'raw_text': 'Altre '
                                                            'informazioni',
                                                'website': None},
                         'descrizione': 'Giovedì 5 febbraio prossimo, alle ore '
                                        '16:30, si terrà un nuovo appuntamento '
                                        'della rassegna libraria dell’Archivio '
                                        'di Stato di Avellino “I giovedì della '
                                        'lettura”. In tale occasione si '
                                        'presenterà il libro Stefania Filo '
                                        'Speziale. Conversazione con un’ombra '
                                        'di luce, di Rocco Romeo. L’evento '
                                        'sarà introdotto da Lorenzo Terzi, '
                                        'direttore dell’Archivio di Stato di '
                                        'Avellino. Dialogheranno con l’autore '
                                        'Gianni Colucci, Presidente del '
                                        'Circolo della Stampa di Avellino, e '
                                        'Marialuisa Squitieri, funzionaria '
                                        'archivista dell’Archivio di Stato di '
                                        'Avellino. L’ingresso è libero. '
                                        'Stefania Filo Speziale (1905-1988) fu '
                                        'un’architetta, presenza discreta ma '
                                        'decisiva, voce rimasta a lungo '
                                        'sommersa dalla grande narrazione '
                                        'dell’architettura del Novecento. A '
                                        'lei si devono oltre centocinquanta '
                                        'edifici, dai cui progetti emergono la '
                                        'misura del tratto, la fedeltà a una '
                                        'visione sobria e funzionale, il '
                                        'legame vivo con la città di Napoli, e '
                                        'soprattutto una capacità rara di '
                                        'costruire luoghi che respirano, che '
                                        'accolgono, che non impongono. Fra le '
                                        'tante sue realizzazioni si ricordano: '
                                        'il Palazzo Della Morte a Corso '
                                        'Vittorio Emanuele (1951- 57), il '
                                        'Grattacielo della Società Cattolica '
                                        'Assicurazione (1954-58), le palazzine '
                                        'in via Nevio (1954- 1958), il '
                                        'condominio di Parco Grifeo (1955-59). '
                                        'Rocco Romeo, architetto e docente '
                                        'calabrese, evoca suggestivamente la '
                                        'figura e l’opera della Filo Speziale '
                                        'attraverso uno scritto a metà strada '
                                        'fra saggio e racconto, fra '
                                        'ricostruzione critica e gioco '
                                        'narrativo, mediante un’intervista '
                                        '“impossibile” che restituisce non '
                                        'solo l’architetta, ma anche la donna, '
                                        'la docente universitaria, la '
                                        'cittadina, l’amica, l’osservatrice '
                                        'acuta dei mutamenti di Napoli.',
                         'dove': {'address': None,
                                  'name': 'Archivio di Stato di Avellino',
                                  'raw_text': 'Dove Archivio di Stato di '
                                              'Avellino Indirizzo non '
                                              'disponibile'},
                         'image': '//citynews-avellinotoday.stgy.ovh/~media/horizontal-low/54533342510700/speziale-filo-700x336.jpg',
                         'prezzo': 'Prezzo non disponibile',
                         'quando': {'date_end': '2026-01-05',
                                    'date_start': '2026-02-05',
                                    'raw_text': 'Quando Dal 05/02/2026 al '
                                                '05/01/2026 16:30',
                                    'schedule': '16:30'}},
              'list': {'category': None,
                       'date': 'dal 5 febbraio al 5 gennaio 2026',
                       'image': '//citynews-avellinotoday.stgy.ovh/~media/horizontal-mid/54533342510700/speziale-filo-700x336.jpg',
                       'location': 'Archivio di Stato di Avellino',
                       'stars': None,
                       'title': '“I giovedì della lettura”: Architettura e '
                                'memoria protagoniste all’Archivio di Stato di '
                                'Avellino'}},
 'scraped_at': '2026-02-02T19:45:20.060658',
 'source': 'city_today',
 'title': '“I giovedì della lettura”: Architettura e memoria protagoniste '
          'all’Archivio di Stato di Avellino',
 'url': 'https://www.avellinotoday.it/eventi/i-giovedi-della-lettura-avellino.html',
 'uuid': 'f3630a04f905dc5e',
 'website': None}
[2026-02-02T19:45:20.884+0000] {docker.py:429} INFO - 2026-02-02 19:45:20 [scrapy.core.engine] DEBUG: Crawled (200) <GET https://www.avellinotoday.it/eventi/teatro-99-posti-presenta-6-storie-dal-mondo-contemporaneo.html> (referer: https://www.avellinotoday.it/eventi/dal/2026-02-02/al/2026-02-08/)
[2026-02-02T19:45:20.991+0000] {docker.py:429} INFO - 2026-02-02 19:45:20 [scrapy.core.scraper] DEBUG: Scraped from <200 https://www.avellinotoday.it/eventi/teatro-99-posti-presenta-6-storie-dal-mondo-contemporaneo.html>
{'category': ['Teatri'],
 'city': 'Avellino',
 'city_id': None,
 'content_hash': '452ce05e9cc0b5ec',
 'date_display': 'dal 18 gennaio al 29 marzo 2026',
 'date_end': '2026-03-29',
 'date_start': '2026-01-18',
 'description': 'Dal 18 gennaio al 29 marzo il Teatro 99 Posti di Torrette, in '
                'via Traversa a Mercogliano, apre la stagione 2026 con sei '
                'appuntamenti domenicali, alle ore 18.30, dedicati al teatro '
                'del presente e ai grandi temi che attraversano la vita '
                'quotidiana. La rassegna “6 Storie dal mondo contemporaneo” '
                'propone un percorso tra linguaggi e visioni attuali: dalla '
                'verità giudiziaria all’impatto dell’intelligenza artificiale, '
                'fino alle emozioni più intime dell’animo umano. Un teatro che '
                'non si limita a raccontare, ma invita il pubblico a sentirsi '
                'parte attiva di un progetto culturale condiviso. Per questo '
                'il Teatro 99 Posti propone il Percorso Completo, che consente '
                'di seguire tutti e sei gli spettacoli, garantendo il posto in '
                'una sala raccolta e sostenendo concretamente la cultura '
                'teatrale. I posti sono limitati e la prenotazione per '
                'l’intero ciclo è obbligatoria.',
 'event_id': 'teatro-99-posti-presenta-6-storie-dal-mondo-contemporaneo',
 'image_url': '//citynews-avellinotoday.stgy.ovh/~media/horizontal-low/55516363819432/6-storie-dal-mondo-contemporaneo-2.jpg',
 'location_address': 'Via Traversa',
 'location_name': 'Teatro 99 posti',
 'price': 'Prezzo non disponibile',
 'raw_data': {'detail': {'altre_informazioni': {'raw_text': 'Altre '
                                                            'informazioni',
                                                'website': None},
                         'descrizione': 'Dal 18 gennaio al 29 marzo il Teatro '
                                        '99 Posti di Torrette, in via Traversa '
                                        'a Mercogliano, apre la stagione 2026 '
                                        'con sei appuntamenti domenicali, alle '
                                        'ore 18.30, dedicati al teatro del '
                                        'presente e ai grandi temi che '
                                        'attraversano la vita quotidiana. La '
                                        'rassegna “6 Storie dal mondo '
                                        'contemporaneo” propone un percorso '
                                        'tra linguaggi e visioni attuali: '
                                        'dalla verità giudiziaria all’impatto '
                                        'dell’intelligenza artificiale, fino '
                                        'alle emozioni più intime dell’animo '
                                        'umano. Un teatro che non si limita a '
                                        'raccontare, ma invita il pubblico a '
                                        'sentirsi parte attiva di un progetto '
                                        'culturale condiviso. Per questo il '
                                        'Teatro 99 Posti propone il Percorso '
                                        'Completo, che consente di seguire '
                                        'tutti e sei gli spettacoli, '
                                        'garantendo il posto in una sala '
                                        'raccolta e sostenendo concretamente '
                                        'la cultura teatrale. I posti sono '
                                        'limitati e la prenotazione per '
                                        'l’intero ciclo è obbligatoria.',
                         'dove': {'address': 'Via Traversa',
                                  'name': 'Teatro 99 posti',
                                  'raw_text': 'Dove Teatro 99 posti Via '
                                              'Traversa Mercogliano'},
                         'image': '//citynews-avellinotoday.stgy.ovh/~media/horizontal-low/55516363819432/6-storie-dal-mondo-contemporaneo-2.jpg',
                         'prezzo': 'Prezzo non disponibile',
                         'quando': {'date_end': '2026-03-29',
                                    'date_start': '2026-01-18',
                                    'raw_text': 'Quando Dal 18/01/2026 al '
                                                '29/03/2026 Orario non '
                                                'disponibile',
                                    'schedule': 'Orario non disponibile'}},
              'list': {'category': 'Teatri',
                       'date': 'dal 18 gennaio al 29 marzo 2026',
                       'image': '//citynews-avellinotoday.stgy.ovh/~media/horizontal-mid/55516363819432/6-storie-dal-mondo-contemporaneo-2.jpg',
                       'location': 'Teatro 99 posti',
                       'stars': 5,
                       'title': 'Teatro 99 Posti presenta "6 Storie dal mondo '
                                'contemporaneo”'}},
 'scraped_at': '2026-02-02T19:45:20.990228',
 'source': 'city_today',
 'title': 'Teatro 99 Posti presenta "6 Storie dal mondo contemporaneo”',
 'url': 'https://www.avellinotoday.it/eventi/teatro-99-posti-presenta-6-storie-dal-mondo-contemporaneo.html',
 'uuid': '0595a34dcdf3be66',
 'website': None}
[2026-02-02T19:45:22.022+0000] {docker.py:429} INFO - 2026-02-02 19:45:22 [scrapy.core.engine] DEBUG: Crawled (200) <GET https://www.avellinotoday.it/eventi/risate-al-borgo-seconda-stagione-2026.html> (referer: https://www.avellinotoday.it/eventi/dal/2026-02-02/al/2026-02-08/)
[2026-02-02T19:45:22.135+0000] {docker.py:429} INFO - 2026-02-02 19:45:22 [scrapy.core.scraper] DEBUG: Scraped from <200 https://www.avellinotoday.it/eventi/risate-al-borgo-seconda-stagione-2026.html>
{'category': [],
 'city': 'Avellino',
 'city_id': None,
 'content_hash': '2db6682c7b201f96',
 'date_display': 'dal 4 gennaio al 14 giugno 2026',
 'date_end': '2026-06-14',
 'date_start': '2026-01-04',
 'description': 'Il Teatro Santa Chiara è pronto ad accogliere la seconda '
                'stagione 2026 di “Risate al Borgo” , la rassegna teatrale '
                'dedicata alla comicità e al teatro brillante che, dopo il '
                'successo della prima edizione, torna con un cartellone ancora '
                'più ricco e coinvolgente. La direzione artistica è affidata a '
                'Carmine De Maio , mentre l’organizzazione è curata dall’ '
                'Associazione per Borgo Ferrovia . Sei gli appuntamenti in '
                'programma, da gennaio a giugno 2026, tutti di domenica alle '
                'ore 18.00, con protagonisti volti noti e amatissimi dal '
                'pubblico: da Ciro Giustiniani a Enzo Costanza , passando per '
                'Peppe Laurato , Enzo e Sal , Rosalia Porcaro fino '
                'all’emozionante Omaggio a Totò con Elena Anticoli De Curtis , '
                'dedicato al grande Totò. Grande soddisfazione è stata '
                'espressa dal presidente dell’associazione, Walter Giordano, '
                'che ha voluto sottolineare il valore culturale e sociale '
                'dell’iniziativa: «Siamo entusiasti di presentare questa '
                'seconda stagione di “Risate al Borgo”. Il calore e la '
                'partecipazione del pubblico ci hanno dato una spinta '
                'straordinaria. Il nostro obiettivo è continuare a portare '
                'teatro di qualità, accessibile a tutti, e valorizzare sempre '
                'di più il Borgo Ferrovia. Posso già anticipare che non '
                'mancheranno altre sorprese nel corso dell’anno». Tutti gli '
                'spettacoli saranno a ingresso gratuito con prenotazione , a '
                'conferma della volontà di rendere il teatro un luogo aperto, '
                'inclusivo e vicino ai cittadini. Risate al Borgo si conferma '
                'così un appuntamento culturale atteso, capace di unire '
                'risate, riflessione e senso di comunità, con lo sguardo già '
                'rivolto a nuove e interessanti iniziative future.',
 'event_id': 'risate-al-borgo-seconda-stagione-2026',
 'image_url': '//citynews-avellinotoday.stgy.ovh/~media/horizontal-low/25457248151441/img-20251223-wa0077-2.jpg',
 'location_address': None,
 'location_name': 'Teatro Santa Chiara',
 'price': 'Prezzo non disponibile',
 'raw_data': {'detail': {'altre_informazioni': {'raw_text': 'Altre '
                                                            'informazioni',
                                                'website': None},
                         'descrizione': 'Il Teatro Santa Chiara è pronto ad '
                                        'accogliere la seconda stagione 2026 '
                                        'di “Risate al Borgo” , la rassegna '
                                        'teatrale dedicata alla comicità e al '
                                        'teatro brillante che, dopo il '
                                        'successo della prima edizione, torna '
                                        'con un cartellone ancora più ricco e '
                                        'coinvolgente. La direzione artistica '
                                        'è affidata a Carmine De Maio , mentre '
                                        'l’organizzazione è curata dall’ '
                                        'Associazione per Borgo Ferrovia . Sei '
                                        'gli appuntamenti in programma, da '
                                        'gennaio a giugno 2026, tutti di '
                                        'domenica alle ore 18.00, con '
                                        'protagonisti volti noti e amatissimi '
                                        'dal pubblico: da Ciro Giustiniani a '
                                        'Enzo Costanza , passando per Peppe '
                                        'Laurato , Enzo e Sal , Rosalia '
                                        'Porcaro fino all’emozionante Omaggio '
                                        'a Totò con Elena Anticoli De Curtis , '
                                        'dedicato al grande Totò. Grande '
                                        'soddisfazione è stata espressa dal '
                                        'presidente dell’associazione, Walter '
                                        'Giordano, che ha voluto sottolineare '
                                        'il valore culturale e sociale '
                                        'dell’iniziativa: «Siamo entusiasti di '
                                        'presentare questa seconda stagione di '
                                        '“Risate al Borgo”. Il calore e la '
                                        'partecipazione del pubblico ci hanno '
                                        'dato una spinta straordinaria. Il '
                                        'nostro obiettivo è continuare a '
                                        'portare teatro di qualità, '
                                        'accessibile a tutti, e valorizzare '
                                        'sempre di più il Borgo Ferrovia. '
                                        'Posso già anticipare che non '
                                        'mancheranno altre sorprese nel corso '
                                        'dell’anno». Tutti gli spettacoli '
                                        'saranno a ingresso gratuito con '
                                        'prenotazione , a conferma della '
                                        'volontà di rendere il teatro un luogo '
                                        'aperto, inclusivo e vicino ai '
                                        'cittadini. Risate al Borgo si '
                                        'conferma così un appuntamento '
                                        'culturale atteso, capace di unire '
                                        'risate, riflessione e senso di '
                                        'comunità, con lo sguardo già rivolto '
                                        'a nuove e interessanti iniziative '
                                        'future.',
                         'dove': {'address': None,
                                  'name': 'Teatro Santa Chiara',
                                  'raw_text': 'Dove Teatro Santa Chiara '
                                              'Indirizzo non disponibile'},
                         'image': '//citynews-avellinotoday.stgy.ovh/~media/horizontal-low/25457248151441/img-20251223-wa0077-2.jpg',
                         'prezzo': 'Prezzo non disponibile',
                         'quando': {'date_end': '2026-06-14',
                                    'date_start': '2026-01-04',
                                    'raw_text': 'Quando Dal 04/01/2026 al '
                                                '14/06/2026 Orario non '
                                                'disponibile',
                                    'schedule': 'Orario non disponibile'}},
              'list': {'category': None,
                       'date': 'dal 4 gennaio al 14 giugno 2026',
                       'image': '//citynews-avellinotoday.stgy.ovh/~media/horizontal-mid/25457248151441/img-20251223-wa0077-2.jpg',
                       'location': 'Teatro Santa Chiara',
                       'stars': None,
                       'title': '“Risate al Borgo”: comicità, territorio e '
                                'nuove sorprese nella seconda stagione 2026'}},
 'scraped_at': '2026-02-02T19:45:22.133248',
 'source': 'city_today',
 'title': '“Risate al Borgo”: comicità, territorio e nuove sorprese nella '
          'seconda stagione 2026',
 'url': 'https://www.avellinotoday.it/eventi/risate-al-borgo-seconda-stagione-2026.html',
 'uuid': '49cccb2fbeec7728',
 'website': None}
[2026-02-02T19:45:23.478+0000] {docker.py:429} INFO - 2026-02-02 19:45:23 [scrapy.core.engine] DEBUG: Crawled (200) <GET https://www.avellinotoday.it/eventi/festival-teatrale-montoro.html> (referer: https://www.avellinotoday.it/eventi/dal/2026-02-02/al/2026-02-08/)
[2026-02-02T19:45:23.591+0000] {docker.py:429} INFO - 2026-02-02 19:45:23 [scrapy.core.scraper] DEBUG: Scraped from <200 https://www.avellinotoday.it/eventi/festival-teatrale-montoro.html>
{'category': [],
 'city': 'Avellino',
 'city_id': None,
 'content_hash': '10d5b0a058c1b5bf',
 'date_display': 'dal 12 ottobre 2025 al 8 marzo 2026',
 'date_end': '2026-03-08',
 'date_start': '2025-10-12',
 'description': 'Si è svolta lo scorso 26 settembre, presso la Sala Umberto '
                'Pastore del Complesso conventuale di Santa Maria degli Angeli '
                'a Torchiati, la presentazione ufficiale della XXVIII Rassegna '
                'Teatrale – Festival Regionale del Teatro Amatoriale “Città di '
                'Montoro”, organizzata dall’ Associazione di Promozione '
                'Sociale “Teatro Popolare Montorese” . Nel corso dell’evento è '
                'stato illustrato un calendario che comprende 53 spettacoli '
                'proposti da compagnie amatoriali provenienti da tutta la '
                'Campania. La manifestazione, il cui esordio è previsto per '
                'domenica 12 ottobre nella stessa Sala Umberto Pastore in Via '
                'Municipio a Torchiati, si protrarrà fino a maggio. Ad '
                'inaugurare il cartellone sarà la compagnia “Operazione Teatro '
                'Rocchese” di Roccapiemonte con la commedia di Eduardo '
                'Scarpetta “Lu marito de Nannina” . L’iniziativa intende '
                'offrire una programmazione variegata, accessibile grazie al '
                'costo contenuto dei biglietti, mantenendo così un’ampia '
                'partecipazione da parte del pubblico locale e regionale. '
                'L’organizzazione della rassegna è affidata all’impegno dell’ '
                'Associazione Teatro Popolare Montorese , con la direzione '
                'artistica di Alfonso De Vita , il contributo del presidente '
                'Pietro Roberto Montone e la collaborazione di soci e '
                'volontari. Il Comune di Montoro ha messo a disposizione la '
                'Sala Umberto Pastore per l’intera durata della '
                'manifestazione. La rassegna si conferma come uno dei '
                'principali appuntamenti teatrali del territorio regionale per '
                'quantità di spettacoli e ricchezza dell’offerta culturale, '
                'con l’obiettivo di sostenere e promuovere il teatro '
                'amatoriale. La partecipazione è aperta a tutti, con '
                'prenotazione consigliata secondo le modalità indicate nella '
                'locandina ufficiale.',
 'event_id': 'festival-teatrale-montoro',
 'image_url': '//citynews-avellinotoday.stgy.ovh/~media/horizontal-low/65531421065401/screenshot_20251005_182539_gmail.jpg',
 'location_address': None,
 'location_name': None,
 'price': 'Prezzo non disponibile',
 'raw_data': {'detail': {'altre_informazioni': {'raw_text': 'Altre '
                                                            'informazioni',
                                                'website': None},
                         'descrizione': 'Si è svolta lo scorso 26 settembre, '
                                        'presso la Sala Umberto Pastore del '
                                        'Complesso conventuale di Santa Maria '
                                        'degli Angeli a Torchiati, la '
                                        'presentazione ufficiale della XXVIII '
                                        'Rassegna Teatrale – Festival '
                                        'Regionale del Teatro Amatoriale '
                                        '“Città di Montoro”, organizzata dall’ '
                                        'Associazione di Promozione Sociale '
                                        '“Teatro Popolare Montorese” . Nel '
                                        'corso dell’evento è stato illustrato '
                                        'un calendario che comprende 53 '
                                        'spettacoli proposti da compagnie '
                                        'amatoriali provenienti da tutta la '
                                        'Campania. La manifestazione, il cui '
                                        'esordio è previsto per domenica 12 '
                                        'ottobre nella stessa Sala Umberto '
                                        'Pastore in Via Municipio a Torchiati, '
                                        'si protrarrà fino a maggio. Ad '
                                        'inaugurare il cartellone sarà la '
                                        'compagnia “Operazione Teatro '
                                        'Rocchese” di Roccapiemonte con la '
                                        'commedia di Eduardo Scarpetta “Lu '
                                        'marito de Nannina” . L’iniziativa '
                                        'intende offrire una programmazione '
                                        'variegata, accessibile grazie al '
                                        'costo contenuto dei biglietti, '
                                        'mantenendo così un’ampia '
                                        'partecipazione da parte del pubblico '
                                        'locale e regionale. L’organizzazione '
                                        'della rassegna è affidata all’impegno '
                                        'dell’ Associazione Teatro Popolare '
                                        'Montorese , con la direzione '
                                        'artistica di Alfonso De Vita , il '
                                        'contributo del presidente Pietro '
                                        'Roberto Montone e la collaborazione '
                                        'di soci e volontari. Il Comune di '
                                        'Montoro ha messo a disposizione la '
                                        'Sala Umberto Pastore per l’intera '
                                        'durata della manifestazione. La '
                                        'rassegna si conferma come uno dei '
                                        'principali appuntamenti teatrali del '
                                        'territorio regionale per quantità di '
                                        'spettacoli e ricchezza dell’offerta '
                                        'culturale, con l’obiettivo di '
                                        'sostenere e promuovere il teatro '
                                        'amatoriale. La partecipazione è '
                                        'aperta a tutti, con prenotazione '
                                        'consigliata secondo le modalità '
                                        'indicate nella locandina ufficiale.',
                         'dove': {'address': None,
                                  'name': None,
                                  'raw_text': 'Dove Indirizzo non disponibile '
                                              'Montoro'},
                         'image': '//citynews-avellinotoday.stgy.ovh/~media/horizontal-low/65531421065401/screenshot_20251005_182539_gmail.jpg',
                         'prezzo': 'Prezzo non disponibile',
                         'quando': {'date_end': '2026-03-08',
                                    'date_start': '2025-10-12',
                                    'raw_text': 'Quando Dal 12/10/2025 al '
                                                '08/03/2026 Orario non '
                                                'disponibile',
                                    'schedule': 'Orario non disponibile'}},
              'list': {'category': None,
                       'date': 'dal 12 ottobre 2025 al 8 marzo 2026',
                       'image': '//citynews-avellinotoday.stgy.ovh/~media/horizontal-mid/65531421065401/screenshot_20251005_182539_gmail.jpg',
                       'location': None,
                       'stars': None,
                       'title': 'Al via la XXVIII Rassegna Teatrale – Festival '
                                'Regionale “Città di Montoro”'}},
 'scraped_at': '2026-02-02T19:45:23.588272',
 'source': 'city_today',
 'title': 'Al via la XXVIII Rassegna Teatrale – Festival Regionale “Città di '
          'Montoro”',
 'url': 'https://www.avellinotoday.it/eventi/festival-teatrale-montoro.html',
 'uuid': 'ee61f1a4be938971',
 'website': None}
[2026-02-02T19:45:24.568+0000] {docker.py:429} INFO - 2026-02-02 19:45:24 [scrapy.core.engine] DEBUG: Crawled (200) <GET https://www.avellinotoday.it/eventi/avellino-carcerazione-preventiva.html> (referer: https://www.avellinotoday.it/eventi/dal/2026-02-02/al/2026-02-08/)
[2026-02-02T19:45:24.681+0000] {docker.py:429} INFO - 2026-02-02 19:45:24 [scrapy.core.scraper] DEBUG: Scraped from <200 https://www.avellinotoday.it/eventi/avellino-carcerazione-preventiva.html>
{'category': [],
 'city': 'Avellino',
 'city_id': None,
 'content_hash': '67eebae7ac02dd6f',
 'date_display': '6 febbraio 2026',
 'date_end': '2026-02-06',
 'date_start': '2026-02-06',
 'description': 'Si terrà il 6 febbraio 2026 alle ore 16 ad Avellino il '
                'convegno dal titolo “Carcerazione preventiva e presunzione di '
                'non colpevolezza” , promosso dall’Ordine degli Avvocati di '
                'Avellino. L’incontro è in programma nella Sala blu “Ciriaco '
                'de Mita” del Carcere Borbonico. L’evento si aprirà con i '
                'saluti istituzionali della presidente del Tribunale di '
                'Avellino, Francesca Spena , e del procuratore della '
                'Repubblica di Avellino facente funzioni, Francesco Raffaele . '
                'A introdurre i lavori sarà Raffaele Tecce , consigliere '
                'dell’Ordine degli Avvocati di Avellino e responsabile della '
                'Scuola Forense e della formazione in materia penale. La '
                'moderazione è affidata a Gianni Colucci , direttore de Il '
                'Mattino di Avellino. Sono previsti gli interventi di: Fabio '
                'Benigni , presidente del Consiglio dell’Ordine degli Avvocati '
                'di Avellino Marco Auciello , sostituto procuratore della '
                'Repubblica di Avellino Vincenzo Maiello , professore '
                'ordinario di Diritto penale all’Università Federico II di '
                'Napoli Marcello Rotondi , presidente di sezione del Tribunale '
                'di Potenza Giuseppe Gargani , presidente dell’Associazione ex '
                'Parlamentari Carmine Antropoli , direttore del Dipartimento '
                'di Chirurgia generale dell’AORN Cardarelli di Napoli Nel '
                'corso dell’incontro è prevista anche la presentazione del '
                'libro “Dal Volturno al Tevere al Nilo” del professor Carmine '
                'Antropoli. L’iniziativa si svolgerà in presenza e ai '
                'partecipanti saranno riconosciuti tre crediti formativi. Il '
                'programma reca le firme del consigliere segretario Francesco '
                'Castellano , del responsabile della Scuola Forense Raffaele '
                'Tecce e del presidente dell’Ordine degli Avvocati di '
                'Avellino, Fabio Benigni .',
 'event_id': 'avellino-carcerazione-preventiva',
 'image_url': '//citynews-avellinotoday.stgy.ovh/~media/horizontal-low/64060089078293/carcere-borbonico-2.jpg',
 'location_address': None,
 'location_name': 'Carcere Borbonico',
 'price': 'Prezzo non disponibile',
 'raw_data': {'detail': {'altre_informazioni': {'raw_text': 'Altre '
                                                            'informazioni',
                                                'website': None},
                         'descrizione': 'Si terrà il 6 febbraio 2026 alle ore '
                                        '16 ad Avellino il convegno dal titolo '
                                        '“Carcerazione preventiva e '
                                        'presunzione di non colpevolezza” , '
                                        'promosso dall’Ordine degli Avvocati '
                                        'di Avellino. L’incontro è in '
                                        'programma nella Sala blu “Ciriaco de '
                                        'Mita” del Carcere Borbonico. L’evento '
                                        'si aprirà con i saluti istituzionali '
                                        'della presidente del Tribunale di '
                                        'Avellino, Francesca Spena , e del '
                                        'procuratore della Repubblica di '
                                        'Avellino facente funzioni, Francesco '
                                        'Raffaele . A introdurre i lavori sarà '
                                        'Raffaele Tecce , consigliere '
                                        'dell’Ordine degli Avvocati di '
                                        'Avellino e responsabile della Scuola '
                                        'Forense e della formazione in materia '
                                        'penale. La moderazione è affidata a '
                                        'Gianni Colucci , direttore de Il '
                                        'Mattino di Avellino. Sono previsti '
                                        'gli interventi di: Fabio Benigni , '
                                        'presidente del Consiglio dell’Ordine '
                                        'degli Avvocati di Avellino Marco '
                                        'Auciello , sostituto procuratore '
                                        'della Repubblica di Avellino Vincenzo '
                                        'Maiello , professore ordinario di '
                                        'Diritto penale all’Università '
                                        'Federico II di Napoli Marcello '
                                        'Rotondi , presidente di sezione del '
                                        'Tribunale di Potenza Giuseppe Gargani '
                                        ', presidente dell’Associazione ex '
                                        'Parlamentari Carmine Antropoli , '
                                        'direttore del Dipartimento di '
                                        'Chirurgia generale dell’AORN '
                                        'Cardarelli di Napoli Nel corso '
                                        'dell’incontro è prevista anche la '
                                        'presentazione del libro “Dal Volturno '
                                        'al Tevere al Nilo” del professor '
                                        'Carmine Antropoli. L’iniziativa si '
                                        'svolgerà in presenza e ai '
                                        'partecipanti saranno riconosciuti tre '
                                        'crediti formativi. Il programma reca '
                                        'le firme del consigliere segretario '
                                        'Francesco Castellano , del '
                                        'responsabile della Scuola Forense '
                                        'Raffaele Tecce e del presidente '
                                        'dell’Ordine degli Avvocati di '
                                        'Avellino, Fabio Benigni .',
                         'dove': {'address': None,
                                  'name': 'Carcere Borbonico',
                                  'raw_text': 'Dove Carcere Borbonico '
                                              'Indirizzo non disponibile'},
                         'image': '//citynews-avellinotoday.stgy.ovh/~media/horizontal-low/64060089078293/carcere-borbonico-2.jpg',
                         'prezzo': 'Prezzo non disponibile',
                         'quando': {'date_end': '2026-02-06',
                                    'date_start': '2026-02-06',
                                    'raw_text': 'Quando Dal 06/02/2026 al '
                                                '06/02/2026 16:00',
                                    'schedule': '16:00'}},
              'list': {'category': None,
                       'date': '6 febbraio 2026',
                       'image': '//citynews-avellinotoday.stgy.ovh/~media/horizontal-mid/64060089078293/carcere-borbonico-2.jpg',
                       'location': 'Carcere Borbonico',
                       'stars': None,
                       'title': 'Avellino, confronto sulla carcerazione '
                                'preventiva e la presunzione di non '
                                'colpevolezza'}},
 'scraped_at': '2026-02-02T19:45:24.676941',
 'source': 'city_today',
 'title': 'Avellino, confronto sulla carcerazione preventiva e la presunzione '
          'di non colpevolezza',
 'url': 'https://www.avellinotoday.it/eventi/avellino-carcerazione-preventiva.html',
 'uuid': '04d1ee8b2afddc24',
 'website': None}
[2026-02-02T19:45:25.158+0000] {docker.py:429} INFO - 2026-02-02 19:45:25 [scrapy.core.engine] DEBUG: Crawled (200) <GET https://www.avellinotoday.it/eventi/i-sognattori-presentano-rassegna-baiano-in-scena.html> (referer: https://www.avellinotoday.it/eventi/dal/2026-02-02/al/2026-02-08/)
[2026-02-02T19:45:25.266+0000] {docker.py:429} INFO - 2026-02-02 19:45:25 [scrapy.core.scraper] DEBUG: Scraped from <200 https://www.avellinotoday.it/eventi/i-sognattori-presentano-rassegna-baiano-in-scena.html>
{'category': ['Teatri'],
 'city': 'Avellino',
 'city_id': None,
 'content_hash': 'b965ea30b10b46f2',
 'date_display': 'dal 18 ottobre 2025 al 22 marzo 2026',
 'date_end': '2026-03-22',
 'date_start': '2025-10-18',
 'description': 'Il sipario del Teatro Colosseo di Baiano si apre su una nuova '
                'e coinvolgente rassegna culturale: “Baiano in Scena – Prima '
                'Edizione”, un’iniziativa teatrale che animerà i mesi da '
                'ottobre a marzo con un programma ricco di spettacoli, '
                'emozioni e divertimento per grandi e piccoli. Promossa in '
                'collaborazione con Pro Loco Baiano e il Comune di Baiano, la '
                'rassegna si articola in due sezioni principali: "Risate ed '
                'Emozioni": cinque commedie destinate al pubblico adulto, con '
                'un gran finale a cura della compagnia I Sognattori. "Favole e '
                'Magia": cinque spettacoli dedicati alle famiglie e ai bambini '
                'dai 4 anni in su, all’insegna della fantasia e dell’incanto. '
                'Il debutto è fissato con due eventi imperdibili: 18 ottobre '
                'alle ore 20.30: "Vieni Avanti Cretino", spettacolo di '
                'apertura della sezione dedicata agli adulti. 19 ottobre alle '
                'ore 17.30: "Gedeone Cuor di Fifone", primo appuntamento della '
                'sezione per bambini.',
 'event_id': 'i-sognattori-presentano-rassegna-baiano-in-scena',
 'image_url': '//citynews-avellinotoday.stgy.ovh/~media/horizontal-low/55441085139275/fb_img_1758871440900.jpg',
 'location_address': 'Baiano',
 'location_name': 'Teatro Colosseo',
 'price': 'Prezzo non disponibile',
 'raw_data': {'detail': {'altre_informazioni': {'raw_text': 'Altre '
                                                            'informazioni',
                                                'website': None},
                         'descrizione': 'Il sipario del Teatro Colosseo di '
                                        'Baiano si apre su una nuova e '
                                        'coinvolgente rassegna culturale: '
                                        '“Baiano in Scena – Prima Edizione”, '
                                        'un’iniziativa teatrale che animerà i '
                                        'mesi da ottobre a marzo con un '
                                        'programma ricco di spettacoli, '
                                        'emozioni e divertimento per grandi e '
                                        'piccoli. Promossa in collaborazione '
                                        'con Pro Loco Baiano e il Comune di '
                                        'Baiano, la rassegna si articola in '
                                        'due sezioni principali: "Risate ed '
                                        'Emozioni": cinque commedie destinate '
                                        'al pubblico adulto, con un gran '
                                        'finale a cura della compagnia I '
                                        'Sognattori. "Favole e Magia": cinque '
                                        'spettacoli dedicati alle famiglie e '
                                        'ai bambini dai 4 anni in su, '
                                        'all’insegna della fantasia e '
                                        'dell’incanto. Il debutto è fissato '
                                        'con due eventi imperdibili: 18 '
                                        'ottobre alle ore 20.30: "Vieni Avanti '
                                        'Cretino", spettacolo di apertura '
                                        'della sezione dedicata agli adulti. '
                                        '19 ottobre alle ore 17.30: "Gedeone '
                                        'Cuor di Fifone", primo appuntamento '
                                        'della sezione per bambini.',
                         'dove': {'address': 'Baiano',
                                  'name': 'Teatro Colosseo',
                                  'raw_text': 'Dove Teatro Colosseo Baiano '
                                              'Baiano'},
                         'image': '//citynews-avellinotoday.stgy.ovh/~media/horizontal-low/55441085139275/fb_img_1758871440900.jpg',
                         'prezzo': 'Prezzo non disponibile',
                         'quando': {'date_end': '2026-03-22',
                                    'date_start': '2025-10-18',
                                    'raw_text': 'Quando Dal 18/10/2025 al '
                                                '22/03/2026 Orario non '
                                                'disponibile',
                                    'schedule': 'Orario non disponibile'}},
              'list': {'category': 'Teatri',
                       'date': 'dal 18 ottobre 2025 al 22 marzo 2026',
                       'image': '//citynews-avellinotoday.stgy.ovh/~media/horizontal-mid/55441085139275/fb_img_1758871440900.jpg',
                       'location': 'Teatro Colosseo',
                       'stars': 5,
                       'title': 'I Sognattori presentano la rassegna "Baiano '
                                'in scena"'}},
 'scraped_at': '2026-02-02T19:45:25.263379',
 'source': 'city_today',
 'title': 'I Sognattori presentano la rassegna "Baiano in scena"',
 'url': 'https://www.avellinotoday.it/eventi/i-sognattori-presentano-rassegna-baiano-in-scena.html',
 'uuid': '4f98752204e45a46',
 'website': None}
[2026-02-02T19:45:26.570+0000] {docker.py:429} INFO - 2026-02-02 19:45:26 [scrapy.core.engine] DEBUG: Crawled (200) <GET https://www.avellinotoday.it/eventi/evento-avvocati-avellino-2025.html> (referer: https://www.avellinotoday.it/eventi/dal/2026-02-02/al/2026-02-08/)
[2026-02-02T19:45:26.681+0000] {docker.py:429} INFO - 2026-02-02 19:45:26 [scrapy.core.scraper] DEBUG: Scraped from <200 https://www.avellinotoday.it/eventi/evento-avvocati-avellino-2025.html>
{'category': [],
 'city': 'Avellino',
 'city_id': None,
 'content_hash': 'a563f3b06c67c36f',
 'date_display': 'dal 3 ottobre 2025 al 3 ottobre 2026',
 'date_end': '2026-10-03',
 'date_start': '2025-10-03',
 'description': "AVVOCATI AVELLINO – L'Ordine degli Avvocati di Avellino ha "
                'organizzato un evento formativo sul tema del sequestro '
                'preventivo penale finalizzato alla confisca che si terrà il 3 '
                "ottobre 2025. L'evento avrà luogo alle 15:30 presso l'Aula "
                'Magna "Rosario Livatino" del Tribunale di Avellino. L\'evento '
                'formativo includerà saluti e interventi da parte di diversi '
                'esperti. Il convegno sarà introdotto e presieduto dal Prof. '
                "Avv. Carla Pansini , dell'Università degli Studi di Napoli "
                "Parthenope. Tra gli oratori e i relatori figurano l'Avv. "
                "Fabio Benigni , presidente del Consiglio dell'Ordine degli "
                'Avvocati di Avellino; la Dott.ssa Francesca Spena , '
                'presidente del Tribunale di Avellino; il Dott. Francesco '
                'Raffaele , Sostituto Procuratore della Repubblica di '
                'Avellino; Leonardo Erre , colonnello della Guardia di '
                'Finanza; e il Dott. Silvio Sarno , presidente ANCE Avellino. '
                "Inoltre, interverranno anche l'Avv. Raffaele Tecce , "
                "consigliere dell'Ordine degli Avvocati di Avellino e "
                "responsabile della formazione in materia penale; l'Avv. Ennio "
                "Napolillo , consigliere dell'Ordine degli Avvocati di "
                'Avellino e avvocato penalista; il Dott. Fabrizio Ciccone , '
                'giudice del Tribunale di Avellino; il Dott. Fulvio Baldi , '
                'Sostituto Procuratore Generale presso la Suprema Corte di '
                'Cassazione; Leonardo Err e, colonnello della Guardia di '
                'Finanza e il Dott. Piero Silvestri , consigliere della '
                'Suprema Corte di Cassazione.',
 'event_id': 'evento-avvocati-avellino-2025',
 'image_url': '//citynews-avellinotoday.stgy.ovh/~media/horizontal-low/9219328530730/avvocato-2.jpeg',
 'location_address': None,
 'location_name': 'Tribunale di Avellino',
 'price': 'Prezzo non disponibile',
 'raw_data': {'detail': {'altre_informazioni': {'raw_text': 'Altre '
                                                            'informazioni',
                                                'website': None},
                         'descrizione': "AVVOCATI AVELLINO – L'Ordine degli "
                                        'Avvocati di Avellino ha organizzato '
                                        'un evento formativo sul tema del '
                                        'sequestro preventivo penale '
                                        'finalizzato alla confisca che si '
                                        "terrà il 3 ottobre 2025. L'evento "
                                        "avrà luogo alle 15:30 presso l'Aula "
                                        'Magna "Rosario Livatino" del '
                                        "Tribunale di Avellino. L'evento "
                                        'formativo includerà saluti e '
                                        'interventi da parte di diversi '
                                        'esperti. Il convegno sarà introdotto '
                                        'e presieduto dal Prof. Avv. Carla '
                                        "Pansini , dell'Università degli Studi "
                                        'di Napoli Parthenope. Tra gli oratori '
                                        "e i relatori figurano l'Avv. Fabio "
                                        'Benigni , presidente del Consiglio '
                                        "dell'Ordine degli Avvocati di "
                                        'Avellino; la Dott.ssa Francesca Spena '
                                        ', presidente del Tribunale di '
                                        'Avellino; il Dott. Francesco Raffaele '
                                        ', Sostituto Procuratore della '
                                        'Repubblica di Avellino; Leonardo Erre '
                                        ', colonnello della Guardia di '
                                        'Finanza; e il Dott. Silvio Sarno , '
                                        'presidente ANCE Avellino. Inoltre, '
                                        "interverranno anche l'Avv. Raffaele "
                                        "Tecce , consigliere dell'Ordine degli "
                                        'Avvocati di Avellino e responsabile '
                                        'della formazione in materia penale; '
                                        "l'Avv. Ennio Napolillo , consigliere "
                                        "dell'Ordine degli Avvocati di "
                                        'Avellino e avvocato penalista; il '
                                        'Dott. Fabrizio Ciccone , giudice del '
                                        'Tribunale di Avellino; il Dott. '
                                        'Fulvio Baldi , Sostituto Procuratore '
                                        'Generale presso la Suprema Corte di '
                                        'Cassazione; Leonardo Err e, '
                                        'colonnello della Guardia di Finanza e '
                                        'il Dott. Piero Silvestri , '
                                        'consigliere della Suprema Corte di '
                                        'Cassazione.',
                         'dove': {'address': None,
                                  'name': 'Tribunale di Avellino',
                                  'raw_text': 'Dove Tribunale di Avellino '
                                              'Indirizzo non disponibile'},
                         'image': '//citynews-avellinotoday.stgy.ovh/~media/horizontal-low/9219328530730/avvocato-2.jpeg',
                         'prezzo': 'Prezzo non disponibile',
                         'quando': {'date_end': '2026-10-03',
                                    'date_start': '2025-10-03',
                                    'raw_text': 'Quando Dal 03/10/2025 al '
                                                '03/10/2026 15:30',
                                    'schedule': '15:30'}},
              'list': {'category': None,
                       'date': 'dal 3 ottobre 2025 al 3 ottobre 2026',
                       'image': '//citynews-avellinotoday.stgy.ovh/~media/horizontal-mid/9219328530730/avvocato-2.jpeg',
                       'location': 'Tribunale di Avellino',
                       'stars': None,
                       'title': "L'Ordine degli Avvocati di Avellino organizza "
                                'un evento sul sequestro preventivo'}},
 'scraped_at': '2026-02-02T19:45:26.677488',
 'source': 'city_today',
 'title': "L'Ordine degli Avvocati di Avellino organizza un evento sul "
          'sequestro preventivo',
 'url': 'https://www.avellinotoday.it/eventi/evento-avvocati-avellino-2025.html',
 'uuid': 'bd84803ce361ccc0',
 'website': None}
[2026-02-02T19:45:27.927+0000] {docker.py:429} INFO - 2026-02-02 19:45:27 [scrapy.core.engine] DEBUG: Crawled (200) <GET https://www.avellinotoday.it/eventi/ariano-irpino-9-stagione-teatrale-sulreale-sei-appuntamenti.html> (referer: https://www.avellinotoday.it/eventi/dal/2026-02-02/al/2026-02-08/)
[2026-02-02T19:45:28.039+0000] {docker.py:429} INFO - 2026-02-02 19:45:28 [scrapy.core.scraper] DEBUG: Scraped from <200 https://www.avellinotoday.it/eventi/ariano-irpino-9-stagione-teatrale-sulreale-sei-appuntamenti.html>
{'category': [],
 'city': 'Avellino',
 'city_id': None,
 'content_hash': 'becc04b5ea68a963',
 'date_display': 'dal 11 ottobre 2025 al 18 aprile 2026',
 'date_end': '2026-04-18',
 'date_start': '2025-10-11',
 'description': 'Si apre ufficialmente la 9^ Stagione Teatrale SulReale '
                '2025/2026 presso l’Auditorium Comunale di Ariano Irpino, con '
                'un cartellone ricco di spettacoli che sapranno coinvolgere, '
                'divertire e far riflettere il pubblico. Sei appuntamenti da '
                'ottobre ad aprile, in un viaggio teatrale che unisce classici '
                'intramontabili e nuove commedie contemporanee. Si parte l’11 '
                'e 12 ottobre con “Non ti pago”, celebre commedia di Eduardo '
                'De Filippo messa in scena dalla Compagnia SulReale. A '
                'seguire, il 16 novembre, arriva “104 motivi per convivere” '
                'della compagnia Teatro Che Passione di Napoli, per una serata '
                'all’insegna dell’ironia sulle relazioni di coppia. Il nuovo '
                'anno si apre il 17 e 18 gennaio con il ritorno della '
                'compagnia di casa e la seconda parte della fortunata commedia '
                '“Decisioni da donna 2 – Un anno dopo”. Il 22 febbraio sarà la '
                'volta di “Venerdì 17, due preti di troppo”, della compagnia '
                'Camomilla a Colazione di Visciano (Napoli), mentre il 22 '
                'marzo salirà sul palco la compagnia 30allora di Casagiove '
                '(Caserta) con “Donnacce” di Gianni Clementi. Gran finale il '
                '18 e 19 aprile con “Chic”, brillante commedia firmata ancora '
                'una volta dalla Compagnia SulReale. Una stagione pensata per '
                'ogni tipo di pubblico, dove le storie prendono vita e ogni '
                'spettatore diventa parte integrante della magia del teatro.',
 'event_id': 'ariano-irpino-9-stagione-teatrale-sulreale-sei-appuntamenti',
 'image_url': '//citynews-avellinotoday.stgy.ovh/~media/horizontal-low/39212660617841/fb_img_1759296034612.jpg',
 'location_address': 'Ariano Irpino, AV, Italia',
 'location_name': 'Auditorium Comunale',
 'price': 'Prezzo non disponibile',
 'raw_data': {'detail': {'altre_informazioni': {'raw_text': 'Altre '
                                                            'informazioni',
                                                'website': None},
                         'descrizione': 'Si apre ufficialmente la 9^ Stagione '
                                        'Teatrale SulReale 2025/2026 presso '
                                        'l’Auditorium Comunale di Ariano '
                                        'Irpino, con un cartellone ricco di '
                                        'spettacoli che sapranno coinvolgere, '
                                        'divertire e far riflettere il '
                                        'pubblico. Sei appuntamenti da ottobre '
                                        'ad aprile, in un viaggio teatrale che '
                                        'unisce classici intramontabili e '
                                        'nuove commedie contemporanee. Si '
                                        'parte l’11 e 12 ottobre con “Non ti '
                                        'pago”, celebre commedia di Eduardo De '
                                        'Filippo messa in scena dalla '
                                        'Compagnia SulReale. A seguire, il 16 '
                                        'novembre, arriva “104 motivi per '
                                        'convivere” della compagnia Teatro Che '
                                        'Passione di Napoli, per una serata '
                                        'all’insegna dell’ironia sulle '
                                        'relazioni di coppia. Il nuovo anno si '
                                        'apre il 17 e 18 gennaio con il '
                                        'ritorno della compagnia di casa e la '
                                        'seconda parte della fortunata '
                                        'commedia “Decisioni da donna 2 – Un '
                                        'anno dopo”. Il 22 febbraio sarà la '
                                        'volta di “Venerdì 17, due preti di '
                                        'troppo”, della compagnia Camomilla a '
                                        'Colazione di Visciano (Napoli), '
                                        'mentre il 22 marzo salirà sul palco '
                                        'la compagnia 30allora di Casagiove '
                                        '(Caserta) con “Donnacce” di Gianni '
                                        'Clementi. Gran finale il 18 e 19 '
                                        'aprile con “Chic”, brillante commedia '
                                        'firmata ancora una volta dalla '
                                        'Compagnia SulReale. Una stagione '
                                        'pensata per ogni tipo di pubblico, '
                                        'dove le storie prendono vita e ogni '
                                        'spettatore diventa parte integrante '
                                        'della magia del teatro.',
                         'dove': {'address': 'Ariano Irpino, AV, Italia',
                                  'name': 'Auditorium Comunale',
                                  'raw_text': 'Dove Auditorium Comunale Ariano '
                                              'Irpino, AV, Italia Ariano '
                                              'Irpino'},
                         'image': '//citynews-avellinotoday.stgy.ovh/~media/horizontal-low/39212660617841/fb_img_1759296034612.jpg',
                         'prezzo': 'Prezzo non disponibile',
                         'quando': {'date_end': '2026-04-18',
                                    'date_start': '2025-10-11',
                                    'raw_text': 'Quando Dal 11/10/2025 al '
                                                '18/04/2026 Orario non '
                                                'disponibile',
                                    'schedule': 'Orario non disponibile'}},
              'list': {'category': None,
                       'date': 'dal 11 ottobre 2025 al 18 aprile 2026',
                       'image': '//citynews-avellinotoday.stgy.ovh/~media/horizontal-mid/39212660617841/fb_img_1759296034612.jpg',
                       'location': 'Auditorium Comunale',
                       'stars': 5,
                       'title': 'Ariano Irpino, 9^ Stagione Teatrale SulReale: '
                                'sei appuntamenti tra risate, emozioni e '
                                'riflessioni'}},
 'scraped_at': '2026-02-02T19:45:28.036712',
 'source': 'city_today',
 'title': 'Ariano Irpino, 9^ Stagione Teatrale SulReale: sei appuntamenti tra '
          'risate, emozioni e riflessioni',
 'url': 'https://www.avellinotoday.it/eventi/ariano-irpino-9-stagione-teatrale-sulreale-sei-appuntamenti.html',
 'uuid': '3592118d9f5718de',
 'website': None}
[2026-02-02T19:45:29.420+0000] {docker.py:429} INFO - 2026-02-02 19:45:29 [scrapy.core.engine] DEBUG: Crawled (200) <GET https://www.avellinotoday.it/eventi/mostre-museo-irpino-2025.html> (referer: https://www.avellinotoday.it/eventi/dal/2026-02-02/al/2026-02-08/)
[2026-02-02T19:45:29.529+0000] {docker.py:429} INFO - 2026-02-02 19:45:29 [scrapy.core.scraper] DEBUG: Scraped from <200 https://www.avellinotoday.it/eventi/mostre-museo-irpino-2025.html>
{'category': [],
 'city': 'Avellino',
 'city_id': None,
 'content_hash': 'a9554c85f747a140',
 'date_display': 'dal 14 marzo 2025 al 28 marzo 2026',
 'date_end': '2026-03-28',
 'date_start': '2025-03-14',
 'description': 'L’arte contemporanea ritorna al Museo Irpino per il terzo '
                'anno consecutivo con il ciclo “Un anno di mostre al Museo '
                'Irpino”, ideato e promosso dall’Amministrazione Provinciale '
                'di Avellino. 10 mostre, a partire dal 14 marzo, si '
                'susseguiranno, nell’arco temporale di un anno, nelle sale '
                'espositive del Museo Irpino presso la sede del Complesso '
                'Monumentale del Carcere Borbonico di Avellino. Inaugura il '
                'ciclo venerdì 14 marzo la personale dell’artista irpina '
                'Eliana Petrizzi, “Anabasi” a cura di Montorocontemporanea. Il '
                'secondo appuntamento, a partire da venerdì 9 maggio, a cura '
                'della Soprintendenza Archeologia, Belle Arti e Paesaggio di '
                'Salerno e Avellino sarà con la mostra “Anime purganti, anime '
                'dannate e anime pie” del pittore Abas Michael Ricciardi '
                'Pingebat, Scene del mondo reale e immagini dal mondo '
                'ultraterreno si combinano nei dipinti dell’artista '
                'seicentesco, creando un suggestivo percorso espositivo '
                'visitabile fino a sabato 26 luglio. Venerdì 16 maggio sarà la '
                'volta dell’artista Laura Bruno con “Graphia Interiore’’ a '
                'cura di Gabriella Taddeo, una retrospettiva, omaggio alla sua '
                'terra natia, l’Irpinia. La mostra sarà visitabile fino a '
                'sabato 31 maggio. Nello stesso spazio espositivo, seguirà a '
                'partire da sabato 7 giugno fino a Sabato 28 giugno, la mostra '
                '‘’Pixel e Penombra: L’Alchimia dell’Onirico e del Sacro’’ di '
                'Mila Maraniello, a cura di Gianpasquale Greco, una '
                'combinazione di tecniche digitali avanzate per immergersi in '
                'un universo visivo denso di simbolismo. Sabato 16 luglio, il '
                'giovane artista avellinese Andrea Matarazzo inaugurerà la '
                'personale “Ombre e corpi”, a cura di Aurora Iandoli. La '
                'mostra sarà visitabile fino a Sabato 26 luglio. Queste ultime '
                'tre mostre nascono dalla collaborazione con Scuderi Editrice '
                'di Giovanna Scuderi. Il mese di Agosto si aprirà con '
                'l’inaugurazione di due mostre, entrambe curate da Maurizio '
                'Vitiello, sociologo e critico d’arte con un grande interesse '
                'per le arti visive contemporanee. La prima mostra sarà una '
                'personale dell’artista napoletana Annamaria de Vito dal '
                'titolo “Verticali Equilibri”, che inaugurerà Venerdì 1° '
                'Agosto, mentre giovedì 7 Agosto sarà la volta della '
                'collettiva dal titolo “Sintesi astratte mediterranee” di '
                'Maurizio Bonolis, Maria Pia Daidone e Roberto Sanchez, tre '
                'artisti ampiamente conosciuti nel panorama delle arti visive '
                'contemporanee. Entrambe le mostre termineranno sabato 20 '
                'settembre. Sabato 4 Ottobre verrà inaugurata la mostra '
                '“Caleidoscopio” Italia a cura di Andrea B. Del Guercio, in '
                'collaborazione con MontoroContemporanea, ulteriore tappa di '
                'un percorso iniziato cinque anni fa e teso ad indagare la '
                'dimensione caleidoscopica dei linguaggi visivi contemporanei. '
                'La mostra sarà visitabile fino a sabato 29 novembre. La '
                'penultima mostra in calendario, aperta al pubblico a partire '
                'da sabato 13 dicembre, sarà una collettiva fotografica dal '
                'titolo “Oltre il margine’’ a cura di Antonio Bergamino. '
                'Questo progetto espositivo si inserirà nelle attività de La '
                'Casa sulla Roccia, associazione locale di volontariato che, '
                'dal giorno della sua comparsa, si impegna a promuovere i '
                'valori della solidarietà, dell’inclusione e del rispetto per '
                'ogni individuo. Chiuderà il ciclo “Un anno di mostre al Museo '
                'Irpino”, la mostra “Vivere” di Fabio Calvetti a cura di '
                'Raffaele de Felice, un percorso per esprimere attraverso '
                'l’arte i sentimenti più nascosti dell’animo umano. La mostra '
                'sarà inaugurata sabato 7 febbraio 2026 e terminerà sabato 28 '
                'marzo. “Anabasi” di Eliana Petrizzi, a cura di '
                'MontoroContemporanea 14 Marzo | 26 Aprile Venerdì 14 marzo '
                'alle ore 17.30, nelle sale espositive del Museo Irpino presso '
                'la sede del Complesso Monumentale Carcere Borbonico di '
                'Avellino, verrà inaugurata la mostra “Anabasi” di Eliana '
                'Petrizzi, a cura di MontoroContemporanea, primo appuntamento '
                'del ciclo “Un anno di mostre al Museo Irpino” ideato e '
                'promosso dall’Amministrazione Provinciale di Avellino re '
                'realizzato in collaborazione con enti, artisti, associazioni, '
                'curatori e case editrici, locali e non. L’artista ritorna, '
                'dopo qualche anno, ad esporre al Museo Irpino, con questa '
                'personale di circa 60 dipinti ad olio, da lei realizzati '
                'negli ultimi 10 anni. L’intento di Eliana con “Anabasi” è '
                'quello di costruire un percorso narrativo emozionale, '
                'attraverso la pittura di figura e di paesaggio, declinata in '
                'chiave onirica e metafisica. Eliana Petrizzi, pittrice '
                'irpina, inizia ad esporre nel 1995, presentata da Massimo '
                'Bignardi. La sua pittura - dipinti ad olio su tavola e su '
                'tela di scuola rinascimentale, con tecnica fiamminga a '
                'velature - unitamente al sapore metafisico e psicanalitico '
                'delle sue composizioni, riscuote presto il consenso della '
                'critica e dei collezionisti, in occasione di prestigiose '
                'rassegne nazionali ed internazionali. Numerose le sue mostre '
                'personali, presentate tra gli altri da Vittorio Sgarbi, Paolo '
                'Rizzi, Franco Marcoaldi, Diego De Silva, Angelo Crespi. Nel '
                '2011, selezionata da Vittorio Sgarbi, espone nel Padiglione '
                'Campania della 54°Biennale di Venezia. Durante la mostra '
                'verrà presentato l’ultimo libro catalogo della pittrice. '
                'L’ingresso alla mostra è gratuito e sarà visitabile dal '
                'martedì al sabato, dalle ore 9.00 alle ore 13.00 e dalle ore '
                '16.00 alle ore 19.00, fino a sabato 26 aprile. L’ingresso è '
                'gratuito e le mostre saranno visitabili dal martedì al '
                'sabato, dalle ore 9.00 alle ore 13.00 e dalle ore 16.00 alle '
                'ore 19.00.',
 'event_id': 'mostre-museo-irpino-2025',
 'image_url': '//citynews-avellinotoday.stgy.ovh/~media/horizontal-low/55103737665451/carcere-borbonico-di-avellino.jpg',
 'location_address': None,
 'location_name': 'Complesso Monumentale Carcere Borbonico',
 'price': 'Prezzo non disponibile',
 'raw_data': {'detail': {'altre_informazioni': {'raw_text': 'Altre '
                                                            'informazioni',
                                                'website': None},
                         'descrizione': 'L’arte contemporanea ritorna al Museo '
                                        'Irpino per il terzo anno consecutivo '
                                        'con il ciclo “Un anno di mostre al '
                                        'Museo Irpino”, ideato e promosso '
                                        'dall’Amministrazione Provinciale di '
                                        'Avellino. 10 mostre, a partire dal 14 '
                                        'marzo, si susseguiranno, nell’arco '
                                        'temporale di un anno, nelle sale '
                                        'espositive del Museo Irpino presso la '
                                        'sede del Complesso Monumentale del '
                                        'Carcere Borbonico di Avellino. '
                                        'Inaugura il ciclo venerdì 14 marzo la '
                                        'personale dell’artista irpina Eliana '
                                        'Petrizzi, “Anabasi” a cura di '
                                        'Montorocontemporanea. Il secondo '
                                        'appuntamento, a partire da venerdì 9 '
                                        'maggio, a cura della Soprintendenza '
                                        'Archeologia, Belle Arti e Paesaggio '
                                        'di Salerno e Avellino sarà con la '
                                        'mostra “Anime purganti, anime dannate '
                                        'e anime pie” del pittore Abas Michael '
                                        'Ricciardi Pingebat, Scene del mondo '
                                        'reale e immagini dal mondo '
                                        'ultraterreno si combinano nei dipinti '
                                        'dell’artista seicentesco, creando un '
                                        'suggestivo percorso espositivo '
                                        'visitabile fino a sabato 26 luglio. '
                                        'Venerdì 16 maggio sarà la volta '
                                        'dell’artista Laura Bruno con “Graphia '
                                        'Interiore’’ a cura di Gabriella '
                                        'Taddeo, una retrospettiva, omaggio '
                                        'alla sua terra natia, l’Irpinia. La '
                                        'mostra sarà visitabile fino a sabato '
                                        '31 maggio. Nello stesso spazio '
                                        'espositivo, seguirà a partire da '
                                        'sabato 7 giugno fino a Sabato 28 '
                                        'giugno, la mostra ‘’Pixel e Penombra: '
                                        'L’Alchimia dell’Onirico e del Sacro’’ '
                                        'di Mila Maraniello, a cura di '
                                        'Gianpasquale Greco, una combinazione '
                                        'di tecniche digitali avanzate per '
                                        'immergersi in un universo visivo '
                                        'denso di simbolismo. Sabato 16 '
                                        'luglio, il giovane artista avellinese '
                                        'Andrea Matarazzo inaugurerà la '
                                        'personale “Ombre e corpi”, a cura di '
                                        'Aurora Iandoli. La mostra sarà '
                                        'visitabile fino a Sabato 26 luglio. '
                                        'Queste ultime tre mostre nascono '
                                        'dalla collaborazione con Scuderi '
                                        'Editrice di Giovanna Scuderi. Il mese '
                                        'di Agosto si aprirà con '
                                        'l’inaugurazione di due mostre, '
                                        'entrambe curate da Maurizio Vitiello, '
                                        'sociologo e critico d’arte con un '
                                        'grande interesse per le arti visive '
                                        'contemporanee. La prima mostra sarà '
                                        'una personale dell’artista napoletana '
                                        'Annamaria de Vito dal titolo '
                                        '“Verticali Equilibri”, che inaugurerà '
                                        'Venerdì 1° Agosto, mentre giovedì 7 '
                                        'Agosto sarà la volta della collettiva '
                                        'dal titolo “Sintesi astratte '
                                        'mediterranee” di Maurizio Bonolis, '
                                        'Maria Pia Daidone e Roberto Sanchez, '
                                        'tre artisti ampiamente conosciuti nel '
                                        'panorama delle arti visive '
                                        'contemporanee. Entrambe le mostre '
                                        'termineranno sabato 20 settembre. '
                                        'Sabato 4 Ottobre verrà inaugurata la '
                                        'mostra “Caleidoscopio” Italia a cura '
                                        'di Andrea B. Del Guercio, in '
                                        'collaborazione con '
                                        'MontoroContemporanea, ulteriore tappa '
                                        'di un percorso iniziato cinque anni '
                                        'fa e teso ad indagare la dimensione '
                                        'caleidoscopica dei linguaggi visivi '
                                        'contemporanei. La mostra sarà '
                                        'visitabile fino a sabato 29 novembre. '
                                        'La penultima mostra in calendario, '
                                        'aperta al pubblico a partire da '
[2026-02-02T19:45:29.530+0000] {docker.py:429} INFO - 'sabato 13 dicembre, sarà una '
                                        'collettiva fotografica dal titolo '
                                        '“Oltre il margine’’ a cura di Antonio '
                                        'Bergamino. Questo progetto espositivo '
                                        'si inserirà nelle attività de La Casa '
                                        'sulla Roccia, associazione locale di '
                                        'volontariato che, dal giorno della '
                                        'sua comparsa, si impegna a promuovere '
                                        'i valori della solidarietà, '
                                        'dell’inclusione e del rispetto per '
                                        'ogni individuo. Chiuderà il ciclo “Un '
                                        'anno di mostre al Museo Irpino”, la '
                                        'mostra “Vivere” di Fabio Calvetti a '
                                        'cura di Raffaele de Felice, un '
                                        'percorso per esprimere attraverso '
                                        'l’arte i sentimenti più nascosti '
                                        'dell’animo umano. La mostra sarà '
                                        'inaugurata sabato 7 febbraio 2026 e '
                                        'terminerà sabato 28 marzo. “Anabasi” '
                                        'di Eliana Petrizzi, a cura di '
                                        'MontoroContemporanea 14 Marzo | 26 '
                                        'Aprile Venerdì 14 marzo alle ore '
                                        '17.30, nelle sale espositive del '
                                        'Museo Irpino presso la sede del '
                                        'Complesso Monumentale Carcere '
                                        'Borbonico di Avellino, verrà '
                                        'inaugurata la mostra “Anabasi” di '
                                        'Eliana Petrizzi, a cura di '
                                        'MontoroContemporanea, primo '
                                        'appuntamento del ciclo “Un anno di '
                                        'mostre al Museo Irpino” ideato e '
                                        'promosso dall’Amministrazione '
                                        'Provinciale di Avellino re realizzato '
                                        'in collaborazione con enti, artisti, '
                                        'associazioni, curatori e case '
                                        'editrici, locali e non. L’artista '
                                        'ritorna, dopo qualche anno, ad '
                                        'esporre al Museo Irpino, con questa '
                                        'personale di circa 60 dipinti ad '
                                        'olio, da lei realizzati negli ultimi '
                                        '10 anni. L’intento di Eliana con '
                                        '“Anabasi” è quello di costruire un '
                                        'percorso narrativo emozionale, '
                                        'attraverso la pittura di figura e di '
                                        'paesaggio, declinata in chiave '
                                        'onirica e metafisica. Eliana '
                                        'Petrizzi, pittrice irpina, inizia ad '
                                        'esporre nel 1995, presentata da '
                                        'Massimo Bignardi. La sua pittura - '
                                        'dipinti ad olio su tavola e su tela '
                                        'di scuola rinascimentale, con tecnica '
                                        'fiamminga a velature - unitamente al '
                                        'sapore metafisico e psicanalitico '
                                        'delle sue composizioni, riscuote '
                                        'presto il consenso della critica e '
                                        'dei collezionisti, in occasione di '
                                        'prestigiose rassegne nazionali ed '
                                        'internazionali. Numerose le sue '
                                        'mostre personali, presentate tra gli '
                                        'altri da Vittorio Sgarbi, Paolo '
                                        'Rizzi, Franco Marcoaldi, Diego De '
                                        'Silva, Angelo Crespi. Nel 2011, '
                                        'selezionata da Vittorio Sgarbi, '
                                        'espone nel Padiglione Campania della '
                                        '54°Biennale di Venezia. Durante la '
                                        'mostra verrà presentato l’ultimo '
                                        'libro catalogo della pittrice. '
                                        'L’ingresso alla mostra è gratuito e '
                                        'sarà visitabile dal martedì al '
                                        'sabato, dalle ore 9.00 alle ore 13.00 '
                                        'e dalle ore 16.00 alle ore 19.00, '
                                        'fino a sabato 26 aprile. L’ingresso è '
                                        'gratuito e le mostre saranno '
                                        'visitabili dal martedì al sabato, '
                                        'dalle ore 9.00 alle ore 13.00 e dalle '
                                        'ore 16.00 alle ore 19.00.',
                         'dove': {'address': None,
                                  'name': 'Complesso Monumentale Carcere '
                                          'Borbonico',
                                  'raw_text': 'Dove Complesso Monumentale '
                                              'Carcere Borbonico Indirizzo non '
                                              'disponibile'},
                         'image': '//citynews-avellinotoday.stgy.ovh/~media/horizontal-low/55103737665451/carcere-borbonico-di-avellino.jpg',
                         'prezzo': 'Prezzo non disponibile',
                         'quando': {'date_end': '2026-03-28',
                                    'date_start': '2025-03-14',
                                    'raw_text': 'Quando Dal 14/03/2025 al '
                                                '28/03/2026 Orario non '
                                                'disponibile',
                                    'schedule': 'Orario non disponibile'}},
              'list': {'category': None,
                       'date': 'dal 14 marzo 2025 al 28 marzo 2026',
                       'image': '//citynews-avellinotoday.stgy.ovh/~media/horizontal-mid/55103737665451/carcere-borbonico-di-avellino.jpg',
                       'location': 'Complesso Monumentale Carcere Borbonico',
                       'stars': None,
                       'title': '"Un anno di mostre al Museo Irpino": il '
                                'programma degli eventi'}},
 'scraped_at': '2026-02-02T19:45:29.526257',
 'source': 'city_today',
 'title': '"Un anno di mostre al Museo Irpino": il programma degli eventi',
 'url': 'https://www.avellinotoday.it/eventi/mostre-museo-irpino-2025.html',
 'uuid': '7ef20baaad9b8f6a',
 'website': None}
[2026-02-02T19:45:30.282+0000] {docker.py:429} INFO - 2026-02-02 19:45:30 [scrapy.core.engine] DEBUG: Crawled (200) <GET https://www.avellinotoday.it/eventi/aquilonia-teatro-2026-programma.html> (referer: https://www.avellinotoday.it/eventi/dal/2026-02-02/al/2026-02-08/)
[2026-02-02T19:45:30.392+0000] {docker.py:429} INFO - 2026-02-02 19:45:30 [scrapy.core.scraper] DEBUG: Scraped from <200 https://www.avellinotoday.it/eventi/aquilonia-teatro-2026-programma.html>
{'category': ['Teatri'],
 'city': 'Avellino',
 'city_id': None,
 'content_hash': '68695f79c0969aea',
 'date_display': 'dal 31 ottobre 2025 al 24 aprile 2026',
 'date_end': '2026-04-24',
 'date_start': '2025-10-31',
 'description': 'Prenderà il via il prossimo 31 ottobre la terza edizione di '
                '“Aquilonia Teatro”, la rassegna teatrale promossa dal Comune '
                'di Aquilonia e curata dal Direttore Artistico Gianpiero '
                'Francese. Ad ospitare la manifestazione sarà, ancora una '
                'volta, la suggestiva Casa della Cultura, che farà da '
                'palcoscenico a un ricco calendario di spettacoli teatrali e '
                'musicali, con la partecipazione di artisti e compagnie capaci '
                'di incantare il pubblico con emozione e talento. Il Sindaco '
                "Caputo, nel presentare l'iniziativa, ha dichiarato: “Siamo "
                'orgogliosi di poter rinnovare anche quest’anno questa '
                'importante manifestazione, ormai appuntamento fisso nel '
                'nostro calendario culturale. Con Aquilonia Teatro, '
                'continuiamo a investire in una proposta culturale viva, '
                'partecipata e di qualità.”',
 'event_id': 'aquilonia-teatro-2026-programma',
 'image_url': '//citynews-avellinotoday.stgy.ovh/~media/horizontal-low/6339691225727/fb_img_1760506353874-2.jpg',
 'location_address': None,
 'location_name': 'Teatro Comunale',
 'price': 'Prezzo non disponibile',
 'raw_data': {'detail': {'altre_informazioni': {'raw_text': 'Altre '
                                                            'informazioni',
                                                'website': None},
                         'descrizione': 'Prenderà il via il prossimo 31 '
                                        'ottobre la terza edizione di '
                                        '“Aquilonia Teatro”, la rassegna '
                                        'teatrale promossa dal Comune di '
                                        'Aquilonia e curata dal Direttore '
                                        'Artistico Gianpiero Francese. Ad '
                                        'ospitare la manifestazione sarà, '
                                        'ancora una volta, la suggestiva Casa '
                                        'della Cultura, che farà da '
                                        'palcoscenico a un ricco calendario di '
                                        'spettacoli teatrali e musicali, con '
                                        'la partecipazione di artisti e '
                                        'compagnie capaci di incantare il '
                                        'pubblico con emozione e talento. Il '
                                        'Sindaco Caputo, nel presentare '
                                        "l'iniziativa, ha dichiarato: “Siamo "
                                        'orgogliosi di poter rinnovare anche '
                                        'quest’anno questa importante '
                                        'manifestazione, ormai appuntamento '
                                        'fisso nel nostro calendario '
                                        'culturale. Con Aquilonia Teatro, '
                                        'continuiamo a investire in una '
                                        'proposta culturale viva, partecipata '
                                        'e di qualità.”',
                         'dove': {'address': None,
                                  'name': 'Teatro Comunale',
                                  'raw_text': 'Dove Teatro Comunale Indirizzo '
                                              'non disponibile Aquilonia'},
                         'image': '//citynews-avellinotoday.stgy.ovh/~media/horizontal-low/6339691225727/fb_img_1760506353874-2.jpg',
                         'prezzo': 'Prezzo non disponibile',
                         'quando': {'date_end': '2026-04-24',
                                    'date_start': '2025-10-31',
                                    'raw_text': 'Quando Dal 31/10/2025 al '
                                                '24/04/2026 Orario non '
                                                'disponibile',
                                    'schedule': 'Orario non disponibile'}},
              'list': {'category': 'Teatri',
                       'date': 'dal 31 ottobre 2025 al 24 aprile 2026',
                       'image': '//citynews-avellinotoday.stgy.ovh/~media/horizontal-mid/6339691225727/fb_img_1760506353874-2.jpg',
                       'location': 'Teatro Comunale',
                       'stars': 5,
                       'title': 'Aquilonia Teatro: il programma della nuova '
                                'stagione artistica'}},
 'scraped_at': '2026-02-02T19:45:30.389847',
 'source': 'city_today',
 'title': 'Aquilonia Teatro: il programma della nuova stagione artistica',
 'url': 'https://www.avellinotoday.it/eventi/aquilonia-teatro-2026-programma.html',
 'uuid': '1e9cdccf14f62c63',
 'website': None}
[2026-02-02T19:45:31.913+0000] {docker.py:429} INFO - 2026-02-02 19:45:31 [scrapy.core.engine] DEBUG: Crawled (200) <GET https://www.avellinotoday.it/eventi/stagione-teatrale-lacedonia-25.html> (referer: https://www.avellinotoday.it/eventi/dal/2026-02-02/al/2026-02-08/)
[2026-02-02T19:45:32.035+0000] {docker.py:429} INFO - 2026-02-02 19:45:32 [scrapy.core.scraper] DEBUG: Scraped from <200 https://www.avellinotoday.it/eventi/stagione-teatrale-lacedonia-25.html>
{'category': [],
 'city': 'Avellino',
 'city_id': None,
 'content_hash': '71e5217b7924634e',
 'date_display': 'dal 18 ottobre 2025 al 28 aprile 2026',
 'date_end': '2026-04-28',
 'date_start': '2025-10-18',
 'description': 'Lacedonia – L’Amministrazione Comunale di Lacedonia è lieta '
                'di annunciare ufficialmente la XIV Stagione Teatrale del '
                'Teatro Comunale, un programma straordinario che conferma il '
                'costante impegno nel promuovere la cultura e l’arte teatrale '
                'nel territorio. La stagione prenderà il via sabato 18 ottobre '
                '2025 con lo spettacolo Fratello Gerardo , inaugurando così un '
                'percorso che si svilupperà lungo diversi mesi. Sul palco del '
                'teatro si alterneranno artisti di rilievo come Michele '
                'Placido, Roberto Saviano, Massimo Lopez e Tullio Solenghi, '
                'Francesco Cicchella, Peppe Barra, Maurizio Casagrande, Biagio '
                'Izzo e molti altri interpreti di grande spessore. Questi '
                'talenti daranno voce a testi che spaziano dal brillante '
                'all’intenso, dal profondo all’ironico, offrendo al pubblico '
                'un’esperienza teatrale ricca e articolata. La programmazione '
                'prevede dieci spettacoli in abbonamento, affiancati da cinque '
                'eventi fuori abbonamento, per offrire una proposta completa e '
                'variegata. La stagione si rivolge a un pubblico ampio e '
                'diversificato, includendo appassionati di prosa, giovani e '
                'famiglie. Il ventaglio delle performance spazia dal teatro '
                'civile al cabaret, dalla musica alla narrazione, mantenendo '
                'sempre elevato il livello qualitativo delle rappresentazioni. '
                'Tra gli artisti che animeranno il Teatro Comunale di '
                'Lacedonia figurano Giuseppe Ninno – Mandrake, Paolo Crepet, '
                'Michele Placido, Giovanni Esposito, Roberto Saviano, Massimo '
                'Lopez e Tullio Solenghi, Francesco Procopio e Giancarlo '
                'Ratti, Maurizio Casagrande, Francesco Cicchella, Peppe Barra, '
                'Maurizio Merluzzo, Cesare Bocci e Vittoria Belvedere, Enzo '
                'Iacchetti e Carlotta Proietti, Biagio Izzo. Questa iniziativa '
                'rappresenta non solo un’importante opportunità culturale, ma '
                'anche un impulso per la socialità e il turismo locale. Il '
                'Teatro Comunale di Lacedonia si conferma infatti come luogo '
                'di incontro, crescita e riflessione, aperto a tutti e '
                'profondamente integrato nella vita della comunità. Il Sindaco '
                'Antonio Di Conza e l’Amministrazione Comunale rivolgono un '
                'sentito ringraziamento al direttore artistico Maurizio '
                'Giannetta, a tutti gli operatori culturali coinvolti e, '
                'soprattutto, al pubblico che, con il suo entusiasmo, sostiene '
                'da anni le stagioni teatrali del territorio. L’invito è '
                'aperto a tutti: la cultura è vita e il teatro ne è una delle '
                'espressioni più vive e autentiche. La partecipazione è '
                'caldamente raccomandata.',
 'event_id': 'stagione-teatrale-lacedonia-25',
 'image_url': '//citynews-avellinotoday.stgy.ovh/~media/horizontal-low/17610399460525/squarequick_202575212547857.jpg',
 'location_address': None,
 'location_name': 'Teatro comunale di Lacedonia',
 'price': 'Prezzo non disponibile',
 'raw_data': {'detail': {'altre_informazioni': {'raw_text': 'Altre '
                                                            'informazioni',
                                                'website': None},
                         'descrizione': 'Lacedonia – L’Amministrazione '
                                        'Comunale di Lacedonia è lieta di '
                                        'annunciare ufficialmente la XIV '
                                        'Stagione Teatrale del Teatro '
                                        'Comunale, un programma straordinario '
                                        'che conferma il costante impegno nel '
                                        'promuovere la cultura e l’arte '
                                        'teatrale nel territorio. La stagione '
                                        'prenderà il via sabato 18 ottobre '
                                        '2025 con lo spettacolo Fratello '
                                        'Gerardo , inaugurando così un '
                                        'percorso che si svilupperà lungo '
                                        'diversi mesi. Sul palco del teatro si '
                                        'alterneranno artisti di rilievo come '
                                        'Michele Placido, Roberto Saviano, '
                                        'Massimo Lopez e Tullio Solenghi, '
                                        'Francesco Cicchella, Peppe Barra, '
                                        'Maurizio Casagrande, Biagio Izzo e '
                                        'molti altri interpreti di grande '
                                        'spessore. Questi talenti daranno voce '
                                        'a testi che spaziano dal brillante '
                                        'all’intenso, dal profondo '
                                        'all’ironico, offrendo al pubblico '
                                        'un’esperienza teatrale ricca e '
                                        'articolata. La programmazione prevede '
                                        'dieci spettacoli in abbonamento, '
                                        'affiancati da cinque eventi fuori '
                                        'abbonamento, per offrire una proposta '
                                        'completa e variegata. La stagione si '
                                        'rivolge a un pubblico ampio e '
                                        'diversificato, includendo '
                                        'appassionati di prosa, giovani e '
                                        'famiglie. Il ventaglio delle '
                                        'performance spazia dal teatro civile '
                                        'al cabaret, dalla musica alla '
                                        'narrazione, mantenendo sempre elevato '
                                        'il livello qualitativo delle '
                                        'rappresentazioni. Tra gli artisti che '
                                        'animeranno il Teatro Comunale di '
                                        'Lacedonia figurano Giuseppe Ninno – '
                                        'Mandrake, Paolo Crepet, Michele '
                                        'Placido, Giovanni Esposito, Roberto '
                                        'Saviano, Massimo Lopez e Tullio '
                                        'Solenghi, Francesco Procopio e '
                                        'Giancarlo Ratti, Maurizio Casagrande, '
                                        'Francesco Cicchella, Peppe Barra, '
                                        'Maurizio Merluzzo, Cesare Bocci e '
                                        'Vittoria Belvedere, Enzo Iacchetti e '
                                        'Carlotta Proietti, Biagio Izzo. '
                                        'Questa iniziativa rappresenta non '
                                        'solo un’importante opportunità '
                                        'culturale, ma anche un impulso per la '
                                        'socialità e il turismo locale. Il '
                                        'Teatro Comunale di Lacedonia si '
                                        'conferma infatti come luogo di '
                                        'incontro, crescita e riflessione, '
                                        'aperto a tutti e profondamente '
                                        'integrato nella vita della comunità. '
                                        'Il Sindaco Antonio Di Conza e '
                                        'l’Amministrazione Comunale rivolgono '
                                        'un sentito ringraziamento al '
                                        'direttore artistico Maurizio '
                                        'Giannetta, a tutti gli operatori '
                                        'culturali coinvolti e, soprattutto, '
                                        'al pubblico che, con il suo '
                                        'entusiasmo, sostiene da anni le '
                                        'stagioni teatrali del territorio. '
                                        'L’invito è aperto a tutti: la cultura '
                                        'è vita e il teatro ne è una delle '
                                        'espressioni più vive e autentiche. La '
                                        'partecipazione è caldamente '
                                        'raccomandata.',
                         'dove': {'address': None,
                                  'name': 'Teatro comunale di Lacedonia',
                                  'raw_text': 'Dove Teatro comunale di '
                                              'Lacedonia Indirizzo non '
                                              'disponibile Lacedonia'},
                         'image': '//citynews-avellinotoday.stgy.ovh/~media/horizontal-low/17610399460525/squarequick_202575212547857.jpg',
                         'prezzo': 'Prezzo non disponibile',
                         'quando': {'date_end': '2026-04-28',
                                    'date_start': '2025-10-18',
                                    'raw_text': 'Quando Dal 18/10/2025 al '
                                                '28/04/2026 Orario non '
                                                'disponibile',
                                    'schedule': 'Orario non disponibile'}},
              'list': {'category': None,
                       'date': 'dal 18 ottobre 2025 al 28 aprile 2026',
                       'image': '//citynews-avellinotoday.stgy.ovh/~media/horizontal-mid/17610399460525/squarequick_202575212547857.jpg',
                       'location': 'Teatro comunale di Lacedonia',
                       'stars': None,
                       'title': 'Presentata la XIV Stagione Teatrale del '
                                'Teatro Comunale di Lacedonia: un cartellone '
                                'ricco di emozioni e grandi nomi del panorama '
                                'italiano'}},
 'scraped_at': '2026-02-02T19:45:32.032836',
 'source': 'city_today',
 'title': 'Presentata la XIV Stagione Teatrale del Teatro Comunale di '
          'Lacedonia: un cartellone ricco di emozioni e grandi nomi del '
          'panorama italiano',
 'url': 'https://www.avellinotoday.it/eventi/stagione-teatrale-lacedonia-25.html',
 'uuid': 'cdd089f4800f6823',
 'website': None}
[2026-02-02T19:45:33.503+0000] {docker.py:429} INFO - 2026-02-02 19:45:33 [scrapy.core.engine] DEBUG: Crawled (200) <GET https://www.avellinotoday.it/eventi/storie-nude-il-piccolo-teatro-erotico-arriva-ad-atripalda.html> (referer: https://www.avellinotoday.it/eventi/dal/2026-02-02/al/2026-02-08/)
[2026-02-02T19:45:33.603+0000] {docker.py:429} INFO - 2026-02-02 19:45:33 [scrapy.core.scraper] DEBUG: Scraped from <200 https://www.avellinotoday.it/eventi/storie-nude-il-piccolo-teatro-erotico-arriva-ad-atripalda.html>
{'category': [],
 'city': 'Avellino',
 'city_id': None,
 'content_hash': 'a9a6d73d50a9688c',
 'date_display': 'dal 11 dicembre 2025 al 12 marzo 2026',
 'date_end': '2026-03-12',
 'date_start': '2025-12-11',
 'description': 'Sei appuntamenti, una stanza, un attore nudo e una porta che '
                'si chiude alle spalle di dodici spettatori. È il cuore di '
                '"Storie nude – piccolo teatro erotico da stanza", la nuova '
                'rassegna intima e immersiva curata dallo sceneggiatore e '
                'autore teatrale Antonio Mocciola, che approda al Circolo dei '
                "Confusi all'interno del progetto di rigenerazione culturale "
                "Mercato Nero, promosso dall'APS Caos, affiliata ad Arci "
                'Avellino, negli spazi del Mercato Rionale di Via Marino '
                'Caracciolo ad Atripalda. Una rassegna che funziona come un '
                'piccolo rito teatrale: tre spettacoli per sera, telefoni '
                'oscurati, una stanza chiusa e la vicinanza estrema tra '
                'interprete e spettatori. Dodici persone (rigorosamente '
                'maggiorenni) per volta, chiamate a immergersi in repertori '
                'crudi e in esperienze di ascolto e presenza che riportano il '
                'teatro alla sua forma più essenziale. Primo appuntamento – 11 '
                'dicembre 2025 Orari spettacoli: 21.00 – 22.00 – 23.00 “Ho '
                'scritto il silenzio", da Arthur Rimbaud, con Emanuele Di '
                'Simone A seguire: 15 gennaio – "Mal d\'Aurora", da Comte de '
                'Lautréamont, con Francesco Petrillo 29 gennaio – "Almeno '
                'potercene andare", da Cesare Pavese, con Alessio Palumbo 12 '
                'febbraio – "Sarcofagia", da Vincenzo Verzeni, con Stefano '
                'Coppola 26 febbraio – "La violenza del tuo amore", da Gemma '
                'Galgani, con Antonella Formisano 12 marzo – "Ero Verlaine", '
                'da Paul Verlaine, con Giuseppe Brandi Gli spettacoli sono '
                'V.M. 18, con accesso limitato a dodici spettatori per '
                "mantenere intatta l'intimità dell'esperienza. La prenotazione "
                'è fortemente consigliata al link: '
                'https://docs.google.com/forms/d/e/1FAIpQLScZJzUT5s-zwXfP24VYufcEy5fIZuh7hOviI8l_csh7z5-4Yw/viewform '
                'Sede: Circolo dei Confusi – Mercato Rionale, Via Marino '
                'Caracciolo, Atripalda (AV) "Storie nude" si inserisce nel '
                'percorso sperimentale di Mercato Nero, che rilegge il mercato '
                'rionale come luogo di cultura contemporanea, trasformando gli '
                'spazi quotidiani in ambienti di relazione, ascolto e nuova '
                'teatralità.',
 'event_id': 'storie-nude-il-piccolo-teatro-erotico-arriva-ad-atripalda',
 'image_url': '//citynews-avellinotoday.stgy.ovh/~media/horizontal-low/63401282644935/11-dicembre-esordio.jpeg',
 'location_address': None,
 'location_name': None,
 'price': 'Prezzo non disponibile',
 'raw_data': {'detail': {'altre_informazioni': {'raw_text': 'Altre '
                                                            'informazioni',
                                                'website': None},
                         'descrizione': 'Sei appuntamenti, una stanza, un '
                                        'attore nudo e una porta che si chiude '
                                        'alle spalle di dodici spettatori. È '
                                        'il cuore di "Storie nude – piccolo '
                                        'teatro erotico da stanza", la nuova '
                                        'rassegna intima e immersiva curata '
                                        'dallo sceneggiatore e autore teatrale '
                                        'Antonio Mocciola, che approda al '
                                        "Circolo dei Confusi all'interno del "
                                        'progetto di rigenerazione culturale '
                                        "Mercato Nero, promosso dall'APS Caos, "
                                        'affiliata ad Arci Avellino, negli '
                                        'spazi del Mercato Rionale di Via '
                                        'Marino Caracciolo ad Atripalda. Una '
                                        'rassegna che funziona come un piccolo '
                                        'rito teatrale: tre spettacoli per '
                                        'sera, telefoni oscurati, una stanza '
                                        'chiusa e la vicinanza estrema tra '
                                        'interprete e spettatori. Dodici '
                                        'persone (rigorosamente maggiorenni) '
                                        'per volta, chiamate a immergersi in '
                                        'repertori crudi e in esperienze di '
                                        'ascolto e presenza che riportano il '
                                        'teatro alla sua forma più essenziale. '
                                        'Primo appuntamento – 11 dicembre 2025 '
                                        'Orari spettacoli: 21.00 – 22.00 – '
                                        '23.00 “Ho scritto il silenzio", da '
                                        'Arthur Rimbaud, con Emanuele Di '
                                        'Simone A seguire: 15 gennaio – "Mal '
                                        'd\'Aurora", da Comte de Lautréamont, '
                                        'con Francesco Petrillo 29 gennaio – '
                                        '"Almeno potercene andare", da Cesare '
                                        'Pavese, con Alessio Palumbo 12 '
                                        'febbraio – "Sarcofagia", da Vincenzo '
                                        'Verzeni, con Stefano Coppola 26 '
                                        'febbraio – "La violenza del tuo '
                                        'amore", da Gemma Galgani, con '
                                        'Antonella Formisano 12 marzo – "Ero '
                                        'Verlaine", da Paul Verlaine, con '
                                        'Giuseppe Brandi Gli spettacoli sono '
                                        'V.M. 18, con accesso limitato a '
                                        'dodici spettatori per mantenere '
                                        "intatta l'intimità dell'esperienza. "
                                        'La prenotazione è fortemente '
                                        'consigliata al link: '
                                        'https://docs.google.com/forms/d/e/1FAIpQLScZJzUT5s-zwXfP24VYufcEy5fIZuh7hOviI8l_csh7z5-4Yw/viewform '
                                        'Sede: Circolo dei Confusi – Mercato '
                                        'Rionale, Via Marino Caracciolo, '
                                        'Atripalda (AV) "Storie nude" si '
                                        'inserisce nel percorso sperimentale '
                                        'di Mercato Nero, che rilegge il '
                                        'mercato rionale come luogo di cultura '
                                        'contemporanea, trasformando gli spazi '
                                        'quotidiani in ambienti di relazione, '
                                        'ascolto e nuova teatralità.',
                         'dove': {'address': None,
                                  'name': None,
                                  'raw_text': 'Dove Indirizzo non disponibile '
                                              'Atripalda'},
                         'image': '//citynews-avellinotoday.stgy.ovh/~media/horizontal-low/63401282644935/11-dicembre-esordio.jpeg',
                         'prezzo': 'Prezzo non disponibile',
                         'quando': {'date_end': '2026-03-12',
                                    'date_start': '2025-12-11',
                                    'raw_text': 'Quando Dal 11/12/2025 al '
                                                '12/03/2026 Orario non '
                                                'disponibile',
                                    'schedule': 'Orario non disponibile'}},
              'list': {'category': None,
                       'date': 'dal 11 dicembre 2025 al 12 marzo 2026',
                       'image': '//citynews-avellinotoday.stgy.ovh/~media/horizontal-mid/63401282644935/11-dicembre-esordio.jpeg',
                       'location': None,
                       'stars': None,
                       'title': '"Storie nude", il piccolo teatro erotico '
                                'arriva ad Atripalda'}},
 'scraped_at': '2026-02-02T19:45:33.599979',
 'source': 'city_today',
 'title': '"Storie nude", il piccolo teatro erotico arriva ad Atripalda',
 'url': 'https://www.avellinotoday.it/eventi/storie-nude-il-piccolo-teatro-erotico-arriva-ad-atripalda.html',
 'uuid': '097454dd917c96e3',
 'website': None}
[2026-02-02T19:45:34.366+0000] {docker.py:429} INFO - 2026-02-02 19:45:34 [scrapy.core.engine] DEBUG: Crawled (200) <GET https://www.avellinotoday.it/eventi/teatro-polo-stagione-teatrale-2025-2026-diocesi-di-avellino.html> (referer: https://www.avellinotoday.it/eventi/dal/2026-02-02/al/2026-02-08/)
[2026-02-02T19:45:34.473+0000] {docker.py:429} INFO - 2026-02-02 19:45:34 [scrapy.core.scraper] DEBUG: Scraped from <200 https://www.avellinotoday.it/eventi/teatro-polo-stagione-teatrale-2025-2026-diocesi-di-avellino.html>
{'category': ['Teatri'],
 'city': 'Avellino',
 'city_id': None,
 'content_hash': '0c32f7f726d504d8',
 'date_display': 'dal 27 settembre 2025 al 17 maggio 2026',
 'date_end': '2026-05-17',
 'date_start': '2025-09-27',
 'description': 'Si alza il sipario sulla stagione 2025/2026 di “Teatro al '
                'Polo”, il progetto culturale promosso dalla Diocesi di '
                'Avellino e curato dalla Compagnia ATLAS, che torna da '
                'settembre a maggio con un cartellone ricco di spettacoli '
                'brillanti, tradizione partenopea e nuovi linguaggi comici. La '
                'rassegna, ospitata presso il Polo Giovani di Avellino, '
                'prenderà il via il 27 e 28 settembre con la commedia inglese '
                'Gli allegri chirurghi di Ray Cooney, per poi proseguire con: '
                '‘O Scarfalietto di Eduardo Scarpetta (20-21 dicembre), Al '
                '"Massimo"... un cabaret con testi di Troisi, Arena e Decaro '
                '(7-8 febbraio), Marziani e Venusiane, adattamento originale a '
                'sei mani (21-22 marzo), Nu bambiniello e tre San Giuseppe di '
                'Gaetano Di Maio (16-17 maggio). Una proposta pensata per '
                'coinvolgere un pubblico trasversale, capace di coniugare '
                'risate, memoria e riflessione. Grande attenzione anche alla '
                'formazione teatrale, con la conferma del corso per adulti e '
                'la novità assoluta di un corso di teatro dedicato ai bambini, '
                'per avvicinare i più piccoli al linguaggio della scena.',
 'event_id': 'teatro-polo-stagione-teatrale-2025-2026-diocesi-di-avellino',
 'image_url': '//citynews-avellinotoday.stgy.ovh/~media/horizontal-low/14195700565477/vescovo-aiello-inaugurazione-polo-giovani.jpg',
 'location_address': 'Via Morelli e Silvati',
 'location_name': 'Teatro al Polo',
 'price': 'Prezzo non disponibile',
 'raw_data': {'detail': {'altre_informazioni': {'raw_text': 'Altre '
                                                            'informazioni',
                                                'website': None},
                         'descrizione': 'Si alza il sipario sulla stagione '
                                        '2025/2026 di “Teatro al Polo”, il '
                                        'progetto culturale promosso dalla '
                                        'Diocesi di Avellino e curato dalla '
                                        'Compagnia ATLAS, che torna da '
                                        'settembre a maggio con un cartellone '
                                        'ricco di spettacoli brillanti, '
                                        'tradizione partenopea e nuovi '
                                        'linguaggi comici. La rassegna, '
                                        'ospitata presso il Polo Giovani di '
                                        'Avellino, prenderà il via il 27 e 28 '
                                        'settembre con la commedia inglese Gli '
                                        'allegri chirurghi di Ray Cooney, per '
                                        'poi proseguire con: ‘O Scarfalietto '
                                        'di Eduardo Scarpetta (20-21 '
                                        'dicembre), Al "Massimo"... un cabaret '
                                        'con testi di Troisi, Arena e Decaro '
                                        '(7-8 febbraio), Marziani e Venusiane, '
                                        'adattamento originale a sei mani '
                                        '(21-22 marzo), Nu bambiniello e tre '
                                        'San Giuseppe di Gaetano Di Maio '
                                        '(16-17 maggio). Una proposta pensata '
                                        'per coinvolgere un pubblico '
                                        'trasversale, capace di coniugare '
                                        'risate, memoria e riflessione. Grande '
                                        'attenzione anche alla formazione '
                                        'teatrale, con la conferma del corso '
                                        'per adulti e la novità assoluta di un '
                                        'corso di teatro dedicato ai bambini, '
                                        'per avvicinare i più piccoli al '
                                        'linguaggio della scena.',
                         'dove': {'address': 'Via Morelli e Silvati',
                                  'name': 'Teatro al Polo',
                                  'raw_text': 'Dove Teatro al Polo Via Morelli '
                                              'e Silvati'},
                         'image': '//citynews-avellinotoday.stgy.ovh/~media/horizontal-low/14195700565477/vescovo-aiello-inaugurazione-polo-giovani.jpg',
                         'prezzo': 'Prezzo non disponibile',
                         'quando': {'date_end': '2026-05-17',
                                    'date_start': '2025-09-27',
                                    'raw_text': 'Quando Dal 27/09/2025 al '
                                                '17/05/2026 Orario non '
                                                'disponibile',
                                    'schedule': 'Orario non disponibile'}},
              'list': {'category': 'Teatri',
                       'date': 'dal 27 settembre 2025 al 17 maggio 2026',
                       'image': '//citynews-avellinotoday.stgy.ovh/~media/horizontal-mid/14195700565477/vescovo-aiello-inaugurazione-polo-giovani.jpg',
                       'location': 'Teatro al Polo',
                       'stars': 5,
                       'title': '“Teatro al Polo”: al via la nuova stagione '
                                'teatrale della Diocesi di Avellino'}},
 'scraped_at': '2026-02-02T19:45:34.469880',
 'source': 'city_today',
 'title': '“Teatro al Polo”: al via la nuova stagione teatrale della Diocesi '
          'di Avellino',
 'url': 'https://www.avellinotoday.it/eventi/teatro-polo-stagione-teatrale-2025-2026-diocesi-di-avellino.html',
 'uuid': 'be23f2e2d63c5333',
 'website': None}
[2026-02-02T19:45:36.256+0000] {docker.py:429} INFO - 2026-02-02 19:45:36 [scrapy.core.engine] DEBUG: Crawled (200) <GET https://www.avellinotoday.it/eventi/irpinia-poetica-2025.html> (referer: https://www.avellinotoday.it/eventi/dal/2026-02-02/al/2026-02-08/)
[2026-02-02T19:45:36.366+0000] {docker.py:429} INFO - 2026-02-02 19:45:36 [scrapy.core.scraper] DEBUG: Scraped from <200 https://www.avellinotoday.it/eventi/irpinia-poetica-2025.html>
{'category': [],
 'city': 'Avellino',
 'city_id': None,
 'content_hash': 'fdba2b3deafb9879',
 'date_display': 'dal 25 maggio 2025 al 1 giugno 2027',
 'date_end': '2027-06-01',
 'date_start': '2025-05-25',
 'description': 'IRPINIA POETICA 2025 È una manifestazione culturale multi – '
                'artistica che avrà luogo ad Avellino e in alcuni paesi '
                'dell’Irpinia, ovvero Atripalda, Cesinali e Lapio, nelle date '
                'del 25 maggio, in anteprima, e poi dal 28 maggio al 1 giugno. '
                'Un evento di divulgazione culturale diffuso, di grande '
                'spessore nei contenuti ma semplice e fruibile nei canali di '
                'comunicazione rivolti al pubblico. L’intento è anche quello '
                'di creare una tradizione di interscambio culturale tra '
                'l’Irpinia e le città e i Paesi degli artisti che vi saranno '
                'stati ospiti. Contemporaneamente questa esperienza offerta al '
                'nostro territorio avrà la funzione di far conoscere la terra '
                'irpina nel mondo. Quasi cento gli ospiti degli eventi: poeti, '
                'narratori, musicisti, drammaturghi, registi di cinema e '
                'teatro, provenienti dal territorio irpino e da altre regioni '
                'italiane ma anche da altre nazioni; solo per fare qualche '
                'esempio: Elio Pecora, Luigi Fontanella, Gualberto Alvino, '
                'Davide Rondoni, Cristò Chiapparino, Igor Esposito, Maria Pia '
                'De Vito, Alessio Arena, Francesco Napoli, Alessandra '
                'Corbetta, Vilma Beniek, Pietro Razzino, Eleonora Rimolo e per '
                'il territorio irpino sempre come solo come esempio Teresa '
                'Sarno, Livio Borriello, Antonello Matarazzo, Domenico '
                'Cipriano, Monia Gaita, Carlo Crescitelli, Cinzia Coppola, '
                'Emilia Cirillo, Antonietta Gnerre, Andrea Pinto, Rossella '
                'Luongo, Claudia Iandolo, Emanuela Sica, Paolo Battista, '
                'Claudio Sara, Antonio Cucciniello, Giovanni Carullo e molti '
                'altri… Gli incontri si terranno nel corso di più appuntamenti '
                'giornalieri e in più sedi, tra le quali in Avellino Villa '
                'Amendola, il Museo Irpino, Biblioteca Provinciale, Archivio '
                'di Stato e piazza Libertà; Palazzo Filangieri a Lapio, '
                'Chiesetta della Confraternita di Santa Monica a Atripalda; '
                'Centro polifunzionale a Cesinali L’evento ha il patrocinio '
                'della Provincia Di Avellino, dei Comuni di Avellino, '
                'Atripalda, Cesinali e Lapio e vede la collaborazione delle '
                'più attive associazioni culturali del territorio. Il '
                'programma e i profili degli artisti partecipanti sono '
                'pubblicati sulle pagine social FB e IG di Irpinia poetica e '
                'sul sito www.irpiniapoetica.it',
 'event_id': 'irpinia-poetica-2025',
 'image_url': '//citynews-avellinotoday.stgy.ovh/~media/horizontal-low/8626597789863/screenshot_20250518_174944_adobe-acrobat.jpg',
 'location_address': None,
 'location_name': None,
 'price': 'Prezzo non disponibile',
 'raw_data': {'detail': {'altre_informazioni': {'raw_text': 'Altre '
                                                            'informazioni',
                                                'website': None},
                         'descrizione': 'IRPINIA POETICA 2025 È una '
                                        'manifestazione culturale multi – '
                                        'artistica che avrà luogo ad Avellino '
                                        'e in alcuni paesi dell’Irpinia, '
                                        'ovvero Atripalda, Cesinali e Lapio, '
                                        'nelle date del 25 maggio, in '
                                        'anteprima, e poi dal 28 maggio al 1 '
                                        'giugno. Un evento di divulgazione '
                                        'culturale diffuso, di grande spessore '
                                        'nei contenuti ma semplice e fruibile '
                                        'nei canali di comunicazione rivolti '
                                        'al pubblico. L’intento è anche quello '
                                        'di creare una tradizione di '
                                        'interscambio culturale tra l’Irpinia '
                                        'e le città e i Paesi degli artisti '
                                        'che vi saranno stati ospiti. '
                                        'Contemporaneamente questa esperienza '
                                        'offerta al nostro territorio avrà la '
                                        'funzione di far conoscere la terra '
                                        'irpina nel mondo. Quasi cento gli '
                                        'ospiti degli eventi: poeti, '
                                        'narratori, musicisti, drammaturghi, '
                                        'registi di cinema e teatro, '
                                        'provenienti dal territorio irpino e '
                                        'da altre regioni italiane ma anche da '
                                        'altre nazioni; solo per fare qualche '
                                        'esempio: Elio Pecora, Luigi '
                                        'Fontanella, Gualberto Alvino, Davide '
                                        'Rondoni, Cristò Chiapparino, Igor '
                                        'Esposito, Maria Pia De Vito, Alessio '
                                        'Arena, Francesco Napoli, Alessandra '
                                        'Corbetta, Vilma Beniek, Pietro '
                                        'Razzino, Eleonora Rimolo e per il '
                                        'territorio irpino sempre come solo '
                                        'come esempio Teresa Sarno, Livio '
                                        'Borriello, Antonello Matarazzo, '
                                        'Domenico Cipriano, Monia Gaita, Carlo '
                                        'Crescitelli, Cinzia Coppola, Emilia '
                                        'Cirillo, Antonietta Gnerre, Andrea '
                                        'Pinto, Rossella Luongo, Claudia '
                                        'Iandolo, Emanuela Sica, Paolo '
                                        'Battista, Claudio Sara, Antonio '
                                        'Cucciniello, Giovanni Carullo e molti '
                                        'altri… Gli incontri si terranno nel '
                                        'corso di più appuntamenti giornalieri '
                                        'e in più sedi, tra le quali in '
                                        'Avellino Villa Amendola, il Museo '
                                        'Irpino, Biblioteca Provinciale, '
                                        'Archivio di Stato e piazza Libertà; '
                                        'Palazzo Filangieri a Lapio, Chiesetta '
                                        'della Confraternita di Santa Monica a '
                                        'Atripalda; Centro polifunzionale a '
                                        'Cesinali L’evento ha il patrocinio '
                                        'della Provincia Di Avellino, dei '
                                        'Comuni di Avellino, Atripalda, '
                                        'Cesinali e Lapio e vede la '
                                        'collaborazione delle più attive '
                                        'associazioni culturali del '
                                        'territorio. Il programma e i profili '
                                        'degli artisti partecipanti sono '
                                        'pubblicati sulle pagine social FB e '
                                        'IG di Irpinia poetica e sul sito '
                                        'www.irpiniapoetica.it',
                         'dove': {'address': None,
                                  'name': None,
                                  'raw_text': 'Dove Indirizzo non disponibile '
                                              'Atripalda'},
                         'image': '//citynews-avellinotoday.stgy.ovh/~media/horizontal-low/8626597789863/screenshot_20250518_174944_adobe-acrobat.jpg',
                         'prezzo': 'Prezzo non disponibile',
                         'quando': {'date_end': '2027-06-01',
                                    'date_start': '2025-05-25',
                                    'raw_text': 'Quando Dal 25/05/2025 al '
                                                '01/06/2027 Orario non '
                                                'disponibile',
                                    'schedule': 'Orario non disponibile'}},
              'list': {'category': None,
                       'date': 'dal 25 maggio 2025 al 1 giugno 2027',
                       'image': '//citynews-avellinotoday.stgy.ovh/~media/horizontal-mid/8626597789863/screenshot_20250518_174944_adobe-acrobat.jpg',
                       'location': None,
                       'stars': None,
                       'title': 'Irpinia Poetica 2025: l’arte che attraversa i '
                                'borghi'}},
 'scraped_at': '2026-02-02T19:45:36.362712',
 'source': 'city_today',
 'title': 'Irpinia Poetica 2025: l’arte che attraversa i borghi',
 'url': 'https://www.avellinotoday.it/eventi/irpinia-poetica-2025.html',
 'uuid': '27f7243f2a2d06d1',
 'website': None}
[2026-02-02T19:45:36.663+0000] {docker.py:429} INFO - 2026-02-02 19:45:36 [scrapy.core.engine] DEBUG: Crawled (200) <GET https://www.avellinotoday.it/eventi/avellino-cultura-spettacoli-gratuiti.html> (referer: https://www.avellinotoday.it/eventi/dal/2026-02-02/al/2026-02-08/)
[2026-02-02T19:45:36.781+0000] {docker.py:429} INFO - 2026-02-02 19:45:36 [scrapy.core.scraper] DEBUG: Scraped from <200 https://www.avellinotoday.it/eventi/avellino-cultura-spettacoli-gratuiti.html>
{'category': [],
 'city': 'Avellino',
 'city_id': None,
 'content_hash': '9dfdd979b17ce4c0',
 'date_display': 'dal 31 gennaio al 22 febbraio 2026',
 'date_end': '2026-02-22',
 'date_start': '2026-01-31',
 'description': 'Il Comune di Avellino, in linea con le strategie del Piano '
                'Cultura e Turismo 2024-2025 approvato dalla Regione Campania '
                'con deliberazione di Giunta Regionale n. 616 del 14 novembre '
                '2024, ha il piacere di presentare alla città un nuovo '
                'cartellone di eventi culturali e musicali denominato '
                '“Avellino Cultura in Città – Rassegna di musica, teatro e '
                'spettacoli per bambini”. Il progetto, realizzato con il '
                'contributo regionale di € 250.000, mira a promuovere la '
                'cultura, la musica e le arti performative sul territorio, '
                'valorizzando il centro storico e gli spazi teatrali '
                'cittadini. “Avellino Cultura in Città – Rassegna di musica, '
                'teatro e spettacoli per bambini” propone un fitto calendario '
                'di appuntamenti che si svolgeranno tra Teatro Eliseo, Teatro '
                'Gesualdo, Cripta del Duomo, Chiesa del SS Rosario e Grotte di '
                'Villa Amendola, con spettacoli di musica, teatro e attività '
                'per famiglie e bambini. Per ogni evento l’ingresso sarà '
                'libero fino ad esaurimento posti. Sabato 31 gennaio 2026 - '
                '21:00 Teatro Eliseo Danilo Rea in "Piano Solo" Domenica 1° '
                'febbraio 2026 - 18:00 Teatro Eliseo Compagnia Italiana di '
                'Operette in "Gran Galà dell’Operetta" Venerdì 6 febbraio 2026 '
                '- 20:00 Teatro Eliseo "Elsa e il Castello di Ghiaccio" – Il '
                'Musical Sabato 7 febbraio 2026 - 21:00 Teatro Eliseo Nicki '
                'Nicolai & Stefano Di Battista in "Mille Bolle Blue" Domenica '
                '8 febbraio 2026 - 18:00 Teatro Eliseo Fabrizio Bosso & Julian '
                'Oliver Mazzariello in "Il Cielo è Pieno di Stelle" Giovedì 12 '
                'febbraio 2026 - 21:00 Teatro Eliseo Roberto Pambianchi & Band '
                'in "Battisti Legend " Venerdì 13 febbraio 2026 - 21:00 Teatro '
                'Gesualdo "Enzo Avitabile & Peppe Servillo Duet" Sabato 14 '
                'febbraio 2026 - 21:00 Teatro Gesualdo Eugenio Bennato in '
                '"Musica del Mondo" Domenica 15 febbraio 2026 - 11:00 Grotte '
                'di Villa Amendola "Ti Conosco Mascherina" Favola itinerante '
                'per bambini Domenica 15 febbraio 2026 - 18:00 Teatro Eliseo '
                '"Vaiana - La Prescelta dell\'oceano" Il Musical Giovedì 19 '
                'febbraio 2026 - 20:00 Cripta del Duomo "Lumiere & Musique: la '
                'Musica del Grande Cinema a Lume di Candela" Venerdì 20 '
                'febbraio 2026 - 21:00 Teatro Eliseo Javier Girotto e Vince '
                'Abbracciante Duo Sabato 21 febbraio 2026 - 21:00 Teatro '
                'Eliseo "That\'s Napoli" Live Show ideato e diretto dal M° '
                'Carlo Morelli Domenica 22 febbario 2026 - 20:00 Chiesa del SS '
                'Rosario Gennaro Desiderio & Laura Cozzolino in "Note del Mio '
                'Cammino..." Concerto per violino e pianoforte.',
 'event_id': 'avellino-cultura-spettacoli-gratuiti',
 'image_url': '//citynews-avellinotoday.stgy.ovh/~media/horizontal-low/66153739393278/teatro-gesualdo-interno-650x325-2.jpg',
 'location_address': None,
 'location_name': None,
 'price': 'Prezzo non disponibile',
 'raw_data': {'detail': {'altre_informazioni': {'raw_text': 'Altre '
                                                            'informazioni',
                                                'website': None},
                         'descrizione': 'Il Comune di Avellino, in linea con '
                                        'le strategie del Piano Cultura e '
                                        'Turismo 2024-2025 approvato dalla '
                                        'Regione Campania con deliberazione di '
                                        'Giunta Regionale n. 616 del 14 '
                                        'novembre 2024, ha il piacere di '
                                        'presentare alla città un nuovo '
                                        'cartellone di eventi culturali e '
                                        'musicali denominato “Avellino Cultura '
                                        'in Città – Rassegna di musica, teatro '
                                        'e spettacoli per bambini”. Il '
                                        'progetto, realizzato con il '
                                        'contributo regionale di € 250.000, '
                                        'mira a promuovere la cultura, la '
                                        'musica e le arti performative sul '
                                        'territorio, valorizzando il centro '
                                        'storico e gli spazi teatrali '
                                        'cittadini. “Avellino Cultura in Città '
                                        '– Rassegna di musica, teatro e '
                                        'spettacoli per bambini” propone un '
                                        'fitto calendario di appuntamenti che '
                                        'si svolgeranno tra Teatro Eliseo, '
                                        'Teatro Gesualdo, Cripta del Duomo, '
                                        'Chiesa del SS Rosario e Grotte di '
                                        'Villa Amendola, con spettacoli di '
                                        'musica, teatro e attività per '
                                        'famiglie e bambini. Per ogni evento '
                                        'l’ingresso sarà libero fino ad '
                                        'esaurimento posti. Sabato 31 gennaio '
                                        '2026 - 21:00 Teatro Eliseo Danilo Rea '
                                        'in "Piano Solo" Domenica 1° febbraio '
                                        '2026 - 18:00 Teatro Eliseo Compagnia '
                                        'Italiana di Operette in "Gran Galà '
                                        'dell’Operetta" Venerdì 6 febbraio '
                                        '2026 - 20:00 Teatro Eliseo "Elsa e il '
                                        'Castello di Ghiaccio" – Il Musical '
                                        'Sabato 7 febbraio 2026 - 21:00 Teatro '
                                        'Eliseo Nicki Nicolai & Stefano Di '
                                        'Battista in "Mille Bolle Blue" '
                                        'Domenica 8 febbraio 2026 - 18:00 '
                                        'Teatro Eliseo Fabrizio Bosso & Julian '
                                        'Oliver Mazzariello in "Il Cielo è '
                                        'Pieno di Stelle" Giovedì 12 febbraio '
                                        '2026 - 21:00 Teatro Eliseo Roberto '
                                        'Pambianchi & Band in "Battisti Legend '
                                        '" Venerdì 13 febbraio 2026 - 21:00 '
                                        'Teatro Gesualdo "Enzo Avitabile & '
                                        'Peppe Servillo Duet" Sabato 14 '
                                        'febbraio 2026 - 21:00 Teatro Gesualdo '
                                        'Eugenio Bennato in "Musica del Mondo" '
                                        'Domenica 15 febbraio 2026 - 11:00 '
                                        'Grotte di Villa Amendola "Ti Conosco '
                                        'Mascherina" Favola itinerante per '
                                        'bambini Domenica 15 febbraio 2026 - '
                                        '18:00 Teatro Eliseo "Vaiana - La '
                                        'Prescelta dell\'oceano" Il Musical '
                                        'Giovedì 19 febbraio 2026 - 20:00 '
                                        'Cripta del Duomo "Lumiere & Musique: '
                                        'la Musica del Grande Cinema a Lume di '
                                        'Candela" Venerdì 20 febbraio 2026 - '
                                        '21:00 Teatro Eliseo Javier Girotto e '
                                        'Vince Abbracciante Duo Sabato 21 '
                                        'febbraio 2026 - 21:00 Teatro Eliseo '
                                        '"That\'s Napoli" Live Show ideato e '
                                        'diretto dal M° Carlo Morelli Domenica '
                                        '22 febbario 2026 - 20:00 Chiesa del '
                                        'SS Rosario Gennaro Desiderio & Laura '
                                        'Cozzolino in "Note del Mio '
                                        'Cammino..." Concerto per violino e '
                                        'pianoforte.',
                         'dove': {'address': None,
                                  'name': None,
                                  'raw_text': 'Dove Indirizzo non disponibile'},
                         'image': '//citynews-avellinotoday.stgy.ovh/~media/horizontal-low/66153739393278/teatro-gesualdo-interno-650x325-2.jpg',
                         'prezzo': 'Prezzo non disponibile',
                         'quando': {'date_end': '2026-02-22',
                                    'date_start': '2026-01-31',
                                    'raw_text': 'Quando Dal 31/01/2026 al '
                                                '22/02/2026 Orario non '
                                                'disponibile',
                                    'schedule': 'Orario non disponibile'}},
              'list': {'category': None,
                       'date': 'dal 31 gennaio al 22 febbraio 2026',
                       'image': '//citynews-avellinotoday.stgy.ovh/~media/horizontal-mid/66153739393278/teatro-gesualdo-interno-650x325-2.jpg',
                       'location': None,
                       'stars': None,
                       'title': '"Avellino Cultura in città", spettacoli '
                                'gratuiti per tutti: tutti gli eventi in '
                                'programma'}},
 'scraped_at': '2026-02-02T19:45:36.778035',
 'source': 'city_today',
 'title': '"Avellino Cultura in città", spettacoli gratuiti per tutti: tutti '
          'gli eventi in programma',
 'url': 'https://www.avellinotoday.it/eventi/avellino-cultura-spettacoli-gratuiti.html',
 'uuid': '5d2ef1f5c279c1f5',
 'website': None}
[2026-02-02T19:45:38.053+0000] {docker.py:429} INFO - 2026-02-02 19:45:38 [scrapy.core.engine] DEBUG: Crawled (200) <GET https://www.avellinotoday.it/eventi/teatro-gesualdo-spettacoli-2025-2026.html> (referer: https://www.avellinotoday.it/eventi/dal/2026-02-02/al/2026-02-08/)
[2026-02-02T19:45:38.191+0000] {docker.py:429} INFO - 2026-02-02 19:45:38 [scrapy.core.scraper] DEBUG: Scraped from <200 https://www.avellinotoday.it/eventi/teatro-gesualdo-spettacoli-2025-2026.html>
{'category': [],
 'city': 'Avellino',
 'city_id': None,
 'content_hash': 'd3e609a8536903b6',
 'date_display': 'dal 21 ottobre 2025 al 11 aprile 2026',
 'date_end': '2026-04-11',
 'date_start': '2025-10-21',
 'description': 'Anche per la stagione 2025/2026 il Teatro Carlo Gesualdo di '
                'Avellino propone un cartellone ricco di appuntamenti '
                'imperdibili: musical, concerti, commedie, spettacoli per '
                'famiglie e grandi nomi della scena nazionale. Di seguito '
                'l’elenco completo degli eventi in programma, suddivisi tra '
                'spettacoli in abbonamento e fuori abbonamento. MARTEDÌ 21 – '
                'MERCOLEDÌ 22 OTTOBRE 2025 FRIDA OPERA MUSICA Un viaggio '
                'straordinario nella vita e nelle opere di Frida Kahlo in '
                'collaborazione con il Museo “Casa Azul” e il Museo Diego '
                'Rivera Anahuacalli di Città del Messico e con il Patrocinio '
                'dell’Ambasciata del Messico in Italia. Un musical potente e '
                'visionario che intreccia arte, rivoluzione e passione. Al '
                'centro di tutto la vita di Frida Kahlo (Federica Butera): il '
                'suo amore tormentato con Diego Rivera (Andrea Ortis), la '
                'forza del suo corpo ferito, la resistenza e la voglia di '
                'vivere, la lotta per l’identità e la libertà. Ad accompagnare '
                'il suo viaggio, la Catrina (Drusilla Foer), che incarna lo '
                'spirito del Messico profondo nel quale convivono, in un unico '
                'grande affresco, colori, musica e passione. SABATO 8 E '
                'DOMENICA 9 NOVEMBRE 2025 VINCENZO SALEMME OGNI PROMESSA È '
                'DEBITO “Ogni promessa è debito” è la nuova commedia di '
                'Vincenzo Salemme che racconta la storia di Benedetto Croce, '
                'titolare della pizzeria “Croce e delizia”, che si ritrova in '
                'una situazione di grave pericolo a bordo di una piccola '
                'imbarcazione insieme alla figlia Rebecca e al figlio Marco, e '
                'per salvare sé stesso e la sua famiglia fa voto a Sant’Anna. '
                'Il voto religioso, la promessa di donare una cifra cospicua '
                'in danaro alla santa protettrice del proprio paese, valgono '
                'comunque anche se fatti da un sonnambulo in stato di '
                'dormiveglia? Un’opera buffa, con molta comicità, che si '
                'sofferma sulle difficoltà di mantenere la parola data e che '
                'offre spunti di riflessione per l’eterno scontro tra egoismo '
                'e buona volon\xadtà, tra onestà e lucro, tra bisogno e '
                'avidità. SABATO 29 NOVEMBRE 2025 RAF SELF CONTROL 40TH '
                'ANNIVERSARY In occasione del 40esimo anniversario del suo '
                'iconico brano "Self Control", Raf torna nei teatri per '
                'omaggiare una delle hit italo disco più famose di sempre. Un '
                'successo non solo in Italia ma anche in Europa. Una festa in '
                'musica per celebrare una carriera ricca di classici ed una '
                'hit che resta sempre sulla cresta dell’onda. Una favola che '
                'si dipana in un viaggio musicale scandito da un metronomo di '
                'successi: Sei La Più Bella Del Mondo, Il battito Animale, '
                'Cosa Resterà degli Anni ‘80, Ti Pretendo, Infinito, Stai con '
                'Me, Non è mai un errore fino ai brani più recenti di un '
                'artista poliedrico e senza tempo DOMENICA 7 DICEMBRE 2025 '
                'CARMEN CONSOLI TEATRI 2025 Teatri 2025 è il nuovo progetto '
                'live della cantantessa catanese. Un tour intimo ed acustico '
                'che la vedrà impegnata a partire da ottobre 2025 e la '
                'riporterà all’acustica calda e morbida dei principali teatri '
                'italiani. La poliedrica cantautrice, uno dei nomi più '
                "interessanti della canzone d'autore italiana, porterà la sua "
                'identità musicale, variegata e ricchissima, piena di '
                'suggestioni che vanno dalla musica popolare al rock, targato '
                "anni Settanta, dalla canzone d'autore al blues, fino a "
                "toccare l'indie anni Novanta. Le sue creazioni caratterizzate "
                "da armonie compatte, sempre molto diverse l'una dall'altra, "
                'accompagneranno il pubblico in un concerto imperdibile SABATO '
                '20 E DOMENICA 21 DICEMBRE 2025 ALESSANDRO SIANI FAKE NEWS '
                'Alessandro Siani torna a teatro con un nuovo one-man show che '
                'nasce dall’unione della sua inedita performance televisiva '
                'Off Line con l’energia scenica e il ritmo serrato che da '
                'sempre contraddistinguono il suo stile. Fake News è uno '
                'specchio ironico e pungente della nostra società, travolta da '
                'notizie false, mezze verità, truffe digitali e menzogne '
                'quotidiane. Un viaggio tra bugie mediatiche e piccoli inganni '
                'personali, quelli che raccontiamo a noi stessi, agli amici, '
                'in amore e persino sul lavoro. Siani affronta con la sua '
                'inconfondibile ironia temi di grande attualità: le offerte '
                'trappola, le relazioni ambigue, le distorsioni dei social, le '
                'promesse dei politici – sempre rigorosamente false – e '
                'l’ascesa dell’intelligenza artificiale. SABATO 17 GENNAIO '
                '2026 TULLIO SOLENGHI E MASSIMO LOPEZ DOVE ERAVAMO RIMASTI '
                'Sono una delle coppie più amate e longeve dello spettacolo '
                'italiano e, come promesso, tornano ad Avellino dopo '
                'l’infortunio accorso lo scorso anno a Massimo Lopez, con uno '
                'show fatto da sketch, brani musicali, contributi video e '
                'alcuni picchi di comicità come la lectio magistralis di '
                'Sgarbi/Lopez, un affettuoso omaggio all’avanspettacolo, '
                'l’inedito Renato Zero di Solenghi o il confronto '
                'Mattarella/Papa Bergoglio, inseriti in una ormai collaudata '
                'dimensione dello show. Il filo conduttore sarà quello di una '
                'chiacchierata tra amici, accompagnata dalla band del maestro '
                'Gabriele Comeglio SABATO 28 GENNAIO 2026 COMPAGNIA DELLA '
                'RANCIA LA FEBBRE DEL SABATO SERA Arriva al Gesualdo la nuova '
                'versione italiana, prodotta da Compagnia della Rancia, di uno '
                'dei musical più famosi e amati al mondo. Lo spettacolo, su '
                'licenza Broadway Licensing, sarà diretto da Mauro Simone ed è '
                'ispirato al film Paramount/RSO del 1977 e alla storia di Nik '
                'Cohn che esplorava le nuove tendenze della vita notturna e '
                'della scena disco, adattato per il palcoscenico da Robert '
                'Stigwood in collaborazione con Bill Oakes (North American '
                'version scritta da Sean Cercone e David Abbinanti), con la '
                'coinvolgente colonna sonora dei Bee Gees e gli arrangiamenti '
                'e le orchestrazioni di David Abbinanti SABATO 14 FEBBRAIO '
                'LUMINA EMOZIONI - OMAGGIO A LUCIO BATTISTI Emozioni: Omaggio '
                'a Lucio Battisti è molto più di un semplice concerto. È '
                'un’esperienza sensoriale immersiva, un momento fuori dal '
                'tempo, dove musica e luce si fondono per dare vita a qualcosa '
                'di profondamente emozionante. A rendere unico questo evento è '
                'l’incredibile atmosfera creata da migliaia di candele, che '
                'trasformano ogni luogo in uno scenario incantato. Una '
                'coreografia di luce avvolgente, vibrante, capace di '
                'trasportare il pubblico in una dimensione sospesa, intima, '
                'poetica. Ogni fiammella contribuisce a disegnare un paesaggio '
                'emozionale che si fonde con il suono e diventa esperienza tra '
                'le note di canzoni indimenticabili come “Il mio canto '
                'libero”, “I giardini di marzo” e “Con il nastro rosa” VENERDÌ '
                '13 E SABATO 14 MARZO 2026 LA DIVINA COMMEDIA OPERA MUSICAL La '
                'prima opera musicale basata sull’omonimo poema di Dante '
                'Alighieri arriva ad Avellino per raccontare il viaggio del '
                'Sommo Poeta tra Inferno, Purgatorio e Paradiso alla ricerca '
                'dell’Amore. Diretto da Andrea Ortis, con le musiche di Marco '
                'Frisina e i testi di Andrea Ortis e Gianmario Pagano, questo '
                'spettacolo è un susseguirsi di incontri con personaggi '
                'straordinari, siano essi dannati o beati, in '
                'un’indimenticabile e suggestiva cornice di scenograﬁe e '
                'coreograﬁe che accompagnano le incantevoli voci di un cast '
                'd’eccezione. Dopo il successo delle precedenti stagioni e un '
                'Tour Internazionale in Cina da tutto esaurito, La Divina '
                'Commedia torna in un nuovo, emozionante allestimento '
                'teatrale, con imponenti maxi-proiezioni e sorprendenti eﬀetti '
                'speciali SABATO 28 MARZO 2026 PATTY PRAVO HO PROVATO TUTTO '
                'Diva per antonomasia della canzone italiana, protagonista '
                'indiscussa della scena musicale degli ultimi 60 anni, Patty '
                'Pravo torna nei teatri con Ho provato tutto, un concerto '
                'intimo e suggestivo che prende le mosse dal titolo della sua '
                'ultima fatica discografica, pubblicata da Nar International '
                'Srl e distribuita da Warner Music Italy. Scritto da Francesco '
                'Bianconi e prodotto da Taketo Gohara, “Ho provato tutto” è '
                'una fotografia nitida ed esplicita delle esperienze più '
                'intense vissute dall’artista e tratteggia il suo percorso più '
                'intimo e personale. Artista sempre libera e all’avanguardia, '
                'con la sua voce possente e aliena ha stravolto i canoni '
                'relativi all’interpretazione femminile in Italia. La sua '
                'personalità inafferrabile, anticonformista e sfrontata, '
                'l’hanno resa un’icona MERCOLEDÌ 1 APRILE 2026 GIANRICO '
                'CAROFIGLIO ELOGIO DELL’IGNORANZA DELL’ERRORE Biasimare gli '
                "errori e stigmatizzare l'ignoranza sono considerate pratiche "
                'virtuose. Necessarie. Ma le cose, forse, non stanno proprio '
                'così. Prendendo spunto da aneddoti, dalla scienza, dallo '
                'sport, da pensatori come Machiavelli, Montaigne e Sandel, ma '
                'anche da Mike Tyson, Bruce Lee e Roger Federer, Gianrico '
                "Carofiglio ci racconta la gioia dell'ignoranza consapevole e "
                'le fenomenali opportunità che nascono dal riconoscere i '
                'nostri errori. Imparando, quando è possibile, a trarne '
                'profitto. Una riflessione inattesa su due parole che non '
                "godono di buona fama. Un'allegra celebrazione della nostra "
                'umanità. SABATO 11 APRILE 2026 FORZA VENITE GENTE IL MUSICAL '
                '– 45TH ANNIVERSARY Nel lontano 9 ottobre 1981, esattamente 45 '
                'anni fa, al Teatro Unione di Viterbo, debuttò una Commedia '
                'musicale che, nel giro di pochi anni, sarebbe diventata un '
                'vero e proprio spettacolo-culto dell’intero panorama '
                'nazionale, arrivando a varcarne gli stessi confini '
                'geografici, per essere tradotta in otto lingue, e '
                'rappresentata in Paesi come Brasile, Messico, Polonia, '
                'Ucraina, Albania e Bielorussia. Stiamo parlando di Forza '
                'Venite Gente, il musical sulla vita di San Francesco d’Assisi '
                'che ha fatto registrare oltre 3.500 repliche, più di 2 '
                'milioni e 500 mila spettatori che arriva ad Avellino per una '
                'serata imperdibile SPETTACOLI FUORI ABBONAMENTO SABATO 25 '
                'OTTOBRE 2025 MASSIMO RANIERI TUTTI I SOGNI ANCORA IN VOLO '
                'Massimo Ranieri non si ferma e riprende il suo viaggio nei '
                'teatri più belli d’Italia con lo spettacolo “Tutti i sogni '
                'ancora in volo”, ideato e scritto da Edoardo Falcone che ha '
                "ripreso a planare lo scorso 30 luglio dall'Auditorium Parco "
                'della Musica Ennio Morricone di Roma. Dopo le 800 repliche '
                'del suo ultimo spettacolo “Sogno e son desto”, Ranieri torna '
                'in tour con una nuova avventura tra canto, recitazione, brani '
                'celebri, sketch divertenti e racconti inediti, per '
                'ripercorrere insieme al suo affezionato pubblico una carriera '
                'straordinaria MARTEDÌ 11, MERCOLEDÌ 12 E VENERDÌ 14 NOVEMBRE '
                '2025 CLAUDIO BAGLIONI PIANO DI VOLO SOLO TRIS Dopo il '
                'successo dei tour “Solo” e “SoloBIS”, Claudio Baglioni '
                'riprende il suo percorso concertistico con il terzo, nuovo e '
                'perfezionato capitolo dell’esperienza musicale dal vivo nei '
                'teatri lirici di tutta Italia. “Piano di volo” è un '
                'concerto-racconto del cantautore, unico protagonista sulla '
                'scena. Un’impresa innovativa e sempre rinnovata, una '
                'trasvolata solitaria in cui l’interprete, il compositore, il '
                'musicista e l’intrattenitore s’incontrano tra musica e '
[2026-02-02T19:45:38.201+0000] {docker.py:429} INFO - 'invenzione, parola e narrazione, storia e sperimentazione, '
                'rigore e improvvisazione SABATO 3 GENNAIO 2026 COMPAGNIA '
                'DELLE FORMICHE ALICE NEL PAESE DELLE MERAVIGLIE Se sarete '
                'curiosi come Alice e la seguirete fin dentro la tana del '
                'coniglio bianco, assisterete a un vero e proprio trionfo di '
                'fantasia. In un Paese delle Meraviglie in cui i bruchi '
                'borbottano e i gatti parlano, anche un Cappellaio Matto non '
                'vi sembrerà poi tanto folle. Se anche riusciste a non perdere '
                'la testa in un mondo completamente al contrario, state in '
                'guardia: con la Regina di Cuori nei paraggi, nessuna testa è '
                'al sicuro. Un grande classico della letteratura in un nuovo, '
                'sorprendente musical. Un cast di 15 eccezionali performer '
                'farà rivivere a grandi e bambini le emozioni e le continue '
                'sorprese che solo il Paese delle Meraviglie sa regalare! Le '
                'musiche coinvolgenti, gli oltre quaranta meravigliosi costumi '
                'cuciti a mano e le spettacolari scenografie faranno da '
                'cornice ad uno spettacolo indimenticabile',
 'event_id': 'teatro-gesualdo-spettacoli-2025-2026',
 'image_url': '//citynews-avellinotoday.stgy.ovh/~media/horizontal-low/37726749245166/20250716_163956-2.jpg',
 'location_address': None,
 'location_name': 'Teatro Gesualdo',
 'price': 'Prezzo non disponibile',
 'raw_data': {'detail': {'altre_informazioni': {'raw_text': 'Altre '
                                                            'informazioni',
                                                'website': None},
                         'descrizione': 'Anche per la stagione 2025/2026 il '
                                        'Teatro Carlo Gesualdo di Avellino '
                                        'propone un cartellone ricco di '
                                        'appuntamenti imperdibili: musical, '
                                        'concerti, commedie, spettacoli per '
                                        'famiglie e grandi nomi della scena '
                                        'nazionale. Di seguito l’elenco '
                                        'completo degli eventi in programma, '
                                        'suddivisi tra spettacoli in '
                                        'abbonamento e fuori abbonamento. '
                                        'MARTEDÌ 21 – MERCOLEDÌ 22 OTTOBRE '
                                        '2025 FRIDA OPERA MUSICA Un viaggio '
                                        'straordinario nella vita e nelle '
                                        'opere di Frida Kahlo in '
                                        'collaborazione con il Museo “Casa '
                                        'Azul” e il Museo Diego Rivera '
                                        'Anahuacalli di Città del Messico e '
                                        'con il Patrocinio dell’Ambasciata del '
                                        'Messico in Italia. Un musical potente '
                                        'e visionario che intreccia arte, '
                                        'rivoluzione e passione. Al centro di '
                                        'tutto la vita di Frida Kahlo '
                                        '(Federica Butera): il suo amore '
                                        'tormentato con Diego Rivera (Andrea '
                                        'Ortis), la forza del suo corpo '
                                        'ferito, la resistenza e la voglia di '
                                        'vivere, la lotta per l’identità e la '
                                        'libertà. Ad accompagnare il suo '
                                        'viaggio, la Catrina (Drusilla Foer), '
                                        'che incarna lo spirito del Messico '
                                        'profondo nel quale convivono, in un '
                                        'unico grande affresco, colori, musica '
                                        'e passione. SABATO 8 E DOMENICA 9 '
                                        'NOVEMBRE 2025 VINCENZO SALEMME OGNI '
                                        'PROMESSA È DEBITO “Ogni promessa è '
                                        'debito” è la nuova commedia di '
                                        'Vincenzo Salemme che racconta la '
                                        'storia di Benedetto Croce, titolare '
                                        'della pizzeria “Croce e delizia”, che '
                                        'si ritrova in una situazione di grave '
                                        'pericolo a bordo di una piccola '
                                        'imbarcazione insieme alla figlia '
                                        'Rebecca e al figlio Marco, e per '
                                        'salvare sé stesso e la sua famiglia '
                                        'fa voto a Sant’Anna. Il voto '
                                        'religioso, la promessa di donare una '
                                        'cifra cospicua in danaro alla santa '
                                        'protettrice del proprio paese, '
                                        'valgono comunque anche se fatti da un '
                                        'sonnambulo in stato di dormiveglia? '
                                        'Un’opera buffa, con molta comicità, '
                                        'che si sofferma sulle difficoltà di '
                                        'mantenere la parola data e che offre '
                                        'spunti di riflessione per l’eterno '
                                        'scontro tra egoismo e buona '
                                        'volon\xadtà, tra onestà e lucro, tra '
                                        'bisogno e avidità. SABATO 29 NOVEMBRE '
                                        '2025 RAF SELF CONTROL 40TH '
                                        'ANNIVERSARY In occasione del 40esimo '
                                        'anniversario del suo iconico brano '
                                        '"Self Control", Raf torna nei teatri '
                                        'per omaggiare una delle hit italo '
                                        'disco più famose di sempre. Un '
                                        'successo non solo in Italia ma anche '
                                        'in Europa. Una festa in musica per '
                                        'celebrare una carriera ricca di '
                                        'classici ed una hit che resta sempre '
                                        'sulla cresta dell’onda. Una favola '
                                        'che si dipana in un viaggio musicale '
                                        'scandito da un metronomo di successi: '
                                        'Sei La Più Bella Del Mondo, Il '
                                        'battito Animale, Cosa Resterà degli '
                                        'Anni ‘80, Ti Pretendo, Infinito, Stai '
                                        'con Me, Non è mai un errore fino ai '
                                        'brani più recenti di un artista '
                                        'poliedrico e senza tempo DOMENICA 7 '
                                        'DICEMBRE 2025 CARMEN CONSOLI TEATRI '
                                        '2025 Teatri 2025 è il nuovo progetto '
                                        'live della cantantessa catanese. Un '
                                        'tour intimo ed acustico che la vedrà '
                                        'impegnata a partire da ottobre 2025 e '
                                        'la riporterà all’acustica calda e '
                                        'morbida dei principali teatri '
                                        'italiani. La poliedrica cantautrice, '
                                        'uno dei nomi più interessanti della '
                                        "canzone d'autore italiana, porterà la "
                                        'sua identità musicale, variegata e '
                                        'ricchissima, piena di suggestioni che '
                                        'vanno dalla musica popolare al rock, '
                                        'targato anni Settanta, dalla canzone '
                                        "d'autore al blues, fino a toccare "
                                        "l'indie anni Novanta. Le sue "
                                        'creazioni caratterizzate da armonie '
                                        "compatte, sempre molto diverse l'una "
                                        "dall'altra, accompagneranno il "
                                        'pubblico in un concerto imperdibile '
                                        'SABATO 20 E DOMENICA 21 DICEMBRE 2025 '
                                        'ALESSANDRO SIANI FAKE NEWS Alessandro '
                                        'Siani torna a teatro con un nuovo '
                                        'one-man show che nasce dall’unione '
                                        'della sua inedita performance '
                                        'televisiva Off Line con l’energia '
                                        'scenica e il ritmo serrato che da '
                                        'sempre contraddistinguono il suo '
                                        'stile. Fake News è uno specchio '
                                        'ironico e pungente della nostra '
                                        'società, travolta da notizie false, '
                                        'mezze verità, truffe digitali e '
                                        'menzogne quotidiane. Un viaggio tra '
                                        'bugie mediatiche e piccoli inganni '
                                        'personali, quelli che raccontiamo a '
                                        'noi stessi, agli amici, in amore e '
                                        'persino sul lavoro. Siani affronta '
                                        'con la sua inconfondibile ironia temi '
                                        'di grande attualità: le offerte '
                                        'trappola, le relazioni ambigue, le '
                                        'distorsioni dei social, le promesse '
                                        'dei politici – sempre rigorosamente '
                                        'false – e l’ascesa dell’intelligenza '
                                        'artificiale. SABATO 17 GENNAIO 2026 '
                                        'TULLIO SOLENGHI E MASSIMO LOPEZ DOVE '
                                        'ERAVAMO RIMASTI Sono una delle coppie '
                                        'più amate e longeve dello spettacolo '
                                        'italiano e, come promesso, tornano ad '
                                        'Avellino dopo l’infortunio accorso lo '
                                        'scorso anno a Massimo Lopez, con uno '
                                        'show fatto da sketch, brani musicali, '
                                        'contributi video e alcuni picchi di '
                                        'comicità come la lectio magistralis '
                                        'di Sgarbi/Lopez, un affettuoso '
                                        'omaggio all’avanspettacolo, l’inedito '
                                        'Renato Zero di Solenghi o il '
                                        'confronto Mattarella/Papa Bergoglio, '
                                        'inseriti in una ormai collaudata '
                                        'dimensione dello show. Il filo '
                                        'conduttore sarà quello di una '
                                        'chiacchierata tra amici, accompagnata '
                                        'dalla band del maestro Gabriele '
                                        'Comeglio SABATO 28 GENNAIO 2026 '
                                        'COMPAGNIA DELLA RANCIA LA FEBBRE DEL '
                                        'SABATO SERA Arriva al Gesualdo la '
                                        'nuova versione italiana, prodotta da '
                                        'Compagnia della Rancia, di uno dei '
                                        'musical più famosi e amati al mondo. '
                                        'Lo spettacolo, su licenza Broadway '
                                        'Licensing, sarà diretto da Mauro '
                                        'Simone ed è ispirato al film '
                                        'Paramount/RSO del 1977 e alla storia '
                                        'di Nik Cohn che esplorava le nuove '
                                        'tendenze della vita notturna e della '
                                        'scena disco, adattato per il '
                                        'palcoscenico da Robert Stigwood in '
                                        'collaborazione con Bill Oakes (North '
                                        'American version scritta da Sean '
                                        'Cercone e David Abbinanti), con la '
                                        'coinvolgente colonna sonora dei Bee '
                                        'Gees e gli arrangiamenti e le '
                                        'orchestrazioni di David Abbinanti '
                                        'SABATO 14 FEBBRAIO LUMINA EMOZIONI - '
                                        'OMAGGIO A LUCIO BATTISTI Emozioni: '
                                        'Omaggio a Lucio Battisti è molto più '
                                        'di un semplice concerto. È '
                                        'un’esperienza sensoriale immersiva, '
                                        'un momento fuori dal tempo, dove '
                                        'musica e luce si fondono per dare '
                                        'vita a qualcosa di profondamente '
                                        'emozionante. A rendere unico questo '
                                        'evento è l’incredibile atmosfera '
                                        'creata da migliaia di candele, che '
                                        'trasformano ogni luogo in uno '
                                        'scenario incantato. Una coreografia '
                                        'di luce avvolgente, vibrante, capace '
                                        'di trasportare il pubblico in una '
                                        'dimensione sospesa, intima, poetica. '
                                        'Ogni fiammella contribuisce a '
                                        'disegnare un paesaggio emozionale che '
                                        'si fonde con il suono e diventa '
                                        'esperienza tra le note di canzoni '
                                        'indimenticabili come “Il mio canto '
                                        'libero”, “I giardini di marzo” e “Con '
                                        'il nastro rosa” VENERDÌ 13 E SABATO '
                                        '14 MARZO 2026 LA DIVINA COMMEDIA '
                                        'OPERA MUSICAL La prima opera musicale '
                                        'basata sull’omonimo poema di Dante '
                                        'Alighieri arriva ad Avellino per '
                                        'raccontare il viaggio del Sommo Poeta '
                                        'tra Inferno, Purgatorio e Paradiso '
                                        'alla ricerca dell’Amore. Diretto da '
                                        'Andrea Ortis, con le musiche di Marco '
                                        'Frisina e i testi di Andrea Ortis e '
                                        'Gianmario Pagano, questo spettacolo è '
                                        'un susseguirsi di incontri con '
                                        'personaggi straordinari, siano essi '
                                        'dannati o beati, in '
                                        'un’indimenticabile e suggestiva '
                                        'cornice di scenograﬁe e coreograﬁe '
                                        'che accompagnano le incantevoli voci '
                                        'di un cast d’eccezione. Dopo il '
                                        'successo delle precedenti stagioni e '
                                        'un Tour Internazionale in Cina da '
                                        'tutto esaurito, La Divina Commedia '
                                        'torna in un nuovo, emozionante '
                                        'allestimento teatrale, con imponenti '
                                        'maxi-proiezioni e sorprendenti eﬀetti '
                                        'speciali SABATO 28 MARZO 2026 PATTY '
                                        'PRAVO HO PROVATO TUTTO Diva per '
                                        'antonomasia della canzone italiana, '
                                        'protagonista indiscussa della scena '
                                        'musicale degli ultimi 60 anni, Patty '
                                        'Pravo torna nei teatri con Ho provato '
                                        'tutto, un concerto intimo e '
[2026-02-02T19:45:38.202+0000] {docker.py:429} INFO - 'suggestivo che prende le mosse dal '
                                        'titolo della sua ultima fatica '
                                        'discografica, pubblicata da Nar '
                                        'International Srl e distribuita da '
                                        'Warner Music Italy. Scritto da '
                                        'Francesco Bianconi e prodotto da '
                                        'Taketo Gohara, “Ho provato tutto” è '
                                        'una fotografia nitida ed esplicita '
                                        'delle esperienze più intense vissute '
                                        'dall’artista e tratteggia il suo '
                                        'percorso più intimo e personale. '
                                        'Artista sempre libera e '
                                        'all’avanguardia, con la sua voce '
                                        'possente e aliena ha stravolto i '
                                        'canoni relativi all’interpretazione '
                                        'femminile in Italia. La sua '
                                        'personalità inafferrabile, '
                                        'anticonformista e sfrontata, l’hanno '
                                        'resa un’icona MERCOLEDÌ 1 APRILE 2026 '
                                        'GIANRICO CAROFIGLIO ELOGIO '
                                        'DELL’IGNORANZA DELL’ERRORE Biasimare '
                                        'gli errori e stigmatizzare '
                                        "l'ignoranza sono considerate pratiche "
                                        'virtuose. Necessarie. Ma le cose, '
                                        'forse, non stanno proprio così. '
                                        'Prendendo spunto da aneddoti, dalla '
                                        'scienza, dallo sport, da pensatori '
                                        'come Machiavelli, Montaigne e Sandel, '
                                        'ma anche da Mike Tyson, Bruce Lee e '
                                        'Roger Federer, Gianrico Carofiglio ci '
                                        "racconta la gioia dell'ignoranza "
                                        'consapevole e le fenomenali '
                                        'opportunità che nascono dal '
                                        'riconoscere i nostri errori. '
                                        'Imparando, quando è possibile, a '
                                        'trarne profitto. Una riflessione '
                                        'inattesa su due parole che non godono '
                                        "di buona fama. Un'allegra "
                                        'celebrazione della nostra umanità. '
                                        'SABATO 11 APRILE 2026 FORZA VENITE '
                                        'GENTE IL MUSICAL – 45TH ANNIVERSARY '
                                        'Nel lontano 9 ottobre 1981, '
                                        'esattamente 45 anni fa, al Teatro '
                                        'Unione di Viterbo, debuttò una '
                                        'Commedia musicale che, nel giro di '
                                        'pochi anni, sarebbe diventata un vero '
                                        'e proprio spettacolo-culto '
                                        'dell’intero panorama nazionale, '
                                        'arrivando a varcarne gli stessi '
                                        'confini geografici, per essere '
                                        'tradotta in otto lingue, e '
                                        'rappresentata in Paesi come Brasile, '
                                        'Messico, Polonia, Ucraina, Albania e '
                                        'Bielorussia. Stiamo parlando di Forza '
                                        'Venite Gente, il musical sulla vita '
                                        'di San Francesco d’Assisi che ha '
                                        'fatto registrare oltre 3.500 '
                                        'repliche, più di 2 milioni e 500 mila '
                                        'spettatori che arriva ad Avellino per '
                                        'una serata imperdibile SPETTACOLI '
                                        'FUORI ABBONAMENTO SABATO 25 OTTOBRE '
                                        '2025 MASSIMO RANIERI TUTTI I SOGNI '
                                        'ANCORA IN VOLO Massimo Ranieri non si '
                                        'ferma e riprende il suo viaggio nei '
                                        'teatri più belli d’Italia con lo '
                                        'spettacolo “Tutti i sogni ancora in '
                                        'volo”, ideato e scritto da Edoardo '
                                        'Falcone che ha ripreso a planare lo '
                                        "scorso 30 luglio dall'Auditorium "
                                        'Parco della Musica Ennio Morricone di '
                                        'Roma. Dopo le 800 repliche del suo '
                                        'ultimo spettacolo “Sogno e son '
                                        'desto”, Ranieri torna in tour con una '
                                        'nuova avventura tra canto, '
                                        'recitazione, brani celebri, sketch '
                                        'divertenti e racconti inediti, per '
                                        'ripercorrere insieme al suo '
                                        'affezionato pubblico una carriera '
                                        'straordinaria MARTEDÌ 11, MERCOLEDÌ '
                                        '12 E VENERDÌ 14 NOVEMBRE 2025 CLAUDIO '
                                        'BAGLIONI PIANO DI VOLO SOLO TRIS Dopo '
                                        'il successo dei tour “Solo” e '
                                        '“SoloBIS”, Claudio Baglioni riprende '
                                        'il suo percorso concertistico con il '
                                        'terzo, nuovo e perfezionato capitolo '
                                        'dell’esperienza musicale dal vivo nei '
                                        'teatri lirici di tutta Italia. “Piano '
                                        'di volo” è un concerto-racconto del '
                                        'cantautore, unico protagonista sulla '
                                        'scena. Un’impresa innovativa e sempre '
                                        'rinnovata, una trasvolata solitaria '
                                        'in cui l’interprete, il compositore, '
                                        'il musicista e l’intrattenitore '
                                        's’incontrano tra musica e invenzione, '
                                        'parola e narrazione, storia e '
                                        'sperimentazione, rigore e '
                                        'improvvisazione SABATO 3 GENNAIO 2026 '
                                        'COMPAGNIA DELLE FORMICHE ALICE NEL '
                                        'PAESE DELLE MERAVIGLIE Se sarete '
                                        'curiosi come Alice e la seguirete fin '
                                        'dentro la tana del coniglio bianco, '
                                        'assisterete a un vero e proprio '
                                        'trionfo di fantasia. In un Paese '
                                        'delle Meraviglie in cui i bruchi '
                                        'borbottano e i gatti parlano, anche '
                                        'un Cappellaio Matto non vi sembrerà '
                                        'poi tanto folle. Se anche riusciste a '
                                        'non perdere la testa in un mondo '
                                        'completamente al contrario, state in '
                                        'guardia: con la Regina di Cuori nei '
                                        'paraggi, nessuna testa è al sicuro. '
                                        'Un grande classico della letteratura '
                                        'in un nuovo, sorprendente musical. Un '
                                        'cast di 15 eccezionali performer farà '
                                        'rivivere a grandi e bambini le '
                                        'emozioni e le continue sorprese che '
                                        'solo il Paese delle Meraviglie sa '
                                        'regalare! Le musiche coinvolgenti, '
                                        'gli oltre quaranta meravigliosi '
                                        'costumi cuciti a mano e le '
                                        'spettacolari scenografie faranno da '
                                        'cornice ad uno spettacolo '
                                        'indimenticabile',
                         'dove': {'address': None,
                                  'name': 'Teatro Gesualdo',
                                  'raw_text': 'Dove Teatro Gesualdo Indirizzo '
                                              'non disponibile'},
                         'image': '//citynews-avellinotoday.stgy.ovh/~media/horizontal-low/37726749245166/20250716_163956-2.jpg',
                         'prezzo': 'Prezzo non disponibile',
                         'quando': {'date_end': '2026-04-11',
                                    'date_start': '2025-10-21',
                                    'raw_text': 'Quando Dal 21/10/2025 al '
                                                '11/04/2026 Orario non '
                                                'disponibile',
                                    'schedule': 'Orario non disponibile'}},
              'list': {'category': None,
                       'date': 'dal 21 ottobre 2025 al 11 aprile 2026',
                       'image': '//citynews-avellinotoday.stgy.ovh/~media/horizontal-mid/37726749245166/20250716_163956-2.jpg',
                       'location': 'Teat
[2026-02-02T19:45:38.207+0000] {docker.py:429} INFO - ro Gesualdo',
                       'stars': None,
                       'title': 'Teatro Gesualdo Avellino – Stagione '
                                "2025/2026: l'elenco completo degli "
                                'spettacoli'}},
 'scraped_at': '2026-02-02T19:45:38.169113',
 'source': 'city_today',
 'title': "Teatro Gesualdo Avellino – Stagione 2025/2026: l'elenco completo "
          'degli spettacoli',
 'url': 'https://www.avellinotoday.it/eventi/teatro-gesualdo-spettacoli-2025-2026.html',
 'uuid': 'e213906b6daba6e9',
 'website': None}
[2026-02-02T19:45:39.360+0000] {docker.py:429} INFO - 2026-02-02 19:45:39 [scrapy.core.engine] DEBUG: Crawled (200) <GET https://www.avellinotoday.it/eventi/avellino-festa-san-biagio-compatrono-protettore-gola.html> (referer: https://www.avellinotoday.it/eventi/dal/2026-02-02/al/2026-02-08/)
[2026-02-02T19:45:39.465+0000] {docker.py:429} INFO - 2026-02-02 19:45:39 [scrapy.core.scraper] DEBUG: Scraped from <200 https://www.avellinotoday.it/eventi/avellino-festa-san-biagio-compatrono-protettore-gola.html>
{'category': ['Religione'],
 'city': 'Avellino',
 'city_id': None,
 'content_hash': 'd14405c6f7379072',
 'date_display': '3 febbraio 2026',
 'date_end': '2026-02-03',
 'date_start': '2026-02-03',
 'description': 'Avellino si appresta a celebrare la solennità di San Biagio '
                'Vescovo e Martire, compatrono della città e protettore della '
                'gola, che ricorrerà il 3 febbraio 2026. Una festa molto '
                'sentita dalla comunità avellinese, segno di una devozione '
                'antica e sempre viva. San Biagio, esempio di fede coraggiosa '
                'e carità operosa, è ricordato come guida spirituale che '
                'invita a usare la parola per il bene e a purificare le '
                'intenzioni del cuore. La sua protezione, tradizionalmente '
                'legata alla gola, richiama anche una guarigione più profonda, '
                'spirituale, contro l’egoismo e la vanità. Nel giorno della '
                'festa, presso la Chiesa di San Biagio in piazza Duomo, '
                'durante tutte le celebrazioni eucaristiche sarà impartita la '
                'tradizionale benedizione della gola a tutti i fedeli. In tale '
                'occasione sarà inoltre possibile ricevere i pani con gli oli '
                'benedetti, secondo l’antica tradizione. La celebrazione è '
                'curata con attenzione dall’Arciconfraternita dell’Immacolata, '
                'il cui impegno testimonia l’importanza di questa ricorrenza '
                'per la città. Nei prossimi giorni verrà reso noto il '
                'programma dettagliato delle celebrazioni',
 'event_id': 'avellino-festa-san-biagio-compatrono-protettore-gola',
 'image_url': '//citynews-avellinotoday.stgy.ovh/~media/horizontal-low/18832048788431/avellino-si-prepara-alla-festa-di-san-biagio-compatrono-e-protettore-della-gola-2.jpg',
 'location_address': 'Avellino',
 'location_name': 'Arciconfraternita Immacolata',
 'price': 'Prezzo non disponibile',
 'raw_data': {'detail': {'altre_informazioni': {'raw_text': 'Altre '
                                                            'informazioni',
                                                'website': None},
                         'descrizione': 'Avellino si appresta a celebrare la '
                                        'solennità di San Biagio Vescovo e '
                                        'Martire, compatrono della città e '
                                        'protettore della gola, che ricorrerà '
                                        'il 3 febbraio 2026. Una festa molto '
                                        'sentita dalla comunità avellinese, '
                                        'segno di una devozione antica e '
                                        'sempre viva. San Biagio, esempio di '
                                        'fede coraggiosa e carità operosa, è '
                                        'ricordato come guida spirituale che '
                                        'invita a usare la parola per il bene '
                                        'e a purificare le intenzioni del '
                                        'cuore. La sua protezione, '
                                        'tradizionalmente legata alla gola, '
                                        'richiama anche una guarigione più '
                                        'profonda, spirituale, contro '
                                        'l’egoismo e la vanità. Nel giorno '
                                        'della festa, presso la Chiesa di San '
                                        'Biagio in piazza Duomo, durante tutte '
                                        'le celebrazioni eucaristiche sarà '
                                        'impartita la tradizionale benedizione '
                                        'della gola a tutti i fedeli. In tale '
                                        'occasione sarà inoltre possibile '
                                        'ricevere i pani con gli oli '
                                        'benedetti, secondo l’antica '
                                        'tradizione. La celebrazione è curata '
                                        'con attenzione dall’Arciconfraternita '
                                        'dell’Immacolata, il cui impegno '
                                        'testimonia l’importanza di questa '
                                        'ricorrenza per la città. Nei prossimi '
                                        'giorni verrà reso noto il programma '
                                        'dettagliato delle celebrazioni',
                         'dove': {'address': 'Avellino',
                                  'name': 'Arciconfraternita Immacolata',
                                  'raw_text': 'Dove Arciconfraternita '
                                              'Immacolata Avellino'},
                         'image': '//citynews-avellinotoday.stgy.ovh/~media/horizontal-low/18832048788431/avellino-si-prepara-alla-festa-di-san-biagio-compatrono-e-protettore-della-gola-2.jpg',
                         'prezzo': 'Prezzo non disponibile',
                         'quando': {'date_end': '2026-02-03',
                                    'date_start': '2026-02-03',
                                    'raw_text': 'Quando Dal 03/02/2026 al '
                                                '03/02/2026 solo domani Orario '
                                                'non disponibile',
                                    'schedule': 'Orario non disponibile'}},
              'list': {'category': 'Religione',
                       'date': '3 febbraio 2026',
                       'image': '//citynews-avellinotoday.stgy.ovh/~media/horizontal-mid/18832048788431/avellino-si-prepara-alla-festa-di-san-biagio-compatrono-e-protettore-della-gola-2.jpg',
                       'location': 'Arciconfraternita Immacolata',
                       'stars': 5,
                       'title': 'Avellino si prepara alla festa di San Biagio, '
                                'compatrono e protettore della gola'}},
 'scraped_at': '2026-02-02T19:45:39.462703',
 'source': 'city_today',
 'title': 'Avellino si prepara alla festa di San Biagio, compatrono e '
          'protettore della gola',
 'url': 'https://www.avellinotoday.it/eventi/avellino-festa-san-biagio-compatrono-protettore-gola.html',
 'uuid': 'c024aa321908483a',
 'website': None}
[2026-02-02T19:45:39.467+0000] {docker.py:429} INFO - 2026-02-02 19:45:39 [scrapy.core.engine] INFO: Closing spider (finished)
[2026-02-02T19:45:39.468+0000] {docker.py:429} INFO - 2026-02-02 19:45:39 [scrapy.extensions.feedexport] INFO: Stored json feed (32 items) in: /app/city_today/output/eventi_avellino_questa-settimana_20260202_194454.json
[2026-02-02T19:45:39.469+0000] {docker.py:429} INFO - 2026-02-02 19:45:39 [scrapy.statscollectors] INFO: Dumping Scrapy stats:
{'downloader/request_bytes': 14390,
 'downloader/request_count': 34,
 'downloader/request_method_count/GET': 34,
 'downloader/response_bytes': 5102826,
 'downloader/response_count': 34,
 'downloader/response_status_count/200': 34,
 'elapsed_time_seconds': 44.211428,
 'feedexport/success_count/FileFeedStorage': 1,
 'finish_reason': 'finished',
 'finish_time': datetime.datetime(2026, 2, 2, 19, 45, 39, 465079, tzinfo=datetime.timezone.utc),
 'httpcompression/response_bytes': 27525979,
 'httpcompression/response_count': 34,
 'item_scraped_count': 32,
 'items_per_city/Avellino': 32,
 'items_per_minute': 43.63636363636364,
 'log_count/DEBUG': 66,
 'log_count/INFO': 3,
 'memusage/max': 68104192,
 'memusage/startup': 68104192,
 'request_depth_max': 1,
 'response_received_count': 34,
 'responses_per_minute': 46.36363636363637,
 'robotstxt/request_count': 1,
 'robotstxt/response_count': 1,
 'robotstxt/response_status_count/200': 1,
 'scheduler/dequeued': 33,
 'scheduler/dequeued/memory': 33,
 'scheduler/enqueued': 33,
 'scheduler/enqueued/memory': 33,
 'start_time': datetime.datetime(2026, 2, 2, 19, 44, 55, 253651, tzinfo=datetime.timezone.utc)}
2026-02-02 19:45:39 [scrapy.core.engine] INFO: Spider closed (finished)
[2026-02-02T19:45:39.505+0000] {docker.py:429} INFO - Scraping completato. File: /app/city_today/output/eventi_avellino_questa-settimana_20260202_194454.json
[2026-02-02T19:45:39.795+0000] {taskinstance.py:1138} INFO - Marking task as SUCCESS. dag_id=etl_events_daily, task_id=process_avellino.scrape_city_today, execution_date=20260201T060000, start_date=20260202T194451, end_date=20260202T194539
[2026-02-02T19:45:39.815+0000] {local_task_job_runner.py:234} INFO - Task exited with return code 0
[2026-02-02T19:45:39.850+0000] {taskinstance.py:3280} INFO - 0 downstream tasks scheduled from follow-on schedule check
