[2026-01-30T14:24:41.486+0000] {taskinstance.py:1956} INFO - Dependencies all met for dep_context=non-requeueable deps ti=<TaskInstance: etl_events_daily.process_piacenza.scrape_city_today scheduled__2026-01-29T06:00:00+00:00 [queued]>
[2026-01-30T14:24:41.495+0000] {taskinstance.py:1956} INFO - Dependencies all met for dep_context=requeueable deps ti=<TaskInstance: etl_events_daily.process_piacenza.scrape_city_today scheduled__2026-01-29T06:00:00+00:00 [queued]>
[2026-01-30T14:24:41.495+0000] {taskinstance.py:2170} INFO - Starting attempt 1 of 4
[2026-01-30T14:24:41.503+0000] {taskinstance.py:2191} INFO - Executing <Task(FilterableDockerOperator): process_piacenza.scrape_city_today> on 2026-01-29 06:00:00+00:00
[2026-01-30T14:24:41.507+0000] {standard_task_runner.py:60} INFO - Started process 342 to run task
[2026-01-30T14:24:41.509+0000] {standard_task_runner.py:87} INFO - Running: ['airflow', 'tasks', 'run', 'etl_events_daily', 'process_piacenza.scrape_city_today', 'scheduled__2026-01-29T06:00:00+00:00', '--job-id', '329', '--raw', '--subdir', 'DAGS_FOLDER/scrape_events.py', '--cfg-path', '/tmp/tmpdgrr4_ss']
[2026-01-30T14:24:41.512+0000] {standard_task_runner.py:88} INFO - Job 329: Subtask process_piacenza.scrape_city_today
[2026-01-30T14:24:41.531+0000] {logging_mixin.py:188} WARNING - /home/airflow/.local/lib/python3.11/site-packages/airflow/settings.py:194 DeprecationWarning: The sql_alchemy_conn option in [core] has been moved to the sql_alchemy_conn option in [database] - the old setting has been used, but please update your config.
[2026-01-30T14:24:41.576+0000] {task_command.py:423} INFO - Running <TaskInstance: etl_events_daily.process_piacenza.scrape_city_today scheduled__2026-01-29T06:00:00+00:00 [running]> on host a9aac56aef94
[2026-01-30T14:24:41.667+0000] {taskinstance.py:2480} INFO - Exporting env vars: AIRFLOW_CTX_DAG_OWNER='airflow' AIRFLOW_CTX_DAG_ID='etl_events_daily' AIRFLOW_CTX_TASK_ID='process_piacenza.scrape_city_today' AIRFLOW_CTX_EXECUTION_DATE='2026-01-29T06:00:00+00:00' AIRFLOW_CTX_TRY_NUMBER='1' AIRFLOW_CTX_DAG_RUN_ID='scheduled__2026-01-29T06:00:00+00:00'
[2026-01-30T14:24:41.686+0000] {docker.py:359} INFO - Starting docker container from image scrapy-events:latest
[2026-01-30T14:24:41.693+0000] {docker.py:367} WARNING - Using remote engine or docker-in-docker and mounting temporary volume from host is not supported. Falling back to `mount_tmp_dir=False` mode. You can set `mount_tmp_dir` parameter to False to disable mounting and remove the warning
[2026-01-30T14:24:42.154+0000] {docker.py:429} INFO - Avvio scraping per: Piacenza
Periodo: questa-settimana
[2026-01-30T14:24:42.157+0000] {docker.py:429} INFO - 2026-01-30 14:24:42 [scrapy.utils.log] INFO: Scrapy 2.14.1 started (bot: events)
[2026-01-30T14:24:42.162+0000] {docker.py:429} INFO - 2026-01-30 14:24:42 [scrapy.utils.log] INFO: Versions:
{'lxml': '6.0.2',
 'libxml2': '2.14.6',
 'cssselect': '1.3.0',
 'parsel': '1.10.0',
 'w3lib': '2.3.1',
 'Twisted': '25.5.0',
 'Python': '3.11.14 (main, Jan 13 2026, 03:12:14) [GCC 14.2.0]',
 'pyOpenSSL': '25.3.0 (OpenSSL 3.5.4 30 Sep 2025)',
 'cryptography': '46.0.3',
 'Platform': 'Linux-6.12.54-linuxkit-x86_64-with-glibc2.41'}
2026-01-30 14:24:42 [scrapy.crawler] DEBUG: Using CrawlerProcess
[2026-01-30T14:24:42.163+0000] {docker.py:429} INFO - 2026-01-30 14:24:42 [events] INFO: Scraping città: Piacenza
2026-01-30 14:24:42 [events] INFO: Periodo: questa-settimana (2026-01-30 - 2026-02-01)
[2026-01-30T14:24:42.164+0000] {docker.py:429} INFO - 2026-01-30 14:24:42 [scrapy.addons] INFO: Enabled addons:
[]
[2026-01-30T14:24:42.165+0000] {docker.py:429} INFO - 2026-01-30 14:24:42 [asyncio] DEBUG: Using selector: EpollSelector
[2026-01-30T14:24:42.165+0000] {docker.py:429} INFO - 2026-01-30 14:24:42 [scrapy.utils.log] DEBUG: Using reactor: twisted.internet.asyncioreactor.AsyncioSelectorReactor
2026-01-30 14:24:42 [scrapy.utils.log] DEBUG: Using asyncio event loop: asyncio.unix_events._UnixSelectorEventLoop
[2026-01-30T14:24:42.169+0000] {docker.py:429} INFO - 2026-01-30 14:24:42 [scrapy.extensions.telnet] INFO: Telnet Password: 49659bfe6907764c
[2026-01-30T14:24:42.210+0000] {docker.py:429} INFO - 2026-01-30 14:24:42 [scrapy.middleware] INFO: Enabled extensions:
['scrapy.extensions.corestats.CoreStats',
 'scrapy.extensions.logcount.LogCount',
 'scrapy.extensions.telnet.TelnetConsole',
 'scrapy.extensions.memusage.MemoryUsage',
 'scrapy.extensions.feedexport.FeedExporter',
 'scrapy.extensions.logstats.LogStats']
[2026-01-30T14:24:42.211+0000] {docker.py:429} INFO - 2026-01-30 14:24:42 [scrapy.crawler] INFO: Overridden settings:
{'BOT_NAME': 'events',
 'CONCURRENT_REQUESTS': 2,
 'CONCURRENT_REQUESTS_PER_DOMAIN': 1,
 'DOWNLOAD_DELAY': 1,
 'FEED_EXPORT_ENCODING': 'utf-8',
 'NEWSPIDER_MODULE': 'events.spiders',
 'ROBOTSTXT_OBEY': True,
 'SPIDER_MODULES': ['events.spiders'],
 'USER_AGENT': 'Mozilla/5.0 (Macintosh; Intel Mac OS X 10_15_7) '
               'AppleWebKit/537.36 (KHTML, like Gecko) Chrome/120.0.0.0 '
               'Safari/537.36'}
[2026-01-30T14:24:42.261+0000] {docker.py:429} INFO - 2026-01-30 14:24:42 [scrapy.middleware] INFO: Enabled downloader middlewares:
['scrapy.downloadermiddlewares.offsite.OffsiteMiddleware',
 'scrapy.downloadermiddlewares.robotstxt.RobotsTxtMiddleware',
 'scrapy.downloadermiddlewares.httpauth.HttpAuthMiddleware',
 'scrapy.downloadermiddlewares.downloadtimeout.DownloadTimeoutMiddleware',
 'scrapy.downloadermiddlewares.defaultheaders.DefaultHeadersMiddleware',
 'scrapy.downloadermiddlewares.useragent.UserAgentMiddleware',
 'scrapy.downloadermiddlewares.retry.RetryMiddleware',
 'scrapy.downloadermiddlewares.redirect.MetaRefreshMiddleware',
 'scrapy.downloadermiddlewares.httpcompression.HttpCompressionMiddleware',
 'scrapy.downloadermiddlewares.redirect.RedirectMiddleware',
 'scrapy.downloadermiddlewares.cookies.CookiesMiddleware',
 'scrapy.downloadermiddlewares.httpproxy.HttpProxyMiddleware',
 'scrapy.downloadermiddlewares.stats.DownloaderStats']
[2026-01-30T14:24:42.263+0000] {docker.py:429} INFO - 2026-01-30 14:24:42 [scrapy.middleware] INFO: Enabled spider middlewares:
['scrapy.spidermiddlewares.start.StartSpiderMiddleware',
 'scrapy.spidermiddlewares.httperror.HttpErrorMiddleware',
 'scrapy.spidermiddlewares.referer.RefererMiddleware',
 'scrapy.spidermiddlewares.urllength.UrlLengthMiddleware',
 'scrapy.spidermiddlewares.depth.DepthMiddleware']
[2026-01-30T14:24:42.263+0000] {docker.py:429} INFO - 2026-01-30 14:24:42 [scrapy.middleware] INFO: Enabled item pipelines:
[]
[2026-01-30T14:24:42.264+0000] {docker.py:429} INFO - Output file: /app/city_today/output/eventi_piacenza_questa-settimana_20260130_142442.json
[2026-01-30T14:24:42.264+0000] {docker.py:429} INFO - 2026-01-30 14:24:42 [scrapy.core.engine] INFO: Spider opened
[2026-01-30T14:24:42.270+0000] {docker.py:429} INFO - 2026-01-30 14:24:42 [scrapy.extensions.logstats] INFO: Crawled 0 pages (at 0 pages/min), scraped 0 items (at 0 items/min)
[2026-01-30T14:24:42.271+0000] {docker.py:429} INFO - 2026-01-30 14:24:42 [scrapy.extensions.telnet] INFO: Telnet console listening on 127.0.0.1:6023
[2026-01-30T14:24:48.823+0000] {docker.py:429} INFO - 2026-01-30 14:24:48 [scrapy.core.engine] DEBUG: Crawled (200) <GET https://www.ilpiacenza.it/robots.txt> (referer: None)
[2026-01-30T14:24:50.545+0000] {docker.py:429} INFO - 2026-01-30 14:24:50 [scrapy.core.engine] DEBUG: Crawled (200) <GET https://www.ilpiacenza.it/eventi/dal/2026-01-30/al/2026-02-01/> (referer: None)
[2026-01-30T14:24:50.927+0000] {docker.py:429} INFO - 2026-01-30 14:24:50 [scrapy.core.engine] DEBUG: Crawled (200) <GET https://www.ilpiacenza.it/eventi/viaggio-nella-forma-oltre-la-visione-mostra-di-fiorella-manzini-alla-galleria-studio-c.html> (referer: https://www.ilpiacenza.it/eventi/dal/2026-01-30/al/2026-02-01/)
[2026-01-30T14:24:51.044+0000] {docker.py:429} INFO - 2026-01-30 14:24:51 [scrapy.core.scraper] DEBUG: Scraped from <200 https://www.ilpiacenza.it/eventi/viaggio-nella-forma-oltre-la-visione-mostra-di-fiorella-manzini-alla-galleria-studio-c.html>
{'category': 'Mostre',
 'city': 'Piacenza',
 'content_hash': 'c5a676da6e7ebc7b',
 'date_end': '2026-02-18',
 'date_start': '2026-01-31',
 'dates': [{'date': '2026-02-02', 'weekday': 'Lunedì'},
           {'date': '2026-02-09', 'weekday': 'Lunedì'},
           {'date': '2026-02-16', 'weekday': 'Lunedì'}],
 'description': 'Alla Galleria d\'Arte Contemporanea "Studio C" di Piacenza, '
                'in via Giovanni Campesio 39, si inaugura sabato 31 gennaio, '
                'alle ore 18, la mostra personale di Fiorella Manzini dal '
                'titolo "Viaggio nella Forma oltre la Visione". Ritorna dunque '
                'a Piacenza Fiorella Mazini e vi ritorna dopo le belle '
                'esposizioni qui tenute in precedenza dove le sue opere '
                'avevano sempre colpito e interessato collezionisti e '
                'visitatori. Nata a Bologna, dove anche oggi vive e lavora, '
                'Fiorella Manzini è un’ artista di vasta esperienza e di '
                'elevata qualità espressiva. Interessante e variegato anche il '
                'suo percorso artistico che, nel corso degli anni, l’ha vista '
                'protagonista di importanti mostre e Rassegne di livello '
                'internazionale. Un cammino lungo e interessante, questo della '
                'nostra artista, e caratterizzato da grande personalità e '
                'autonomia. Dopo un avvio figurativo contrassegnato da '
                "un'espressione di carattere prevalentemente naturalistica, ha "
                'iniziato a sentire il fascino delle Avanguardie Storiche, '
                'dell’Espressionismo Lirico e dell’Informale soprattutto, '
                'iniziando quindi una graduale metamorfosi tecnico-espressiva, '
                'una fase di straordinario mutamento estetico-formale fatto di '
                'colore, gesto e materia. Ma la sua conversione verso queste '
                'innovazioni espressive non è stata improvvisa e folgorante, '
                'né, tanto meno, dettata da mode o da sollecitazioni '
                'economiche o di mercato. Al contrario i suoi passaggi '
                'estetici e formali sono sempre stati graduati e ben meditati '
                'e la produzione cronologica delle sue opere, se ben '
                'analizzata, rivela infatti un percorso espressivo lineare e '
                'continuo, coerente e naturale, libero e spontaneo. Nello '
                'scorrere dei dipinti, che sulle luminose pareti della '
                'galleria si susseguono in magica sequenza, è dunque possibile '
                'rivedere come in un flash back tutto il percorso estetico '
                'dell’arista: un percorso autonomo, libero e personale, che, '
                'partito dalla grande tradizione figurativa, si è poi rivolto '
                'alla Avanguardie Storiche distinguendosi e affrancandosi per '
                'personalità. Scatto inventivo, gusto cromatico Una pittura, '
                "quella dell'artista, percorsa sempre da un intimo sentimento, "
                'da una specie di meditazione interiore che, partendo dal dato '
                'reale, gradualmente si modifica e trasfigura elevando il '
                'tutto a intima visione, a poesia pura, a spirituale '
                'sensazione. In molte di queste opere, infatti, Fiorella '
                'Manzini abbandona i canoni classici della figurazione e la '
                "sua attenzione si rivolge pienamente all'arte astratta, al "
                'magico movimento delle forme, alla luce e al colore intesi '
                'come protagonisti quasi assoluti delle sue costruzioni. I '
                'suoi lavori si presentano allora come un armonico insieme di '
                'forme e colori al cui interno scorrono segni, percorsi e '
                'traiettorie dove si uniscono cuore e ragione, riflessione e '
                "sentimento. Ci sono poi, nell'espressione di questa brava "
                'artista, straordinarie e intriganti evanescenze, lente e '
                'graduali dissolvenze delle immagini, diafane e rarefatte '
                'trasparenze che non sono per nulla casuali o involontarie, ma '
                'che rappresentano, invece, la ferma e precisa volontà '
                "dell'artista di essere e stare sempre dalla parte della "
                'pittura, di viverla e praticarla in ogni attimo e in ogni '
                'momento seguendone fasi e mutamenti. Una ricerca prolungata e '
                'continua del segno, del colore e del gesto che, nel tempo, è '
                'giunta a una maturità piena e che si manifesta chiaramente '
                'nella potenza della scala cromatica, nella leggerezza e '
                "delicatezza dei tracciati, nell'eleganza delle forme "
                'adottate. Dai dipinti di Fiorella Manzini si dipartono vere e '
                'proprie esplosioni di colore, improvvise aperture e squarci '
                'di profondità che aprono a mondi sconfinati e sconosciuti che '
                "diventano simbolo e metafora dell'ignoto e dell'inconscio. "
                "Sono paesaggi interiori, visioni dell'anima, emozioni intense "
                'e sentite espresse con rapidità e immediatezza seguendo il '
                "libero istinto, l'esperienza, la pura creatività, "
                "l'ispirazione del momento. In ogni opera di questo artista si "
                'rivela sempre, con grande spontaneità e naturalezza, il '
                "rapporto tra l'esterno e l'interno, tra il dentro e il fuori, "
                "tra l'essere e l'apparire. Ma soprattutto, a ben guardare, "
                'esse rimandano la nostra attenzione e il nostro pensiero a '
                'quel vuoto persistente e misterioso che la velocità e la '
                'frenesia dei nostri giorni non riescono più a colmare. '
                'Pittura forte e potente, fatta di cuore, sentimento e ragione '
                'che ultimamente si è fatta ancora più intima e psicologica, '
                'più rivolta al sociale e all’interiorità. Ora più che mai le '
                'sue opere si sono fatte messaggio urgente e pressante per '
                'uscire dalla generale omologazione, dalla superficialità '
                'dell’odierna comunicazione e dalle mode dilaganti che '
                'propongono modelli e stili di vita. Con le sue opere Fiorella '
                'Manzini ci invita dunque a ritrovare in pieno la nostra '
                'autonomia e personalità, la nostra vera e autentica libertà '
                'per esprimere fino in fondo il nostro pensiero e le nostre '
                'riflessioni. Interessante e coinvolgente, poi, l’ultima fase '
                'dell’artista che, con un ulteriore scatto di fantasia e '
                'creatività, ha dilatato le forme e i tracciati, ampliato le '
                'visioni e gli spazi creando un Unicum visivo dove richiami '
                'figurativi e Informale sembrano convivere in modo '
                'assolutamente naturale e armonico. In questi casi anche la '
                'materia da lei utilizzata diventa morbida e pastosa e sugli '
                'sfondi si aprono improvvisi squarci di luce, fluttuanti e '
                'morbide pennellate, spontanee ed eleganti cascate cromatiche '
                "che diventano simbolo e metafora dell'ignoto e "
                "dell'inconscio. Tutto, insomma, in questa artista, è luce e "
                'colore, e tutto si svolge e si risolve in una gradualità di '
                'toni e semitoni, di tinte calde e fredde, chiare e scure, che '
                'catturano l’osservatore per immergerlo in una dimensione che '
                'spesso diventa irreale, fantastica e sognante, capace di '
                'oltrepassare.',
 'image_url': '//citynews-ilpiacenza.stgy.ovh/~media/horizontal-mid/575714886633/mostra-personale-di-fiorella-manzini-viaggio-nella-forma-oltre-la-visione.jpg',
 'location_address': 'Via Giovanni Campesio, 39',
 'location_name': 'Galleria d\'Arte Contemporanea "Studio C"',
 'price': 'Gratis',
 'schedule': 'Inaugurazione ore 18; Feriali e festivi dalle ore 16,30 alle '
             '19,30; Lunedì chiuso.',
 'scraped_at': '2026-01-30T14:24:50.670968',
 'title': '"Viaggio nella forma oltre la visione", mostra di Fiorella Manzini '
          'alla Galleria "Studio C"',
 'url': 'https://www.ilpiacenza.it/eventi/viaggio-nella-forma-oltre-la-visione-mostra-di-fiorella-manzini-alla-galleria-studio-c.html',
 'uuid': '0e870badbf497b8e',
 'weekdays': 'Lunedì'}
[2026-01-30T14:24:52.187+0000] {docker.py:429} INFO - 2026-01-30 14:24:52 [scrapy.core.engine] DEBUG: Crawled (200) <GET https://www.ilpiacenza.it/eventi/gioco-corpo-e-connessione-al-via-il-corso-di-playfight-al-centro-duga.html> (referer: https://www.ilpiacenza.it/eventi/dal/2026-01-30/al/2026-02-01/)
[2026-01-30T14:24:52.298+0000] {docker.py:429} INFO - 2026-01-30 14:24:52 [scrapy.core.scraper] DEBUG: Scraped from <200 https://www.ilpiacenza.it/eventi/gioco-corpo-e-connessione-al-via-il-corso-di-playfight-al-centro-duga.html>
{'category': 'Corsi',
 'city': 'Piacenza',
 'content_hash': '18aa35f5dfc0b203',
 'date_end': '2026-06-10',
 'date_start': '2026-01-14',
 'dates': [{'date': '2026-01-14', 'weekday': 'Mercoledì'},
           {'date': '2026-01-15', 'weekday': 'Giovedì'},
           {'date': '2026-01-16', 'weekday': 'Venerdì'},
           {'date': '2026-01-17', 'weekday': 'Sabato'},
           {'date': '2026-01-18', 'weekday': 'Domenica'},
           {'date': '2026-01-19', 'weekday': 'Lunedì'},
           {'date': '2026-01-20', 'weekday': 'Martedì'},
           {'date': '2026-01-21', 'weekday': 'Mercoledì'},
           {'date': '2026-01-22', 'weekday': 'Giovedì'},
           {'date': '2026-01-23', 'weekday': 'Venerdì'},
           {'date': '2026-01-24', 'weekday': 'Sabato'},
           {'date': '2026-01-25', 'weekday': 'Domenica'},
           {'date': '2026-01-26', 'weekday': 'Lunedì'},
           {'date': '2026-01-27', 'weekday': 'Martedì'},
           {'date': '2026-01-28', 'weekday': 'Mercoledì'},
           {'date': '2026-01-29', 'weekday': 'Giovedì'},
           {'date': '2026-01-30', 'weekday': 'Venerdì'},
           {'date': '2026-01-31', 'weekday': 'Sabato'},
           {'date': '2026-02-01', 'weekday': 'Domenica'},
           {'date': '2026-02-02', 'weekday': 'Lunedì'},
           {'date': '2026-02-03', 'weekday': 'Martedì'},
           {'date': '2026-02-04', 'weekday': 'Mercoledì'},
           {'date': '2026-02-05', 'weekday': 'Giovedì'},
           {'date': '2026-02-06', 'weekday': 'Venerdì'},
           {'date': '2026-02-07', 'weekday': 'Sabato'},
           {'date': '2026-02-08', 'weekday': 'Domenica'},
           {'date': '2026-02-09', 'weekday': 'Lunedì'},
           {'date': '2026-02-10', 'weekday': 'Martedì'},
           {'date': '2026-02-11', 'weekday': 'Mercoledì'},
           {'date': '2026-02-12', 'weekday': 'Giovedì'},
           {'date': '2026-02-13', 'weekday': 'Venerdì'},
           {'date': '2026-02-14', 'weekday': 'Sabato'},
           {'date': '2026-02-15', 'weekday': 'Domenica'},
           {'date': '2026-02-16', 'weekday': 'Lunedì'},
           {'date': '2026-02-17', 'weekday': 'Martedì'},
           {'date': '2026-02-18', 'weekday': 'Mercoledì'},
           {'date': '2026-02-19', 'weekday': 'Giovedì'},
           {'date': '2026-02-20', 'weekday': 'Venerdì'},
           {'date': '2026-02-21', 'weekday': 'Sabato'},
           {'date': '2026-02-22', 'weekday': 'Domenica'},
           {'date': '2026-02-23', 'weekday': 'Lunedì'},
           {'date': '2026-02-24', 'weekday': 'Martedì'},
           {'date': '2026-02-25', 'weekday': 'Mercoledì'},
           {'date': '2026-02-26', 'weekday': 'Giovedì'},
           {'date': '2026-02-27', 'weekday': 'Venerdì'},
           {'date': '2026-02-28', 'weekday': 'Sabato'},
           {'date': '2026-03-01', 'weekday': 'Domenica'},
           {'date': '2026-03-02', 'weekday': 'Lunedì'},
           {'date': '2026-03-03', 'weekday': 'Martedì'},
           {'date': '2026-03-04', 'weekday': 'Mercoledì'},
           {'date': '2026-03-05', 'weekday': 'Giovedì'},
           {'date': '2026-03-06', 'weekday': 'Venerdì'},
           {'date': '2026-03-07', 'weekday': 'Sabato'},
           {'date': '2026-03-08', 'weekday': 'Domenica'},
           {'date': '2026-03-09', 'weekday': 'Lunedì'},
           {'date': '2026-03-10', 'weekday': 'Martedì'},
           {'date': '2026-03-11', 'weekday': 'Mercoledì'},
           {'date': '2026-03-12', 'weekday': 'Giovedì'},
           {'date': '2026-03-13', 'weekday': 'Venerdì'},
           {'date': '2026-03-14', 'weekday': 'Sabato'},
           {'date': '2026-03-15', 'weekday': 'Domenica'},
           {'date': '2026-03-16', 'weekday': 'Lunedì'},
           {'date': '2026-03-17', 'weekday': 'Martedì'},
           {'date': '2026-03-18', 'weekday': 'Mercoledì'},
           {'date': '2026-03-19', 'weekday': 'Giovedì'},
           {'date': '2026-03-20', 'weekday': 'Venerdì'},
           {'date': '2026-03-21', 'weekday': 'Sabato'},
           {'date': '2026-03-22', 'weekday': 'Domenica'},
           {'date': '2026-03-23', 'weekday': 'Lunedì'},
           {'date': '2026-03-24', 'weekday': 'Martedì'},
           {'date': '2026-03-25', 'weekday': 'Mercoledì'},
           {'date': '2026-03-26', 'weekday': 'Giovedì'},
           {'date': '2026-03-27', 'weekday': 'Venerdì'},
           {'date': '2026-03-28', 'weekday': 'Sabato'},
           {'date': '2026-03-29', 'weekday': 'Domenica'},
           {'date': '2026-03-30', 'weekday': 'Lunedì'},
           {'date': '2026-03-31', 'weekday': 'Martedì'},
           {'date': '2026-04-01', 'weekday': 'Mercoledì'},
           {'date': '2026-04-02', 'weekday': 'Giovedì'},
           {'date': '2026-04-03', 'weekday': 'Venerdì'},
           {'date': '2026-04-04', 'weekday': 'Sabato'},
           {'date': '2026-04-05', 'weekday': 'Domenica'},
           {'date': '2026-04-06', 'weekday': 'Lunedì'},
           {'date': '2026-04-07', 'weekday': 'Martedì'},
           {'date': '2026-04-08', 'weekday': 'Mercoledì'},
           {'date': '2026-04-09', 'weekday': 'Giovedì'},
           {'date': '2026-04-10', 'weekday': 'Venerdì'},
           {'date': '2026-04-11', 'weekday': 'Sabato'},
           {'date': '2026-04-12', 'weekday': 'Domenica'},
           {'date': '2026-04-13', 'weekday': 'Lunedì'},
           {'date': '2026-04-14', 'weekday': 'Martedì'},
           {'date': '2026-04-15', 'weekday': 'Mercoledì'},
           {'date': '2026-04-16', 'weekday': 'Giovedì'},
           {'date': '2026-04-17', 'weekday': 'Venerdì'},
           {'date': '2026-04-18', 'weekday': 'Sabato'},
           {'date': '2026-04-19', 'weekday': 'Domenica'},
           {'date': '2026-04-20', 'weekday': 'Lunedì'},
           {'date': '2026-04-21', 'weekday': 'Martedì'},
           {'date': '2026-04-22', 'weekday': 'Mercoledì'},
           {'date': '2026-04-23', 'weekday': 'Giovedì'},
           {'date': '2026-04-24', 'weekday': 'Venerdì'},
           {'date': '2026-04-25', 'weekday': 'Sabato'},
           {'date': '2026-04-26', 'weekday': 'Domenica'},
           {'date': '2026-04-27', 'weekday': 'Lunedì'},
           {'date': '2026-04-28', 'weekday': 'Martedì'},
           {'date': '2026-04-29', 'weekday': 'Mercoledì'},
           {'date': '2026-04-30', 'weekday': 'Giovedì'},
           {'date': '2026-05-01', 'weekday': 'Venerdì'},
           {'date': '2026-05-02', 'weekday': 'Sabato'},
           {'date': '2026-05-03', 'weekday': 'Domenica'},
           {'date': '2026-05-04', 'weekday': 'Lunedì'},
           {'date': '2026-05-05', 'weekday': 'Martedì'},
           {'date': '2026-05-06', 'weekday': 'Mercoledì'},
           {'date': '2026-05-07', 'weekday': 'Giovedì'},
           {'date': '2026-05-08', 'weekday': 'Venerdì'},
           {'date': '2026-05-09', 'weekday': 'Sabato'},
           {'date': '2026-05-10', 'weekday': 'Domenica'},
           {'date': '2026-05-11', 'weekday': 'Lunedì'},
           {'date': '2026-05-12', 'weekday': 'Martedì'},
           {'date': '2026-05-13', 'weekday': 'Mercoledì'},
           {'date': '2026-05-14', 'weekday': 'Giovedì'},
           {'date': '2026-05-15', 'weekday': 'Venerdì'},
           {'date': '2026-05-16', 'weekday': 'Sabato'},
           {'date': '2026-05-17', 'weekday': 'Domenica'},
           {'date': '2026-05-18', 'weekday': 'Lunedì'},
           {'date': '2026-05-19', 'weekday': 'Martedì'},
           {'date': '2026-05-20', 'weekday': 'Mercoledì'},
           {'date': '2026-05-21', 'weekday': 'Giovedì'},
           {'date': '2026-05-22', 'weekday': 'Venerdì'},
           {'date': '2026-05-23', 'weekday': 'Sabato'},
           {'date': '2026-05-24', 'weekday': 'Domenica'},
           {'date': '2026-05-25', 'weekday': 'Lunedì'},
           {'date': '2026-05-26', 'weekday': 'Martedì'},
           {'date': '2026-05-27', 'weekday': 'Mercoledì'},
           {'date': '2026-05-28', 'weekday': 'Giovedì'},
           {'date': '2026-05-29', 'weekday': 'Venerdì'},
           {'date': '2026-05-30', 'weekday': 'Sabato'},
           {'date': '2026-05-31', 'weekday': 'Domenica'},
           {'date': '2026-06-01', 'weekday': 'Lunedì'},
           {'date': '2026-06-02', 'weekday': 'Martedì'},
           {'date': '2026-06-03', 'weekday': 'Mercoledì'},
           {'date': '2026-06-04', 'weekday': 'Giovedì'},
           {'date': '2026-06-05', 'weekday': 'Venerdì'},
           {'date': '2026-06-06', 'weekday': 'Sabato'},
           {'date': '2026-06-07', 'weekday': 'Domenica'},
           {'date': '2026-06-08', 'weekday': 'Lunedì'},
           {'date': '2026-06-09', 'weekday': 'Martedì'},
           {'date': '2026-06-10', 'weekday': 'Mercoledì'}],
 'description': 'Con la prima lezione tenuta lo scorso mercoledì 14 gennaio, '
                'al Centro Duga (via Pietro Sacconi 32, Piacenza, 371 3729251) '
                'ha preso il via il nuovo corso di Playfight. «Con il '
                'Playfight – dichiarano gli organizzatori – si apre uno spazio '
                'dove poter esprimere pienamente se stessi ed entrare in '
                'connessione con gli altri, per portare più gioia e leggerezza '
                'nella propria vita. Potrai sperimentare il tuo potere '
                'personale in un ambiente sicuro e protetto, esprimendo le tue '
                'qualità e talenti, stabilendo i tuoi confini con assertività '
                'e coltivando relazioni sane e autentiche. Sarà un viaggio '
                'prezioso che condivideremo insieme, attraverso il gioco e la '
                'corporeità». I prossimi incontri avranno luogo dalle ore '
                '20,30 alle 23,15 nelle seguenti date: - mercoledì 11 '
                'febbraio; - mercoledì 18 marzo; - mercoledì 15 aprile; - '
                'mercoledì 13 maggio; - mercoledì 10 giugno. Possibilità di '
                'iscriversi all’intero percorso o alle singole serate. Per '
                'maggiori info: Michele 329 1648528',
 'image_url': '//citynews-ilpiacenza.stgy.ovh/~media/horizontal-mid/55814740622851/playfight-la-lotta-gioco-che-connette.jpg',
 'location_address': 'Via Pietro Sacconi, 32',
 'location_name': 'Centro Duga',
 'price': 'Gratis',
 'scraped_at': '2026-01-30T14:24:50.670532',
 'time_info': 'Dalle ore 20,30 alle 23,15',
 'title': 'Gioco, corpo e connessione: al via il corso di Playfight al Centro '
          'Duga',
 'url': 'https://www.ilpiacenza.it/eventi/gioco-corpo-e-connessione-al-via-il-corso-di-playfight-al-centro-duga.html',
 'uuid': '82acf37b59060397',
 'website': 'https://whatsapp.com/channel/0029vbbfrxtequimtndqkr3f'}
[2026-01-30T14:24:53.806+0000] {docker.py:429} INFO - 2026-01-30 14:24:53 [scrapy.core.engine] DEBUG: Crawled (200) <GET https://www.ilpiacenza.it/eventi/exit-push-the-button-a-spazio4-un-workshop-sul-contrasto-al-ritiro-sociale-dei-giovani.html> (referer: https://www.ilpiacenza.it/eventi/dal/2026-01-30/al/2026-02-01/)
[2026-01-30T14:24:53.917+0000] {docker.py:429} INFO - 2026-01-30 14:24:53 [scrapy.core.scraper] DEBUG: Scraped from <200 https://www.ilpiacenza.it/eventi/exit-push-the-button-a-spazio4-un-workshop-sul-contrasto-al-ritiro-sociale-dei-giovani.html>
{'category': 'Incontri',
 'city': 'Piacenza',
 'content_hash': '9c1d6a035dc5f852',
 'date_end': '2026-02-16',
 'date_start': '2026-01-19',
 'dates': [{'date': '2026-01-19', 'weekday': 'Lunedì'},
           {'date': '2026-01-20', 'weekday': 'Martedì'},
           {'date': '2026-01-21', 'weekday': 'Mercoledì'},
           {'date': '2026-01-22', 'weekday': 'Giovedì'},
           {'date': '2026-01-23', 'weekday': 'Venerdì'},
           {'date': '2026-01-24', 'weekday': 'Sabato'},
           {'date': '2026-01-25', 'weekday': 'Domenica'},
           {'date': '2026-01-26', 'weekday': 'Lunedì'},
           {'date': '2026-01-27', 'weekday': 'Martedì'},
           {'date': '2026-01-28', 'weekday': 'Mercoledì'},
           {'date': '2026-01-29', 'weekday': 'Giovedì'},
           {'date': '2026-01-30', 'weekday': 'Venerdì'},
           {'date': '2026-01-31', 'weekday': 'Sabato'},
           {'date': '2026-02-01', 'weekday': 'Domenica'},
           {'date': '2026-02-02', 'weekday': 'Lunedì'},
           {'date': '2026-02-03', 'weekday': 'Martedì'},
           {'date': '2026-02-04', 'weekday': 'Mercoledì'},
           {'date': '2026-02-05', 'weekday': 'Giovedì'},
           {'date': '2026-02-06', 'weekday': 'Venerdì'},
           {'date': '2026-02-07', 'weekday': 'Sabato'},
           {'date': '2026-02-08', 'weekday': 'Domenica'},
           {'date': '2026-02-09', 'weekday': 'Lunedì'},
           {'date': '2026-02-10', 'weekday': 'Martedì'},
           {'date': '2026-02-11', 'weekday': 'Mercoledì'},
           {'date': '2026-02-12', 'weekday': 'Giovedì'},
           {'date': '2026-02-13', 'weekday': 'Venerdì'},
           {'date': '2026-02-14', 'weekday': 'Sabato'},
           {'date': '2026-02-15', 'weekday': 'Domenica'},
           {'date': '2026-02-16', 'weekday': 'Lunedì'}],
 'description': 'Progetto Exit - Push the button! è il progetto di contrasto '
                'al fenomeno del ritiro sociale dei giovani del Comune di '
                'Piacenza realizzato da Fondazione La Ricerca Onlus e '
                "Cooperativa sociale L'Arco, con il coordinamento di Lucia "
                'Catino e Monica Francani. Il progetto prosegue nel 2026 nel '
                'proporre i workshop "Free Entry" del lunedì pomeriggio a '
                'Spazio4, centro di aggregazione del Comune di Piacenza, con '
                'ingresso in via Millo 4. Oltre a incontri individuali '
                'condotti da psicologhe per i giovani e i genitori, momenti '
                'formativi e azioni di rete con i servizi, Exit offre infatti '
                'momenti ricreativi di gruppo, ogni mese con un tema diverso. '
                'A gennaio e febbraio la proposta è di "Un viaggio '
                'nell\'arte": lunedì 19 e 26 gennaio, lunedì 2, 9 e 16 '
                'febbraio, dalle ore 16,30 alle 18,30, ragazze e ragazzi '
                'troveranno un luogo sicuro e accogliente in cui sperimentarsi '
                'nella creatività ed esprimere se stessi attraverso diverse '
                'forme artistiche, per scoprire il piacere dello stare in '
                'gruppo e ritrovare la fiducia nelle relazioni. La conduzione '
                'è a cura degli operatori Exit Mariachiara Lombardelli e '
                'Andrea Praolini Lanza, nella Stanza Verde, a Spazio4, '
                'ingresso via Millo 4, Piacenza. Le coordinatrici specificano '
                'che il progetto intende sensibilizzare tutta la comunità sul '
                'fenomeno del ritiro sociale: «Exit è per chi passa più tempo '
                'del solito nella propria camera, preferisce stare da solo o è '
                "annoiato da tutto quello che succede all'esterno: si rivolge "
                'a giovani a rischio o già in situazione di ritiro sociale, e '
                'alle loro famiglie. Vogliamo informare chi si riconosce in '
                'questa situazione, o riconosce il proprio figlio, nipote, o '
                "altre persone, che c'è una via di uscita, grazie al supporto "
                'gratuito di professionisti. Ricordiamo inoltre il podcast su '
                'progetto Exit "Tutto il mondo fuori" prodotto da Gabriella '
                'Simoni, uscito a settembre 2025, che ci racconta la storia di '
                'tre adolescenti di Piacenza che, in un tempo in cui tutto è '
                'visibilità, scompaiono dalle aule scolastiche, dalle '
                'amicizie, dalla vita». La partecipazione al progetto e ai '
                'workshop, riservata a ragazze dagli 11 ai 18 anni, è '
                'gratuita, ma è necessaria l’iscrizione al 378.3031649 o '
                'scrivendo a exitpiacenza@gmail.com. "Tutto il mondo fuori" '
                'può essere ascoltato su Spotify.',
 'image_url': '//citynews-ilpiacenza.stgy.ovh/~media/horizontal-mid/8950219704448/exit-push-the-button.jpeg',
 'location_address': 'Via Enrico Millo, 4',
 'location_name': 'Spazio4.0',
 'price': 'Gratis',
 'scraped_at': '2026-01-30T14:24:50.670051',
 'time_info': 'Dalle ore 16,30 alle 18,30',
 'title': '"Exit - Push the button!", a Spazio4 un workshop sul contrasto al '
          'ritiro sociale dei giovani',
 'url': 'https://www.ilpiacenza.it/eventi/exit-push-the-button-a-spazio4-un-workshop-sul-contrasto-al-ritiro-sociale-dei-giovani.html',
 'uuid': '549487a73fd99a63'}
[2026-01-30T14:24:55.051+0000] {docker.py:429} INFO - 2026-01-30 14:24:55 [scrapy.core.engine] DEBUG: Crawled (200) <GET https://www.ilpiacenza.it/eventi/paesaggi-d-incanto-riparte-il-programma-espositivo-all-officina-dell-arte.html> (referer: https://www.ilpiacenza.it/eventi/dal/2026-01-30/al/2026-02-01/)
[2026-01-30T14:24:55.159+0000] {docker.py:429} INFO - 2026-01-30 14:24:55 [scrapy.core.scraper] DEBUG: Scraped from <200 https://www.ilpiacenza.it/eventi/paesaggi-d-incanto-riparte-il-programma-espositivo-all-officina-dell-arte.html>
{'category': 'Mostre',
 'city': 'Piacenza',
 'content_hash': '7fd39b33d71a4d2a',
 'date_end': '2026-02-03',
 'date_start': '2026-01-17',
 'dates': [{'date': '2026-01-17', 'weekday': 'Sabato'},
           {'date': '2026-01-18', 'weekday': 'Domenica'},
           {'date': '2026-01-19', 'weekday': 'Lunedì'},
           {'date': '2026-01-20', 'weekday': 'Martedì'},
           {'date': '2026-01-21', 'weekday': 'Mercoledì'},
           {'date': '2026-01-22', 'weekday': 'Giovedì'},
           {'date': '2026-01-23', 'weekday': 'Venerdì'},
           {'date': '2026-01-24', 'weekday': 'Sabato'},
           {'date': '2026-01-25', 'weekday': 'Domenica'},
           {'date': '2026-01-26', 'weekday': 'Lunedì'},
           {'date': '2026-01-27', 'weekday': 'Martedì'},
           {'date': '2026-01-28', 'weekday': 'Mercoledì'},
           {'date': '2026-01-29', 'weekday': 'Giovedì'},
           {'date': '2026-01-30', 'weekday': 'Venerdì'},
           {'date': '2026-01-31', 'weekday': 'Sabato'},
           {'date': '2026-02-01', 'weekday': 'Domenica'},
           {'date': '2026-02-02', 'weekday': 'Lunedì'},
           {'date': '2026-02-03', 'weekday': 'Martedì'}],
 'description': 'All’Officina dell’arte riparte il programma espositivo con '
                'una nuova proposta artistica dedicata alla pittura di '
                'paesaggio. Sabato 17 gennaio alle ore 17,30 si terrà '
                'l’inaugurazione della mostra personale " Paesaggi d’incanto" '
                'della pittrice lodigiana Enrica Groppi , un appuntamento che '
                'segna l’avvio delle attività espositive per il nuovo anno. '
                'L’esposizione rappresenta un’occasione per conoscere da '
                'vicino un’artista che con umiltà e passione propone paesaggi '
                'connotati da una vibrante coloristica. La presentazione della '
                'mostra sarà affidata al critico Simone Fappanni, che '
                'accompagnerà il pubblico alla scoperta del percorso artistico '
                'e delle tematiche sviluppate dall’autrice. Al termine '
                'dell’incontro verrà offerto un rinfresco, momento conviviale '
                'pensato anche per rinnovare gli auguri per un magnifico 2026 '
                'all’insegna dell’arte e della condivisione. L’invito è '
                'rivolto a soci, simpatizzanti e a tutti gli appassionati '
                'd’arte: un appuntamento da non perdere per celebrare la '
                'ripartenza delle attività culturali e incontrare una voce '
                'interessante del panorama pittorico contemporaneo.',
 'image_url': '//citynews-ilpiacenza.stgy.ovh/~media/horizontal-mid/47111671465309/paesaggi-d-incanto.jpg',
 'location_address': 'Via Giulio Alberoni, 14',
 'location_name': "Officina dell'Arte",
 'price': 'Prezzo non disponibile',
 'scraped_at': '2026-01-30T14:24:50.669613',
 'time_info': 'Inaugurazione ore 17,30',
 'title': '"Paesaggi d’incanto": riparte il programma espositivo all’Officina '
          'dell’Arte',
 'url': 'https://www.ilpiacenza.it/eventi/paesaggi-d-incanto-riparte-il-programma-espositivo-all-officina-dell-arte.html',
 'uuid': 'bc60d0414b8e9b8d'}
[2026-01-30T14:24:56.521+0000] {docker.py:429} INFO - 2026-01-30 14:24:56 [scrapy.core.engine] DEBUG: Crawled (200) <GET https://www.ilpiacenza.it/eventi/quattro-mesi-di-letture-e-musica-per-bambini-e-ragazzi-in-31-biblioteche-riparte-bolle-d-arte.html> (referer: https://www.ilpiacenza.it/eventi/dal/2026-01-30/al/2026-02-01/)
[2026-01-30T14:24:56.634+0000] {docker.py:429} INFO - 2026-01-30 14:24:56 [scrapy.core.scraper] DEBUG: Scraped from <200 https://www.ilpiacenza.it/eventi/quattro-mesi-di-letture-e-musica-per-bambini-e-ragazzi-in-31-biblioteche-riparte-bolle-d-arte.html>
{'category': 'Incontri',
 'city': 'Piacenza',
 'content_hash': 'eff10a912ca83dc0',
 'date_end': '2026-04-16',
 'date_start': '2025-12-16',
 'dates': [{'date': '2025-12-16', 'weekday': 'Martedì'},
           {'date': '2025-12-17', 'weekday': 'Mercoledì'},
           {'date': '2025-12-18', 'weekday': 'Giovedì'},
           {'date': '2025-12-19', 'weekday': 'Venerdì'},
           {'date': '2025-12-20', 'weekday': 'Sabato'},
           {'date': '2025-12-21', 'weekday': 'Domenica'},
           {'date': '2025-12-22', 'weekday': 'Lunedì'},
           {'date': '2025-12-23', 'weekday': 'Martedì'},
           {'date': '2025-12-24', 'weekday': 'Mercoledì'},
           {'date': '2025-12-25', 'weekday': 'Giovedì'},
           {'date': '2025-12-26', 'weekday': 'Venerdì'},
           {'date': '2025-12-27', 'weekday': 'Sabato'},
           {'date': '2025-12-28', 'weekday': 'Domenica'},
           {'date': '2025-12-29', 'weekday': 'Lunedì'},
           {'date': '2025-12-30', 'weekday': 'Martedì'},
           {'date': '2025-12-31', 'weekday': 'Mercoledì'},
           {'date': '2026-01-01', 'weekday': 'Giovedì'},
           {'date': '2026-01-02', 'weekday': 'Venerdì'},
           {'date': '2026-01-03', 'weekday': 'Sabato'},
           {'date': '2026-01-04', 'weekday': 'Domenica'},
           {'date': '2026-01-05', 'weekday': 'Lunedì'},
           {'date': '2026-01-06', 'weekday': 'Martedì'},
           {'date': '2026-01-07', 'weekday': 'Mercoledì'},
           {'date': '2026-01-08', 'weekday': 'Giovedì'},
           {'date': '2026-01-09', 'weekday': 'Venerdì'},
           {'date': '2026-01-10', 'weekday': 'Sabato'},
           {'date': '2026-01-11', 'weekday': 'Domenica'},
           {'date': '2026-01-12', 'weekday': 'Lunedì'},
           {'date': '2026-01-13', 'weekday': 'Martedì'},
           {'date': '2026-01-14', 'weekday': 'Mercoledì'},
           {'date': '2026-01-15', 'weekday': 'Giovedì'},
           {'date': '2026-01-16', 'weekday': 'Venerdì'},
           {'date': '2026-01-17', 'weekday': 'Sabato'},
           {'date': '2026-01-18', 'weekday': 'Domenica'},
           {'date': '2026-01-19', 'weekday': 'Lunedì'},
           {'date': '2026-01-20', 'weekday': 'Martedì'},
           {'date': '2026-01-21', 'weekday': 'Mercoledì'},
           {'date': '2026-01-22', 'weekday': 'Giovedì'},
           {'date': '2026-01-23', 'weekday': 'Venerdì'},
           {'date': '2026-01-24', 'weekday': 'Sabato'},
           {'date': '2026-01-25', 'weekday': 'Domenica'},
           {'date': '2026-01-26', 'weekday': 'Lunedì'},
           {'date': '2026-01-27', 'weekday': 'Martedì'},
           {'date': '2026-01-28', 'weekday': 'Mercoledì'},
           {'date': '2026-01-29', 'weekday': 'Giovedì'},
           {'date': '2026-01-30', 'weekday': 'Venerdì'},
           {'date': '2026-01-31', 'weekday': 'Sabato'},
           {'date': '2026-02-01', 'weekday': 'Domenica'},
           {'date': '2026-02-02', 'weekday': 'Lunedì'},
           {'date': '2026-02-03', 'weekday': 'Martedì'},
           {'date': '2026-02-04', 'weekday': 'Mercoledì'},
           {'date': '2026-02-05', 'weekday': 'Giovedì'},
           {'date': '2026-02-06', 'weekday': 'Venerdì'},
           {'date': '2026-02-07', 'weekday': 'Sabato'},
           {'date': '2026-02-08', 'weekday': 'Domenica'},
           {'date': '2026-02-09', 'weekday': 'Lunedì'},
           {'date': '2026-02-10', 'weekday': 'Martedì'},
           {'date': '2026-02-11', 'weekday': 'Mercoledì'},
           {'date': '2026-02-12', 'weekday': 'Giovedì'},
           {'date': '2026-02-13', 'weekday': 'Venerdì'},
           {'date': '2026-02-14', 'weekday': 'Sabato'},
           {'date': '2026-02-15', 'weekday': 'Domenica'},
           {'date': '2026-02-16', 'weekday': 'Lunedì'},
           {'date': '2026-02-17', 'weekday': 'Martedì'},
           {'date': '2026-02-18', 'weekday': 'Mercoledì'},
           {'date': '2026-02-19', 'weekday': 'Giovedì'},
           {'date': '2026-02-20', 'weekday': 'Venerdì'},
           {'date': '2026-02-21', 'weekday': 'Sabato'},
           {'date': '2026-02-22', 'weekday': 'Domenica'},
           {'date': '2026-02-23', 'weekday': 'Lunedì'},
           {'date': '2026-02-24', 'weekday': 'Martedì'},
           {'date': '2026-02-25', 'weekday': 'Mercoledì'},
           {'date': '2026-02-26', 'weekday': 'Giovedì'},
           {'date': '2026-02-27', 'weekday': 'Venerdì'},
           {'date': '2026-02-28', 'weekday': 'Sabato'},
           {'date': '2026-03-01', 'weekday': 'Domenica'},
           {'date': '2026-03-02', 'weekday': 'Lunedì'},
           {'date': '2026-03-03', 'weekday': 'Martedì'},
           {'date': '2026-03-04', 'weekday': 'Mercoledì'},
           {'date': '2026-03-05', 'weekday': 'Giovedì'},
           {'date': '2026-03-06', 'weekday': 'Venerdì'},
           {'date': '2026-03-07', 'weekday': 'Sabato'},
           {'date': '2026-03-08', 'weekday': 'Domenica'},
           {'date': '2026-03-09', 'weekday': 'Lunedì'},
           {'date': '2026-03-10', 'weekday': 'Martedì'},
           {'date': '2026-03-11', 'weekday': 'Mercoledì'},
           {'date': '2026-03-12', 'weekday': 'Giovedì'},
           {'date': '2026-03-13', 'weekday': 'Venerdì'},
           {'date': '2026-03-14', 'weekday': 'Sabato'},
           {'date': '2026-03-15', 'weekday': 'Domenica'},
           {'date': '2026-03-16', 'weekday': 'Lunedì'},
           {'date': '2026-03-17', 'weekday': 'Martedì'},
           {'date': '2026-03-18', 'weekday': 'Mercoledì'},
           {'date': '2026-03-19', 'weekday': 'Giovedì'},
           {'date': '2026-03-20', 'weekday': 'Venerdì'},
           {'date': '2026-03-21', 'weekday': 'Sabato'},
           {'date': '2026-03-22', 'weekday': 'Domenica'},
           {'date': '2026-03-23', 'weekday': 'Lunedì'},
           {'date': '2026-03-24', 'weekday': 'Martedì'},
           {'date': '2026-03-25', 'weekday': 'Mercoledì'},
           {'date': '2026-03-26', 'weekday': 'Giovedì'},
           {'date': '2026-03-27', 'weekday': 'Venerdì'},
           {'date': '2026-03-28', 'weekday': 'Sabato'},
           {'date': '2026-03-29', 'weekday': 'Domenica'},
           {'date': '2026-03-30', 'weekday': 'Lunedì'},
           {'date': '2026-03-31', 'weekday': 'Martedì'},
           {'date': '2026-04-01', 'weekday': 'Mercoledì'},
           {'date': '2026-04-02', 'weekday': 'Giovedì'},
           {'date': '2026-04-03', 'weekday': 'Venerdì'},
           {'date': '2026-04-04', 'weekday': 'Sabato'},
           {'date': '2026-04-05', 'weekday': 'Domenica'},
           {'date': '2026-04-06', 'weekday': 'Lunedì'},
           {'date': '2026-04-07', 'weekday': 'Martedì'},
           {'date': '2026-04-08', 'weekday': 'Mercoledì'},
           {'date': '2026-04-09', 'weekday': 'Giovedì'},
           {'date': '2026-04-10', 'weekday': 'Venerdì'},
           {'date': '2026-04-11', 'weekday': 'Sabato'},
           {'date': '2026-04-12', 'weekday': 'Domenica'},
           {'date': '2026-04-13', 'weekday': 'Lunedì'},
           {'date': '2026-04-14', 'weekday': 'Martedì'},
           {'date': '2026-04-15', 'weekday': 'Mercoledì'},
           {'date': '2026-04-16', 'weekday': 'Giovedì'}],
 'description': 'Martedì 16 dicembre riparte "Bolle d’Arte" il festival di '
                'promozione alla lettura dedicato a bambini/e ragazzi/e '
                'organizzato dal Polo bibliotecario piacentino e realizzato '
                'con il contributo del Ministero della Cultura - Direzione '
                'generale Biblioteche e diritto d’autore Fondo per la '
                'promozione della lettura, della tutela e della valorizzazione '
                'del patrimonio librario 2025. La rassegna, giunta alla quarta '
                'edizione, ha preso avvio nel 2021 in pieno periodo Covid con '
                'l’obiettivo di fornire ai più giovani, privati della '
                'socialità, momenti di incontro, spazi di condivisione, '
                'leggerezza e di evasione attraverso il piacere della lettura '
                'e della narrazione. Il lavoro in rete delle biblioteche del '
                'Polo Piacentino ha permesso in questi anni di far crescere '
                'l’iniziativa trasformandola in un atteso appuntamento per '
                'bambini, ragazzi e scuole. Il tema muta di edizione in '
                'edizione per rispondere alle esigenze dell’utenza young '
                'sperimentando inediti modalità di fruizione dello spazio '
                'biblioteca con l’obiettivo di avvicinare giovani e '
                'giovanissimi alle storie e alla lettura. Quest’anno filo '
                'conduttore della nuova edizione è la musica, linguaggio '
                'trasversale e interdisciplinare per sperimentare fin '
                'dall’infanzia la percezione del mondo attraverso suoni: '
                'rumori, note, immaginazione e fantasia. Tante le proposte tra '
                'le quali ricordiamo i laboratori di Maria Cannata curatrice '
                'della collana Babalibri in Musica e della musicista e '
                'scrittrice Elisabetta Garilli che ha dato vita per la casa '
                "editrice Carthusia al progetto Musica disegnata e un po' "
                'strampalata. Sarà sempre lei a condurre, tra i vari '
                'laboratori in programma, l’incontro per i neo genitori e le '
                'donne in gravidanza. Da non perdere anche le Fiabe del Jazz a '
                'cura di Mario Mozzani di Manicomics Teatro, il percorso di '
                'formazione per i più piccoli proposto dalla musicoterapeuta '
                'Clara Balordi e i divertentissimi percorsi dell’illustratrice '
                'piacentina Matilde Tacchini. Agli studenti della scuola '
                'secondaria sarà invece rivolto l’incontro con Marco '
                'Zanoncelli co-autore del libro "Via da Yarmouk. Storia di un '
                'uomo salvato dal suo pianoforte" edito da Le Piccole Pagine. '
                'Tanti gli appuntamenti in calendario che coinvolgeranno ben '
                '31 biblioteche del Polo bibliotecario a partire da quelle '
                'cittadine fino a sconfinare nella provincia piacentina. '
                'Saranno quattro mesi intensi in cui bambini e bambine, '
                'ragazzi e ragazze potranno avvicinarsi in modo divertente e '
                'coinvolgente alla lettura, confrontarsi con scrittori di fama '
                'nazionale, illustratori, editori e mediatori culturali '
                'mettendosi alla prova, sperimentando, da protagonisti, '
                'atelier, workshop e laboratori creativi. Capofila del '
                'progetto è il Comune di Piacenza con la Biblioteca Passerini '
                'Landi affiancata, nell’organizzazione e nelle attività di '
                'coordinamento, da Educarte società cooperativa, da La Matita '
                'Parlante, alla quale si deve la progettazione grafica dei '
                'materiali, e da tutti i Comuni che attraverso le biblioteche '
                'sostengono e supportano il progetto. Da quest’anno le '
                'collaborazioni si ampliano includendo Biblòh, rete delle '
                'biblioteche scolastiche, Piacenza Jazz Club, Manicomics '
                'Teatro e il Conservatorio di Musica Giuseppe Nicolini. '
                'Programmazione Ecco gli autori e i professionisti che '
                'animeranno le biblioteche coinvolte nel progetto: Elisabetta '
                'Garilli con il laboratorio "Tumpa Cucù" coinvolge i più '
                'piccoli nell’ascolto e nell’incontro sonoro: ritmi suonati, '
                'danzati, cantati per fare musica insieme, suono che canta, '
                'suono che racconta, suono che suona. Il laboratorio Tumpa '
                'Cucu’ prende il nome dall’albo illustrato omonimo, edito da '
                'Carthusia Edizioni, scritto e musicato da Elisabetta Garilli '
                'e illustrato da Emanuela Bussolati. Notizie sull’autrice : '
                'pianista e compositrice, esperta di didattica musicale '
                'applicativa. Cura e realizza varie rassegne di spettacoli '
                'educational in collaborazione con artisti, orchestre e teatri '
                'di tutta Italia. Scrive racconti musicati per l’infanzia ed è '
                'direttrice artistica del Festival itinerante LibrOrchestra. '
                'Per edizioni Carthusia cura la collana Musica disegnata e un '
                "po' strampalata con l’intento di porre l’accento "
                'sull’importanza di avvicinarsi alla musica e alla lettura fin '
                'da molto piccoli. Maria Cannata ci porterà nel mondo delle '
                'Fiabe Musicali di Babalibri in Musica . Un viaggio nelle '
                'emozioni con due fiabe musicali, attraverso libri di grandi '
                'dimensioni, che propongono momenti di ascolto, di confronto '
                'con i bambini e gli adulti per comprendere i significati ben '
                'custoditi nelle storie, per scoprire l’abbraccio che ci '
                'cambia. L’Ascolto che accoglie, l’incanto della fiaba si '
                'intreccia all’esplorazione gioiosa delle musiche di Schumann '
                'e di Beethoven. Note sull’autrice : è ideatrice e curatrice '
                'del progetto Babalibri in Musica. Dopo gli studi '
                'all’Accademia di Belle Arti di Brera, continua la formazione '
                'dedicandosi alla pedagogia e alla creazione di fiabe '
                'musicali. Da anni svolge attività di formazione per educatori '
                'e bibliotecari. È inoltre attiva nell’organizzazione di '
                'laboratori condivisi per bambini e adulti in biblioteche, '
                'librerie specializzate, Asili nido e Scuole dell’infanzia. '
                'Babalibri Casa Editrice cura e rende disponibile per tutte le '
                'biblioteche Bim! Una mostra da ascoltare Bim! Una mostra da '
                'ascoltare intreccia parole, note e immagini in un '
                'appassionante viaggio alla scoperta dei segreti della musica '
                'classica, a partire dalle storie della collana Babalibri in '
                'Musica. Grandi tavole illustrate, letture ad alta voce e la '
                'musica dei più celebri compositori, da Mozart a Schubert, da '
                'Beethoven a Debussy, invitano bambine e bambini ad ascoltare, '
                'giocare e sperimentare, scoprendo che la musica ci parla a '
                'ogni età e ci permette di stare con noi stessi con gli altri '
                'in armonia. La mostra è composta da 13 tavole a colori + 2 '
                'tavole introduttive e 1 tavola finale e prevede 2 percorsi: '
                'uno per la fascia 3-5 anni e uno per la fascia 6-10 anni. '
                'Ogni pannello è provvisto di 2 QR code, uno per ciascun '
                'percorso: inquadrandolo, la voce narrante accompagna il '
                'visitatore alla scoperta delle fiabe musicali, propone '
                'attività e introduce l’ascolto guidato e momenti di dialogo. '
                'Matilde Tacchini con gli albi illustrati e i workshop '
                'creativi "Non schiacciate quel bottone!" Nomos edizioni e '
                '“Come fregare un lupo” Cosimo Panini editore coinvolgerà i '
                'partecipanti in attività dinamiche di lettura, gioco e '
                'creatività per liberare la fantasia e scoprire nuovi mondi... '
                'tutti nascosti in un semplice bottone e sperimentare la danza '
                'della pioggia per salvarsi da un lupo! Note sull’autrice : '
                'Matilde Tacchini è art director, illustratrice e autrice per '
                'bambini. Dopo 15 anni di affermate campagne pubblicitarie, '
                'apre uno studio creativo a Piacenza, dove oltre al graphic '
                'design si dedica alla letteratura per i più piccoli, la sua '
                'vera passione. Clara Balordi con il progetto "La fabbrica dei '
                'suoni" si propone di offrire ai bambini non solo '
                'l’opportunità di fare musica attraverso una ricca gamma di '
                'attività e giochi, ma anche di immergersi in un ambiente '
                'sonoro significativo e stimolante. La musica svolge un ruolo '
                'fondamentale nello sviluppo dei bambini, aiutandoli a '
                'coltivare capacità di introspezione, comprensione e '
                'comunicazione. Note sull’autrice : musicoterapeuta ed '
                'educatrice musicale è specializzata in Musicoterapia '
                'Neonatale in acqua per bambini 0/6 anni. Svolge laboratori di '
                'musica nelle scuole dell’infanzia e nidi di Piacenza e '
                'provincia e collabora come musicoterapeuta con Asl di '
                'Piacenza, Fiorenzuola e Castelsangiovanni. The Joyful '
                'Ensemble del Conservatorio "G. Nicolini" di Piacenza Elena '
                'Cecconi , direttore e voce recitante Flauti all’opera: un '
                'viaggio musicale tra racconti ed emozioni è un’esperienza '
                'immersiva che celebra il potere narrativo della musica e la '
                'sua capacità di far rivivere emozioni senza tempo. Un '
                'raffinato ensemble di flauti guiderà i ragazzi in un percorso '
                'sonoro che attraversa le trame più suggestive dell’opera '
                'lirica fino alla musica per film. Fantasie e arrangiamenti di '
                'arie celebri e momenti indimenticabili, tratti da capolavori '
                'come Il flauto magico, Carmen e Rigoletto, si intrecceranno '
                'con letture evocative ispirate alle storie, ai personaggi e '
                'alle passioni che animano queste opere. Mauro Mozzani , in '
                'collaborazione con Piacenza Jazz Club, delizierà i più '
                'piccoli con Fiabe del jazz . Le letture animate dei testi '
                'scritti da Roberto Piumini e Claudio Comin (Collana Fiabe del '
                'jazz) saranno accompagnate da musicisti in un’atmosfera '
                'magica e coinvolgente. Note sull’autore : direttore '
                'artistico, attore e regista di Manicomics Teatro di Piacenza, '
                'dal 2005 collabora con il Cirque du Soleil. Dal 1990 '
                'organizza, dirige e tiene corsi e laboratori teatrali nelle '
                'scuole primarie e secondarie. Nell’ambito del teatro '
                'pedagogico e sulla lettura ha svolto corsi di aggiornamento '
                'per insegnanti di scuole dell’infanzia, scuola primaria e '
                'secondarie. Marco Zanoncelli autore del libro Via da Yarmouk. '
                'Storia di un uomo salvato dal suo pianoforte (Le Piccole '
                'Pagine, 2025), scritto "a 4 mani" grazie alla felice '
                'collaborazione con il musicista Aheam Ahmad, racconterà ai '
                'ragazzi la forza del potere salvifico della musica. Note '
                'sull’autore : fisico con un profondo interesse per la '
                'teologia, di cui ha conseguito la laurea magistrale in '
                'Scienze Religiose. Editorialista per il quotidiano "il '
                'Cittadino" di Lodi, è autore di diversi libri: "La Vita a '
                'colori - Storie da un insolito blog" (2018, ed. Edb), "I '
                'Gesti della vita" (2019 ed. Edb), "Quando l’alba verrà - '
                'Parole per un tempo nuovo" (2020, ed. Edb), "Pezzi unici - '
                'Piccola antologia di incontri (quasi) ordinari"(2025, ed. Le '
                'Piccole Pagine) e "Via da Yarmouk - storia di un uomo salvato '
                'dal suo pianoforte" (2025, ed Le piccole Pagine). Comuni '
                'delle biblioteche partecipanti: Agazzano, Alseno, Bobbio, '
                'Borgonovo, Cadeo, Calendasco, Caorso, Carpaneto, '
                'Castelsangiovanni, Castellarquato, Castelvetro, '
                'Cortemaggiore, Fiorenzuola, Gossolengo, Gragnano, Lugagnano, '
                'Monticelli, Piacenza (Passerini Landi - Giana Anguissola - '
                'Farnesiana - Archivio di Stato - Conservatorio G. Nicolini), '
                'Pianello, Podenzano, Pontedellolio, Pontenure, Rivergaro, '
                'Rottofreno, San Giorgio, Sarmato, Travo, Vigolzone, Ziano. Il '
                'programma completo sarà disponibile sul sito delle '
                'biblioteche piacentine www.leggerepiace.it e suddiviso mese '
                'per mese Per informazioni : www.leggerepiace.it Biblioteca '
                'Passerini Landi: stefania.cobianchi@comune.piacenza.it '
                'Educarte soc. coop.: info@educartesrl.it Per prenotare i '
                'singoli appuntamenti sarà necessario fare riferimento alle '
                'biblioteche ospitanti.',
 'image_url': '//citynews-ilpiacenza.stgy.ovh/~media/horizontal-mid/46938519939380/angolo-di-lettura-della-scuola-2.jpg',
 'location_address': None,
 'location_name': 'Location varie',
 'price': 'Prezzo non disponibile',
 'scraped_at': '2026-01-30T14:24:50.669140',
 'time_info': 'Orari vari',
 'title': 'Quattro mesi di letture e musica per bambini e ragazzi in 31 '
          'biblioteche: riparte "Bolle d’Arte"',
 'url': 'https://www.ilpiacenza.it/eventi/quattro-mesi-di-letture-e-musica-per-bambini-e-ragazzi-in-31-biblioteche-riparte-bolle-d-arte.html',
 'uuid': 'eef774f02a8d8e5f'}
[2026-01-30T14:24:57.534+0000] {docker.py:429} INFO - 2026-01-30 14:24:57 [scrapy.core.engine] DEBUG: Crawled (200) <GET https://www.ilpiacenza.it/eventi/non-allevare-il-figlio-del-cuculo-alla-sede-degli-amici-dell-arte-la-mostra-dedicata-a-maurizio-calza.html> (referer: https://www.ilpiacenza.it/eventi/dal/2026-01-30/al/2026-02-01/)
[2026-01-30T14:24:57.642+0000] {docker.py:429} INFO - 2026-01-30 14:24:57 [scrapy.core.scraper] DEBUG: Scraped from <200 https://www.ilpiacenza.it/eventi/non-allevare-il-figlio-del-cuculo-alla-sede-degli-amici-dell-arte-la-mostra-dedicata-a-maurizio-calza.html>
{'category': 'Mostre',
 'city': 'Piacenza',
 'content_hash': 'f1c8030d2ed7cabc',
 'date_end': '2026-03-15',
 'date_start': '2026-01-17',
 'dates': [{'date': '2026-01-17', 'weekday': 'Sabato'},
           {'date': '2026-01-18', 'weekday': 'Domenica'},
           {'date': '2026-01-19', 'weekday': 'Lunedì'},
           {'date': '2026-01-20', 'weekday': 'Martedì'},
           {'date': '2026-01-21', 'weekday': 'Mercoledì'},
           {'date': '2026-01-22', 'weekday': 'Giovedì'},
           {'date': '2026-01-23', 'weekday': 'Venerdì'},
           {'date': '2026-01-24', 'weekday': 'Sabato'},
           {'date': '2026-01-25', 'weekday': 'Domenica'},
           {'date': '2026-01-26', 'weekday': 'Lunedì'},
           {'date': '2026-01-27', 'weekday': 'Martedì'},
           {'date': '2026-01-28', 'weekday': 'Mercoledì'},
           {'date': '2026-01-29', 'weekday': 'Giovedì'},
           {'date': '2026-01-30', 'weekday': 'Venerdì'},
           {'date': '2026-01-31', 'weekday': 'Sabato'},
           {'date': '2026-02-01', 'weekday': 'Domenica'},
           {'date': '2026-02-02', 'weekday': 'Lunedì'},
           {'date': '2026-02-03', 'weekday': 'Martedì'},
           {'date': '2026-02-04', 'weekday': 'Mercoledì'},
           {'date': '2026-02-05', 'weekday': 'Giovedì'},
           {'date': '2026-02-06', 'weekday': 'Venerdì'},
           {'date': '2026-02-07', 'weekday': 'Sabato'},
           {'date': '2026-02-08', 'weekday': 'Domenica'},
           {'date': '2026-02-09', 'weekday': 'Lunedì'},
           {'date': '2026-02-10', 'weekday': 'Martedì'},
           {'date': '2026-02-11', 'weekday': 'Mercoledì'},
           {'date': '2026-02-12', 'weekday': 'Giovedì'},
           {'date': '2026-02-13', 'weekday': 'Venerdì'},
           {'date': '2026-02-14', 'weekday': 'Sabato'},
           {'date': '2026-02-15', 'weekday': 'Domenica'},
           {'date': '2026-02-16', 'weekday': 'Lunedì'},
           {'date': '2026-02-17', 'weekday': 'Martedì'},
           {'date': '2026-02-18', 'weekday': 'Mercoledì'},
           {'date': '2026-02-19', 'weekday': 'Giovedì'},
           {'date': '2026-02-20', 'weekday': 'Venerdì'},
           {'date': '2026-02-21', 'weekday': 'Sabato'},
           {'date': '2026-02-22', 'weekday': 'Domenica'},
           {'date': '2026-02-23', 'weekday': 'Lunedì'},
           {'date': '2026-02-24', 'weekday': 'Martedì'},
           {'date': '2026-02-25', 'weekday': 'Mercoledì'},
           {'date': '2026-02-26', 'weekday': 'Giovedì'},
           {'date': '2026-02-27', 'weekday': 'Venerdì'},
           {'date': '2026-02-28', 'weekday': 'Sabato'},
           {'date': '2026-03-01', 'weekday': 'Domenica'},
           {'date': '2026-03-02', 'weekday': 'Lunedì'},
           {'date': '2026-03-03', 'weekday': 'Martedì'},
           {'date': '2026-03-04', 'weekday': 'Mercoledì'},
           {'date': '2026-03-05', 'weekday': 'Giovedì'},
           {'date': '2026-03-06', 'weekday': 'Venerdì'},
           {'date': '2026-03-07', 'weekday': 'Sabato'},
           {'date': '2026-03-08', 'weekday': 'Domenica'},
           {'date': '2026-03-09', 'weekday': 'Lunedì'},
           {'date': '2026-03-10', 'weekday': 'Martedì'},
           {'date': '2026-03-11', 'weekday': 'Mercoledì'},
           {'date': '2026-03-12', 'weekday': 'Giovedì'},
           {'date': '2026-03-13', 'weekday': 'Venerdì'},
           {'date': '2026-03-14', 'weekday': 'Sabato'},
           {'date': '2026-03-15', 'weekday': 'Domenica'}],
 'description': 'Gli Amici dell’Arte Aps presentano Non allevare il figlio del '
                'cuculo, una grande antologica dedicata a Maurizio Calza, che '
                'raccoglie opere realizzate negli ultimi dieci anni della sua '
                'ricerca. Attivo dagli anni Settanta, Calza continua oggi un '
                'percorso lucido e coerente, capace di leggere le tensioni del '
                'presente attraverso installazioni, dipinti e "scultopitture". '
                'Molte opere, spesso di grande formato, sono state selezionate '
                'in relazione agli spazi espositivi dell’Associazione. La '
                'mostra si sviluppa attorno a tre nuclei tematici, che da '
                'tempo caratterizzano il lavoro dell’artista: abbandono, '
                'contemplazione e conflitto. Non si tratta di percorsi '
                'separati, ma di direzioni che si intrecciano, dando vita a un '
                'linguaggio visivo dove convivono poesia, inquietudine e una '
                'forma di resistenza culturale. Nel filone dell’abbandono '
                'emerge un lirismo trattenuto, un momentaneo allentarsi dello '
                'sguardo che sospende la durezza del reale. Nel filone della '
                'contemplazione, Calza osserva gli avvenimenti sociali e '
                'storici con l’attenzione di chi sente la necessità di '
                'testimoniare. Il filone del conflitto rappresenta invece il '
                'contraccolpo dell’artista: una presa di posizione chiara '
                'contro l’appiattimento culturale, contro le semplificazioni e '
                'contro l’inerzia di un "sistema dell’arte" che spesso ripete '
                'vecchi miti, svuotati della loro forza originaria. La '
                'selezione delle opere, pensata appositamente per gli ambienti '
                'espositivi, offre al pubblico un percorso immersivo tra '
                'forme, superfici e volumi. Pittura e scultura dialogano tra '
                'loro creando architetture visive che richiedono tempo, '
                'distanza e ascolto, elementi centrali nella poetica '
                'dell’artista, fondata sul rapporto tra velamento, soglia e '
                '"zona di rispetto". L’origine di questa lunga ricerca risale '
                'agli anni Ottanta, quando l’immagine di una Mater matuta '
                'preromana - severa, essenziale, con il figlio in grembo - '
                'generò in Calza un’intuizione destinata a ritornare nel tempo '
                'come matrice simbolica. Da allora il suo lavoro si è ampliato '
                'fino a includere temi come identità culturale, memoria, '
                'rapporto tra individuo e comunità e il ruolo dell’opera '
                'd’arte come luogo di complessità. Durante la mostra sarà '
                'disponibile il catalogo, con testo critico di Eugenio '
                'Gazzola. La pubblicazione raccoglierà e documenterà '
                'accuratamente molte opere, alcune delle quali finora prive di '
                'adeguata riproduzione fotografica, offrendo così uno '
                'strumento importante per approfondire la continuità del '
                'percorso dell’artista. Informazioni Inaugurazione: sabato 17 '
                'gennaio 2026, ore 17 Amici dell’Arte Aps Via San Siro 13, '
                'Piacenza Orari di apertura Venerdì dalle ore 15 alle 18; '
                'Sabato dalle ore 15 alle 18; Domenica dalle ore 15 alle 18 e '
                'su appuntamento. Periodo di apertura Da sabato 17 gennaio a '
                'domenica 15 marzo 2026 Contatti stampa Amici dell’Arte Aps '
                'Via San Siro 13, Piacenza info@amicidellartepc.it',
 'image_url': '//citynews-ilpiacenza.stgy.ovh/~media/horizontal-mid/20952808893265/non-allevare-il-figlio-del-cuculo-maurizio-calza.jpg',
 'location_address': 'Via San Siro, 13',
 'location_name': 'Sede Associazione "Amici dell\'Arte"',
 'price': 'Prezzo non disponibile',
 'scraped_at': '2026-01-30T14:24:50.668708',
 'time_info': 'Inaugurazione ore 17',
 'title': '"Non allevare il figlio del cuculo", alla sede degli Amici '
          'dell’arte la mostra dedicata a Maurizio Calza',
 'url': 'https://www.ilpiacenza.it/eventi/non-allevare-il-figlio-del-cuculo-alla-sede-degli-amici-dell-arte-la-mostra-dedicata-a-maurizio-calza.html',
 'uuid': '76bcfc70e34dd0fe'}
[2026-01-30T14:24:58.966+0000] {docker.py:429} INFO - 2026-01-30 14:24:58 [scrapy.core.engine] DEBUG: Crawled (200) <GET https://www.ilpiacenza.it/eventi/il-risorgimento-a-colori-arte-fumetto-e-storia-protagonisti-a-palazzo-farnese.html> (referer: https://www.ilpiacenza.it/eventi/dal/2026-01-30/al/2026-02-01/)
[2026-01-30T14:24:59.079+0000] {docker.py:429} INFO - 2026-01-30 14:24:59 [scrapy.core.scraper] DEBUG: Scraped from <200 https://www.ilpiacenza.it/eventi/il-risorgimento-a-colori-arte-fumetto-e-storia-protagonisti-a-palazzo-farnese.html>
{'category': 'Mostre',
 'city': 'Piacenza',
 'content_hash': '5000baa48d173749',
 'date_end': '2026-03-22',
 'date_start': '2025-11-20',
 'dates': [{'date': '2025-11-20', 'weekday': 'Giovedì'},
           {'date': '2025-11-27', 'weekday': 'Giovedì'},
           {'date': '2025-12-04', 'weekday': 'Giovedì'},
           {'date': '2025-12-11', 'weekday': 'Giovedì'},
           {'date': '2025-12-18', 'weekday': 'Giovedì'},
           {'date': '2025-12-25', 'weekday': 'Giovedì'},
           {'date': '2026-01-01', 'weekday': 'Giovedì'},
           {'date': '2026-01-08', 'weekday': 'Giovedì'},
           {'date': '2026-01-15', 'weekday': 'Giovedì'},
           {'date': '2026-01-22', 'weekday': 'Giovedì'},
           {'date': '2026-01-29', 'weekday': 'Giovedì'},
           {'date': '2026-02-05', 'weekday': 'Giovedì'},
           {'date': '2026-02-12', 'weekday': 'Giovedì'},
           {'date': '2026-02-19', 'weekday': 'Giovedì'},
           {'date': '2026-02-26', 'weekday': 'Giovedì'},
           {'date': '2026-03-05', 'weekday': 'Giovedì'},
           {'date': '2026-03-12', 'weekday': 'Giovedì'},
           {'date': '2026-03-19', 'weekday': 'Giovedì'}],
 'description': 'Dopo un anno di fervente attività creativa e di studio, il '
                'Museo del Risorgimento di Piacenza, uno dei Musei Civici con '
                "sede a Palazzo Farnese, è lieto di annunciare l'inaugurazione "
                'della mostra "Il Risorgimento a colori. Pillole di storia tra '
                'Illustrazione e Comic Art". L\'appuntamento è fissato per '
                "giovedì 20 novembre alle ore 17. L'esposizione resterà aperta "
                'al pubblico fino al 22 marzo 2026. Culmine del progetto '
                'culturale "Disegnare la Storia", la mostra raccoglie il '
                'lavoro di un gruppo di fumettisti che, per un anno intero, '
                'sono stati invitati a dare nuova vita ai momenti salienti e '
                'ai protagonisti del Risorgimento, utilizzando il linguaggio '
                "potente e immediato del fumetto e dell'illustrazione. "
                'L’esposizione, curata dal direttore dei Musei Civici di '
                'Palazzo Farnese, Antonio Iommelli, e da Sergio Anelli, '
                'raccoglie i lavori originali nati da questo percorso creativo '
                'unico, offrendo al pubblico una prospettiva inedita e '
                'colorata su una fase cruciale della storia nazionale. '
                'Attraverso tavole, illustrazioni e comic art, i visitatori '
                'potranno scoprire "pillole di storia" narrate con grande '
                'sensibilità e maestria artistica. Per assicurare la massima '
                'valorizzazione di questo importante lavoro e lasciarne una '
                'traccia duratura, tutte le opere esposte sono state raccolte '
                'in un catalogo ufficiale. La sua pubblicazione è stata resa '
                "possibile grazie al fondamentale sostegno dell'Istituto per "
                'la Storia del Risorgimento Italiano (Isri), sezione di '
                'Piacenza, che ha accolto la richiesta di supporto necessaria '
                'a coprire i costi di stampa. Il Museo del Risorgimento invita '
                'la cittadinanza, gli appassionati di storia e gli amanti '
                "dell'arte e del fumetto a partecipare all'inaugurazione e a "
                "visitare l'esposizione.",
 'image_url': '//citynews-ilpiacenza.stgy.ovh/~media/horizontal-mid/52511963732417/il-risorgimento-a-colori.jpg',
 'location_address': 'Piazza della Cittadella, 29',
 'location_name': 'Museo del Risorgimento',
 'price': 'Prezzo non disponibile',
 'schedule': 'Inaugurazione giovedì 20 novembre alle ore 17',
 'scraped_at': '2026-01-30T14:24:50.668237',
 'title': '"Il Risorgimento a colori": arte, fumetto e storia protagonisti a '
          'Palazzo Farnese',
 'url': 'https://www.ilpiacenza.it/eventi/il-risorgimento-a-colori-arte-fumetto-e-storia-protagonisti-a-palazzo-farnese.html',
 'uuid': 'f733df4dbbbbc478',
 'weekdays': 'Giovedì'}
[2026-01-30T14:25:01.010+0000] {docker.py:429} INFO - 2026-01-30 14:25:01 [scrapy.core.engine] DEBUG: Crawled (200) <GET https://www.ilpiacenza.it/eventi/la-passerini-landi-accoglie-la-preziosa-collezione-di-ex-libris-dei-coniugi-rovegno-piana.html> (referer: https://www.ilpiacenza.it/eventi/dal/2026-01-30/al/2026-02-01/)
[2026-01-30T14:25:01.121+0000] {docker.py:429} INFO - 2026-01-30 14:25:01 [scrapy.core.scraper] DEBUG: Scraped from <200 https://www.ilpiacenza.it/eventi/la-passerini-landi-accoglie-la-preziosa-collezione-di-ex-libris-dei-coniugi-rovegno-piana.html>
{'category': 'Mostre',
 'city': 'Piacenza',
 'content_hash': 'bb9be0521acea628',
 'date_end': '2026-02-07',
 'date_start': '2025-12-06',
 'dates': [{'date': '2025-12-06', 'weekday': 'Sabato'},
           {'date': '2025-12-08', 'weekday': 'Lunedì'},
           {'date': '2025-12-09', 'weekday': 'Martedì'},
           {'date': '2025-12-13', 'weekday': 'Sabato'},
           {'date': '2025-12-15', 'weekday': 'Lunedì'},
           {'date': '2025-12-16', 'weekday': 'Martedì'},
           {'date': '2025-12-20', 'weekday': 'Sabato'},
           {'date': '2025-12-22', 'weekday': 'Lunedì'},
           {'date': '2025-12-23', 'weekday': 'Martedì'},
           {'date': '2025-12-27', 'weekday': 'Sabato'},
           {'date': '2025-12-29', 'weekday': 'Lunedì'},
           {'date': '2025-12-30', 'weekday': 'Martedì'},
           {'date': '2026-01-03', 'weekday': 'Sabato'},
           {'date': '2026-01-05', 'weekday': 'Lunedì'},
           {'date': '2026-01-06', 'weekday': 'Martedì'},
           {'date': '2026-01-10', 'weekday': 'Sabato'},
           {'date': '2026-01-12', 'weekday': 'Lunedì'},
           {'date': '2026-01-13', 'weekday': 'Martedì'},
           {'date': '2026-01-17', 'weekday': 'Sabato'},
           {'date': '2026-01-19', 'weekday': 'Lunedì'},
           {'date': '2026-01-20', 'weekday': 'Martedì'},
           {'date': '2026-01-24', 'weekday': 'Sabato'},
           {'date': '2026-01-26', 'weekday': 'Lunedì'},
           {'date': '2026-01-27', 'weekday': 'Martedì'},
           {'date': '2026-01-31', 'weekday': 'Sabato'},
           {'date': '2026-02-02', 'weekday': 'Lunedì'},
           {'date': '2026-02-03', 'weekday': 'Martedì'},
           {'date': '2026-02-07', 'weekday': 'Sabato'}],
 'description': 'Paolo Rovegno, collezionista d’arte piacentino di origini '
                'cremonesi, insieme alla moglie Lidia Imeria Piana, hanno '
                'donato alla Biblioteca comunale Passerini-Landi una parte '
                'della loro collezione di ex libris. Si tratta di piccola '
                'grafica d’arte, con cui il collezionista marcava la proprietà '
                'dei libri. La donazione al Comune di Piacenza è composta da '
                'più di 3mila opere di grafica nelle varie tipologie '
                'artistiche, prevalentemente calcografie, da matrice in rame, '
                'ma anche litografie, serigrafie, xilografie e opere '
                'realizzate con la computer grafica, e realizzate da artisti '
                'contemporanei provenienti dai paesi di tutta Europa, dalla '
                'Cina e dal Giappone. La mostra si articolerà in tre '
                'differenti sezioni che valorizzeranno rispettivamente le '
                'opere di artisti europei, russi e cinesi. Le opere esposte, '
                'circa 200 in tutto, saranno raccolte in un catalogo '
                'realizzato per l’occasione, stampato grazie al contributo '
                'della Banca di Piacenza, erogato tramite Art Bonus in base '
                "alla legge n. 106 del 29 luglio 2014. L'inaugurazione si "
                'terrà sabato 6 dicembre alle ore 11 al Salone Monumentale '
                'della Biblioteca Passerini-Landi. La mostra sarà visitabile '
                'da sabato 6 dicembre 2025 a sabato 7 febbraio 2026, al Salone '
                'monumentale della Biblioteca Passerini-Landi al lunedì dalle '
                'ore 14 alle 19 e da martedì a sabato dalle ore 9 alle 19. «Ci '
                'sono patrimoni che non sono solo collezioni, ma vere e '
                'proprie testimonianze di una vita dedicata alla passione, '
                'all’impegno e a una profonda saggezza culturale. Questo '
                'catalogo non è semplicemente un elenco; è l’eloquente '
                'riflesso di uno di questi patrimoni: la magnifica raccolta di '
                'ex libris di Paolo Rovegno e Lidia Imeria Piana. L’ex libris, '
                'quel piccolo segno grafico che racchiude in sè storia, arte e '
                'l’identità del possessore di un libro, trova in questa '
                'collezione una delle sue espressioni più complete e '
                'affascinanti. Un risultato che non sarebbe stato possibile '
                'senza l’instancabile dedizione dei suoi curatori e '
                'proprietari. Paolo e Lidia hanno infuso in questa impresa una '
                'grande capacità culturale, trasformando la loro passione in '
                'un meticoloso studio, una vera e propria indagine nel gusto e '
                'nell’iconografia di epoche diverse. La loro grande volontà di '
                'lavorare e la tenacia sono state la chiave per assemblare un '
                'insieme di opere di tale ricchezza e varietà. Questa '
                'specifica esposizione focalizzata sul catalogo offre un '
                'affascinante sguardo su un’area geografica spesso trascurata, '
                'ponendo l’accento sugli ex libris provenienti da una zona '
                'nevralgica dell’Europa orientale. Una scelta che rivela una '
                'prospettiva di ricerca illuminata e originale. Ma '
                'l’eccellenza non si ferma alla sola raccolta privata e allo '
                'studio specialistico. La loro visione, permeata da un '
                'profondo senso civico, culmina in un gesto di straordinaria '
                'generosità: la donazione alla città di Piacenza di un '
                'patrimonio vastissimo, composto da ben 3.464 pezzi. Questa '
                'eccezionale raccolta sarà d’ora in poi a disposizione della '
                'Città di Piacenza e di tutti i Piacentini, con l’impegno '
                'dell’Amministrazione comunale a valorizzarla e renderla '
                'fruibile pienamente negli anni a venire. Questo catalogo è, '
                'dunque, il primo passo di un nobile atto di condivisione, un '
                'invito rivolto alla comunità, agli studiosi e a tutti gli '
                'amanti dell’arte e della storia del libro, a fruire e ad '
                'apprezzare l’inestimabile eredità culturale dei coniugi Paolo '
                'Rovegno e Lidia Imeria Piana», così l’assessore alla Cultura '
                'del Comune di Piacenza Christian Fiazza. «Fin dalla nascita '
                'del libro a stampa e prima nell’epoca dei codici manoscritti, '
                'la preziosità e rarità di questi manufatti, spesso prodotti '
                'in poche copie, comportava la necessità di personalizzare i '
                'volumi, per poterli distinguere, rendendone più difficile il '
                'furto o la dispersione all’interno delle biblioteche. La '
                'risposta a questa esigenza venne trovata nelle varie modalità '
                'in cui i libri potevano essere contrassegnati con segni o '
                'note di possesso comprovanti la proprietà del volume. Sono '
                'diversi i segni che è possibile reperire nei manoscritti '
                'antichi o i volumi a stampa dal XV secolo in avanti: dalle '
                'annotazioni manoscritte agli ex libris. Ogni libro vive una '
                'vita a sé, fatta di passaggi di biblioteca in biblioteca, '
                'ricollocazioni, vendite, acquisizioni, smarrimenti, '
                'ritrovamenti, ecc. Ed è interessante studiare i percorsi che '
                'queste opere dell’ingegno umano percorrono, riuscire a '
                'ricostruire i passaggi di possessore in possessore nel corso '
                'dei secoli. Le biblioteche storiche sono spesso frutto di '
                'depositi di fondi librari donati dai collezionisti o oggetto '
                'di soppressioni di ordini religiosi, o di scambi fra '
                'biblioteche. Con il mutare delle esigenze, degli orientamenti '
                'e degli spazi disponibili, le collezioni librarie corrono il '
                'rischio di snaturarsi e di disperdersi. Una delle strategie '
                'utilizzate dai bibliotecari per ricostruire la storia dei '
                'libri e dei fondi librari è ricorrere alle testimonianze '
                'lasciate dai segni o note di possesso. Ciò permette di '
                'descrivere la "biografia" di singole opere o di intere '
                'raccolte, di migliorare la conoscenza della diffusione nello '
                'spazio e nel tempo della cultura, di studiare gli interessi '
                'culturali dei collezionisti. Sempre più pertanto i cataloghi '
                'delle biblioteche raccolgono e indicizzano le testimonianze '
                'delle note di possesso in modo da permettere anche '
                'ricostruzioni virtuali di intere biblioteche. Gli ex libris '
                'da semplice segno di possesso sono stati sempre più concepiti '
                'dai bibliofili come un modo per lasciare un segno che '
                'caratterizzasse il proprietario del volume. Così a lasciare '
                'il segno sono chiamati artisti e incisori che realizzano '
                'piccole grafiche d’arte a stampa. Le grafiche sono intese a '
                'interpretare le esigenze del committente attraverso '
                'l’inserimento di immagini, scritte e motti. In questo modo '
                'l’ex libris fornisce informazioni sullo stile, il gusto, gli '
                'interessi del collezionista. A partire dal XIX secolo il '
                'gusto collezionistico si è focalizzato su questa speciale '
                'grafica d’arte che si distacca dalla sua originale funzione '
                'di segno di possesso per divenire un settore a sé stante '
                'dell’arte grafica. Gli ex libris divengono pertanto oggetti '
                'd’arte da conservare, scambiare e commerciare, riprodurre su '
                'riviste specializzate o monografie dedicate, esporre in '
                'mostre nazionali ed internazionali. In questo preciso ambito '
                'si colloca la mostra che la Biblioteca Passerini-Landi ha '
                'organizzato per rendere omaggio alla generosità dei coniugi '
                'Rovegno - Piana che hanno donato la loro ricca collezione di '
                'ex libris alla biblioteca comunale di Piacenza. Sarà '
                'occasione per appassionati del genere e curiosi di ammirare '
                'le opere esposte frutto di ingegno, arte e passione», spiega '
                'il direttore della Biblioteca Passerini-Landi Graziano '
                'Villaggi. «Dopo la donazione del 2008 fatta al Museo Civico '
                'Ugolani Dati di Cremona, sia io che mia moglie Lidia, mai '
                'avremmo pensato di trovarci oggi, ormai ottuagenari, a dover '
                'nuovamente dedicare del tempo per una nuova donazione. Certo '
                'è che la nostra passione, per la "piccola grafica d’arte '
                'dedicata", non ci ha mai abbandonato ritrovandoci oggi a '
                'dover decidere per il nuovo complesso, di 3440 opere, '
                'costituito quasi totalmente da incisioni calcografiche dei '
                'maggiori artisti europei e asiatici contemporanei. Poiché, '
                'dal nostro trasferimento da Cremona sono ormai passati 55 '
                'anni, sentendoci pienamente cittadini di Piacenza, abbiamo '
                'deciso di donare quanto raccolto, in questi ultimi 17 anni, '
                'alla biblioteca Passerini-Landi ritenendola la migliore '
                'ubicazione. Infatti nelle sue idonee bacheche, gli '
                'appassionati d’arte avranno la possibilità di ammirare nelle '
                'tre mostre programmate, l’impegno sia tecnico che artistico '
                'profuso da questi autori in una disciplina difficile come la '
                'calcografia, riuscendo ad esprimere pensieri e visioni spesso '
                'inimmaginabili per l’osservatore. Non si troveranno esposte, '
                'in questa occasione, opere di artisti italiani, pur presenti '
                'nella collezione, poiché pensiamo che per gli appassionati '
                'sia abbastanza facile avere o aver avuto occasioni di poter '
                'ammirare e conoscere tali autori. Nel ringraziare '
                'l’Amministrazione comunale e la direzione della biblioteca '
                'per la sensibilità dimostrata, ci auguriamo che quanto fatto '
                'sia anche di completo gradimento alla cittadinanza», '
                'dichiarano Paolo e Lidia Rovegno.',
 'image_url': '//citynews-ilpiacenza.stgy.ovh/~media/horizontal-mid/30846031967303/grandi-incisori-della-piccola-grafica-dedicata-ex-libris-passerini-landi.jpg',
 'location_address': 'Via Giosuè Carducci, 14',
 'location_name': 'Biblioteca Passerini Landi',
 'price': 'Prezzo non disponibile',
 'schedule': 'Inaugurazione ore 11; Orari: al lunedì dalle ore 14 alle 19 e da '
             'martedì a sabato dalle ore 9 alle 19',
 'scraped_at': '2026-01-30T14:24:50.667805',
 'title': 'La Passerini-Landi accoglie la preziosa collezione di ex libris dei '
          'coniugi Rovegno-Piana',
 'url': 'https://www.ilpiacenza.it/eventi/la-passerini-landi-accoglie-la-preziosa-collezione-di-ex-libris-dei-coniugi-rovegno-piana.html',
 'uuid': '0d28231b28bbfbdb',
 'weekdays': 'Lunedì, Martedì, Sabato'}
[2026-01-30T14:25:01.570+0000] {docker.py:429} INFO - 2026-01-30 14:25:01 [scrapy.core.engine] DEBUG: Crawled (200) <GET https://www.ilpiacenza.it/eventi/una-stagione-su-misura-la-musica-a-portata-di-bambino-al-conservatorio.html> (referer: https://www.ilpiacenza.it/eventi/dal/2026-01-30/al/2026-02-01/)
[2026-01-30T14:25:01.680+0000] {docker.py:429} INFO - 2026-01-30 14:25:01 [scrapy.core.scraper] DEBUG: Scraped from <200 https://www.ilpiacenza.it/eventi/una-stagione-su-misura-la-musica-a-portata-di-bambino-al-conservatorio.html>
{'category': 'Concerti',
 'city': 'Piacenza',
 'content_hash': 'de4ba8f3253cdef6',
 'date_end': '2026-05-09',
 'date_start': '2025-12-10',
 'dates': [{'date': '2025-12-10', 'weekday': 'Mercoledì'},
           {'date': '2025-12-11', 'weekday': 'Giovedì'},
           {'date': '2025-12-12', 'weekday': 'Venerdì'},
           {'date': '2025-12-13', 'weekday': 'Sabato'},
           {'date': '2025-12-14', 'weekday': 'Domenica'},
           {'date': '2025-12-15', 'weekday': 'Lunedì'},
           {'date': '2025-12-16', 'weekday': 'Martedì'},
           {'date': '2025-12-17', 'weekday': 'Mercoledì'},
           {'date': '2025-12-18', 'weekday': 'Giovedì'},
           {'date': '2025-12-19', 'weekday': 'Venerdì'},
           {'date': '2025-12-20', 'weekday': 'Sabato'},
           {'date': '2025-12-21', 'weekday': 'Domenica'},
           {'date': '2025-12-22', 'weekday': 'Lunedì'},
           {'date': '2025-12-23', 'weekday': 'Martedì'},
           {'date': '2025-12-24', 'weekday': 'Mercoledì'},
           {'date': '2025-12-25', 'weekday': 'Giovedì'},
           {'date': '2025-12-26', 'weekday': 'Venerdì'},
           {'date': '2025-12-27', 'weekday': 'Sabato'},
           {'date': '2025-12-28', 'weekday': 'Domenica'},
           {'date': '2025-12-29', 'weekday': 'Lunedì'},
           {'date': '2025-12-30', 'weekday': 'Martedì'},
           {'date': '2025-12-31', 'weekday': 'Mercoledì'},
           {'date': '2026-01-01', 'weekday': 'Giovedì'},
           {'date': '2026-01-02', 'weekday': 'Venerdì'},
           {'date': '2026-01-03', 'weekday': 'Sabato'},
           {'date': '2026-01-04', 'weekday': 'Domenica'},
           {'date': '2026-01-05', 'weekday': 'Lunedì'},
           {'date': '2026-01-06', 'weekday': 'Martedì'},
           {'date': '2026-01-07', 'weekday': 'Mercoledì'},
           {'date': '2026-01-08', 'weekday': 'Giovedì'},
           {'date': '2026-01-09', 'weekday': 'Venerdì'},
           {'date': '2026-01-10', 'weekday': 'Sabato'},
           {'date': '2026-01-11', 'weekday': 'Domenica'},
           {'date': '2026-01-12', 'weekday': 'Lunedì'},
           {'date': '2026-01-13', 'weekday': 'Martedì'},
           {'date': '2026-01-14', 'weekday': 'Mercoledì'},
           {'date': '2026-01-15', 'weekday': 'Giovedì'},
           {'date': '2026-01-16', 'weekday': 'Venerdì'},
           {'date': '2026-01-17', 'weekday': 'Sabato'},
           {'date': '2026-01-18', 'weekday': 'Domenica'},
           {'date': '2026-01-19', 'weekday': 'Lunedì'},
           {'date': '2026-01-20', 'weekday': 'Martedì'},
           {'date': '2026-01-21', 'weekday': 'Mercoledì'},
           {'date': '2026-01-22', 'weekday': 'Giovedì'},
           {'date': '2026-01-23', 'weekday': 'Venerdì'},
           {'date': '2026-01-24', 'weekday': 'Sabato'},
           {'date': '2026-01-25', 'weekday': 'Domenica'},
           {'date': '2026-01-26', 'weekday': 'Lunedì'},
           {'date': '2026-01-27', 'weekday': 'Martedì'},
           {'date': '2026-01-28', 'weekday': 'Mercoledì'},
           {'date': '2026-01-29', 'weekday': 'Giovedì'},
           {'date': '2026-01-30', 'weekday': 'Venerdì'},
           {'date': '2026-01-31', 'weekday': 'Sabato'},
           {'date': '2026-02-01', 'weekday': 'Domenica'},
           {'date': '2026-02-02', 'weekday': 'Lunedì'},
           {'date': '2026-02-03', 'weekday': 'Martedì'},
           {'date': '2026-02-04', 'weekday': 'Mercoledì'},
           {'date': '2026-02-05', 'weekday': 'Giovedì'},
           {'date': '2026-02-06', 'weekday': 'Venerdì'},
           {'date': '2026-02-07', 'weekday': 'Sabato'},
           {'date': '2026-02-08', 'weekday': 'Domenica'},
           {'date': '2026-02-09', 'weekday': 'Lunedì'},
           {'date': '2026-02-10', 'weekday': 'Martedì'},
           {'date': '2026-02-11', 'weekday': 'Mercoledì'},
           {'date': '2026-02-12', 'weekday': 'Giovedì'},
           {'date': '2026-02-13', 'weekday': 'Venerdì'},
           {'date': '2026-02-14', 'weekday': 'Sabato'},
           {'date': '2026-02-15', 'weekday': 'Domenica'},
           {'date': '2026-02-16', 'weekday': 'Lunedì'},
           {'date': '2026-02-17', 'weekday': 'Martedì'},
           {'date': '2026-02-18', 'weekday': 'Mercoledì'},
           {'date': '2026-02-19', 'weekday': 'Giovedì'},
           {'date': '2026-02-20', 'weekday': 'Venerdì'},
           {'date': '2026-02-21', 'weekday': 'Sabato'},
           {'date': '2026-02-22', 'weekday': 'Domenica'},
           {'date': '2026-02-23', 'weekday': 'Lunedì'},
           {'date': '2026-02-24', 'weekday': 'Martedì'},
           {'date': '2026-02-25', 'weekday': 'Mercoledì'},
           {'date': '2026-02-26', 'weekday': 'Giovedì'},
           {'date': '2026-02-27', 'weekday': 'Venerdì'},
           {'date': '2026-02-28', 'weekday': 'Sabato'},
           {'date': '2026-03-01', 'weekday': 'Domenica'},
           {'date': '2026-03-02', 'weekday': 'Lunedì'},
           {'date': '2026-03-03', 'weekday': 'Martedì'},
           {'date': '2026-03-04', 'weekday': 'Mercoledì'},
           {'date': '2026-03-05', 'weekday': 'Giovedì'},
           {'date': '2026-03-06', 'weekday': 'Venerdì'},
           {'date': '2026-03-07', 'weekday': 'Sabato'},
           {'date': '2026-03-08', 'weekday': 'Domenica'},
           {'date': '2026-03-09', 'weekday': 'Lunedì'},
           {'date': '2026-03-10', 'weekday': 'Martedì'},
           {'date': '2026-03-11', 'weekday': 'Mercoledì'},
           {'date': '2026-03-12', 'weekday': 'Giovedì'},
           {'date': '2026-03-13', 'weekday': 'Venerdì'},
           {'date': '2026-03-14', 'weekday': 'Sabato'},
           {'date': '2026-03-15', 'weekday': 'Domenica'},
           {'date': '2026-03-16', 'weekday': 'Lunedì'},
           {'date': '2026-03-17', 'weekday': 'Martedì'},
           {'date': '2026-03-18', 'weekday': 'Mercoledì'},
           {'date': '2026-03-19', 'weekday': 'Giovedì'},
           {'date': '2026-03-20', 'weekday': 'Venerdì'},
           {'date': '2026-03-21', 'weekday': 'Sabato'},
           {'date': '2026-03-22', 'weekday': 'Domenica'},
           {'date': '2026-03-23', 'weekday': 'Lunedì'},
           {'date': '2026-03-24', 'weekday': 'Martedì'},
           {'date': '2026-03-25', 'weekday': 'Mercoledì'},
           {'date': '2026-03-26', 'weekday': 'Giovedì'},
           {'date': '2026-03-27', 'weekday': 'Venerdì'},
           {'date': '2026-03-28', 'weekday': 'Sabato'},
           {'date': '2026-03-29', 'weekday': 'Domenica'},
           {'date': '2026-03-30', 'weekday': 'Lunedì'},
           {'date': '2026-03-31', 'weekday': 'Martedì'},
           {'date': '2026-04-01', 'weekday': 'Mercoledì'},
           {'date': '2026-04-02', 'weekday': 'Giovedì'},
           {'date': '2026-04-03', 'weekday': 'Venerdì'},
           {'date': '2026-04-04', 'weekday': 'Sabato'},
           {'date': '2026-04-05', 'weekday': 'Domenica'},
           {'date': '2026-04-06', 'weekday': 'Lunedì'},
           {'date': '2026-04-07', 'weekday': 'Martedì'},
           {'date': '2026-04-08', 'weekday': 'Mercoledì'},
           {'date': '2026-04-09', 'weekday': 'Giovedì'},
           {'date': '2026-04-10', 'weekday': 'Venerdì'},
           {'date': '2026-04-11', 'weekday': 'Sabato'},
           {'date': '2026-04-12', 'weekday': 'Domenica'},
           {'date': '2026-04-13', 'weekday': 'Lunedì'},
           {'date': '2026-04-14', 'weekday': 'Martedì'},
           {'date': '2026-04-15', 'weekday': 'Mercoledì'},
           {'date': '2026-04-16', 'weekday': 'Giovedì'},
           {'date': '2026-04-17', 'weekday': 'Venerdì'},
           {'date': '2026-04-18', 'weekday': 'Sabato'},
           {'date': '2026-04-19', 'weekday': 'Domenica'},
           {'date': '2026-04-20', 'weekday': 'Lunedì'},
           {'date': '2026-04-21', 'weekday': 'Martedì'},
           {'date': '2026-04-22', 'weekday': 'Mercoledì'},
           {'date': '2026-04-23', 'weekday': 'Giovedì'},
           {'date': '2026-04-24', 'weekday': 'Venerdì'},
           {'date': '2026-04-25', 'weekday': 'Sabato'},
           {'date': '2026-04-26', 'weekday': 'Domenica'},
           {'date': '2026-04-27', 'weekday': 'Lunedì'},
           {'date': '2026-04-28', 'weekday': 'Martedì'},
           {'date': '2026-04-29', 'weekday': 'Mercoledì'},
           {'date': '2026-04-30', 'weekday': 'Giovedì'},
           {'date': '2026-05-01', 'weekday': 'Venerdì'},
           {'date': '2026-05-02', 'weekday': 'Sabato'},
           {'date': '2026-05-03', 'weekday': 'Domenica'},
           {'date': '2026-05-04', 'weekday': 'Lunedì'},
           {'date': '2026-05-05', 'weekday': 'Martedì'},
           {'date': '2026-05-06', 'weekday': 'Mercoledì'},
           {'date': '2026-05-07', 'weekday': 'Giovedì'},
           {'date': '2026-05-08', 'weekday': 'Venerdì'},
           {'date': '2026-05-09', 'weekday': 'Sabato'}],
 'description': 'Il Conservatorio torna a parlare ai più piccoli - e a suonare '
                'per loro - con la nuova edizione di "Una Stagione su… '
                'Misura", la rassegna musicale pensata per avvicinare bambine '
                'e bambini al mondo dei suoni dal vivo. Un progetto ormai '
                'consolidato, curato da Patrizia Bernelich, che per l’anno '
                'scolastico 2025-2026 propone quattro appuntamenti mattutini e '
                'pomeridiani interamente dedicati alle scuole del territorio. '
                'Il calendario si apre mercoledì 10 dicembre alle ore 10, '
                'quando il Salone dei Concerti del Conservatorio ospiterà il '
                'tradizionale Concerto di Natale. Sul palco si esibirà la '
                'Youth Orchestra, diretta da Paola Busconi, affiancata dal '
                'Coro Voci Bianche di Piacenza guidato da Giorgio Ubaldi. '
                'Un’occasione per immergere gli studenti nell’atmosfera '
                'natalizia attraverso il repertorio sinfonico-corale. Il '
                'viaggio musicale proseguirà martedì 17 febbraio 2026 alle ore '
                '10, con il vivace Concerto di Carnevale, sempre nel Salone '
                'dei Concerti di via S. Franca 35. A esibirsi sarà l’Orchestra '
                '5/4, formazione giovane e dinamica, pronta a coinvolgere i '
                'piccoli spettatori in un clima festoso e colorato, in '
                'perfetto spirito carnevalesco. Con l’arrivo della bella '
                'stagione, mercoledì 25 marzo 2026 alle ore 10 andrà in scena '
                'il Concerto di Primavera, inserito quest’anno nell’ambito di '
                '"Bolle d’arte", il Festival di promozione del libro promosso '
                'dal Polo Biblioteche Piacentine. A suonare sarà il Flute '
                'Ensemble diretto da Elena Cecconi, protagonista di un '
                'programma musicale pensato per intrecciare musica e '
                'immaginazione. A chiudere la rassegna, sabato 9 maggio 2026 '
                'alle ore 15,30, una speciale Passeggiata Musicale per le vie '
                'di Piacenza: un percorso sonoro all’aria aperta, coinvolgente '
                'e itinerante, che permetterà agli alunni di scoprire scorci '
                'della città attraverso micro-performance diffuse. «Con Una '
                'Stagione su… Misura desideriamo offrire ai bambini un '
                'incontro autentico con la musica dal vivo, in un ambiente '
                'accogliente e pensato per loro – dichiara la curatrice '
                'Patrizia Bernelich –. Ogni concerto è costruito con l’idea di '
                'stimolare curiosità, ascolto e meraviglia, perché crediamo '
                'che la musica sia un linguaggio capace di creare ponti e di '
                'far crescere. Invitiamo le scuole a partecipare con '
                'entusiasmo: questa rassegna è, prima di tutto, un dono per i '
                'più piccoli».',
 'image_url': '//citynews-ilpiacenza.stgy.ovh/~media/horizontal-mid/37421226922793/conservatorio-nicolini-12.jpg',
 'location_address': 'Via Santa Franca, 35',
 'location_name': 'Conservatorio Nicolini',
 'price': 'Prezzo non disponibile',
 'scraped_at': '2026-01-30T14:24:50.667345',
 'time_info': 'Orari vari',
 'title': 'Una Stagione su...misura: la musica "a portata di bambino" al '
          'Conservatorio',
 'url': 'https://www.ilpiacenza.it/eventi/una-stagione-su-misura-la-musica-a-portata-di-bambino-al-conservatorio.html',
 'uuid': 'c1905488ff99c5f6'}
[2026-01-30T14:25:02.740+0000] {docker.py:429} INFO - 2026-01-30 14:25:02 [scrapy.core.engine] DEBUG: Crawled (200) <GET https://www.ilpiacenza.it/eventi/matinees-a-palazzo-farnese-musica-e-storia-da-verdi-a-mozart-con-gli-amici-della-lirica.html> (referer: https://www.ilpiacenza.it/eventi/dal/2026-01-30/al/2026-02-01/)
[2026-01-30T14:25:02.849+0000] {docker.py:429} INFO - 2026-01-30 14:25:02 [scrapy.core.scraper] DEBUG: Scraped from <200 https://www.ilpiacenza.it/eventi/matinees-a-palazzo-farnese-musica-e-storia-da-verdi-a-mozart-con-gli-amici-della-lirica.html>
{'category': 'Concerti',
 'city': 'Piacenza',
 'content_hash': '9b632f38f112ab73',
 'date_end': '2026-05-03',
 'date_start': '2026-01-25',
 'dates': [{'date': '2026-01-25', 'weekday': 'Domenica'},
           {'date': '2026-01-26', 'weekday': 'Lunedì'},
           {'date': '2026-01-27', 'weekday': 'Martedì'},
           {'date': '2026-01-28', 'weekday': 'Mercoledì'},
           {'date': '2026-01-29', 'weekday': 'Giovedì'},
           {'date': '2026-01-30', 'weekday': 'Venerdì'},
           {'date': '2026-01-31', 'weekday': 'Sabato'},
           {'date': '2026-02-01', 'weekday': 'Domenica'},
           {'date': '2026-02-02', 'weekday': 'Lunedì'},
           {'date': '2026-02-03', 'weekday': 'Martedì'},
           {'date': '2026-02-04', 'weekday': 'Mercoledì'},
           {'date': '2026-02-05', 'weekday': 'Giovedì'},
           {'date': '2026-02-06', 'weekday': 'Venerdì'},
           {'date': '2026-02-07', 'weekday': 'Sabato'},
           {'date': '2026-02-08', 'weekday': 'Domenica'},
           {'date': '2026-02-09', 'weekday': 'Lunedì'},
           {'date': '2026-02-10', 'weekday': 'Martedì'},
           {'date': '2026-02-11', 'weekday': 'Mercoledì'},
           {'date': '2026-02-12', 'weekday': 'Giovedì'},
           {'date': '2026-02-13', 'weekday': 'Venerdì'},
           {'date': '2026-02-14', 'weekday': 'Sabato'},
           {'date': '2026-02-15', 'weekday': 'Domenica'},
           {'date': '2026-02-16', 'weekday': 'Lunedì'},
           {'date': '2026-02-17', 'weekday': 'Martedì'},
           {'date': '2026-02-18', 'weekday': 'Mercoledì'},
           {'date': '2026-02-19', 'weekday': 'Giovedì'},
           {'date': '2026-02-20', 'weekday': 'Venerdì'},
           {'date': '2026-02-21', 'weekday': 'Sabato'},
           {'date': '2026-02-22', 'weekday': 'Domenica'},
           {'date': '2026-02-23', 'weekday': 'Lunedì'},
           {'date': '2026-02-24', 'weekday': 'Martedì'},
           {'date': '2026-02-25', 'weekday': 'Mercoledì'},
           {'date': '2026-02-26', 'weekday': 'Giovedì'},
           {'date': '2026-02-27', 'weekday': 'Venerdì'},
           {'date': '2026-02-28', 'weekday': 'Sabato'},
           {'date': '2026-03-01', 'weekday': 'Domenica'},
           {'date': '2026-03-02', 'weekday': 'Lunedì'},
           {'date': '2026-03-03', 'weekday': 'Martedì'},
           {'date': '2026-03-04', 'weekday': 'Mercoledì'},
           {'date': '2026-03-05', 'weekday': 'Giovedì'},
           {'date': '2026-03-06', 'weekday': 'Venerdì'},
           {'date': '2026-03-07', 'weekday': 'Sabato'},
           {'date': '2026-03-08', 'weekday': 'Domenica'},
           {'date': '2026-03-09', 'weekday': 'Lunedì'},
           {'date': '2026-03-10', 'weekday': 'Martedì'},
           {'date': '2026-03-11', 'weekday': 'Mercoledì'},
           {'date': '2026-03-12', 'weekday': 'Giovedì'},
           {'date': '2026-03-13', 'weekday': 'Venerdì'},
           {'date': '2026-03-14', 'weekday': 'Sabato'},
           {'date': '2026-03-15', 'weekday': 'Domenica'},
           {'date': '2026-03-16', 'weekday': 'Lunedì'},
           {'date': '2026-03-17', 'weekday': 'Martedì'},
           {'date': '2026-03-18', 'weekday': 'Mercoledì'},
           {'date': '2026-03-19', 'weekday': 'Giovedì'},
           {'date': '2026-03-20', 'weekday': 'Venerdì'},
           {'date': '2026-03-21', 'weekday': 'Sabato'},
           {'date': '2026-03-22', 'weekday': 'Domenica'},
           {'date': '2026-03-23', 'weekday': 'Lunedì'},
           {'date': '2026-03-24', 'weekday': 'Martedì'},
           {'date': '2026-03-25', 'weekday': 'Mercoledì'},
           {'date': '2026-03-26', 'weekday': 'Giovedì'},
           {'date': '2026-03-27', 'weekday': 'Venerdì'},
           {'date': '2026-03-28', 'weekday': 'Sabato'},
           {'date': '2026-03-29', 'weekday': 'Domenica'},
           {'date': '2026-03-30', 'weekday': 'Lunedì'},
           {'date': '2026-03-31', 'weekday': 'Martedì'},
           {'date': '2026-04-01', 'weekday': 'Mercoledì'},
           {'date': '2026-04-02', 'weekday': 'Giovedì'},
           {'date': '2026-04-03', 'weekday': 'Venerdì'},
           {'date': '2026-04-04', 'weekday': 'Sabato'},
           {'date': '2026-04-05', 'weekday': 'Domenica'},
           {'date': '2026-04-06', 'weekday': 'Lunedì'},
           {'date': '2026-04-07', 'weekday': 'Martedì'},
           {'date': '2026-04-08', 'weekday': 'Mercoledì'},
           {'date': '2026-04-09', 'weekday': 'Giovedì'},
           {'date': '2026-04-10', 'weekday': 'Venerdì'},
           {'date': '2026-04-11', 'weekday': 'Sabato'},
           {'date': '2026-04-12', 'weekday': 'Domenica'},
           {'date': '2026-04-13', 'weekday': 'Lunedì'},
           {'date': '2026-04-14', 'weekday': 'Martedì'},
           {'date': '2026-04-15', 'weekday': 'Mercoledì'},
           {'date': '2026-04-16', 'weekday': 'Giovedì'},
           {'date': '2026-04-17', 'weekday': 'Venerdì'},
           {'date': '2026-04-18', 'weekday': 'Sabato'},
           {'date': '2026-04-19', 'weekday': 'Domenica'},
           {'date': '2026-04-20', 'weekday': 'Lunedì'},
           {'date': '2026-04-21', 'weekday': 'Martedì'},
           {'date': '2026-04-22', 'weekday': 'Mercoledì'},
           {'date': '2026-04-23', 'weekday': 'Giovedì'},
           {'date': '2026-04-24', 'weekday': 'Venerdì'},
           {'date': '2026-04-25', 'weekday': 'Sabato'},
           {'date': '2026-04-26', 'weekday': 'Domenica'},
           {'date': '2026-04-27', 'weekday': 'Lunedì'},
           {'date': '2026-04-28', 'weekday': 'Martedì'},
           {'date': '2026-04-29', 'weekday': 'Mercoledì'},
           {'date': '2026-04-30', 'weekday': 'Giovedì'},
           {'date': '2026-05-01', 'weekday': 'Venerdì'},
           {'date': '2026-05-02', 'weekday': 'Sabato'},
           {'date': '2026-05-03', 'weekday': 'Domenica'}],
 'description': 'Gli Amici della Lirica presentano "Matinées a Palazzo '
                'Farnese": un percorso musicale che celebra il genio senza '
                'tempo di Wolfgang Amadeus Mozart, affiancato, in apertura, '
                'all’omaggio a Giuseppe Verdi, nel segno di due anniversari '
                'fondamentali della storia della musica. Cinque appuntamenti '
                'domenicali accompagneranno il pubblico attraverso opere, '
                'forme e racconti sonori che mettono in luce la straordinaria '
                'varietà espressiva di Mozart: dall’opera alla musica da '
                'camera, dal pianoforte agli ensemble di fiati. Un viaggio tra '
                'gioia, fantasia e leggerezza, ospitato nella suggestiva '
                'cornice della Pinacoteca di Palazzo Farnese, per riscoprire '
                'la forza comunicativa e l’eterna attualità di un linguaggio '
                'musicale universale. Protagonisti del concerto saranno: '
                'Eleonora Boaretto (soprano), Alessio Verna (baritono) e Gian '
                'Francesco Amoroso (pianoforte). Il programma Domenica 25 '
                'gennaio alle ore 10,30 : Tributo a due geni immortali: Verdi '
                'e Mozart . A 125 anni dalla morte di Giuseppe Verdi e a 270 '
                'anni dalla nascita di Wolfgang Amadeus Mozart. Domenica 1° '
                'febbraio alle ore 10,30 : Un moto di gioia . Concerto con '
                'arie d’opera e da camera di Wolfgang Amadeus Mozart. Un '
                'omaggio a uno dei più grandi geni della storia della musica, '
                'capace come pochi di trasformare l’emozione in suono e il '
                'teatro in pura vitalità. Il concerto, dal titolo "Un moto di '
                'gioia", propone un raffinato programma di arie d’opera e '
                'musiche da camera mettendo in luce la freschezza, l’intensità '
                'espressiva e la profondità emotiva della scrittura '
                'mozartiana. Protagonista della matinée saranno il '
                'mezzosoprano Giulia Alletto e al pianoforte il maestro Gian '
                "Francesco Amoroso. Giulia Alletto ha all'attivo la "
                'partecipazione al progetto Trilogia Verdiana del Teatro '
                'Municipale e il riconoscimento ottenuto al concorso lirico '
                'internazionale "Giancarlo Aliverta" da parte degli Amici '
                'della Lirica. Ancora una volta, la musica risuonerà nella '
                'magnifica e preziosa cornice della Pinacoteca di Palazzo '
                'Farnese dove arte figurativa e arte musicale dialogano in un '
                'contesto di straordinaria bellezza. L’ingresso è libero fino '
                'a esaurimento posti. Si ricorda inoltre che, essendo la prima '
                'domenica del mese, al termine del concerto sarà possibile '
                'visitare il Palazzo Farnese con un biglietto simbolico di 1 '
                "euro. «Si ringraziano per il sostegno all'attività Fondazione "
                'Piacenza e Vigevano, Banca di Piacenza, Fondazione Polli '
                'Stoppani e per il patrocinio Regione Emilia-Romagna e '
                'Provincia di Piacenza», si legge nel comunicato. Ingresso '
                'libero fino a esaurimento posti. Domenica 1° marzo alle ore '
                '10,30 : Divertissements . Pagine di Mozart eseguite da due '
                'clarinetti e un fagotto. Domenica 12 aprile alle ore 10,30 : '
                'Mozart: un racconto musicale . La vita di Mozart attraverso '
                'la sonata K 331. Domenica 3 maggio alle ore 10,30 : Fantasie '
                'e rondò . Concerto con pagine pianistiche di Wolfgang Amadeus '
                'Mozart. I concerti si terranno nello spazio della Pinacoteca '
                'di Palazzo Farnese. Ingresso libero fino a esaurimento posti. '
                'Per informazioni, 333.5320655 o e-mail '
                'amiciliricapiacenza@libero.it .',
 'image_url': '//citynews-ilpiacenza.stgy.ovh/~media/horizontal-mid/47947220881656/mozart-2.jpg',
 'location_address': 'Piazza della Cittadella, 29',
 'location_name': 'Palazzo Farnese',
 'price': 'Gratis',
 'scraped_at': '2026-01-30T14:24:50.666912',
 'time_info': 'Ore 10,30',
 'title': '"Matinées a Palazzo Farnese": musica e storia da Verdi a Mozart con '
          'gli Amici della Lirica',
 'url': 'https://www.ilpiacenza.it/eventi/matinees-a-palazzo-farnese-musica-e-storia-da-verdi-a-mozart-con-gli-amici-della-lirica.html',
 'uuid': 'f6d51242ad31c3dd'}
[2026-01-30T14:25:04.271+0000] {docker.py:429} INFO - 2026-01-30 14:25:04 [scrapy.core.engine] DEBUG: Crawled (200) <GET https://www.ilpiacenza.it/eventi/jazz-d-autore-e-nuove-voci-al-via-la-nuova-stagione-del-milestone-live-club.html> (referer: https://www.ilpiacenza.it/eventi/dal/2026-01-30/al/2026-02-01/)
[2026-01-30T14:25:04.382+0000] {docker.py:429} INFO - 2026-01-30 14:25:04 [scrapy.core.scraper] DEBUG: Scraped from <200 https://www.ilpiacenza.it/eventi/jazz-d-autore-e-nuove-voci-al-via-la-nuova-stagione-del-milestone-live-club.html>
{'category': 'Concerti',
 'city': 'Piacenza',
 'content_hash': '9e908491a6ad2078',
 'date_end': '2026-02-21',
 'date_start': '2025-10-04',
 'dates': [{'date': '2025-10-04', 'weekday': 'Sabato'},
           {'date': '2025-10-05', 'weekday': 'Domenica'},
           {'date': '2025-10-06', 'weekday': 'Lunedì'},
           {'date': '2025-10-07', 'weekday': 'Martedì'},
           {'date': '2025-10-08', 'weekday': 'Mercoledì'},
           {'date': '2025-10-09', 'weekday': 'Giovedì'},
           {'date': '2025-10-10', 'weekday': 'Venerdì'},
           {'date': '2025-10-11', 'weekday': 'Sabato'},
           {'date': '2025-10-12', 'weekday': 'Domenica'},
           {'date': '2025-10-13', 'weekday': 'Lunedì'},
           {'date': '2025-10-14', 'weekday': 'Martedì'},
           {'date': '2025-10-15', 'weekday': 'Mercoledì'},
           {'date': '2025-10-16', 'weekday': 'Giovedì'},
           {'date': '2025-10-17', 'weekday': 'Venerdì'},
           {'date': '2025-10-18', 'weekday': 'Sabato'},
           {'date': '2025-10-19', 'weekday': 'Domenica'},
           {'date': '2025-10-20', 'weekday': 'Lunedì'},
           {'date': '2025-10-21', 'weekday': 'Martedì'},
           {'date': '2025-10-22', 'weekday': 'Mercoledì'},
           {'date': '2025-10-23', 'weekday': 'Giovedì'},
           {'date': '2025-10-24', 'weekday': 'Venerdì'},
           {'date': '2025-10-25', 'weekday': 'Sabato'},
           {'date': '2025-10-26', 'weekday': 'Domenica'},
           {'date': '2025-10-27', 'weekday': 'Lunedì'},
           {'date': '2025-10-28', 'weekday': 'Martedì'},
           {'date': '2025-10-29', 'weekday': 'Mercoledì'},
           {'date': '2025-10-30', 'weekday': 'Giovedì'},
           {'date': '2025-10-31', 'weekday': 'Venerdì'},
           {'date': '2025-11-01', 'weekday': 'Sabato'},
           {'date': '2025-11-02', 'weekday': 'Domenica'},
           {'date': '2025-11-03', 'weekday': 'Lunedì'},
           {'date': '2025-11-04', 'weekday': 'Martedì'},
           {'date': '2025-11-05', 'weekday': 'Mercoledì'},
           {'date': '2025-11-06', 'weekday': 'Giovedì'},
           {'date': '2025-11-07', 'weekday': 'Venerdì'},
           {'date': '2025-11-08', 'weekday': 'Sabato'},
           {'date': '2025-11-09', 'weekday': 'Domenica'},
           {'date': '2025-11-10', 'weekday': 'Lunedì'},
           {'date': '2025-11-11', 'weekday': 'Martedì'},
           {'date': '2025-11-12', 'weekday': 'Mercoledì'},
           {'date': '2025-11-13', 'weekday': 'Giovedì'},
           {'date': '2025-11-14', 'weekday': 'Venerdì'},
           {'date': '2025-11-15', 'weekday': 'Sabato'},
           {'date': '2025-11-16', 'weekday': 'Domenica'},
           {'date': '2025-11-17', 'weekday': 'Lunedì'},
           {'date': '2025-11-18', 'weekday': 'Martedì'},
           {'date': '2025-11-19', 'weekday': 'Mercoledì'},
           {'date': '2025-11-20', 'weekday': 'Giovedì'},
           {'date': '2025-11-21', 'weekday': 'Venerdì'},
           {'date': '2025-11-22', 'weekday': 'Sabato'},
           {'date': '2025-11-23', 'weekday': 'Domenica'},
           {'date': '2025-11-24', 'weekday': 'Lunedì'},
           {'date': '2025-11-25', 'weekday': 'Martedì'},
           {'date': '2025-11-26', 'weekday': 'Mercoledì'},
           {'date': '2025-11-27', 'weekday': 'Giovedì'},
           {'date': '2025-11-28', 'weekday': 'Venerdì'},
           {'date': '2025-11-29', 'weekday': 'Sabato'},
           {'date': '2025-11-30', 'weekday': 'Domenica'},
           {'date': '2025-12-01', 'weekday': 'Lunedì'},
           {'date': '2025-12-02', 'weekday': 'Martedì'},
           {'date': '2025-12-03', 'weekday': 'Mercoledì'},
           {'date': '2025-12-04', 'weekday': 'Giovedì'},
           {'date': '2025-12-05', 'weekday': 'Venerdì'},
           {'date': '2025-12-06', 'weekday': 'Sabato'},
           {'date': '2025-12-07', 'weekday': 'Domenica'},
           {'date': '2025-12-08', 'weekday': 'Lunedì'},
           {'date': '2025-12-09', 'weekday': 'Martedì'},
           {'date': '2025-12-10', 'weekday': 'Mercoledì'},
           {'date': '2025-12-11', 'weekday': 'Giovedì'},
           {'date': '2025-12-12', 'weekday': 'Venerdì'},
           {'date': '2025-12-13', 'weekday': 'Sabato'},
           {'date': '2025-12-14', 'weekday': 'Domenica'},
           {'date': '2025-12-15', 'weekday': 'Lunedì'},
           {'date': '2025-12-16', 'weekday': 'Martedì'},
           {'date': '2025-12-17', 'weekday': 'Mercoledì'},
           {'date': '2025-12-18', 'weekday': 'Giovedì'},
           {'date': '2025-12-19', 'weekday': 'Venerdì'},
           {'date': '2025-12-20', 'weekday': 'Sabato'},
           {'date': '2025-12-21', 'weekday': 'Domenica'},
           {'date': '2025-12-22', 'weekday': 'Lunedì'},
           {'date': '2025-12-23', 'weekday': 'Martedì'},
           {'date': '2025-12-24', 'weekday': 'Mercoledì'},
           {'date': '2025-12-25', 'weekday': 'Giovedì'},
           {'date': '2025-12-26', 'weekday': 'Venerdì'},
           {'date': '2025-12-27', 'weekday': 'Sabato'},
           {'date': '2025-12-28', 'weekday': 'Domenica'},
           {'date': '2025-12-29', 'weekday': 'Lunedì'},
           {'date': '2025-12-30', 'weekday': 'Martedì'},
           {'date': '2025-12-31', 'weekday': 'Mercoledì'},
           {'date': '2026-01-01', 'weekday': 'Giovedì'},
           {'date': '2026-01-02', 'weekday': 'Venerdì'},
           {'date': '2026-01-03', 'weekday': 'Sabato'},
           {'date': '2026-01-04', 'weekday': 'Domenica'},
           {'date': '2026-01-05', 'weekday': 'Lunedì'},
           {'date': '2026-01-06', 'weekday': 'Martedì'},
           {'date': '2026-01-07', 'weekday': 'Mercoledì'},
           {'date': '2026-01-08', 'weekday': 'Giovedì'},
           {'date': '2026-01-09', 'weekday': 'Venerdì'},
           {'date': '2026-01-10', 'weekday': 'Sabato'},
           {'date': '2026-01-11', 'weekday': 'Domenica'},
           {'date': '2026-01-12', 'weekday': 'Lunedì'},
           {'date': '2026-01-13', 'weekday': 'Martedì'},
           {'date': '2026-01-14', 'weekday': 'Mercoledì'},
           {'date': '2026-01-15', 'weekday': 'Giovedì'},
           {'date': '2026-01-16', 'weekday': 'Venerdì'},
           {'date': '2026-01-17', 'weekday': 'Sabato'},
           {'date': '2026-01-18', 'weekday': 'Domenica'},
           {'date': '2026-01-19', 'weekday': 'Lunedì'},
           {'date': '2026-01-20', 'weekday': 'Martedì'},
           {'date': '2026-01-21', 'weekday': 'Mercoledì'},
           {'date': '2026-01-22', 'weekday': 'Giovedì'},
           {'date': '2026-01-23', 'weekday': 'Venerdì'},
           {'date': '2026-01-24', 'weekday': 'Sabato'},
           {'date': '2026-01-25', 'weekday': 'Domenica'},
           {'date': '2026-01-26', 'weekday': 'Lunedì'},
           {'date': '2026-01-27', 'weekday': 'Martedì'},
           {'date': '2026-01-28', 'weekday': 'Mercoledì'},
           {'date': '2026-01-29', 'weekday': 'Giovedì'},
           {'date': '2026-01-30', 'weekday': 'Venerdì'},
           {'date': '2026-01-31', 'weekday': 'Sabato'},
           {'date': '2026-02-01', 'weekday': 'Domenica'},
           {'date': '2026-02-02', 'weekday': 'Lunedì'},
           {'date': '2026-02-03', 'weekday': 'Martedì'},
           {'date': '2026-02-04', 'weekday': 'Mercoledì'},
           {'date': '2026-02-05', 'weekday': 'Giovedì'},
           {'date': '2026-02-06', 'weekday': 'Venerdì'},
           {'date': '2026-02-07', 'weekday': 'Sabato'},
           {'date': '2026-02-08', 'weekday': 'Domenica'},
           {'date': '2026-02-09', 'weekday': 'Lunedì'},
           {'date': '2026-02-10', 'weekday': 'Martedì'},
           {'date': '2026-02-11', 'weekday': 'Mercoledì'},
           {'date': '2026-02-12', 'weekday': 'Giovedì'},
           {'date': '2026-02-13', 'weekday': 'Venerdì'},
           {'date': '2026-02-14', 'weekday': 'Sabato'},
           {'date': '2026-02-15', 'weekday': 'Domenica'},
           {'date': '2026-02-16', 'weekday': 'Lunedì'},
           {'date': '2026-02-17', 'weekday': 'Martedì'},
           {'date': '2026-02-18', 'weekday': 'Mercoledì'},
           {'date': '2026-02-19', 'weekday': 'Giovedì'},
           {'date': '2026-02-20', 'weekday': 'Venerdì'},
           {'date': '2026-02-21', 'weekday': 'Sabato'}],
 'description': 'Sabato 4 ottobre riparte la programmazione del Milestone Live '
                'Club, il locale del Piacenza Jazz Club che da ormai vent’anni '
                'porta a Piacenza la grande musica dal vivo, con una stagione '
                'che proseguirà senza sosta fino all’avvio del prossimo '
                'Piacenza Jazz Fest. Per accedere al club è necessario essere '
                'soci del Piacenza Jazz Club: è già possibile sottoscrivere la '
                'tessera per il 2026, che oltre a garantire l’ingresso al '
                'Milestone offre sconti per tutti i concerti a pagamento '
                'organizzati dall’associazione. La tessera di quest’anno segna '
                'un cambiamento rispetto al passato: reca infatti non '
                'l’effigie di un grande jazzista del passato bensì un '
                'bellissimo disegno originale opera di Fabio Magnasciutti, '
                'illustratore di fama nazionale, che è stato fatto in '
                'occasione della sua partecipazione al Piacenza Jazz Fest '
                '2025. Un segno distintivo che sottolinea l’onore di ospitare '
                'artisti in grado di esprimersi ad altissimo livello durante '
                'gli eventi targati Piacenza Jazz Club e l’attenzione del club '
                'per la bellezza che nasce dall’intreccio di linguaggi e '
                'attività culturali. Il programma della nuova stagione '
                'presenta un focus sul pianoforte, con alcuni dei nomi più '
                'autorevoli della scena internazionale e italiana: '
                'l’inaugurazione con Wayne Horvitz, seguita da Uri Caine, '
                'Danilo Rea, Stefano Battaglia e Dado Moroni, solo per citare '
                'alcuni protagonisti. Accanto a loro, altri grandi ospiti di '
                'calibro internazionale come i batteristi Peter Erskine e '
                'Jorge Rossy o il saxofonista spagnolo Perico Sambeat, per una '
                'stagione che ribadisce la vocazione del club a coniugare '
                'qualità e apertura internazionale. «Grazie a una rete di '
                'collaborazione sempre più solida con i club del Nord Italia – '
                'spiega il direttore artistico Angelo Bardini – è possibile '
                'ospitare artisti che difficilmente potrebbero esibirsi in un '
                'singolo club con risorse limitate. Questo ci permette di '
                'alzare costantemente l’asticella della qualità artistica e di '
                'rispondere alle alte aspettative del nostro pubblico». La '
                'programmazione nazionale si presenta altrettanto ricca, '
                'capace di intrecciare grandi maestri e nuove voci del jazz '
                'italiano. Spiccano l’omaggio a Charlie Parker firmato da '
                'Claudio Angeleri con la voce recitante di Cochi Ponzoni, il '
                'Nugara Trio (già finalista del Concorso Bettinardi) '
                'affiancato dalla violinista Anais Drago, e l’incontro tra il '
                'contrabbassista Di Castri e il vibrafonista Thomas Dobler. '
                'Non mancano progetti originali come le "Giraffe" di Matteo '
                'Paggi, le raffinate sonorità del chitarrista Gibellini, e il '
                'quartetto del pianista Daniele Gorgone con il trombettista '
                'inglese Quentin Collins. A completare il quadro, un inedito '
                'quintetto formato da quattro giovani musicisti del '
                'Conservatorio Nicolini guidati da Marta Neve De Leo, insieme '
                'a una delle voci più riconoscibili della scena italiana, '
                'quella di Luca Aquino. Dopo il grande successo della scorsa '
                'stagione e delle date estive, tornano anche due serate '
                'dedicate al Lindy Hop, curate con particolare attenzione '
                'filologica e strumentale, per far rivivere l’epoca in cui il '
                'jazz era soprattutto musica da ballare, in collaborazione con '
                'due scuole che hanno sede a Piacenza, la New Happy Dance e '
                'Big Beat Dance Studio. Molto forti anche le collaborazioni '
                'con enti del territorio: il Milestone ospiterà la serata '
                'conclusiva del festival "Nicolini in Jazz", con protagonista '
                'Perico Sambeat insieme prima agli studenti del Conservatorio '
                '"Nicolini" e poi in una vibrante jam session. Si rinnova '
                'anche il legame con l’Opera Pia Alberoni, che chiuderà la sua '
                'quattro giorni di convegni dedicati agli arazzi con un '
                'concerto evocativo di Danilo Rea dal titolo "Trame". Il '
                'Milestone Live Club si conferma così un punto di riferimento '
                'imprescindibile non solo per gli appassionati di jazz, ma per '
                'tutti coloro che cercano esperienze musicali uniche e di '
                'qualità. Si consiglia a questo proposito di rimanere '
                'collegati con i profili social del Piacenza Jazz Club su '
                'facebook e instagram oltre che di seguire il sito per '
                'rimanere sempre aggiornati con tutte le attività. Per '
                'maggiori informazioni è possibile contattare '
                'l&#39;Associazione Piacenza Jazz Club dal lunedì al venerdì '
                'dalle 15 alle 19.30 allo 0523-579034 oppure scrivendo a '
                'info@piacenzajazzclub.it Il programma Ottobre Inaugurazione '
                'Sabato 4 ottobre, ore 21,30 Wayne Horvitz Solo Wayne Horvitz '
                '(pianoforte) Sabato 11 ottobre, ore 21,30 Cochi Ponzoni - '
                'Claudio Angeleri 4et "Bird lives" Cochi Ponzoni (voce '
                'recitante) Gabriele Comeglio (sax alto) Claudio Angeleri '
                '(pianoforte) Marco Esposito (basso elettrico) Federico Monti '
                '(batteria) Interi: 15 euro; Soci Pcjc: 12 euro. Sabato 18 '
                'ottobre, ore 21,30 Stefano Battaglia Trio "Terrasanta" '
                'Stefano Battaglia (pianoforte) Salvatore Maiore '
                '(contrabbasso) Roberto Dani (batteria) DomeMarta Erskinenica '
                'domenica 19 ottobre, ore 18 In collaborazione con il '
                'Conservatorio "G. Nicolini" Double Quintet feat. Perico '
                'Sambeat Perico Sambeat (saxofoni) studenti del Dipartimento '
                'di Jazz del Conservatorio "G. Nicolini" Alle ore 21,30 Jam '
                'session conclusiva di “Nicolini in Jazz” Domenica 26 ottobre, '
                'ore 18 In collaborazione con l’Opera Pia Alberoni e la '
                'Regione Emilia-Romagna c/o Galleria Alberoni Danilo Rea Piano '
                'Solo "Trame. Gli arazzi della Galleria Alberoni in jazz" '
                'Danilo Rea (pianoforte) Giovedì 30 ottobre, ore 21 Peter '
                'Erskine 5et Mike Mainieri (vibrafono) Bob Sheppard (saxofono) '
                'John Beasley (pianoforte) Matthew Garrison (basso) Peter '
                'Erskine (batteria) Interi: 15 euro; Soci Pcjc: 12 euro. '
                'Novembre Domenica 9 novembre, ore 18 Uri Caine Trio Uri Caine '
                '(pianoforte) Mark Elias (contrabbasso) Ben Perowsky '
                '(batteria) Interi: 15 euro; Soci Pcjc: 12 euro. Domenica 16 '
                'novembre, ore 18 Nugara Trio feat. Anais Drago "Last '
                'question" Anais Drago (violino) Francesco Negri (pianoforte) '
                'Viden Spassov (contrabbasso) Francesco Parsi (batteria) '
                'Sabato 22 novembre, ore 21 In collaborazione con New Happy '
                'Dance e Big Beat Dance Studio Lindy Hop Night (solo su '
                'prenotazione) Mauro L. Porro’s Jazzmania Veronica Sbergia '
                '(voce) Mauro L. Porro (saxofono, tromba, pianoforte) Martino '
                'Pellegrini (chitarra, violino) Marco G. Rottoli '
                '(contrabbasso) Mauro Mengotto (batteria) Interi: 15 euro; '
                'Soci Pcjc: 12 euro (con la prima consumazione inclusa). '
                'Domenica 30 novembre, ore 18 Di Castri Quartet "Vibessence" '
                'Thomas Dobler (vibrafono) Dado Moroni (pianoforte) Furio Di '
                'Castri (contrabbasso) Enzo Zirilli (batteria) Interi: 15 '
                'euro; Soci Pcjc: 12 euro. Dicembre Sabato 6 dicembre, ore '
                '21,30 Gibellini 5Et "Chorinhos" Sandro Gibellini (chitarra) '
                'Guido Bombardieri (clarinetto) Andrea Candeloro (pianoforte) '
                'Roberto Piccolo (contrabbasso) Massimo Caracca (batteria) '
                'Sabato 13 dicembre, ore 21,30 Daniele Gorgone 4Et feat. '
                'Quentin Collins Daniele Gorgone (pianoforte) Quentin Collins '
                '(tromba) Carlo Bavetta (basso) Pasquale Fiore (batteria) '
                'Sabato 20 dicembre, ore 21,30 Gli auguri della Msom Domenica '
                '21 dicembre, ore 17,30 In collaborazione con New Happy Dance '
                'e Big Beat Dance Studio Swingin’ Sunday (solo su '
                'prenotazione) Perry Boogie e Lady Martini Lady Martini (voce) '
                'Perry Boogie (pianoforte) Interi: 15 euro; Soci Pcjc: 12 euro '
                '(con la prima consumazione inclusa). Gennaio Sabato 10 '
                'gennaio, ore 21,30 Matteo Paggi & The Giraffes Matteo Paggi '
                '(trombone) Simone Alessandrini (sax alto e soprano) Emanuele '
                'Fioretti (pianoforte) Jonathan Ho Chin Kiat (contrabbasso) '
                'Andrea Carta (batteria) Sabato 17 gennaio, ore 21,30 Buon '
                'compleanno Milestone! Sabato 24 gennaio, ore 21,30 Jorge '
                'Rossy Quartet Pietro Tonolo (saxofono) Valter Donatiello '
                '(chitarra) Bruno Chevillon (contrabbasso) Jorge Rossy '
                '(batteria) Sabato 31 gennaio, ore 21,30 De Leo Quartet feat. '
                'Luca Aquino Marta Neve De Leo, voce Luca Aquino, tromba '
                'Leonardo Concina, pianoforte Jan Toninelli, contrabbasso '
                'Leonardo Badiali, batteria Febbraio Sabato 7 febbraio, ore '
                '21,30 Finale concorso Bettinardi Sezione A - Solisti Sabato '
                '14 febbraio, ore 21,30 Finale concorso Bettinardi Sezione B - '
                'Gruppi Domenica 15 febbraio, ore 18 Mario Rusca Quartet '
                'Gabriele Comeglio (sax alto) Mario Rusca (pianoforte) '
                'Riccardo Fioravanti (basso) Maxx Furian (batteria) Sabato 21 '
                'febbraio, ore 21,30 Finale concorso Bettinardi Sezione C - '
                'Cantanti',
 'image_url': '//citynews-ilpiacenza.stgy.ovh/~media/horizontal-mid/13090322177925/peter-erskine.jpg',
 'location_address': 'Via Cornelio Musso, 5',
 'location_name': 'Milestone Jazz Club',
 'price': 'Prezzo non disponibile',
 'scraped_at': '2026-01-30T14:24:50.666111',
 'time_info': 'Orari vari',
 'title': 'Jazz d’autore e nuove voci, al via la nuova stagione del Milestone '
          'live club',
 'url': 'https://www.ilpiacenza.it/eventi/jazz-d-autore-e-nuove-voci-al-via-la-nuova-stagione-del-milestone-live-club.html',
 'uuid': '7aa553e0bdf3271c',
 'website': 'https://www.piacenzajazzclub.it/milestone/'}
[2026-01-30T14:25:05.339+0000] {docker.py:429} INFO - 2026-01-30 14:25:05 [scrapy.core.engine] DEBUG: Crawled (200) <GET https://www.ilpiacenza.it/eventi/attraverso-l-ottocento-alla-ricci-oddi-un-percorso-storico-artistico-con-lucia-pini.html> (referer: https://www.ilpiacenza.it/eventi/dal/2026-01-30/al/2026-02-01/)
[2026-01-30T14:25:05.452+0000] {docker.py:429} INFO - 2026-01-30 14:25:05 [scrapy.core.scraper] DEBUG: Scraped from <200 https://www.ilpiacenza.it/eventi/attraverso-l-ottocento-alla-ricci-oddi-un-percorso-storico-artistico-con-lucia-pini.html>
{'category': 'Mostre',
 'city': 'Piacenza',
 'content_hash': 'fa2e20b254800347',
 'date_end': '2026-05-07',
 'date_start': '2025-11-06',
 'dates': [{'date': '2025-11-06', 'weekday': 'Giovedì'},
           {'date': '2025-11-07', 'weekday': 'Venerdì'},
           {'date': '2025-11-08', 'weekday': 'Sabato'},
           {'date': '2025-11-09', 'weekday': 'Domenica'},
           {'date': '2025-11-10', 'weekday': 'Lunedì'},
           {'date': '2025-11-11', 'weekday': 'Martedì'},
           {'date': '2025-11-12', 'weekday': 'Mercoledì'},
           {'date': '2025-11-13', 'weekday': 'Giovedì'},
           {'date': '2025-11-14', 'weekday': 'Venerdì'},
           {'date': '2025-11-15', 'weekday': 'Sabato'},
           {'date': '2025-11-16', 'weekday': 'Domenica'},
           {'date': '2025-11-17', 'weekday': 'Lunedì'},
           {'date': '2025-11-18', 'weekday': 'Martedì'},
           {'date': '2025-11-19', 'weekday': 'Mercoledì'},
           {'date': '2025-11-20', 'weekday': 'Giovedì'},
           {'date': '2025-11-21', 'weekday': 'Venerdì'},
           {'date': '2025-11-22', 'weekday': 'Sabato'},
           {'date': '2025-11-23', 'weekday': 'Domenica'},
           {'date': '2025-11-24', 'weekday': 'Lunedì'},
           {'date': '2025-11-25', 'weekday': 'Martedì'},
           {'date': '2025-11-26', 'weekday': 'Mercoledì'},
           {'date': '2025-11-27', 'weekday': 'Giovedì'},
           {'date': '2025-11-28', 'weekday': 'Venerdì'},
           {'date': '2025-11-29', 'weekday': 'Sabato'},
           {'date': '2025-11-30', 'weekday': 'Domenica'},
           {'date': '2025-12-01', 'weekday': 'Lunedì'},
           {'date': '2025-12-02', 'weekday': 'Martedì'},
           {'date': '2025-12-03', 'weekday': 'Mercoledì'},
           {'date': '2025-12-04', 'weekday': 'Giovedì'},
           {'date': '2025-12-05', 'weekday': 'Venerdì'},
           {'date': '2025-12-06', 'weekday': 'Sabato'},
           {'date': '2025-12-07', 'weekday': 'Domenica'},
           {'date': '2025-12-08', 'weekday': 'Lunedì'},
           {'date': '2025-12-09', 'weekday': 'Martedì'},
           {'date': '2025-12-10', 'weekday': 'Mercoledì'},
           {'date': '2025-12-11', 'weekday': 'Giovedì'},
           {'date': '2025-12-12', 'weekday': 'Venerdì'},
           {'date': '2025-12-13', 'weekday': 'Sabato'},
           {'date': '2025-12-14', 'weekday': 'Domenica'},
           {'date': '2025-12-15', 'weekday': 'Lunedì'},
           {'date': '2025-12-16', 'weekday': 'Martedì'},
           {'date': '2025-12-17', 'weekday': 'Mercoledì'},
           {'date': '2025-12-18', 'weekday': 'Giovedì'},
           {'date': '2025-12-19', 'weekday': 'Venerdì'},
           {'date': '2025-12-20', 'weekday': 'Sabato'},
           {'date': '2025-12-21', 'weekday': 'Domenica'},
           {'date': '2025-12-22', 'weekday': 'Lunedì'},
           {'date': '2025-12-23', 'weekday': 'Martedì'},
           {'date': '2025-12-24', 'weekday': 'Mercoledì'},
           {'date': '2025-12-25', 'weekday': 'Giovedì'},
           {'date': '2025-12-26', 'weekday': 'Venerdì'},
           {'date': '2025-12-27', 'weekday': 'Sabato'},
           {'date': '2025-12-28', 'weekday': 'Domenica'},
           {'date': '2025-12-29', 'weekday': 'Lunedì'},
           {'date': '2025-12-30', 'weekday': 'Martedì'},
           {'date': '2025-12-31', 'weekday': 'Mercoledì'},
           {'date': '2026-01-01', 'weekday': 'Giovedì'},
           {'date': '2026-01-02', 'weekday': 'Venerdì'},
           {'date': '2026-01-03', 'weekday': 'Sabato'},
           {'date': '2026-01-04', 'weekday': 'Domenica'},
           {'date': '2026-01-05', 'weekday': 'Lunedì'},
           {'date': '2026-01-06', 'weekday': 'Martedì'},
           {'date': '2026-01-07', 'weekday': 'Mercoledì'},
           {'date': '2026-01-08', 'weekday': 'Giovedì'},
           {'date': '2026-01-09', 'weekday': 'Venerdì'},
           {'date': '2026-01-10', 'weekday': 'Sabato'},
           {'date': '2026-01-11', 'weekday': 'Domenica'},
           {'date': '2026-01-12', 'weekday': 'Lunedì'},
           {'date': '2026-01-13', 'weekday': 'Martedì'},
           {'date': '2026-01-14', 'weekday': 'Mercoledì'},
           {'date': '2026-01-15', 'weekday': 'Giovedì'},
           {'date': '2026-01-16', 'weekday': 'Venerdì'},
           {'date': '2026-01-17', 'weekday': 'Sabato'},
           {'date': '2026-01-18', 'weekday': 'Domenica'},
           {'date': '2026-01-19', 'weekday': 'Lunedì'},
           {'date': '2026-01-20', 'weekday': 'Martedì'},
           {'date': '2026-01-21', 'weekday': 'Mercoledì'},
           {'date': '2026-01-22', 'weekday': 'Giovedì'},
           {'date': '2026-01-23', 'weekday': 'Venerdì'},
           {'date': '2026-01-24', 'weekday': 'Sabato'},
           {'date': '2026-01-25', 'weekday': 'Domenica'},
           {'date': '2026-01-26', 'weekday': 'Lunedì'},
           {'date': '2026-01-27', 'weekday': 'Martedì'},
           {'date': '2026-01-28', 'weekday': 'Mercoledì'},
           {'date': '2026-01-29', 'weekday': 'Giovedì'},
           {'date': '2026-01-30', 'weekday': 'Venerdì'},
           {'date': '2026-01-31', 'weekday': 'Sabato'},
           {'date': '2026-02-01', 'weekday': 'Domenica'},
           {'date': '2026-02-02', 'weekday': 'Lunedì'},
           {'date': '2026-02-03', 'weekday': 'Martedì'},
           {'date': '2026-02-04', 'weekday': 'Mercoledì'},
           {'date': '2026-02-05', 'weekday': 'Giovedì'},
           {'date': '2026-02-06', 'weekday': 'Venerdì'},
           {'date': '2026-02-07', 'weekday': 'Sabato'},
           {'date': '2026-02-08', 'weekday': 'Domenica'},
           {'date': '2026-02-09', 'weekday': 'Lunedì'},
           {'date': '2026-02-10', 'weekday': 'Martedì'},
           {'date': '2026-02-11', 'weekday': 'Mercoledì'},
           {'date': '2026-02-12', 'weekday': 'Giovedì'},
           {'date': '2026-02-13', 'weekday': 'Venerdì'},
           {'date': '2026-02-14', 'weekday': 'Sabato'},
           {'date': '2026-02-15', 'weekday': 'Domenica'},
           {'date': '2026-02-16', 'weekday': 'Lunedì'},
           {'date': '2026-02-17', 'weekday': 'Martedì'},
           {'date': '2026-02-18', 'weekday': 'Mercoledì'},
           {'date': '2026-02-19', 'weekday': 'Giovedì'},
           {'date': '2026-02-20', 'weekday': 'Venerdì'},
           {'date': '2026-02-21', 'weekday': 'Sabato'},
           {'date': '2026-02-22', 'weekday': 'Domenica'},
           {'date': '2026-02-23', 'weekday': 'Lunedì'},
           {'date': '2026-02-24', 'weekday': 'Martedì'},
           {'date': '2026-02-25', 'weekday': 'Mercoledì'},
           {'date': '2026-02-26', 'weekday': 'Giovedì'},
           {'date': '2026-02-27', 'weekday': 'Venerdì'},
           {'date': '2026-02-28', 'weekday': 'Sabato'},
           {'date': '2026-03-01', 'weekday': 'Domenica'},
           {'date': '2026-03-02', 'weekday': 'Lunedì'},
           {'date': '2026-03-03', 'weekday': 'Martedì'},
           {'date': '2026-03-04', 'weekday': 'Mercoledì'},
           {'date': '2026-03-05', 'weekday': 'Giovedì'},
           {'date': '2026-03-06', 'weekday': 'Venerdì'},
           {'date': '2026-03-07', 'weekday': 'Sabato'},
           {'date': '2026-03-08', 'weekday': 'Domenica'},
           {'date': '2026-03-09', 'weekday': 'Lunedì'},
           {'date': '2026-03-10', 'weekday': 'Martedì'},
           {'date': '2026-03-11', 'weekday': 'Mercoledì'},
           {'date': '2026-03-12', 'weekday': 'Giovedì'},
           {'date': '2026-03-13', 'weekday': 'Venerdì'},
           {'date': '2026-03-14', 'weekday': 'Sabato'},
           {'date': '2026-03-15', 'weekday': 'Domenica'},
           {'date': '2026-03-16', 'weekday': 'Lunedì'},
           {'date': '2026-03-17', 'weekday': 'Martedì'},
           {'date': '2026-03-18', 'weekday': 'Mercoledì'},
           {'date': '2026-03-19', 'weekday': 'Giovedì'},
           {'date': '2026-03-20', 'weekday': 'Venerdì'},
           {'date': '2026-03-21', 'weekday': 'Sabato'},
           {'date': '2026-03-22', 'weekday': 'Domenica'},
           {'date': '2026-03-23', 'weekday': 'Lunedì'},
           {'date': '2026-03-24', 'weekday': 'Martedì'},
           {'date': '2026-03-25', 'weekday': 'Mercoledì'},
           {'date': '2026-03-26', 'weekday': 'Giovedì'},
           {'date': '2026-03-27', 'weekday': 'Venerdì'},
           {'date': '2026-03-28', 'weekday': 'Sabato'},
           {'date': '2026-03-29', 'weekday': 'Domenica'},
           {'date': '2026-03-30', 'weekday': 'Lunedì'},
           {'date': '2026-03-31', 'weekday': 'Martedì'},
           {'date': '2026-04-01', 'weekday': 'Mercoledì'},
           {'date': '2026-04-02', 'weekday': 'Giovedì'},
           {'date': '2026-04-03', 'weekday': 'Venerdì'},
           {'date': '2026-04-04', 'weekday': 'Sabato'},
           {'date': '2026-04-05', 'weekday': 'Domenica'},
           {'date': '2026-04-06', 'weekday': 'Lunedì'},
           {'date': '2026-04-07', 'weekday': 'Martedì'},
           {'date': '2026-04-08', 'weekday': 'Mercoledì'},
           {'date': '2026-04-09', 'weekday': 'Giovedì'},
           {'date': '2026-04-10', 'weekday': 'Venerdì'},
           {'date': '2026-04-11', 'weekday': 'Sabato'},
           {'date': '2026-04-12', 'weekday': 'Domenica'},
           {'date': '2026-04-13', 'weekday': 'Lunedì'},
           {'date': '2026-04-14', 'weekday': 'Martedì'},
           {'date': '2026-04-15', 'weekday': 'Mercoledì'},
           {'date': '2026-04-16', 'weekday': 'Giovedì'},
           {'date': '2026-04-17', 'weekday': 'Venerdì'},
           {'date': '2026-04-18', 'weekday': 'Sabato'},
           {'date': '2026-04-19', 'weekday': 'Domenica'},
           {'date': '2026-04-20', 'weekday': 'Lunedì'},
           {'date': '2026-04-21', 'weekday': 'Martedì'},
           {'date': '2026-04-22', 'weekday': 'Mercoledì'},
           {'date': '2026-04-23', 'weekday': 'Giovedì'},
           {'date': '2026-04-24', 'weekday': 'Venerdì'},
           {'date': '2026-04-25', 'weekday': 'Sabato'},
           {'date': '2026-04-26', 'weekday': 'Domenica'},
           {'date': '2026-04-27', 'weekday': 'Lunedì'},
           {'date': '2026-04-28', 'weekday': 'Martedì'},
           {'date': '2026-04-29', 'weekday': 'Mercoledì'},
           {'date': '2026-04-30', 'weekday': 'Giovedì'},
           {'date': '2026-05-01', 'weekday': 'Venerdì'},
           {'date': '2026-05-02', 'weekday': 'Sabato'},
           {'date': '2026-05-03', 'weekday': 'Domenica'},
           {'date': '2026-05-04', 'weekday': 'Lunedì'},
           {'date': '2026-05-05', 'weekday': 'Martedì'},
           {'date': '2026-05-06', 'weekday': 'Mercoledì'},
           {'date': '2026-05-07', 'weekday': 'Giovedì'}],
 'description': 'Comincia giovedì 6 novembre alla Galleria d’Arte Moderna '
                'Ricci Oddi il ciclo di incontri dedicati all’arte '
                'dell’Ottocento tenuto dalla direttrice Lucia Pini. Dieci '
                'appuntamenti in linea con l’identità del museo per '
                'ripercorrere i principali snodi di un secolo di grande '
                'varietà e ricchezza, muovendo dal Neoclassicismo per '
                'approdare alle ricerche post impressioniste. Il percorso '
                'raccoglie il testimone delle lezioni dedicate nello scorso '
                'anno dal direttore dei Musei Civici di Palazzo Farnese, '
                'Antonio Iommelli, all’arte dal Quattro al Settecento e ne '
                'prosegue cronologicamente il tragitto. Il programma affianca '
                'all’attenzione per protagonisti e vicende italiane uno '
                'sguardo rivolto alle esperienze europee, intercalando focus '
                'tematici alla trattazione di taglio storico. La proposta, '
                'aperta a tutti, coinvolgerà i partecipanti in letture guidate '
                'delle opere d’arte per esercitare la capacità di guardare, '
                'curiosità e attenzione. Gli incontri, della durata di un’ora, '
                'si terranno al giovedì alle ore 17,30 alla Sala Conferenze '
                'della Galleria d’Arte Moderna Ricci Oddi. Si comincia giovedì '
                '6 novembre prendendo le mosse dalla seconda metà del '
                'Settecento, dunque mezzo passo indietro rispetto al focus del '
                "corso, per poi incamminarsi dall'appuntamento successivo "
                'lungo il XIX secolo. Il costo di partecipazione è di 3 euro '
                'per ogni data in programma. Da giovedì 6 novembre, ore 17,30. '
                'Costo di partecipazione: 3 euro per ogni data in programma. '
                'Programma - 6 novembre, ore 17,30: La seconda metà del '
                'Settecento: l’età del rinnovamento; - 20 novembre, ore 17,30: '
                'Neoclassicismo al plurale: un linguaggio, tante declinazioni; '
                '- 4 dicembre, ore 17,30: Fermenti romantici in Europa; - 22 '
                'gennaio, ore 17:30: La fortuna della pittura di storia; - 5 '
                'febbraio, ore 17:30: Uno sguardo all’Inghilterra: '
                'Preraffaelliti e movimento Arts and Crafts; - 4 marzo, ore '
                '17.30: La pittura della realtà e i suoi esordi in Francia; - '
                '26 marzo, ore 17:30: La pittura della realtà in Italia; - 9 '
                'aprile, ore 17:30: Luce e colore: Impressionismo e altri '
                'percorsi; - 7 maggio, ore 17:30: Dopo l’Impressionismo: '
                'Vincent Van Gogh e Paul Gauguin.',
 'image_url': '//citynews-ilpiacenza.stgy.ovh/~media/horizontal-mid/40064475600125/place-d-anvers-federico-zandomeneghi.jpg',
 'location_address': 'Via San Siro, 13',
 'location_name': 'Galleria Ricci Oddi',
 'price': '3 euro',
 'scraped_at': '2026-01-30T14:24:50.665646',
 'time_info': 'Ore 17,30',
 'title': '"Attraverso l\'Ottocento", alla Ricci Oddi un percorso '
          'storico-artistico con Lucia Pini',
 'url': 'https://www.ilpiacenza.it/eventi/attraverso-l-ottocento-alla-ricci-oddi-un-percorso-storico-artistico-con-lucia-pini.html',
 'uuid': '9e8d4a96e80a94eb'}
[2026-01-30T14:25:07.798+0000] {docker.py:429} INFO - 2026-01-30 14:25:07 [scrapy.core.engine] DEBUG: Crawled (200) <GET https://www.ilpiacenza.it/eventi/musiche-nuove-al-via-la-14esima-edizione-tra-sperimentazione-e-grandi-nomi-internazionalia-fondazione.html> (referer: https://www.ilpiacenza.it/eventi/dal/2026-01-30/al/2026-02-01/)
[2026-01-30T14:25:07.907+0000] {docker.py:429} INFO - 2026-01-30 14:25:07 [scrapy.core.scraper] DEBUG: Scraped from <200 https://www.ilpiacenza.it/eventi/musiche-nuove-al-via-la-14esima-edizione-tra-sperimentazione-e-grandi-nomi-internazionalia-fondazione.html>
{'category': 'Concerti',
 'city': 'Piacenza',
 'content_hash': '6730f694ef051cf2',
 'date_end': '2026-02-27',
 'date_start': '2026-01-10',
 'dates': [{'date': '2026-01-10', 'weekday': 'Sabato'},
           {'date': '2026-01-11', 'weekday': 'Domenica'},
           {'date': '2026-01-12', 'weekday': 'Lunedì'},
           {'date': '2026-01-13', 'weekday': 'Martedì'},
           {'date': '2026-01-14', 'weekday': 'Mercoledì'},
           {'date': '2026-01-15', 'weekday': 'Giovedì'},
           {'date': '2026-01-16', 'weekday': 'Venerdì'},
           {'date': '2026-01-17', 'weekday': 'Sabato'},
           {'date': '2026-01-18', 'weekday': 'Domenica'},
           {'date': '2026-01-19', 'weekday': 'Lunedì'},
           {'date': '2026-01-20', 'weekday': 'Martedì'},
           {'date': '2026-01-21', 'weekday': 'Mercoledì'},
           {'date': '2026-01-22', 'weekday': 'Giovedì'},
           {'date': '2026-01-23', 'weekday': 'Venerdì'},
           {'date': '2026-01-24', 'weekday': 'Sabato'},
           {'date': '2026-01-25', 'weekday': 'Domenica'},
           {'date': '2026-01-26', 'weekday': 'Lunedì'},
           {'date': '2026-01-27', 'weekday': 'Martedì'},
           {'date': '2026-01-28', 'weekday': 'Mercoledì'},
           {'date': '2026-01-29', 'weekday': 'Giovedì'},
           {'date': '2026-01-30', 'weekday': 'Venerdì'},
           {'date': '2026-01-31', 'weekday': 'Sabato'},
           {'date': '2026-02-01', 'weekday': 'Domenica'},
           {'date': '2026-02-02', 'weekday': 'Lunedì'},
           {'date': '2026-02-03', 'weekday': 'Martedì'},
           {'date': '2026-02-04', 'weekday': 'Mercoledì'},
           {'date': '2026-02-05', 'weekday': 'Giovedì'},
           {'date': '2026-02-06', 'weekday': 'Venerdì'},
           {'date': '2026-02-07', 'weekday': 'Sabato'},
           {'date': '2026-02-08', 'weekday': 'Domenica'},
           {'date': '2026-02-09', 'weekday': 'Lunedì'},
           {'date': '2026-02-10', 'weekday': 'Martedì'},
           {'date': '2026-02-11', 'weekday': 'Mercoledì'},
           {'date': '2026-02-12', 'weekday': 'Giovedì'},
           {'date': '2026-02-13', 'weekday': 'Venerdì'},
           {'date': '2026-02-14', 'weekday': 'Sabato'},
           {'date': '2026-02-15', 'weekday': 'Domenica'},
           {'date': '2026-02-16', 'weekday': 'Lunedì'},
           {'date': '2026-02-17', 'weekday': 'Martedì'},
           {'date': '2026-02-18', 'weekday': 'Mercoledì'},
           {'date': '2026-02-19', 'weekday': 'Giovedì'},
           {'date': '2026-02-20', 'weekday': 'Venerdì'},
           {'date': '2026-02-21', 'weekday': 'Sabato'},
           {'date': '2026-02-22', 'weekday': 'Domenica'},
           {'date': '2026-02-23', 'weekday': 'Lunedì'},
           {'date': '2026-02-24', 'weekday': 'Martedì'},
           {'date': '2026-02-25', 'weekday': 'Mercoledì'},
           {'date': '2026-02-26', 'weekday': 'Giovedì'},
           {'date': '2026-02-27', 'weekday': 'Venerdì'}],
 'description': 'Giunta alla sua 14esima edizione, organizzata '
                'dall’Associazione Novecento Aps e promossa dall’ente di via '
                'Sant’Eufemia, la rassegna Musiche Nuove dedicata alle '
                'frontiere più innovative della musica contemporanea è diretta '
                'artisticamente da Max Marchini, con il presidente di '
                'Novecento Camillo Mozzoni. La prima parte del cartellone '
                "2026, che prende il via sabato 10 gennaio all'auditorium "
                'della Fondazione con il concerto-evento del cantautore '
                'nordirlandese Andy White, propone come ogni anno una '
                'selezione di artisti, collaborazioni e progetti originali '
                'che, superando il concetto di genere, coniugano la musica '
                'contemporanea a sonorità jazz, ambient, folk e classiche, con '
                'esiti sempre sorprendenti. «La Fondazione – ha sottolineato '
                "in apertura dell'incontro il vicepresidente della Fondazione "
                'di Piacenza e Vigevano Mario Magnelli – sostiene '
                'convintamente questa rassegna che porta in città musiche '
                'nuove, appunto, progetti originali, creativi e innovativi che '
                'raramente trovano spazio nel nostro paese. Siamo convinti che '
                'operazioni di questo genere non solo concorrano alla '
                "costruzione di un'offerta culturale articolata e di qualità "
                'ma, intercettando pubblici nuovi e non solo piacentini, '
                "rappresentino anche un'operazione molto interessante dal "
                'punto di vista del turismo culturale». Il programma Sabato 10 '
                'gennaio , ore 21,15 : Andy White in concerto Auditorium S. '
                'Margherita, via sant’Eufemia 12. Ingresso libero. Poeta, '
                'cantautore, scrittore, docente, figura di spicco della nuova '
                'scena culturale nordirlandese, Andy White, già collaboratore '
                'di grandi artisti da Peter Gabriel a Sinhead O’Connor, apre '
                'la rassegna con un concerto intimista per voce e chitarre '
                'attraverso le quali percorre la sua strada che dalla protest '
                'song ha saputo cogliere l’essenza di un popolo e un paese '
                'tormentato. È il suo primo concerto a Piacenza. White è '
                'considerato dalla critica internazionale una delle voci più '
                'alte e riconoscibili della canzone d’autore in lingua inglese '
                'dei nostri giorni. Il suo sarà uno spettacolo raccolto e '
                'intimista... Sabato 7 febbraio , ore 21,15 : Markus '
                'Stockhausen in concerto Auditorium S. Margherita, via '
                'sant’Eufemia 12. Ingresso libero. Un’altra anteprima assoluta '
                'di questa produzione a livello stellare del grande '
                'compositore Markus Stockhausen, unanimemente considerato '
                'dalla critica non solo il più grande trombettista vivente ma '
                'uno degli autori più importanti nel campo della musica '
                'contemporanea. Massimo esponente di quel percorso che va '
                'oltre l’improvvisazione verso la pura poetica dell’effimera '
                'composizione istantanea. Assieme a lui quattro "fuoriclasse" '
                'come Fabrizio Ottaviucci al pianoforte, uno dei massimi '
                'interpreti della musica minimalista, ha lavorato con Giacinto '
                'Scelsi e Terry Riley ha scritto brani per lui. La voce multi '
                'ottava della polistrumentista Annie Barbazza, i flauti e '
                'l’elettronica di Fabio Mina e le percussioni poliritmiche di '
                'Fabrizio Savoretti completano il suggestivo quintetto che '
                'debutta a Piacenza ove, sempre in anteprima, presenta il loro '
                'album "Between Earth and Sky". La formazione è già stata '
                'scritturata nei mesi a venire nelle sale più importanti '
                'internazionali dal Porgy & Bess di Vienna al Café Oto a '
                'Londra e, in Italia, alla prestigiosa Accademia Chigiana e '
                'alla Università La Sapienza. È la terza produzione di '
                'Associazione Novecento/Dark Companion Records che raggiunge '
                'riconoscimenti accademici così lusinghieri. Venerdì 27 '
                'febbraio , ore 21,15 : Fred Frith in concerto Auditorium S. '
                'Margherita, via sant’Eufemia 12. Ingresso libero. Dalla '
                'maggior parte della critica specializzata e degli '
                'appassionati Fred Frith è stato definito il "miglior '
                'chitarrista vivente", non solo per la sua tecnica ma per '
                'l’evoluzione, la propulsione che in oltre 50 anni di carriera '
                'ha dato alle possibilità espressive dello strumento. '
                'Compositore, insegnante ai massimi livelli nelle più '
                'prestigiose accademie mondiali, fondatore degli Henry Cow, '
                'Art Bears, collaboratore di realtà quali The Residents, '
                'Robert Wyatt, Mike Oldfield e migliaia di altre situazioni, '
                'Fred è sempre stato, ed è, almeno un decennio avanti a '
                'chiunque altro. Visionario pioniere del suono, improvvisatore '
                'allievo e compare di Derek Bailey, Lol Coxhill, Evan Parker e '
                'tanti tanti altri ancora. La chitarra, oggetto principale del '
                'concerto piacentino, che riserverà alcune sorprese..., viene '
                'rivissuta, rivisitata, stravolta, ascoltata alla ricerca '
                'indomita del suono, delle miriadi di rifrazioni cromatiche, '
                'degli infiniti possibili. Dalla dolcezza della vibrazione al '
                'terrore iconoclastico, dalla creazione di lande immaginarie '
                'alla devastazione piroclastica del suono. Ancora una volta, '
                'un’imperdibile evento che aprirà la mente e le percezioni di '
                'chi non conosce bene il Maestro, una conferma per chi lo '
                'conosce e un suggerimento per chiunque sia affamato di '
                'bellezza e di musica nuova. Probabili ospiti a sorpresa... '
                'Sabato 28 marzo 2026 , ore 21,15 : Silvia Cignoli in Concert '
                'Auditorium Santa Margherita , via sant’Eufemia 12 Un’altra '
                'data dedicata alla chitarra suonata in modalità e con '
                'sonorità nuove. Da anni la giovane artista incanta critici e '
                'pubblico dipingendo paesaggi immaginari e lande di estatica '
                'bellezza, visioni a tinte pastello e metafore di inconsueta '
                'persistenza musicale. Tanto da venire universalmente '
                'riconosciuta come una delle voci più importanti e autorevoli '
                'della nuova poetica della chitarra ambient. Venerdì 10 aprile '
                '2026 , ore 21,15 : Iztok Koren & Raphael Roginski Auditorium '
                'Santa Margherita , via sant’Eufemia 12 Dal leader, forza '
                'principale del gruppo Širom, Iztok Koren verrà proposta in '
                'antemprima assoluta un nuovo side project che lo vede assieme '
                'al musicologo Raphael Roginski. Il folk trasognato e '
                'visionario, le percussioni ancestrali, la pischedelia '
                'neoacustica e l’avanguardia semantica e colta di Koren '
                'incontrano la ricerca di un gigante della chitarra '
                'contemporanea come Roginski per una musica nuova che '
                'travalica tempo e generi, regalando perle di vera musica '
                'nuova. Sabato 2 maggio 2026 , ore 21,15 : The Necks in '
                'concerto Conservatorio Nicolini , via Santa Franca 35 Una '
                'data unica per il nostro paese che segna il ritorno dei '
                'Necks: una delle grandi band di culto australiane. Né del '
                'tutto avant-garde, né minimalista, né ambient, né jazz, la '
                'musica dei Necks è probabilmente unica al mondo oggi come '
                'testimonia l’estrema attenzione della critica internazionale '
                'sul loro percorso. Il recentissimo album disquiet, infatti, è '
                'stato scelto quale migliore album del 2025 dalla maggior '
                'parte della critica internazionale, conquistando copertine '
                'prestigiose come The Wire. Il trio composto da Chris Abrahams '
                '(piano, tastiere), Lloyd Swanton (contrabbasso, basso) e Tony '
                'Buck (batteria, percussioni) offre chi naviga le acque della '
                'musica sperimentale e del free-jazz con una certa costanza da '
                'sempre un geniale mix di follia musicale, una ricetta davvero '
                'inedita, un vero e proprio "marchio di fabbrica" basato '
                'sull’improvvisazione del trio jazz/non jazz più interessante '
                'al mondo oggi.',
 'image_url': '//citynews-ilpiacenza.stgy.ovh/~media/horizontal-mid/36086740504431/musiche-nuove-2026.jpg',
 'location_address': "Via Sant'Eufemia, 12",
 'location_name': 'Auditorium Fondazione di Piacenza e Vigevano e '
                  'Conservatorio Nicolini',
 'price': 'Gratis',
 'scraped_at': '2026-01-30T14:24:50.665094',
 'time_info': 'Ore 21,15',
 'title': 'Musiche Nuove, al via la 14esima edizione tra sperimentazione e '
          'grandi nomi internazionali',
 'url': 'https://www.ilpiacenza.it/eventi/musiche-nuove-al-via-la-14esima-edizione-tra-sperimentazione-e-grandi-nomi-internazionalia-fondazione.html',
 'uuid': 'a35bd98fe4d1eb5c'}
[2026-01-30T14:25:08.580+0000] {docker.py:429} INFO - 2026-01-30 14:25:08 [scrapy.core.engine] DEBUG: Crawled (200) <GET https://www.ilpiacenza.it/eventi/a-teatro-con-mamma-e-papa-e-salt-in-banco-tornano-le-stagioni-di-teatro-per-famiglie-e-scuole.html> (referer: https://www.ilpiacenza.it/eventi/dal/2026-01-30/al/2026-02-01/)
[2026-01-30T14:25:08.695+0000] {docker.py:429} INFO - 2026-01-30 14:25:08 [scrapy.core.scraper] DEBUG: Scraped from <200 https://www.ilpiacenza.it/eventi/a-teatro-con-mamma-e-papa-e-salt-in-banco-tornano-le-stagioni-di-teatro-per-famiglie-e-scuole.html>
{'category': 'Teatri',
 'city': 'Piacenza',
 'content_hash': 'e4fd5043fdf72f0f',
 'date_end': '2026-06-05',
 'date_start': '2025-10-14',
 'dates': [{'date': '2025-10-14', 'weekday': 'Martedì'},
           {'date': '2025-10-15', 'weekday': 'Mercoledì'},
           {'date': '2025-10-16', 'weekday': 'Giovedì'},
           {'date': '2025-10-17', 'weekday': 'Venerdì'},
           {'date': '2025-10-18', 'weekday': 'Sabato'},
           {'date': '2025-10-19', 'weekday': 'Domenica'},
           {'date': '2025-10-20', 'weekday': 'Lunedì'},
           {'date': '2025-10-21', 'weekday': 'Martedì'},
           {'date': '2025-10-22', 'weekday': 'Mercoledì'},
           {'date': '2025-10-23', 'weekday': 'Giovedì'},
           {'date': '2025-10-24', 'weekday': 'Venerdì'},
           {'date': '2025-10-25', 'weekday': 'Sabato'},
           {'date': '2025-10-26', 'weekday': 'Domenica'},
           {'date': '2025-10-27', 'weekday': 'Lunedì'},
           {'date': '2025-10-28', 'weekday': 'Martedì'},
           {'date': '2025-10-29', 'weekday': 'Mercoledì'},
           {'date': '2025-10-30', 'weekday': 'Giovedì'},
           {'date': '2025-10-31', 'weekday': 'Venerdì'},
           {'date': '2025-11-01', 'weekday': 'Sabato'},
           {'date': '2025-11-02', 'weekday': 'Domenica'},
           {'date': '2025-11-03', 'weekday': 'Lunedì'},
           {'date': '2025-11-04', 'weekday': 'Martedì'},
           {'date': '2025-11-05', 'weekday': 'Mercoledì'},
           {'date': '2025-11-06', 'weekday': 'Giovedì'},
           {'date': '2025-11-07', 'weekday': 'Venerdì'},
           {'date': '2025-11-08', 'weekday': 'Sabato'},
           {'date': '2025-11-09', 'weekday': 'Domenica'},
           {'date': '2025-11-10', 'weekday': 'Lunedì'},
           {'date': '2025-11-11', 'weekday': 'Martedì'},
           {'date': '2025-11-12', 'weekday': 'Mercoledì'},
           {'date': '2025-11-13', 'weekday': 'Giovedì'},
           {'date': '2025-11-14', 'weekday': 'Venerdì'},
           {'date': '2025-11-15', 'weekday': 'Sabato'},
           {'date': '2025-11-16', 'weekday': 'Domenica'},
           {'date': '2025-11-17', 'weekday': 'Lunedì'},
           {'date': '2025-11-18', 'weekday': 'Martedì'},
           {'date': '2025-11-19', 'weekday': 'Mercoledì'},
           {'date': '2025-11-20', 'weekday': 'Giovedì'},
           {'date': '2025-11-21', 'weekday': 'Venerdì'},
           {'date': '2025-11-22', 'weekday': 'Sabato'},
           {'date': '2025-11-23', 'weekday': 'Domenica'},
           {'date': '2025-11-24', 'weekday': 'Lunedì'},
           {'date': '2025-11-25', 'weekday': 'Martedì'},
           {'date': '2025-11-26', 'weekday': 'Mercoledì'},
           {'date': '2025-11-27', 'weekday': 'Giovedì'},
           {'date': '2025-11-28', 'weekday': 'Venerdì'},
           {'date': '2025-11-29', 'weekday': 'Sabato'},
           {'date': '2025-11-30', 'weekday': 'Domenica'},
           {'date': '2025-12-01', 'weekday': 'Lunedì'},
           {'date': '2025-12-02', 'weekday': 'Martedì'},
           {'date': '2025-12-03', 'weekday': 'Mercoledì'},
           {'date': '2025-12-04', 'weekday': 'Giovedì'},
           {'date': '2025-12-05', 'weekday': 'Venerdì'},
           {'date': '2025-12-06', 'weekday': 'Sabato'},
           {'date': '2025-12-07', 'weekday': 'Domenica'},
           {'date': '2025-12-08', 'weekday': 'Lunedì'},
           {'date': '2025-12-09', 'weekday': 'Martedì'},
           {'date': '2025-12-10', 'weekday': 'Mercoledì'},
           {'date': '2025-12-11', 'weekday': 'Giovedì'},
           {'date': '2025-12-12', 'weekday': 'Venerdì'},
           {'date': '2025-12-13', 'weekday': 'Sabato'},
           {'date': '2025-12-14', 'weekday': 'Domenica'},
           {'date': '2025-12-15', 'weekday': 'Lunedì'},
           {'date': '2025-12-16', 'weekday': 'Martedì'},
           {'date': '2025-12-17', 'weekday': 'Mercoledì'},
           {'date': '2025-12-18', 'weekday': 'Giovedì'},
           {'date': '2025-12-19', 'weekday': 'Venerdì'},
           {'date': '2025-12-20', 'weekday': 'Sabato'},
           {'date': '2025-12-21', 'weekday': 'Domenica'},
           {'date': '2025-12-22', 'weekday': 'Lunedì'},
           {'date': '2025-12-23', 'weekday': 'Martedì'},
           {'date': '2025-12-24', 'weekday': 'Mercoledì'},
           {'date': '2025-12-25', 'weekday': 'Giovedì'},
           {'date': '2025-12-26', 'weekday': 'Venerdì'},
           {'date': '2025-12-27', 'weekday': 'Sabato'},
           {'date': '2025-12-28', 'weekday': 'Domenica'},
           {'date': '2025-12-29', 'weekday': 'Lunedì'},
           {'date': '2025-12-30', 'weekday': 'Martedì'},
           {'date': '2025-12-31', 'weekday': 'Mercoledì'},
           {'date': '2026-01-01', 'weekday': 'Giovedì'},
           {'date': '2026-01-02', 'weekday': 'Venerdì'},
           {'date': '2026-01-03', 'weekday': 'Sabato'},
           {'date': '2026-01-04', 'weekday': 'Domenica'},
           {'date': '2026-01-05', 'weekday': 'Lunedì'},
           {'date': '2026-01-06', 'weekday': 'Martedì'},
           {'date': '2026-01-07', 'weekday': 'Mercoledì'},
           {'date': '2026-01-08', 'weekday': 'Giovedì'},
           {'date': '2026-01-09', 'weekday': 'Venerdì'},
           {'date': '2026-01-10', 'weekday': 'Sabato'},
           {'date': '2026-01-11', 'weekday': 'Domenica'},
           {'date': '2026-01-12', 'weekday': 'Lunedì'},
           {'date': '2026-01-13', 'weekday': 'Martedì'},
           {'date': '2026-01-14', 'weekday': 'Mercoledì'},
           {'date': '2026-01-15', 'weekday': 'Giovedì'},
           {'date': '2026-01-16', 'weekday': 'Venerdì'},
           {'date': '2026-01-17', 'weekday': 'Sabato'},
           {'date': '2026-01-18', 'weekday': 'Domenica'},
           {'date': '2026-01-19', 'weekday': 'Lunedì'},
           {'date': '2026-01-20', 'weekday': 'Martedì'},
           {'date': '2026-01-21', 'weekday': 'Mercoledì'},
           {'date': '2026-01-22', 'weekday': 'Giovedì'},
           {'date': '2026-01-23', 'weekday': 'Venerdì'},
           {'date': '2026-01-24', 'weekday': 'Sabato'},
           {'date': '2026-01-25', 'weekday': 'Domenica'},
           {'date': '2026-01-26', 'weekday': 'Lunedì'},
           {'date': '2026-01-27', 'weekday': 'Martedì'},
           {'date': '2026-01-28', 'weekday': 'Mercoledì'},
           {'date': '2026-01-29', 'weekday': 'Giovedì'},
           {'date': '2026-01-30', 'weekday': 'Venerdì'},
           {'date': '2026-01-31', 'weekday': 'Sabato'},
           {'date': '2026-02-01', 'weekday': 'Domenica'},
           {'date': '2026-02-02', 'weekday': 'Lunedì'},
           {'date': '2026-02-03', 'weekday': 'Martedì'},
           {'date': '2026-02-04', 'weekday': 'Mercoledì'},
           {'date': '2026-02-05', 'weekday': 'Giovedì'},
           {'date': '2026-02-06', 'weekday': 'Venerdì'},
           {'date': '2026-02-07', 'weekday': 'Sabato'},
           {'date': '2026-02-08', 'weekday': 'Domenica'},
           {'date': '2026-02-09', 'weekday': 'Lunedì'},
           {'date': '2026-02-10', 'weekday': 'Martedì'},
           {'date': '2026-02-11', 'weekday': 'Mercoledì'},
           {'date': '2026-02-12', 'weekday': 'Giovedì'},
           {'date': '2026-02-13', 'weekday': 'Venerdì'},
           {'date': '2026-02-14', 'weekday': 'Sabato'},
           {'date': '2026-02-15', 'weekday': 'Domenica'},
           {'date': '2026-02-16', 'weekday': 'Lunedì'},
           {'date': '2026-02-17', 'weekday': 'Martedì'},
           {'date': '2026-02-18', 'weekday': 'Mercoledì'},
           {'date': '2026-02-19', 'weekday': 'Giovedì'},
           {'date': '2026-02-20', 'weekday': 'Venerdì'},
           {'date': '2026-02-21', 'weekday': 'Sabato'},
           {'date': '2026-02-22', 'weekday': 'Domenica'},
           {'date': '2026-02-23', 'weekday': 'Lunedì'},
           {'date': '2026-02-24', 'weekday': 'Martedì'},
           {'date': '2026-02-25', 'weekday': 'Mercoledì'},
           {'date': '2026-02-26', 'weekday': 'Giovedì'},
           {'date': '2026-02-27', 'weekday': 'Venerdì'},
           {'date': '2026-02-28', 'weekday': 'Sabato'},
           {'date': '2026-03-01', 'weekday': 'Domenica'},
           {'date': '2026-03-02', 'weekday': 'Lunedì'},
           {'date': '2026-03-03', 'weekday': 'Martedì'},
           {'date': '2026-03-04', 'weekday': 'Mercoledì'},
           {'date': '2026-03-05', 'weekday': 'Giovedì'},
           {'date': '2026-03-06', 'weekday': 'Venerdì'},
           {'date': '2026-03-07', 'weekday': 'Sabato'},
           {'date': '2026-03-08', 'weekday': 'Domenica'},
           {'date': '2026-03-09', 'weekday': 'Lunedì'},
           {'date': '2026-03-10', 'weekday': 'Martedì'},
           {'date': '2026-03-11', 'weekday': 'Mercoledì'},
           {'date': '2026-03-12', 'weekday': 'Giovedì'},
           {'date': '2026-03-13', 'weekday': 'Venerdì'},
           {'date': '2026-03-14', 'weekday': 'Sabato'},
           {'date': '2026-03-15', 'weekday': 'Domenica'},
           {'date': '2026-03-16', 'weekday': 'Lunedì'},
           {'date': '2026-03-17', 'weekday': 'Martedì'},
           {'date': '2026-03-18', 'weekday': 'Mercoledì'},
           {'date': '2026-03-19', 'weekday': 'Giovedì'},
           {'date': '2026-03-20', 'weekday': 'Venerdì'},
           {'date': '2026-03-21', 'weekday': 'Sabato'},
           {'date': '2026-03-22', 'weekday': 'Domenica'},
           {'date': '2026-03-23', 'weekday': 'Lunedì'},
           {'date': '2026-03-24', 'weekday': 'Martedì'},
           {'date': '2026-03-25', 'weekday': 'Mercoledì'},
           {'date': '2026-03-26', 'weekday': 'Giovedì'},
           {'date': '2026-03-27', 'weekday': 'Venerdì'},
           {'date': '2026-03-28', 'weekday': 'Sabato'},
           {'date': '2026-03-29', 'weekday': 'Domenica'},
           {'date': '2026-03-30', 'weekday': 'Lunedì'},
           {'date': '2026-03-31', 'weekday': 'Martedì'},
           {'date': '2026-04-01', 'weekday': 'Mercoledì'},
           {'date': '2026-04-02', 'weekday': 'Giovedì'},
           {'date': '2026-04-03', 'weekday': 'Venerdì'},
           {'date': '2026-04-04', 'weekday': 'Sabato'},
           {'date': '2026-04-05', 'weekday': 'Domenica'},
           {'date': '2026-04-06', 'weekday': 'Lunedì'},
           {'date': '2026-04-07', 'weekday': 'Martedì'},
           {'date': '2026-04-08', 'weekday': 'Mercoledì'},
           {'date': '2026-04-09', 'weekday': 'Giovedì'},
           {'date': '2026-04-10', 'weekday': 'Venerdì'},
           {'date': '2026-04-11', 'weekday': 'Sabato'},
           {'date': '2026-04-12', 'weekday': 'Domenica'},
           {'date': '2026-04-13', 'weekday': 'Lunedì'},
           {'date': '2026-04-14', 'weekday': 'Martedì'},
           {'date': '2026-04-15', 'weekday': 'Mercoledì'},
           {'date': '2026-04-16', 'weekday': 'Giovedì'},
           {'date': '2026-04-17', 'weekday': 'Venerdì'},
           {'date': '2026-04-18', 'weekday': 'Sabato'},
           {'date': '2026-04-19', 'weekday': 'Domenica'},
           {'date': '2026-04-20', 'weekday': 'Lunedì'},
           {'date': '2026-04-21', 'weekday': 'Martedì'},
           {'date': '2026-04-22', 'weekday': 'Mercoledì'},
           {'date': '2026-04-23', 'weekday': 'Giovedì'},
           {'date': '2026-04-24', 'weekday': 'Venerdì'},
           {'date': '2026-04-25', 'weekday': 'Sabato'},
           {'date': '2026-04-26', 'weekday': 'Domenica'},
           {'date': '2026-04-27', 'weekday': 'Lunedì'},
           {'date': '2026-04-28', 'weekday': 'Martedì'},
           {'date': '2026-04-29', 'weekday': 'Mercoledì'},
           {'date': '2026-04-30', 'weekday': 'Giovedì'},
           {'date': '2026-05-01', 'weekday': 'Venerdì'},
           {'date': '2026-05-02', 'weekday': 'Sabato'},
           {'date': '2026-05-03', 'weekday': 'Domenica'},
           {'date': '2026-05-04', 'weekday': 'Lunedì'},
           {'date': '2026-05-05', 'weekday': 'Martedì'},
           {'date': '2026-05-06', 'weekday': 'Mercoledì'},
           {'date': '2026-05-07', 'weekday': 'Giovedì'},
           {'date': '2026-05-08', 'weekday': 'Venerdì'},
           {'date': '2026-05-09', 'weekday': 'Sabato'},
           {'date': '2026-05-10', 'weekday': 'Domenica'},
           {'date': '2026-05-11', 'weekday': 'Lunedì'},
           {'date': '2026-05-12', 'weekday': 'Martedì'},
           {'date': '2026-05-13', 'weekday': 'Mercoledì'},
           {'date': '2026-05-14', 'weekday': 'Giovedì'},
           {'date': '2026-05-15', 'weekday': 'Venerdì'},
           {'date': '2026-05-16', 'weekday': 'Sabato'},
           {'date': '2026-05-17', 'weekday': 'Domenica'},
           {'date': '2026-05-18', 'weekday': 'Lunedì'},
           {'date': '2026-05-19', 'weekday': 'Martedì'},
           {'date': '2026-05-20', 'weekday': 'Mercoledì'},
           {'date': '2026-05-21', 'weekday': 'Giovedì'},
           {'date': '2026-05-22', 'weekday': 'Venerdì'},
           {'date': '2026-05-23', 'weekday': 'Sabato'},
           {'date': '2026-05-24', 'weekday': 'Domenica'},
           {'date': '2026-05-25', 'weekday': 'Lunedì'},
           {'date': '2026-05-26', 'weekday': 'Martedì'},
           {'date': '2026-05-27', 'weekday': 'Mercoledì'},
           {'date': '2026-05-28', 'weekday': 'Giovedì'},
           {'date': '2026-05-29', 'weekday': 'Venerdì'},
           {'date': '2026-05-30', 'weekday': 'Sabato'},
           {'date': '2026-05-31', 'weekday': 'Domenica'},
           {'date': '2026-06-01', 'weekday': 'Lunedì'},
           {'date': '2026-06-02', 'weekday': 'Martedì'},
           {'date': '2026-06-03', 'weekday': 'Mercoledì'},
           {'date': '2026-06-04', 'weekday': 'Giovedì'},
           {'date': '2026-06-05', 'weekday': 'Venerdì'}],
 'description': 'Ritornano a Piacenza le stagioni di teatro ragazzi: edizione '
                'numero 31 per la Rassegna di teatro per le famiglie "A teatro '
                'con mamma e papà" e numero 46 per la Rassegna di teatro '
                'scuola "Salt’in Banco". Curate da Simona Rossi, responsabile '
                'progetti teatro ragazzi, teatro scuola e formazione di Teatro '
                'Gioco Vita, sono proposte dal Centro di produzione teatrale '
                'diretto da Diego Maj e Jacopo Maj con la Fondazione Teatri, '
                'la collaborazione dell’Associazione Amici del Teatro Gioco '
                'Vita e il sostegno della Fondazione di Piacenza e Vigevano. '
                'Come tutte le attività di Teatro Gioco Vita, hanno il '
                'contributo di Mic e Regione Emilia-Romagna. Da novembre 2025 '
                'a giugno 2026, in cartellone 45 spettacoli per le scuole e 19 '
                'per le famiglie, in tutto 46 titoli diversi, oltre a '
                'rappresentazioni fuori rassegna che vanno a intersecare altre '
                'proposte di Teatro Gioco Vita per la stagione 2025/2026. Per '
                'un totale di 100 giornate di programmazione, 120 aperture di '
                'sipario, a cui si aggiungono gli appuntamenti di oltre 20 '
                'percorsi educational. Un’attività - tra spettacoli, letture '
                'animate, laboratori, incontri e percorsi di approfondimento, '
                'proposte di formazione - che si svolge nei teatri '
                'Filodrammatici, Gioia, Spazio Luzzati, Municipale, come pure '
                'nelle scuole e in altri spazi. Sul fronte degli spettacoli '
                'sono 12 le produzioni di Teatro Gioco Vita e 34 quelle '
                "ospitate, messe in scena da compagnie provenienti un po' da "
                'tutta Italia: Bologna, Belluno, Milano, Lecco, Monza Brianza, '
                'Cascina, Ferrara, Torino, Treviso, Bergamo, Genova, Vicenza, '
                'Aosta, Bari, Pisa, Empoli, Taranto, Reggio Emilia, Perugia. '
                'Una proposta che tra novità e repertorio propone quanto di '
                'meglio la scena per le giovani generazioni propone a livello '
                'nazionale. Senza dimenticare le proposte artistiche del '
                'territorio, con Matteo Corradini, Mino Manni (Compagnia Manni '
                'Ossoli), David Remondini e Mila Boeri (Erranti Teatro). "A '
                'teatro con mamma e papà", 31esima Rassegna di Teatro per le '
                'Famiglie da novembre a giugno presenta un cartellone con '
                'rappresentazioni pomeridiane domenica e giorni festivi, oltre '
                'ad alcuni spettacoli serali e proposte fuori rassegna. '
                'L’edizione numero 46 di "Salt’in banco", la Rassegna di '
                'teatro scuola, come al solito propone spettacoli e attività '
                'educational per l’intera durata dell’anno scolastico, con '
                'appuntamenti per tutte le fasce d’età, dai nidi d’infanzia '
                'fino alle scuole superiori. Tornerà la sezione "Piccole '
                'platee - proposte di teatro per la prima infanzia", '
                'trasversale alla rassegna per le famiglie e a quella per le '
                'scuole: al Teatro Filodrammatici, tra maggio e giugno 2026, '
                'spettacoli per la fascia di pubblico 0-6 programmati sia la '
                'mattina per i nidi e le scuole dell’infanzia sia la sera per '
                'il pubblico familiare. Novità di questa stagione, nell’ottica '
                'di uno sguardo aperto alle giovani generazioni che da sempre '
                'caratterizza Teatro Gioco Vita nella ricerca artistica e '
                'nelle attività sul territorio, la sezione "Dieci +" - '
                'proposte di teatro per l’adolescenza", un programma di '
                'spettacoli pomeridiani e serali per un nuovo pubblico dai 10 '
                'anni, con spettacoli trasversali alle stagioni di prosa e per '
                'le famiglie unite ad appuntamenti fuori rassegna. '
                'Un’attenzione ai preadolescenti e agli adolescenti, con '
                'l’obiettivo di coinvolgere, con la famiglia, con gli amici o '
                'in autonomia, quei giovanissimi spettatori che sono in una '
                'fascia di transizione tra la fruizione degli spettacoli per '
                'bambini e quella delle proposte della stagione di prosa. Una '
                'proposta culturale che vuole offrire nuove opportunità al '
                'tempo libero dei ragazzi. L’attività organizzativa delle '
                'Stagioni di teatro ragazzi fa capo all’Ufficio scuola e '
                'formazione di Teatro Gioco Vita, che vede al lavoro insieme a '
                'Simona Rossi (responsabile), Emma-Chiara Perotti '
                '(prenotazioni e rapporti con le scuole), Elisa Groppi e '
                'Federica De Stefano (biglietteria), Alex Rubin Silmo '
                '(assistente di sala). Nei teatri al lavoro un efficiente '
                'staff tecnico guidato da Maddalena Maj (direttrice tecnica e '
                'responsabile sicurezza): Marco Gigliotti e Daniele Princi '
                '(fonici e illuminotecnici), Giovanni Mutti (macchinista), '
                'Anna Adorno (light designer compagnia ombre). La rassegna "A '
                'teatro con mamma e papà" e tutte le attività educational '
                'inserite nel cartellone di "Salt’in Banco" vengono svolte in '
                'collaborazione con l’Associazione Amici del Teatro Gioco Vita '
                'e con il sostegno della Fondazione di Piacenza e Vigevano '
                'nell’ambito del programma “InFormazione Teatrale”. A teatro '
                'con mamma e papà La Rassegna di teatro per le famiglie "A '
                'teatro con mamma e papà" propone spettacoli soprattutto '
                'pomeridiani, ma anche rappresentazioni serali, tra Teatro '
                'Filodrammatici e Teatro Gioia, da novembre a giugno. Oltre ad '
                'animazioni e letture allo Spazio Luzzati
[2026-01-30T14:25:08.695+0000] {docker.py:429} INFO - . 19 titoli, di cui '
                '12 di produzione e 7 di ospitalità, a cui si aggiungono 5 '
                'proposte fuori rassegna. Si inizia con due titoli di Teatro '
                'Gioco Vita: al Teatro Gioia venerdì 14 novembre alle ore '
                '20,30 vedremo per la prima volta a Piacenza la nuova '
                'produzione 2025 "Shamanika!" con la regia di Antonio Tony '
                'Baladam, che è anche in scena insieme a Letizia Bravi, uno '
                'spettacolo comico e divertente tra ombre, esseri immaginari, '
                'incantesimi, sul rapporto tra finzione e realtà; al Teatro '
                'Filodrammatici domenica 23 novembre alle ore 16,30 torna un '
                'classico come "Il più furbo" - disavventure di un '
                'incorreggibile lupo, dall’opera di Mario Ramos, divertente '
                'racconto delle vicende di un lupo presuntuoso che si dimostra '
                'nei fatti sgraziato e goffo. Si prosegue poi con gli '
                'appuntamenti pomeridiani. Domenica 30 novembre sarà la volta '
                'de La Baracca – Testoni Ragazzi con "Biancaneve", una '
                'rappresentazione esilarante della classica fiaba. Con '
                'dicembre una serie di tre appuntamenti per entrare nel clima '
                'delle feste natalizie: "C’era 2 volte 1 cuore" del Tib '
                'Teatro, delicata creazione all’insegna della fiducia e '
                'dell’amore (lunedì 8 dicembre), "Kalinka" - il circo come non '
                'lo avete mai visto di Nando & Maila, spettacolo di circo '
                'contemporaneo comico musicale adatto a tutte le età (domenica '
                '14 dicembre), la novità di Teatro Gioco Vita "Scrooge e il '
                'Natale" dal "Canto di Natale" di Dickens con il teatro di '
                'narrazione di Nicola Cavallari che incontra le ombre e le '
                'figure (domenica 21 dicembre). Dopo la pausa natalizia si '
                'riprenderà martedì 6 gennaio ancora con Teatro Gioco Vita: in '
                'scena "La ragazza dei lupi" dal romanzo di Katherine Rundell, '
                'un’avventura che ci parla di amicizia e di rispetto per la '
                'natura. Domenica 18 gennaio sarà la volta del Teatro Invito '
                'con "Cappuccetto blues" con una divertente coppia comica che '
                'tra clownerie, musica e canzoni racconta Cappuccetto Rosso '
                '"dal punto di vista dei lupi". Domenica 1° febbraio "Kiss" - '
                'storia di un bacio perduto e ritrovato segna il ritorno a '
                'Piacenza dopo diversi anni di assenza della Fondazione '
                'Sipario Toscana: il viaggio di un bacio nel tempo e nello '
                'spazio, lungo la scia di un amore che non smette di propagare '
                'il suo messaggio. Domenica 22 febbraio vedremo Giallo Mare '
                'Minimal Teatro con "Ape Pina", una storia semplice di '
                'animali, fiori e relazioni, per stimolare nei bambini fin da '
                'piccoli l’attenzione per la natura, la biodiversità e tutto '
                'quello che riguarda la vita. Domenica 8 marzo tornerà a '
                'Piacenza "Tutto cambia!" - il bruco e la farfalla e altri '
                'racconti, la creazione 2025 di Teatro Gioco Vita con la regia '
                'e drammaturgia di Marco Ferro sul tema del cambiamento. Anche '
                'in questa stagione ad arricchire il cartellone di "A teatro '
                'con mamma e papà" saranno alcuni appuntamenti serali '
                'programmati alle ore 20,30, occasione per bambini e ragazzi '
                'per uscire la sera per andare a teatro, proprio come fanno i '
                'grandi. Oltre allo spettacolo di apertura Shamanika! al '
                'Teatro Gioia, vedremo al Teatro Filodrammatici due debutti di '
                'Teatro Gioco Vita: "Pierino e il lupo" - dalla fiaba musicale '
                'di Sergej Prokof’ev, regia e drammaturgia di Marco Ferro '
                '(giovedì 5 marzo) e "Contro il Sole" - il mito di Dedalo e '
                'Icaro, testo e regia di Emanuele Aldrovandi (venerdì 8 '
                'maggio). Per la sezione "Piccole platee", proposte di teatro '
                'per la prima infanzia, quattro appuntamenti serali. "Concerto '
                'per piccoli cuori e grandi sogni" di e con Michele Cafaggi, '
                'per "vedere" la musica attraverso le bolle di sapone (venerdì '
                '15 maggio) e tre spettacoli di Teatro Gioco Vita: la nuova '
                'creazione "Da cosa nasce cosa?" di e con Barbara Eforo, che '
                'prosegue l’esperienza dei suoi "Racconti dalla finestra" tra '
                'narrazione e oggetti (venerdì 22 maggio); "Ranocchio" - '
                'dall’opera di Max Velthuijs (venerdì 29 maggio); "Circoluna" '
                '- l’unico circoteatro d’ombre al mondo (venerdì 5 giugno). Lo '
                'Spazio Luzzati si conferma luogo che Teatro Gioco Vita dedica '
                'alla narrazione, al gioco e all’animazione, con appuntamenti '
                'a pubblico limitato alle ore 15,30. Domenica 25 gennaio e '
                'domenica 22 marzo sarà ripreso lo spettacolo "Rodari incontra '
                'Luzzati" - favole e fantasie allo Spazio Luzzati, di e con '
                'Nicola Cavallari, con l’accompagnamento musicale di Davide '
                'Cignatta. Domenica 8 febbraio e domenica 15 marzo sarà la '
                'volta di "Figure in gioco" nuova edizione del percorso di '
                'gioco creativo e di animazione delle sagome a cura di '
                'Federica Ferrari, con il coordinamento artistico di Nicoletta '
                'Garioni. La programmazione si arricchisce in questa stagione '
                'di appuntamenti fuori rassegna grazie al progetto Focus on '
                'Kids, piattaforma multidisciplinare delle produzioni '
                'dell’Emilia-Romagna, organizzato da Teatro Gioco Vita il 5, 6 '
                'e 7 marzo a Piacenza in collaborazione con Ater Fondazione. '
                'Per i più piccoli "Pop" - performance interattiva dedicata '
                'alle famiglie di e con Nicola Galli (giovedì 5 marzo alle ore '
                '18 al Teatro Gioia) e "G.A.S." spettacolo clownesco della '
                'Compagnia del Buco (sabato 7 marzo alle ore 11,30 al Teatro '
                'Filodrammatici). Per un pubblico dai 12 anni, ragazzi, '
                'giovani e adulti, "<Age>" di CollettivO CineticO (venerdì 6 '
                'marzo alle ore 21 al Teatro Filodrammatici) e "Alle Armi" di '
                'Hombre Collettivo (sabato 7 marzo alle ore 15,30 al Teatro '
                'Gioia). Questi ultimi due appuntamenti sono inseriti nella '
                'sezione "Dieci +", proposte di teatro per l’adolescenza, '
                'insieme agli spettacoli di Teatro Gioco Vita "Shamanika!" e '
                '"La ragazza dei lupi" e due titoli fuori rassegna: '
                '"Proserpina (La memoria è un tranello)" reading teatrale di e '
                'con Matteo Corradini per il Giorno della Memoria (martedì 27 '
                'gennaio alle ore 20,30 al Teatro Filodrammatici) e lo '
                'spettacolo della compagnia berlinese Familie Flöz "Feste" che '
                'fa parte del cartellone Altri Percorsi della Stagione di '
                'Prosa (martedì 21 aprile alle ore 21 al Teatro Municipale). '
                'Per la Rassegna di teatro per le famiglie "A teatro con mamma '
                'e papà" 2025/2026 abbonamenti/carnet e biglietti sono in '
                'vendita dal 30 ottobre. Riproposte le riduzioni quando sono '
                'due o più i bambini appartenenti allo stesso nucleo '
                'familiare, gli sconti per i nonni e le nonne che accompagnano '
                'i nipoti a teatro. Prezzi promozionali per gli spettacoli di '
                'Focus on Kids. Salt’in Banco La rassegna di teatro scuola '
                '"Salt’in Banco" anche nel 2025/2026 propone una '
                'programmazione ricca per quantità e qualità delle proposte: '
                'per i diversi percorsi tematici proposti, per la scelta non '
                'scontata di rivolgersi a tutte le scuole, dai piccolissimi '
                'dei nidi d’infanzia ai giovani delle superiori, per la '
                'pluralità di linguaggi, di contenuti, di voci, di punti di '
                'vista, per la professionalità delle compagnie e degli artisti '
                'in cartellone. Tanti gli spettacoli e le giornate di '
                'programmazione, tra produzione e ospitalità, novità e '
                'repertorio, divertimento e impegno. 45 titoli, 80 giornate '
                'recitative, 100 aperture di sipario. Si inizia a novembre: '
                'Teatro Gioco Vita con "Shamanika!" (da 8 a 12 anni, 13 e 14 '
                'novembre) e "Il più furbo" (da 3 a 7 anni, 24 e 25 novembre), '
                'Michele Cafaggi con "Controvento" - storia di aria, nuvole e '
                'bolle di sapone (da 3 a 10 anni, 14 novembre). Per i più '
                'grandi, il ritorno di "#Fragili" - una storia di accettazione '
                'e coraggio de La Baracca - Testoni Ragazzi (da 11 a 16 anni, '
                '28 novembre), che sarà in scena anche con "Biancaneve" (da 6 '
                'a 10 anni, 1° dicembre). Ritorna a Piacenza il Tib Teatro con '
                '"C’era 2 volte 1 cuore" (da 3 a 8 anni, 9 dicembre), quindi '
                'David Remondini e la sua compagnia Erranti Teatro debutterà '
                'con il nuovo spettacolo in lingua inglese "Like a fish out of '
                'water" - John Keats, Shakespeare and friends, coprodotto con '
                'Teatro Gioco Vita (da 12 anni, 11 e 12 dicembre). Tre '
                'appuntamenti condurranno piccoli e grandi nelle atmosfere del '
                'Natale. Di Teatro Gioco Vita "Storie con i fiocchi" di e con '
                'Barbara Eforo (da 4 a 10 anni, 11 e 12 dicembre) e la novità '
                '"Scrooge e il Natale" da Dickens, di e con Nicola Cavallari e '
                'le ombre animate da Federica Ferrari (da 6 a 12 anni, 18 e 19 '
                'dicembre). Di Nando e Maila "Sonata per tubi", uno spettacolo '
                'di circo contemporaneo musicale (da 5 a 12 anni, 15 '
                'dicembre). Dopo la pausa natalizia si riprende con "La '
                'ragazza dei lupi" di Teatro Gioco Vita (7 e 8 gennaio, '
                'pubblico da 6 a 11 anni). Tra gennaio e febbraio, per le '
                'scuole dell’infanzia e primarie vedremo il Teatro del Buratto '
                'con "A metá Strada" - storia di giraffa e pinguino (29 e 30 '
                'gennaio), il Teatro Invito con "Cappuccetto Blues" (19 '
                'gennaio), la Fondazione Trg con "Alice in Wwwonderland" (22 e '
                '23 gennaio), la Fondazione Sipario Toscana con "Kiss" - '
                'storia di un bacio perduto e ritrovato (2 e 3 febbraio), Gli '
                'Alcuni con "L’ultimo T-rex era un bullo" - non è mai troppo '
                'presto per parlare di bullismo (9 e 10 febbraio), Giallo Mare '
                'Minimal Teatro con "Ape Pina" (23 febbraio). Per i più '
                'grandi, da 11 anni: ancora il Teatro del Buratto con "Fashion '
                'Victims" - l’insostenibile realtà del Fashion (da 11 a 16 '
                'anni, 13 gennaio), Il Baule Volante con "Orfeo ed Euridice" '
                'prodotto da Accademia Perduta/Romagna Teatri (20 e 21 '
                'gennaio), La Piccionaia con "Sbum! Yes we cake" (26 e 27 '
                'febbraio). Flavio Albanese della Compagnia del Sole ritorna a '
                'Piacenza con i suoi progetti di teatro-scienza: lo vedremo '
                'con la sua ultima fatica "Albert ed io" su Einstein (18 e 19 '
                'febbraio) e con la ripresa di "Il Codice del volo" su '
                'Leonardo (20 febbraio). Al Giorno della Memoria e al Giorno '
                'del Ricordo, per le scuole secondarie di 1° grado e '
[2026-01-30T14:25:08.696+0000] {docker.py:429} INFO - 'superiori, sono dedicati "Proserpina (La memoria è un '
                'tranello)", nuovo reading teatrale di Matteo Corradini (28 '
                'gennaio, con una serale fuori rassegna il 27 gennaio), e '
                '"Urla dalle Foibe" - quante pagine di storia ancora '
                'ignoriamo, di Pandemonium Teatro (16 febbraio). Sempre '
                'nell’ambito del teatro civile Piacenza ospiterà le anteprime '
                'della nuova edizione di uno spettacolo storico scritto e '
                'diretto da Bruno Stori e Letizia Quintavalla: "I grandi '
                'dittatori", ora in scena con un nuovo attore, Filippo '
                'Carrozzo, nel ruolo che era di Bruno Stori. Allo Spazio '
                'Luzzati tra gennaio e marzo due proposte: "Rodari incontra '
                'Luzzati" - favole e fantasie allo Spazio Luzzati, con Nicola '
                'Cavallari e Davide Cignatta, tra narrazione e musica dal vivo '
                '(da 6 a 10 anni, 26 e 27 gennaio, 23 e 24 marzo); "Figure in '
                'gioco" - percorso di gioco creativo e di animazione delle '
                'sagome curato da Federica Ferrari (da 5 a 8 anni, 9 e 10 '
                'febbraio, 16 e 17 marzo). Il mese di marzo si aprirà '
                'all’insegna di Teatro Gioco Vita con due regie di Marco '
                'Ferro: le anteprime della nuova creazione 2026 "Pierino e il '
                'lupo" - dalla fiaba musicale di Prokof’ev (da 4 a 10 anni, '
                'dal 3 al 5 marzo) e la ripresa della produzione 2025 "Tutto '
                'cambia!" - il bruco e la farfalla e altri racconti (da 4 a 8 '
                'anni, 9 e 10 marzo). Sarà poi la volta di due spettacoli nati '
                'dall’esperienza del Premio Scenario: "Tinta" - una storia '
                'autobiografica di Cicconi/Vono, Premio Scenario Adolescenza '
                '2024, coproduzione Palinodie Ets e Teatro Gioco Vita per un '
                'pubblico dai 13 anni (11 marzo), collegato per le tematiche '
                'che affronta anche alla Giornata internazionale della donna; '
                '"Cosa hai in testa?" di Natiscalzi, Premio Scenario Infanzia '
                '2024, produzione Fondazione Teatro Metastasio di Prato, per '
                'le scuole primarie (13 marzo). Dedicato alla Giornata della '
                'memoria e dell’impegno in ricordo delle vittime innocenti '
                'delle mafie, in collaborazione con Libera Piacenza, sarà in '
                'scena il Teatro dei Cipis con "Non è stata la mano di dio" – '
                'in memoria di don Peppe Diana, con il patrocinio del Comitato '
                'Don Peppe Diana, per le scuole secondarie di 1° grado e '
                'superiori (23 marzo). Sul tema del mito vedremo "Le '
                'tragicomiche" - vita da eroi del Crest di Taranto (per le '
                'secondarie di 1° grado e superiori, 16 e 17 marzo) e "Ulisse '
                'e il canto delle sirene" della Compagnia Manni Ossoli (per le '
                'superiori, 26 marzo). Oltre a "Dialoghi degli Dei" - da '
                'Luciano di Samosata (14 aprile, per un pubblico da 13 anni) '
                'de I Sacchi di Sabbia, che torneranno a Piacenza anche con un '
                'loro classico, "Sandokan" - o la fine dell’avventura (13 '
                'aprile, da 6 a 15 anni). Altri ritorni sono quelli del Teatro '
                'delle Marionette degli Accettella che sarà in scena con '
                '"C’era una notte" (9 e 10 aprile, pubblico da 4 a 8 anni), di '
                'Fontemaggiore con "Cracrá Punk" (20 e 21 aprile, da 5 a 10 '
                'anni), e ancora di David Remondini con lo spettacolo '
                'interattivo in lingua inglese "Viola’s magic friend” (23 e 24 '
                'aprile, da 8 a 11 anni). La programmazione di maggio si '
                'aprirà con le anteprime della nuova produzione di Teatro '
                'Gioco Vita con il testo e la regia di Emanuele Aldrovandi, '
                'pluripremiato autore e regista per teatro e cinema, che per '
                'la prima volta si rapporta al teatro delle ombre con "Contro '
                'il Sole" - il mito di Dedalo e Icaro (6, 7 e 8 maggio, per le '
                'scuole primarie). Quindi la Fondazione Luzzati - Teatro della '
                'Tosse sarà in scena con "Alì Babá" con i burattini disegnati '
                'da Emanuele Luzzati e realizzati da Bruno Cereseto (11 e 12 '
                'maggio, da 3 a 8 anni). Per la sezione "Piccole platee", '
                'proposte di teatro per la prima infanzia, in scena tra maggio '
                'e giugno al Teatro Filodrammatici gli spettacoli "Concerto '
                'per piccoli cuori e grandi sogni" di e con Michele Cafaggi '
                'per un pubblico da 0 a 3 anni (14 e 15 maggio), la nuova '
                'produzione di Teatro Gioco Vita di e con Barbara Eforo "Da '
                'cosa nasce cosa?" - quando sbucano fuori nuovi "Racconti '
                'dalla finestra", pubblico da 2 a 6 anni (21 e 22 maggio) e i '
                'classici "Ranocchio" (28 e 29 maggio) e "Circoluna" (4 e 5 '
                'giugno) per i nidi e le scuole dell’infanzia. Per "Salt’in '
                'Banco", com’è consuetudine, non solo spettacoli in cartellone '
                'ma anche percorsi educational che fanno capo al progetto '
                '"InFormazione Teatrale", proposto in collaborazione con '
                'l’Associazione Amici del Teatro Gioco Vita e il sostegno '
                'della Fondazione di Piacenza e Vigevano. I laboratori di '
                'teatro d’ombre, rivolti tutte le fasce di età, vedono il '
                'coordinamento artistico di Nicoletta Garioni e sono curati da '
                'Federica Ferrari. Altri laboratori e spettacoli in forma di '
                'laboratorio per le scuole sono proposti da diversi artisti e '
                'collaboratori di Teatro Gioco Vita, tra cui Nicola Cavallari, '
                'Barbara Eforo, David Remondini, Antonio "Tony" Baladam, Pino '
                'L’Abbadessa. «Ricordiamo anche gli incontri di introduzione '
                'ai linguaggi e agli spazi della scena o collegati alla '
                'visione di spettacoli come pure i percorsi che nascono '
                'intorno a determinati nuclei tematici proposti dagli '
                'spettacoli in cartellone – si legge nel comunicato –. In '
                'alcuni casi sono anche gli artisti ospiti a proporre '
                'iniziative collegate ai loro spettacoli, come ad esempio '
                '"Ritorno alle radici" a cura della compagnia Manni-Ossoli». '
                'Importante il progetto di educazione alla legalità "Con '
                'Libera contro le mafie" in collaborazione con Libera '
                'Piacenza, che coinvolge le scuole secondarie di 1° grado e '
                'superiori, collegato in questa stagione allo spettacolo "Non '
                'è stata la mano di Dio" dedicato alla memoria di Don Peppe '
                'Diana. In collaborazione con Fondazione La Ricerca, il '
                'progetto Teatro, podcast e prevenzione delle dipendenze, '
                'collegato alla visione dello spettacolo fuori rassegna Dal '
                'buco - Musica, racconti, poesie, super 8 e luci strobo di '
                'Masiar Pasquali e I Professori in programma il 20 novembre '
                'alle ore 21 al Teatro Filodrammatici. Con le scuole superiori '
                'Teatro Gioco Vita è inoltre disponibile a concordare progetti '
                'per Pcto Percorsi per le competenze trasversali e '
                'l’orientamento. Anche nel 2025/2026, per integrare il '
                'cartellone di spettacoli e attività educational, "Salt’in '
                'Banco" ha mantenuto alcune proposte da realizzare a scuola: '
                'nelle sedi scolastiche possono essere proposti i "Racconti a '
                'scuola" di Teatro Gioco Vita ("Una zuppa di sasso e un '
                'topolino per amico" con Nicola Cavallari e "Jim Bottone, Maja '
                'e Belinda la pecora" con Barbara Eforo, per le scuole '
                'dell’infanzia). La brochure di "Salt’in Banco" si presenta '
                'quest’anno con una nuova sezione informativa. Sono indicati '
                'percorsi collegati alla visione di spettacoli, denominati '
                'Traiettorie, sorta di "fils rouges" che collegano le proposte '
                'in cartellone, sempre trasversali alle diverse fasce d’età, '
                'con argomenti anche importanti affrontati con modalità e '
                'linguaggi ovviamente diversi per pubblici diversi, e alcuni '
                'titoli proposti in più di un percorso per la molteplicità dei '
                'contenuti sviluppati. Tra le "traiettorie": sostenibilità, '
                'democrazie, equa distribuzione delle risorse; il teatro tra '
                'storia e memoria; teatro e mito tra passato e presente; il '
                'coraggio delle donne; prevenzione del disagio giovanile; '
                'nelle lingua di Shakespeare; teatro, ambiente e natura; '
                'teatro e scienza; teatro civile per le giovani generazioni; '
                'aspettando Natale; che spettacolo la musica!; inclusione e '
                'accettazione delle differenze; teatro, finzione e realtà; '
                'percorsi teatrali per un’educazione ai sentimenti; fiabe, '
                'favole e avventure; teatro e letteratura per ragazzi; la '
                'fatica e la bellezza di crescere. Per tutte le attività di '
                '"Salt’in banco" la prenotazione è obbligatoria e deve '
                'pervenire all’Ufficio Scuola di Teatro Gioco Vita, telefono '
                '0523.315578 - fax 0523.338428; scuola@teatrogiocovita.it . '
                'Per facilitare la partecipazione delle scuole alle '
                'rappresentazioni teatrali, anche in questa stagione è '
                'prevista la riduzione sui biglietti a partire dal secondo '
                'spettacolo che viene visto dalla classe. Confermate le '
                'gratuità per situazioni particolari segnalate dall’insegnante '
                'o dalla scuola.',
 'image_url': '//citynews-ilpiacenza.stgy.ovh/~media/horizontal-mid/19491462003255/a-teatro-con-mamma-e-papa-salt-in-banco-2025-2026.jpg',
 'location_address': None,
 'location_name': 'Location varie',
 'price': 'Prezzo non disponibile',
 'scraped_at': '2026-01-30T14:24:50.664662',
 'time_info': 'Orari vari',
 'title': '"A teatro con mamma e papà" e "Salt’in Banco": tornano le stagioni '
          'di teatro per famiglie e scuole',
 'url': 'https://www.ilpiacenza.it/eventi/a-teatro-con-mamma-e-papa-e-salt-in-banco-tornano-le-stagioni-di-teatro-per-famiglie-e-scuole.html',
 'uuid': '10442d03325d5f36'}
[2026-01-30T14:25:09.161+0000] {docker.py:429} INFO - 2026-01-30 14:25:09 [scrapy.core.engine] DEBUG: Crawled (200) <GET https://www.ilpiacenza.it/eventi/tutti-a-teatro-al-municipale-massimo-ranieri-stefano-nazzi-e-la-compagnia-della-rancia.html> (referer: https://www.ilpiacenza.it/eventi/dal/2026-01-30/al/2026-02-01/)
[2026-01-30T14:25:09.278+0000] {docker.py:429} INFO - 2026-01-30 14:25:09 [scrapy.core.scraper] DEBUG: Scraped from <200 https://www.ilpiacenza.it/eventi/tutti-a-teatro-al-municipale-massimo-ranieri-stefano-nazzi-e-la-compagnia-della-rancia.html>
{'category': 'Teatri',
 'city': 'Piacenza',
 'content_hash': '646eefc7c989f59d',
 'date_end': '2026-05-17',
 'date_start': '2025-11-22',
 'dates': [{'date': '2025-11-22', 'weekday': 'Sabato'},
           {'date': '2025-11-23', 'weekday': 'Domenica'},
           {'date': '2025-11-24', 'weekday': 'Lunedì'},
           {'date': '2025-11-25', 'weekday': 'Martedì'},
           {'date': '2025-11-26', 'weekday': 'Mercoledì'},
           {'date': '2025-11-27', 'weekday': 'Giovedì'},
           {'date': '2025-11-28', 'weekday': 'Venerdì'},
           {'date': '2025-11-29', 'weekday': 'Sabato'},
           {'date': '2025-11-30', 'weekday': 'Domenica'},
           {'date': '2025-12-01', 'weekday': 'Lunedì'},
           {'date': '2025-12-02', 'weekday': 'Martedì'},
           {'date': '2025-12-03', 'weekday': 'Mercoledì'},
           {'date': '2025-12-04', 'weekday': 'Giovedì'},
           {'date': '2025-12-05', 'weekday': 'Venerdì'},
           {'date': '2025-12-06', 'weekday': 'Sabato'},
           {'date': '2025-12-07', 'weekday': 'Domenica'},
           {'date': '2025-12-08', 'weekday': 'Lunedì'},
           {'date': '2025-12-09', 'weekday': 'Martedì'},
           {'date': '2025-12-10', 'weekday': 'Mercoledì'},
           {'date': '2025-12-11', 'weekday': 'Giovedì'},
           {'date': '2025-12-12', 'weekday': 'Venerdì'},
           {'date': '2025-12-13', 'weekday': 'Sabato'},
           {'date': '2025-12-14', 'weekday': 'Domenica'},
           {'date': '2025-12-15', 'weekday': 'Lunedì'},
           {'date': '2025-12-16', 'weekday': 'Martedì'},
           {'date': '2025-12-17', 'weekday': 'Mercoledì'},
           {'date': '2025-12-18', 'weekday': 'Giovedì'},
           {'date': '2025-12-19', 'weekday': 'Venerdì'},
           {'date': '2025-12-20', 'weekday': 'Sabato'},
           {'date': '2025-12-21', 'weekday': 'Domenica'},
           {'date': '2025-12-22', 'weekday': 'Lunedì'},
           {'date': '2025-12-23', 'weekday': 'Martedì'},
           {'date': '2025-12-24', 'weekday': 'Mercoledì'},
           {'date': '2025-12-25', 'weekday': 'Giovedì'},
           {'date': '2025-12-26', 'weekday': 'Venerdì'},
           {'date': '2025-12-27', 'weekday': 'Sabato'},
           {'date': '2025-12-28', 'weekday': 'Domenica'},
           {'date': '2025-12-29', 'weekday': 'Lunedì'},
           {'date': '2025-12-30', 'weekday': 'Martedì'},
           {'date': '2025-12-31', 'weekday': 'Mercoledì'},
           {'date': '2026-01-01', 'weekday': 'Giovedì'},
           {'date': '2026-01-02', 'weekday': 'Venerdì'},
           {'date': '2026-01-03', 'weekday': 'Sabato'},
           {'date': '2026-01-04', 'weekday': 'Domenica'},
           {'date': '2026-01-05', 'weekday': 'Lunedì'},
           {'date': '2026-01-06', 'weekday': 'Martedì'},
           {'date': '2026-01-07', 'weekday': 'Mercoledì'},
           {'date': '2026-01-08', 'weekday': 'Giovedì'},
           {'date': '2026-01-09', 'weekday': 'Venerdì'},
           {'date': '2026-01-10', 'weekday': 'Sabato'},
           {'date': '2026-01-11', 'weekday': 'Domenica'},
           {'date': '2026-01-12', 'weekday': 'Lunedì'},
           {'date': '2026-01-13', 'weekday': 'Martedì'},
           {'date': '2026-01-14', 'weekday': 'Mercoledì'},
           {'date': '2026-01-15', 'weekday': 'Giovedì'},
           {'date': '2026-01-16', 'weekday': 'Venerdì'},
           {'date': '2026-01-17', 'weekday': 'Sabato'},
           {'date': '2026-01-18', 'weekday': 'Domenica'},
           {'date': '2026-01-19', 'weekday': 'Lunedì'},
           {'date': '2026-01-20', 'weekday': 'Martedì'},
           {'date': '2026-01-21', 'weekday': 'Mercoledì'},
           {'date': '2026-01-22', 'weekday': 'Giovedì'},
           {'date': '2026-01-23', 'weekday': 'Venerdì'},
           {'date': '2026-01-24', 'weekday': 'Sabato'},
           {'date': '2026-01-25', 'weekday': 'Domenica'},
           {'date': '2026-01-26', 'weekday': 'Lunedì'},
           {'date': '2026-01-27', 'weekday': 'Martedì'},
           {'date': '2026-01-28', 'weekday': 'Mercoledì'},
           {'date': '2026-01-29', 'weekday': 'Giovedì'},
           {'date': '2026-01-30', 'weekday': 'Venerdì'},
           {'date': '2026-01-31', 'weekday': 'Sabato'},
           {'date': '2026-02-01', 'weekday': 'Domenica'},
           {'date': '2026-02-02', 'weekday': 'Lunedì'},
           {'date': '2026-02-03', 'weekday': 'Martedì'},
           {'date': '2026-02-04', 'weekday': 'Mercoledì'},
           {'date': '2026-02-05', 'weekday': 'Giovedì'},
           {'date': '2026-02-06', 'weekday': 'Venerdì'},
           {'date': '2026-02-07', 'weekday': 'Sabato'},
           {'date': '2026-02-08', 'weekday': 'Domenica'},
           {'date': '2026-02-09', 'weekday': 'Lunedì'},
           {'date': '2026-02-10', 'weekday': 'Martedì'},
           {'date': '2026-02-11', 'weekday': 'Mercoledì'},
           {'date': '2026-02-12', 'weekday': 'Giovedì'},
           {'date': '2026-02-13', 'weekday': 'Venerdì'},
           {'date': '2026-02-14', 'weekday': 'Sabato'},
           {'date': '2026-02-15', 'weekday': 'Domenica'},
           {'date': '2026-02-16', 'weekday': 'Lunedì'},
           {'date': '2026-02-17', 'weekday': 'Martedì'},
           {'date': '2026-02-18', 'weekday': 'Mercoledì'},
           {'date': '2026-02-19', 'weekday': 'Giovedì'},
           {'date': '2026-02-20', 'weekday': 'Venerdì'},
           {'date': '2026-02-21', 'weekday': 'Sabato'},
           {'date': '2026-02-22', 'weekday': 'Domenica'},
           {'date': '2026-02-23', 'weekday': 'Lunedì'},
           {'date': '2026-02-24', 'weekday': 'Martedì'},
           {'date': '2026-02-25', 'weekday': 'Mercoledì'},
           {'date': '2026-02-26', 'weekday': 'Giovedì'},
           {'date': '2026-02-27', 'weekday': 'Venerdì'},
           {'date': '2026-02-28', 'weekday': 'Sabato'},
           {'date': '2026-03-01', 'weekday': 'Domenica'},
           {'date': '2026-03-02', 'weekday': 'Lunedì'},
           {'date': '2026-03-03', 'weekday': 'Martedì'},
           {'date': '2026-03-04', 'weekday': 'Mercoledì'},
           {'date': '2026-03-05', 'weekday': 'Giovedì'},
           {'date': '2026-03-06', 'weekday': 'Venerdì'},
           {'date': '2026-03-07', 'weekday': 'Sabato'},
           {'date': '2026-03-08', 'weekday': 'Domenica'},
           {'date': '2026-03-09', 'weekday': 'Lunedì'},
           {'date': '2026-03-10', 'weekday': 'Martedì'},
           {'date': '2026-03-11', 'weekday': 'Mercoledì'},
           {'date': '2026-03-12', 'weekday': 'Giovedì'},
           {'date': '2026-03-13', 'weekday': 'Venerdì'},
           {'date': '2026-03-14', 'weekday': 'Sabato'},
           {'date': '2026-03-15', 'weekday': 'Domenica'},
           {'date': '2026-03-16', 'weekday': 'Lunedì'},
           {'date': '2026-03-17', 'weekday': 'Martedì'},
           {'date': '2026-03-18', 'weekday': 'Mercoledì'},
           {'date': '2026-03-19', 'weekday': 'Giovedì'},
           {'date': '2026-03-20', 'weekday': 'Venerdì'},
           {'date': '2026-03-21', 'weekday': 'Sabato'},
           {'date': '2026-03-22', 'weekday': 'Domenica'},
           {'date': '2026-03-23', 'weekday': 'Lunedì'},
           {'date': '2026-03-24', 'weekday': 'Martedì'},
           {'date': '2026-03-25', 'weekday': 'Mercoledì'},
           {'date': '2026-03-26', 'weekday': 'Giovedì'},
           {'date': '2026-03-27', 'weekday': 'Venerdì'},
           {'date': '2026-03-28', 'weekday': 'Sabato'},
           {'date': '2026-03-29', 'weekday': 'Domenica'},
           {'date': '2026-03-30', 'weekday': 'Lunedì'},
           {'date': '2026-03-31', 'weekday': 'Martedì'},
           {'date': '2026-04-01', 'weekday': 'Mercoledì'},
           {'date': '2026-04-02', 'weekday': 'Giovedì'},
           {'date': '2026-04-03', 'weekday': 'Venerdì'},
           {'date': '2026-04-04', 'weekday': 'Sabato'},
           {'date': '2026-04-05', 'weekday': 'Domenica'},
           {'date': '2026-04-06', 'weekday': 'Lunedì'},
           {'date': '2026-04-07', 'weekday': 'Martedì'},
           {'date': '2026-04-08', 'weekday': 'Mercoledì'},
           {'date': '2026-04-09', 'weekday': 'Giovedì'},
           {'date': '2026-04-10', 'weekday': 'Venerdì'},
           {'date': '2026-04-11', 'weekday': 'Sabato'},
           {'date': '2026-04-12', 'weekday': 'Domenica'},
           {'date': '2026-04-13', 'weekday': 'Lunedì'},
           {'date': '2026-04-14', 'weekday': 'Martedì'},
           {'date': '2026-04-15', 'weekday': 'Mercoledì'},
           {'date': '2026-04-16', 'weekday': 'Giovedì'},
           {'date': '2026-04-17', 'weekday': 'Venerdì'},
           {'date': '2026-04-18', 'weekday': 'Sabato'},
           {'date': '2026-04-19', 'weekday': 'Domenica'},
           {'date': '2026-04-20', 'weekday': 'Lunedì'},
           {'date': '2026-04-21', 'weekday': 'Martedì'},
           {'date': '2026-04-22', 'weekday': 'Mercoledì'},
           {'date': '2026-04-23', 'weekday': 'Giovedì'},
           {'date': '2026-04-24', 'weekday': 'Venerdì'},
           {'date': '2026-04-25', 'weekday': 'Sabato'},
           {'date': '2026-04-26', 'weekday': 'Domenica'},
           {'date': '2026-04-27', 'weekday': 'Lunedì'},
           {'date': '2026-04-28', 'weekday': 'Martedì'},
           {'date': '2026-04-29', 'weekday': 'Mercoledì'},
           {'date': '2026-04-30', 'weekday': 'Giovedì'},
           {'date': '2026-05-01', 'weekday': 'Venerdì'},
           {'date': '2026-05-02', 'weekday': 'Sabato'},
           {'date': '2026-05-03', 'weekday': 'Domenica'},
           {'date': '2026-05-04', 'weekday': 'Lunedì'},
           {'date': '2026-05-05', 'weekday': 'Martedì'},
           {'date': '2026-05-06', 'weekday': 'Mercoledì'},
           {'date': '2026-05-07', 'weekday': 'Giovedì'},
           {'date': '2026-05-08', 'weekday': 'Venerdì'},
           {'date': '2026-05-09', 'weekday': 'Sabato'},
           {'date': '2026-05-10', 'weekday': 'Domenica'},
           {'date': '2026-05-11', 'weekday': 'Lunedì'},
           {'date': '2026-05-12', 'weekday': 'Martedì'},
           {'date': '2026-05-13', 'weekday': 'Mercoledì'},
           {'date': '2026-05-14', 'weekday': 'Giovedì'},
           {'date': '2026-05-15', 'weekday': 'Venerdì'},
           {'date': '2026-05-16', 'weekday': 'Sabato'},
           {'date': '2026-05-17', 'weekday': 'Domenica'}],
 'description': '"Tutti a Teatro arriva a Piacenza e apre le porte del Teatro '
                'Municipale con una programmazione per tutti. La rassegna è '
                'promossa da Caos Organizzazione Spettacoli, che da quasi '
                'quarant’anni opera nella realizzazione di importanti eventi e '
                'spettacoli dal vivo in Emilia-Romagna, in alcune regioni '
                'limitrofe e non solo, con la direzione artistica di Marcello '
                'Fava. In calendario quattro imperdibili appuntamenti in scena '
                'al Teatro Municipale di Piacenza, che vedranno la presenza di '
                'spettacoli e titoli capaci di emozionare generazioni diverse: '
                'l’artista, cantante e interprete Massimo Ranieri (sabato 22 '
                'novembre), l’attesissimo musical della prossima stagione La '
                'Febbre del Sabato Sera (sabato 21 e domenica 22 febbraio), il '
                'giornalista e scrittore di successo Stefano Nazzi (venerdì 8 '
                'maggio) e il celebre musical Grease (sabato 16 e domenica 17 '
                'maggio). "Tutti a Teatro" sostiene una programmazione per '
                'tutte e per tutti, per la diffusione di una cultura teatrale '
                'sempre più accessibile e aperta. «Il progetto culturale di '
                '"Tutti a Teatro" nasce dalla volontà e dall’ambizione di '
                'avvicinare le nuove generazioni e tutti coloro che si '
                'accostano per la prima volta al teatro, ad un luogo emblema '
                'della cultura musicale, carico di fascino, storia e rilievo '
                'istituzionale come il Teatro Municipale di Piacenza – si '
                'legge nel comunicato –. La rassegna organizza, diversifica e '
                'amplia l’offerta culturale del territorio e pone in evidenza '
                'l’importanza dello spettacolo dal vivo come leva di uno '
                '"sviluppo sostenibile"; soddisfa i bisogni della generazione '
                'attuale senza compromettere la capacità delle generazioni '
                'future di realizzare i propri. In questi tempi difficili '
                'segnati da guerre, conflitti sociali e crisi ambientale, in '
                'un mondo che ci vuole sempre più divisi, "Tutti a Teatro" '
                'sceglie di salvaguardare il valore della molteplicità, '
                'l’importanza della pluralità di entità e identità, il '
                'riconoscimento della diversità che arricchisce l’esperienza '
                'umana e le relazioni, promuovendo solidarietà '
                'intergenerazionale, accettazione e tolleranza. In buona '
                'sostanza una risorsa per creare benessere, coesione e '
                'inclusione, generare valore sociale ed economico per il '
                'territorio. Al centro il Teatro, non solo come sede di '
                'espressioni artistiche ma anche luogo di ritrovo di una '
                'comunità. Contenuti innovativi e linguaggi artistico-musicali '
                'eterogenei, uniti al prestigio della venue, sono gli elementi '
                'chiave che favoriscono il successo della rassegna». Alla '
                'programmazione sopra elencata si aggiungeranno altri '
                'spettacoli in via di definizione da collocare nella primavera '
                '2026 al Teatro Municipale di Piacenza. I biglietti degli '
                'spettacoli sono in vendita alla biglietteria del Teatro '
                'Municipale di Piacenza, tel. 0523-385720 - '
                'biglietteria@teatripiacenza.it e su www.ticketone.it . Il '
                'programma Sabato 22 novembre alle ore 21: Massimo Ranieri in '
                '"Tutti i sogni ancora in volo" Un meraviglioso viaggio nei '
                'grandi Teatri italiani. Spettacolo ideato e scritto da '
                'Edoardo Falcone e Massimo Ranieri. Dopo il successo del '
                'varietà serale "Tutti i sogni Ancora in volo" e dopo la '
                'fiction Mediaset "La voce che hai dentro", torna Massimo '
                'Ranieri in tour con un calendario ricco di appuntamenti '
                'musicali nei teatri più prestigiosi italiani in un’altra '
                'straordinaria avventura tra canto, recitazione, brani '
                'celebri, sketch divertenti e racconti inediti. Tra le tante '
                'canzoni ci sarà anche il brano vincitore del Premio della '
                'Critica a Sanremo 2022, "Lettera di là dal mare". Con un '
                'nuovo allestimento scenografico, il pubblico ascolterà dal '
                'vivo anche bellissimi inediti scritti per Ranieri da alcuni '
                'grandi cantautori italiani tra i quali: Pino Donaggio, Ivano '
                'Fossati, Bruno Lauzi, Giuliano Sangiorgi e molti altri, '
                'canzoni che fanno parte del suo ultimo album, che ha lo '
                'stesso titolo dello spettacolo, che porta la firma della '
                'produzione musicale dell’artista internazionale Gino '
                'Vannelli. Lo spettacolo si veste di una nuova veste '
                'scenografica, con una big band di musicisti formata da '
                'Stefano Proietti al pianoforte, Luca Trolli alla batteria, '
                'Arnaldo Vacca alle percussioni, le chitarre di Andrea '
                'Pistilli e Tony Pujia, al basso Stefano Puglisi, al sax Max '
                'filosi e con le tre cantanti musiciste Cristiana Polegri '
                '(sax), Valentina Pinto (violino) e Giovanna Perna (tastiere). '
                'Anche questa volta ci sarà un Massimo al 100%, che offrirà al '
                'suo pubblico tutto il meglio del suo repertorio più amato e '
                'prestigioso. Biglietti Platea 71,30 euro + diritti di '
                'prevendita Palchi 62,60 euro + diritti di prevendita Galleria '
                'Numerata 53,90 euro + diritti di prevendita I Galleria a '
                'sedere non numerata 46,10 euro + diritti di prevendita II '
                'Galleria a sedere non numerata 46,10 euro + diritti di '
                'prevendita Loggione numerato 38,30 euro + diritti di '
                'prevendita Loggione non numerato 28,70 euro + diritti di '
                'prevendita Sabato 21 e domenica 22 febbraio alle ore 21: '
                'Compagnia della Rancia presenta "La febbre del sabato sera - '
                'Il musical" La "Febbre del Sabato Sera" il musical, prodotto '
                'da Compagnia della Rancia su licenza di Broadway Licensing, è '
                'diretto da Mauro Simone ed è ispirato al film Paramount/RSO '
                'del 1977 e alla storia di Nik Cohn che esplorava le nuove '
                'tendenze della vita notturna e della scena disco, adattato '
                'per il palcoscenico da Robert Stigwood in collaborazione con '
                'Bill Oakes (North American version scritta da Sean Cercone e '
                'David Abbinanti), con la coinvolgente colonna sonora dei Bee '
                'Gees e arrangiamenti e orchestrazioni di David Abbinanti. La '
                'regia di Mauro Simone, che prende spunto dalle inquadrature '
                'immersive del film e dall’indimenticabile piano-sequenza con '
                'un giovanissimo John Travolta, restituisce a teatro '
                'freschezza e attualità alla storia dell’italo-americano Tony '
                'Manero che ha segnato una generazione. Sul palcoscenico, 21 '
                'performer danno vita alle leggendarie hit dei Bee Gees, da '
                'Stayin’ Alive e Night Fever a You should be dancing e How '
                'Deep Is Your Love, successi planetari della disco music ma, '
                'al tempo stesso, simboli della cultura degli anni Settanta, '
                'inni di libertà, coraggio e lotta contro l’emarginazione. Il '
                'testo e le liriche di alcune canzoni sono stati tradotti da '
                'Franco Travaglio, mentre i brani che animano le scene '
                'ambientate alla 2001 Odissey vengono interpretati in inglese. '
                'Con Simone Sassudelli (Tony Manero), Gaia Soprano (Stephanie '
                'Mangano), Jessica Lorusso (Annette), Natascia Fonzetti (Dj '
                'Monty), Alice Grasso (Candy). Biglietti Platea 62,60 euro + '
                'diritti di prevendita Palchi 51,30 euro + diritti di '
                'prevendita Galleria numerata 46,10 euro + diritti di '
                'prevendita I Galleria a sedere non numerata 34,80 euro + '
                'diritti di prevendita II Galleria a sedere non numerata 34,80 '
                'euro + diritti di prevendita Loggione numerato 33 euro + '
                'diritti di prevendita Loggione non numerato 25 euro + diritti '
                'di prevendita Venerdì 8 maggio alle ore 21: Stefano Nazzi in '
                '"Indagini Live 2026 - Un’altra Storia" Stefano Nazzi torna a '
                'teatro nel 2026 con un nuovo caso per "Indagini Live 2026"! '
                'Il suo spettacolo "Indagini Live" torna l’anno prossimo, dopo '
                'lo straordinario successo delle tournée 2024 (con il caso del '
                'Circeo) e 2025 (con Il mostro di Firenze) che '
                'complessivamente hanno raccolto oltre 90mila presenze tra '
                'teatri e rassegne estive. Un nuovo caso, non ancora svelato e '
                'già attesissimo, verrà raccontato sul palco dal giornalista e '
                'scrittore. Negli scorsi appuntamenti dal vivo l’accoglienza '
                'per "Indagini Live" è stata eccezionale, tra gli applausi '
                'scroscianti all’ingresso di Nazzi con l’ormai iconica intro '
                'del podcast e un’atmosfera da fiato sospeso durante la '
                'narrazione. Lo stile narrativo di Nazzi è la sua impronta più '
                'riconoscibile: oggettività, approfondimento, nitore, ricerca '
                'per il racconto: le indagini - appunto - attraverso le '
                'testimonianze, le carte giudiziarie e il racconto dei media. '
                'Stefano Nazzi giornalista, si è sempre occupato di cronaca, '
                'seguendo i casi più conosciuti e di maggiore risonanza, ma '
                'anche vicende meno note. Oggi racconta la cronaca e '
                'l’attualità per "il Post". È ideatore e autore di Indagini, '
                'ai primi posti delle classifiche dei podcast, e di Altre '
                'indagini, sempre per "il Post". Da Mondadori ha pubblicato Il '
                'volto del male (2023), Canti di Guerra. Conflitti, vendette, '
                'amori nella Milano degli anni Settanta (2023) ed è da poco in '
                'libreria (9 settembre) il suo ultimo lavoro Predatori. I '
                "serial killer che hanno segnato l'America, sempre per i tipi "
                'di Mondadori. Nell’estate 2025 è andato in onda in prima '
                'serata su Rai 3 Il caso, condotto da Stefano Nazzi e prodotto '
                'da Ballandi. Biglietti Platea 46,10 euro + diritti di '
                'prevendita Palchi 33,90 euro + diritti di prevendita Galleria '
                'Numerata 31,30 euro + diritti di prevendita I Galleria a '
                'sedere non numerata 30 euro + diritti di prevendita II '
                'Galleria a sedere non numerata 30 euro + diritti di '
                'prevendita Loggione numerato 27,80 euro + diritti di '
                'prevendita Loggione non numerato 25,20 euro + diritti di '
                'prevendita Sabato 16 e domenica 17 maggio alle ore 21 la '
                'Compagnia della Rancia presenta "Grease - il musical" La '
                '"greasemania" è sempre più attuale e Grease, un classico con '
                'lo stile di oggi che si rinnova di anno in anno e continua a '
                'unire le generazioni in una coloratissima festa a teatro, in '
                'tour con un cast tutto nuovo. Grease è una festa travolgente '
                'che accende le platee italiane e ha dato il via alla '
                'musical-mania trasformandosi in un vero e proprio fenomeno di '
                'costume "pop": un cult intergenerazionale che non è mai stato '
                'così attuale, amatissimo anche dalle nuove generazioni, come '
                'dimostra l’incredibile partecipazione alle audizioni indette '
                'da Compagnia della Rancia lo scorso aprile (con più di 650 '
                'candidati) che hanno portato alla formazione di un nuovo cast '
                'di giovani e preparatissimi performer. Saranno loro a dare '
                'vita a personaggi diventati vere e proprie icone '
                'generazionali: un gruppo coinvolgente, capitanato da Danny '
                'Zuko, il leader dei T-Birds, innamorato di Sandy, la ragazza '
                'acqua e sapone come Sandra Dee e Doris Day, che arriva a '
                'Rydell e, per riconquistare Danny dopo un flirt estivo, si '
                'trasforma diventando sexy e irresistibile. Insieme a loro, '
                'l’esplosivo Kenickie, la ribelle e spigolosa Rizzo, i '
                'T-Birds, le Pink Ladies, gli studenti della Rydell High '
                'School, un particolarissimo "angelo" e ovviamente la sua '
                'colonna sonora elettrizzante! Pronti a scatenarvi ancora con '
                'la greasemania? Biglietti Platea 58,30 euro + diritti di '
                'prevendita Palchi 48,70 euro + diritti di prevendita Galleria '
                'numerata 41,30 euro + diritti di prevendita I Galleria a '
                'sedere non numerata 32,20 euro + diritti di prevendita II '
                'Galleria a sedere non numerata 32,20 euro + diritti di '
                'prevendita Loggione numerato 28,70 euro + diritti di '
                'prevendita Loggione non numerato 21,70 euro + diritti di '
                'prevendita',
 'image_url': '//citynews-ilpiacenza.stgy.ovh/~media/horizontal-mid/29936573366102/massimo-ranieri-.jpg',
 'location_address': 'Via Giuseppe Verdi, 41',
 'location_name': 'Teatro Municipale',
 'price': 'Costi variabili',
 'scraped_at': '2026-01-30T14:24:50.664096',
 'time_info': 'Ore 21',
 'title': '"Tutti a Teatro": al Municipale Massimo Ranieri, Stefano Nazzi e la '
          'Compagnia della Rancia',
 'url': 'https://www.ilpiacenza.it/eventi/tutti-a-teatro-al-municipale-massimo-ranieri-stefano-nazzi-e-la-compagnia-della-rancia.html',
 'uuid': 'b94704d727c01d3d'}
[2026-01-30T14:25:10.399+0000] {docker.py:429} INFO - 2026-01-30 14:25:10 [scrapy.core.engine] DEBUG: Crawled (200) <GET https://www.ilpiacenza.it/eventi/capolavori-antichi-e-sculture-contemporanee-a-palazzo-farnese-la-mostra-sibille.html> (referer: https://www.ilpiacenza.it/eventi/dal/2026-01-30/al/2026-02-01/)
[2026-01-30T14:25:10.512+0000] {docker.py:429} INFO - 2026-01-30 14:25:10 [scrapy.core.scraper] DEBUG: Scraped from <200 https://www.ilpiacenza.it/eventi/capolavori-antichi-e-sculture-contemporanee-a-palazzo-farnese-la-mostra-sibille.html>
{'category': 'Mostre',
 'city': 'Piacenza',
 'content_hash': '7a21439961b40d27',
 'date_end': '2026-05-03',
 'date_start': '2025-12-05',
 'dates': [{'date': '2025-12-05', 'weekday': 'Venerdì'},
           {'date': '2025-12-06', 'weekday': 'Sabato'},
           {'date': '2025-12-07', 'weekday': 'Domenica'},
           {'date': '2025-12-08', 'weekday': 'Lunedì'},
           {'date': '2025-12-09', 'weekday': 'Martedì'},
           {'date': '2025-12-10', 'weekday': 'Mercoledì'},
           {'date': '2025-12-11', 'weekday': 'Giovedì'},
           {'date': '2025-12-12', 'weekday': 'Venerdì'},
           {'date': '2025-12-13', 'weekday': 'Sabato'},
           {'date': '2025-12-14', 'weekday': 'Domenica'},
           {'date': '2025-12-15', 'weekday': 'Lunedì'},
           {'date': '2025-12-16', 'weekday': 'Martedì'},
           {'date': '2025-12-17', 'weekday': 'Mercoledì'},
           {'date': '2025-12-18', 'weekday': 'Giovedì'},
           {'date': '2025-12-19', 'weekday': 'Venerdì'},
           {'date': '2025-12-20', 'weekday': 'Sabato'},
           {'date': '2025-12-21', 'weekday': 'Domenica'},
           {'date': '2025-12-22', 'weekday': 'Lunedì'},
           {'date': '2025-12-23', 'weekday': 'Martedì'},
           {'date': '2025-12-24', 'weekday': 'Mercoledì'},
           {'date': '2025-12-25', 'weekday': 'Giovedì'},
           {'date': '2025-12-26', 'weekday': 'Venerdì'},
           {'date': '2025-12-27', 'weekday': 'Sabato'},
           {'date': '2025-12-28', 'weekday': 'Domenica'},
           {'date': '2025-12-29', 'weekday': 'Lunedì'},
           {'date': '2025-12-30', 'weekday': 'Martedì'},
           {'date': '2025-12-31', 'weekday': 'Mercoledì'},
           {'date': '2026-01-01', 'weekday': 'Giovedì'},
           {'date': '2026-01-02', 'weekday': 'Venerdì'},
           {'date': '2026-01-03', 'weekday': 'Sabato'},
           {'date': '2026-01-04', 'weekday': 'Domenica'},
           {'date': '2026-01-05', 'weekday': 'Lunedì'},
           {'date': '2026-01-06', 'weekday': 'Martedì'},
           {'date': '2026-01-07', 'weekday': 'Mercoledì'},
           {'date': '2026-01-08', 'weekday': 'Giovedì'},
           {'date': '2026-01-09', 'weekday': 'Venerdì'},
           {'date': '2026-01-10', 'weekday': 'Sabato'},
           {'date': '2026-01-11', 'weekday': 'Domenica'},
           {'date': '2026-01-12', 'weekday': 'Lunedì'},
           {'date': '2026-01-13', 'weekday': 'Martedì'},
           {'date': '2026-01-14', 'weekday': 'Mercoledì'},
           {'date': '2026-01-15', 'weekday': 'Giovedì'},
           {'date': '2026-01-16', 'weekday': 'Venerdì'},
           {'date': '2026-01-17', 'weekday': 'Sabato'},
           {'date': '2026-01-18', 'weekday': 'Domenica'},
           {'date': '2026-01-19', 'weekday': 'Lunedì'},
           {'date': '2026-01-20', 'weekday': 'Martedì'},
           {'date': '2026-01-21', 'weekday': 'Mercoledì'},
           {'date': '2026-01-22', 'weekday': 'Giovedì'},
           {'date': '2026-01-23', 'weekday': 'Venerdì'},
           {'date': '2026-01-24', 'weekday': 'Sabato'},
           {'date': '2026-01-25', 'weekday': 'Domenica'},
           {'date': '2026-01-26', 'weekday': 'Lunedì'},
           {'date': '2026-01-27', 'weekday': 'Martedì'},
           {'date': '2026-01-28', 'weekday': 'Mercoledì'},
           {'date': '2026-01-29', 'weekday': 'Giovedì'},
           {'date': '2026-01-30', 'weekday': 'Venerdì'},
           {'date': '2026-01-31', 'weekday': 'Sabato'},
           {'date': '2026-02-01', 'weekday': 'Domenica'},
           {'date': '2026-02-02', 'weekday': 'Lunedì'},
           {'date': '2026-02-03', 'weekday': 'Martedì'},
           {'date': '2026-02-04', 'weekday': 'Mercoledì'},
           {'date': '2026-02-05', 'weekday': 'Giovedì'},
           {'date': '2026-02-06', 'weekday': 'Venerdì'},
           {'date': '2026-02-07', 'weekday': 'Sabato'},
           {'date': '2026-02-08', 'weekday': 'Domenica'},
           {'date': '2026-02-09', 'weekday': 'Lunedì'},
           {'date': '2026-02-10', 'weekday': 'Martedì'},
           {'date': '2026-02-11', 'weekday': 'Mercoledì'},
           {'date': '2026-02-12', 'weekday': 'Giovedì'},
           {'date': '2026-02-13', 'weekday': 'Venerdì'},
           {'date': '2026-02-14', 'weekday': 'Sabato'},
           {'date': '2026-02-15', 'weekday': 'Domenica'},
           {'date': '2026-02-16', 'weekday': 'Lunedì'},
           {'date': '2026-02-17', 'weekday': 'Martedì'},
           {'date': '2026-02-18', 'weekday': 'Mercoledì'},
           {'date': '2026-02-19', 'weekday': 'Giovedì'},
           {'date': '2026-02-20', 'weekday': 'Venerdì'},
           {'date': '2026-02-21', 'weekday': 'Sabato'},
           {'date': '2026-02-22', 'weekday': 'Domenica'},
           {'date': '2026-02-23', 'weekday': 'Lunedì'},
           {'date': '2026-02-24', 'weekday': 'Martedì'},
           {'date': '2026-02-25', 'weekday': 'Mercoledì'},
           {'date': '2026-02-26', 'weekday': 'Giovedì'},
           {'date': '2026-02-27', 'weekday': 'Venerdì'},
           {'date': '2026-02-28', 'weekday': 'Sabato'},
           {'date': '2026-03-01', 'weekday': 'Domenica'},
           {'date': '2026-03-02', 'weekday': 'Lunedì'},
           {'date': '2026-03-03', 'weekday': 'Martedì'},
           {'date': '2026-03-04', 'weekday': 'Mercoledì'},
           {'date': '2026-03-05', 'weekday': 'Giovedì'},
           {'date': '2026-03-06', 'weekday': 'Venerdì'},
           {'date': '2026-03-07', 'weekday': 'Sabato'},
           {'date': '2026-03-08', 'weekday': 'Domenica'},
           {'date': '2026-03-09', 'weekday': 'Lunedì'},
           {'date': '2026-03-10', 'weekday': 'Martedì'},
           {'date': '2026-03-11', 'weekday': 'Mercoledì'},
           {'date': '2026-03-12', 'weekday': 'Giovedì'},
           {'date': '2026-03-13', 'weekday': 'Venerdì'},
           {'date': '2026-03-14', 'weekday': 'Sabato'},
           {'date': '2026-03-15', 'weekday': 'Domenica'},
           {'date': '2026-03-16', 'weekday': 'Lunedì'},
           {'date': '2026-03-17', 'weekday': 'Martedì'},
           {'date': '2026-03-18', 'weekday': 'Mercoledì'},
           {'date': '2026-03-19', 'weekday': 'Giovedì'},
           {'date': '2026-03-20', 'weekday': 'Venerdì'},
           {'date': '2026-03-21', 'weekday': 'Sabato'},
           {'date': '2026-03-22', 'weekday': 'Domenica'},
           {'date': '2026-03-23', 'weekday': 'Lunedì'},
           {'date': '2026-03-24', 'weekday': 'Martedì'},
           {'date': '2026-03-25', 'weekday': 'Mercoledì'},
           {'date': '2026-03-26', 'weekday': 'Giovedì'},
           {'date': '2026-03-27', 'weekday': 'Venerdì'},
           {'date': '2026-03-28', 'weekday': 'Sabato'},
           {'date': '2026-03-29', 'weekday': 'Domenica'},
           {'date': '2026-03-30', 'weekday': 'Lunedì'},
           {'date': '2026-03-31', 'weekday': 'Martedì'},
           {'date': '2026-04-01', 'weekday': 'Mercoledì'},
           {'date': '2026-04-02', 'weekday': 'Giovedì'},
           {'date': '2026-04-03', 'weekday': 'Venerdì'},
           {'date': '2026-04-04', 'weekday': 'Sabato'},
           {'date': '2026-04-05', 'weekday': 'Domenica'},
           {'date': '2026-04-06', 'weekday': 'Lunedì'},
           {'date': '2026-04-07', 'weekday': 'Martedì'},
           {'date': '2026-04-08', 'weekday': 'Mercoledì'},
           {'date': '2026-04-09', 'weekday': 'Giovedì'},
           {'date': '2026-04-10', 'weekday': 'Venerdì'},
           {'date': '2026-04-11', 'weekday': 'Sabato'},
           {'date': '2026-04-12', 'weekday': 'Domenica'},
           {'date': '2026-04-13', 'weekday': 'Lunedì'},
           {'date': '2026-04-14', 'weekday': 'Martedì'},
           {'date': '2026-04-15', 'weekday': 'Mercoledì'},
           {'date': '2026-04-16', 'weekday': 'Giovedì'},
           {'date': '2026-04-17', 'weekday': 'Venerdì'},
           {'date': '2026-04-18', 'weekday': 'Sabato'},
           {'date': '2026-04-19', 'weekday': 'Domenica'},
           {'date': '2026-04-20', 'weekday': 'Lunedì'},
           {'date': '2026-04-21', 'weekday': 'Martedì'},
           {'date': '2026-04-22', 'weekday': 'Mercoledì'},
           {'date': '2026-04-23', 'weekday': 'Giovedì'},
           {'date': '2026-04-24', 'weekday': 'Venerdì'},
           {'date': '2026-04-25', 'weekday': 'Sabato'},
           {'date': '2026-04-26', 'weekday': 'Domenica'},
           {'date': '2026-04-27', 'weekday': 'Lunedì'},
           {'date': '2026-04-28', 'weekday': 'Martedì'},
           {'date': '2026-04-29', 'weekday': 'Mercoledì'},
           {'date': '2026-04-30', 'weekday': 'Giovedì'},
           {'date': '2026-05-01', 'weekday': 'Venerdì'},
           {'date': '2026-05-02', 'weekday': 'Sabato'},
           {'date': '2026-05-03', 'weekday': 'Domenica'}],
 'description': 'Palazzo Farnese a Piacenza presenta da venerdì 5 dicembre '
                '2025 al 3 maggio 2026 la mostra "Sibille. Voci oltre il '
                'tempo, oltre la pietra", a cura di Antonio Iommelli, '
                'direttore dei Musei civici di Palazzo Farnese. '
                "Un'affascinante e complessa esplorazione della figura "
                'profetica femminile delle Sibille, concepita per valorizzare '
                "il loro ruolo nella storia dell'arte e per sottolineare il "
                'loro legame indissolubile con il patrimonio artistico della '
                'città. In prestito dalla Galleria Borghese di Roma arriva '
                "l'opera La Sibilla cumana di Domenico Zampieri, detto il "
                'Domenichino, capolavoro del Seicento che incarna '
                "l'interpretazione classica e vibrante della profetessa, che "
                'sarà il cuore dell’allestimento e fulcro di un dialogo '
                'temporale "serrato" con la contemporaneità, grazie alla '
                "presenza di otto sculture sibilline dell'artista piacentino "
                'Christian Zucconi. Il progetto nasce dalla volontà di '
                "evidenziare l'importanza delle Sibille nel contesto "
                'piacentino, in particolare in riferimento al ciclo pittorico '
                'di Giovan Francesco Barbieri, detto il Guercino. Tra il 1626 '
                'e il 1627, il Guercino lasciò infatti una testimonianza '
                'fondamentale nella Cattedrale di Piacenza, dove affrescò il '
                'ciclo dei Profeti inserendo coppie di Sibille nelle lunette '
                "del tamburo. Quest'atto, che completava l'opera iniziata da "
                'Pier Francesco Mazzucchelli, detto il Morazzone, testimoniava '
                'la rilevanza paritaria di queste figure profetiche nella '
                "cultura dell'epoca, rendendo Piacenza un luogo naturale per "
                "ospitare un'esposizione dedicata a questo tema. Le Sibille, "
                'infatti, compaiono anche in altri due luoghi simbolo della '
                'città: nella cupola cinquecentesca di Santa Maria di '
                "Campagna, affrescata da Giovanni Antonio de' Sacchis, detto "
                'il Pordenone, e nella basilica di San Francesco, dove Giova '
                'Battista Trotti, detto il Malosso, le inserì a coronamento '
                'della sua Incoronazione e Genealogia della Vergine Maria. La '
                'giustapposizione tra la pittura seicentesca e le opere '
                'scultoree moderne mira a creare un nesso temporale che '
                "rafforza il senso di continuità, la fisicità e l'attualità "
                'del mito sibillino, sia nella produzione artistica locale che '
                'in quella universale. Al centro dell’esposizione la Sibilla '
                'cumana del Domenichino del 1617, data attestata da una '
                'ricevuta di pagamento da parte di Scipione Borghese che, si '
                "ipotizza, possa aver in qualche modo suggerito l'iconografia. "
                'La Sibilla è ritratta con un turbante e alle sue spalle una '
                'viola da gamba. Il suo bel volto rivela chiari contatti con '
                'la scuola bolognese, mostrando lo sguardo tipico delle '
                'protagoniste di Guido Reni. Alle sue spalle, il paesaggio '
                'rivela precisi riferimenti simbolici, come l’alloro, albero '
                'sacro ad Apollo protettore delle arti, e la vite, che rimanda '
                "a Bacco, dio del vino e dell'ispirazione poetica, ma anche a "
                'Cristo la cui venuta fu preannunciata da una sibilla secondo '
                "l'interpretazione di Virgilio. L’accostamento con le sculture "
                'sibilline di Christian Zucconi, classe 1978, realizzate in '
                'travertino rosso persiano e ferro, non sono semplici '
                "accompagnamenti, ma rappresentano l'attualizzazione del mito "
                'attraverso un linguaggio scultoreo che ne esplora la '
                'dimensione psicologica e simbolica. Zucconi infatti ha curato '
                'interamente l’installazione, occupandosi della progettazione, '
                'dell’allestimento, delle luci e dell’opera sonora Versi '
                'sibillini con parole, composizione e musica dello stesso '
                'Christian Zucconi, voce e rumori di Greta di Lorenzo e '
                'percussioni di Gian Luca Capelli. Una traccia audio che guida '
                'il visitatore in una circolare ripetizione di eventi e suoni, '
                'un continuo susseguirsi di significati che estende il tema '
                'della profezia e del tempo al di là del visivo, completando '
                'il dialogo tra scultura, mito e modernità. Tutte queste '
                'opere, unite, offrono un percorso che partendo da Piacenza e '
                'passando attraverso il Pordenone, il Malosso, il Guercino e '
                'il Domenichino, approda fino alla scultura e al suono '
                'contemporaneo di Zucconi, dimostrando la vitalità e la '
                'risonanza del mito sibillino come archetipo profetico '
                'universale che risuona attraverso i secoli. La mostra è '
                'accompagnata da un testo critico che esplora il tema delle '
                'sibille dal mondo antico fino alla prima metà del Seicento. '
                'Dal titolo Sibille: mito, iconografia e visione profetica, di '
                'Antonio Iommelli, è edito da Nomos Edizioni e sarà presentato '
                'a febbraio 2026. Orari Martedì, mercoledì, giovedì e venerdì: '
                'dalle ore 10 alle 13 e dalle ore 15 alle 18; Sabato, domenica '
                'e festivi: dalle ore 10 alle 18; Lunedì chiuso; Festività : 8 '
                'dicembre 2025: dalle ore 10 alle 18; 24 dicembre 2025: dalle '
                'ore 10 alle 13; 25 dicembre 2025: chiuso; 26 dicembre 2025: '
                'dalle ore 10 alle 18; 31 dicembre 2025: dalle ore 10 alle 13; '
                '1° gennaio 2025: dalle ore 15 alle 18; 6 gennaio 2026: dalle '
                'ore 10 alle 18; 5 aprile 2026: dalle ore 10 alle 18; 6 '
                'aprile: 2026: dalle ore 10 alle 18; 1° maggio 2026: dalle ore '
                '10 alle 18. Biglietti Intero: 10 euro; Ridotto: 7 euro; '
                'Scuole - giovani (6-25 anni): 4 euro. Per l’elenco completo '
                'delle categorie aventi diritto al biglietto d’ingresso '
                'ridotto o gratuito, si prega di rivolgersi alla biglietteria. '
                'Info tel. 0523 492658 - 2659 mail '
                'info.farnese@comune.piacenza.it',
 'image_url': '//citynews-ilpiacenza.stgy.ovh/~media/horizontal-mid/38867130860101/sibille.jpg',
 'location_address': 'Piazza della Cittadella, 29',
 'location_name': 'Palazzo Farnese',
 'price': 'Intero: 10 euro; Ridotto: 7 euro; Scuole - giovani (6-25 anni): 4 '
          'euro.',
 'schedule': 'Martedì, mercoledì, giovedì e venerdì: dalle ore 10 alle 13 e '
             'dalle ore 15 alle 18; Sabato, domenica e festivi: dalle ore 10 '
             'alle 18; Lunedì chiuso.',
 'scraped_at': '2026-01-30T14:24:50.663662',
 'title': 'Capolavori antichi e sculture contemporanee: a Palazzo Farnese la '
          'mostra "Sibille"',
 'url': 'https://www.ilpiacenza.it/eventi/capolavori-antichi-e-sculture-contemporanee-a-palazzo-farnese-la-mostra-sibille.html',
 'uuid': 'dec2fca3723b0826',
 'website': 'https://www.palazzofarnese.piacenza.it/it',
 'weekdays': 'Lunedì, Martedì, Mercoledì, Giovedì, Venerdì, Sabato, Domenica'}
[2026-01-30T14:25:11.580+0000] {docker.py:429} INFO - 2026-01-30 14:25:11 [scrapy.core.engine] DEBUG: Crawled (200) <GET https://www.ilpiacenza.it/eventi/mindfulness-per-tutti-al-via-i-nuovi-corsi-a-piacenza-e-san-nicolo.html> (referer: https://www.ilpiacenza.it/eventi/dal/2026-01-30/al/2026-02-01/)
[2026-01-30T14:25:11.694+0000] {docker.py:429} INFO - 2026-01-30 14:25:11 [scrapy.core.scraper] DEBUG: Scraped from <200 https://www.ilpiacenza.it/eventi/mindfulness-per-tutti-al-via-i-nuovi-corsi-a-piacenza-e-san-nicolo.html>
{'category': 'Corsi',
 'city': 'Piacenza',
 'content_hash': '28471b9abe1cb56d',
 'date_end': '2026-06-24',
 'date_start': '2025-09-16',
 'dates': [{'date': '2025-09-16', 'weekday': 'Martedì'},
           {'date': '2025-09-17', 'weekday': 'Mercoledì'},
           {'date': '2025-09-18', 'weekday': 'Giovedì'},
           {'date': '2025-09-19', 'weekday': 'Venerdì'},
           {'date': '2025-09-20', 'weekday': 'Sabato'},
           {'date': '2025-09-21', 'weekday': 'Domenica'},
           {'date': '2025-09-22', 'weekday': 'Lunedì'},
           {'date': '2025-09-23', 'weekday': 'Martedì'},
           {'date': '2025-09-24', 'weekday': 'Mercoledì'},
           {'date': '2025-09-25', 'weekday': 'Giovedì'},
           {'date': '2025-09-26', 'weekday': 'Venerdì'},
           {'date': '2025-09-27', 'weekday': 'Sabato'},
           {'date': '2025-09-28', 'weekday': 'Domenica'},
           {'date': '2025-09-29', 'weekday': 'Lunedì'},
           {'date': '2025-09-30', 'weekday': 'Martedì'},
           {'date': '2025-10-01', 'weekday': 'Mercoledì'},
           {'date': '2025-10-02', 'weekday': 'Giovedì'},
           {'date': '2025-10-03', 'weekday': 'Venerdì'},
           {'date': '2025-10-04', 'weekday': 'Sabato'},
           {'date': '2025-10-05', 'weekday': 'Domenica'},
           {'date': '2025-10-06', 'weekday': 'Lunedì'},
           {'date': '2025-10-07', 'weekday': 'Martedì'},
           {'date': '2025-10-08', 'weekday': 'Mercoledì'},
           {'date': '2025-10-09', 'weekday': 'Giovedì'},
           {'date': '2025-10-10', 'weekday': 'Venerdì'},
           {'date': '2025-10-11', 'weekday': 'Sabato'},
           {'date': '2025-10-12', 'weekday': 'Domenica'},
           {'date': '2025-10-13', 'weekday': 'Lunedì'},
           {'date': '2025-10-14', 'weekday': 'Martedì'},
           {'date': '2025-10-15', 'weekday': 'Mercoledì'},
           {'date': '2025-10-16', 'weekday': 'Giovedì'},
           {'date': '2025-10-17', 'weekday': 'Venerdì'},
           {'date': '2025-10-18', 'weekday': 'Sabato'},
           {'date': '2025-10-19', 'weekday': 'Domenica'},
           {'date': '2025-10-20', 'weekday': 'Lunedì'},
           {'date': '2025-10-21', 'weekday': 'Martedì'},
           {'date': '2025-10-22', 'weekday': 'Mercoledì'},
           {'date': '2025-10-23', 'weekday': 'Giovedì'},
           {'date': '2025-10-24', 'weekday': 'Venerdì'},
           {'date': '2025-10-25', 'weekday': 'Sabato'},
           {'date': '2025-10-26', 'weekday': 'Domenica'},
           {'date': '2025-10-27', 'weekday': 'Lunedì'},
           {'date': '2025-10-28', 'weekday': 'Martedì'},
           {'date': '2025-10-29', 'weekday': 'Mercoledì'},
           {'date': '2025-10-30', 'weekday': 'Giovedì'},
           {'date': '2025-10-31', 'weekday': 'Venerdì'},
           {'date': '2025-11-01', 'weekday': 'Sabato'},
           {'date': '2025-11-02', 'weekday': 'Domenica'},
           {'date': '2025-11-03', 'weekday': 'Lunedì'},
           {'date': '2025-11-04', 'weekday': 'Martedì'},
           {'date': '2025-11-05', 'weekday': 'Mercoledì'},
           {'date': '2025-11-06', 'weekday': 'Giovedì'},
           {'date': '2025-11-07', 'weekday': 'Venerdì'},
           {'date': '2025-11-08', 'weekday': 'Sabato'},
           {'date': '2025-11-09', 'weekday': 'Domenica'},
           {'date': '2025-11-10', 'weekday': 'Lunedì'},
           {'date': '2025-11-11', 'weekday': 'Martedì'},
           {'date': '2025-11-12', 'weekday': 'Mercoledì'},
           {'date': '2025-11-13', 'weekday': 'Giovedì'},
           {'date': '2025-11-14', 'weekday': 'Venerdì'},
           {'date': '2025-11-15', 'weekday': 'Sabato'},
           {'date': '2025-11-16', 'weekday': 'Domenica'},
           {'date': '2025-11-17', 'weekday': 'Lunedì'},
           {'date': '2025-11-18', 'weekday': 'Martedì'},
           {'date': '2025-11-19', 'weekday': 'Mercoledì'},
           {'date': '2025-11-20', 'weekday': 'Giovedì'},
           {'date': '2025-11-21', 'weekday': 'Venerdì'},
           {'date': '2025-11-22', 'weekday': 'Sabato'},
           {'date': '2025-11-23', 'weekday': 'Domenica'},
           {'date': '2025-11-24', 'weekday': 'Lunedì'},
           {'date': '2025-11-25', 'weekday': 'Martedì'},
           {'date': '2025-11-26', 'weekday': 'Mercoledì'},
           {'date': '2025-11-27', 'weekday': 'Giovedì'},
           {'date': '2025-11-28', 'weekday': 'Venerdì'},
           {'date': '2025-11-29', 'weekday': 'Sabato'},
           {'date': '2025-11-30', 'weekday': 'Domenica'},
           {'date': '2025-12-01', 'weekday': 'Lunedì'},
           {'date': '2025-12-02', 'weekday': 'Martedì'},
           {'date': '2025-12-03', 'weekday': 'Mercoledì'},
           {'date': '2025-12-04', 'weekday': 'Giovedì'},
           {'date': '2025-12-05', 'weekday': 'Venerdì'},
           {'date': '2025-12-06', 'weekday': 'Sabato'},
           {'date': '2025-12-07', 'weekday': 'Domenica'},
           {'date': '2025-12-08', 'weekday': 'Lunedì'},
           {'date': '2025-12-09', 'weekday': 'Martedì'},
           {'date': '2025-12-10', 'weekday': 'Mercoledì'},
           {'date': '2025-12-11', 'weekday': 'Giovedì'},
           {'date': '2025-12-12', 'weekday': 'Venerdì'},
           {'date': '2025-12-13', 'weekday': 'Sabato'},
           {'date': '2025-12-14', 'weekday': 'Domenica'},
           {'date': '2025-12-15', 'weekday': 'Lunedì'},
           {'date': '2025-12-16', 'weekday': 'Martedì'},
           {'date': '2025-12-17', 'weekday': 'Mercoledì'},
           {'date': '2025-12-18', 'weekday': 'Giovedì'},
           {'date': '2025-12-19', 'weekday': 'Venerdì'},
           {'date': '2025-12-20', 'weekday': 'Sabato'},
           {'date': '2025-12-21', 'weekday': 'Domenica'},
           {'date': '2025-12-22', 'weekday': 'Lunedì'},
           {'date': '2025-12-23', 'weekday': 'Martedì'},
           {'date': '2025-12-24', 'weekday': 'Mercoledì'},
           {'date': '2025-12-25', 'weekday': 'Giovedì'},
           {'date': '2025-12-26', 'weekday': 'Venerdì'},
           {'date': '2025-12-27', 'weekday': 'Sabato'},
           {'date': '2025-12-28', 'weekday': 'Domenica'},
           {'date': '2025-12-29', 'weekday': 'Lunedì'},
           {'date': '2025-12-30', 'weekday': 'Martedì'},
           {'date': '2025-12-31', 'weekday': 'Mercoledì'},
           {'date': '2026-01-01', 'weekday': 'Giovedì'},
           {'date': '2026-01-02', 'weekday': 'Venerdì'},
           {'date': '2026-01-03', 'weekday': 'Sabato'},
           {'date': '2026-01-04', 'weekday': 'Domenica'},
           {'date': '2026-01-05', 'weekday': 'Lunedì'},
           {'date': '2026-01-06', 'weekday': 'Martedì'},
           {'date': '2026-01-07', 'weekday': 'Mercoledì'},
           {'date': '2026-01-08', 'weekday': 'Giovedì'},
           {'date': '2026-01-09', 'weekday': 'Venerdì'},
           {'date': '2026-01-10', 'weekday': 'Sabato'},
           {'date': '2026-01-11', 'weekday': 'Domenica'},
           {'date': '2026-01-12', 'weekday': 'Lunedì'},
           {'date': '2026-01-13', 'weekday': 'Martedì'},
           {'date': '2026-01-14', 'weekday': 'Mercoledì'},
           {'date': '2026-01-15', 'weekday': 'Giovedì'},
           {'date': '2026-01-16', 'weekday': 'Venerdì'},
           {'date': '2026-01-17', 'weekday': 'Sabato'},
           {'date': '2026-01-18', 'weekday': 'Domenica'},
           {'date': '2026-01-19', 'weekday': 'Lunedì'},
           {'date': '2026-01-20', 'weekday': 'Martedì'},
           {'date': '2026-01-21', 'weekday': 'Mercoledì'},
           {'date': '2026-01-22', 'weekday': 'Giovedì'},
           {'date': '2026-01-23', 'weekday': 'Venerdì'},
           {'date': '2026-01-24', 'weekday': 'Sabato'},
           {'date': '2026-01-25', 'weekday': 'Domenica'},
           {'date': '2026-01-26', 'weekday': 'Lunedì'},
           {'date': '2026-01-27', 'weekday': 'Martedì'},
           {'date': '2026-01-28', 'weekday': 'Mercoledì'},
           {'date': '2026-01-29', 'weekday': 'Giovedì'},
           {'date': '2026-01-30', 'weekday': 'Venerdì'},
           {'date': '2026-01-31', 'weekday': 'Sabato'},
           {'date': '2026-02-01', 'weekday': 'Domenica'},
           {'date': '2026-02-02', 'weekday': 'Lunedì'},
           {'date': '2026-02-03', 'weekday': 'Martedì'},
           {'date': '2026-02-04', 'weekday': 'Mercoledì'},
           {'date': '2026-02-05', 'weekday': 'Giovedì'},
           {'date': '2026-02-06', 'weekday': 'Venerdì'},
           {'date': '2026-02-07', 'weekday': 'Sabato'},
           {'date': '2026-02-08', 'weekday': 'Domenica'},
           {'date': '2026-02-09', 'weekday': 'Lunedì'},
           {'date': '2026-02-10', 'weekday': 'Martedì'},
           {'date': '2026-02-11', 'weekday': 'Mercoledì'},
           {'date': '2026-02-12', 'weekday': 'Giovedì'},
           {'date': '2026-02-13', 'weekday': 'Venerdì'},
           {'date': '2026-02-14', 'weekday': 'Sabato'},
           {'date': '2026-02-15', 'weekday': 'Domenica'},
           {'date': '2026-02-16', 'weekday': 'Lunedì'},
           {'date': '2026-02-17', 'weekday': 'Martedì'},
           {'date': '2026-02-18', 'weekday': 'Mercoledì'},
           {'date': '2026-02-19', 'weekday': 'Giovedì'},
           {'date': '2026-02-20', 'weekday': 'Venerdì'},
           {'date': '2026-02-21', 'weekday': 'Sabato'},
           {'date': '2026-02-22', 'weekday': 'Domenica'},
           {'date': '2026-02-23', 'weekday': 'Lunedì'},
           {'date': '2026-02-24', 'weekday': 'Martedì'},
           {'date': '2026-02-25', 'weekday': 'Mercoledì'},
           {'date': '2026-02-26', 'weekday': 'Giovedì'},
           {'date': '2026-02-27', 'weekday': 'Venerdì'},
           {'date': '2026-02-28', 'weekday': 'Sabato'},
           {'date': '2026-03-01', 'weekday': 'Domenica'},
           {'date': '2026-03-02', 'weekday': 'Lunedì'},
           {'date': '2026-03-03', 'weekday': 'Martedì'},
           {'date': '2026-03-04', 'weekday': 'Mercoledì'},
           {'date': '2026-03-05', 'weekday': 'Giovedì'},
           {'date': '2026-03-06', 'weekday': 'Venerdì'},
           {'date': '2026-03-07', 'weekday': 'Sabato'},
           {'date': '2026-03-08', 'weekday': 'Domenica'},
           {'date': '2026-03-09', 'weekday': 'Lunedì'},
           {'date': '2026-03-10', 'weekday': 'Martedì'},
           {'date': '2026-03-11', 'weekday': 'Mercoledì'},
           {'date': '2026-03-12', 'weekday': 'Giovedì'},
           {'date': '2026-03-13', 'weekday': 'Venerdì'},
           {'date': '2026-03-14', 'weekday': 'Sabato'},
           {'date': '2026-03-15', 'weekday': 'Domenica'},
           {'date': '2026-03-16', 'weekday': 'Lunedì'},
           {'date': '2026-03-17', 'weekday': 'Martedì'},
           {'date': '2026-03-18', 'weekday': 'Mercoledì'},
           {'date': '2026-03-19', 'weekday': 'Giovedì'},
           {'date': '2026-03-20', 'weekday': 'Venerdì'},
           {'date': '2026-03-21', 'weekday': 'Sabato'},
           {'date': '2026-03-22', 'weekday': 'Domenica'},
           {'date': '2026-03-23', 'weekday': 'Lunedì'},
           {'date': '2026-03-24', 'weekday': 'Martedì'},
           {'date': '2026-03-25', 'weekday': 'Mercoledì'},
           {'date': '2026-03-26', 'weekday': 'Giovedì'},
           {'date': '2026-03-27', 'weekday': 'Venerdì'},
           {'date': '2026-03-28', 'weekday': 'Sabato'},
           {'date': '2026-03-29', 'weekday': 'Domenica'},
           {'date': '2026-03-30', 'weekday': 'Lunedì'},
           {'date': '2026-03-31', 'weekday': 'Martedì'},
           {'date': '2026-04-01', 'weekday': 'Mercoledì'},
           {'date': '2026-04-02', 'weekday': 'Giovedì'},
           {'date': '2026-04-03', 'weekday': 'Venerdì'},
           {'date': '2026-04-04', 'weekday': 'Sabato'},
           {'date': '2026-04-05', 'weekday': 'Domenica'},
           {'date': '2026-04-06', 'weekday': 'Lunedì'},
           {'date': '2026-04-07', 'weekday': 'Martedì'},
           {'date': '2026-04-08', 'weekday': 'Mercoledì'},
           {'date': '2026-04-09', 'weekday': 'Giovedì'},
           {'date': '2026-04-10', 'weekday': 'Venerdì'},
           {'date': '2026-04-11', 'weekday': 'Sabato'},
           {'date': '2026-04-12', 'weekday': 'Domenica'},
           {'date': '2026-04-13', 'weekday': 'Lunedì'},
           {'date': '2026-04-14', 'weekday': 'Martedì'},
           {'date': '2026-04-15', 'weekday': 'Mercoledì'},
           {'date': '2026-04-16', 'weekday': 'Giovedì'},
           {'date': '2026-04-17', 'weekday': 'Venerdì'},
           {'date': '2026-04-18', 'weekday': 'Sabato'},
           {'date': '2026-04-19', 'weekday': 'Domenica'},
           {'date': '2026-04-20', 'weekday': 'Lunedì'},
           {'date': '2026-04-21', 'weekday': 'Martedì'},
           {'date': '2026-04-22', 'weekday': 'Mercoledì'},
           {'date': '2026-04-23', 'weekday': 'Giovedì'},
           {'date': '2026-04-24', 'weekday': 'Venerdì'},
           {'date': '2026-04-25', 'weekday': 'Sabato'},
           {'date': '2026-04-26', 'weekday': 'Domenica'},
           {'date': '2026-04-27', 'weekday': 'Lunedì'},
           {'date': '2026-04-28', 'weekday': 'Martedì'},
           {'date': '2026-04-29', 'weekday': 'Mercoledì'},
           {'date': '2026-04-30', 'weekday': 'Giovedì'},
           {'date': '2026-05-01', 'weekday': 'Venerdì'},
           {'date': '2026-05-02', 'weekday': 'Sabato'},
           {'date': '2026-05-03', 'weekday': 'Domenica'},
           {'date': '2026-05-04', 'weekday': 'Lunedì'},
           {'date': '2026-05-05', 'weekday': 'Martedì'},
           {'date': '2026-05-06', 'weekday': 'Mercoledì'},
           {'date': '2026-05-07', 'weekday': 'Giovedì'},
           {'date': '2026-05-08', 'weekday': 'Venerdì'},
           {'date': '2026-05-09', 'weekday': 'Sabato'},
           {'date': '2026-05-10', 'weekday': 'Domenica'},
           {'date': '2026-05-11', 'weekday': 'Lunedì'},
           {'date': '2026-05-12', 'weekday': 'Martedì'},
           {'date': '2026-05-13', 'weekday': 'Mercoledì'},
           {'date': '2026-05-14', 'weekday': 'Giovedì'},
           {'date': '2026-05-15', 'weekday': 'Venerdì'},
           {'date': '2026-05-16', 'weekday': 'Sabato'},
           {'date': '2026-05-17', 'weekday': 'Domenica'},
           {'date': '2026-05-18', 'weekday': 'Lunedì'},
           {'date': '2026-05-19', 'weekday': 'Martedì'},
           {'date': '2026-05-20', 'weekday': 'Mercoledì'},
           {'date': '2026-05-21', 'weekday': 'Giovedì'},
           {'date': '2026-05-22', 'weekday': 'Venerdì'},
           {'date': '2026-05-23', 'weekday': 'Sabato'},
           {'date': '2026-05-24', 'weekday': 'Domenica'},
           {'date': '2026-05-25', 'weekday': 'Lunedì'},
           {'date': '2026-05-26', 'weekday': 'Martedì'},
           {'date': '2026-05-27', 'weekday': 'Mercoledì'},
           {'date': '2026-05-28', 'weekday': 'Giovedì'},
           {'date': '2026-05-29', 'weekday': 'Venerdì'},
           {'date': '2026-05-30', 'weekday': 'Sabato'},
           {'date': '2026-05-31', 'weekday': 'Domenica'},
           {'date': '2026-06-01', 'weekday': 'Lunedì'},
           {'date': '2026-06-02', 'weekday': 'Martedì'},
           {'date': '2026-06-03', 'weekday': 'Mercoledì'},
           {'date': '2026-06-04', 'weekday': 'Giovedì'},
           {'date': '2026-06-05', 'weekday': 'Venerdì'},
           {'date': '2026-06-06', 'weekday': 'Sabato'},
           {'date': '2026-06-07', 'weekday': 'Domenica'},
           {'date': '2026-06-08', 'weekday': 'Lunedì'},
           {'date': '2026-06-09', 'weekday': 'Martedì'},
           {'date': '2026-06-10', 'weekday': 'Mercoledì'},
           {'date': '2026-06-11', 'weekday': 'Giovedì'},
           {'date': '2026-06-12', 'weekday': 'Venerdì'},
           {'date': '2026-06-13', 'weekday': 'Sabato'},
           {'date': '2026-06-14', 'weekday': 'Domenica'},
           {'date': '2026-06-15', 'weekday': 'Lunedì'},
           {'date': '2026-06-16', 'weekday': 'Martedì'},
           {'date': '2026-06-17', 'weekday': 'Mercoledì'},
           {'date': '2026-06-18', 'weekday': 'Giovedì'},
           {'date': '2026-06-19', 'weekday': 'Venerdì'},
           {'date': '2026-06-20', 'weekday': 'Sabato'},
           {'date': '2026-06-21', 'weekday': 'Domenica'},
           {'date': '2026-06-22', 'weekday': 'Lunedì'},
           {'date': '2026-06-23', 'weekday': 'Martedì'},
           {'date': '2026-06-24', 'weekday': 'Mercoledì'}],
 'description': 'Inizio corsi di Mindfulness a Piacenza e a San Nicolò '
                'Piacenza, via Bagarotti 7 - palestra Meiyo dōjō Tutti i '
                'mercoledi a partire dal 24 settembre - ore 17,30 : corso '
                'principianti; - ore 19 : corso pratico; - ore 20 : corso '
                'principianti. San Nicolò, via Emilia Est 31/A - centro Latin '
                'Lover Tutti i martedì a partire dal 16 settembre - ore 19,30 '
                ': corso principianti Costo Singola lezione: 15 euro; '
                'Pacchetto 4 lezioni da utilizzare entro 30 giorni: 50 euro; '
                'Abbonamento intero corso: 10 euro a lezione. Programma - '
                'concentrarsi e stare nel presente; - ridurre il vagabondaggio '
                'mentale, causa di stress e depressione; - allenare i 7 '
                'pilastri della mindfulness; - riconoscere e gestire le '
                'emozioni difficili come ansia, rabbia, frustrazione, '
                'tristezza; - stare con noi stessi e con quello che c’è; - '
                'conoscere e gestire lo stress; - meditare in ogni gesto; - '
                'disinnescare il "pilota automatico" ed essere presenti. '
                'Conduce il corso Loredana Sinatora, guida di meditazione e '
                'istruttrice Mindfulness (Federazione Italiana Mindfulness) '
                'Posti limitati, necessaria prenotazione '
                'corsidimeditazione@gmail.com | Tel 375.8397505 '
                'www.zendomindfulness.it',
 'image_url': '//citynews-ilpiacenza.stgy.ovh/~media/horizontal-mid/39535190837045/corsi-di-mindfulness.png',
 'location_address': 'Via Bartolomeo Bagarotti, 7',
 'location_name': 'centro Meiyo dojo',
 'price': '50 euro',
 'scraped_at': '2026-01-30T14:24:50.663161',
 'time_info': 'Orari vari',
 'title': 'Mindfulness per tutti: al via i nuovi corsi a Piacenza e San Nicolò',
 'url': 'https://www.ilpiacenza.it/eventi/mindfulness-per-tutti-al-via-i-nuovi-corsi-a-piacenza-e-san-nicolo.html',
 'uuid': '5ab0950f80763d10',
 'website': 'https://www.zendomindfulness.it'}
[2026-01-30T14:25:13.124+0000] {docker.py:429} INFO - 2026-01-30 14:25:13 [scrapy.core.engine] DEBUG: Crawled (200) <GET https://www.ilpiacenza.it/eventi/musica-cultura-e-comunita-il-politecnico-torna-a-far-vibrare-la-citta-con-poliedrica.html> (referer: https://www.ilpiacenza.it/eventi/dal/2026-01-30/al/2026-02-01/)
[2026-01-30T14:25:13.234+0000] {docker.py:429} INFO - 2026-01-30 14:25:13 [scrapy.core.scraper] DEBUG: Scraped from <200 https://www.ilpiacenza.it/eventi/musica-cultura-e-comunita-il-politecnico-torna-a-far-vibrare-la-citta-con-poliedrica.html>
{'category': 'Concerti',
 'city': 'Piacenza',
 'content_hash': 'bdca97deb61ef0c0',
 'date_end': '2026-03-26',
 'date_start': '2025-11-06',
 'dates': [{'date': '2025-11-06', 'weekday': 'Giovedì'},
           {'date': '2025-11-07', 'weekday': 'Venerdì'},
           {'date': '2025-11-08', 'weekday': 'Sabato'},
           {'date': '2025-11-09', 'weekday': 'Domenica'},
           {'date': '2025-11-10', 'weekday': 'Lunedì'},
           {'date': '2025-11-11', 'weekday': 'Martedì'},
           {'date': '2025-11-12', 'weekday': 'Mercoledì'},
           {'date': '2025-11-13', 'weekday': 'Giovedì'},
           {'date': '2025-11-14', 'weekday': 'Venerdì'},
           {'date': '2025-11-15', 'weekday': 'Sabato'},
           {'date': '2025-11-16', 'weekday': 'Domenica'},
           {'date': '2025-11-17', 'weekday': 'Lunedì'},
           {'date': '2025-11-18', 'weekday': 'Martedì'},
           {'date': '2025-11-19', 'weekday': 'Mercoledì'},
           {'date': '2025-11-20', 'weekday': 'Giovedì'},
           {'date': '2025-11-21', 'weekday': 'Venerdì'},
           {'date': '2025-11-22', 'weekday': 'Sabato'},
           {'date': '2025-11-23', 'weekday': 'Domenica'},
           {'date': '2025-11-24', 'weekday': 'Lunedì'},
           {'date': '2025-11-25', 'weekday': 'Martedì'},
           {'date': '2025-11-26', 'weekday': 'Mercoledì'},
           {'date': '2025-11-27', 'weekday': 'Giovedì'},
           {'date': '2025-11-28', 'weekday': 'Venerdì'},
           {'date': '2025-11-29', 'weekday': 'Sabato'},
           {'date': '2025-11-30', 'weekday': 'Domenica'},
           {'date': '2025-12-01', 'weekday': 'Lunedì'},
           {'date': '2025-12-02', 'weekday': 'Martedì'},
           {'date': '2025-12-03', 'weekday': 'Mercoledì'},
           {'date': '2025-12-04', 'weekday': 'Giovedì'},
           {'date': '2025-12-05', 'weekday': 'Venerdì'},
           {'date': '2025-12-06', 'weekday': 'Sabato'},
           {'date': '2025-12-07', 'weekday': 'Domenica'},
           {'date': '2025-12-08', 'weekday': 'Lunedì'},
           {'date': '2025-12-09', 'weekday': 'Martedì'},
           {'date': '2025-12-10', 'weekday': 'Mercoledì'},
           {'date': '2025-12-11', 'weekday': 'Giovedì'},
           {'date': '2025-12-12', 'weekday': 'Venerdì'},
           {'date': '2025-12-13', 'weekday': 'Sabato'},
           {'date': '2025-12-14', 'weekday': 'Domenica'},
           {'date': '2025-12-15', 'weekday': 'Lunedì'},
           {'date': '2025-12-16', 'weekday': 'Martedì'},
           {'date': '2025-12-17', 'weekday': 'Mercoledì'},
           {'date': '2025-12-18', 'weekday': 'Giovedì'},
           {'date': '2025-12-19', 'weekday': 'Venerdì'},
           {'date': '2025-12-20', 'weekday': 'Sabato'},
           {'date': '2025-12-21', 'weekday': 'Domenica'},
           {'date': '2025-12-22', 'weekday': 'Lunedì'},
           {'date': '2025-12-23', 'weekday': 'Martedì'},
           {'date': '2025-12-24', 'weekday': 'Mercoledì'},
           {'date': '2025-12-25', 'weekday': 'Giovedì'},
           {'date': '2025-12-26', 'weekday': 'Venerdì'},
           {'date': '2025-12-27', 'weekday': 'Sabato'},
           {'date': '2025-12-28', 'weekday': 'Domenica'},
           {'date': '2025-12-29', 'weekday': 'Lunedì'},
           {'date': '2025-12-30', 'weekday': 'Martedì'},
           {'date': '2025-12-31', 'weekday': 'Mercoledì'},
           {'date': '2026-01-01', 'weekday': 'Giovedì'},
           {'date': '2026-01-02', 'weekday': 'Venerdì'},
           {'date': '2026-01-03', 'weekday': 'Sabato'},
           {'date': '2026-01-04', 'weekday': 'Domenica'},
           {'date': '2026-01-05', 'weekday': 'Lunedì'},
           {'date': '2026-01-06', 'weekday': 'Martedì'},
           {'date': '2026-01-07', 'weekday': 'Mercoledì'},
           {'date': '2026-01-08', 'weekday': 'Giovedì'},
           {'date': '2026-01-09', 'weekday': 'Venerdì'},
           {'date': '2026-01-10', 'weekday': 'Sabato'},
           {'date': '2026-01-11', 'weekday': 'Domenica'},
           {'date': '2026-01-12', 'weekday': 'Lunedì'},
           {'date': '2026-01-13', 'weekday': 'Martedì'},
           {'date': '2026-01-14', 'weekday': 'Mercoledì'},
           {'date': '2026-01-15', 'weekday': 'Giovedì'},
           {'date': '2026-01-16', 'weekday': 'Venerdì'},
           {'date': '2026-01-17', 'weekday': 'Sabato'},
           {'date': '2026-01-18', 'weekday': 'Domenica'},
           {'date': '2026-01-19', 'weekday': 'Lunedì'},
           {'date': '2026-01-20', 'weekday': 'Martedì'},
           {'date': '2026-01-21', 'weekday': 'Mercoledì'},
           {'date': '2026-01-22', 'weekday': 'Giovedì'},
           {'date': '2026-01-23', 'weekday': 'Venerdì'},
           {'date': '2026-01-24', 'weekday': 'Sabato'},
           {'date': '2026-01-25', 'weekday': 'Domenica'},
           {'date': '2026-01-26', 'weekday': 'Lunedì'},
           {'date': '2026-01-27', 'weekday': 'Martedì'},
           {'date': '2026-01-28', 'weekday': 'Mercoledì'},
           {'date': '2026-01-29', 'weekday': 'Giovedì'},
           {'date': '2026-01-30', 'weekday': 'Venerdì'},
           {'date': '2026-01-31', 'weekday': 'Sabato'},
           {'date': '2026-02-01', 'weekday': 'Domenica'},
           {'date': '2026-02-02', 'weekday': 'Lunedì'},
           {'date': '2026-02-03', 'weekday': 'Martedì'},
           {'date': '2026-02-04', 'weekday': 'Mercoledì'},
           {'date': '2026-02-05', 'weekday': 'Giovedì'},
           {'date': '2026-02-06', 'weekday': 'Venerdì'},
           {'date': '2026-02-07', 'weekday': 'Sabato'},
           {'date': '2026-02-08', 'weekday': 'Domenica'},
           {'date': '2026-02-09', 'weekday': 'Lunedì'},
           {'date': '2026-02-10', 'weekday': 'Martedì'},
           {'date': '2026-02-11', 'weekday': 'Mercoledì'},
           {'date': '2026-02-12', 'weekday': 'Giovedì'},
           {'date': '2026-02-13', 'weekday': 'Venerdì'},
           {'date': '2026-02-14', 'weekday': 'Sabato'},
           {'date': '2026-02-15', 'weekday': 'Domenica'},
           {'date': '2026-02-16', 'weekday': 'Lunedì'},
           {'date': '2026-02-17', 'weekday': 'Martedì'},
           {'date': '2026-02-18', 'weekday': 'Mercoledì'},
           {'date': '2026-02-19', 'weekday': 'Giovedì'},
           {'date': '2026-02-20', 'weekday': 'Venerdì'},
           {'date': '2026-02-21', 'weekday': 'Sabato'},
           {'date': '2026-02-22', 'weekday': 'Domenica'},
           {'date': '2026-02-23', 'weekday': 'Lunedì'},
           {'date': '2026-02-24', 'weekday': 'Martedì'},
           {'date': '2026-02-25', 'weekday': 'Mercoledì'},
           {'date': '2026-02-26', 'weekday': 'Giovedì'},
           {'date': '2026-02-27', 'weekday': 'Venerdì'},
           {'date': '2026-02-28', 'weekday': 'Sabato'},
           {'date': '2026-03-01', 'weekday': 'Domenica'},
           {'date': '2026-03-02', 'weekday': 'Lunedì'},
           {'date': '2026-03-03', 'weekday': 'Martedì'},
           {'date': '2026-03-04', 'weekday': 'Mercoledì'},
           {'date': '2026-03-05', 'weekday': 'Giovedì'},
           {'date': '2026-03-06', 'weekday': 'Venerdì'},
           {'date': '2026-03-07', 'weekday': 'Sabato'},
           {'date': '2026-03-08', 'weekday': 'Domenica'},
           {'date': '2026-03-09', 'weekday': 'Lunedì'},
           {'date': '2026-03-10', 'weekday': 'Martedì'},
           {'date': '2026-03-11', 'weekday': 'Mercoledì'},
           {'date': '2026-03-12', 'weekday': 'Giovedì'},
           {'date': '2026-03-13', 'weekday': 'Venerdì'},
           {'date': '2026-03-14', 'weekday': 'Sabato'},
           {'date': '2026-03-15', 'weekday': 'Domenica'},
           {'date': '2026-03-16', 'weekday': 'Lunedì'},
           {'date': '2026-03-17', 'weekday': 'Martedì'},
           {'date': '2026-03-18', 'weekday': 'Mercoledì'},
           {'date': '2026-03-19', 'weekday': 'Giovedì'},
           {'date': '2026-03-20', 'weekday': 'Venerdì'},
           {'date': '2026-03-21', 'weekday': 'Sabato'},
           {'date': '2026-03-22', 'weekday': 'Domenica'},
           {'date': '2026-03-23', 'weekday': 'Lunedì'},
           {'date': '2026-03-24', 'weekday': 'Martedì'},
           {'date': '2026-03-25', 'weekday': 'Mercoledì'},
           {'date': '2026-03-26', 'weekday': 'Giovedì'}],
 'description': 'Con la rassegna "Poliedrica - Incroci di Note", il '
                'Politecnico di Piacenza rinnova il suo impegno a essere non '
                'solo luogo di formazione e ricerca, ma anche spazio vivo di '
                'cultura e incontro. La musica torna protagonista con la '
                'Winter Edition 2025/26, un calendario di 8 appuntamenti che '
                'da novembre a marzo animeranno il Padiglione Vegezzi '
                'dell’Urban Center (Ex Macello - Campus Arata), sede della '
                'Facoltà di Architettura. Tutti gli eventi sono a ingresso '
                'libero, un invito aperto a tutta la città per condividere il '
                'piacere dell’ascolto e della partecipazione. L’idea alla base '
                'di Poliedrica è semplice e potente: la musica come linguaggio '
                'universale, capace di unire persone, culture e generazioni. '
                'Non solo una rassegna di concerti, ma un percorso fatto di '
                'incontri, dialoghi e contaminazioni, dove ogni serata diventa '
                'un’occasione per scoprire suoni nuovi e ritrovare il senso '
                'profondo dello stare insieme. «Poliedrica è molto più di una '
                'rassegna musicale – sottolinea il prorettore Dario Zaninelli '
                '– è un vero e proprio laboratorio di comunità, un luogo in '
                'cui la cultura si fa dialogo e condivisione. Fin dalla sua '
                'nascita ha costruito un ponte autentico tra università e '
                'città, tra studenti, docenti e cittadini. Riproporne la '
                'versione invernale significa dare continuità a un percorso '
                'che unisce ricerca, arte e partecipazione, trasformando ogni '
                'serata in un momento di crescita collettiva». La nuova '
                'edizione si distingue per la varietà dei linguaggi e '
                'l’apertura verso differenti forme artistiche. Si parte il 6 '
                'novembre con "Autunno Latin/Jazz", un viaggio nei ritmi caldi '
                'del Sud America firmato dal Quartiere Latino Ensemble, e si '
                'prosegue, pochi giorni dopo, il 20 novembre, con '
                'l’inaugurazione della mostra dedicata a Giuseppe Gandolfi, '
                'che intreccia musica e arti visive in un racconto di '
                'creatività e territorio. L’atmosfera si farà più intima e '
                'suggestiva il 4 dicembre con "Natale dei Popoli - Suoni e '
                'canti dal mondo", proposto dal Lucky Fella Trio, un concerto '
                'che attraversa le tradizioni natalizie di diverse culture in '
                'una fusione di sonorità e sensibilità. Nel nuovo anno, '
                'Poliedrica torna a parlare la lingua della canzone d’autore: '
                'il 29 gennaio a l Padiglione Vegezzi dell’Urban Center (ex '
                'Macello, sede della Facoltà di Architettura, ingresso da '
                'stradone Farnese 128 e via Scalabrini 113) sarà protagonista '
                'Daniele Ronda in formazione trio con Sandro Allario e Nicola '
                'Rossetti con "Tutta colpa dei cantautori", un omaggio '
                'appassionato e personale alla grande tradizione della canzone '
                'd’autore italiana. Cantautore e musicista piacentino, Ronda '
                'costruisce un racconto musicale che intreccia memoria e '
                'identità, rileggendo i riferimenti che hanno segnato il suo '
                'percorso artistico e umano. In scaletta, brani simbolo dei '
                'cantautori italiani che lo hanno fatto crescere, da De Andrè '
                'a Guccini, accanto a canzoni del suo repertorio, rilette in '
                'una veste intima ed essenziale, capace di valorizzare parola, '
                'melodia e narrazione. "Tutta colpa dei cantautori" è più di '
                'un concerto: è un viaggio dentro le canzoni che hanno formato '
                'un immaginario collettivo, restituite con rispetto ma senza '
                'nostalgia, attraverso uno sguardo contemporaneo. Una serata '
                'che conferma lo spirito di Poliedrica, rassegna attenta ai '
                'linguaggi della musica e alla loro capacità di dialogare con '
                'il presente, negli spazi universitari aperti alla città. A '
                'febbraio, la rassegna si arricchisce di nuove prospettive: il '
                '12 verrà proiettato il film "Green over grey" di Francesca '
                'Molteni e Mattia Colombo, un racconto di sostenibilità e '
                'visione, mentre il 26 febbraio il Quintetto di Fiati guidato '
                'da Luca Etzi offrirà al pubblico "Dialoghi sonori tra '
                'tradizione e modernità", un intreccio raffinato di epoche e '
                'timbri. La primavera si aprirà all’insegna della riflessione '
                'con l’inaugurazione, il 12 marzo, della mostra "Water '
                'futures", dedicata ai temi ambientali e alla gestione '
                'sostenibile delle risorse, per poi concludersi il 26 marzo '
                'con "Caffè", il concerto della cantautrice Federica Infante, '
                'che unisce parola e melodia in un racconto intimo e '
                'coinvolgente. Al centro di Poliedrica c’è una convinzione '
                'profonda: la musica non è solo intrattenimento, ma un modo '
                'per creare legami autentici, per riscoprire l’ascolto, la '
                'curiosità, la bellezza condivisa. Nei luoghi del Politecnico '
                '- da sempre crocevia di idee e saperi - la musica diventa un '
                'ponte tra università e territorio, un’esperienza collettiva '
                'che avvicina studenti, docenti e cittadini in un unico '
                'abbraccio sonoro. In un tempo in cui l’ascolto profondo è '
                'sempre più raro, Poliedrica si propone come uno spazio di '
                'respiro e connessione, dove ogni nota diventa occasione di '
                'incontro, emozione e crescita. Il programma in dettaglio '
                'Giovedì 6 novembre, ore 21: "Autunno Latin/Jazz" con '
                'Quartiere Latino Ensemble; Giovedì 20 novembre, ore 18,30: '
                'Inaugurazione mostra dedicata a Giuseppe Gandolfi; Giovedì 4 '
                'dicembre, ore 21: "Natale dei Popoli - Suoni e canti dal '
                'mondo" con Lucky Fella Trio; Giovedì 29 gennaio, ore 21: '
                '"Tutta colpa dei cantautori" con Daniele Ronda; Giovedì 12 '
                'febbraio, ore 18,30: proiezione film "Gree over grey" diretto '
                'da Francesca Molteni e Mattia Colombo; Giovedì 26 febbraio, '
                'ore 21: "Dialoghi sonori tra tradizione e modernità" con il '
                'Quintetto di Fiati di Luca Etzi; Giovedì 12 marzo, ore 18,30: '
                'apertura mostra "Water futures"; Giovedì 26 marzo, ore 21: '
                '“Caffè” con la cantautrice Federica Infante.',
 'image_url': '//citynews-ilpiacenza.stgy.ovh/~media/horizontal-mid/67781574644167/daniele-ronda-6.jpg',
 'location_address': 'Via Scalabrini, 76',
 'location_name': 'Politecnico - sede di Piacenza',
 'price': 'Prezzo non disponibile',
 'scraped_at': '2026-01-30T14:24:50.662728',
 'time_info': 'Orari vari',
 'title': 'Musica, cultura e comunità: il Politecnico torna a far vibrare la '
          'città con Poliedrica',
 'url': 'https://www.ilpiacenza.it/eventi/musica-cultura-e-comunita-il-politecnico-torna-a-far-vibrare-la-citta-con-poliedrica.html',
 'uuid': '93b7887babf583ac'}
[2026-01-30T14:25:14.444+0000] {docker.py:429} INFO - 2026-01-30 14:25:14 [scrapy.core.engine] DEBUG: Crawled (200) <GET https://www.ilpiacenza.it/eventi/torna-il-cinema-d-argento-per-gli-over-65-al-politeama-17-film-in-programma-fino-a-marzo.html> (referer: https://www.ilpiacenza.it/eventi/dal/2026-01-30/al/2026-02-01/)
[2026-01-30T14:25:14.560+0000] {docker.py:429} INFO - 2026-01-30 14:25:14 [scrapy.core.scraper] DEBUG: Scraped from <200 https://www.ilpiacenza.it/eventi/torna-il-cinema-d-argento-per-gli-over-65-al-politeama-17-film-in-programma-fino-a-marzo.html>
{'category': 'Cinema',
 'city': 'Piacenza',
 'content_hash': '11877c7a03d94025',
 'date_end': '2026-03-18',
 'date_start': '2025-10-15',
 'dates': [{'date': '2025-10-15', 'weekday': 'Mercoledì'},
           {'date': '2025-10-16', 'weekday': 'Giovedì'},
           {'date': '2025-10-17', 'weekday': 'Venerdì'},
           {'date': '2025-10-18', 'weekday': 'Sabato'},
           {'date': '2025-10-19', 'weekday': 'Domenica'},
           {'date': '2025-10-20', 'weekday': 'Lunedì'},
           {'date': '2025-10-21', 'weekday': 'Martedì'},
           {'date': '2025-10-22', 'weekday': 'Mercoledì'},
           {'date': '2025-10-23', 'weekday': 'Giovedì'},
           {'date': '2025-10-24', 'weekday': 'Venerdì'},
           {'date': '2025-10-25', 'weekday': 'Sabato'},
           {'date': '2025-10-26', 'weekday': 'Domenica'},
           {'date': '2025-10-27', 'weekday': 'Lunedì'},
           {'date': '2025-10-28', 'weekday': 'Martedì'},
           {'date': '2025-10-29', 'weekday': 'Mercoledì'},
           {'date': '2025-10-30', 'weekday': 'Giovedì'},
           {'date': '2025-10-31', 'weekday': 'Venerdì'},
           {'date': '2025-11-01', 'weekday': 'Sabato'},
           {'date': '2025-11-02', 'weekday': 'Domenica'},
           {'date': '2025-11-03', 'weekday': 'Lunedì'},
           {'date': '2025-11-04', 'weekday': 'Martedì'},
           {'date': '2025-11-05', 'weekday': 'Mercoledì'},
           {'date': '2025-11-06', 'weekday': 'Giovedì'},
           {'date': '2025-11-07', 'weekday': 'Venerdì'},
           {'date': '2025-11-08', 'weekday': 'Sabato'},
           {'date': '2025-11-09', 'weekday': 'Domenica'},
           {'date': '2025-11-10', 'weekday': 'Lunedì'},
           {'date': '2025-11-11', 'weekday': 'Martedì'},
           {'date': '2025-11-12', 'weekday': 'Mercoledì'},
           {'date': '2025-11-13', 'weekday': 'Giovedì'},
           {'date': '2025-11-14', 'weekday': 'Venerdì'},
           {'date': '2025-11-15', 'weekday': 'Sabato'},
           {'date': '2025-11-16', 'weekday': 'Domenica'},
           {'date': '2025-11-17', 'weekday': 'Lunedì'},
           {'date': '2025-11-18', 'weekday': 'Martedì'},
           {'date': '2025-11-19', 'weekday': 'Mercoledì'},
           {'date': '2025-11-20', 'weekday': 'Giovedì'},
           {'date': '2025-11-21', 'weekday': 'Venerdì'},
           {'date': '2025-11-22', 'weekday': 'Sabato'},
           {'date': '2025-11-23', 'weekday': 'Domenica'},
           {'date': '2025-11-24', 'weekday': 'Lunedì'},
           {'date': '2025-11-25', 'weekday': 'Martedì'},
           {'date': '2025-11-26', 'weekday': 'Mercoledì'},
           {'date': '2025-11-27', 'weekday': 'Giovedì'},
           {'date': '2025-11-28', 'weekday': 'Venerdì'},
           {'date': '2025-11-29', 'weekday': 'Sabato'},
           {'date': '2025-11-30', 'weekday': 'Domenica'},
           {'date': '2025-12-01', 'weekday': 'Lunedì'},
           {'date': '2025-12-02', 'weekday': 'Martedì'},
           {'date': '2025-12-03', 'weekday': 'Mercoledì'},
           {'date': '2025-12-04', 'weekday': 'Giovedì'},
           {'date': '2025-12-05', 'weekday': 'Venerdì'},
           {'date': '2025-12-06', 'weekday': 'Sabato'},
           {'date': '2025-12-07', 'weekday': 'Domenica'},
           {'date': '2025-12-08', 'weekday': 'Lunedì'},
           {'date': '2025-12-09', 'weekday': 'Martedì'},
           {'date': '2025-12-10', 'weekday': 'Mercoledì'},
           {'date': '2025-12-11', 'weekday': 'Giovedì'},
           {'date': '2025-12-12', 'weekday': 'Venerdì'},
           {'date': '2025-12-13', 'weekday': 'Sabato'},
           {'date': '2025-12-14', 'weekday': 'Domenica'},
           {'date': '2025-12-15', 'weekday': 'Lunedì'},
           {'date': '2025-12-16', 'weekday': 'Martedì'},
           {'date': '2025-12-17', 'weekday': 'Mercoledì'},
           {'date': '2025-12-18', 'weekday': 'Giovedì'},
           {'date': '2025-12-19', 'weekday': 'Venerdì'},
           {'date': '2025-12-20', 'weekday': 'Sabato'},
           {'date': '2025-12-21', 'weekday': 'Domenica'},
           {'date': '2025-12-22', 'weekday': 'Lunedì'},
           {'date': '2025-12-23', 'weekday': 'Martedì'},
           {'date': '2025-12-24', 'weekday': 'Mercoledì'},
           {'date': '2025-12-25', 'weekday': 'Giovedì'},
           {'date': '2025-12-26', 'weekday': 'Venerdì'},
           {'date': '2025-12-27', 'weekday': 'Sabato'},
           {'date': '2025-12-28', 'weekday': 'Domenica'},
           {'date': '2025-12-29', 'weekday': 'Lunedì'},
           {'date': '2025-12-30', 'weekday': 'Martedì'},
           {'date': '2025-12-31', 'weekday': 'Mercoledì'},
           {'date': '2026-01-01', 'weekday': 'Giovedì'},
           {'date': '2026-01-02', 'weekday': 'Venerdì'},
           {'date': '2026-01-03', 'weekday': 'Sabato'},
           {'date': '2026-01-04', 'weekday': 'Domenica'},
           {'date': '2026-01-05', 'weekday': 'Lunedì'},
           {'date': '2026-01-06', 'weekday': 'Martedì'},
           {'date': '2026-01-07', 'weekday': 'Mercoledì'},
           {'date': '2026-01-08', 'weekday': 'Giovedì'},
           {'date': '2026-01-09', 'weekday': 'Venerdì'},
           {'date': '2026-01-10', 'weekday': 'Sabato'},
           {'date': '2026-01-11', 'weekday': 'Domenica'},
           {'date': '2026-01-12', 'weekday': 'Lunedì'},
           {'date': '2026-01-13', 'weekday': 'Martedì'},
           {'date': '2026-01-14', 'weekday': 'Mercoledì'},
           {'date': '2026-01-15', 'weekday': 'Giovedì'},
           {'date': '2026-01-16', 'weekday': 'Venerdì'},
           {'date': '2026-01-17', 'weekday': 'Sabato'},
           {'date': '2026-01-18', 'weekday': 'Domenica'},
           {'date': '2026-01-19', 'weekday': 'Lunedì'},
           {'date': '2026-01-20', 'weekday': 'Martedì'},
           {'date': '2026-01-21', 'weekday': 'Mercoledì'},
           {'date': '2026-01-22', 'weekday': 'Giovedì'},
           {'date': '2026-01-23', 'weekday': 'Venerdì'},
           {'date': '2026-01-24', 'weekday': 'Sabato'},
           {'date': '2026-01-25', 'weekday': 'Domenica'},
           {'date': '2026-01-26', 'weekday': 'Lunedì'},
           {'date': '2026-01-27', 'weekday': 'Martedì'},
           {'date': '2026-01-28', 'weekday': 'Mercoledì'},
           {'date': '2026-01-29', 'weekday': 'Giovedì'},
           {'date': '2026-01-30', 'weekday': 'Venerdì'},
           {'date': '2026-01-31', 'weekday': 'Sabato'},
           {'date': '2026-02-01', 'weekday': 'Domenica'},
           {'date': '2026-02-02', 'weekday': 'Lunedì'},
           {'date': '2026-02-03', 'weekday': 'Martedì'},
           {'date': '2026-02-04', 'weekday': 'Mercoledì'},
           {'date': '2026-02-05', 'weekday': 'Giovedì'},
           {'date': '2026-02-06', 'weekday': 'Venerdì'},
           {'date': '2026-02-07', 'weekday': 'Sabato'},
           {'date': '2026-02-08', 'weekday': 'Domenica'},
           {'date': '2026-02-09', 'weekday': 'Lunedì'},
           {'date': '2026-02-10', 'weekday': 'Martedì'},
           {'date': '2026-02-11', 'weekday': 'Mercoledì'},
           {'date': '2026-02-12', 'weekday': 'Giovedì'},
           {'date': '2026-02-13', 'weekday': 'Venerdì'},
           {'date': '2026-02-14', 'weekday': 'Sabato'},
           {'date': '2026-02-15', 'weekday': 'Domenica'},
           {'date': '2026-02-16', 'weekday': 'Lunedì'},
           {'date': '2026-02-17', 'weekday': 'Martedì'},
           {'date': '2026-02-18', 'weekday': 'Mercoledì'},
           {'date': '2026-02-19', 'weekday': 'Giovedì'},
           {'date': '2026-02-20', 'weekday': 'Venerdì'},
           {'date': '2026-02-21', 'weekday': 'Sabato'},
           {'date': '2026-02-22', 'weekday': 'Domenica'},
           {'date': '2026-02-23', 'weekday': 'Lunedì'},
           {'date': '2026-02-24', 'weekday': 'Martedì'},
           {'date': '2026-02-25', 'weekday': 'Mercoledì'},
           {'date': '2026-02-26', 'weekday': 'Giovedì'},
           {'date': '2026-02-27', 'weekday': 'Venerdì'},
           {'date': '2026-02-28', 'weekday': 'Sabato'},
           {'date': '2026-03-01', 'weekday': 'Domenica'},
           {'date': '2026-03-02', 'weekday': 'Lunedì'},
           {'date': '2026-03-03', 'weekday': 'Martedì'},
           {'date': '2026-03-04', 'weekday': 'Mercoledì'},
           {'date': '2026-03-05', 'weekday': 'Giovedì'},
           {'date': '2026-03-06', 'weekday': 'Venerdì'},
           {'date': '2026-03-07', 'weekday': 'Sabato'},
           {'date': '2026-03-08', 'weekday': 'Domenica'},
           {'date': '2026-03-09', 'weekday': 'Lunedì'},
           {'date': '2026-03-10', 'weekday': 'Martedì'},
           {'date': '2026-03-11', 'weekday': 'Mercoledì'},
           {'date': '2026-03-12', 'weekday': 'Giovedì'},
           {'date': '2026-03-13', 'weekday': 'Venerdì'},
           {'date': '2026-03-14', 'weekday': 'Sabato'},
           {'date': '2026-03-15', 'weekday': 'Domenica'},
           {'date': '2026-03-16', 'weekday': 'Lunedì'},
           {'date': '2026-03-17', 'weekday': 'Martedì'},
           {'date': '2026-03-18', 'weekday': 'Mercoledì'}],
 'description': 'Torna l’atteso appuntamento con il Cinema d’argento, rassegna '
                'di film in programma alla Multisala Politeama, promossa '
                'dall’ufficio Attività socioricreative del Comune di Piacenza '
                'e riservata agli over 65 residenti in città. Diciassette le '
                'proiezioni in cartellone - ogni mercoledì con inizio alle ore '
                '15 - tra il 15 ottobre e il 18 marzo 2025 (con una pausa '
                'legata alle festività natalizie). «Il Cinema d’argento – '
                'sottolinea l’assessore ai Servizi sociali, Nicoletta Corvi – '
                'rappresenta ormai un appuntamento atteso e consolidato per la '
                'nostra comunità. E un’occasione preziosa per offrire alle '
                'persone che hanno raggiunto l’età della pensione momenti di '
                'svago, cultura e socializzazione, promuovendo il benessere '
                'relazionale e contrastando l’isolamento che spesso può '
                'accompagnare la terza età. La rassegna non è solo '
                'un’opportunità per vedere film di qualità a un costo '
                'accessibile, ma anche uno spazio di incontro, condivisione e '
                'partecipazione attiva alla vita culturale della città. '
                'Ringrazio l’ufficio Attività socioricreative per l’impegno '
                'nell’organizzazione e la Multisala Politeama per la costante '
                'e proficua collaborazione». Come di consueto, sullo schermo '
                'si alterneranno proposte a ingresso gratuito e pellicole, '
                'scelte tra le migliori in programmazione, al costo agevolato '
                'di 3 euro. Il primo titolo ad accesso gratuito, mercoledì 15 '
                'ottobre - quando l’assessore Corvi sarà presente, prima '
                'dell’inizio del film, per portare il saluto '
                'dell’Amministrazione - è "30 notti con il mio ex", commedia '
                'diretta da Guido Chiesa, con Edoardo Leo e Micaela '
                'Ramazzotti, incentrata sul rapporto, conflittuale tenero e '
                'imprevedibile, tra Bruno padre single di un’adolescente e la '
                'sua ex Terry, appena uscita da un percorso di recupero '
                'emotivo. La settimana successiva, mercoledì 22 ottobre, '
                'proiezione alla tariffa ridotta di 3 euro, così come il 5 e '
                'il 19 novembre e il 3 e 10 dicembre. Ingresso gratis, invece, '
                'mercoledì 29 ottobre per "L’amico fedele" con Naomi Watts, il '
                '12 novembre con "Le assaggiatrici" di Silvio Soldini, nonché '
                'il 26 novembre per "Diamanti" di Ferzan Ozpetek con Luisa '
                'Ranieri, Jasmine Trinca e Kasia Smutniak. Dopo la pausa '
                'natalizia, la rassegna riprenderà nel 2025 mercoledì 21 '
                'gennaio con "Conclave" tratto dall’omonimo romanzo di Robert '
                'Harris, con Ralph Fiennes, Stanley Tucci e Sergio '
                'Castellitto, mentre il 28 gennaio, come l’11 e 25 febbraio e '
                'l’11 marzo, la proiezione sarà a tariffa ridotta di 3 euro. '
                'Mercoledì 4 febbraio sarà la volta di "Black bag - Doppio '
                'gioco" con Michael Fassbender e Cate Blanchett, mentre '
                'mercoledì 18 febbraio verrà proiettato "L’amore, in teoria" '
                'commedia romantica diretta da Luca Lucini e mercoledì 4 marzo '
                '"A complete unknown" film biografico che ripercorre i primi '
                'anni della carriera artistica di Bob Dylan, con Timothée '
                'Chalamet. La rassegna si chiuderà mercoledì 18 marzo con '
                '"Giurato numero 2" di Clint Eastwood con Nicolas Hoult e Toni '
                'Collette.',
 'image_url': '//citynews-ilpiacenza.stgy.ovh/~media/horizontal-mid/41430764620172/cinema-4609877_960_720.jpg',
 'location_address': 'Via San Siro, 7',
 'location_name': 'Cinema Politeama',
 'price': 'Prezzo non disponibile',
 'scraped_at': '2026-01-30T14:24:50.662251',
 'time_info': 'Ore 15',
 'title': 'Torna il Cinema d’argento per gli over 65: al Politeama 17 film in '
          'programma fino a marzo',
 'url': 'https://www.ilpiacenza.it/eventi/torna-il-cinema-d-argento-per-gli-over-65-al-politeama-17-film-in-programma-fino-a-marzo.html',
 'uuid': 'ba2ffbb83f10c2b8'}
[2026-01-30T14:25:15.457+0000] {docker.py:429} INFO - 2026-01-30 14:25:15 [scrapy.core.engine] DEBUG: Crawled (200) <GET https://www.ilpiacenza.it/eventi/teatro-duse-a-cortemaggiore-al-via-la-nuova-stagione-tra-prosa-musica-e-letteratura.html> (referer: https://www.ilpiacenza.it/eventi/dal/2026-01-30/al/2026-02-01/)
[2026-01-30T14:25:15.574+0000] {docker.py:429} INFO - 2026-01-30 14:25:15 [scrapy.core.scraper] DEBUG: Scraped from <200 https://www.ilpiacenza.it/eventi/teatro-duse-a-cortemaggiore-al-via-la-nuova-stagione-tra-prosa-musica-e-letteratura.html>
{'category': 'Teatri',
 'city': 'Piacenza',
 'content_hash': '3b1b5f0af1d75b50',
 'date_end': '2026-05-10',
 'date_start': '2025-10-18',
 'dates': [{'date': '2025-10-18', 'weekday': 'Sabato'},
           {'date': '2025-10-19', 'weekday': 'Domenica'},
           {'date': '2025-10-20', 'weekday': 'Lunedì'},
           {'date': '2025-10-21', 'weekday': 'Martedì'},
           {'date': '2025-10-22', 'weekday': 'Mercoledì'},
           {'date': '2025-10-23', 'weekday': 'Giovedì'},
           {'date': '2025-10-24', 'weekday': 'Venerdì'},
           {'date': '2025-10-25', 'weekday': 'Sabato'},
           {'date': '2025-10-26', 'weekday': 'Domenica'},
           {'date': '2025-10-27', 'weekday': 'Lunedì'},
           {'date': '2025-10-28', 'weekday': 'Martedì'},
           {'date': '2025-10-29', 'weekday': 'Mercoledì'},
           {'date': '2025-10-30', 'weekday': 'Giovedì'},
           {'date': '2025-10-31', 'weekday': 'Venerdì'},
           {'date': '2025-11-01', 'weekday': 'Sabato'},
           {'date': '2025-11-02', 'weekday': 'Domenica'},
           {'date': '2025-11-03', 'weekday': 'Lunedì'},
           {'date': '2025-11-04', 'weekday': 'Martedì'},
           {'date': '2025-11-05', 'weekday': 'Mercoledì'},
           {'date': '2025-11-06', 'weekday': 'Giovedì'},
           {'date': '2025-11-07', 'weekday': 'Venerdì'},
           {'date': '2025-11-08', 'weekday': 'Sabato'},
           {'date': '2025-11-09', 'weekday': 'Domenica'},
           {'date': '2025-11-10', 'weekday': 'Lunedì'},
           {'date': '2025-11-11', 'weekday': 'Martedì'},
           {'date': '2025-11-12', 'weekday': 'Mercoledì'},
           {'date': '2025-11-13', 'weekday': 'Giovedì'},
           {'date': '2025-11-14', 'weekday': 'Venerdì'},
           {'date': '2025-11-15', 'weekday': 'Sabato'},
           {'date': '2025-11-16', 'weekday': 'Domenica'},
           {'date': '2025-11-17', 'weekday': 'Lunedì'},
           {'date': '2025-11-18', 'weekday': 'Martedì'},
           {'date': '2025-11-19', 'weekday': 'Mercoledì'},
           {'date': '2025-11-20', 'weekday': 'Giovedì'},
           {'date': '2025-11-21', 'weekday': 'Venerdì'},
           {'date': '2025-11-22', 'weekday': 'Sabato'},
           {'date': '2025-11-23', 'weekday': 'Domenica'},
           {'date': '2025-11-24', 'weekday': 'Lunedì'},
           {'date': '2025-11-25', 'weekday': 'Martedì'},
           {'date': '2025-11-26', 'weekday': 'Mercoledì'},
           {'date': '2025-11-27', 'weekday': 'Giovedì'},
           {'date': '2025-11-28', 'weekday': 'Venerdì'},
           {'date': '2025-11-29', 'weekday': 'Sabato'},
           {'date': '2025-11-30', 'weekday': 'Domenica'},
           {'date': '2025-12-01', 'weekday': 'Lunedì'},
           {'date': '2025-12-02', 'weekday': 'Martedì'},
           {'date': '2025-12-03', 'weekday': 'Mercoledì'},
           {'date': '2025-12-04', 'weekday': 'Giovedì'},
           {'date': '2025-12-05', 'weekday': 'Venerdì'},
           {'date': '2025-12-06', 'weekday': 'Sabato'},
           {'date': '2025-12-07', 'weekday': 'Domenica'},
           {'date': '2025-12-08', 'weekday': 'Lunedì'},
           {'date': '2025-12-09', 'weekday': 'Martedì'},
           {'date': '2025-12-10', 'weekday': 'Mercoledì'},
           {'date': '2025-12-11', 'weekday': 'Giovedì'},
           {'date': '2025-12-12', 'weekday': 'Venerdì'},
           {'date': '2025-12-13', 'weekday': 'Sabato'},
           {'date': '2025-12-14', 'weekday': 'Domenica'},
           {'date': '2025-12-15', 'weekday': 'Lunedì'},
           {'date': '2025-12-16', 'weekday': 'Martedì'},
           {'date': '2025-12-17', 'weekday': 'Mercoledì'},
           {'date': '2025-12-18', 'weekday': 'Giovedì'},
           {'date': '2025-12-19', 'weekday': 'Venerdì'},
           {'date': '2025-12-20', 'weekday': 'Sabato'},
           {'date': '2025-12-21', 'weekday': 'Domenica'},
           {'date': '2025-12-22', 'weekday': 'Lunedì'},
           {'date': '2025-12-23', 'weekday': 'Martedì'},
           {'date': '2025-12-24', 'weekday': 'Mercoledì'},
           {'date': '2025-12-25', 'weekday': 'Giovedì'},
           {'date': '2025-12-26', 'weekday': 'Venerdì'},
           {'date': '2025-12-27', 'weekday': 'Sabato'},
           {'date': '2025-12-28', 'weekday': 'Domenica'},
           {'date': '2025-12-29', 'weekday': 'Lunedì'},
           {'date': '2025-12-30', 'weekday': 'Martedì'},
           {'date': '2025-12-31', 'weekday': 'Mercoledì'},
           {'date': '2026-01-01', 'weekday': 'Giovedì'},
           {'date': '2026-01-02', 'weekday': 'Venerdì'},
           {'date': '2026-01-03', 'weekday': 'Sabato'},
           {'date': '2026-01-04', 'weekday': 'Domenica'},
           {'date': '2026-01-05', 'weekday': 'Lunedì'},
           {'date': '2026-01-06', 'weekday': 'Martedì'},
           {'date': '2026-01-07', 'weekday': 'Mercoledì'},
           {'date': '2026-01-08', 'weekday': 'Giovedì'},
           {'date': '2026-01-09', 'weekday': 'Venerdì'},
           {'date': '2026-01-10', 'weekday': 'Sabato'},
           {'date': '2026-01-11', 'weekday': 'Domenica'},
           {'date': '2026-01-12', 'weekday': 'Lunedì'},
           {'date': '2026-01-13', 'weekday': 'Martedì'},
           {'date': '2026-01-14', 'weekday': 'Mercoledì'},
           {'date': '2026-01-15', 'weekday': 'Giovedì'},
           {'date': '2026-01-16', 'weekday': 'Venerdì'},
           {'date': '2026-01-17', 'weekday': 'Sabato'},
           {'date': '2026-01-18', 'weekday': 'Domenica'},
           {'date': '2026-01-19', 'weekday': 'Lunedì'},
           {'date': '2026-01-20', 'weekday': 'Martedì'},
           {'date': '2026-01-21', 'weekday': 'Mercoledì'},
           {'date': '2026-01-22', 'weekday': 'Giovedì'},
           {'date': '2026-01-23', 'weekday': 'Venerdì'},
           {'date': '2026-01-24', 'weekday': 'Sabato'},
           {'date': '2026-01-25', 'weekday': 'Domenica'},
           {'date': '2026-01-26', 'weekday': 'Lunedì'},
           {'date': '2026-01-27', 'weekday': 'Martedì'},
           {'date': '2026-01-28', 'weekday': 'Mercoledì'},
           {'date': '2026-01-29', 'weekday': 'Giovedì'},
           {'date': '2026-01-30', 'weekday': 'Venerdì'},
           {'date': '2026-01-31', 'weekday': 'Sabato'},
           {'date': '2026-02-01', 'weekday': 'Domenica'},
           {'date': '2026-02-02', 'weekday': 'Lunedì'},
           {'date': '2026-02-03', 'weekday': 'Martedì'},
           {'date': '2026-02-04', 'weekday': 'Mercoledì'},
           {'date': '2026-02-05', 'weekday': 'Giovedì'},
           {'date': '2026-02-06', 'weekday': 'Venerdì'},
           {'date': '2026-02-07', 'weekday': 'Sabato'},
           {'date': '2026-02-08', 'weekday': 'Domenica'},
           {'date': '2026-02-09', 'weekday': 'Lunedì'},
           {'date': '2026-02-10', 'weekday': 'Martedì'},
           {'date': '2026-02-11', 'weekday': 'Mercoledì'},
           {'date': '2026-02-12', 'weekday': 'Giovedì'},
           {'date': '2026-02-13', 'weekday': 'Venerdì'},
           {'date': '2026-02-14', 'weekday': 'Sabato'},
           {'date': '2026-02-15', 'weekday': 'Domenica'},
           {'date': '2026-02-16', 'weekday': 'Lunedì'},
           {'date': '2026-02-17', 'weekday': 'Martedì'},
           {'date': '2026-02-18', 'weekday': 'Mercoledì'},
           {'date': '2026-02-19', 'weekday': 'Giovedì'},
           {'date': '2026-02-20', 'weekday': 'Venerdì'},
           {'date': '2026-02-21', 'weekday': 'Sabato'},
           {'date': '2026-02-22', 'weekday': 'Domenica'},
           {'date': '2026-02-23', 'weekday': 'Lunedì'},
           {'date': '2026-02-24', 'weekday': 'Martedì'},
           {'date': '2026-02-25', 'weekday': 'Mercoledì'},
           {'date': '2026-02-26', 'weekday': 'Giovedì'},
           {'date': '2026-02-27', 'weekday': 'Venerdì'},
           {'date': '2026-02-28', 'weekday': 'Sabato'},
           {'date': '2026-03-01', 'weekday': 'Domenica'},
           {'date': '2026-03-02', 'weekday': 'Lunedì'},
           {'date': '2026-03-03', 'weekday': 'Martedì'},
           {'date': '2026-03-04', 'weekday': 'Mercoledì'},
           {'date': '2026-03-05', 'weekday': 'Giovedì'},
           {'date': '2026-03-06', 'weekday': 'Venerdì'},
           {'date': '2026-03-07', 'weekday': 'Sabato'},
           {'date': '2026-03-08', 'weekday': 'Domenica'},
           {'date': '2026-03-09', 'weekday': 'Lunedì'},
           {'date': '2026-03-10', 'weekday': 'Martedì'},
           {'date': '2026-03-11', 'weekday': 'Mercoledì'},
           {'date': '2026-03-12', 'weekday': 'Giovedì'},
           {'date': '2026-03-13', 'weekday': 'Venerdì'},
           {'date': '2026-03-14', 'weekday': 'Sabato'},
           {'date': '2026-03-15', 'weekday': 'Domenica'},
           {'date': '2026-03-16', 'weekday': 'Lunedì'},
           {'date': '2026-03-17', 'weekday': 'Martedì'},
           {'date': '2026-03-18', 'weekday': 'Mercoledì'},
           {'date': '2026-03-19', 'weekday': 'Giovedì'},
           {'date': '2026-03-20', 'weekday': 'Venerdì'},
           {'date': '2026-03-21', 'weekday': 'Sabato'},
           {'date': '2026-03-22', 'weekday': 'Domenica'},
           {'date': '2026-03-23', 'weekday': 'Lunedì'},
           {'date': '2026-03-24', 'weekday': 'Martedì'},
           {'date': '2026-03-25', 'weekday': 'Mercoledì'},
           {'date': '2026-03-26', 'weekday': 'Giovedì'},
           {'date': '2026-03-27', 'weekday': 'Venerdì'},
           {'date': '2026-03-28', 'weekday': 'Sabato'},
           {'date': '2026-03-29', 'weekday': 'Domenica'},
           {'date': '2026-03-30', 'weekday': 'Lunedì'},
           {'date': '2026-03-31', 'weekday': 'Martedì'},
           {'date': '2026-04-01', 'weekday': 'Mercoledì'},
           {'date': '2026-04-02', 'weekday': 'Giovedì'},
           {'date': '2026-04-03', 'weekday': 'Venerdì'},
           {'date': '2026-04-04', 'weekday': 'Sabato'},
           {'date': '2026-04-05', 'weekday': 'Domenica'},
           {'date': '2026-04-06', 'weekday': 'Lunedì'},
           {'date': '2026-04-07', 'weekday': 'Martedì'},
           {'date': '2026-04-08', 'weekday': 'Mercoledì'},
           {'date': '2026-04-09', 'weekday': 'Giovedì'},
           {'date': '2026-04-10', 'weekday': 'Venerdì'},
           {'date': '2026-04-11', 'weekday': 'Sabato'},
           {'date': '2026-04-12', 'weekday': 'Domenica'},
           {'date': '2026-04-13', 'weekday': 'Lunedì'},
           {'date': '2026-04-14', 'weekday': 'Martedì'},
           {'date': '2026-04-15', 'weekday': 'Mercoledì'},
           {'date': '2026-04-16', 'weekday': 'Giovedì'},
           {'date': '2026-04-17', 'weekday': 'Venerdì'},
           {'date': '2026-04-18', 'weekday': 'Sabato'},
           {'date': '2026-04-19', 'weekday': 'Domenica'},
           {'date': '2026-04-20', 'weekday': 'Lunedì'},
           {'date': '2026-04-21', 'weekday': 'Martedì'},
           {'date': '2026-04-22', 'weekday': 'Mercoledì'},
           {'date': '2026-04-23', 'weekday': 'Giovedì'},
           {'date': '2026-04-24', 'weekday': 'Venerdì'},
           {'date': '2026-04-25', 'weekday': 'Sabato'},
           {'date': '2026-04-26', 'weekday': 'Domenica'},
           {'date': '2026-04-27', 'weekday': 'Lunedì'},
           {'date': '2026-04-28', 'weekday': 'Martedì'},
           {'date': '2026-04-29', 'weekday': 'Mercoledì'},
           {'date': '2026-04-30', 'weekday': 'Giovedì'},
           {'date': '2026-05-01', 'weekday': 'Venerdì'},
           {'date': '2026-05-02', 'weekday': 'Sabato'},
           {'date': '2026-05-03', 'weekday': 'Domenica'},
           {'date': '2026-05-04', 'weekday': 'Lunedì'},
           {'date': '2026-05-05', 'weekday': 'Martedì'},
           {'date': '2026-05-06', 'weekday': 'Mercoledì'},
           {'date': '2026-05-07', 'weekday': 'Giovedì'},
           {'date': '2026-05-08', 'weekday': 'Venerdì'},
           {'date': '2026-05-09', 'weekday': 'Sabato'},
           {'date': '2026-05-10', 'weekday': 'Domenica'}],
 'description': 'Il Programma della stagione teatrale 2025/26 del Teatro Duse '
                'di Cortemaggiore II Edizione spazia da spettacoli di prosa '
                'con artisti che si esibiscono sui più prestigiosi '
                'palcoscenici nazionali, a presentazioni letterarie di grande '
                'attualità e prestigio, proponendo concerti di altissimo '
                'livello e di vario genere: dall’opera lirica, alla musica '
                'blues, jazz e folk rock. Come da tradizione la stagione si '
                'chiude lasciando spazio al teatro dialettale a sostegno delle '
                'compagnie teatrali del territorio. Il Teatro Duse, un piccolo '
                'gioiello ottocentesco, figlio di una cultura teatrale che in '
                'Emilia Romagna rappresenta una caratteristica unica nel '
                'panorama nazionale, torna a vivere e a far emozionare gli '
                'spettatori con un ricco palinsesto tra musica, prosa e '
                'letteratura per tutte le età. «Dopo il successo della '
                'stagione d’esordio, siamo lieti di confermare il sostegno '
                'della Fondazione di Piacenza e Vigevano alla proposta '
                'culturale del Teatro Eleonora Duse di Cortemaggiore – è il '
                'commento del vicepresidente della Fondazione di Piacenza e '
                'Vigevano Mario Magnelli –, un suggestivo spazio in stile '
                'neo-rinascimentale che ha le potenzialità per diventare un '
                'elemento di attrattività turistica e insieme un punto di '
                'riferimento per la comunità della bassa piacentina. Per la '
                'sua varietà e trasversalità, fra cultura alta e proposte '
                'popolari, il cartellone messo a punto da Fedro, su impulso '
                'del Comune di Cortemaggiore, contribuisce egregiamente al '
                'perseguimento di questo obiettivo: aprire le porte dello '
                'storico teatro a un pubblico quanto più possibile numeroso e '
                'diversificato». Grande soddisfazione da parte '
                'dell’amministrazione comunale di Cortemaggiore che punta a '
                'una stagione di grande qualità per rendere Cortemaggiore un '
                'luogo di cultura e di aggregazione. Luca Tacchini, assessore '
                'cultura Comune di Cortemaggiore sottolinea che «In un '
                'territorio come il nostro, una piccola ma vivace realtà, '
                'l’attività teatrale non è un semplice lusso, ma il cuore '
                'pulsante della vita comunitaria e un fondamentale strumento '
                'di crescita. Dietro "l’apertura di ogni sipario", si cela un '
                'notevole sforzo e un impegno costante da parte '
                'dell’Amministrazione e di tutti i collaboratori, mossi dalla '
                'consapevolezza del valore inestimabile di questo luogo. La '
                'ricompensa più grande per questi sforzi è il privilegio di '
                'vedere, stagione dopo stagione, la vostra curiosità e il '
                'vostro interesse crescere, come anche sentire l’entusiasmo e '
                'l’apprezzamento di chi sceglie di frequentare questo gioiello '
                'ottocentesco. Questo affetto ci spinge a continuare con '
                'coraggio nel nostro progetto più ambizioso: portare il Duse '
                'e, con esso Cortemaggiore, al centro delle attività culturali '
                'provinciali. Il nostro Teatro merita di essere un faro, '
                'un’opportunità di crescita e arricchimento per il nostro '
                'territorio. Tale visione è stata, per il secondo anno '
                'consecutivo, concretamente sostenuta dalla Fondazione di '
                'Piacenza e Vigevano, che ringrazio sentitamente per aver '
                'creduto fermamente nel valore e nella qualità delle nostre '
                'proposte, rendendo di fatto possibile l’attuazione di questo '
                'cartellone». Anche per Davide Rossi, presidente Fedro '
                'Cooperativa, la collaborazione si arricchisce per rendere '
                'Cortemaggiore un luogo di aggregazione culturale: «È un '
                'grande piacere tornare al Teatro Duse di Cortemaggiore, un '
                'luogo che considero tra i più suggestivi e autentici del '
                'nostro territorio. Un teatro storico, che infonde energie '
                'positive a chi lo vive, sia sul palco che in platea. Qui '
                'bellezza e cultura si intrecciano in modo naturale, creando '
                'ogni volta un’atmosfera speciale. Dopo il successo della '
                'prima edizione, la seconda stagione - firmata Fedro - sarà '
                'una naturale prosecuzione, ma con uno slancio ulteriore: '
                'abbiamo lavorato per alzare ancora l’asticella della qualità '
                'artistica e culturale. Anche quest’anno la stagione si '
                'articolerà tra prosa, musica e letteratura, mantenendo quella '
                'visione multidisciplinare che ci contraddistingue. Grandi '
                'interpreti nazionali e internazionali porteranno sul palco '
                'del Duse un vero e proprio mosaico artistico, fatto di '
                'storie, suoni, emozioni. L’obiettivo rimane quello di offrire '
                'al pubblico non solo spettacoli, ma esperienze capaci di '
                'lasciare un segno. Perché il teatro non è solo '
                'intrattenimento: è un luogo dove si costruisce comunità, si '
                'riflette, si cresce.Siamo felici di continuare questo '
                'percorso insieme al pubblico del Duse, con la stessa passione '
                'e lo stesso entusiasmo di sempre». «Una nuova importante '
                'stagione teatrale si affaccia al teatro Duse di Cortemaggiore '
                '– dichiara il coordinatore Prosa Teatro Duse Mino Manni –. '
                'Quest’anno, dopo aver ospitato il più grande attore di prosa '
                'Massimo Popolizio, avremo l’onore di accogliere l’attrice '
                'che, con la sua arte e il suo talento, ha lasciato un segno '
                'fondamentale nella storia del teatro italiano: Elisabetta '
                'Pozzi. A seguire un altro grande interprete non solo della '
                'prosa ma anche della televisione italiana: Tullio Solenghi '
                'con una serata dedicata all’immenso Paolo Villaggio. Beatrice '
                'Schiaffino, giovane e bravissima attrice del teatro italiano '
                'ci racconterà la storia realmente accaduta dell’unica donna '
                'della storia diventata Papa e poi il ritorno di Corrado '
                'Tedeschi che insieme alla figlia Camilla interpreterà '
                'l’esilarante commedia "Partenza in salita". Infine – prosegue '
                'Manni – ci sarà un omaggio a uno dei più grandi poeti della '
                'letteratura italiana: Ludovico Ariosto e al suo capolavoro '
                '"L’Orlando Furioso" che sarà interpretato da me e da altre '
                'quattro artiste di primissimo livello. Un viaggio '
                'meraviglioso nella storia e nella cultura del nostro paese e '
                'del teatro italiano. Un altro importante tassello di una '
                'serie di stagioni che rendono onore alla grande artista a cui '
                'il teatro è intitolato: Eleonora Duse. Vi aspettiamo», La '
                'stagione di prosa La stagione di prosa del teatro Eleonora '
                'Duse di Cortemaggiore è dedicata ai grandi interpreti del '
                'nostro tempo con Elisabetta Pozzi, Tullio Solenghi, Beatrice '
                'Schiaffino e Corrado Tedeschi con sua figlia Camilla e con il '
                'direttore artistico della prosa Mino Manni. Un viaggio '
                'meraviglioso nella storia e nella cultura del nostro Paese e '
                'del teatro italiano. Un ulteriore importante tassello di una '
                'serie di stagioni che rendono omaggio alla grande artista a '
                'cui il teatro è intitolato: Eleonora Duse. Concerti Una '
                'piccola, ma significativa, rassegna al Teatro Duse di '
                'Cortemaggiore, un vero gioiello incastonato nella bassa '
                'piacentina con artisti di fama internazionale. La proposta '
                'tocca tutti i generi musicali: dal blues al folk, passando '
                'per il cantautorato italiano fino ad arrivare alla lirica. '
                'Presentazioni letterarie Il Teatro Duse accompagnerà il '
                'pubblico in un viaggio alla scoperta di saggi, romanzi e '
                'ricette per offrire uno sguardo sulla contemporaneità. Teatro '
                'dialettale - IV rassegna magiostrina “...E io rido!” … E io '
                'rido! È il marchio della rassegna teatrale dialettale che '
                'torna nel 2026, sostenuta dall’Amministrazione comunale di '
                'Cortemaggiore, e arriva al Teatro Duse per il quarto anno. Un '
                'esperimento che ha trovato un’ottima risposta da parte del '
                'pubblico il quale ha gradito gli appuntamenti messi in '
                'cantiere con un occhio anche ai dialetti confinanti. Sul '
                'palcoscenico magiostrino un ciclo di commedie organico, '
                'concentrato e non più occasionale che va a integrare '
                'l’offerta culturale del teatro in lingua. «Anche per il 2026, '
                'da fine marzo a fine aprile, ci si divertirà dunque con una '
                'serie di rappresentazioni presentate da compagnie piacentine '
                'e non – si legge nel comunicato –. Sempre con l’intento di '
                'confermare una tradizione, molto sentita a cui vogliamo dare '
                'continuità, nella speranza di poter accontentare i gusti del '
                'pubblico così partecipe e caloroso nelle rassegne '
                'precedenti». Programma Sabato 18 ottobre, ore 21: '
                'Presentazione della stagione teatrale Luigi Merli, sindaco; '
                'Luca Tacchini, assessore e vicesindaco; Mino Manni, direttore '
                'artistico prosa; Davide Rossi, presidente Fedro a seguire '
                'concerto "Chet Baker’s songs" con Gianni Satta trio. Gianni '
                'Satta, tromba; Giovanni Guerretti, piano; Matteo Frigerio, '
                'batteria. Ingresso a offerta con prenotazione consigliata '
                'fino a esaurimento posti. Un omaggio raffinato e appassionato '
                'a uno dei miti del jazz moderno: Gianni Satta dedica un '
                'intero concerto alla musica e alla figura di Chet Baker, '
                'icona di bellezza malinconica, trombettista e cantante capace '
                'di toccare corde profonde con il suo stile inconfondibile. '
                'Con la sua tromba e la sua sensibilità interpretativa, Satta '
                'ripercorre il repertorio più intimo e lirico di Baker, tra '
                'standard intramontabili, ballad struggenti e improvvisazioni '
                'dal gusto rarefatto. Un viaggio sonoro che unisce eleganza e '
                'introspezione, capace di evocare atmosfere notturne e '
                'suggestive, nel segno di una poetica musicale fatta di '
                'silenzi, sospensioni e note sussurrate. Ad accompagnarlo sul '
                'palco, musicisti di grande esperienza, per un tributo '
                'autentico e sentito che non è semplice imitazione, ma ricerca '
                'di uno spirito, di un’anima musicale senza tempo. Mercoledì '
                '29 ottobre, ore 18,30 : Incontro Letterario. Andrea Mainardi '
                '- "Quanto burro? 80 ricette abbondanti da condividere con '
                'tutti (ma non con la nutrizionista)" . Ingresso a offerta con '
                'prenotazione consigliata fino a esaurimento posti. Al termine '
                'brindisi conviviale con l’autore. Lo chef Andrea Mainardi '
                'presenta il suo ultimo libro "Quanto burro? 80 ricette '
                'abbondanti da condividere con tutti (ma non con la '
                'nutrizionista)", un inno alla cucina di gusto. Andrea '
                'Mainardi è uno degli chef più seguiti negli ultimi anni sui '
                'social e in tv è noto come ospite del programma La prova del '
                'cuoco. Grazie al suo stile unico e divertentissimo ogni sua '
                'ricetta che fa milioni di visualizzazioni su Instagram '
                'trasuda di burro e degli ingredienti più goduriosi. Perché '
                'secondo lo chef la cucina è un momento di gioia e '
                'condivisione, è fatta per godere e non per togliere gli '
                'ingredienti più golosi. Questo libro abbina la voce punk di '
                'Mainardi con una cucina divertente, semplice, ma ben fatta. '
                'Venerdì 7 novembre, ore 21 : Spettacolo teatrale. Elisabetta '
                'Pozzi - "Serata D’Onore" Ingresso a pagamento: 20 euro. Una '
                'serata di incontro col pubblico in cui l’artista racconta '
                'parte della sua vita sul palcoscenico, interpretando alcuni '
                'brani di personaggi celebri come Medea, Clitennestra e Amleto '
                'che negli anni ha portato sul palcoscenico. Elisabetta Pozzi, '
                'formatasi alla scuola del Teatro di Genova, ha iniziato a '
                'recitare adolescente interpretando piccoli ruoli in diversi '
                'spettacoli, fino al debutto, a fianco di Giorgio Albertazzi '
                'che la sceglie come protagonista, ne Il fu Mattia Pascal, '
                'pièce tratta dall’omonimo romanzo di Luigi Pirandello. Inizia '
                'rapidamente ad affrontare personaggi femminili '
                'particolarmente complessi, portandoli in scena grazie a regie '
                'tese a valorizzarli incentrando spesso l’intero dramma o '
                'l’azione scenica su di loro. Per le sue interpretazioni è '
                'stata insignita di quattro Premi Ubu, due premi della critica '
                'e il Premio Eleonora Duse. Tra le interpreti più intense e '
                'autorevoli del panorama teatrale italiano, Elisabetta Pozzi '
                'ha legato il suo nome indissolubilmente al Teatro Greco di '
                'Siracusa, dove ha dato vita a figure femminili che '
                'appartengono alla leggenda della scena antica: Medea, Fedra, '
                'Ecuba, Clitennestra, Elettra e Lisistrata. Per il cinema '
                'interpreta varie pellicole tra cui Maledetto il giorno che '
                't’ho incontrato di Carlo Verdone grazie al quale riceve un '
                'David di Donatello nel 1992 come miglior attrice non '
                'protagonista. Domenica 23 novembre, ore 21 : Spettacolo '
                'teatrale. Beatrice Schiaffino - "La Papessa" Prosegue il '
                'viaggio nella grande prosa della stagione teatrale 2025/26 '
                'del Teatro Duse di Cortemaggiore, che domenica 23 novembre '
                'alle ore 21 accoglierà Beatrice Schiaffino con lo spettacolo '
                'La Papessa. Un appuntamento che conferma la volontà del '
                'Teatro e di Fedro di offrire al pubblico narrazioni capaci di '
                'parlare al nostro tempo attraverso linguaggi vivi, '
                'appassionati e profondi. La Papessa è un potente inno '
                'all’emancipazione femminile: un viaggio iniziatico che '
                'intreccia storia e leggenda, simboli e spiritualità. Lo '
                'spettacolo prende vita da uno degli arcani più misteriosi dei '
                'Tarocchi, figura che incarna conoscenza, audacia e potere '
                'interiore. "La donna che vuole sapere è pericolosa… La donna '
                'che sa è ancora più pericolosa." Attorno a questa idea si '
                'muove la vicenda di Johanna, donna del Medioevo ribelle e '
                'visionaria. Studiosa, viaggiatrice, capace di sfidare le '
                'leggi del suo tempo, si finge uomo fino a rendere possibile '
                'l’impossibile: ascendere al soglio pontificio. Un gesto '
                'radicale, che afferma il diritto universale alla conoscenza e '
                'una fede che non conosce confini. Johanna diventa simbolo di '
                'libertà e disobbedienza, prima leggenda, poi archetipo, '
                'infine icona teatrale. Lo spettacolo nasce dal progetto "Free '
                'Women Suite - Il coraggio delle donne in 7 carte teatrali", '
                'ideato da Andrea Balzola e Beatrice Schiaffino: una ricerca '
                'sulle figure femminili degli arcani maggiori – visionarie, '
                'anticonformiste, spesso cancellate o taciute - che nei secoli '
                'hanno incarnato forza, resistenza e trasformazione. Nel 2025 '
                'lo spettacolo viene selezionato dal Fringe Milano Off '
                'Festival, prestigiosa vetrina internazionale. «Siamo molto '
                'felici di ospitare Beatrice Schiaffino, una delle voci più '
                'interessanti e versatili del panorama teatrale contemporaneo '
                '– dichiara Davide Rossi, presidente di Fedro –. La Papessa è '
                'uno spettacolo capace di unire profondità, energia scenica e '
                'una riflessione potente sul femminile. Portare sul nostro '
                'palco un lavoro di questa qualità conferma la direzione che '
                'vogliamo dare alla stagione: una proposta culturale '
                'accessibile, appassionante e capace di parlare al presente» '
                'Attrice, autrice, regista e counselor, Beatrice Schiaffino è '
                'un’artista in continuo movimento. Nata a Genova e formatasi '
                'tra Genova, Londra e Los Angeles, è laureata in Discipline '
                'dello Spettacolo e vive a Roma, dove prosegue gli studi in '
                'Psicologia. La sua attività teatrale spazia dalla prosa '
                'classica alle performance, ai recital con musica dal vivo, in '
                'italiano e inglese, con una versatilità che ne ha segnato '
                'negli anni il percorso artistico. Accanto alla ricerca '
                'autoriale, Schiaffino prosegue la tournée della commedia '
                'L’anatra all’arancia, regia di Claudio "Greg" Gregori '
                '(Compagnia Molière e Teatro Stabile di Verona), in scena dal '
                '2023 con oltre 200 repliche sold out, insieme a Emilio '
                'Solfrizzi, Carlotta Natoli e Ruben Rigillo. Nel 2025 a Roma '
                'va in scena la nuova "carta", L’Imperatrice, uno spettacolo '
                'multimediale che vede l’attrice impegnata anche alla regia. '
                'Al cinema è protagonista del revenge movie Do ut des (2023, '
                'regia D. Germani; Premio Miglior Attrice Protagonista al '
                'Dubai International Film Festival) e del thriller Phobia '
                '(2023, regia A. Abbate). In televisione ha preso parte a Bang '
                'Bang Baby (Amazon Prime, 2022) e Masantonio - Scomparsi '
                '(Mediaset, 2019). Nel 2020 partecipa al festival Ad Alta Voce '
                'Coop e compare nel corto Riva in the Movie con Pierfrancesco '
                'Favino, presentato alla Mostra del Cinema di Venezia. '
                'Ingresso a offerta con prenotazione consigliata fino a '
                'esaurimento posti. Sabato 29 novembre, ore 21 : Concerto "A '
                'ruota libera" racconto fra note e parole di Pierangelo '
                'Bertoli Massimo Donno duo con Emanuele Coluccia ai fiati. '
                'Ingresso a offerta con prenotazione consigliata fino a '
                'esaurimento posti. Un concerto che esplora la produzione '
                'discografica di uno dei più importanti
[2026-01-30T14:25:15.574+0000] {docker.py:429} INFO - cantautori italiani: '
                'Pierangelo Bertoli. Dalle prime registrazioni prettamente '
                'legate ai canti politici, agli album in dialetto, fino agli '
                'ultimi capolavori, il concerto di Massimo Donno è un modo per '
                'raccontare la vita, l’impegno politico e sociale di '
                'Pierangelo Bertoli. Il cantautore salentino Donno sta '
                'lavorando da tempo ad un album su Pierangelo Bertoli e questo '
                'live ne rappresenta una sorta di anteprima. «Ci sono album '
                'che rispondono ad un desiderio ed album che sono risposte ad '
                'un bisogno: per me, realizzare un lavoro discografico su '
                'Pierangelo Bertoli ha quest’ultima caratteristica. Pierangelo '
                'Bertoli, da quella standing ovation al Sanremo 1991, quando '
                'avevo dieci anni, nella mia esistenza rappresenta l’apertura '
                'di una grande finestra sulla vita, fatta di lotte ai soprusi '
                'e alle barriere architettoniche, di impegno, di tutela dei '
                'diritti, di amore e rabbia, di "lune dal monte" e pensieri "a '
                'muso duro [...] Sento di poter dire che omaggiare Bertoli, '
                'facendo un album o un concerto a lui dedicato, sia un atto '
                'd’amore verso chi crede ancora nella magia delle parole, '
                'nella forza della canzone d’autore come mezzo di divulgazione '
                'della poesia, della lotta, della bellezza». Sabato 6 '
                'dicembre, ore 21 : Concerto Folk Country Internazionale "Da '
                'Dylan ai Fratelli Coen" Il Teatro Duse di Cortemaggiore '
                'ospita sabato 6 dicembre alle ore 21 un evento unico dedicato '
                'alle radici del folk e del country americano: "Da Dylan ai '
                'Fratelli Coen", concerto-racconto del musicista, scrittore e '
                'storico della musica Elijah Wald (Usa), figura internazionale '
                'tra le più autorevoli nello studio della cultura folk. Con il '
                'suo stile narrativo coinvolgente, Wald guiderà il pubblico '
                'nel cuore del Greenwich Village dei primi anni Sessanta, '
                'quando un giovanissimo Bob Dylan muoveva i primi passi nella '
                'scena newyorkese. Attraverso canzoni, aneddoti e '
                'testimonianze dirette, l’artista ripercorrerà l’ascesa del '
                'giovane Dylan e i suoi incontri con protagonisti fondamentali '
                'come Woody Guthrie, Odetta, Dave Van Ronk e Ramblin’ Jack '
                'Elliott, restituendo l’atmosfera di un’epoca che ha '
                'profondamente segnato la musica contemporanea. Il concerto '
                'intreccia musica e racconto, passando dalle ballate '
                'tradizionali ai capolavori che hanno definito la poetica '
                'dylaniana, con la competenza e la profondità che '
                'contraddistinguono Wald, vincitore di un Grammy e autore di '
                'testi imprescindibili come The Mayor of MacDougal Street e '
                'Dylan Goes Electric!. Sul palco insieme a lui Paolo Ercoli, '
                'tra i migliori interpreti italiani della dobro guitar, che '
                'accompagnerà Wald con eleganza e sensibilità. A moderare la '
                'serata sarà Seba Pezzani, musicista, giornalista e profondo '
                'conoscitore della musica d’autore americana. «Portare Elijah '
                'Wald al Teatro Duse significa offrire al nostro pubblico uno '
                'sguardo privilegiato su una pagina fondamentale della musica '
                'del Novecento. La sua capacità unica di intrecciare storia, '
                'testimonianze e interpretazione musicale rende questo '
                'appuntamento un vero piccolo gioiello della nostra stagione. '
                'Accanto a lui, musicisti come Paolo Ercoli e una guida colta '
                'come Seba Pezzani, completano un quadro di altissimo livello. '
                'È una serata che racconta la forza del folk come linguaggio '
                'vivo, capace di unire generazioni e culture, e siamo '
                'orgogliosi di ospitarla», sottolinea il presidente di Fedro '
                'Davide Rossi. Domenica 21 dicembre, ore 17 : Concerto di '
                'musica Lirica "Questo è molto buono...mago! (ovvero il '
                'panettone di Casa Verdi)" Un viaggio musicale nella '
                'dimensione più intima e quotidiana di Giuseppe Verdi, tra '
                'arie immortali, narrazione e atmosfera natalizia. È quanto '
                'propone "Questo è molto buono… mago! (ovvero il panettone di '
                'Casa Verdi)", il concerto-spettacolo in programma domenica 21 '
                'dicembre alle ore 17 al Teatro Duse di Cortemaggiore, '
                'realizzato in collaborazione con gli Amici della Lirica. Lo '
                'spettacolo accompagna il pubblico idealmente a Sant’Agata, '
                'nella casa del Maestro, dove la vita domestica, le '
                'suggestioni del Natale e l’universo creativo verdiano si '
                'intrecciano in un racconto che alterna musica e parola. In '
                'scena Federico Longhi (baritono), Pietro Picone (tenore) e '
                'Ilaria Quilico (soprano), accompagnati al pianoforte da Gian '
                'Francesco Amoroso, su testi di Giulia Bassi. «Come presidente '
                'degli Amici della Lirica desidero ringraziare Fedro per '
                'averci offerto anche quest’anno l’opportunità di mettere in '
                'scena un concerto-spettacolo che racconta Verdi e uno dei '
                'momenti a lui più cari: il Natale – sottolinea Giuliana '
                'Biagiotti, presidente degli Amici della Lirica –. Un progetto '
                'reso ancora più prezioso da un cast di altissimo livello: il '
                'tenore Pietro Picone, il baritono Federico Longhi e il '
                'soprano Ilaria Alida Quilico con testi di Giulia Bassi. Non è '
                'uno spettacolo che si può spiegare: bisogna viverlo». '
                'Sottolinea il valore culturale dell’iniziativa anche Davide '
                'Rossi, presidente Fedro: «Questo concerto-spettacolo unisce '
                'divulgazione e qualità artistica, offrendo al pubblico un '
                'modo originale e coinvolgente per avvicinarsi a Verdi. Un '
                'appuntamento che coniuga musica, racconto e spirito '
                'natalizio, nel segno della condivisione». Il programma '
                'prevede arie e duetti verdiani inseriti in una struttura '
                'teatrale dal tono leggero e raffinato, capace di restituire '
                'un ritratto autentico del compositore, lontano dalla sola '
                'celebrazione e più vicino alla sua dimensione umana. Al '
                'termine del concerto è previsto un brindisi con scambio di '
                'auguri di Buon Natale gentilmente offerto da Fedro. Sabato 10 '
                'gennaio, ore 21 : Concerto "L’Uomo del Mocambo" omaggio a '
                'Paolo Conte Max Lazzarin in Trio accompagnato da Riccardo '
                'Romano bassista e batterista Danilo Turi. Ingresso a offerta '
                'con prenotazione consigliata fino a esaurimento posti. Max '
                'Lazzarin, protagonista della scena blues italiana, presenta '
                'un progetto originale che rende omaggio a Paolo Conte nel '
                'rispetto della sua poetica. C’è un bar immaginario, da '
                'qualche parte tra le pieghe della notte e le note di un '
                'pianoforte sghembo. È il Mocambo, luogo simbolico e mentale '
                'che attraversa da sempre l’universo di Paolo Conte. È da lì '
                'che parte Max Lazzarin Trio per costruire un progetto '
                'musicale prodotto da Fedro, che prende il via Teatro Duse di '
                'Cortemaggiore che ospita la prima nazionale di questo lavoro '
                'originale: "L’Uomo del Mocambo, omaggio a Paolo Conte", uno '
                'spettacolo che unisce musica, narrazione e visione culturale, '
                'segnando l’inizio di un percorso destinato a crescere nel '
                'tempo. Max Lazzarin sceglie una strada complessa e '
                'coraggiosa: entrare nel mondo di Paolo Conte da una porta '
                'laterale, quella di uno dei suoi alter ego più affascinanti, '
                'l’Uomo del Mocambo. Un personaggio che non è mai stato '
                'davvero protagonista e che proprio per questo diventa chiave '
                'di lettura privilegiata. Proprietario di un piccolo bar '
                'immaginario, osservatore discreto di vite storte, amori '
                'sbilenchi e solitudini eleganti, l’Uomo del Mocambo è il '
                'filtro attraverso cui prende forma la narrazione musicale '
                'dello spettacolo. Sul palco, accanto a Lazzarin, due '
                'musicisti di grande sensibilità: Riccardo Romano (basso) e '
                'Lorenzo Madini (batteria). In trio, costruiscono un tessuto '
                'sonoro essenziale e raffinato, capace di muoversi tra jazz, '
                'blues e canzone d’autore, lasciando spazio ai chiaroscuri, ai '
                'silenzi, alle parole che contano. Qui la musica non '
                'accompagna il racconto: lo genera. Ogni brano diventa un '
                'frammento di storia, ogni atmosfera un luogo emotivo in cui '
                'il pubblico è invitato a sostare. La produzione e la '
                'direzione artistica sono curate da Davide Rossi, presidente '
                'di Fedro, che, insieme al Teatro Duse, firma una produzione '
                'originale pensata fin dall’inizio per non esaurirsi nella '
                'data del debutto. «Questo progetto nasce da una domanda '
                'semplice ma radicale: come rendere omaggio a un gigante come '
                'Paolo Conte senza trasformarlo in un monumento – sottolinea '
                'Rossi –. La risposta è stata il tempo: tempo per ascoltare, '
                'per studiare, per costruire una relazione vera tra artisti, '
                'musica e pubblico. Con Max Lazzarin abbiamo scelto di partire '
                'da un luogo narrativo, l’Uomo del Mocambo, e da lì lasciare '
                'che la musica facesse il resto. È una prima nazionale, ma '
                'soprattutto è l’inizio di un cammino che vogliamo '
                'accompagnare a lungo, nei teatri e nei festival, in Italia e '
                'in Europa. Rileggere Paolo Conte oggi significa assumersi una '
                'responsabilità: confrontarsi con un autore che è già '
                'diventato paesaggio, immaginario collettivo, memoria '
                'condivisa. Max Lazzarin lo fa con rispetto e libertà, '
                'scegliendo la via dell’interpretazione personale, lontana '
                'dalla nostalgia e vicina all’ascolto. Il Teatro Duse, con la '
                'sua dimensione raccolta, diventa lo spazio ideale per questo '
                'incontro». Questa prima nazionale rappresenta infatti un atto '
                'fondativo e inaugura una nuova linea produttiva di Fedro '
                'dedicata ai concerti tematici: percorsi culturali strutturati '
                'pensati per crescere nel tempo e dialogare con pubblici '
                'diversi. Una visione che trova nel Teatro Duse un alleato '
                'naturale, per vocazione, dimensione e attenzione alla '
                'qualità. Il 10 gennaio non va in scena una visione: quella di '
                'una musica che sedimenta e che costruisce senso. L’Uomo del '
                'Mocambo apre le porte del suo bar immaginario e invita il '
                'pubblico a entrare. Il viaggio comincia qui: dal Teatro Duse '
                'di Cortemaggiore. Lunedì 26 gennaio, ore 21 : "Una serata '
                'pazzesca" dedicata a Paolo Villaggio Tullio Solenghi. '
                'Ingresso a pagamento: 25 euro. Tornare a divertirsi con Paolo '
                'Villaggio, restituito per la prima volta alla sua grandezza '
                'di scrittore da un altro grande artista genovese, Tullio '
                'Solenghi, grazie a uno spettacolo ideato da Sergio Maifredi '
                'per Teatro Pubblico Ligure: "Una serata pazzesca". Sulla '
                'scena Tullio Solenghi restituisce la genialità e l’inventiva '
                'di Paolo Villaggio. Racconta aneddoti, storie vissute, '
                'incontri; e poi legge i suoi libri, i suoi pensieri, i suoi '
                'racconti, rivelandone la forza di scrittore. Paolo Villaggio '
                'è il creatore di alcune tra le più riuscite maschere '
                'contemporanee, dal Professor Kranz a Fracchia fino al '
                'celeberrimo ragionier Ugo Fantozzi. Il libro "Fantozzi" nel '
                '2011, per i 150 anni dell’Unità d’Italia è stato scelto dal '
                'comitato scientifico del Centro per il libro e la lettura - '
                'Ministero delle Cultura - tra le centocinquanta opere che '
                'hanno segnato la storia dello Stato Italiano. Espressioni '
                'come "megagalattico", "poltrona in pelle umana", "nuvola '
                'degli impiegati", "salivazione azzerata", "lingua felpata", '
                'aggettivi come "mostruoso", "pazzesco" e "agghiacciante" o '
                'inesattezze verbali come "venghi", "vadi", "dichi" sono state '
                'entrate nel lessico italiano grazie a Villaggio. Sabato 21 '
                'febbraio ore 21 : "Partenza in salita", per la regia di '
                'Corrado Tedeschi Corrado e Camilla Tedeschi. Ingresso a '
                'pagamento: 20 euro. Le lezioni di guida impartite si '
                'trasformano subito in istantanee di vita. La sfida con '
                'volante, pedali e marce, sono un parallelo con le tenzoni '
                'dell’esistenza. Imparare a padroneggiare il mezzo suggerisce '
                'la necessità (e l’opportunità) di arrivare a condurre con '
                'maestria e prudenza anche il rapporto "a scoppio" tra un '
                "padre un po' scriteriato e una figlia arrabbiata. Ruoli che "
                'si invertono come si inverte la marcia, rivendicazioni che '
                'urlano come il motore, questioni antiche lasciate troppo a '
                'lungo in folle, frecce (non solo luminose) che vanno e '
                'vengono, ma alla fine non manca mai la benzina: l’amore forte '
                'e sincero tra i due protagonisti. Entrambi principianti: lei '
                'alla guida, lui come padre. La partenza è in salita, ma la '
                'strada è tutta loro. Domenica 8 marzo, ore 17 : Incontro '
                'Letterario. "Corpi, sentimenti e creatività: viaggio '
                'nell’universo femminile di Giulia Muscatelli" Ingresso a '
                'offerta con prenotazione consigliata fino a esaurimento '
                'posti. Al Teatro Duse di Cortemaggiore, in occasione della '
                'Giornata Internazionale della Donna, una serata di '
                'riflessione con una delle voci più originali della narrativa '
                'contemporanea: la scrittrice Giulia Muscatelli. Autrice amata '
                'e brillante osservatrice delle dinamiche femminili, '
                'Muscatelli racconta le difficoltà e la visione delle '
                'adolescenti, dal mutare del corpo alla necessità di '
                'comprendere le relazioni. I suoi romanzi hanno al centro '
                'figure femminili imperfette e autentiche, lontane dagli '
                'stereotipi e vicinissime alle sfide quotidiane di milioni di '
                'donne. La serata sarà un’occasione per parlare di corpi, '
                'sentimenti e creatività. Attraverso i suoi libri emerge un '
                'ritratto dell’universo femminile caleidoscopico, capace di '
                'valorizzare la figura della donna con un racconto prezioso e '
                'sfaccettato. Un appuntamento pensato non solo per celebrare '
                'le donne, ma per restituire centralità alla parola, al '
                'confronto e alla consapevolezza. Perché ogni 8 marzo sia un '
                'inizio, e non soltanto una ricorrenza. Giulia Muscatelli '
                '(Torino, 1989) è autrice, docente e professionista della '
                'comunicazione. Nel 2022 ha esordito con il libro Balena '
                '(Edizioni nottetempo), pubblicato anche in Francia nel 2024. '
                'Il suo secondo romanzo, Io di amore non so scrivere, è uscito '
                'nel 2025 per add editore. Collabora con la Scuola Holden come '
                'docente. È autrice di due podcast prodotti da Mondadori '
                'Studios e scrive articoli di approfondimento per diverse '
                'testate. Si occupa, inoltre, della scrittura e della '
                'progettazione di percorsi finalizzati alla valorizzazione '
                'dell’heritage museale ed esperienziale digitale. Sabato 14 '
                'marzo, ore 21 : Spettacolo teatrale "La follia di Orlando" da '
                'L’Orlando furioso di Ludovico Ariosto Spettacolo di e con '
                'Mino Manni (voce recitante, adattamento e regia) insieme a '
                'Marta Ossoli (voce recitante, canto e costumi), Marta Rebecca '
                'Rizzioli (voce recitante e canto), Silvia Mangiarotti '
                '(violino e arrangiamenti musicali), Francesca Ruffilli '
                '(violoncello). Ingresso a offerta con prenotazione '
                'consigliata fino a esaurimento posti. La rappresentazione '
                'teatrale de L’Orlando Furioso, cinquecentesco poema '
                'cavalleresco di Ludovico Ariosto, approda sul palco del '
                'Teatro Duse in una suggestiva e affascinante commistione tra '
                'musica pop, arte e letteratura classica da una originale idea '
                'del regista e attore Mino Manni. Anno 778. La guerra tra '
                'cristiani e saraceni divampa e Parigi è assediata '
                'dall’esercito dei mori. Carlo Magno, con l’aiuto dei suoi '
                'paladini, riesce a respingere l’attacco dei guerrieri pagani. '
                'C’è solo un cavaliere cristiano però che ha abbandonato il '
                'campo: Orlando, impazzito d’amore per la bella principessa '
                'del Catai Angelica. Il più valoroso dei paladini infatti si è '
                'messo sulle tracce della fanciulla e, rifugiatosi in un '
                'bosco, scopre che Angelica si è innamorata di un giovane '
                'cavaliere saraceno: Medoro. Orlando legge i messaggi d’amore '
                'dei due amanti incisi nei tronchi degli alberi e sulle pareti '
                'delle grotte dove casualmente è rifugiato. L’eroe cade in '
                'preda alla follia e pervaso da un’ira cieca e selvaggia '
                'distrugge tutto ciò che trova sul suo cammino. Il classico '
                'immortale di Ludovico Ariosto, l’Orlando furioso, riprende '
                'vita attraverso parole, musiche e canti antichi e '
                'contemporanei. L’epica torna ad incantare, con una forza e '
                'una freschezza capaci di parlare ancora oggi al cuore e '
                'all’immaginazione di ciascuno di noi. Da sabato 28 marzo a '
                'domenica 3 maggio : Rassegna dialettale magiostrina "...E io '
                'rido!" Ingresso a offerta con prenotazione consigliata fino a '
                'esaurimento posti. Sul palcoscenico magiostrino un ciclo di '
                'commedie per la rassegna teatrale dialettale che torna nel '
                '2026 per divertire con una serie di rappresentazioni '
                'presentate da compagnie piacentine e non. Sabato 9 e domenica '
                '10 maggio, ore 21 : La casa sul lago - La notte come metafora '
                'dell’attesa a cura de "Il Filo di Arianna" Ingresso a offerta '
                'con prenotazione consigliata fino a esaurimento posti. Nella '
                'grande casa sul lago della famiglia Beltrami ai piedi delle '
                'montagne lombarde, il vecchio ingegnere Emerenziano sta forse '
                'combattendo l’ultima battaglia della sua lunga vita. A '
                'vegliarlo i nipoti e il fratello, riuniti dopo anni di gelo '
                'ed incomprensioni succeduti alla divisione ereditaria che ha '
                'lasciato l’ingegnere a dirigere il gioiello di famiglia, una '
                'delle prime centrali idroelettriche italiane. Siamo sul '
                'finire del diciannovesimo secolo. Mentre sta per scatenarsi '
                'un grandioso temporale anche i dissidi per lungo tempo sopiti '
                'tra parenti, nell’ansia di vedersi riconosciute o meno nuove '
                'proprietà verranno esplosivamente a galla rivelando di molti '
                'il lato meno nobile. Ma la notte, tra agnizioni, apparizioni '
                'ed evocazioni nella incontenibile energia degli elementi, '
                'avrà fine componendosi in una mattinata forse foriera di '
                'nuovi rapporti e nuove visioni della vita. Il filo di '
                'Arianna, attivo dal 2012, ha affrontato in questi anni '
                'numerosi testi teatrali di autori classici (tra cui Sofocle '
                'Euripide Shakespeare Brecht Calvino Goldoni Molière '
                'Aristofane ) ma da diverse stagioni, rinnovando la tradizione '
                'delle compagnie d’autore, rappresenta testi di sua creazione '
                'adattando i personaggi sulle caratteristiche degli attori '
                'tutti rigorosamente non professionisti. Biglietteria '
                'Biglietteria locale all’Associazione Turistica Cortemaggiore, '
                'via Boni Brighenti 2/a nei seguenti giorni: - lunedì dalle '
                'ore 9 alle 11; - martedì dalle ore 17 alle 19; - giovedì '
                'dalle ore 9 alle 11; - sabato dalle ore 10 alle 12. Per la '
                'prenotazione degli spettacoli gratuiti contattare il seguente '
                'numero 366 3065722 preferibilmente con messaggio whatsapp. È '
                'possibile acquistare un abbonamento per quattro spettacoli a '
                '70 euro: i posti assegnati valgono anche per gli spettacoli '
                'gratuiti previa comunicazione whatsapp o mail almeno 24 ore '
                'prima fino a esaurimento posti. È possibile prenotare il '
                'proprio posto tramite l’indirizzo dusecortemaggiore@gmail.com '
                'Rassegna "...E io rido!" - ingresso a offerta con '
                'prenotazione consigliata fino a esaurimento posti.',
 'image_url': '//citynews-ilpiacenza.stgy.ovh/~media/horizontal-mid/31272010159642/duse-11-3.jpg',
 'location_address': 'Via XX Settembre, 38',
 'location_name': 'Teatro Duse',
 'price': 'Prezzo non disponibile',
 'scraped_at': '2026-01-30T14:24:50.661783',
 'time_info': 'Orari vari',
 'title': 'Teatro Duse, a Cortemaggiore al via la nuova stagione tra prosa, '
          'musica e letteratura',
 'url': 'https://www.ilpiacenza.it/eventi/teatro-duse-a-cortemaggiore-al-via-la-nuova-stagione-tra-prosa-musica-e-letteratura.html',
 'uuid': 'a433ea038f65b3c1'}
[2026-01-30T14:25:16.850+0000] {docker.py:429} INFO - 2026-01-30 14:25:16 [scrapy.core.engine] DEBUG: Crawled (200) <GET https://www.ilpiacenza.it/eventi/castelsangiovanni-si-prepara-ad-accogliere-la-nuova-stagione-del-teatro-verdi.html> (referer: https://www.ilpiacenza.it/eventi/dal/2026-01-30/al/2026-02-01/)
[2026-01-30T14:25:16.960+0000] {docker.py:429} INFO - 2026-01-30 14:25:16 [scrapy.core.scraper] DEBUG: Scraped from <200 https://www.ilpiacenza.it/eventi/castelsangiovanni-si-prepara-ad-accogliere-la-nuova-stagione-del-teatro-verdi.html>
{'category': 'Teatri',
 'city': 'Piacenza',
 'content_hash': '4cc1a851a2178b95',
 'date_end': '2026-03-29',
 'date_start': '2025-10-08',
 'dates': [{'date': '2025-10-08', 'weekday': 'Mercoledì'},
           {'date': '2025-10-09', 'weekday': 'Giovedì'},
           {'date': '2025-10-10', 'weekday': 'Venerdì'},
           {'date': '2025-10-11', 'weekday': 'Sabato'},
           {'date': '2025-10-12', 'weekday': 'Domenica'},
           {'date': '2025-10-13', 'weekday': 'Lunedì'},
           {'date': '2025-10-14', 'weekday': 'Martedì'},
           {'date': '2025-10-15', 'weekday': 'Mercoledì'},
           {'date': '2025-10-16', 'weekday': 'Giovedì'},
           {'date': '2025-10-17', 'weekday': 'Venerdì'},
           {'date': '2025-10-18', 'weekday': 'Sabato'},
           {'date': '2025-10-19', 'weekday': 'Domenica'},
           {'date': '2025-10-20', 'weekday': 'Lunedì'},
           {'date': '2025-10-21', 'weekday': 'Martedì'},
           {'date': '2025-10-22', 'weekday': 'Mercoledì'},
           {'date': '2025-10-23', 'weekday': 'Giovedì'},
           {'date': '2025-10-24', 'weekday': 'Venerdì'},
           {'date': '2025-10-25', 'weekday': 'Sabato'},
           {'date': '2025-10-26', 'weekday': 'Domenica'},
           {'date': '2025-10-27', 'weekday': 'Lunedì'},
           {'date': '2025-10-28', 'weekday': 'Martedì'},
           {'date': '2025-10-29', 'weekday': 'Mercoledì'},
           {'date': '2025-10-30', 'weekday': 'Giovedì'},
           {'date': '2025-10-31', 'weekday': 'Venerdì'},
           {'date': '2025-11-01', 'weekday': 'Sabato'},
           {'date': '2025-11-02', 'weekday': 'Domenica'},
           {'date': '2025-11-03', 'weekday': 'Lunedì'},
           {'date': '2025-11-04', 'weekday': 'Martedì'},
           {'date': '2025-11-05', 'weekday': 'Mercoledì'},
           {'date': '2025-11-06', 'weekday': 'Giovedì'},
           {'date': '2025-11-07', 'weekday': 'Venerdì'},
           {'date': '2025-11-08', 'weekday': 'Sabato'},
           {'date': '2025-11-09', 'weekday': 'Domenica'},
           {'date': '2025-11-10', 'weekday': 'Lunedì'},
           {'date': '2025-11-11', 'weekday': 'Martedì'},
           {'date': '2025-11-12', 'weekday': 'Mercoledì'},
           {'date': '2025-11-13', 'weekday': 'Giovedì'},
           {'date': '2025-11-14', 'weekday': 'Venerdì'},
           {'date': '2025-11-15', 'weekday': 'Sabato'},
           {'date': '2025-11-16', 'weekday': 'Domenica'},
           {'date': '2025-11-17', 'weekday': 'Lunedì'},
           {'date': '2025-11-18', 'weekday': 'Martedì'},
           {'date': '2025-11-19', 'weekday': 'Mercoledì'},
           {'date': '2025-11-20', 'weekday': 'Giovedì'},
           {'date': '2025-11-21', 'weekday': 'Venerdì'},
           {'date': '2025-11-22', 'weekday': 'Sabato'},
           {'date': '2025-11-23', 'weekday': 'Domenica'},
           {'date': '2025-11-24', 'weekday': 'Lunedì'},
           {'date': '2025-11-25', 'weekday': 'Martedì'},
           {'date': '2025-11-26', 'weekday': 'Mercoledì'},
           {'date': '2025-11-27', 'weekday': 'Giovedì'},
           {'date': '2025-11-28', 'weekday': 'Venerdì'},
           {'date': '2025-11-29', 'weekday': 'Sabato'},
           {'date': '2025-11-30', 'weekday': 'Domenica'},
           {'date': '2025-12-01', 'weekday': 'Lunedì'},
           {'date': '2025-12-02', 'weekday': 'Martedì'},
           {'date': '2025-12-03', 'weekday': 'Mercoledì'},
           {'date': '2025-12-04', 'weekday': 'Giovedì'},
           {'date': '2025-12-05', 'weekday': 'Venerdì'},
           {'date': '2025-12-06', 'weekday': 'Sabato'},
           {'date': '2025-12-07', 'weekday': 'Domenica'},
           {'date': '2025-12-08', 'weekday': 'Lunedì'},
           {'date': '2025-12-09', 'weekday': 'Martedì'},
           {'date': '2025-12-10', 'weekday': 'Mercoledì'},
           {'date': '2025-12-11', 'weekday': 'Giovedì'},
           {'date': '2025-12-12', 'weekday': 'Venerdì'},
           {'date': '2025-12-13', 'weekday': 'Sabato'},
           {'date': '2025-12-14', 'weekday': 'Domenica'},
           {'date': '2025-12-15', 'weekday': 'Lunedì'},
           {'date': '2025-12-16', 'weekday': 'Martedì'},
           {'date': '2025-12-17', 'weekday': 'Mercoledì'},
           {'date': '2025-12-18', 'weekday': 'Giovedì'},
           {'date': '2025-12-19', 'weekday': 'Venerdì'},
           {'date': '2025-12-20', 'weekday': 'Sabato'},
           {'date': '2025-12-21', 'weekday': 'Domenica'},
           {'date': '2025-12-22', 'weekday': 'Lunedì'},
           {'date': '2025-12-23', 'weekday': 'Martedì'},
           {'date': '2025-12-24', 'weekday': 'Mercoledì'},
           {'date': '2025-12-25', 'weekday': 'Giovedì'},
           {'date': '2025-12-26', 'weekday': 'Venerdì'},
           {'date': '2025-12-27', 'weekday': 'Sabato'},
           {'date': '2025-12-28', 'weekday': 'Domenica'},
           {'date': '2025-12-29', 'weekday': 'Lunedì'},
           {'date': '2025-12-30', 'weekday': 'Martedì'},
           {'date': '2025-12-31', 'weekday': 'Mercoledì'},
           {'date': '2026-01-01', 'weekday': 'Giovedì'},
           {'date': '2026-01-02', 'weekday': 'Venerdì'},
           {'date': '2026-01-03', 'weekday': 'Sabato'},
           {'date': '2026-01-04', 'weekday': 'Domenica'},
           {'date': '2026-01-05', 'weekday': 'Lunedì'},
           {'date': '2026-01-06', 'weekday': 'Martedì'},
           {'date': '2026-01-07', 'weekday': 'Mercoledì'},
           {'date': '2026-01-08', 'weekday': 'Giovedì'},
           {'date': '2026-01-09', 'weekday': 'Venerdì'},
           {'date': '2026-01-10', 'weekday': 'Sabato'},
           {'date': '2026-01-11', 'weekday': 'Domenica'},
           {'date': '2026-01-12', 'weekday': 'Lunedì'},
           {'date': '2026-01-13', 'weekday': 'Martedì'},
           {'date': '2026-01-14', 'weekday': 'Mercoledì'},
           {'date': '2026-01-15', 'weekday': 'Giovedì'},
           {'date': '2026-01-16', 'weekday': 'Venerdì'},
           {'date': '2026-01-17', 'weekday': 'Sabato'},
           {'date': '2026-01-18', 'weekday': 'Domenica'},
           {'date': '2026-01-19', 'weekday': 'Lunedì'},
           {'date': '2026-01-20', 'weekday': 'Martedì'},
           {'date': '2026-01-21', 'weekday': 'Mercoledì'},
           {'date': '2026-01-22', 'weekday': 'Giovedì'},
           {'date': '2026-01-23', 'weekday': 'Venerdì'},
           {'date': '2026-01-24', 'weekday': 'Sabato'},
           {'date': '2026-01-25', 'weekday': 'Domenica'},
           {'date': '2026-01-26', 'weekday': 'Lunedì'},
           {'date': '2026-01-27', 'weekday': 'Martedì'},
           {'date': '2026-01-28', 'weekday': 'Mercoledì'},
           {'date': '2026-01-29', 'weekday': 'Giovedì'},
           {'date': '2026-01-30', 'weekday': 'Venerdì'},
           {'date': '2026-01-31', 'weekday': 'Sabato'},
           {'date': '2026-02-01', 'weekday': 'Domenica'},
           {'date': '2026-02-02', 'weekday': 'Lunedì'},
           {'date': '2026-02-03', 'weekday': 'Martedì'},
           {'date': '2026-02-04', 'weekday': 'Mercoledì'},
           {'date': '2026-02-05', 'weekday': 'Giovedì'},
           {'date': '2026-02-06', 'weekday': 'Venerdì'},
           {'date': '2026-02-07', 'weekday': 'Sabato'},
           {'date': '2026-02-08', 'weekday': 'Domenica'},
           {'date': '2026-02-09', 'weekday': 'Lunedì'},
           {'date': '2026-02-10', 'weekday': 'Martedì'},
           {'date': '2026-02-11', 'weekday': 'Mercoledì'},
           {'date': '2026-02-12', 'weekday': 'Giovedì'},
           {'date': '2026-02-13', 'weekday': 'Venerdì'},
           {'date': '2026-02-14', 'weekday': 'Sabato'},
           {'date': '2026-02-15', 'weekday': 'Domenica'},
           {'date': '2026-02-16', 'weekday': 'Lunedì'},
           {'date': '2026-02-17', 'weekday': 'Martedì'},
           {'date': '2026-02-18', 'weekday': 'Mercoledì'},
           {'date': '2026-02-19', 'weekday': 'Giovedì'},
           {'date': '2026-02-20', 'weekday': 'Venerdì'},
           {'date': '2026-02-21', 'weekday': 'Sabato'},
           {'date': '2026-02-22', 'weekday': 'Domenica'},
           {'date': '2026-02-23', 'weekday': 'Lunedì'},
           {'date': '2026-02-24', 'weekday': 'Martedì'},
           {'date': '2026-02-25', 'weekday': 'Mercoledì'},
           {'date': '2026-02-26', 'weekday': 'Giovedì'},
           {'date': '2026-02-27', 'weekday': 'Venerdì'},
           {'date': '2026-02-28', 'weekday': 'Sabato'},
           {'date': '2026-03-01', 'weekday': 'Domenica'},
           {'date': '2026-03-02', 'weekday': 'Lunedì'},
           {'date': '2026-03-03', 'weekday': 'Martedì'},
           {'date': '2026-03-04', 'weekday': 'Mercoledì'},
           {'date': '2026-03-05', 'weekday': 'Giovedì'},
           {'date': '2026-03-06', 'weekday': 'Venerdì'},
           {'date': '2026-03-07', 'weekday': 'Sabato'},
           {'date': '2026-03-08', 'weekday': 'Domenica'},
           {'date': '2026-03-09', 'weekday': 'Lunedì'},
           {'date': '2026-03-10', 'weekday': 'Martedì'},
           {'date': '2026-03-11', 'weekday': 'Mercoledì'},
           {'date': '2026-03-12', 'weekday': 'Giovedì'},
           {'date': '2026-03-13', 'weekday': 'Venerdì'},
           {'date': '2026-03-14', 'weekday': 'Sabato'},
           {'date': '2026-03-15', 'weekday': 'Domenica'},
           {'date': '2026-03-16', 'weekday': 'Lunedì'},
           {'date': '2026-03-17', 'weekday': 'Martedì'},
           {'date': '2026-03-18', 'weekday': 'Mercoledì'},
           {'date': '2026-03-19', 'weekday': 'Giovedì'},
           {'date': '2026-03-20', 'weekday': 'Venerdì'},
           {'date': '2026-03-21', 'weekday': 'Sabato'},
           {'date': '2026-03-22', 'weekday': 'Domenica'},
           {'date': '2026-03-23', 'weekday': 'Lunedì'},
           {'date': '2026-03-24', 'weekday': 'Martedì'},
           {'date': '2026-03-25', 'weekday': 'Mercoledì'},
           {'date': '2026-03-26', 'weekday': 'Giovedì'},
           {'date': '2026-03-27', 'weekday': 'Venerdì'},
           {'date': '2026-03-28', 'weekday': 'Sabato'},
           {'date': '2026-03-29', 'weekday': 'Domenica'}],
 'description': 'Con la presentazione ufficiale della stagione teatrale '
                '2025/2026, il Teatro Verdi di Castelsangiovanni si conferma '
                'un polo culturale vitale per il territorio, capace di '
                'attirare pubblico e innalzare la qualità dell’offerta '
                'artistica locale. Dopo un anno di grande fermento e di '
                'consolidamento, l’Amministrazione comunale guida la nuova '
                'rassegna con rinnovato entusiasmo. Il calendario offrirà '
                'spettacoli per un pubblico vario: monologhi, commedie, testi '
                'contemporanei e interpretazioni di autori classici. «Questa '
                'stagione 2025/2026 – afferma il sindaco Valentina Stragliati '
                '– rappresenta per noi un passo avanti, un segnale di '
                'continuità e innovazione: vogliamo che il Teatro Verdi sia '
                'sempre più centro di aggregazione culturale, luogo di '
                'connessione tra territorio, giovani e artisti. Il sostegno a '
                'iniziative come queste è parte integrante della visione che '
                'intendiamo perseguire per Castelsangiovanni: investire sulla '
                'cultura significa investire sulla qualità della vita, '
                'sull’identità cittadina e sul dialogo con il mondo esterno. '
                'Un grazie sincero va ai nostri sponsor, che credono nel '
                'progetto culturale della città e consentono concretamente di '
                'tradurre idee in spettacoli». «Affrontiamo questa nuova '
                'stagione – dice l’assessore alla cultura Wendalina Cesario – '
                'con fiducia e con la consapevolezza del valore collettivo che '
                'ogni evento porta con sé. Il teatro non è solo palco e '
                'platea: è tessuto sociale, esperienza condivisa, motore di '
                'vitalità urbana. L’Amministrazione, insieme all’ufficio '
                'cultura, ha lavorato intensamente per costruire un programma '
                'che sappia essere stimolante e accessibile. Ringrazio '
                'l’Istituto Il Palestrina per la cura e la visione artistica '
                'con cui guida la stagione musicale: è una partnership '
                'preziosa». I biglietti e gli abbonamenti saranno acquistabili '
                'presso la libreria Puma di Nicolò Maserati c/o '
                'Castelsangiovanni (telefono 0523 842406 mail: '
                'info@libreriapuma.com ) oppure online tramite portale di '
                'vendita NoiTicket Srls con un costo aggiuntivo di prevendita '
                'pari a un euro.',
 'image_url': '//citynews-ilpiacenza.stgy.ovh/~media/horizontal-mid/37590875688192/teatro-verdi-castelsangiovanni-2025-2026.jpeg',
 'location_address': 'Via Cavalieri di Vittorio Veneto',
 'location_name': 'Teatro Verdi',
 'price': 'Prezzo non disponibile',
 'scraped_at': '2026-01-30T14:24:50.661312',
 'time_info': 'Orari vari',
 'title': 'Castelsangiovanni si prepara ad accogliere la nuova stagione del '
          'Teatro Verdi',
 'url': 'https://www.ilpiacenza.it/eventi/castelsangiovanni-si-prepara-ad-accogliere-la-nuova-stagione-del-teatro-verdi.html',
 'uuid': 'b2c9a0f6f02afb3d'}
[2026-01-30T14:25:17.951+0000] {docker.py:429} INFO - 2026-01-30 14:25:17 [scrapy.core.engine] DEBUG: Crawled (200) <GET https://www.ilpiacenza.it/eventi/sillabari-d-appennino-immagini-e-memorie-delle-terre-alte-in-una-mostra-a-xnl.html> (referer: https://www.ilpiacenza.it/eventi/dal/2026-01-30/al/2026-02-01/)
[2026-01-30T14:25:18.062+0000] {docker.py:429} INFO - 2026-01-30 14:25:18 [scrapy.core.scraper] DEBUG: Scraped from <200 https://www.ilpiacenza.it/eventi/sillabari-d-appennino-immagini-e-memorie-delle-terre-alte-in-una-mostra-a-xnl.html>
{'category': 'Mostre',
 'city': 'Piacenza',
 'content_hash': '658be48d3ac6db4a',
 'date_end': '2026-02-22',
 'date_start': '2025-12-18',
 'dates': [{'date': '2025-12-18', 'weekday': 'Giovedì'},
           {'date': '2025-12-19', 'weekday': 'Venerdì'},
           {'date': '2025-12-20', 'weekday': 'Sabato'},
           {'date': '2025-12-21', 'weekday': 'Domenica'},
           {'date': '2025-12-22', 'weekday': 'Lunedì'},
           {'date': '2025-12-23', 'weekday': 'Martedì'},
           {'date': '2025-12-24', 'weekday': 'Mercoledì'},
           {'date': '2025-12-25', 'weekday': 'Giovedì'},
           {'date': '2025-12-26', 'weekday': 'Venerdì'},
           {'date': '2025-12-27', 'weekday': 'Sabato'},
           {'date': '2025-12-28', 'weekday': 'Domenica'},
           {'date': '2025-12-29', 'weekday': 'Lunedì'},
           {'date': '2025-12-30', 'weekday': 'Martedì'},
           {'date': '2025-12-31', 'weekday': 'Mercoledì'},
           {'date': '2026-01-01', 'weekday': 'Giovedì'},
           {'date': '2026-01-02', 'weekday': 'Venerdì'},
           {'date': '2026-01-03', 'weekday': 'Sabato'},
           {'date': '2026-01-04', 'weekday': 'Domenica'},
           {'date': '2026-01-05', 'weekday': 'Lunedì'},
           {'date': '2026-01-06', 'weekday': 'Martedì'},
           {'date': '2026-01-07', 'weekday': 'Mercoledì'},
           {'date': '2026-01-08', 'weekday': 'Giovedì'},
           {'date': '2026-01-09', 'weekday': 'Venerdì'},
           {'date': '2026-01-10', 'weekday': 'Sabato'},
           {'date': '2026-01-11', 'weekday': 'Domenica'},
           {'date': '2026-01-12', 'weekday': 'Lunedì'},
           {'date': '2026-01-13', 'weekday': 'Martedì'},
           {'date': '2026-01-14', 'weekday': 'Mercoledì'},
           {'date': '2026-01-15', 'weekday': 'Giovedì'},
           {'date': '2026-01-16', 'weekday': 'Venerdì'},
           {'date': '2026-01-17', 'weekday': 'Sabato'},
           {'date': '2026-01-18', 'weekday': 'Domenica'},
           {'date': '2026-01-19', 'weekday': 'Lunedì'},
           {'date': '2026-01-20', 'weekday': 'Martedì'},
           {'date': '2026-01-21', 'weekday': 'Mercoledì'},
           {'date': '2026-01-22', 'weekday': 'Giovedì'},
           {'date': '2026-01-23', 'weekday': 'Venerdì'},
           {'date': '2026-01-24', 'weekday': 'Sabato'},
           {'date': '2026-01-25', 'weekday': 'Domenica'},
           {'date': '2026-01-26', 'weekday': 'Lunedì'},
           {'date': '2026-01-27', 'weekday': 'Martedì'},
           {'date': '2026-01-28', 'weekday': 'Mercoledì'},
           {'date': '2026-01-29', 'weekday': 'Giovedì'},
           {'date': '2026-01-30', 'weekday': 'Venerdì'},
           {'date': '2026-01-31', 'weekday': 'Sabato'},
           {'date': '2026-02-01', 'weekday': 'Domenica'},
           {'date': '2026-02-02', 'weekday': 'Lunedì'},
           {'date': '2026-02-03', 'weekday': 'Martedì'},
           {'date': '2026-02-04', 'weekday': 'Mercoledì'},
           {'date': '2026-02-05', 'weekday': 'Giovedì'},
           {'date': '2026-02-06', 'weekday': 'Venerdì'},
           {'date': '2026-02-07', 'weekday': 'Sabato'},
           {'date': '2026-02-08', 'weekday': 'Domenica'},
           {'date': '2026-02-09', 'weekday': 'Lunedì'},
           {'date': '2026-02-10', 'weekday': 'Martedì'},
           {'date': '2026-02-11', 'weekday': 'Mercoledì'},
           {'date': '2026-02-12', 'weekday': 'Giovedì'},
           {'date': '2026-02-13', 'weekday': 'Venerdì'},
           {'date': '2026-02-14', 'weekday': 'Sabato'},
           {'date': '2026-02-15', 'weekday': 'Domenica'},
           {'date': '2026-02-16', 'weekday': 'Lunedì'},
           {'date': '2026-02-17', 'weekday': 'Martedì'},
           {'date': '2026-02-18', 'weekday': 'Mercoledì'},
           {'date': '2026-02-19', 'weekday': 'Giovedì'},
           {'date': '2026-02-20', 'weekday': 'Venerdì'},
           {'date': '2026-02-21', 'weekday': 'Sabato'},
           {'date': '2026-02-22', 'weekday': 'Domenica'}],
 'description': 'Xnl Piacenza - Centro per l’arte contemporanea, il cinema, il '
                'teatro e la musica della Fondazione di Piacenza e Vigevano - '
                'torna ad aprire i suoi spazi espositivi ospitando a partire '
                'da giovedì 18 dicembre alle ore 17,30 Sillabari d’Appennino, '
                'una mostra dedicata alle terre alte, ritratte nelle immagini '
                'di Alessandra Calò e Sergio Ferri. Un progetto ampio e '
                'articolato, a cura di Enrica Carini, che accompagna i '
                'visitatori in un percorso di scoperta e memoria. Dalla '
                'residenza artistica di Calò sui monti di Reggio Emilia è nato '
                'Rogazioni Silvestri - Erbario Mistico d’Appennino: fotografie '
                'che ripercorrono il legame tra uomini e territorio e si '
                'intrecciano con la poesia, grazie ai versi di Mara Redeghieri '
                'presentati a corredo delle opere. Le Terre alte di Sergio '
                'Ferri spostano il focus sull’alta provincia piacentina, '
                'proponendo una galleria di volti e frammenti di paesaggio che '
                'raccontano la vita di chi questi luoghi ha scelto di viverli '
                'e di non abbandonarli, nonostante le difficoltà. «Abbiamo '
                'voluto porre al centro dell’attenzione il nostro territorio, '
                "letto attraverso la fotografia d'autore, come già era "
                'avvenuto in passato a Xnl in occasione dei progetti Perimetro '
                'Piacenza, Photobuster e Spazi in attesa, dedicati alla città, '
                'e abbiamo scelto di farlo oltrepassando i luoghi urbani e '
                'allargando il racconto all’Appennino. Le immagini in mostra, '
                'e la trama narrativa che è stata costruita intorno ad esse, '
                'costituiscono una sorta di riflessione che è un omaggio a '
                'terre che sono patrimonio di biodiversità, paesaggio e '
                "tradizione, identità e radici e anche a tutta l'umanità che "
                'ogni giorno lo abita e lo presidia», commenta il presidente '
                'della Fondazione di Piacenza e Vigevano Roberto Reggi. '
                '«L’Appennino è un sillabario di parole, immagini e '
                'sentimenti, una intera lingua, che parla di radici e '
                'abbandoni, paesi e isolamenti, memorie e desideri – illustra '
                'il progetto la curatrice Enrica Carini –, una casa dalle '
                'finestre spalancate - abbandonata forse? - in cui tenersi '
                'stretti, come sillabe, per non svanire. Come una sorgente, '
                'dunque, inizia dalle terre alte, una dedica ai nostri '
                'paesaggi attraverso i sentieri dell’arte con le opere di '
                'Alessandra Calò e Sergio Ferri: le loro immagini sono un '
                'sillabario vivo, un luogo in cui ritrovare segni e parole per '
                'dire ciò che ancora ci rappresenta». Rogazioni Silvestri '
                '(Erbario mistico d’Appennino) di Alessandra Calò nasce '
                'dall’afflato ancestrale, insito nell’opera d’arte, di voler '
                'ripercorrere il legame che da millenni unisce la vita '
                'dell’uomo a quella del suo habitat terrestre. Nei testi '
                'poetici ispirati alle antiche Rogazioni pagane, risuona l’eco '
                'delle litanie di Gallia e Roma, rivolte al culto delle Dee '
                'Madri protettrici della fertilità, della semina e del '
                'raccolto fruttuoso. È una personale e intima riflessione su '
                'quanto il territorio naturale circostante abbia, da sempre, '
                'influito in maniera indelebile sulla nascita del patrimonio '
                'mistico e sacro di un popolo: mitologie, leggende e riti '
                'sciamanici, da sempre volti a guarire ed espellere la radice '
                'del male dalle genti e dalle creature. Alessandra Calò, '
                'attraverso un antico processo di stampa fotografica e Mara '
                'Redeghieri, con nuove parole, ripercorrono e restituiscono '
                'tracce del legame sacro e indissolubile tra creature umane e '
                'creature silvestri. Le Terre alte di Sergio Ferri mostrano un '
                'Appennino come luogo non solo da contemplare, ma da '
                'ascoltare, e soprattutto da comprendere. Volti, gesti, scorci '
                'e frammenti di paesaggio ci accompagnano dentro una '
                'quotidianità rarefatta e incerta. Il lavoro di Ferri non è '
                'una difesa d’ufficio dell’Appennino, né l’ennesima denuncia '
                'su un inesorabile declino. Le sue immagini evocano un '
                'contatto con la natura che va oltre l’idillio: una relazione '
                'che implica fatica, rottura, incertezza. Vivere '
                'nell’Appennino è una decisione consapevole, che porta con sé '
                'rinunce, solitudini, talvolta disillusione. È un modello di '
                'vita che stride con le promesse della modernità urbana, fatta '
                'di comfort e accessibilità totale. Il lavoro di Sergio Ferri '
                'ci conduce, con delicatezza visiva e profondità, a '
                'confrontarci con domande che attendono ancora una risposta. '
                'Ci restituisce un’umanità che continua a esistere, prima '
                'ancora che resistere. Sillabari d’Appennino è anche un '
                'percorso multidisciplinare, che propone una esperienza in cui '
                'poter avvicinarsi a un bosco in miniatura, fatto di piccoli '
                'alberi, semi, foglie, piante di sottobosco, e uno spazio in '
                'cui poter stare, fermarsi, riflettere e raccontare che cosa è '
                'per ogni visitatore l’Appennino. Saranno inoltre importanti i '
                'momenti di incontro e di dialogo con i visitatori e la '
                'didattica che si fonderà non solo sulla mediazione del '
                'patrimonio culturale ma anche di quello naturale e '
                'territoriale. Tutto sarà connesso da una sonorizzazione '
                'dedicata realizzata dal dipartimento di nuovi linguaggi del '
                'conservatorio che ha sede in Xnl Musica, per la quale si '
                'ringraziano il direttore Roberto Solci, Giammarco Romiti e '
                'Riccardo Dapelo. Dopo l’inaugurazione, la mostra proseguirà '
                'fino al 22 febbraio 2026, a ingresso gratuito. Sono in via di '
                'definizione incontri di public program e le attività della '
                'sezione Xnl Edu rivolte alle scuole del territorio, ideate e '
                'condotte da Enrica Carini. Il programma Arte di Xnl è '
                'promosso da Rete Cultura Piacenza, che comprende Fondazione '
                'di Piacenza e Vigevano, Comune di Piacenza, Provincia di '
                'Piacenza, Regione Emilia-Romagna, Camera di Commercio '
                'dell’Emilia e Diocesi di Piacenza-Bobbio.',
 'image_url': '//citynews-ilpiacenza.stgy.ovh/~media/horizontal-mid/16164045697661/alta-valnure-ph-sergio-ferri.jpg',
 'location_address': 'Via Santa Franca, 36',
 'location_name': 'Palazzo Xnl',
 'price': 'Gratis',
 'scraped_at': '2026-01-30T14:24:50.660881',
 'time_info': 'Inaugurazione alle ore 17,30',
 'title': '"Sillabari d’Appennino", immagini e memorie delle terre alte in una '
          'mostra a Xnl',
 'url': 'https://www.ilpiacenza.it/eventi/sillabari-d-appennino-immagini-e-memorie-delle-terre-alte-in-una-mostra-a-xnl.html',
 'uuid': '8aa7ac7fd779db0e'}
[2026-01-30T14:25:19.415+0000] {docker.py:429} INFO - 2026-01-30 14:25:19 [scrapy.core.engine] DEBUG: Crawled (200) <GET https://www.ilpiacenza.it/eventi/i-due-inferni-alla-biblioteca-di-gossolengo-la-presentazione-del-libro-di-emanuela-ricci.html> (referer: https://www.ilpiacenza.it/eventi/dal/2026-01-30/al/2026-02-01/)
[2026-01-30T14:25:19.523+0000] {docker.py:429} INFO - 2026-01-30 14:25:19 [scrapy.core.scraper] DEBUG: Scraped from <200 https://www.ilpiacenza.it/eventi/i-due-inferni-alla-biblioteca-di-gossolengo-la-presentazione-del-libro-di-emanuela-ricci.html>
{'category': 'Incontri',
 'city': 'Piacenza',
 'content_hash': '7242e36be378f822',
 'date_end': '2026-01-30',
 'date_start': '2026-01-30',
 'dates': [{'date': '2026-01-30', 'weekday': 'Venerdì'}],
 'description': 'Venerdì 30 gennaio 2026 alle ore 17,30, in occasione della '
                'Giornata della Memoria, la Biblioteca comunale "Paolo '
                'Boiardi" di Gossolengo ospiterà la presentazione del libro "I '
                'due inferni: i gironi danteschi rivissuti da Primo Levi" di '
                'Emanuela Ricci. L’autrice dialogherà con la professoressa '
                'Paola Fusco. Dante ha descritto un terribile inferno '
                "immaginario, Primo Levi ha vissuto l'inferno reale, e per "
                "raccontare l'orrore inesprimibile del Lager ha attinto ai "
                "versi danteschi per descrivere un'atroce realtà, impossibile "
                'da immaginare. Il saggio propone un parallelismo tra i passi '
                'di "Se questo è un uomo" e l\' "Inferno" di Dante, '
                "dimostrando che l'uomo è riuscito, con la sua malvagità, a "
                'creare un universo ben peggiore di quello immaginato dal '
                'Sommo Porta. Emanuela Ricci è professoressa di Lettere. Ha '
                'insegnato a Gossolengo e da cinque anni insegna Italiano e '
                'Storia al Liceo statale Colombini di Piacenza. Ha scritto '
                'alcuni saggi sulla Shoah pubblicati con Lir e da un anno si è '
                'dedicata alla narrativa poliziesca.',
 'image_url': '//citynews-ilpiacenza.stgy.ovh/~media/horizontal-mid/63781929079532/emanuela-ricci-presenta-i-due-inferni-i-gironi-danteschi-rivissuti-da-primo-levi.jpg',
 'location_address': 'Via E. Soprani, 34/A',
 'location_name': 'Biblioteca comunale "Paolo Boiardi" di Gossolengo',
 'price': 'Gratis',
 'scraped_at': '2026-01-30T14:24:50.660398',
 'time_info': 'Ore 17,30',
 'title': '"I due inferni": alla biblioteca di Gossolengo la presentazione del '
          'libro di Emanuela Ricci',
 'url': 'https://www.ilpiacenza.it/eventi/i-due-inferni-alla-biblioteca-di-gossolengo-la-presentazione-del-libro-di-emanuela-ricci.html',
 'uuid': '1b83df45c095d4ff',
 'website': 'https://www.facebook.com/profile.php?id=100081205541291'}
[2026-01-30T14:25:20.669+0000] {docker.py:429} INFO - 2026-01-30 14:25:20 [scrapy.core.engine] DEBUG: Crawled (200) <GET https://www.ilpiacenza.it/eventi/torna-cantiamo-a-vigolo-marchese-la-quinta-edizione-della-rassegna-corale.html> (referer: https://www.ilpiacenza.it/eventi/dal/2026-01-30/al/2026-02-01/)
[2026-01-30T14:25:20.777+0000] {docker.py:429} INFO - 2026-01-30 14:25:20 [scrapy.core.scraper] DEBUG: Scraped from <200 https://www.ilpiacenza.it/eventi/torna-cantiamo-a-vigolo-marchese-la-quinta-edizione-della-rassegna-corale.html>
{'category': 'Concerti',
 'city': 'Piacenza',
 'content_hash': '0b6f85c572200aad',
 'date_end': '2026-01-31',
 'date_start': '2026-01-31',
 'dates': [{'date': '2026-01-31', 'weekday': 'Sabato'}],
 'description': "In occasione dei festeggiamenti del Compatrono Sant'Ippolito, "
                'sabato 31 gennaio 2026 alle ore 20,30, la Parrocchia di '
                'Vigolo Marchese organizza la Quinta edizione della Rassegna '
                'Corale "CantiAmo”. Protagonisti della serata saranno diversi '
                'cori parrocchiali del piacentino che proporranno i canti '
                'classici del proprio repertorio, in particolare: Coro '
                'Parrocchiale di Muradolo, Coro Santa Franca di Piacenza, Coro '
                'Santa Maria delle Grazie di Cortemaggiore, Coro Parrocchiale '
                'della Chiesa di San Giorgio Martire, i Cantori del Coro Santa '
                'Maria Assunta di Castellarquato, Coro Quintessenza di Vigolo '
                "Marchese, L'evento è a scopo benefico: il ricavato della "
                'serata verrà interamente devoluto a sostegno del progetto '
                '"Per un\'ora in più" che permette di donare ore di terapia '
                'aggiuntive a bambini "speciali" di alcune famiglie '
                'piacentine. Ospite musicale della serata: Coro Gerberto città '
                'di Bobbio.',
 'image_url': '//citynews-ilpiacenza.stgy.ovh/~media/horizontal-mid/35577096903877/cantiamo-rassegna-corale-5-edizione.jpg',
 'location_address': 'Piazza Mignani',
 'location_name': 'Chiesa di San Giovanni Battista',
 'price': 'Gratis',
 'scraped_at': '2026-01-30T14:24:50.659944',
 'time_info': 'Dalle ore 20,30 alle 22,30',
 'title': 'Torna “CantiAmo”: a Vigolo Marchese la quinta edizione della '
          'Rassegna Corale',
 'url': 'https://www.ilpiacenza.it/eventi/torna-cantiamo-a-vigolo-marchese-la-quinta-edizione-della-rassegna-corale.html',
 'uuid': 'b80e150dae5361ea',
 'website': 'https://www.facebook.com/parrocchiavigolomarchese/?locale=it_it'}
[2026-01-30T14:25:21.427+0000] {docker.py:429} INFO - 2026-01-30 14:25:21 [scrapy.core.engine] DEBUG: Crawled (200) <GET https://www.ilpiacenza.it/eventi/storie-di-invisibili-il-gruppo-teatrale-quarta-parete-in-scena-a-pontedellolio.html> (referer: https://www.ilpiacenza.it/eventi/dal/2026-01-30/al/2026-02-01/)
[2026-01-30T14:25:21.534+0000] {docker.py:429} INFO - 2026-01-30 14:25:21 [scrapy.core.scraper] DEBUG: Scraped from <200 https://www.ilpiacenza.it/eventi/storie-di-invisibili-il-gruppo-teatrale-quarta-parete-in-scena-a-pontedellolio.html>
{'category': 'Incontri',
 'city': 'Piacenza',
 'content_hash': '54611fd01c25cd43',
 'date_end': '2026-02-01',
 'date_start': '2026-02-01',
 'dates': [{'date': '2026-02-01', 'weekday': 'Domenica'}],
 'description': 'Domenica 1° febbraio alle ore 17 allo Spazio Fornaci 2 di '
                'Pontedellolio si terrà la rappresentazione "Storie di '
                'invisibili" del Gruppo teatrale Quarta Parete con la regia di '
                'Tino Rossi. La rappresentazione sarà preceduta dalle '
                'riflessioni di Stefania Cherchi e Giovanna Calciati Shoah e '
                'persecuzioni oggi nel mondo tra disperazione e speranza di '
                'pace.',
 'image_url': '//citynews-ilpiacenza.stgy.ovh/~media/horizontal-mid/51522866378026/storie-di-invisibili.jpg',
 'location_address': 'Piazza delle Fornaci',
 'location_name': 'Spazio Fornaci 2',
 'price': 'Prezzo non disponibile',
 'scraped_at': '2026-01-30T14:24:50.659501',
 'time_info': 'Ore 17',
 'title': '"Storie di invisibili", il Gruppo teatrale Quarta Parete in scena a '
          'Pontedellolio',
 'url': 'https://www.ilpiacenza.it/eventi/storie-di-invisibili-il-gruppo-teatrale-quarta-parete-in-scena-a-pontedellolio.html',
 'uuid': '005898896634ba8e'}
[2026-01-30T14:25:22.581+0000] {docker.py:429} INFO - 2026-01-30 14:25:22 [scrapy.core.engine] DEBUG: Crawled (200) <GET https://www.ilpiacenza.it/eventi/educare-alla-responsabilita-digitale-convegno-diocesano-alla-parrocchia-di-santa-franca.html> (referer: https://www.ilpiacenza.it/eventi/dal/2026-01-30/al/2026-02-01/)
[2026-01-30T14:25:22.687+0000] {docker.py:429} INFO - 2026-01-30 14:25:22 [scrapy.core.scraper] DEBUG: Scraped from <200 https://www.ilpiacenza.it/eventi/educare-alla-responsabilita-digitale-convegno-diocesano-alla-parrocchia-di-santa-franca.html>
{'category': 'Incontri',
 'city': 'Piacenza',
 'content_hash': '4190e97604ca6f0e',
 'date_end': '2026-01-31',
 'date_start': '2026-01-31',
 'dates': [{'date': '2026-01-31', 'weekday': 'Sabato'}],
 'description': '"Dal like al rispetto. Educare alla responsabilità digitale" '
                'è il titolo del convegno diocesano per educatori, catechisti '
                'e operatori pastorali in programma nella mattinata di sabato '
                '31 gennaio, memoria di san Giovanni Bosco, patrono dei '
                'giovani. L’evento si svolge nella parrocchia di Santa Franca '
                '(piazza Paolo VI a Piacenza), dalle ore 9,30 alle 12,30, ed è '
                'organizzato da Servizio tutela minori e adulti vulnerabili '
                'della Diocesi di Piacenza-Bobbio, Servizio di pastorale '
                'giovanile-vocazionale diocesano, Ufficio catechistico '
                'diocesano e Ufficio pastorale scolastica e servizio Irc della '
                'diocesi. È previsto l’intervento di Gianpiero Neri '
                'dell’Associazione WebCattolici Italiani (WeCa), realtà che da '
                'anni supporta la Chiesa italiana nel comprendere e abitare '
                'con responsabilità il mondo digitale. Sarà presente il '
                'vescovo, mons. Adriano Cevolotto, che introdurrà la mattinata '
                'con un momento di preghiera. Al Convegno saranno consegnati '
                'il Vademecum "In rete. Per una grammatica educativa ed etica '
                'nelle relazioni pastorali con minori" destinato agli '
                'educatori e il decalogo video "Connettersi è incontrarsi" '
                'destinato direttamente agli adolescenti, perché possano essi '
                'stessi essere promotori di connessioni generative.',
 'image_url': '//citynews-ilpiacenza.stgy.ovh/~media/horizontal-mid/58840688558129/dal-like-al-rispetto-educare-alla-responsabilita-digitale.jpg',
 'location_address': 'Via Paolo VI',
 'location_name': 'Parrocchia di Santa Franca',
 'price': 'Prezzo non disponibile',
 'scraped_at': '2026-01-30T14:24:50.659016',
 'time_info': 'Dalle ore 9,30 alle 12,30',
 'title': 'Educare alla responsabilità digitale: convegno diocesano alla '
          'parrocchia di Santa Franca',
 'url': 'https://www.ilpiacenza.it/eventi/educare-alla-responsabilita-digitale-convegno-diocesano-alla-parrocchia-di-santa-franca.html',
 'uuid': '0c1cafbe6798c9e4'}
[2026-01-30T14:25:23.152+0000] {docker.py:429} INFO - 2026-01-30 14:25:23 [scrapy.core.engine] DEBUG: Crawled (200) <GET https://www.ilpiacenza.it/eventi/prospettive-marxiste-nell-era-del-multipolarismo-incontro-alla-cooperativa-infrangibile.html> (referer: https://www.ilpiacenza.it/eventi/dal/2026-01-30/al/2026-02-01/)
[2026-01-30T14:25:23.260+0000] {docker.py:429} INFO - 2026-01-30 14:25:23 [scrapy.core.scraper] DEBUG: Scraped from <200 https://www.ilpiacenza.it/eventi/prospettive-marxiste-nell-era-del-multipolarismo-incontro-alla-cooperativa-infrangibile.html>
{'category': 'Incontri',
 'city': 'Piacenza',
 'content_hash': '5d564f5bd02f9d0b',
 'date_end': '2026-01-30',
 'date_start': '2026-01-30',
 'dates': [{'date': '2026-01-30', 'weekday': 'Venerdì'}],
 'description': 'Venerdì 30 gennaio alle ore 18,30 alla Cooperativa Popolare '
                'Infrangibile 1946 di Piacenza, con i professori Valdimiro '
                'Giacchè e Andrea Zhok si terrà l’evento "Prospettive marxiste '
                'in un mondo multipolare". «L’analisi del capitalismo da parte '
                'di Marx è sempre più ingombrante in un mondo spinto alla '
                'distruzione dal sistema neoliberale – si legge nel comunicato '
                '–. Imperialismo e guerre, naturali prodotti di esso, hanno '
                'ripreso prepotentemente la scena. Ma cresce da tempo '
                'un’alternativa al modello occidentale che procede a ritmi '
                'serrati. Quali sono le prospettive dell’analisi marxiana in '
                'questo mondo multipolare? La Cina è un modello alternativo o '
                'un lato della stessa medaglia? Ne parliamo con due autorevoli '
                'ospiti che affronteranno il tema da prospettive diverse: '
                'Vladimiro Giacchè, economista e normalista, uno delle più '
                'autorevoli voci sul marxismo a livello europeo, e Andrea '
                'Zhok, filosofo, professore all’università degli Studi di '
                'Milano che alla ragione liberale ha dedicato vasti studi».',
 'image_url': '//citynews-ilpiacenza.stgy.ovh/~media/horizontal-mid/35212616258708/prospettive-marxiste-in-un-mondo-multipolare.jpg',
 'location_address': 'Via Alessandria, 16',
 'location_name': 'Cooperativa Infrangibile',
 'price': 'Prezzo non disponibile',
 'scraped_at': '2026-01-30T14:24:50.658572',
 'time_info': 'Ore 18,30',
 'title': 'Prospettive marxiste nell’era del multipolarismo: incontro alla '
          'Cooperativa Infrangibile',
 'url': 'https://www.ilpiacenza.it/eventi/prospettive-marxiste-nell-era-del-multipolarismo-incontro-alla-cooperativa-infrangibile.html',
 'uuid': '2875d1dcd50ec4c4'}
[2026-01-30T14:25:24.395+0000] {docker.py:429} INFO - 2026-01-30 14:25:24 [scrapy.core.engine] DEBUG: Crawled (200) <GET https://www.ilpiacenza.it/eventi/le-grandi-voci-del-jazz-rivivono-al-milestone-con-il-de-leo-4et-feat-luca-aquino.html> (referer: https://www.ilpiacenza.it/eventi/dal/2026-01-30/al/2026-02-01/)
[2026-01-30T14:25:24.503+0000] {docker.py:429} INFO - 2026-01-30 14:25:24 [scrapy.core.scraper] DEBUG: Scraped from <200 https://www.ilpiacenza.it/eventi/le-grandi-voci-del-jazz-rivivono-al-milestone-con-il-de-leo-4et-feat-luca-aquino.html>
{'category': 'Concerti',
 'city': 'Piacenza',
 'content_hash': 'bb73dca810d6c62f',
 'date_end': '2026-01-31',
 'date_start': '2026-01-31',
 'dates': [{'date': '2026-01-31', 'weekday': 'Sabato'}],
 'description': 'Sabato 31 gennaio alle ore 21,30 il Milestone Live Club (via '
                'Emilia Parmense 27 - Piacenza) ospita un nuovo appuntamento a '
                'ingresso gratuito per i soci firmato Piacenza Jazz Club, con '
                'il concerto del De Leo 4et feat. Luca Aquino, progetto che '
                'rende omaggio alle grandi voci femminili che hanno segnato la '
                'storia del jazz. La serata sarà un vero e proprio viaggio '
                'musicale attraverso le interpretazioni e l’eredità di artiste '
                'leggendarie come Billie Holiday, Ella Fitzgerald, Sarah '
                'Vaughan e Betty Carter, figure che hanno trasformato la voce '
                'in uno strumento espressivo totale, capace di fondere '
                'emozione, improvvisazione e swing. Un repertorio che guarda '
                'alla tradizione con rispetto ma anche con uno sguardo '
                'personale e contemporaneo, affidato a una formazione giovane, '
                'affiatata e musicalmente matura. Sul palco saliranno '
                'MartaNeve De Leo alla voce, Leonardo Concina al pianoforte, '
                'Jan Toninelli al contrabbasso e Leonardo Badiali alla '
                'batteria, con la partecipazione speciale di Luca Aquino alla '
                'tromba, uno dei solisti più riconosciuti e sensibili del jazz '
                'italiano ed europeo. La presenza di Aquino arricchisce '
                'ulteriormente il progetto, aggiungendo una voce strumentale '
                'intensa e lirica, perfettamente in dialogo con il canto. Il '
                'quartetto nasce dall’incontro di giovani musicisti ventenni '
                'uniti da una profonda passione per il jazz e da un percorso '
                'di crescita condiviso. MartaNeve De Leo e Leonardo Concina si '
                'conoscono giovanissimi all’interno della Erios Jazz '
                'Orchestra, esperienza che segna l’inizio di un solido legame '
                'artistico poi proseguito al Conservatorio "G. Nicolini" di '
                'Piacenza. Jan Toninelli e Leonardo Badiali, entrambi '
                'diplomati al Conservatorio di Parma, collaborano stabilmente '
                'con il gruppo, contribuendo a un interplay costruito nel '
                'tempo e sostenuto anche da un forte affiatamento umano. '
                'Classe 2003, MartaNeve De Leo è una cantante attiva sin '
                'dall’infanzia. Scopre il jazz a 16 anni grazie a Mario Biasio '
                'e all’esperienza con la Erios Jazz Orchestra, che le apre le '
                'porte di importanti palcoscenici nazionali e internazionali, '
                'tra cui il Barcelona Jazz Festival, il Torino Jazz Festival e '
                'l’Alba Jazz Festival, e le permette di collaborare con '
                'musicisti come Nico Gori, Fabrizio Bosso e Joan Chamorro. Nel '
                '2022 trascorre un anno di studio tra Philadelphia e New York, '
                'approfondendo la musica tradizionale americana e consolidando '
                'la propria identità artistica. Attualmente studia canto jazz '
                'al Conservatorio Nicolini di Piacenza con Serena Ferrara e '
                'prosegue un’intensa attività concertistica. Il concerto di '
                'sabato 31 gennaio si inserisce nella programmazione del '
                'Milestone Live Club come occasione per valorizzare il dialogo '
                'tra giovani talenti e grandi nomi del jazz, tra memoria e '
                'presente, in un contesto intimo e fortemente orientato '
                'all’ascolto. Ingresso gratuito per i soci del Piacenza Jazz '
                'Club, con possibilità di tesseramento direttamente '
                'all’ingresso. Si consiglia a questo proposito di rimanere '
                'collegati con i profili social del Piacenza Jazz Club su '
                'facebook e instagram oltre che di seguire il sito per '
                'rimanere sempre aggiornati con tutte le attività. Per '
                'maggiori informazioni è possibile contattare l’Associazione '
                'Piacenza Jazz Club dal lunedì al venerdì dalle ore 15 alle '
                '19,30 allo 0523-579034 oppure scrivendo a '
                'info@piacenzajazzclub.it .',
 'image_url': '//citynews-ilpiacenza.stgy.ovh/~media/horizontal-mid/23663500149021/de-leo_aquino.jpg',
 'location_address': 'Via Emilia Parmense, 27',
 'location_name': 'Milestone Live Club',
 'price': 'Ingresso gratuito per i soci',
 'scraped_at': '2026-01-30T14:24:50.658088',
 'time_info': 'Ore 21,30',
 'title': 'Le grandi voci del jazz rivivono al Milestone con il De Leo 4et '
          'feat. Luca Aquino',
 'url': 'https://www.ilpiacenza.it/eventi/le-grandi-voci-del-jazz-rivivono-al-milestone-con-il-de-leo-4et-feat-luca-aquino.html',
 'uuid': '01e77077ae44b762'}
[2026-01-30T14:25:25.888+0000] {docker.py:429} INFO - 2026-01-30 14:25:25 [scrapy.core.engine] DEBUG: Crawled (200) <GET https://www.ilpiacenza.it/eventi/il-mago-di-oz-tornano-le-fiabe-animate-al-centro-culturale-di-san-nicolo.html> (referer: https://www.ilpiacenza.it/eventi/dal/2026-01-30/al/2026-02-01/)
[2026-01-30T14:25:25.997+0000] {docker.py:429} INFO - 2026-01-30 14:25:25 [scrapy.core.scraper] DEBUG: Scraped from <200 https://www.ilpiacenza.it/eventi/il-mago-di-oz-tornano-le-fiabe-animate-al-centro-culturale-di-san-nicolo.html>
{'category': 'Incontri',
 'city': 'Piacenza',
 'content_hash': '906f77528c0eca45',
 'date_end': '2026-02-01',
 'date_start': '2026-02-01',
 'dates': [{'date': '2026-02-01', 'weekday': 'Domenica'}],
 'description': 'Domenica 1° febbraio alle ore 17 al Centro culturale di San '
                'Nicolò torna l\'appuntamento con "Favole in biblioteca". '
                "Questa volta l'associazione culturale Giralaluna presenterà "
                'la fiaba animata "Il mago di Oz". Ingresso gratuito.',
 'image_url': '//citynews-ilpiacenza.stgy.ovh/~media/horizontal-mid/28691879031006/il-mago-di-oz.jpeg',
 'location_address': 'Via Dante Alighieri, 10',
 'location_name': 'Centro Culturale di San Nicolò',
 'price': 'Gratis',
 'scraped_at': '2026-01-30T14:24:50.657636',
 'time_info': 'Ore 17',
 'title': '"Il Mago di Oz", tornano le fiabe animate al Centro culturale di '
          'San Nicolò',
 'url': 'https://www.ilpiacenza.it/eventi/il-mago-di-oz-tornano-le-fiabe-animate-al-centro-culturale-di-san-nicolo.html',
 'uuid': '62b026e7928f8caf'}
[2026-01-30T14:25:26.987+0000] {docker.py:429} INFO - 2026-01-30 14:25:26 [scrapy.core.engine] DEBUG: Crawled (200) <GET https://www.ilpiacenza.it/eventi/aziende-famiglia-e-futuro-alla-cattolica-un-confronto-su-welfare-aziendale-e-crisi-demografica.html> (referer: https://www.ilpiacenza.it/eventi/dal/2026-01-30/al/2026-02-01/)
[2026-01-30T14:25:27.096+0000] {docker.py:429} INFO - 2026-01-30 14:25:27 [scrapy.core.scraper] DEBUG: Scraped from <200 https://www.ilpiacenza.it/eventi/aziende-famiglia-e-futuro-alla-cattolica-un-confronto-su-welfare-aziendale-e-crisi-demografica.html>
{'category': 'Incontri',
 'city': 'Piacenza',
 'content_hash': '129d12b04d788a76',
 'date_end': '2026-01-30',
 'date_start': '2026-01-30',
 'dates': [{'date': '2026-01-30', 'weekday': 'Venerdì'}],
 'description': 'Venerdì 30 gennaio dalle ore 15 alle 19 alla Sala Congressi '
                'G.Piana dell’Università Cattolica in via Emilia Parmense 84 '
                'si terrà l’evento "Aziende in rete: più famiglia, più '
                'futuro". L’evento è organizzato dall’associazione Nazionale '
                'Famiglie Numerose, in collaborazione con la Confederazione '
                'Europea delle famiglie numerose, il Forum delle Associazioni '
                'Familiari, Cna Piacenza e Università Cattolica di Piacenza, '
                'in vista del lancio dell’ European Network Family Friendly '
                'Companies, previsto per l’ 11 febbraio 2026 a Bruxelles. A '
                'moderare l’evento sarà la giornalista di Libertà Nicoletta '
                'Marenghi. La partecipazione è gratuita e aperta a tutti, in '
                'particolare ad aziende, amministratori pubblici e famiglie. È '
                'consigliata però la registrazione attraverso il sito '
                'Evetbrite '
                'https://www.eventbrite.com/e/aziende-in-rete-piu-famiglia-piu-futuro-buone-pratiche-di-welfare-tickets-1980253682070?aff=oddtdtcreator '
                '«Anche le aziende soffrono le conseguenze della crisi '
                'demografica: i giovani talenti se ne vanno ed è sempre più '
                'difficile trovare e trattenere personale qualificato, capace '
                'e giovane. Una soluzione è possibile: investire sulla '
                'conciliazione lavoro-famiglia, la parità di genere e '
                'l’inclusione per attrarre e trattenere i talenti, migliorare '
                'la qualità della vita e aumentare la produttività. In rete, '
                'per il futuro di tutti», si legge nel comunicato. La voce '
                'degli organizzatori «Anfn è in prima linea per imprimere una '
                'svolta "amica della famiglia" sul territorio e sui luoghi di '
                'lavoro e consentire ai giovani e alle famiglie di avere e '
                'crescere i figli che desiderano in serenità – afferma Mario '
                'Scuderi, coordinatore Anfn Emilia Romagna –. Il territorio '
                'avverte forte l’esigenza di fare qualcosa per arginare la '
                'fuga dei cervelli, lo spopolamento e la crisi causata dal '
                'calo demografico. Noi proponiamo la nostra soluzione: una '
                'rete europea di aziende che mettono al centro il benessere '
                'delle famiglie. Fa bene ai dipendenti ma fa bene anche alle '
                'imprese, che vedono un aumento della produzione e dei '
                'ricavati». «A Piacenza – sottolinea Silvia Cipelli, '
                'coordinatrice provinciale Anfn – grazie alla preziosa '
                'collaborazione con l’Università Cattolica del Sacro Cuore, il '
                'preside Marco Allena e il prof. Francesco Timpano, siamo '
                'riusciti a coinvolgere amministrazione pubblica, società '
                'civile, il mondo economico nella discussione: è una grande '
                'opportunità per affrontare in pratica il tema delle politiche '
                'familiari e del futuro del territorio». «Riteniamo '
                'fondamentale che tutta la società sostenga chi vuole '
                'impegnarsi in rapporti stabili e nell’accoglienza alla vita – '
                'afferma Antonio Schillani, presidente del Forum delle '
                'Associazioni familiari di Piacenza –. Incentivare le realtà '
                'imprenditoriali attente alla conciliazione è centrale». «Sarà '
                'un pomeriggio intenso – sottolinea Regina Maroncelli, vice '
                'presidente Elfac –. Attraverso le relazioni, le buone '
                'pratiche, la tavola rotonda e il momento conviviale vogliamo '
                'dare spazio al confronto e allo scambio di esperienze, in '
                'vista della costruzione di una rete capace di generare '
                'innovazione, sviluppo e nuove opportunità per il territorio e '
                'per l’Europa che invecchia e risente della crisi '
                'demografica». Il quadro demografico «Nel 2024, a Piacenza, su '
                'un totale di 49.408 famiglie, si contano 776 famiglie '
                'numerose con 6 e più componenti e 1540 i nuclei con 5 '
                'componenti . Nella provincia, su un totale di 133.201 '
                'famiglie, i nuclei con 6 e più componenti ammontano a 2010, '
                'quelle con 5 componenti 4.180. Tra le persone che vivono da '
                'sole (sono 52.821 le famiglie unipersonali piacentine), il '
                '30% circa (15.194 individui) ha un’età uguale o superiore a '
                '75 anni, e di queste più di 5.600 abitano nel capoluogo», si '
                'legge nel comunicato. Le associazioni organizzatrici '
                'Associazione nazionale famiglie numerose - Anfn - fondata nel '
                '2004, è l’associazione per chi "non ha la 500 perché lì, '
                'tutta la famiglia non può starci". Con i suoi 20mila '
                'associati è presente in tutta Italia. A Piacenza è '
                'rappresentata dalla famiglia di Antonio La Salvia e la moglie '
                'Silvia Capelli; coordinatori regionali dell’Emilia Romagna '
                'sono Mario Scuderi e la moglie Mariapia. Anche il presidente '
                'nazionale Anfn è emiliano: si tratta di Alfredo e Claudia '
                'Caltabiano, di Parma. https://www.famiglienumerose.org/ . '
                'European large families Confederation - Elfac - fondata nel '
                '2004, con sede a Barcellona, raccoglie 30 associazioni di '
                'famiglie numerose di 25 paesi europei. Tra i suoi progetti il '
                'Network europeo dei comuni family friendly,- 165 comuni - tra '
                'cui Atene, Siviglia, Trento - da 10 paesi europei. La rete '
                'celebra il suo congresso a febbraio, durante il quale Elfac '
                'presenterà il Network europeo delle aziende Family friendly. '
                'www.elfac.org . Forum nazionale delle Associazioni familiari '
                '- Il Forum Piacenza è uno delle organizzazioni locali che '
                'fanno capo ai 18 Forum regionali che, insieme a 47 '
                'associazioni nazionali, compongono il Forum nazionale. Il '
                'Forum Piacenza, presieduto da Antonio Schillani, conta '
                'attualmente 12 associazioni: Anfn, Acli, Famiglie Nuove Cav '
                'Piacenza, Ass. Pia Pozzoli, Il Circolino, Csi, Protezione '
                'della Giovane, Comunità Papa Giovanni XXIII. Mcl, ConfederX e '
                'Città Bambino. https://www.forumfamiglie.org/ Il programma '
                'Ore 14,30 : Accoglienza e registrazione Ore 15 : Saluti '
                'istituzionali - Marco Allena, preside della Facoltà di '
                'Economia e Giurisprudenza dell’Università Cattolica del Sacro '
                'Cuore di Piacenza; - Nicoletta Corvi, assessore al Welfare e '
                'alle politiche familiari di Piacenza; - Alfredo Caltabiano, '
                'presidente Associazione Nazionale Famiglie Numerose; - '
                'Antonio Schillani, presidente Forum Associazioni Familiari di '
                'Piacenza. Ore 15,30 : Progetto Aziende in rete - Francesco '
                'Timpano, professore Ordinario Università Cattolica di '
                'Piacenza: "Il ruolo del welfare aziendale nel bilancio '
                'sociale delle aziende"; - Gabriele Zelioli, consulente del '
                'lavoro: "Cosa può fare un’azienda per i suoi dipendenti"; - '
                'Regina Maroncelli, vice presidente European Large Families '
                'Confederation: "European Network Family friendly companies, '
                'perché il welfare familiare conviene alle aziende". Ore 16,15 '
                ': Buone pratiche - Storie di imprese che investono sul '
                'benessere dei dipendenti - Paola Bardasi, direttore generale '
                'Ausl di Piacenza; - Anna Cattaneo e Alessia Pezzotta, '
                'responsabile sostenibilità e HR specialist Plastik Spa; - '
                'Mario Spezia , presidente Con.Coop.ar e Coop.San Martino dei '
                'lavoratori di Piacenza; - Filippo Gasparini, presidente '
                'Consorzio Agripiacenza Latte. Ore 17 : Tavola rotonda - La '
                'sfida demografica interroga il territorio - Nicoletta Corvi, '
                'assessore al Welfare e alle politiche famigliari di Piacenza; '
                '- Cristina Crenna, presidente Confederazione Nazionale '
                "dell'Artigianato e della Piccola Impresa di Piacenza; - Maria "
                'Angela Spezia, vice presidente Confindustria di Piacenza; - '
                'Mario Lucenti, direttore Compagnia delle Opere Emilia; - '
                'Guido Picozzi, executive director Bni di Piacenza; - '
                'Francesco Bighi, sindacalista Uil di Piacenza; - Michele '
                'Vaghini, sindacalista Cisl di Piacenza; - Ivo Bussacchini, '
                'sindacalista Cgil di Piacenza. Ore 18,15 : Conclusioni - '
                'Regina Maroncelli. Ore 18,30 : Aperitivo',
 'image_url': '//citynews-ilpiacenza.stgy.ovh/~media/horizontal-mid/1064780540512/universita-cattolica-sede-piacenza-unicatt.jpg',
 'location_address': 'Via Emilia Parmense, 84',
 'location_name': 'Aula "G.Piana" - Università Cattolica',
 'price': 'Prezzo non disponibile',
 'scraped_at': '2026-01-30T14:24:50.657113',
 'time_info': 'Dalle ore 15 alle 19',
 'title': 'Aziende, famiglia e futuro, alla Cattolica un confronto su welfare '
          'aziendale e crisi demografica',
 'url': 'https://www.ilpiacenza.it/eventi/aziende-famiglia-e-futuro-alla-cattolica-un-confronto-su-welfare-aziendale-e-crisi-demografica.html',
 'uuid': 'd10e1fed7ca446f8'}
[2026-01-30T14:25:28.319+0000] {docker.py:429} INFO - 2026-01-30 14:25:28 [scrapy.core.engine] DEBUG: Crawled (200) <GET https://www.ilpiacenza.it/eventi/voci-di-donne-al-conservatorio-il-femminile-nel-teatro-musicale-tra-ottocento-e-novecento.html> (referer: https://www.ilpiacenza.it/eventi/dal/2026-01-30/al/2026-02-01/)
[2026-01-30T14:25:28.431+0000] {docker.py:429} INFO - 2026-01-30 14:25:28 [scrapy.core.scraper] DEBUG: Scraped from <200 https://www.ilpiacenza.it/eventi/voci-di-donne-al-conservatorio-il-femminile-nel-teatro-musicale-tra-ottocento-e-novecento.html>
{'category': 'Incontri',
 'city': 'Piacenza',
 'content_hash': 'a59db7a80894c625',
 'date_end': '2026-01-30',
 'date_start': '2026-01-30',
 'dates': [{'date': '2026-01-30', 'weekday': 'Venerdì'}],
 'description': 'Venerdì 30 gennaio 2026 alle ore 16,30 il Conservatorio '
                'Nicolini ospita l’incontro "Echi di donne: voci e personaggi '
                'femminili tra le Carte dell’Opera del fondo Giudici e '
                'Strada", un appuntamento dedicato alla riscoperta del '
                'femminile nel teatro musicale tra Ottocento e primo '
                'Novecento. L’iniziativa si inserisce nel progetto Casta Diva, '
                'finanziato dall’Unione Europea - NextGenerationEU, e nasce '
                'con l’obiettivo di valorizzare uno dei patrimoni più '
                'significativi conservati dal Conservatorio Nicolini: il Fondo '
                'Giudici e Strada, testimonianza preziosa della storia '
                'dell’editoria musicale italiana. Attraverso lo studio delle '
                'opere e dei materiali d’archivio, il progetto mette in luce '
                'il ruolo centrale delle figure femminili nella tradizione '
                'operistica, restituendo voce e profondità a personaggi spesso '
                'relegati a simboli o stereotipi. Cleopatra, la contessa di '
                'Mons, Susanna, Francesca da Rimini, la Contessa di Amalfi: '
                'donne diverse per epoca e destino, ma accomunate da una '
                'straordinaria intensità drammatica. Regine, eroine tragiche, '
                'figure storiche e letterarie diventano, nella trasposizione '
                'musicale, espressione di conflitti interiori, passioni '
                'assolute e tensioni tra ruolo sociale e desiderio personale. '
                'Le loro voci raccontano una sofferenza che attraversa il '
                'tempo, ma anche percorsi di consapevolezza e riscatto. '
                'Durante l’incontro interverranno Benedetta Broegg, Chiara '
                'Foti, Irene Volpi e Guido Pagano, con il coordinamento di '
                'Patrizia Florio, per offrire uno sguardo multidisciplinare '
                'che intreccia ricerca storica, analisi musicale e riflessione '
                'culturale. Il percorso sarà arricchito da fantasie su opere '
                'di Lauro Rossi, Antonio Cagnoni e Friedrich von Flotow, che '
                'accompagneranno il pubblico in un’esperienza di ascolto e '
                'approfondimento. "Echi di donne" invita così a rileggere la '
                'storia dell’opera attraverso una prospettiva attuale e '
                'necessaria, riportando al centro figure femminili che, dalle '
                'pagine d’archivio, continuano a parlare al presente e a '
                'interrogare il nostro modo di intendere identità, emozione e '
                'rappresentazione.',
 'image_url': '//citynews-ilpiacenza.stgy.ovh/~media/horizontal-mid/32541143173373/echi-di-donna.jpg',
 'location_address': 'Via Santa Franca, 35',
 'location_name': 'Conservatorio Nicolini',
 'price': 'Gratis',
 'scraped_at': '2026-01-30T14:24:50.656662',
 'time_info': 'Ore 16,30',
 'title': 'Voci di donne al Conservatorio: il femminile nel teatro musicale '
          'tra Ottocento e Novecento',
 'url': 'https://www.ilpiacenza.it/eventi/voci-di-donne-al-conservatorio-il-femminile-nel-teatro-musicale-tra-ottocento-e-novecento.html',
 'uuid': 'a1df36b6d7bade63'}
[2026-01-30T14:25:29.635+0000] {docker.py:429} INFO - 2026-01-30 14:25:29 [scrapy.core.engine] DEBUG: Crawled (200) <GET https://www.ilpiacenza.it/eventi/cenerentola-danza-al-municipale-la-fiaba-senza-tempo-inaugura-febbraio-al-teatro.html> (referer: https://www.ilpiacenza.it/eventi/dal/2026-01-30/al/2026-02-01/)
[2026-01-30T14:25:29.743+0000] {docker.py:429} INFO - 2026-01-30 14:25:29 [scrapy.core.scraper] DEBUG: Scraped from <200 https://www.ilpiacenza.it/eventi/cenerentola-danza-al-municipale-la-fiaba-senza-tempo-inaugura-febbraio-al-teatro.html>
{'category': 'Teatri',
 'city': 'Piacenza',
 'content_hash': 'c3c4bd666fd92603',
 'date_end': '2026-02-01',
 'date_start': '2026-02-01',
 'dates': [{'date': '2026-02-01', 'weekday': 'Domenica'}],
 'description': 'Al Teatro Municipale di Piacenza, domenica 1° febbraio alle '
                'ore 16, arriva una delle più celebri fiabe di ogni tempo, '
                '"Cenerentola", tratta da Charles Perrault, danzata sulle '
                'punte dal Tam Ballet, nuova compagnia del Teatro degli '
                'Arcimboldi di Milano, sulle musiche originali di Antonio '
                'Ignoto. Secondo appuntamento della Stagione Danza del Teatro '
                'Municipale, Cenerentola è un balletto in tre atti, una nuova '
                'produzione che prende vita grazie alle coreografie firmate da '
                'Caterina Calvino Prina con Egor Scapaciov e Ekaterina '
                'Dalskayam, e che incontra la sensibilità ed il talento del '
                'giovane compositore Antonio Ignoto. Una produzione elegante, '
                'vivace e poetica, pensata per un pubblico di tutte le età, '
                'Cenerentola è un titolo capace di coinvolgere grandi e '
                'piccoli, raccontando un mondo incantato fatto di sogni, '
                'ironia e speranza. A completare la messa in scena i costumi '
                'di Simonetta Sangari, curati nei dettagli e nelle cromie '
                'dalle mani di Alice Dardegno, volti a valorizzare ogni quadro '
                'narrativo, e le luci di Alessandro Cappellini. Primi '
                'ballerini, nei ruoli di Cenerentola e del Principe, saranno '
                'Ruika Yokoyama e Giordano Bozza. Ad interpretare le '
                'sorellastre e la matrigna saranno rispettivamente Giorgia '
                'Spinella, Elisa Andrei Mitroi e Federico Grillo - en travesti '
                '- che alterneranno momenti di poesia e comicità. Lo '
                'spettacolo unisce la solidità della tecnica della danza '
                'classica - con i suoi virtuosismi e le sue linee raffinate - '
                'al fascino senza tempo della fiaba. La compagnia Tam Ballet '
                'nasce come ambizioso progetto con l’obiettivo di valorizzare '
                'i giovani talenti italiani nel mondo del balletto e cercando '
                'un equilibrio tra tradizione e innovazione, offrendo loro un '
                'palcoscenico d’eccellenza per esprimere tecnica, creatività e '
                'talento, e portare in scena i grandi capolavori del '
                'repertorio classico insieme a progetti innovativi. I suoi '
                'danzatori, formati ai più alti livelli accademici, hanno '
                'acquisito esperienza lavorando con compagnie di tutto il '
                'mondo. Caterina Calvino Prina, già fondatrice nel 2005 della '
                'sede stabile della Aub (Accademia Ucraina di Balletto) a '
                'Milano al Teatro delle Erbe, nel 2024 diventa direttrice '
                'artistica del nuovo progetto in collaborazione col Teatro '
                'Arcimboldi: Tam Ballet. Ekaterina Dalskayam, formata nelle '
                'più prestigiose accademie russe e con una carriera che l’ha '
                'vista protagonista al Teatro Bolshoi e nell’Imperial Russian '
                'Ballet, unisce una profonda conoscenza della tecnica classica '
                'perfezionata nel metodo Vaganova, con una capacità didattica '
                'di altissimo livello. Antonio Ignoto omaggia Mozart, Brahms e '
                'Gene de Paul nella sua rivisitazione personale dell’opera. La '
                'sua visione vede una riscrittura della partitura tradizionale '
                'per poter dialogare intimamente con la danza. Il linguaggio '
                'da lui scelto prevede che ogni personaggio abbia un proprio '
                'tema riconoscibile che si trasforma con l’evolversi della '
                'storia. Un grande classico che continua a parlare al cuore, '
                'risvegliando, a ogni età, il desiderio di credere ancora '
                'nella bellezza dei sogni. Per informazioni e biglietti: '
                'Biglietteria del Teatro Municipale di Piacenza, tel. 0523 '
                '385720 – 385721, www.teatripiacenza.it , '
                'biglietteria@teatripiacenza.it',
 'image_url': '//citynews-ilpiacenza.stgy.ovh/~media/horizontal-mid/22287046673655/cenerentola_tam-ballet.jpg',
 'location_address': 'Via Giuseppe Verdi, 41',
 'location_name': 'Teatro Municipale',
 'price': 'Vedi i costi sul sito',
 'scraped_at': '2026-01-30T14:24:50.656142',
 'time_info': 'Ore 16',
 'title': 'Cenerentola danza al Municipale, la fiaba senza tempo inaugura '
          'febbraio al teatro',
 'url': 'https://www.ilpiacenza.it/eventi/cenerentola-danza-al-municipale-la-fiaba-senza-tempo-inaugura-febbraio-al-teatro.html',
 'uuid': 'f69ca6f210e59fd1',
 'website': 'https://www.teatripiacenza.it'}
[2026-01-30T14:25:31.119+0000] {docker.py:429} INFO - 2026-01-30 14:25:31 [scrapy.core.engine] DEBUG: Crawled (200) <GET https://www.ilpiacenza.it/eventi/musica-e-solidarieta-al-teatro-duse-un-concerto-per-la-nuova-protezione-civile-di-cortemaggiore.html> (referer: https://www.ilpiacenza.it/eventi/dal/2026-01-30/al/2026-02-01/)
[2026-01-30T14:25:31.228+0000] {docker.py:429} INFO - 2026-01-30 14:25:31 [scrapy.core.scraper] DEBUG: Scraped from <200 https://www.ilpiacenza.it/eventi/musica-e-solidarieta-al-teatro-duse-un-concerto-per-la-nuova-protezione-civile-di-cortemaggiore.html>
{'category': 'Concerti',
 'city': 'Piacenza',
 'content_hash': '6844a55b76bb605b',
 'date_end': '2026-02-01',
 'date_start': '2026-02-01',
 'dates': [{'date': '2026-02-01', 'weekday': 'Domenica'}],
 'description': 'Domenica 1° febbraio alle ore 17,30, al Teatro Duse di '
                'Cortemaggiore si terrà un concerto benefico con ingresso a '
                'offerta, il cui ricavato sarà interamente devoluto a favore '
                'del nuovo gruppo di Protezione Civile di Cortemaggiore della '
                'Pubblica Assistenza. L’iniziativa nasce con l’obiettivo di '
                'unire musica e solidarietà, offrendo alla cittadinanza un '
                'momento di condivisione culturale e allo stesso tempo '
                'sostenere concretamente il prezioso lavoro svolto dalla '
                'Protezione Civile sul territorio, impegnata nella tutela '
                'della sicurezza e nel supporto alle comunità in situazioni di '
                'emergenza. Sul palco si esibiranno gli artisti del gruppo '
                'piacentino "Quattro Amici al Bar" composto dal cantante '
                'Nicolò Scarabelli, dal chitarrista Alessandro Caffarena, dal '
                'batterista Vincenzo Mattiello e dal musicista '
                'polistrumentista Mario Scaletti, che accompagneranno il '
                'pubblico in un pomeriggio di grande musica italiana d’autore, '
                'emozioni e partecipazione civile, in una cornice storica e '
                'suggestiva come quella del Teatro Duse di Cortemaggiore. '
                'L’ingresso sarà libero con offerta volontaria, permettendo a '
                'tutti di contribuire secondo le proprie possibilità a una '
                'causa di grande valore sociale. L’evento è promosso da '
                'Pubblica Assistenza di Cortemaggiore, con il patrocinio del '
                'Comune di Cortemaggiore. «La cittadinanza è invitata a '
                'partecipare numerosa», dichiarano gli organizzatori.',
 'image_url': '//citynews-ilpiacenza.stgy.ovh/~media/horizontal-mid/59152876826986/concerto-cortemaggiore.jpg',
 'location_address': 'Via XX Settembre, 38',
 'location_name': 'Teatro Duse',
 'price': 'ingresso a offerta',
 'scraped_at': '2026-01-30T14:24:50.655684',
 'time_info': 'Ore 17,30',
 'title': 'Musica e solidarietà, al Teatro Duse un concerto per la nuova '
          'Protezione civile di Cortemaggiore',
 'url': 'https://www.ilpiacenza.it/eventi/musica-e-solidarieta-al-teatro-duse-un-concerto-per-la-nuova-protezione-civile-di-cortemaggiore.html',
 'uuid': '3ce918dab94f8c0c'}
[2026-01-30T14:25:32.793+0000] {docker.py:429} INFO - 2026-01-30 14:25:32 [scrapy.core.engine] DEBUG: Crawled (200) <GET https://www.ilpiacenza.it/eventi/collegio-alberoni-torna-la-visita-speciale-agli-osservatori-scientifici.html> (referer: https://www.ilpiacenza.it/eventi/dal/2026-01-30/al/2026-02-01/)
[2026-01-30T14:25:32.902+0000] {docker.py:429} INFO - 2026-01-30 14:25:32 [scrapy.core.scraper] DEBUG: Scraped from <200 https://www.ilpiacenza.it/eventi/collegio-alberoni-torna-la-visita-speciale-agli-osservatori-scientifici.html>
{'category': 'Turismo',
 'city': 'Piacenza',
 'content_hash': '708c4fd028ce1373',
 'date_end': '2026-02-01',
 'date_start': '2026-02-01',
 'dates': [{'date': '2026-02-01', 'weekday': 'Domenica'}],
 'description': 'Dopo il successo della visita guidata speciale dedicata agli '
                'Osservatori scientifici del Collegio Alberoni, tenutasi lo '
                'scorso 6 gennaio, che ha fatto registrare il sold out, '
                'l’itinerario speciale intitolato Quando la terra trema, la '
                'pioggia cade dal cielo e le stelle brillano, verrà replicato '
                'domenica 1° febbraio 2026, alle ore 15,30. Partenza dalla '
                'Galleria Alberoni (via Emilia Parmense 67). Ingresso: 8 euro. '
                'Prenotazione ai seguenti recapiti: 3349790207 - 3494575709. '
                'La visita è stata riprogrammata per permettere alle tante '
                'persone interessate, e che non hanno potuto accedere '
                'all’itinerario speciale calendarizzato nelle recenti '
                'festività natalizie, di poter conoscere la storia e '
                'l’attualità degli Osservatori alberoniani. Quando la terra '
                'trema, la pioggia cade dal cielo e le stelle brillano Il '
                'percorso, a cura di Maria Rosa Pezza, condurrà i visitatori '
                'attraverso le sale dell’Osservatorio sismico del Collegio, '
                'che custodisce ed espone i sismografi storici e la '
                'strumentazione più recente, per salire poi all’Osservatorio '
                'meteo con la visione di alcuni strumenti meteorologici della '
                'collezione storica alberoniana, e da lì fino alla terrazza '
                'degli osservatori che fu la prima specola astronomica '
                'alberoniana. I visitatori potranno vedere e conoscere la '
                'strumentazione più moderna e funzionante della stazione '
                'meteorologica, ma anche la telecamera all sky dedicata alla '
                'registrazione di stelle cadenti e meteore brillanti. L’arte '
                'delle nuvole nell’Osservatorio meteorologico Nella sala '
                'dell’Osservatorio meteo, dove sono esposti permanentemente, '
                'saranno visibili il dipinto intitolato Verso il domani, olio '
                'su tela realizzato dall’artista Alberto Bertoldi, noto a '
                'livello internazionale come il pittore delle nuvole, che '
                'raffigura infatti una spettacolare nube, e l’antico atlante '
                'delle nubi del Collegio Alberoni realizzato da un anonimo '
                'pittore del XIX secolo. Un’occasione da non perdere per '
                'conoscere una parte significativa della storia e '
                'dell’attualità scientifica piacentina. L’Osservatorio meteo, '
                'sismico, astronomico del Collegio Alberoni - Dentro la visita '
                'guidata speciale L’Osservatorio meteorologico Nasce nel 1802, '
                'in epoca napoleonica, su sollecitazione del governatore '
                'Moreau de Saint-Méry e per opera di Padre Antonio Mantenga, '
                'insegnante di fisica e matematica al Collegio. Le prime '
                'osservazioni riguardano solo la direzione del vento, '
                'precipitazioni, temperatura, pressione atmosferica e stato '
                'del cielo. Nel 1870 viene costruito un nuovo locale, '
                'sovrastante l’edificio del Collegio, corrispondente '
                'all’attuale sede dell’osservatorio; inizia una fase di '
                'intensa attività scientifica sotto la direzione del '
                'professore Giovanni Battista Manzi. Con la convenzione, '
                'sottoscritta nel 2016, da Opera Pia Alberoni e Società '
                'Meteorologica Italiana, quest’ultima ha provveduto '
                'all’adeguamento della strumentazione dell’Osservatorio e ne '
                'ha assunto la direzione scientifica, in collaborazione con il '
                'Collegio Alberoni. Luca Mercalli è il presidente della '
                'Società Meteorologica Italiana. L’Osservatorio sismico Il '
                'primo tentativo di registrazione sismica in Collegio risale '
                'al marzo del 1861 tramite un sismografo a pendolo. Dal 1874 '
                'al 1912 furono eseguite osservazioni tromometriche. Un '
                'servizio regolare inizia nel dicembre 1922, utilizzando il '
                'sismografo Agamennone. Nel 1923 la stazione venne dotata di '
                'un sismografo Wiechert a componenti orizzontali che era '
                'certamente il migliore strumento. Nell’ottobre 1927 entrano '
                'in funzione le tre componenti separate del sismografo '
                'Vicentini, con astatizzazione magnetica e a periodo '
                "variabile. Negli anni 1930 e '40 l’Osservatorio venne "
                'inserito nella rete sismica internazionale e nel 1974 fu '
                'arricchito di una strumentazione moderna. La convenzione '
                'sottoscritta da Opera Pia Alberoni e Ingv (Istituto Nazionale '
                'di Geofisica e Vulcanologia) ha permesso di ammodernare la '
                'strumentazione esistente. Sul pilastro sismico nei locali '
                'sotterranei del Collegio Alberoni è operativa la stazione '
                'sismica Pcn della Rete Sismica Nazionale dell’Ingv, con '
                'strumentazione sismica digitale Ingv. L’Osservatorio '
                'astronomico Il primo e più antico osservatorio fu costruito, '
                'per iniziativa di padre Manzi, tra il 1870 e il 1872, alla '
                'sommità del lato ovest del Collegio, sopra l’osservatorio '
                'meteorologico, divenendo così il punto più elevato '
                'dell’Istituto alberoniano. La Specola, situata al centro del '
                'parco del Collegio, fu costruita, sempre per iniziativa di '
                'padre Manzi, nel 1882, con cupola girevole meccanicamente e '
                'colonna di granito, come base del cannocchiale. La specola '
                'astronomica non è attualmente funzionante né visitabile in '
                'quanto bisognosa di un intervento di restauro architettonico. '
                'L’Osservatorio astrofisico Grazie all’accordo siglato tra '
                'Opera Pia Alberoni e Istituto Nazionale di Astrofisica, il '
                'Collegio Alberoni e il suo Osservatorio scientifico sono '
                'entrati a fare parte della prima rete italiana per la '
                'sorveglianza sistematica delle meteore e dell’atmosfera. Una '
                'camera all sky, capace di videoregistrare, senza soluzione di '
                'continuità, la volta celeste, è dal 2017 installata sulla '
                'terrazza degli Osservatori. La camera, collegata a un '
                'computer a essa specificamente dedicato, posizionato nel '
                'sottostante Osservatorio meteo, trasmette tutti i dati '
                'registrati, tramite la veloce connessione internet presente '
                'negli Osservatori alberoniani, al centro di raccolta '
                'dell’Istituto Nazionale di Astrofisica. Il progetto Prisma, '
                'promosso dall’Istituto Nazionale di Astrofisica (Inaf), si '
                'articola attraverso una rete di videocamere all-sky, '
                'installate in diverse località del territorio italiano, da '
                'dedicare all’osservazione di meteore brillanti - i cosiddetti '
                '"bolidi" - con il fine di determinare le orbite degli oggetti '
                'che le provocano e delimitare con un buon grado di '
                'approssimazione le aree dell’eventuale caduta di meteoriti, '
                'che può essere associata a questi eventi. Lo studio e '
                'l’osservazione dei meteoriti è certamente il primo passo per '
                'conoscere più a fondo l’universo e tutelarci da eventuali '
                'rischi di cadute di corpi voluminosi e pericolosi. 30 maggio '
                '2017: il primo bolide visto dal sistema prisma È del 30 '
                'maggio 2017 il primo successo del progetto Prisma al quale ha '
                'contribuito anche la telecamera astronomica del Collegio '
                'Alberoni; in quella data infatti è stato visto e registrato '
                'il 1° bolide. È del 1° gennaio 2020 il maggiore successo del '
                'Progetto Prisma che ha individuato un bolide che è stato '
                'possibile rintracciare e recuperare, dopo aver calcolato '
                'l’angolo di caduta. Nella notte del 23 maggio 2023 11 '
                'telecamere, tra cui quella del Collegio Alberoni, hanno '
                'contribuito ad avvistare un nuovo bolide.',
 'image_url': '//citynews-ilpiacenza.stgy.ovh/~media/horizontal-mid/25234425578911/terrazza-osservatori-osservatorio-collegio-alberoni.jpg',
 'location_address': 'Via Emilia Parmense, 67',
 'location_name': 'Galleria Alberoni',
 'price': 'Ingresso: 8 euro',
 'scraped_at': '2026-01-30T14:24:50.655123',
 'time_info': 'Ore 15,30',
 'title': 'Collegio Alberoni, torna la visita speciale agli Osservatori '
          'scientifici',
 'url': 'https://www.ilpiacenza.it/eventi/collegio-alberoni-torna-la-visita-speciale-agli-osservatori-scientifici.html',
 'uuid': 'e4214f1efe46ba30'}
[2026-01-30T14:25:34.296+0000] {docker.py:429} INFO - 2026-01-30 14:25:34 [scrapy.core.engine] DEBUG: Crawled (200) <GET https://www.ilpiacenza.it/eventi/alla-scoperta-dei-sotterranei-della-ricci-oddi-un-viaggio-nel-tempo-con-valeria-poli.html> (referer: https://www.ilpiacenza.it/eventi/dal/2026-01-30/al/2026-02-01/)
[2026-01-30T14:25:34.405+0000] {docker.py:429} INFO - 2026-01-30 14:25:34 [scrapy.core.scraper] DEBUG: Scraped from <200 https://www.ilpiacenza.it/eventi/alla-scoperta-dei-sotterranei-della-ricci-oddi-un-viaggio-nel-tempo-con-valeria-poli.html>
{'category': 'Mostre',
 'city': 'Piacenza',
 'content_hash': 'ab8a823859103f89',
 'date_end': '2026-01-31',
 'date_start': '2026-01-31',
 'dates': [{'date': '2026-01-31', 'weekday': 'Sabato'}],
 'description': 'Sabato 31 gennaio alle ore 15,30 una visita guidata agli '
                'ambienti sotterranei della Galleria Ricci Oddi, che tornano '
                'nuovamente accessibili dopo oltre un decennio. Coinvolgendo i '
                'partecipanti in un viaggio a ritroso nel tempo, la '
                'professoressa Valeria Poli condurrà alla scoperta delle '
                'antiche tracce del complesso monastico di San Siro, sulla cui '
                'area è stata edificata la Galleria. Sarà così possibile '
                'ricostruire il rapporto tra le preesistenze e le nuove '
                "fabbriche novecentesche edificate su progetto dell'architetto "
                'Giulio Ulisse Arata. Alla direttrice Lucia Pini sarà inoltre '
                'affidata la breve illustrazione delle sculture allestite '
                'lungo l’itinerario. I posti sono limitati. È richiesta la '
                'prenotazione scrivendo a: prenotazioni@riccioddi.it , '
                'indicando nome, cognome e numero di telefono. Sabato 31 '
                'gennaio, ore 15,30 Galleria d’Arte Moderna Ricci Oddi Via San '
                'Siro, 13 - 29121 Piacenza Ingresso: intero 9 euro; ridotto 5 '
                'euro. L’adeguamento impiantistico degli ambienti sotterranei '
                'della Galleria è stato reso possibile dalla Fondazione di '
                'Piacenza e Vigevano',
 'image_url': '//citynews-ilpiacenza.stgy.ovh/~media/horizontal-mid/40439862822371/sotterranei-ricci-oddi.jpg',
 'location_address': 'Via San Siro, 13',
 'location_name': 'Galleria Ricci Oddi',
 'price': 'Ingresso: intero 9 euro; ridotto 5 euro.',
 'scraped_at': '2026-01-30T14:24:50.654489',
 'time_info': 'Ore 15,30',
 'title': 'Alla scoperta dei sotterranei della Ricci Oddi, un viaggio nel '
          'tempo con Valeria Poli',
 'url': 'https://www.ilpiacenza.it/eventi/alla-scoperta-dei-sotterranei-della-ricci-oddi-un-viaggio-nel-tempo-con-valeria-poli.html',
 'uuid': '3922434b7fd90379'}
[2026-01-30T14:25:35.501+0000] {docker.py:429} INFO - 2026-01-30 14:25:35 [scrapy.core.engine] DEBUG: Crawled (200) <GET https://www.ilpiacenza.it/eventi/malett-i-sood-doppio-appuntamento-con-la-compagnia-teatrale-della-famiglia-piasinteina.html> (referer: https://www.ilpiacenza.it/eventi/dal/2026-01-30/al/2026-02-01/)
[2026-01-30T14:25:35.611+0000] {docker.py:429} INFO - 2026-01-30 14:25:35 [scrapy.core.scraper] DEBUG: Scraped from <200 https://www.ilpiacenza.it/eventi/malett-i-sood-doppio-appuntamento-con-la-compagnia-teatrale-della-famiglia-piasinteina.html>
{'category': 'Teatri',
 'city': 'Piacenza',
 'content_hash': 'fa65b079eeb112b4',
 'date_end': '2026-01-31',
 'date_start': '2026-01-30',
 'dates': [{'date': '2026-01-30', 'weekday': 'Venerdì'},
           {'date': '2026-01-31', 'weekday': 'Sabato'}],
 'description': 'Come da tradizione doppio appuntamento per la Rassegna '
                'dialettale Corrado Sforza Fogliani con la Compagnia teatrale '
                'della Famiglia Piasinteina che va in scena al Teatro '
                'President venerdì 30 gennaio e sabato 31 gennaio alle ore 21 '
                'con "Malëtt i sood!", commedia dialettale in tre atti di '
                'Egidio Carella, per la regia di Cesare Ometti. Per Ometti, '
                'attore e docente della Scuola di dialetto, di cui ne è il '
                'regista anche del saggio di fine anno, costituisce l’esordio '
                'come regista in una commedia dialettale, avendo sostituito il '
                'bravissimo Pino Spiaggi, regista per lunghi anni della '
                'compagnia, che peraltro rimane come attore in questa commedia '
                'nel ruolo importante come quello di Ceccö. Rassegna '
                'dialettale Corrado Sforza Fogliani organizzata dalla Famiglia '
                'Piasinteina in collaborazione con la Banca di Piacenza e la '
                'Fondazione di Piacenza e Vigevano. "Malëtt i sood!..." '
                '(1946), un classico della commedia dialettale piacentina nata '
                'da una collaborazione tra Egidio Carella, primo razdur della '
                'Famiglia Piasinteina, commediografo e poeta, e Aldo Ambrogio, '
                'socio fondatore e autore del logo della Famiglia Piasinteina '
                '(il gonfalone della città che sventola sui merli di Palazzo '
                'Gotico), autore di testi teatrali, commedie dialettali, '
                'romanzi e direttore dell’Ente Provinciale per il Turismo, a '
                'cui si dedicò con particolare impegno nella valorizzazione '
                'del nostro territorio. Una fortunata commedia interpretata '
                'più volte da quasi tutte le compagnie dialettali della nostra '
                'provincia. In scena la famiglia di un sarto, Pavlein, '
                'assillata dal problema economico, problema che spunta fìn '
                'dalle prime battute. La moglie Luisa è vanitosetta, molto '
                'donna, assai preoccupata dei figli, uno dei quali, Sergio, è '
                'birichino e scavezzacollo. Nella commedia è ben svolto anche '
                'il tema dell’amicizia, impersonata da Ceccö che vive tutto '
                'per Pavlein, riscuote per lui, lo induce alla pulizia e alla '
                'proprietà, lo moralizza sul mondo, lo aiuta in tutti i modi, '
                'gli insegna a «tener su le carte». C’è anche un conte vecchio '
                'stampo, litigioso, geloso, aristocratico e classista. Egli '
                'protesta perché il figlio del sarto, Ferruccio, gli disturba '
                'la figlia, ed è proprio durante una scena col conte che '
                'Pavlein, vedendo come la sua povertà lo costringe a subire '
                'certe umiliazioni, esce nell’esclamazione che dà il titolo '
                'alla commedia: "Malëtt i sood!...". La morale potrebbe essere '
                'quel verso: "Ai voli troppo alti e repentini..." con quel che '
                'ne consegue. La commedia è stata arricchita da altri '
                'personaggi nell’intento del regista di coinvolgere tutti i '
                'bravi attori della compagnia, tra cui il debutto della '
                'giovane Emma Agosti nel ruolo di Chicca, “allieva” della '
                'Scuola di dialetto. Personaggi ed interpreti Pavlein Maretti '
                '(sarto), Fabio Agosti; Tersilla (sorella di Pavlein), Daniela '
                'Balordi; Luisa (moglie di Pavlein), Mirella Girometti; Ôreste '
                '(venditore di stoffe), Paolo Tramelli; Chicca (terza figlia), '
                'Emma Agosti; Ceccö (amico di Pavlein), Pino Spiaggi; Conte '
                'Pantaleone di Roccia Scabra, Carlo Pinotti; rag. Contini '
                '(amministratore), Bruno Tramelli; Ferruccio (primogenito), '
                'Pietro Agosti; Usciere (messo comunale), Luigi Vaghini; '
                'notaio, Gian Paolo Foanna; Carlein (maggiordomo), Ivan '
                'Chiesa; Loretta (modella), Manuela Costa; Cocca (seconda '
                'figlia), Giulia Tebaldi; Lucietta (figlia del Conte), '
                'Alessandra Faleggi; Gianna (amica Cocca), Annalisa Missieri; '
                'Nanni (amica Cocca), Dèsirèe Bongiorni. Rammentatrice, Monica '
                'Dallacasagrande; Assistenti di scena Mirella Girometti e '
                'Daniela Balordi. Registrazione video Cravedi Produzione '
                'Immagini, acconciature e trucchi Idea Uno S.n.c. di Bisagni '
                'Debora & Nicelli Emilia. Biglietti Posto unico non numerato '
                '12 euro - Soci Famiglia Piasinteina 5 euro - Under 18 '
                'Gratuito Prevendita: City bar, via Manfredi 33 da lunedì a '
                'sabato dalle ore 7 alle 19. Info e prenotazioni: tel. 351 '
                '8728156 da lunedì a sabato dalle 15 alle 19.',
 'image_url': '//citynews-ilpiacenza.stgy.ovh/~media/horizontal-mid/56026915734635/compagnia-teatrale-famiglia-piasinteina.jpg',
 'location_address': 'Via Giuseppe Manfredi, 30',
 'location_name': 'Teatro President',
 'price': 'Posto unico non numerato 12 euro - Soci Famiglia Piasinteina 5 euro '
          '- Under 18 Gratuito',
 'scraped_at': '2026-01-30T14:24:50.654194',
 'time_info': 'Ore 21',
 'title': '"Malëtt i sood!", doppio appuntamento con la Compagnia teatrale '
          'della Famiglia Piasinteina',
 'url': 'https://www.ilpiacenza.it/eventi/malett-i-sood-doppio-appuntamento-con-la-compagnia-teatrale-della-famiglia-piasinteina.html',
 'uuid': '122b4658889f3722'}
[2026-01-30T14:25:36.520+0000] {docker.py:429} INFO - 2026-01-30 14:25:36 [scrapy.core.engine] DEBUG: Crawled (200) <GET https://www.ilpiacenza.it/eventi/caveman-l-uomo-delle-caverne-a-fiorenzuola-lo-spettacolo-di-maurizio-colombi.html> (referer: https://www.ilpiacenza.it/eventi/dal/2026-01-30/al/2026-02-01/)
[2026-01-30T14:25:36.627+0000] {docker.py:429} INFO - 2026-01-30 14:25:36 [scrapy.core.scraper] DEBUG: Scraped from <200 https://www.ilpiacenza.it/eventi/caveman-l-uomo-delle-caverne-a-fiorenzuola-lo-spettacolo-di-maurizio-colombi.html>
{'category': 'Teatri',
 'city': 'Piacenza',
 'content_hash': 'f6eceb43aaa69db6',
 'date_end': '2026-01-31',
 'date_start': '2026-01-31',
 'dates': [{'date': '2026-01-31', 'weekday': 'Sabato'}],
 'description': 'Sabato 31 gennaio 2026 alle ore 20,45 al Teatro Verdi di '
                'Fiorenzuola andrà in scena lo spettacolo di Maurizio Colombi '
                '"Caveman - L’uomo delle caverne" In un mondo dove il '
                'matrimonio è ormai un’istituzione in crisi, la comicità '
                'sagace che gioca con la sdrammatizzazione del rapporto '
                'uomo-donna rende Caveman uno spettacolo iconico e di grande '
                'successo nel mondo teatrale di tutto il mondo. Il monologo, '
                'nato negli Stati Uniti nel 1995 dalla penna del commediografo '
                'Rob Becker, hafatto il giro del mondo coinvolgendo oltre '
                'quaranta Paesi e oltre dieci milioni di spettatori. E dopo '
                'ben trent’anni è ancora talmente attuale da registrare sold '
                'out ovunque, anche grazie alla magistrale interpretazione di '
                'veri e propri frontmen, dotati del carisma e dalla verve '
                'necessaria per dominare un one-man show. In Italia è '
                'mattatore da oltre vent’anni Maurizio Colombi che, dopo aver '
                'vinto nel 2013 il titolo di "Best Caveman in the World", ha '
                'ispirato il mondo col suo adattamento scenico e i suoi '
                'dialoghi, diventando un modello internazionale '
                'orgogliosamente made in Italy. "L’Uomo delle Caverne" italico '
                'è in tour da oltre vent’anni registrando numeri da capogiro. '
                'Basti pensare che solo nella città di Milano ha registrato '
                'oltre mezzo milione di persone in seicento repliche. Il tema '
                'cardine è l’eterno incontro/scontro tra uomo e donna, con '
                'l’analisi dei difetti di ciascuno e le diverse modalità di '
                'pensiero e azione. Un argomento intramontabile - si potrebbe '
                'dire vecchio come il mondo (da qui il titolo di "L’Uomo delle '
                'caverne") - ma sempre rilevante. Uno sguardo preistorico e '
                'umoristico sulla battaglia dei sessi, frutto di studi di '
                'antropologia, psicologia, sociologia e persino mitologia; il '
                'tutto condito da una forte impronta ironica. «La capacità di '
                'identificarsi nelle storie raccontate scatena l’ilarità del '
                'pubblico che esce dalla sala divertito e in grado di '
                'affrontare le scaramucce casalinghe quotidiane con uno '
                'spirito più leggero e scanzonato», si legge nel comunicato. '
                'Rispetto al testo originale Colombi ha aggiunto al testo una '
                'reale evoluzione, arricchendo i contenuti affrontati per '
                'portare a riflettere sui cambiamenti nelle coppie e '
                'nell’identità di genere degli ultimi decenni, toccando '
                'argomenti più attuali e inclusivi su tutti i rapporti, '
                'inclusi quelli Lgbtq+. Si esplora come la tecnologia abbia '
                'influenzato le dinamiche relazionali, trattando temi come '
                'l’uso dei social media, le app di incontri e la comunicazione '
                'digitale, che hanno rivoluzionato il modo in cui le persone '
                'si conoscono e interagiscono. Il mondo è cambiato e così i '
                'ruoli di genere, con le tradizionali divisioni di compiti '
                'domestici e lavorativi sempre più fluide; con uomini e donne '
                'che oggi collaborano più equamente nella gestione della '
                'famiglia e della quotidianità professionale. Proprio grazie a '
                'questi aggiornamenti lo spettacolo è riuscito a mantenere la '
                'sua rilevanza e popolarità, offrendo un’esperienza teatrale '
                'che non solo fa ridere, ma anche riflettere, diventando un '
                'ritratto fedele e attuale delle relazioni umane. Colombi, che '
                'sarà accompagnato sul palco da una band live, dichiara: '
                '«Spesso mi chiedono perché ogni anno il pubblico torni a '
                'vedere lo spettacolo. Io credo perché ormai sia diventato un '
                'appuntamento irrinunciabile per ridere, confrontarsi e '
                'riflettere. Ogni anno che passa noi ci evolviamo, cresciamo. '
                'Dopo vent’anni anche io sono, più che invecchiato, '
                '"geneticamente modificato" e porto sul palco la difficoltà '
                'comica dei Boomers come me, della Generazione X, dei '
                'Millennials alle prese con la Generazione Alpha. Sono mondi '
                'sempre più lontani, coi quali parlare di amore e sesso è '
                'sempre diverso, ma al contempo esilarante. E poi, ragazzi, '
                'ascoltatemi: da statistica sembra che dopo aver visto il mio '
                'spettacolo due coppie di fidanzati su tre appianino i '
                'dissapori e addirittura si sposino. Che aspettate?!" Info '
                'biglietti I biglietti sono in vendita: - on-line su '
                'www.ticketone.it - in tutti i punti vendita affiliati Ticket '
                'One Per maggiori informazioni sullo spettacolo: '
                'www.mauriziocolombi.eu Social ufficiali Caveman: - '
                'Fb/CavemanMaurizioColombi - Ig/mauriziopaolocolombi/',
 'image_url': '//citynews-ilpiacenza.stgy.ovh/~media/horizontal-mid/64075007465458/caveman-l-uomo-delle-caverne-katia-maldoni.jpeg',
 'location_address': 'Via della Liberazione',
 'location_name': 'Teatro Verdi',
 'price': 'Prezzo non disponibile',
 'scraped_at': '2026-01-30T14:24:50.653889',
 'time_info': 'Ore 20,45',
 'title': '"Caveman - L’uomo delle caverne", a Fiorenzuola lo spettacolo di '
          'Maurizio Colombi',
 'url': 'https://www.ilpiacenza.it/eventi/caveman-l-uomo-delle-caverne-a-fiorenzuola-lo-spettacolo-di-maurizio-colombi.html',
 'uuid': '947a521997b97f35',
 'website': 'https://www.mauriziocolombi.eu'}
[2026-01-30T14:25:38.197+0000] {docker.py:429} INFO - 2026-01-30 14:25:38 [scrapy.core.engine] DEBUG: Crawled (200) <GET https://www.ilpiacenza.it/eventi/a-too-un-corso-di-degustazione-vini-con-il-sommelier-massimiliano-marruchi.html> (referer: https://www.ilpiacenza.it/eventi/dal/2026-01-30/al/2026-02-01/)
[2026-01-30T14:25:38.305+0000] {docker.py:429} INFO - 2026-01-30 14:25:38 [scrapy.core.scraper] DEBUG: Scraped from <200 https://www.ilpiacenza.it/eventi/a-too-un-corso-di-degustazione-vini-con-il-sommelier-massimiliano-marruchi.html>
{'category': 'Corsi',
 'city': 'Piacenza',
 'content_hash': '51b8963c6bfe5c16',
 'date_end': '2026-01-23',
 'date_start': '2026-02-02',
 'dates': [],
 'description': 'Quattro appuntamenti serali dedicati alla scoperta del vino, '
                'alla tecnica della degustazione e all’arte dell’abbinamento '
                'cibo-vino. Prenderà il via lunedì 2 febbraio 2026 il corso di '
                'degustazione vini nella sala corsi e meeting di Too in via 24 '
                'Maggio 51 a Piacenza. Il percorso si svilupperà nelle date 2, '
                '9, 16 e 23 febbraio 2026, dalle ore 21 alle 23. Il corso sarà '
                'condotto da Massimiliano Marruchi, sommelier con '
                'un’esperienza pluriennale nel settore enologico, costruita '
                'attraverso anni di studio, degustazioni professionali, eventi '
                'e attività di divulgazione. Una competenza maturata sul '
                'campo, che oggi si traduce in un approccio chiaro, '
                'coinvolgente e accessibile, capace di accompagnare ogni '
                'partecipante nella comprensione del vino in tutte le sue '
                'sfaccettature. Il programma propone un percorso progressivo '
                'che parte dalle basi dell’enologia e della tecnica di '
                'degustazione, con l’analisi visiva e olfattiva del vino, per '
                'poi approfondire l’esame gustativo. Ampio spazio sarà '
                'dedicato al mondo degli Champagne e degli spumanti Doc e '
                'Docg, affrontando metodi di produzione, zone di origine, '
                'concetto di terroir, panorama degli spumanti in Italia e nel '
                'mondo e principali riferimenti legislativi. Il ciclo di '
                'incontri si conclude con una lezione dedicata ai segreti '
                'dell’abbinamento cibo-vino, elemento centrale per valorizzare '
                'al meglio l’esperienza sensoriale. Ogni serata prevede la '
                'degustazione guidata di tre vini, per un totale di dodici '
                'etichette. Il costo complessivo del corso è di 100 euro. '
                'L’iniziativa è aperta a tutti, dagli appassionati che '
                'desiderano approfondire la tecnica di degustazione ai '
                'principianti e ai curiosi che intendono avvicinarsi al vino '
                'con maggiore consapevolezza, guidati dall’esperienza diretta '
                'di un professionista. Un percorso formativo che nasce dalla '
                'passione e dalla lunga esperienza di Massimiliano Marruchi e '
                'che trova in Too uno spazio ideale per la condivisione, '
                'l’apprendimento e la cultura del vino, nel cuore di Piacenza. '
                'Per info e prenotazione sarà necessario scrivere alla mail '
                'massimiliano.marruchi@alice.it',
 'image_url': '//citynews-ilpiacenza.stgy.ovh/~media/horizontal-mid/15529602223768/too_corso-degustazione-vini.jpg',
 'location_address': 'Via 24 Maggio, 51',
 'location_name': 'Hub Too',
 'price': '100 euro',
 'scraped_at': '2026-01-30T14:24:50.653505',
 'time_info': 'Dalle ore 21 alle 23',
 'title': 'A Too un corso di degustazione vini con il Sommelier Massimiliano '
          'Marruchi',
 'url': 'https://www.ilpiacenza.it/eventi/a-too-un-corso-di-degustazione-vini-con-il-sommelier-massimiliano-marruchi.html',
 'uuid': '7b32a8314713d08d'}
[2026-01-30T14:25:38.306+0000] {docker.py:429} INFO - 2026-01-30 14:25:38 [scrapy.core.engine] INFO: Closing spider (finished)
[2026-01-30T14:25:38.307+0000] {docker.py:429} INFO - 2026-01-30 14:25:38 [scrapy.extensions.feedexport] INFO: Stored json feed (38 items) in: /app/city_today/output/eventi_piacenza_questa-settimana_20260130_142442.json
[2026-01-30T14:25:38.307+0000] {docker.py:429} INFO - 2026-01-30 14:25:38 [scrapy.statscollectors] INFO: Dumping Scrapy stats:
{'downloader/request_bytes': 18413,
 'downloader/request_count': 40,
 'downloader/request_method_count/GET': 40,
 'downloader/response_bytes': 6108650,
 'downloader/response_count': 40,
 'downloader/response_status_count/200': 40,
 'elapsed_time_seconds': 56.036067,
 'feedexport/success_count/FileFeedStorage': 1,
 'finish_reason': 'finished',
 'finish_time': datetime.datetime(2026, 1, 30, 14, 25, 38, 305024, tzinfo=datetime.timezone.utc),
 'httpcompression/response_bytes': 32879624,
 'httpcompression/response_count': 40,
 'item_scraped_count': 38,
 'items_per_city/Piacenza': 38,
 'items_per_minute': 40.714285714285715,
 'log_count/DEBUG': 78,
 'log_count/INFO': 3,
 'memusage/max': 68919296,
 'memusage/startup': 68919296,
 'request_depth_max': 1,
 'response_received_count': 40,
 'responses_per_minute': 42.857142857142854,
 'robotstxt/request_count': 1,
 'robotstxt/response_count': 1,
 'robotstxt/response_status_count/200': 1,
 'scheduler/dequeued': 39,
 'scheduler/dequeued/memory': 39,
 'scheduler/enqueued': 39,
 'scheduler/enqueued/memory': 39,
 'start_time': datetime.datetime(2026, 1, 30, 14, 24, 42, 268957, tzinfo=datetime.timezone.utc)}
[2026-01-30T14:25:38.307+0000] {docker.py:429} INFO - 2026-01-30 14:25:38 [scrapy.core.engine] INFO: Spider closed (finished)
[2026-01-30T14:25:38.345+0000] {docker.py:429} INFO - Scraping completato. File: /app/city_today/output/eventi_piacenza_questa-settimana_20260130_142442.json
[2026-01-30T14:25:38.580+0000] {taskinstance.py:1138} INFO - Marking task as SUCCESS. dag_id=etl_events_daily, task_id=process_piacenza.scrape_city_today, execution_date=20260129T060000, start_date=20260130T142441, end_date=20260130T142538
[2026-01-30T14:25:38.632+0000] {local_task_job_runner.py:234} INFO - Task exited with return code 0
[2026-01-30T14:25:38.668+0000] {taskinstance.py:3280} INFO - 0 downstream tasks scheduled from follow-on schedule check
