[2026-01-29T18:22:24.546+0000] {taskinstance.py:1956} INFO - Dependencies all met for dep_context=non-requeueable deps ti=<TaskInstance: etl_events_daily.process_verona.scrape_city_today scheduled__2026-01-28T06:00:00+00:00 [queued]>
[2026-01-29T18:22:24.568+0000] {taskinstance.py:1956} INFO - Dependencies all met for dep_context=requeueable deps ti=<TaskInstance: etl_events_daily.process_verona.scrape_city_today scheduled__2026-01-28T06:00:00+00:00 [queued]>
[2026-01-29T18:22:24.569+0000] {taskinstance.py:2170} INFO - Starting attempt 1 of 4
[2026-01-29T18:22:24.590+0000] {taskinstance.py:2191} INFO - Executing <Task(FilterableDockerOperator): process_verona.scrape_city_today> on 2026-01-28 06:00:00+00:00
[2026-01-29T18:22:24.604+0000] {standard_task_runner.py:60} INFO - Started process 339 to run task
[2026-01-29T18:22:24.608+0000] {standard_task_runner.py:87} INFO - Running: ['airflow', 'tasks', 'run', 'etl_events_daily', 'process_verona.scrape_city_today', 'scheduled__2026-01-28T06:00:00+00:00', '--job-id', '258', '--raw', '--subdir', 'DAGS_FOLDER/scrape_events.py', '--cfg-path', '/tmp/tmp9ysjyx2b']
[2026-01-29T18:22:24.612+0000] {standard_task_runner.py:88} INFO - Job 258: Subtask process_verona.scrape_city_today
[2026-01-29T18:22:24.656+0000] {logging_mixin.py:188} WARNING - /home/airflow/.local/lib/python3.11/site-packages/airflow/settings.py:194 DeprecationWarning: The sql_alchemy_conn option in [core] has been moved to the sql_alchemy_conn option in [database] - the old setting has been used, but please update your config.
[2026-01-29T18:22:24.743+0000] {task_command.py:423} INFO - Running <TaskInstance: etl_events_daily.process_verona.scrape_city_today scheduled__2026-01-28T06:00:00+00:00 [running]> on host a9aac56aef94
[2026-01-29T18:22:25.107+0000] {taskinstance.py:2480} INFO - Exporting env vars: AIRFLOW_CTX_DAG_OWNER='airflow' AIRFLOW_CTX_DAG_ID='etl_events_daily' AIRFLOW_CTX_TASK_ID='process_verona.scrape_city_today' AIRFLOW_CTX_EXECUTION_DATE='2026-01-28T06:00:00+00:00' AIRFLOW_CTX_TRY_NUMBER='1' AIRFLOW_CTX_DAG_RUN_ID='scheduled__2026-01-28T06:00:00+00:00'
[2026-01-29T18:22:25.195+0000] {docker.py:359} INFO - Starting docker container from image scrapy-events:latest
[2026-01-29T18:22:25.209+0000] {docker.py:367} WARNING - Using remote engine or docker-in-docker and mounting temporary volume from host is not supported. Falling back to `mount_tmp_dir=False` mode. You can set `mount_tmp_dir` parameter to False to disable mounting and remove the warning
[2026-01-29T18:22:25.983+0000] {docker.py:429} INFO - Avvio scraping per: Verona
Periodo: questa-settimana
[2026-01-29T18:22:25.986+0000] {docker.py:429} INFO - 2026-01-29 18:22:25 [scrapy.utils.log] INFO: Scrapy 2.14.1 started (bot: events)
[2026-01-29T18:22:25.991+0000] {docker.py:429} INFO - 2026-01-29 18:22:25 [scrapy.utils.log] INFO: Versions:
{'lxml': '6.0.2',
 'libxml2': '2.14.6',
 'cssselect': '1.3.0',
 'parsel': '1.10.0',
 'w3lib': '2.3.1',
 'Twisted': '25.5.0',
 'Python': '3.11.14 (main, Jan 13 2026, 03:12:14) [GCC 14.2.0]',
 'pyOpenSSL': '25.3.0 (OpenSSL 3.5.4 30 Sep 2025)',
 'cryptography': '46.0.3',
 'Platform': 'Linux-6.12.54-linuxkit-x86_64-with-glibc2.41'}
2026-01-29 18:22:25 [scrapy.crawler] DEBUG: Using CrawlerProcess
[2026-01-29T18:22:25.993+0000] {docker.py:429} INFO - 2026-01-29 18:22:25 [events] INFO: Scraping città: Verona
2026-01-29 18:22:25 [events] INFO: Periodo: questa-settimana (2026-01-29 - 2026-02-01)
[2026-01-29T18:22:25.993+0000] {docker.py:429} INFO - 2026-01-29 18:22:25 [scrapy.addons] INFO: Enabled addons:
[]
[2026-01-29T18:22:25.995+0000] {docker.py:429} INFO - 2026-01-29 18:22:25 [asyncio] DEBUG: Using selector: EpollSelector
[2026-01-29T18:22:25.995+0000] {docker.py:429} INFO - 2026-01-29 18:22:25 [scrapy.utils.log] DEBUG: Using reactor: twisted.internet.asyncioreactor.AsyncioSelectorReactor
2026-01-29 18:22:25 [scrapy.utils.log] DEBUG: Using asyncio event loop: asyncio.unix_events._UnixSelectorEventLoop
[2026-01-29T18:22:25.999+0000] {docker.py:429} INFO - 2026-01-29 18:22:25 [scrapy.extensions.telnet] INFO: Telnet Password: d096cccbfe7bc6ae
[2026-01-29T18:22:26.053+0000] {docker.py:429} INFO - 2026-01-29 18:22:26 [scrapy.middleware] INFO: Enabled extensions:
['scrapy.extensions.corestats.CoreStats',
 'scrapy.extensions.logcount.LogCount',
 'scrapy.extensions.telnet.TelnetConsole',
 'scrapy.extensions.memusage.MemoryUsage',
 'scrapy.extensions.feedexport.FeedExporter',
 'scrapy.extensions.logstats.LogStats']
[2026-01-29T18:22:26.054+0000] {docker.py:429} INFO - 2026-01-29 18:22:26 [scrapy.crawler] INFO: Overridden settings:
{'BOT_NAME': 'events',
 'CONCURRENT_REQUESTS': 2,
 'CONCURRENT_REQUESTS_PER_DOMAIN': 1,
 'DOWNLOAD_DELAY': 1,
 'FEED_EXPORT_ENCODING': 'utf-8',
 'NEWSPIDER_MODULE': 'events.spiders',
 'ROBOTSTXT_OBEY': True,
 'SPIDER_MODULES': ['events.spiders'],
 'USER_AGENT': 'Mozilla/5.0 (Macintosh; Intel Mac OS X 10_15_7) '
               'AppleWebKit/537.36 (KHTML, like Gecko) Chrome/120.0.0.0 '
               'Safari/537.36'}
[2026-01-29T18:22:26.134+0000] {docker.py:429} INFO - 2026-01-29 18:22:26 [scrapy.middleware] INFO: Enabled downloader middlewares:
['scrapy.downloadermiddlewares.offsite.OffsiteMiddleware',
 'scrapy.downloadermiddlewares.robotstxt.RobotsTxtMiddleware',
 'scrapy.downloadermiddlewares.httpauth.HttpAuthMiddleware',
 'scrapy.downloadermiddlewares.downloadtimeout.DownloadTimeoutMiddleware',
 'scrapy.downloadermiddlewares.defaultheaders.DefaultHeadersMiddleware',
 'scrapy.downloadermiddlewares.useragent.UserAgentMiddleware',
 'scrapy.downloadermiddlewares.retry.RetryMiddleware',
 'scrapy.downloadermiddlewares.redirect.MetaRefreshMiddleware',
 'scrapy.downloadermiddlewares.httpcompression.HttpCompressionMiddleware',
 'scrapy.downloadermiddlewares.redirect.RedirectMiddleware',
 'scrapy.downloadermiddlewares.cookies.CookiesMiddleware',
 'scrapy.downloadermiddlewares.httpproxy.HttpProxyMiddleware',
 'scrapy.downloadermiddlewares.stats.DownloaderStats']
[2026-01-29T18:22:26.139+0000] {docker.py:429} INFO - 2026-01-29 18:22:26 [scrapy.middleware] INFO: Enabled spider middlewares:
['scrapy.spidermiddlewares.start.StartSpiderMiddleware',
 'scrapy.spidermiddlewares.httperror.HttpErrorMiddleware',
 'scrapy.spidermiddlewares.referer.RefererMiddleware',
 'scrapy.spidermiddlewares.urllength.UrlLengthMiddleware',
 'scrapy.spidermiddlewares.depth.DepthMiddleware']
[2026-01-29T18:22:26.140+0000] {docker.py:429} INFO - 2026-01-29 18:22:26 [scrapy.middleware] INFO: Enabled item pipelines:
[]
[2026-01-29T18:22:26.141+0000] {docker.py:429} INFO - Output file: /app/city_today/output/eventi_verona_questa-settimana_20260129_182225.json
[2026-01-29T18:22:26.141+0000] {docker.py:429} INFO - 2026-01-29 18:22:26 [scrapy.core.engine] INFO: Spider opened
[2026-01-29T18:22:26.156+0000] {docker.py:429} INFO - 2026-01-29 18:22:26 [scrapy.extensions.logstats] INFO: Crawled 0 pages (at 0 pages/min), scraped 0 items (at 0 items/min)
[2026-01-29T18:22:26.158+0000] {docker.py:429} INFO - 2026-01-29 18:22:26 [scrapy.extensions.telnet] INFO: Telnet console listening on 127.0.0.1:6023
[2026-01-29T18:22:26.567+0000] {docker.py:429} INFO - 2026-01-29 18:22:26 [scrapy.core.engine] DEBUG: Crawled (200) <GET https://www.veronasera.it/robots.txt> (referer: None)
[2026-01-29T18:22:30.239+0000] {docker.py:429} INFO - 2026-01-29 18:22:30 [scrapy.core.engine] DEBUG: Crawled (200) <GET https://www.veronasera.it/eventi/dal/2026-01-29/al/2026-02-01/> (referer: None)
[2026-01-29T18:22:30.629+0000] {docker.py:429} INFO - 2026-01-29 18:22:30 [scrapy.core.engine] DEBUG: Crawled (200) <GET https://www.veronasera.it/eventi/MAG2-arte-studio-la-citta-23-dicembre-2025-28-febbraio-2026.html> (referer: https://www.veronasera.it/eventi/dal/2026-01-29/al/2026-02-01/)
[2026-01-29T18:22:30.746+0000] {docker.py:429} INFO - 2026-01-29 18:22:30 [scrapy.core.scraper] DEBUG: Scraped from <200 https://www.veronasera.it/eventi/MAG2-arte-studio-la-citta-23-dicembre-2025-28-febbraio-2026.html>
{'category': 'Mostre',
 'city': 'Verona',
 'content_hash': 'e9787b8ae134e628',
 'date_end': '2026-02-28',
 'date_start': '2025-12-23',
 'dates': [{'date': '2025-12-23', 'weekday': 'Martedì'},
           {'date': '2025-12-26', 'weekday': 'Venerdì'},
           {'date': '2025-12-27', 'weekday': 'Sabato'},
           {'date': '2025-12-29', 'weekday': 'Lunedì'},
           {'date': '2025-12-30', 'weekday': 'Martedì'},
           {'date': '2026-01-02', 'weekday': 'Venerdì'},
           {'date': '2026-01-03', 'weekday': 'Sabato'},
           {'date': '2026-01-05', 'weekday': 'Lunedì'},
           {'date': '2026-01-06', 'weekday': 'Martedì'},
           {'date': '2026-01-09', 'weekday': 'Venerdì'},
           {'date': '2026-01-10', 'weekday': 'Sabato'},
           {'date': '2026-01-12', 'weekday': 'Lunedì'},
           {'date': '2026-01-13', 'weekday': 'Martedì'},
           {'date': '2026-01-16', 'weekday': 'Venerdì'},
           {'date': '2026-01-17', 'weekday': 'Sabato'},
           {'date': '2026-01-19', 'weekday': 'Lunedì'},
           {'date': '2026-01-20', 'weekday': 'Martedì'},
           {'date': '2026-01-23', 'weekday': 'Venerdì'},
           {'date': '2026-01-24', 'weekday': 'Sabato'},
           {'date': '2026-01-26', 'weekday': 'Lunedì'},
           {'date': '2026-01-27', 'weekday': 'Martedì'},
           {'date': '2026-01-30', 'weekday': 'Venerdì'},
           {'date': '2026-01-31', 'weekday': 'Sabato'},
           {'date': '2026-02-02', 'weekday': 'Lunedì'},
           {'date': '2026-02-03', 'weekday': 'Martedì'},
           {'date': '2026-02-06', 'weekday': 'Venerdì'},
           {'date': '2026-02-07', 'weekday': 'Sabato'},
           {'date': '2026-02-09', 'weekday': 'Lunedì'},
           {'date': '2026-02-10', 'weekday': 'Martedì'},
           {'date': '2026-02-13', 'weekday': 'Venerdì'},
           {'date': '2026-02-14', 'weekday': 'Sabato'},
           {'date': '2026-02-16', 'weekday': 'Lunedì'},
           {'date': '2026-02-17', 'weekday': 'Martedì'},
           {'date': '2026-02-20', 'weekday': 'Venerdì'},
           {'date': '2026-02-21', 'weekday': 'Sabato'},
           {'date': '2026-02-23', 'weekday': 'Lunedì'},
           {'date': '2026-02-24', 'weekday': 'Martedì'},
           {'date': '2026-02-27', 'weekday': 'Venerdì'},
           {'date': '2026-02-28', 'weekday': 'Sabato'}],
 'description': "Lo spazio di una galleria d'arte contemporanea, oltre a "
                'concretizzare un ruolo culturale, può essere considerato con '
                'intenti diversi: contenitore "sacro" o spazio istituzionale? '
                'Da una parte il contenitore sacro, una lente che focalizza '
                "l'attenzione esclusivamente sull'oggetto per estrarne "
                "un'essenza artistica, dall'altra lo spazio istituzionale che "
                "lega l'opera alla storia, alla società e alla posterità e "
                'presuppone la galleria come luogo multi funzionale, oltre '
                'quello espositivo. MAG2 è una esposizione che riprende, '
                'ripropone, ricollega, affonda le radici nel terreno '
                'fertilissimo di Studio la Città. Gli artisti e le opere sono '
                'associati e isolati con il più grande sforzo di neutralità; è '
                'vero, il percorso della galleria la ha istituzionalizzata ma '
                'il pensiero originale era sacro e da quel valore si '
                'concretizza il presente e si diramerà il futuro. Studio la '
                'Città, Lungadige Galtarossa 21, 37133 Verona. Orari dal 23 '
                'dicembre 2025 al 28 febbraio 2026:',
 'image_url': '//citynews-veronasera.stgy.ovh/~media/horizontal-mid/15172845533377/mag2-foto-ufficio-stampa-studio-la-citta.jpg',
 'location_address': 'Lungadige Galtarossa, 21',
 'location_name': 'Studio la Città',
 'price': 'Gratis',
 'schedule': 'Lunedì ore 14 – 18. Martedì / Venerdì ore 10 – 13 | 14 – 18. '
             'Sabato su appuntamento',
 'scraped_at': '2026-01-29T18:22:30.363800',
 'title': 'Studio la Città ospita la mostra "MAG2"',
 'url': 'https://www.veronasera.it/eventi/MAG2-arte-studio-la-citta-23-dicembre-2025-28-febbraio-2026.html',
 'uuid': 'b72dc8fc2eb9b65b',
 'website': 'https://www.studiolacitta.it/esposizione/mag2/',
 'weekdays': 'Lunedì, Martedì, Venerdì, Sabato'}
[2026-01-29T18:22:34.704+0000] {docker.py:429} INFO - 2026-01-29 18:22:34 [scrapy.core.engine] DEBUG: Crawled (200) <GET https://www.veronasera.it/eventi/lego-botanicals-fiori-adigeo-29-gennaio-1-febbraio-2026.html> (referer: https://www.veronasera.it/eventi/dal/2026-01-29/al/2026-02-01/)
[2026-01-29T18:22:34.812+0000] {docker.py:429} INFO - 2026-01-29 18:22:34 [scrapy.core.scraper] DEBUG: Scraped from <200 https://www.veronasera.it/eventi/lego-botanicals-fiori-adigeo-29-gennaio-1-febbraio-2026.html>
{'category': 'Promozioni',
 'city': 'Verona',
 'content_hash': '57e2d7495e4bab47',
 'date_end': '2026-02-01',
 'date_start': '2026-01-29',
 'dates': [{'date': '2026-01-29',
            'time_end': '19:30',
            'time_start': '15:30',
            'weekday': 'Giovedì'},
           {'date': '2026-01-30',
            'time_end': '19:30',
            'time_start': '15:30',
            'weekday': 'Venerdì'},
           {'date': '2026-01-31',
            'time_end': '19:30',
            'time_start': '15:30',
            'weekday': 'Sabato'},
           {'date': '2026-02-01',
            'time_end': '19:30',
            'time_start': '15:30',
            'weekday': 'Domenica'}],
 'description': "In vista di San Valentino, dal 29 gennaio all'1 febbraio, "
                'LEGO Italia invita tutti gli amanti della creatività e del '
                'design floreale a partecipare a un’iniziativa speciale '
                'dedicata alla linea LEGO® Botanicals, all’interno del centro '
                'commerciale Adigeo di Verona. '
                '{"type":"gallery","object":{"title":"LEGO\\u00ae '
                'Botanicals","description":"","uri":"https:\\/\\/www.veronasera.it\\/foto\\/eventi\\/lego-botanicals\\/","medias":[{"title":"LEGO\\u00ae '
                'Botanicals : foto ufficio stampa Press LEGO '
                '2","description":"","image":"https:\\/\\/citynews-veronasera.stgy.ovh\\/~media\\/horizontal-hi\\/21735794003942\\/lego-botanicals-foto-ufficio-stampa-presso-lego-2.jpg","uri":"https:\\/\\/www.veronasera.it\\/foto\\/eventi\\/lego-botanicals\\/lego-botanicals-foto-ufficio-stampa-presso-lego-2.html"},{"title":"LEGO\\u00ae '
                'Botanicals : foto ufficio stampa Press LEGO '
                '3","description":"","image":"https:\\/\\/citynews-veronasera.stgy.ovh\\/~media\\/horizontal-hi\\/5011863261725\\/lego-botanicals-foto-ufficio-stampa-presso-lego-3.jpg","uri":"https:\\/\\/www.veronasera.it\\/foto\\/eventi\\/lego-botanicals\\/lego-botanicals-foto-ufficio-stampa-presso-lego-3.html"},{"title":"LEGO\\u00ae '
                'Botanicals : foto ufficio stampa Press LEGO '
                '4","description":"","image":"https:\\/\\/citynews-veronasera.stgy.ovh\\/~media\\/horizontal-hi\\/9288291841836\\/lego-botanicals-foto-ufficio-stampa-presso-lego-4.jpg","uri":"https:\\/\\/www.veronasera.it\\/foto\\/eventi\\/lego-botanicals\\/lego-botanicals-foto-ufficio-stampa-presso-lego-4.html"}]}} '
                'Per un weekend all’insegna del gioco e delle connessioni, la '
                'piazza principale del Centro Commerciale, si trasformerà in '
                'una Boutique dei Fiori che offrirà a grandi e piccini '
                'l’opportunità di partecipare ad attività creative uniche con '
                'la possibilità di costruire e portare a casa un piccolo '
                'omaggio floreale. A completare l’esperienza, un flower wall '
                'perfetto per scattare foto romantiche e l’esposizione dei '
                'bouquet LEGO® Botanicals, pensati per celebrare in modo '
                'originale l’amore in tutte le sue forme. Il Centro '
                'Commerciale Adigeo ospita anche un LEGO® Certified Store, '
                'dove i visitatori potranno esplorare l’intero assortimento di '
                'prodotti LEGO e scoprire ulteriori sorprese ispirate alla '
                'creatività botanica. Un’occasione imperdibile per scoprire la '
                'bellezza dei mattoncini LEGO® e lasciarsi ispirare dalla '
                'natura. Dettagli evento: Orari di apertura:',
 'image_url': '//citynews-veronasera.stgy.ovh/~media/horizontal-mid/37814251451136/lego-botanicals-foto-ufficio-stampa-presso-lego-1.jpg',
 'location_address': 'Viale delle Nazioni, 1',
 'location_name': 'Centro Commerciale Adigeo',
 'price': 'Gratis',
 'schedule': 'Giovedì e venerdì: ore 15.30 – 19.30. Sabato e domenica: ore 11 '
             '– 13 e 15 – 20',
 'scraped_at': '2026-01-29T18:22:30.363308',
 'time_info': '15:30-19:30',
 'title': 'Le meraviglie floreali Lego sbarcano da Adigeo per San Valentino',
 'url': 'https://www.veronasera.it/eventi/lego-botanicals-fiori-adigeo-29-gennaio-1-febbraio-2026.html',
 'uuid': '0201cec03f6f040f',
 'website': 'https://www.instagram.com/p/DUBTTs2DM7k/',
 'weekdays': 'Giovedì, Venerdì, Sabato, Domenica'}
[2026-01-29T18:22:35.312+0000] {docker.py:429} INFO - 2026-01-29 18:22:35 [scrapy.core.engine] DEBUG: Crawled (200) <GET https://www.veronasera.it/eventi/galleria-dello-scudo-arte-carlaaccardi-oroargentodipinti13-dicembre-2025-28-marzo-2026.html> (referer: https://www.veronasera.it/eventi/dal/2026-01-29/al/2026-02-01/)
[2026-01-29T18:22:35.426+0000] {docker.py:429} INFO - 2026-01-29 18:22:35 [scrapy.core.scraper] DEBUG: Scraped from <200 https://www.veronasera.it/eventi/galleria-dello-scudo-arte-carlaaccardi-oroargentodipinti13-dicembre-2025-28-marzo-2026.html>
{'category': 'Mostre',
 'city': 'Verona',
 'content_hash': '8d8930667f35b2c7',
 'date_end': '2026-03-28',
 'date_start': '2025-12-13',
 'dates': [{'date': '2025-12-13', 'weekday': 'Sabato'},
           {'date': '2025-12-14', 'weekday': 'Domenica'},
           {'date': '2025-12-15', 'weekday': 'Lunedì'},
           {'date': '2025-12-16', 'weekday': 'Martedì'},
           {'date': '2025-12-17', 'weekday': 'Mercoledì'},
           {'date': '2025-12-18', 'weekday': 'Giovedì'},
           {'date': '2025-12-19', 'weekday': 'Venerdì'},
           {'date': '2025-12-20', 'weekday': 'Sabato'},
           {'date': '2025-12-21', 'weekday': 'Domenica'},
           {'date': '2025-12-22', 'weekday': 'Lunedì'},
           {'date': '2025-12-23', 'weekday': 'Martedì'},
           {'date': '2025-12-24', 'weekday': 'Mercoledì'},
           {'date': '2025-12-25', 'weekday': 'Giovedì'},
           {'date': '2025-12-26', 'weekday': 'Venerdì'},
           {'date': '2025-12-27', 'weekday': 'Sabato'},
           {'date': '2025-12-28', 'weekday': 'Domenica'},
           {'date': '2025-12-29', 'weekday': 'Lunedì'},
           {'date': '2025-12-30', 'weekday': 'Martedì'},
           {'date': '2025-12-31', 'weekday': 'Mercoledì'},
           {'date': '2026-01-01', 'weekday': 'Giovedì'},
           {'date': '2026-01-02', 'weekday': 'Venerdì'},
           {'date': '2026-01-03', 'weekday': 'Sabato'},
           {'date': '2026-01-04', 'weekday': 'Domenica'},
           {'date': '2026-01-05', 'weekday': 'Lunedì'},
           {'date': '2026-01-06', 'weekday': 'Martedì'},
           {'date': '2026-01-07', 'weekday': 'Mercoledì'},
           {'date': '2026-01-08', 'weekday': 'Giovedì'},
           {'date': '2026-01-09', 'weekday': 'Venerdì'},
           {'date': '2026-01-10', 'weekday': 'Sabato'},
           {'date': '2026-01-11', 'weekday': 'Domenica'},
           {'date': '2026-01-12', 'weekday': 'Lunedì'},
           {'date': '2026-01-13', 'weekday': 'Martedì'},
           {'date': '2026-01-14', 'weekday': 'Mercoledì'},
           {'date': '2026-01-15', 'weekday': 'Giovedì'},
           {'date': '2026-01-16', 'weekday': 'Venerdì'},
           {'date': '2026-01-17', 'weekday': 'Sabato'},
           {'date': '2026-01-18', 'weekday': 'Domenica'},
           {'date': '2026-01-19', 'weekday': 'Lunedì'},
           {'date': '2026-01-20', 'weekday': 'Martedì'},
           {'date': '2026-01-21', 'weekday': 'Mercoledì'},
           {'date': '2026-01-22', 'weekday': 'Giovedì'},
           {'date': '2026-01-23', 'weekday': 'Venerdì'},
           {'date': '2026-01-24', 'weekday': 'Sabato'},
           {'date': '2026-01-25', 'weekday': 'Domenica'},
           {'date': '2026-01-26', 'weekday': 'Lunedì'},
           {'date': '2026-01-27', 'weekday': 'Martedì'},
           {'date': '2026-01-28', 'weekday': 'Mercoledì'},
           {'date': '2026-01-29', 'weekday': 'Giovedì'},
           {'date': '2026-01-30', 'weekday': 'Venerdì'},
           {'date': '2026-01-31', 'weekday': 'Sabato'},
           {'date': '2026-02-01', 'weekday': 'Domenica'},
           {'date': '2026-02-02', 'weekday': 'Lunedì'},
           {'date': '2026-02-03', 'weekday': 'Martedì'},
           {'date': '2026-02-04', 'weekday': 'Mercoledì'},
           {'date': '2026-02-05', 'weekday': 'Giovedì'},
           {'date': '2026-02-06', 'weekday': 'Venerdì'},
           {'date': '2026-02-07', 'weekday': 'Sabato'},
           {'date': '2026-02-08', 'weekday': 'Domenica'},
           {'date': '2026-02-09', 'weekday': 'Lunedì'},
           {'date': '2026-02-10', 'weekday': 'Martedì'},
           {'date': '2026-02-11', 'weekday': 'Mercoledì'},
           {'date': '2026-02-12', 'weekday': 'Giovedì'},
           {'date': '2026-02-13', 'weekday': 'Venerdì'},
           {'date': '2026-02-14', 'weekday': 'Sabato'},
           {'date': '2026-02-15', 'weekday': 'Domenica'},
           {'date': '2026-02-16', 'weekday': 'Lunedì'},
           {'date': '2026-02-17', 'weekday': 'Martedì'},
           {'date': '2026-02-18', 'weekday': 'Mercoledì'},
           {'date': '2026-02-19', 'weekday': 'Giovedì'},
           {'date': '2026-02-20', 'weekday': 'Venerdì'},
           {'date': '2026-02-21', 'weekday': 'Sabato'},
           {'date': '2026-02-22', 'weekday': 'Domenica'},
           {'date': '2026-02-23', 'weekday': 'Lunedì'},
           {'date': '2026-02-24', 'weekday': 'Martedì'},
           {'date': '2026-02-25', 'weekday': 'Mercoledì'},
           {'date': '2026-02-26', 'weekday': 'Giovedì'},
           {'date': '2026-02-27', 'weekday': 'Venerdì'},
           {'date': '2026-02-28', 'weekday': 'Sabato'},
           {'date': '2026-03-01', 'weekday': 'Domenica'},
           {'date': '2026-03-02', 'weekday': 'Lunedì'},
           {'date': '2026-03-03', 'weekday': 'Martedì'},
           {'date': '2026-03-04', 'weekday': 'Mercoledì'},
           {'date': '2026-03-05', 'weekday': 'Giovedì'},
           {'date': '2026-03-06', 'weekday': 'Venerdì'},
           {'date': '2026-03-07', 'weekday': 'Sabato'},
           {'date': '2026-03-08', 'weekday': 'Domenica'},
           {'date': '2026-03-09', 'weekday': 'Lunedì'},
           {'date': '2026-03-10', 'weekday': 'Martedì'},
           {'date': '2026-03-11', 'weekday': 'Mercoledì'},
           {'date': '2026-03-12', 'weekday': 'Giovedì'},
           {'date': '2026-03-13', 'weekday': 'Venerdì'},
           {'date': '2026-03-14', 'weekday': 'Sabato'},
           {'date': '2026-03-15', 'weekday': 'Domenica'},
           {'date': '2026-03-16', 'weekday': 'Lunedì'},
           {'date': '2026-03-17', 'weekday': 'Martedì'},
           {'date': '2026-03-18', 'weekday': 'Mercoledì'},
           {'date': '2026-03-19', 'weekday': 'Giovedì'},
           {'date': '2026-03-20', 'weekday': 'Venerdì'},
           {'date': '2026-03-21', 'weekday': 'Sabato'},
           {'date': '2026-03-22', 'weekday': 'Domenica'},
           {'date': '2026-03-23', 'weekday': 'Lunedì'},
           {'date': '2026-03-24', 'weekday': 'Martedì'},
           {'date': '2026-03-25', 'weekday': 'Mercoledì'},
           {'date': '2026-03-26', 'weekday': 'Giovedì'},
           {'date': '2026-03-27', 'weekday': 'Venerdì'},
           {'date': '2026-03-28', 'weekday': 'Sabato'}],
 'description': 'Dal 13 dicembre 2025 è in programma, alla Galleria dello '
                'Scudo a Verona, la mostra dedicata a una selezione di opere '
                'di Carla Accardi eseguite tra il 1964 e il 1965. I dipinti, '
                'ora riuniti per la prima volta a documentare un nucleo ben '
                'definito, sono caratterizzati dall’uso di pigmenti oro e '
                'argento, una scelta con cui l’artista declina in termini del '
                'tutto inediti una personale riflessione sul rapporto fra '
                'segno, luce e spazio pittorico. La rassegna, in '
                'collaborazione con l’Archivio Accardi Sanfilippo, riunisce '
                'tele di grandi dimensioni provenienti dalla collezione '
                'dell’artista, alcune già esposte in Italia e all’estero negli '
                'anni ’60, che testimoniano di una fase creativa tra le più '
                'intense del suo percorso. Del 1964, infatti, è l’invito alla '
                'XXXII Biennale di Venezia con una sala personale. Nel testo '
                'in catalogo, Carla Lonzi sottolinea come Accardi sia passata '
                '“attraverso l’informale senza possibilità di identificarvisi, '
                'ma avvertendone la presenza come dato ovvio e preesistente”. '
                'L’artista sceglie per la prima volta di ricorrere a questi '
                'pigmenti per spostare con decisione la sua pittura verso una '
                'nuova dimensione di luminosità, che coinvolge lo spazio oltre '
                'i confini della tela, in un dialogo che, negli stessi anni, '
                'la porta a concepire le prime radicali sperimentazioni '
                'ambientali con il sicofoil. La serie di quadri del 1964-1965 '
                'ora riuniti a Verona rappresenta una delle tappe più '
                'enigmatiche e sofisticate di una particolare sperimentazione: '
                'l’oro e l’argento diventano veicoli di luce, materiali che '
                'dialogano con lo spazio circostante; l’immagine non è '
                'confinata all’interno del telaio ma agisce per inversione, '
                'apertura, riverbero. I dipinti di questo periodo riconfermano '
                "la tensione dell'artista verso una nuova “densità luminosa”: "
                'il segno si fa essenziale, ridotto ma, al tempo stesso, '
                'potente nella sua capacità di modulare la percezione in '
                'rapporto all’osservatore e alle condizioni di visione. Sarà '
                'Accardi stessa, in un’intervista su “Flash Art” di '
                'ottobre-novembre 1989, a offrire la chiave utile per '
                'comprendere la genesi di questi quadri. “Ricordo che '
                'nell’estate del ’64, dopo la mia partecipazione alla '
                'Biennale, ho cominciato a usare il colore fluorescente su '
                'tela. Il colore fluorescente esprimeva la mia ricerca di una '
                'luce sempre maggiore, perché la fluorescenza di questo colore '
                'sembra illuminata da un raggio di sole, mentre il colore '
                'normale, anche se è un rosso cadmio, sembra sempre un po’ '
                'ombrato. Il materiale trasparente, che poi ho usato, ho avuto '
                'occasione di utilizzarlo per una cosa che mi avevano chiesto. '
                'Così, la trasparenza e il colore fluorescente vengono tutti e '
                'due da quella mia scelta di radicalizzazione verso un cammino '
                'di “antipittura”; è sempre stato il mio motivo ispiratore... '
                'Ero passata da Ravenna e avevo visitato il Mausoleo di Galla '
                'Placidia”. L’esposizione veronese è corredata da una ricca '
                'serie di opere su carta. Un nucleo, anch’esso, del tutto '
                'coeso e unico, realizzato utilizzando i pigmenti oro e '
                'argento su carte colorate e mai presentato in pubblico nel '
                'suo insieme. In uno spazio ancora una volta risolto in '
                'bicromia, Accardi disegna una serie di “matasse”, come lei '
                'stessa le chiama, in cui il segno si agita libero e si '
                'avviluppa in sequenze continue dall’andamento circolare, '
                'mosse verso il centro del foglio di carta o dilatate fino ai '
                'suoi limiti estremi. Opere in cui ritorna quella che Germano '
                'Celant nel 1999 definisce “la danza dei riflessi”, che '
                '“spinge i colori quanto le superfici a fluttuare, a '
                'riverberare una luce e una mobilità che sono continue '
                'intercomunicazioni tra le polarità dell’arte e '
                'dell’ambiente”. La Galleria dello Scudo pubblica un catalogo '
                'in italiano e inglese con testi di Bruno Corà, Paola Bonani, '
                'Daniela Lancioni, con un ricco apparato iconografico.',
 'image_url': '//citynews-veronasera.stgy.ovh/~media/horizontal-mid/24751279436413/carla-accardi-oroblu-oriente-n-2-1965-roma-collezione-dell-artista-ufficio-stampa-lara-facco-p-c.jpg',
 'location_address': 'Vicolo Scudo di Francia, 2',
 'location_name': 'Galleria dello Scudo',
 'price': 'Gratis',
 'scraped_at': '2026-01-29T18:22:30.362872',
 'time_info': 'Inaugurazione ore 19',
 'title': 'Galleria dello Scudo presenta la mostra "carlaaccardi oroargento '
          'dipinti 1964-1965"',
 'url': 'https://www.veronasera.it/eventi/galleria-dello-scudo-arte-carlaaccardi-oroargentodipinti13-dicembre-2025-28-marzo-2026.html',
 'uuid': 'b3155a1ce75db56f',
 'website': 'https://galleriadelloscudo.com/'}
[2026-01-29T18:22:36.503+0000] {docker.py:429} INFO - 2026-01-29 18:22:36 [scrapy.core.engine] DEBUG: Crawled (200) <GET https://www.veronasera.it/eventi/camper-degustazione-vino-valpolicella-luglio-2025.html> (referer: https://www.veronasera.it/eventi/dal/2026-01-29/al/2026-02-01/)
[2026-01-29T18:22:36.622+0000] {docker.py:429} INFO - 2026-01-29 18:22:36 [scrapy.core.scraper] DEBUG: Scraped from <200 https://www.veronasera.it/eventi/camper-degustazione-vino-valpolicella-luglio-2025.html>
{'category': 'Turismo',
 'city': 'Verona',
 'content_hash': '80451a7c3b126b86',
 'date_end': '2026-07-22',
 'date_start': '2025-07-22',
 'dates': [{'date': '2025-07-22', 'weekday': 'Martedì'},
           {'date': '2025-07-23', 'weekday': 'Mercoledì'},
           {'date': '2025-07-24', 'weekday': 'Giovedì'},
           {'date': '2025-07-25', 'weekday': 'Venerdì'},
           {'date': '2025-07-26', 'weekday': 'Sabato'},
           {'date': '2025-07-27', 'weekday': 'Domenica'},
           {'date': '2025-07-28', 'weekday': 'Lunedì'},
           {'date': '2025-07-29', 'weekday': 'Martedì'},
           {'date': '2025-07-30', 'weekday': 'Mercoledì'},
           {'date': '2025-07-31', 'weekday': 'Giovedì'},
           {'date': '2025-08-01', 'weekday': 'Venerdì'},
           {'date': '2025-08-02', 'weekday': 'Sabato'},
           {'date': '2025-08-03', 'weekday': 'Domenica'},
           {'date': '2025-08-04', 'weekday': 'Lunedì'},
           {'date': '2025-08-05', 'weekday': 'Martedì'},
           {'date': '2025-08-06', 'weekday': 'Mercoledì'},
           {'date': '2025-08-07', 'weekday': 'Giovedì'},
           {'date': '2025-08-08', 'weekday': 'Venerdì'},
           {'date': '2025-08-09', 'weekday': 'Sabato'},
           {'date': '2025-08-10', 'weekday': 'Domenica'},
           {'date': '2025-08-11', 'weekday': 'Lunedì'},
           {'date': '2025-08-12', 'weekday': 'Martedì'},
           {'date': '2025-08-13', 'weekday': 'Mercoledì'},
           {'date': '2025-08-14', 'weekday': 'Giovedì'},
           {'date': '2025-08-15', 'weekday': 'Venerdì'},
           {'date': '2025-08-16', 'weekday': 'Sabato'},
           {'date': '2025-08-17', 'weekday': 'Domenica'},
           {'date': '2025-08-18', 'weekday': 'Lunedì'},
           {'date': '2025-08-19', 'weekday': 'Martedì'},
           {'date': '2025-08-20', 'weekday': 'Mercoledì'},
           {'date': '2025-08-21', 'weekday': 'Giovedì'},
           {'date': '2025-08-22', 'weekday': 'Venerdì'},
           {'date': '2025-08-23', 'weekday': 'Sabato'},
           {'date': '2025-08-24', 'weekday': 'Domenica'},
           {'date': '2025-08-25', 'weekday': 'Lunedì'},
           {'date': '2025-08-26', 'weekday': 'Martedì'},
           {'date': '2025-08-27', 'weekday': 'Mercoledì'},
           {'date': '2025-08-28', 'weekday': 'Giovedì'},
           {'date': '2025-08-29', 'weekday': 'Venerdì'},
           {'date': '2025-08-30', 'weekday': 'Sabato'},
           {'date': '2025-08-31', 'weekday': 'Domenica'},
           {'date': '2025-09-01', 'weekday': 'Lunedì'},
           {'date': '2025-09-02', 'weekday': 'Martedì'},
           {'date': '2025-09-03', 'weekday': 'Mercoledì'},
           {'date': '2025-09-04', 'weekday': 'Giovedì'},
           {'date': '2025-09-05', 'weekday': 'Venerdì'},
           {'date': '2025-09-06', 'weekday': 'Sabato'},
           {'date': '2025-09-07', 'weekday': 'Domenica'},
           {'date': '2025-09-08', 'weekday': 'Lunedì'},
           {'date': '2025-09-09', 'weekday': 'Martedì'},
           {'date': '2025-09-10', 'weekday': 'Mercoledì'},
           {'date': '2025-09-11', 'weekday': 'Giovedì'},
           {'date': '2025-09-12', 'weekday': 'Venerdì'},
           {'date': '2025-09-13', 'weekday': 'Sabato'},
           {'date': '2025-09-14', 'weekday': 'Domenica'},
           {'date': '2025-09-15', 'weekday': 'Lunedì'},
           {'date': '2025-09-16', 'weekday': 'Martedì'},
           {'date': '2025-09-17', 'weekday': 'Mercoledì'},
           {'date': '2025-09-18', 'weekday': 'Giovedì'},
           {'date': '2025-09-19', 'weekday': 'Venerdì'},
           {'date': '2025-09-20', 'weekday': 'Sabato'},
           {'date': '2025-09-21', 'weekday': 'Domenica'},
           {'date': '2025-09-22', 'weekday': 'Lunedì'},
           {'date': '2025-09-23', 'weekday': 'Martedì'},
           {'date': '2025-09-24', 'weekday': 'Mercoledì'},
           {'date': '2025-09-25', 'weekday': 'Giovedì'},
           {'date': '2025-09-26', 'weekday': 'Venerdì'},
           {'date': '2025-09-27', 'weekday': 'Sabato'},
           {'date': '2025-09-28', 'weekday': 'Domenica'},
           {'date': '2025-09-29', 'weekday': 'Lunedì'},
           {'date': '2025-09-30', 'weekday': 'Martedì'},
           {'date': '2025-10-01', 'weekday': 'Mercoledì'},
           {'date': '2025-10-02', 'weekday': 'Giovedì'},
           {'date': '2025-10-03', 'weekday': 'Venerdì'},
           {'date': '2025-10-04', 'weekday': 'Sabato'},
           {'date': '2025-10-05', 'weekday': 'Domenica'},
           {'date': '2025-10-06', 'weekday': 'Lunedì'},
           {'date': '2025-10-07', 'weekday': 'Martedì'},
           {'date': '2025-10-08', 'weekday': 'Mercoledì'},
           {'date': '2025-10-09', 'weekday': 'Giovedì'},
           {'date': '2025-10-10', 'weekday': 'Venerdì'},
           {'date': '2025-10-11', 'weekday': 'Sabato'},
           {'date': '2025-10-12', 'weekday': 'Domenica'},
           {'date': '2025-10-13', 'weekday': 'Lunedì'},
           {'date': '2025-10-14', 'weekday': 'Martedì'},
           {'date': '2025-10-15', 'weekday': 'Mercoledì'},
           {'date': '2025-10-16', 'weekday': 'Giovedì'},
           {'date': '2025-10-17', 'weekday': 'Venerdì'},
           {'date': '2025-10-18', 'weekday': 'Sabato'},
           {'date': '2025-10-19', 'weekday': 'Domenica'},
           {'date': '2025-10-20', 'weekday': 'Lunedì'},
           {'date': '2025-10-21', 'weekday': 'Martedì'},
           {'date': '2025-10-22', 'weekday': 'Mercoledì'},
           {'date': '2025-10-23', 'weekday': 'Giovedì'},
           {'date': '2025-10-24', 'weekday': 'Venerdì'},
           {'date': '2025-10-25', 'weekday': 'Sabato'},
           {'date': '2025-10-26', 'weekday': 'Domenica'},
           {'date': '2025-10-27', 'weekday': 'Lunedì'},
           {'date': '2025-10-28', 'weekday': 'Martedì'},
           {'date': '2025-10-29', 'weekday': 'Mercoledì'},
           {'date': '2025-10-30', 'weekday': 'Giovedì'},
           {'date': '2025-10-31', 'weekday': 'Venerdì'},
           {'date': '2025-11-01', 'weekday': 'Sabato'},
           {'date': '2025-11-02', 'weekday': 'Domenica'},
           {'date': '2025-11-03', 'weekday': 'Lunedì'},
           {'date': '2025-11-04', 'weekday': 'Martedì'},
           {'date': '2025-11-05', 'weekday': 'Mercoledì'},
           {'date': '2025-11-06', 'weekday': 'Giovedì'},
           {'date': '2025-11-07', 'weekday': 'Venerdì'},
           {'date': '2025-11-08', 'weekday': 'Sabato'},
           {'date': '2025-11-09', 'weekday': 'Domenica'},
           {'date': '2025-11-10', 'weekday': 'Lunedì'},
           {'date': '2025-11-11', 'weekday': 'Martedì'},
           {'date': '2025-11-12', 'weekday': 'Mercoledì'},
           {'date': '2025-11-13', 'weekday': 'Giovedì'},
           {'date': '2025-11-14', 'weekday': 'Venerdì'},
           {'date': '2025-11-15', 'weekday': 'Sabato'},
           {'date': '2025-11-16', 'weekday': 'Domenica'},
           {'date': '2025-11-17', 'weekday': 'Lunedì'},
           {'date': '2025-11-18', 'weekday': 'Martedì'},
           {'date': '2025-11-19', 'weekday': 'Mercoledì'},
           {'date': '2025-11-20', 'weekday': 'Giovedì'},
           {'date': '2025-11-21', 'weekday': 'Venerdì'},
           {'date': '2025-11-22', 'weekday': 'Sabato'},
           {'date': '2025-11-23', 'weekday': 'Domenica'},
           {'date': '2025-11-24', 'weekday': 'Lunedì'},
           {'date': '2025-11-25', 'weekday': 'Martedì'},
           {'date': '2025-11-26', 'weekday': 'Mercoledì'},
           {'date': '2025-11-27', 'weekday': 'Giovedì'},
           {'date': '2025-11-28', 'weekday': 'Venerdì'},
           {'date': '2025-11-29', 'weekday': 'Sabato'},
           {'date': '2025-11-30', 'weekday': 'Domenica'},
           {'date': '2025-12-01', 'weekday': 'Lunedì'},
           {'date': '2025-12-02', 'weekday': 'Martedì'},
           {'date': '2025-12-03', 'weekday': 'Mercoledì'},
           {'date': '2025-12-04', 'weekday': 'Giovedì'},
           {'date': '2025-12-05', 'weekday': 'Venerdì'},
           {'date': '2025-12-06', 'weekday': 'Sabato'},
           {'date': '2025-12-07', 'weekday': 'Domenica'},
           {'date': '2025-12-08', 'weekday': 'Lunedì'},
           {'date': '2025-12-09', 'weekday': 'Martedì'},
           {'date': '2025-12-10', 'weekday': 'Mercoledì'},
           {'date': '2025-12-11', 'weekday': 'Giovedì'},
           {'date': '2025-12-12', 'weekday': 'Venerdì'},
           {'date': '2025-12-13', 'weekday': 'Sabato'},
           {'date': '2025-12-14', 'weekday': 'Domenica'},
           {'date': '2025-12-15', 'weekday': 'Lunedì'},
           {'date': '2025-12-16', 'weekday': 'Martedì'},
           {'date': '2025-12-17', 'weekday': 'Mercoledì'},
           {'date': '2025-12-18', 'weekday': 'Giovedì'},
           {'date': '2025-12-19', 'weekday': 'Venerdì'},
           {'date': '2025-12-20', 'weekday': 'Sabato'},
           {'date': '2025-12-21', 'weekday': 'Domenica'},
           {'date': '2025-12-22', 'weekday': 'Lunedì'},
           {'date': '2025-12-23', 'weekday': 'Martedì'},
           {'date': '2025-12-24', 'weekday': 'Mercoledì'},
           {'date': '2025-12-25', 'weekday': 'Giovedì'},
           {'date': '2025-12-26', 'weekday': 'Venerdì'},
           {'date': '2025-12-27', 'weekday': 'Sabato'},
           {'date': '2025-12-28', 'weekday': 'Domenica'},
           {'date': '2025-12-29', 'weekday': 'Lunedì'},
           {'date': '2025-12-30', 'weekday': 'Martedì'},
           {'date': '2025-12-31', 'weekday': 'Mercoledì'},
           {'date': '2026-01-01', 'weekday': 'Giovedì'},
           {'date': '2026-01-02', 'weekday': 'Venerdì'},
           {'date': '2026-01-03', 'weekday': 'Sabato'},
           {'date': '2026-01-04', 'weekday': 'Domenica'},
           {'date': '2026-01-05', 'weekday': 'Lunedì'},
           {'date': '2026-01-06', 'weekday': 'Martedì'},
           {'date': '2026-01-07', 'weekday': 'Mercoledì'},
           {'date': '2026-01-08', 'weekday': 'Giovedì'},
           {'date': '2026-01-09', 'weekday': 'Venerdì'},
           {'date': '2026-01-10', 'weekday': 'Sabato'},
           {'date': '2026-01-11', 'weekday': 'Domenica'},
           {'date': '2026-01-12', 'weekday': 'Lunedì'},
           {'date': '2026-01-13', 'weekday': 'Martedì'},
           {'date': '2026-01-14', 'weekday': 'Mercoledì'},
           {'date': '2026-01-15', 'weekday': 'Giovedì'},
           {'date': '2026-01-16', 'weekday': 'Venerdì'},
           {'date': '2026-01-17', 'weekday': 'Sabato'},
           {'date': '2026-01-18', 'weekday': 'Domenica'},
           {'date': '2026-01-19', 'weekday': 'Lunedì'},
           {'date': '2026-01-20', 'weekday': 'Martedì'},
           {'date': '2026-01-21', 'weekday': 'Mercoledì'},
           {'date': '2026-01-22', 'weekday': 'Giovedì'},
           {'date': '2026-01-23', 'weekday': 'Venerdì'},
           {'date': '2026-01-24', 'weekday': 'Sabato'},
           {'date': '2026-01-25', 'weekday': 'Domenica'},
           {'date': '2026-01-26', 'weekday': 'Lunedì'},
           {'date': '2026-01-27', 'weekday': 'Martedì'},
           {'date': '2026-01-28', 'weekday': 'Mercoledì'},
           {'date': '2026-01-29', 'weekday': 'Giovedì'},
           {'date': '2026-01-30', 'weekday': 'Venerdì'},
           {'date': '2026-01-31', 'weekday': 'Sabato'},
           {'date': '2026-02-01', 'weekday': 'Domenica'},
           {'date': '2026-02-02', 'weekday': 'Lunedì'},
           {'date': '2026-02-03', 'weekday': 'Martedì'},
           {'date': '2026-02-04', 'weekday': 'Mercoledì'},
           {'date': '2026-02-05', 'weekday': 'Giovedì'},
           {'date': '2026-02-06', 'weekday': 'Venerdì'},
           {'date': '2026-02-07', 'weekday': 'Sabato'},
           {'date': '2026-02-08', 'weekday': 'Domenica'},
           {'date': '2026-02-09', 'weekday': 'Lunedì'},
           {'date': '2026-02-10', 'weekday': 'Martedì'},
           {'date': '2026-02-11', 'weekday': 'Mercoledì'},
           {'date': '2026-02-12', 'weekday': 'Giovedì'},
           {'date': '2026-02-13', 'weekday': 'Venerdì'},
           {'date': '2026-02-14', 'weekday': 'Sabato'},
           {'date': '2026-02-15', 'weekday': 'Domenica'},
           {'date': '2026-02-16', 'weekday': 'Lunedì'},
           {'date': '2026-02-17', 'weekday': 'Martedì'},
           {'date': '2026-02-18', 'weekday': 'Mercoledì'},
           {'date': '2026-02-19', 'weekday': 'Giovedì'},
           {'date': '2026-02-20', 'weekday': 'Venerdì'},
           {'date': '2026-02-21', 'weekday': 'Sabato'},
           {'date': '2026-02-22', 'weekday': 'Domenica'},
           {'date': '2026-02-23', 'weekday': 'Lunedì'},
           {'date': '2026-02-24', 'weekday': 'Martedì'},
           {'date': '2026-02-25', 'weekday': 'Mercoledì'},
           {'date': '2026-02-26', 'weekday': 'Giovedì'},
           {'date': '2026-02-27', 'weekday': 'Venerdì'},
           {'date': '2026-02-28', 'weekday': 'Sabato'},
           {'date': '2026-03-01', 'weekday': 'Domenica'},
           {'date': '2026-03-02', 'weekday': 'Lunedì'},
           {'date': '2026-03-03', 'weekday': 'Martedì'},
           {'date': '2026-03-04', 'weekday': 'Mercoledì'},
           {'date': '2026-03-05', 'weekday': 'Giovedì'},
           {'date': '2026-03-06', 'weekday': 'Venerdì'},
           {'date': '2026-03-07', 'weekday': 'Sabato'},
           {'date': '2026-03-08', 'weekday': 'Domenica'},
           {'date': '2026-03-09', 'weekday': 'Lunedì'},
           {'date': '2026-03-10', 'weekday': 'Martedì'},
           {'date': '2026-03-11', 'weekday': 'Mercoledì'},
           {'date': '2026-03-12', 'weekday': 'Giovedì'},
           {'date': '2026-03-13', 'weekday': 'Venerdì'},
           {'date': '2026-03-14', 'weekday': 'Sabato'},
           {'date': '2026-03-15', 'weekday': 'Domenica'},
           {'date': '2026-03-16', 'weekday': 'Lunedì'},
           {'date': '2026-03-17', 'weekday': 'Martedì'},
           {'date': '2026-03-18', 'weekday': 'Mercoledì'},
           {'date': '2026-03-19', 'weekday': 'Giovedì'},
           {'date': '2026-03-20', 'weekday': 'Venerdì'},
           {'date': '2026-03-21', 'weekday': 'Sabato'},
           {'date': '2026-03-22', 'weekday': 'Domenica'},
           {'date': '2026-03-23', 'weekday': 'Lunedì'},
           {'date': '2026-03-24', 'weekday': 'Martedì'},
           {'date': '2026-03-25', 'weekday': 'Mercoledì'},
           {'date': '2026-03-26', 'weekday': 'Giovedì'},
           {'date': '2026-03-27', 'weekday': 'Venerdì'},
           {'date': '2026-03-28', 'weekday': 'Sabato'},
           {'date': '2026-03-29', 'weekday': 'Domenica'},
           {'date': '2026-03-30', 'weekday': 'Lunedì'},
           {'date': '2026-03-31', 'weekday': 'Martedì'},
           {'date': '2026-04-01', 'weekday': 'Mercoledì'},
           {'date': '2026-04-02', 'weekday': 'Giovedì'},
           {'date': '2026-04-03', 'weekday': 'Venerdì'},
           {'date': '2026-04-04', 'weekday': 'Sabato'},
           {'date': '2026-04-05', 'weekday': 'Domenica'},
           {'date': '2026-04-06', 'weekday': 'Lunedì'},
           {'date': '2026-04-07', 'weekday': 'Martedì'},
           {'date': '2026-04-08', 'weekday': 'Mercoledì'},
           {'date': '2026-04-09', 'weekday': 'Giovedì'},
           {'date': '2026-04-10', 'weekday': 'Venerdì'},
           {'date': '2026-04-11', 'weekday': 'Sabato'},
           {'date': '2026-04-12', 'weekday': 'Domenica'},
           {'date': '2026-04-13', 'weekday': 'Lunedì'},
           {'date': '2026-04-14', 'weekday': 'Martedì'},
           {'date': '2026-04-15', 'weekday': 'Mercoledì'},
           {'date': '2026-04-16', 'weekday': 'Giovedì'},
           {'date': '2026-04-17', 'weekday': 'Venerdì'},
           {'date': '2026-04-18', 'weekday': 'Sabato'},
           {'date': '2026-04-19', 'weekday': 'Domenica'},
           {'date': '2026-04-20', 'weekday': 'Lunedì'},
           {'date': '2026-04-21', 'weekday': 'Martedì'},
           {'date': '2026-04-22', 'weekday': 'Mercoledì'},
           {'date': '2026-04-23', 'weekday': 'Giovedì'},
           {'date': '2026-04-24', 'weekday': 'Venerdì'},
           {'date': '2026-04-25', 'weekday': 'Sabato'},
           {'date': '2026-04-26', 'weekday': 'Domenica'},
           {'date': '2026-04-27', 'weekday': 'Lunedì'},
           {'date': '2026-04-28', 'weekday': 'Martedì'},
           {'date': '2026-04-29', 'weekday': 'Mercoledì'},
           {'date': '2026-04-30', 'weekday': 'Giovedì'},
           {'date': '2026-05-01', 'weekday': 'Venerdì'},
           {'date': '2026-05-02', 'weekday': 'Sabato'},
           {'date': '2026-05-03', 'weekday': 'Domenica'},
           {'date': '2026-05-04', 'weekday': 'Lunedì'},
           {'date': '2026-05-05', 'weekday': 'Martedì'},
           {'date': '2026-05-06', 'weekday': 'Mercoledì'},
           {'date': '2026-05-07', 'weekday': 'Giovedì'},
           {'date': '2026-05-08', 'weekday': 'Venerdì'},
           {'date': '2026-05-09', 'weekday': 'Sabato'},
           {'date': '2026-05-10', 'weekday': 'Domenica'},
           {'date': '2026-05-11', 'weekday': 'Lunedì'},
           {'date': '2026-05-12', 'weekday': 'Martedì'},
           {'date': '2026-05-13', 'weekday': 'Mercoledì'},
           {'date': '2026-05-14', 'weekday': 'Giovedì'},
           {'date': '2026-05-15', 'weekday': 'Venerdì'},
           {'date': '2026-05-16', 'weekday': 'Sabato'},
           {'date': '2026-05-17', 'weekday': 'Domenica'},
           {'date': '2026-05-18', 'weekday': 'Lunedì'},
           {'date': '2026-05-19', 'weekday': 'Martedì'},
           {'date': '2026-05-20', 'weekday': 'Mercoledì'},
           {'date': '2026-05-21', 'weekday': 'Giovedì'},
           {'date': '2026-05-22', 'weekday': 'Venerdì'},
           {'date': '2026-05-23', 'weekday': 'Sabato'},
           {'date': '2026-05-24', 'weekday': 'Domenica'},
           {'date': '2026-05-25', 'weekday': 'Lunedì'},
           {'date': '2026-05-26', 'weekday': 'Martedì'},
           {'date': '2026-05-27', 'weekday': 'Mercoledì'},
           {'date': '2026-05-28', 'weekday': 'Giovedì'},
           {'date': '2026-05-29', 'weekday': 'Venerdì'},
           {'date': '2026-05-30', 'weekday': 'Sabato'},
           {'date': '2026-05-31', 'weekday': 'Domenica'},
           {'date': '2026-06-01', 'weekday': 'Lunedì'},
           {'date': '2026-06-02', 'weekday': 'Martedì'},
           {'date': '2026-06-03', 'weekday': 'Mercoledì'},
           {'date': '2026-06-04', 'weekday': 'Giovedì'},
           {'date': '2026-06-05', 'weekday': 'Venerdì'},
           {'date': '2026-06-06', 'weekday': 'Sabato'},
           {'date': '2026-06-07', 'weekday': 'Domenica'},
           {'date': '2026-06-08', 'weekday': 'Lunedì'},
           {'date': '2026-06-09', 'weekday': 'Martedì'},
           {'date': '2026-06-10', 'weekday': 'Mercoledì'},
           {'date': '2026-06-11', 'weekday': 'Giovedì'},
           {'date': '2026-06-12', 'weekday': 'Venerdì'},
           {'date': '2026-06-13', 'weekday': 'Sabato'},
           {'date': '2026-06-14', 'weekday': 'Domenica'},
           {'date': '2026-06-15', 'weekday': 'Lunedì'},
           {'date': '2026-06-16', 'weekday': 'Martedì'},
           {'date': '2026-06-17', 'weekday': 'Mercoledì'},
           {'date': '2026-06-18', 'weekday': 'Giovedì'},
           {'date': '2026-06-19', 'weekday': 'Venerdì'},
           {'date': '2026-06-20', 'weekday': 'Sabato'},
           {'date': '2026-06-21', 'weekday': 'Domenica'},
           {'date': '2026-06-22', 'weekday': 'Lunedì'},
           {'date': '2026-06-23', 'weekday': 'Martedì'},
           {'date': '2026-06-24', 'weekday': 'Mercoledì'},
           {'date': '2026-06-25', 'weekday': 'Giovedì'},
           {'date': '2026-06-26', 'weekday': 'Venerdì'},
           {'date': '2026-06-27', 'weekday': 'Sabato'},
           {'date': '2026-06-28', 'weekday': 'Domenica'},
           {'date': '2026-06-29', 'weekday': 'Lunedì'},
           {'date': '2026-06-30', 'weekday': 'Martedì'},
           {'date': '2026-07-01', 'weekday': 'Mercoledì'},
           {'date': '2026-07-02', 'weekday': 'Giovedì'},
           {'date': '2026-07-03', 'weekday': 'Venerdì'},
           {'date': '2026-07-04', 'weekday': 'Sabato'},
           {'date': '2026-07-05', 'weekday': 'Domenica'},
           {'date': '2026-07-06', 'weekday': 'Lunedì'},
           {'date': '2026-07-07', 'weekday': 'Martedì'},
           {'date': '2026-07-08', 'weekday': 'Mercoledì'},
           {'date': '2026-07-09', 'weekday': 'Giovedì'},
           {'date': '2026-07-10', 'weekday': 'Venerdì'},
           {'date': '2026-07-11', 'weekday': 'Sabato'},
           {'date': '2026-07-12', 'weekday': 'Domenica'},
           {'date': '2026-07-13', 'weekday': 'Lunedì'},
           {'date': '2026-07-14', 'weekday': 'Martedì'},
           {'date': '2026-07-15', 'weekday': 'Mercoledì'},
           {'date': '2026-07-16', 'weekday': 'Giovedì'},
           {'date': '2026-07-17', 'weekday': 'Venerdì'},
           {'date': '2026-07-18', 'weekday': 'Sabato'},
           {'date': '2026-07-19', 'weekday': 'Domenica'},
           {'date': '2026-07-20', 'weekday': 'Lunedì'},
           {'date': '2026-07-21', 'weekday': 'Martedì'},
           {'date': '2026-07-22', 'weekday': 'Mercoledì'}],
 'description': 'Stai esplorando le dolci colline e i pittoreschi borghi della '
                'Valpolicella con il tuo camper o motorhome? Rendi il tuo '
                'viaggio ancora più indimenticabile con una sosta alla Cantina '
                'Fratelli Vogadori, una cantina a conduzione familiare immersa '
                'tra i vigneti di Negrar di Valpolicella, a pochi chilometri '
                'da Verona e dal Lago di Garda. Alla Cantina Vogadori, '
                "offriamo un'esperienza unica per gli amanti del vino che "
                'viaggiano in camper: La nostra area camper è dotata di: Ti '
                'sveglierai immerso nella bellezza serena delle colline della '
                'Valpolicella, tra vigneti e olivi! Che tu stia passando di lì '
                'o abbia in programma una sosta più lunga, la Cantina Vogadori '
                'è il posto perfetto per rilassarti, gustare un buon vino e '
                'scoprire la vera essenza della Valpolicella.',
 'image_url': '//citynews-veronasera.stgy.ovh/~media/horizontal-mid/56988839164246/una-sosta-speciale-per-i-camperisti-nel-cuore-della-valpolicella.jpg',
 'location_address': 'Via Vigolo, 16',
 'location_name': 'Fratelli Vogadori',
 'price': 'Gratis',
 'scraped_at': '2026-01-29T18:22:30.362382',
 'time_info': 'Orario non disponibile',
 'title': 'Una sosta speciale per i camperisti nel cuore della Valpolicella',
 'url': 'https://www.veronasera.it/eventi/camper-degustazione-vino-valpolicella-luglio-2025.html',
 'uuid': '70ee2c0a4e7813d0',
 'website': 'https://www.vogadorivini.it/area-sosta-camper/'}
[2026-01-29T18:22:38.179+0000] {docker.py:429} INFO - 2026-01-29 18:22:38 [scrapy.core.engine] DEBUG: Crawled (200) <GET https://www.veronasera.it/eventi/aikido-renwakai-lezioni-gratuite.html> (referer: https://www.veronasera.it/eventi/dal/2026-01-29/al/2026-02-01/)
[2026-01-29T18:22:38.291+0000] {docker.py:429} INFO - 2026-01-29 18:22:38 [scrapy.core.scraper] DEBUG: Scraped from <200 https://www.veronasera.it/eventi/aikido-renwakai-lezioni-gratuite.html>
{'category': 'Promozioni',
 'city': 'Verona',
 'content_hash': '2d158338ddd89f4b',
 'date_end': '2026-06-30',
 'date_start': '2025-09-16',
 'dates': [{'date': '2025-09-16', 'time_start': '19:00', 'weekday': 'Martedì'},
           {'date': '2025-09-19', 'time_start': '19:00', 'weekday': 'Venerdì'},
           {'date': '2025-09-23', 'time_start': '19:00', 'weekday': 'Martedì'},
           {'date': '2025-09-26', 'time_start': '19:00', 'weekday': 'Venerdì'},
           {'date': '2025-09-30', 'time_start': '19:00', 'weekday': 'Martedì'},
           {'date': '2025-10-03', 'time_start': '19:00', 'weekday': 'Venerdì'},
           {'date': '2025-10-07', 'time_start': '19:00', 'weekday': 'Martedì'},
           {'date': '2025-10-10', 'time_start': '19:00', 'weekday': 'Venerdì'},
           {'date': '2025-10-14', 'time_start': '19:00', 'weekday': 'Martedì'},
           {'date': '2025-10-17', 'time_start': '19:00', 'weekday': 'Venerdì'},
           {'date': '2025-10-21', 'time_start': '19:00', 'weekday': 'Martedì'},
           {'date': '2025-10-24', 'time_start': '19:00', 'weekday': 'Venerdì'},
           {'date': '2025-10-28', 'time_start': '19:00', 'weekday': 'Martedì'},
           {'date': '2025-10-31', 'time_start': '19:00', 'weekday': 'Venerdì'},
           {'date': '2025-11-04', 'time_start': '19:00', 'weekday': 'Martedì'},
           {'date': '2025-11-07', 'time_start': '19:00', 'weekday': 'Venerdì'},
           {'date': '2025-11-11', 'time_start': '19:00', 'weekday': 'Martedì'},
           {'date': '2025-11-14', 'time_start': '19:00', 'weekday': 'Venerdì'},
           {'date': '2025-11-18', 'time_start': '19:00', 'weekday': 'Martedì'},
           {'date': '2025-11-21', 'time_start': '19:00', 'weekday': 'Venerdì'},
           {'date': '2025-11-25', 'time_start': '19:00', 'weekday': 'Martedì'},
           {'date': '2025-11-28', 'time_start': '19:00', 'weekday': 'Venerdì'},
           {'date': '2025-12-02', 'time_start': '19:00', 'weekday': 'Martedì'},
           {'date': '2025-12-05', 'time_start': '19:00', 'weekday': 'Venerdì'},
           {'date': '2025-12-09', 'time_start': '19:00', 'weekday': 'Martedì'},
           {'date': '2025-12-12', 'time_start': '19:00', 'weekday': 'Venerdì'},
           {'date': '2025-12-16', 'time_start': '19:00', 'weekday': 'Martedì'},
           {'date': '2025-12-19', 'time_start': '19:00', 'weekday': 'Venerdì'},
           {'date': '2025-12-23', 'time_start': '19:00', 'weekday': 'Martedì'},
           {'date': '2025-12-26', 'time_start': '19:00', 'weekday': 'Venerdì'},
           {'date': '2025-12-30', 'time_start': '19:00', 'weekday': 'Martedì'},
           {'date': '2026-01-02', 'time_start': '19:00', 'weekday': 'Venerdì'},
           {'date': '2026-01-06', 'time_start': '19:00', 'weekday': 'Martedì'},
           {'date': '2026-01-09', 'time_start': '19:00', 'weekday': 'Venerdì'},
           {'date': '2026-01-13', 'time_start': '19:00', 'weekday': 'Martedì'},
           {'date': '2026-01-16', 'time_start': '19:00', 'weekday': 'Venerdì'},
           {'date': '2026-01-20', 'time_start': '19:00', 'weekday': 'Martedì'},
           {'date': '2026-01-23', 'time_start': '19:00', 'weekday': 'Venerdì'},
           {'date': '2026-01-27', 'time_start': '19:00', 'weekday': 'Martedì'},
           {'date': '2026-01-30', 'time_start': '19:00', 'weekday': 'Venerdì'},
           {'date': '2026-02-03', 'time_start': '19:00', 'weekday': 'Martedì'},
           {'date': '2026-02-06', 'time_start': '19:00', 'weekday': 'Venerdì'},
           {'date': '2026-02-10', 'time_start': '19:00', 'weekday': 'Martedì'},
           {'date': '2026-02-13', 'time_start': '19:00', 'weekday': 'Venerdì'},
           {'date': '2026-02-17', 'time_start': '19:00', 'weekday': 'Martedì'},
           {'date': '2026-02-20', 'time_start': '19:00', 'weekday': 'Venerdì'},
           {'date': '2026-02-24', 'time_start': '19:00', 'weekday': 'Martedì'},
           {'date': '2026-02-27', 'time_start': '19:00', 'weekday': 'Venerdì'},
           {'date': '2026-03-03', 'time_start': '19:00', 'weekday': 'Martedì'},
           {'date': '2026-03-06', 'time_start': '19:00', 'weekday': 'Venerdì'},
           {'date': '2026-03-10', 'time_start': '19:00', 'weekday': 'Martedì'},
           {'date': '2026-03-13', 'time_start': '19:00', 'weekday': 'Venerdì'},
           {'date': '2026-03-17', 'time_start': '19:00', 'weekday': 'Martedì'},
           {'date': '2026-03-20', 'time_start': '19:00', 'weekday': 'Venerdì'},
           {'date': '2026-03-24', 'time_start': '19:00', 'weekday': 'Martedì'},
           {'date': '2026-03-27', 'time_start': '19:00', 'weekday': 'Venerdì'},
           {'date': '2026-03-31', 'time_start': '19:00', 'weekday': 'Martedì'},
           {'date': '2026-04-03', 'time_start': '19:00', 'weekday': 'Venerdì'},
           {'date': '2026-04-07', 'time_start': '19:00', 'weekday': 'Martedì'},
           {'date': '2026-04-10', 'time_start': '19:00', 'weekday': 'Venerdì'},
           {'date': '2026-04-14', 'time_start': '19:00', 'weekday': 'Martedì'},
           {'date': '2026-04-17', 'time_start': '19:00', 'weekday': 'Venerdì'},
           {'date': '2026-04-21', 'time_start': '19:00', 'weekday': 'Martedì'},
           {'date': '2026-04-24', 'time_start': '19:00', 'weekday': 'Venerdì'},
           {'date': '2026-04-28', 'time_start': '19:00', 'weekday': 'Martedì'},
           {'date': '2026-05-01', 'time_start': '19:00', 'weekday': 'Venerdì'},
           {'date': '2026-05-05', 'time_start': '19:00', 'weekday': 'Martedì'},
           {'date': '2026-05-08', 'time_start': '19:00', 'weekday': 'Venerdì'},
           {'date': '2026-05-12', 'time_start': '19:00', 'weekday': 'Martedì'},
           {'date': '2026-05-15', 'time_start': '19:00', 'weekday': 'Venerdì'},
           {'date': '2026-05-19', 'time_start': '19:00', 'weekday': 'Martedì'},
           {'date': '2026-05-22', 'time_start': '19:00', 'weekday': 'Venerdì'},
           {'date': '2026-05-26', 'time_start': '19:00', 'weekday': 'Martedì'},
           {'date': '2026-05-29', 'time_start': '19:00', 'weekday': 'Venerdì'},
           {'date': '2026-06-02', 'time_start': '19:00', 'weekday': 'Martedì'},
           {'date': '2026-06-05', 'time_start': '19:00', 'weekday': 'Venerdì'},
           {'date': '2026-06-09', 'time_start': '19:00', 'weekday': 'Martedì'},
           {'date': '2026-06-12', 'time_start': '19:00', 'weekday': 'Venerdì'},
           {'date': '2026-06-16', 'time_start': '19:00', 'weekday': 'Martedì'},
           {'date': '2026-06-19', 'time_start': '19:00', 'weekday': 'Venerdì'},
           {'date': '2026-06-23', 'time_start': '19:00', 'weekday': 'Martedì'},
           {'date': '2026-06-26', 'time_start': '19:00', 'weekday': 'Venerdì'},
           {'date': '2026-06-30', 'time_start': '19:00', 'weekday': 'Martedì'}],
 'description': 'Il dojo Aikido Renwakai Verona apre in una nuova sede, presso '
                'il centro Coni Consolini, in Via Ascari 1, a Verona. Si '
                'possono provare gratuitamente delle lezioni il martedì e il '
                "venerdì dalle 19 alle 20. L'aikido è un'arte marziale "
                'tradizionale giapponese, sviluppata dalle tecniche di jutsu e '
                'codificata dal maestro Ueshiba Morihei. La pratica si basa su '
                'metodiche derivate da tecniche marziali (leve, proiezioni, '
                'immobilizzazioni) volte a ricercare un sano e naturale '
                "equilibrio psicofisico. L'aikido non è uno sport, ma una Via, "
                'quindi non sono previste competizioni o gare. Trattandosi di '
                "un'arte marziale fornisce strumenti e conoscenza di tecniche "
                "di autodifesa ma non è questo l'obiettivo della pratica. "
                'Buona consapevolezza di sé attraverso il corpo, miglioramento '
                'della percezione interiore e dello spazio circostante, '
                'capacità di rimanere in relazione anche in situazioni '
                'difficili o complicate senza ricorrere a reattività, '
                'aggressività e violenza. La pratica passa attraverso il corpo '
                'donandogli elasticità, tonicità e resistenza. Ognuno può '
                'praticare secondo la propria età e stato di forma, non '
                'ricerchiamo la prestazione ma la capacità di confrontarci con '
                "l'altro nel rispetto e coltivando benessere. «Le tecniche "
                'utilizzano quattro qualità che riflettono la natura del '
                'nostro mondo. Secondo la circostanza, dovreste essere: duri '
                'come un diamante, flessibili come un salice, fluidi come '
                "l'acqua o vuoti come lo spazio». Citazione del maestro "
                'Morihei Ueshiba.',
 'image_url': '//citynews-veronasera.stgy.ovh/~media/horizontal-mid/7769537313715/pratica-dell-aikido-arte-marziale-giapponese.gif',
 'location_address': 'Via Antonio Ascari, 1',
 'location_name': 'Consolini',
 'price': 'Gratis',
 'schedule': 'Ogni Martedì e Venerdì dalle 19:00 alle 20:00 (Principianti) e '
             'dalle 20:00 alle 21:00 (Avanzati)',
 'scraped_at': '2026-01-29T18:22:30.361949',
 'title': 'Nuova sede per il dojo Aikido Renwakai di Verona con lezioni '
          'gratuite',
 'url': 'https://www.veronasera.it/eventi/aikido-renwakai-lezioni-gratuite.html',
 'uuid': 'fb32b8ae02e6b57f',
 'website': 'https://aikidovr.wordpress.com/',
 'weekdays': 'Martedì, Venerdì'}
[2026-01-29T18:22:39.822+0000] {docker.py:429} INFO - 2026-01-29 18:22:39 [scrapy.core.engine] DEBUG: Crawled (200) <GET https://www.veronasera.it/eventi/teatro-nuovo-san-michele-sottobanco-11-gennaio-1-febbraio-2026.html> (referer: https://www.veronasera.it/eventi/dal/2026-01-29/al/2026-02-01/)
[2026-01-29T18:22:39.930+0000] {docker.py:429} INFO - 2026-01-29 18:22:39 [scrapy.core.scraper] DEBUG: Scraped from <200 https://www.veronasera.it/eventi/teatro-nuovo-san-michele-sottobanco-11-gennaio-1-febbraio-2026.html>
{'category': 'Teatri',
 'city': 'Verona',
 'content_hash': '782f297d1d5a6d9b',
 'date_end': '2026-02-01',
 'date_start': '2026-01-11',
 'dates': [{'date': '2026-01-11', 'time_start': '21:15', 'weekday': 'Domenica'},
           {'date': '2026-01-17', 'time_start': '21:15', 'weekday': 'Sabato'},
           {'date': '2026-01-18', 'time_start': '21:15', 'weekday': 'Domenica'},
           {'date': '2026-01-24', 'time_start': '21:15', 'weekday': 'Sabato'},
           {'date': '2026-01-25', 'time_start': '21:15', 'weekday': 'Domenica'},
           {'date': '2026-01-31', 'time_start': '21:15', 'weekday': 'Sabato'},
           {'date': '2026-02-01',
            'time_start': '21:15',
            'weekday': 'Domenica'}],
 'description': 'La Graticcia inizia il suo 2026 con il ritorno al Teatro '
                'Nuovo San Michele all’insegna della risata e propone al '
                'pubblico veronese, per 7 serate nel mese di gennaio, lo '
                'spettacolo più applaudito dell’estate, “Sottobanco” di '
                'Domenico Starnone. Da domenica 11 gennaio a domenica 1 '
                'febbraio, tutti i fine settimana sarà possibile vedere La '
                'Graticcia il sabato alle 21.15 e la domenica alle 17.30. '
                '«Sottobanco è una irresistibile commedia sulla scuola, il '
                'pretesto è un consiglio di classe nel qual i professori, in '
                'due ore, distruggono il castello di bugie che ciascuno di '
                'loro ha creato nell’anno scolastico. I personaggi sono tutti '
                'di una comicità unica e vera perché incarnano, ciascuno, '
                'tutti gli stereotipi che abbiamo vissuto anche noi nella '
                'scuola». La commedia è stata la nuova produzione della scorsa '
                'estate, fin da subito è stato un grandissimo successo di '
                'pubblico. Più di venti rappresentazioni nei primi mesi dal '
                'debutto. «Sinceramente siamo stupiti da come il pubblico '
                'abbia accolto questo spettacolo che nella nostra '
                'immaginazione reputavamo valido, ma forse datato, invece ha '
                'unito le generazioni, da giovani studenti a ex professori, '
                'tutti si sono ritrovati nel disegno tracciato da un '
                'grandissimo autore come Starnone. Quest’estate, il giorno '
                'dopo uno spettacolo, una professoressa ci ha telefonato per '
                'confermare che tutte le ragazzate raccontate in scena, '
                'capitano veramente. Anche peggio. Un gesto simpatico, ma che '
                'ci ha dato una soddisfazione incredibile circa la storia che '
                'raccontiamo». Sette attori sulla scena, una scenografia '
                'imponente e una colonna sonora scritta dal Maestro Giuliano '
                'Crivellente. «La vicenda è ambientata in una palestra '
                'fatiscente di una scuola qualunque, un ambiente che fa da '
                'cornice austera ad una regia che vuole avere un taglio '
                'cinematografico. L’invito che facciamo allo spettatore è di '
                'farsi assorbire dal contesto, come se fosse nell’aula anche '
                'lui. Per questo la commedia è strutturata come un lungo piano '
                'sequenza dove le scene di susseguono senza cambi, senza nulla '
                'che possa distogliere l’attenzione. Come ogni film che si '
                'rispetti non può mancare la colonna sonora. Il Maestro '
                'Giuliano Crivellente ha composto la musica che accompagna '
                'tutta la commedia che è stata apprezzatissima fin dalle prime '
                'repliche». Dopo le repliche veronesi La Graticcia porterà '
                'Sottobanco addirittura fuori regione con una fitta serie di '
                'appuntamenti. «Sottobanco sta riscuotendo un successo '
                'incredibile anche tra gli organizzatori che ci stanno '
                'invitando in rassegne di diverse regioni. Saremo in '
                'Lombardia, in Trentino, in Friuli, in teatri mozzafiato e in '
                'sale piccolissime dove non riusciremo a portare la '
                'scenografia completa, ma abbiamo imparato che basta poco per '
                'trascorrere una serata di puro e scoppiettante divertimento».',
 'image_url': '//citynews-veronasera.stgy.ovh/~media/horizontal-mid/60600815449511/foto-ufficio-stampa-la-graticcia.jpg',
 'location_address': 'Via Vincenzo Monti, 7c',
 'location_name': 'Teatro Nuovo San Michele',
 'price': 'Prezzo non disponibile',
 'schedule': 'Tutti i fine settimana sabato ore 21.15, domenica ore 17.30',
 'scraped_at': '2026-01-29T18:22:30.361447',
 'title': 'Al Teatro Nuovo San Michele lo spettacolo “Sottobanco”',
 'url': 'https://www.veronasera.it/eventi/teatro-nuovo-san-michele-sottobanco-11-gennaio-1-febbraio-2026.html',
 'uuid': 'adcb1439f3616059',
 'website': 'https://www.facebook.com/LaGraticcia/',
 'weekdays': 'Sabato, Domenica'}
[2026-01-29T18:22:40.588+0000] {docker.py:429} INFO - 2026-01-29 18:22:40 [scrapy.core.engine] DEBUG: Crawled (200) <GET https://www.veronasera.it/eventi/giovanni-morbin-mostre-arte-29-novembre-2025-8-febbraio-2026.html> (referer: https://www.veronasera.it/eventi/dal/2026-01-29/al/2026-02-01/)
[2026-01-29T18:22:40.703+0000] {docker.py:429} INFO - 2026-01-29 18:22:40 [scrapy.core.scraper] DEBUG: Scraped from <200 https://www.veronasera.it/eventi/giovanni-morbin-mostre-arte-29-novembre-2025-8-febbraio-2026.html>
{'category': 'Mostre',
 'city': 'Verona',
 'content_hash': 'fe423ac930f6b893',
 'date_end': '2026-02-08',
 'date_start': '2025-11-29',
 'dates': [{'date': '2025-11-30', 'weekday': 'Domenica'},
           {'date': '2025-12-02', 'weekday': 'Martedì'},
           {'date': '2025-12-07', 'weekday': 'Domenica'},
           {'date': '2025-12-09', 'weekday': 'Martedì'},
           {'date': '2025-12-14', 'weekday': 'Domenica'},
           {'date': '2025-12-16', 'weekday': 'Martedì'},
           {'date': '2025-12-21', 'weekday': 'Domenica'},
           {'date': '2025-12-23', 'weekday': 'Martedì'},
           {'date': '2025-12-28', 'weekday': 'Domenica'},
           {'date': '2025-12-30', 'weekday': 'Martedì'},
           {'date': '2026-01-04', 'weekday': 'Domenica'},
           {'date': '2026-01-06', 'weekday': 'Martedì'},
           {'date': '2026-01-11', 'weekday': 'Domenica'},
           {'date': '2026-01-13', 'weekday': 'Martedì'},
           {'date': '2026-01-18', 'weekday': 'Domenica'},
           {'date': '2026-01-20', 'weekday': 'Martedì'},
           {'date': '2026-01-25', 'weekday': 'Domenica'},
           {'date': '2026-01-27', 'weekday': 'Martedì'},
           {'date': '2026-02-01', 'weekday': 'Domenica'},
           {'date': '2026-02-03', 'weekday': 'Martedì'},
           {'date': '2026-02-08', 'weekday': 'Domenica'}],
 'description': 'Sabato 29 novembre, alle ore 11, i Musei Civici di Verona '
                'raccolgono la doppia inaugurazione delle mostre personali di '
                'Giovanni Morbin, Ozionismo negli spazi del Museo Lapidario '
                'Maffeiano e Manie presso il Museo Archeologico al Teatro '
                'Romano. Le due esposizioni completano il trittico di '
                'iniziative dedicato alla ricerca di Giovanni Morbin, avviato '
                'lo scorso 11 ottobre con Fuori dalle orbite nello spazio '
                'indipendente Habitat 83. Il progetto, diretto da '
                'ZenoMassignan, con la curatela di PatrizioPeterlinie '
                'LauraLorenzoniper le due sedi museali, realizzato dal Comune '
                'di Verona – Assessorato alla Cultura - Musei Civici e da '
                'Habitat 83, in collaborazione con l’ Accademia Cignaroli, la '
                'Fondazione Bonotto e Artiver, desidera costruire un ponte '
                'immaginario tra periferia e centro, articolandosi in tre '
                'mostre autonome ma intimamente collegate, che costruiscono un '
                'ponte tra spazi indipendenti e istituzionali, tra periferia e '
                'centro, tra la ricerca contemporanea e la memoria '
                'archeologica della città. Verona diventa così il luogo in cui '
                'l’arte contemporanea entra nei musei archeologici per '
                'ridefinirne la percezione, la funzione e risemantizzare le '
                'collezioni archeologiche, il gesto del presente si confronta '
                'con la materia del passato, la leggerezza del pensiero con il '
                'peso della storia. In questo dialogo si riconosce l’essenza '
                'stessa del lavoro di Morbin: un’indagine costante sulla '
                'relazione tra gesto, comportamento e spazio, capace di '
                'tradurre la riflessione teorica in pratica poetica, e la '
                'disobbedienza in forma. Le tre mostre: Fuori dalle orbite, '
                'Ozionismo, Manie, si rispondono come movimenti di una stessa '
                'composizione, un corpo unico e plurale, un progetto che verte '
                'su tematiche che portano al disallineamento, alla sospensione '
                'e alla ripetizione. Insieme, costruiscono una riflessione '
                'profonda sul rapporto tra arte e vita, tra visibile e '
                'invisibile, tra libertà e controllo. Il lavoro di Giovanni '
                'Morbin, attivo dal 1978, è un esercizio costante di '
                'attenzione e di ironia, un’indagine sul gesto come campo di '
                'resistenza e come spazio mentale. Questo trittico di mostre '
                'non è solo un omaggio alla sua pratica, ma una dichiarazione '
                'di poetica pubblica: l’arte come forma di pensiero e come '
                'atto di liberazione. Progetto realizzato da Comune di Verona '
                '- Assessorato alla Cultura - Musei Civici in collaborazione '
                'con Habitat 83, Accademia Giambettino Cignaroli e Scuola '
                'Brenzoni di Pittura e Scultura di Verona, Fondazione Bonotto, '
                'Artiver. Tutte le informazioni sul sito dei Musei civici .',
 'image_url': '//citynews-veronasera.stgy.ovh/~media/horizontal-mid/42738399295927/museo-lapidario-maffeiano-di-verona-foto-veronasera.jpg',
 'location_address': 'Piazza Bra, 28',
 'location_name': 'Museo Lapidario Maffeiano',
 'price': '6 euro',
 'schedule': 'Da martedì a domenica dalle ore 10 alle 18',
 'scraped_at': '2026-01-29T18:22:30.361010',
 'title': 'Giovanni Morbin, a Verona un trittico espositivo: tra periferia e '
          'centro, tra gesto, pensiero e sospensione',
 'url': 'https://www.veronasera.it/eventi/giovanni-morbin-mostre-arte-29-novembre-2025-8-febbraio-2026.html',
 'uuid': 'a05ef53d1088199b',
 'website': 'https://museomaffeiano.comune.verona.it/nqcontent.cfm?a_id=42707',
 'weekdays': 'Martedì, Domenica'}
[2026-01-29T18:22:41.592+0000] {docker.py:429} INFO - 2026-01-29 18:22:41 [scrapy.core.engine] DEBUG: Crawled (200) <GET https://www.veronasera.it/eventi/la-trama-del-mito-afran-5-dicembre-2025.html> (referer: https://www.veronasera.it/eventi/dal/2026-01-29/al/2026-02-01/)
[2026-01-29T18:22:41.702+0000] {docker.py:429} INFO - 2026-01-29 18:22:41 [scrapy.core.scraper] DEBUG: Scraped from <200 https://www.veronasera.it/eventi/la-trama-del-mito-afran-5-dicembre-2025.html>
{'category': 'Mostre',
 'city': 'Verona',
 'content_hash': 'bb1e9b223b7f532a',
 'date_end': '2026-03-13',
 'date_start': '2025-12-18',
 'dates': [{'date': '2025-12-18', 'weekday': 'Giovedì'},
           {'date': '2025-12-19', 'weekday': 'Venerdì'},
           {'date': '2025-12-20', 'weekday': 'Sabato'},
           {'date': '2025-12-21', 'weekday': 'Domenica'},
           {'date': '2025-12-22', 'weekday': 'Lunedì'},
           {'date': '2025-12-23', 'weekday': 'Martedì'},
           {'date': '2025-12-24', 'weekday': 'Mercoledì'},
           {'date': '2025-12-25', 'weekday': 'Giovedì'},
           {'date': '2025-12-26', 'weekday': 'Venerdì'},
           {'date': '2025-12-27', 'weekday': 'Sabato'},
           {'date': '2025-12-28', 'weekday': 'Domenica'},
           {'date': '2025-12-29', 'weekday': 'Lunedì'},
           {'date': '2025-12-30', 'weekday': 'Martedì'},
           {'date': '2025-12-31', 'weekday': 'Mercoledì'},
           {'date': '2026-01-01', 'weekday': 'Giovedì'},
           {'date': '2026-01-02', 'weekday': 'Venerdì'},
           {'date': '2026-01-03', 'weekday': 'Sabato'},
           {'date': '2026-01-04', 'weekday': 'Domenica'},
           {'date': '2026-01-05', 'weekday': 'Lunedì'},
           {'date': '2026-01-06', 'weekday': 'Martedì'},
           {'date': '2026-01-07', 'weekday': 'Mercoledì'},
           {'date': '2026-01-08', 'weekday': 'Giovedì'},
           {'date': '2026-01-09', 'weekday': 'Venerdì'},
           {'date': '2026-01-10', 'weekday': 'Sabato'},
           {'date': '2026-01-11', 'weekday': 'Domenica'},
           {'date': '2026-01-12', 'weekday': 'Lunedì'},
           {'date': '2026-01-13', 'weekday': 'Martedì'},
           {'date': '2026-01-14', 'weekday': 'Mercoledì'},
           {'date': '2026-01-15', 'weekday': 'Giovedì'},
           {'date': '2026-01-16', 'weekday': 'Venerdì'},
           {'date': '2026-01-17', 'weekday': 'Sabato'},
           {'date': '2026-01-18', 'weekday': 'Domenica'},
           {'date': '2026-01-19', 'weekday': 'Lunedì'},
           {'date': '2026-01-20', 'weekday': 'Martedì'},
           {'date': '2026-01-21', 'weekday': 'Mercoledì'},
           {'date': '2026-01-22', 'weekday': 'Giovedì'},
           {'date': '2026-01-23', 'weekday': 'Venerdì'},
           {'date': '2026-01-24', 'weekday': 'Sabato'},
           {'date': '2026-01-25', 'weekday': 'Domenica'},
           {'date': '2026-01-26', 'weekday': 'Lunedì'},
           {'date': '2026-01-27', 'weekday': 'Martedì'},
           {'date': '2026-01-28', 'weekday': 'Mercoledì'},
           {'date': '2026-01-29', 'weekday': 'Giovedì'},
           {'date': '2026-01-30', 'weekday': 'Venerdì'},
           {'date': '2026-01-31', 'weekday': 'Sabato'},
           {'date': '2026-02-01', 'weekday': 'Domenica'},
           {'date': '2026-02-02', 'weekday': 'Lunedì'},
           {'date': '2026-02-03', 'weekday': 'Martedì'},
           {'date': '2026-02-04', 'weekday': 'Mercoledì'},
           {'date': '2026-02-05', 'weekday': 'Giovedì'},
           {'date': '2026-02-06', 'weekday': 'Venerdì'},
           {'date': '2026-02-07', 'weekday': 'Sabato'},
           {'date': '2026-02-08', 'weekday': 'Domenica'},
           {'date': '2026-02-09', 'weekday': 'Lunedì'},
           {'date': '2026-02-10', 'weekday': 'Martedì'},
           {'date': '2026-02-11', 'weekday': 'Mercoledì'},
           {'date': '2026-02-12', 'weekday': 'Giovedì'},
           {'date': '2026-02-13', 'weekday': 'Venerdì'},
           {'date': '2026-02-14', 'weekday': 'Sabato'},
           {'date': '2026-02-15', 'weekday': 'Domenica'},
           {'date': '2026-02-16', 'weekday': 'Lunedì'},
           {'date': '2026-02-17', 'weekday': 'Martedì'},
           {'date': '2026-02-18', 'weekday': 'Mercoledì'},
           {'date': '2026-02-19', 'weekday': 'Giovedì'},
           {'date': '2026-02-20', 'weekday': 'Venerdì'},
           {'date': '2026-02-21', 'weekday': 'Sabato'},
           {'date': '2026-02-22', 'weekday': 'Domenica'},
           {'date': '2026-02-23', 'weekday': 'Lunedì'},
           {'date': '2026-02-24', 'weekday': 'Martedì'},
           {'date': '2026-02-25', 'weekday': 'Mercoledì'},
           {'date': '2026-02-26', 'weekday': 'Giovedì'},
           {'date': '2026-02-27', 'weekday': 'Venerdì'},
           {'date': '2026-02-28', 'weekday': 'Sabato'},
           {'date': '2026-03-01', 'weekday': 'Domenica'},
           {'date': '2026-03-02', 'weekday': 'Lunedì'},
           {'date': '2026-03-03', 'weekday': 'Martedì'},
           {'date': '2026-03-04', 'weekday': 'Mercoledì'},
           {'date': '2026-03-05', 'weekday': 'Giovedì'},
           {'date': '2026-03-06', 'weekday': 'Venerdì'},
           {'date': '2026-03-07', 'weekday': 'Sabato'},
           {'date': '2026-03-08', 'weekday': 'Domenica'},
           {'date': '2026-03-09', 'weekday': 'Lunedì'},
           {'date': '2026-03-10', 'weekday': 'Martedì'},
           {'date': '2026-03-11', 'weekday': 'Mercoledì'},
           {'date': '2026-03-12', 'weekday': 'Giovedì'},
           {'date': '2026-03-13', 'weekday': 'Venerdì'}],
 'description': 'La galleria ARTantide di Verona presenta “La trama del Mito”, '
                'la nuova mostra personale dell’artista camerunense Afran, tra '
                'le voci più originali e raffinate del panorama artistico '
                'contemporaneo. Nato in Camerun e residente in Italia, Afran '
                'ha rappresentato il proprio Paese alla Biennale d’Arte di '
                'Venezia 2022 ed è oggi riconosciuto a livello internazionale '
                'per l’incredibile perizia tecnica con cui fonde pittura, '
                'scultura e una profonda ricerca concettuale. La mostra '
                'presenta oltre 20 opere tra pittura, scultura e installazioni '
                'e nasce nel contesto del Movimento Arte Etica esposta nella '
                "sede di ARTantide Gallery di Verona che quest'anno compie 25 "
                "anni di attività. L’esposizione approfondisce l'emergenza "
                "dell'apparire al tempo dei social network. Un tema "
                'contemporaneo che permea la nostra esistenza quotidiana.',
 'image_url': '//citynews-veronasera.stgy.ovh/~media/horizontal-mid/44879506974301/la-trama-del-mito.jpg',
 'location_address': 'Via Angelo Messedaglia, 7',
 'location_name': 'ARTantide Gallery',
 'price': 'Gratis',
 'scraped_at': '2026-01-29T18:22:30.360546',
 'time_info': 'Lun - ven: ore 9 - 13 e 14 - 18 (esclusi festivi)',
 'title': '"La trama del mito"',
 'url': 'https://www.veronasera.it/eventi/la-trama-del-mito-afran-5-dicembre-2025.html',
 'uuid': '3587998c466e154a',
 'website': 'https://www.artantide.com/it/exhibitions/6915862e0108d478a9d34745'}
[2026-01-29T18:22:43.017+0000] {docker.py:429} INFO - 2026-01-29 18:22:43 [scrapy.core.engine] DEBUG: Crawled (200) <GET https://www.veronasera.it/eventi/fiera-radicchio-rosso-casaleone-23-gennaio-1-febbraio-2026.html> (referer: https://www.veronasera.it/eventi/dal/2026-01-29/al/2026-02-01/)
[2026-01-29T18:22:43.126+0000] {docker.py:429} INFO - 2026-01-29 18:22:43 [scrapy.core.scraper] DEBUG: Scraped from <200 https://www.veronasera.it/eventi/fiera-radicchio-rosso-casaleone-23-gennaio-1-febbraio-2026.html>
{'category': 'Fiere',
 'city': 'Verona',
 'content_hash': '5425af3c7cf10053',
 'date_end': '2026-02-01',
 'date_start': '2026-01-23',
 'dates': [{'date': '2026-01-23', 'weekday': 'Venerdì'},
           {'date': '2026-01-24', 'weekday': 'Sabato'},
           {'date': '2026-01-25', 'weekday': 'Domenica'},
           {'date': '2026-01-26', 'weekday': 'Lunedì'},
           {'date': '2026-01-27', 'weekday': 'Martedì'},
           {'date': '2026-01-28', 'weekday': 'Mercoledì'},
           {'date': '2026-01-29', 'weekday': 'Giovedì'},
           {'date': '2026-01-30', 'weekday': 'Venerdì'},
           {'date': '2026-01-31', 'weekday': 'Sabato'},
           {'date': '2026-02-01', 'weekday': 'Domenica'}],
 'description': 'Casaleone si prepara a celebrare uno dei suoi simboli più '
                'riconoscibili, il Radicchio Rosso di Verona, con un '
                'appuntamento che da decenni unisce tradizione agricola, '
                'comunità e cultura. L’Oro Rosso di Casaleone sarà al centro '
                'di due fine settimana di festa, dal 23 al 25 gennaio e dal 30 '
                'gennaio al 1° febbraio 2026, in occasione della 37esima '
                'edizione della Fiera dedicata a questo prodotto identitario '
                'del territorio. L’apertura ufficiale è fissata per venerdì 23 '
                'gennaio, quando la manifestazione entrerà subito nel vivo con '
                'un convegno organizzato da Coldiretti nella sala Unicef, '
                'momento di confronto dedicato al mondo agricolo e alle '
                'prospettive di valorizzazione del radicchio. In serata è '
                'prevista l’inaugurazione della Fiera alla presenza delle '
                'autorità, seguita dall’apertura dello stand gastronomico. Il '
                'Comitato Valorizzazione Prodotti Agricoli Casaleone, insieme '
                'alle associazioni locali, proporrà piatti che raccontano la '
                'tradizione del paese, a partire dal risotto al radicchio '
                'rosso semilungo e dal risotto di Casaleone, accanto a carni '
                'alla brace, dolci e vino. Il sabato 24 gennaio sarà una '
                'giornata pensata per coinvolgere attivamente cittadini e '
                'visitatori. Nel pomeriggio prenderà il via la dodicesima '
                'edizione della Marcia del Radicchio, mentre poco dopo verrà '
                'inaugurata la mostra fotografica “Tornando a Casa”, aperta al '
                'pubblico e al mondo della scuola, con il progetto “C’era una '
                'volta a Casaleone”. Gli spazi espositivi accoglieranno gli '
                'elaborati artistici degli istituti scolastici di Casaleone e '
                'le opere dell’Istituto d’Arte Liceo Bruno Munari di Castel '
                'Massa, insieme a un atelier dedicato ad artigianato, design e '
                'giovani creativi. La giornata proseguirà con la presentazione '
                'di una raccolta di versi di Paolo Zanchetta e con l’apertura '
                'dell’ottavo concorso di poesia in lingua italiana, che vedrà '
                'la partecipazione di circoli poetici e studenti del '
                'territorio. Anche in serata la cucina tornerà protagonista '
                'con lo stand gastronomico. La domenica 25 gennaio sarà '
                'caratterizzata da un forte legame con il mondo rurale e con '
                'la mobilità sostenibile. Fin dal mattino sarà possibile '
                'ammirare l’esposizione statica di trattori d’epoca, mentre '
                'nella sala Unicef si terrà l’undicesimo raduno Fiab con il '
                'convegno dedicato alla linea Ostiglia-Treviso, che '
                'coinvolgerà le affiliate di numerose province venete e '
                'limitrofe. Dopo il pranzo allo stand gastronomico, il '
                'pomeriggio sarà dedicato alla fotografia, con la '
                'presentazione degli autori della mostra in concorso “Dai '
                'un’occhiata qui”, spazio aperto alla creatività e agli scatti '
                'in libertà. La festa proseguirà il fine settimana successivo. '
                'Venerdì 30 gennaio riaprirà lo stand gastronomico con un menù '
                'che affiancherà ai risotti i bigoli con radicchio rosso '
                'semilungo e speck. Sabato 31 gennaio il programma si aprirà '
                'con un torneo di calcetto nella palestra delle scuole medie, '
                'seguito dalla presentazione del lavoro artistico relativo '
                'agli anni 2025 e 2026. In questa occasione verrà proiettato '
                'il docufilm “La fanciulla di Pietra”, realizzato in '
                'collaborazione con la scuola media B. Croce di Casaleone e '
                'dedicato alla valorizzazione del territorio, insieme al '
                'libricolo frutto del lavoro redazionale degli studenti. '
                'Domenica 1 febbraio offrirà un’esperienza immersiva con la '
                'proposta del pullman “La Via del Radicchio”, una visita '
                'guidata nelle aziende di produzione del radicchio rosso di '
                'Casaleone. Nel pomeriggio è in programma la presentazione del '
                'libro di Carlo Mantovani “Le Radici del Gusto”, seguita dalla '
                'premiazione del concorso fotografico e del premio dedicato ad '
                'arte, bellezza e creatività. Le gallerie e le esposizioni '
                'artistiche e fotografiche resteranno aperte per tutta la '
                'durata della fiera, con orari differenziati tra venerdì, '
                'sabato e domenica, mentre la ristorazione accompagnerà '
                'costantemente le serate. Il calendario si chiuderà martedì 3 '
                'febbraio con la Festa del Patrono San Biagio. Al palatenda si '
                'terrà la Santa Messa presieduta dal vescovo di Verona, '
                'Domenico Pompili, seguita da una cena comunitaria aperta a '
                'tutti presso la piastra polivalente, a suggello di una '
                'manifestazione che, ancora una volta, intende celebrare il '
                'radicchio non solo come prodotto agricolo, ma come elemento '
                'centrale dell’identità e della vita sociale di Casaleone.',
 'image_url': '//citynews-veronasera.stgy.ovh/~media/horizontal-mid/14873312243803/locandina-fiera-del-radicchio-rosso-a-casaleone-2026.jpg',
 'location_address': 'Piazza della Pace',
 'location_name': 'Piazza della Pace',
 'price': 'Gratis',
 'scraped_at': '2026-01-29T18:22:30.360111',
 'time_info': 'Vedi programma completo',
 'title': 'La Fiera del Radicchio Rosso a Casaleone',
 'url': 'https://www.veronasera.it/eventi/fiera-radicchio-rosso-casaleone-23-gennaio-1-febbraio-2026.html',
 'uuid': '8d1547eab56900ee',
 'website': 'https://www.fieraradicchiocasaleone.it/index.php'}
[2026-01-29T18:22:43.669+0000] {docker.py:429} INFO - 2026-01-29 18:22:43 [scrapy.core.engine] DEBUG: Crawled (200) <GET https://www.veronasera.it/eventi/fiera-agricola-san-biagio-bovolone-31-gennaio-3-febbraio-2026.html> (referer: https://www.veronasera.it/eventi/dal/2026-01-29/al/2026-02-01/)
[2026-01-29T18:22:43.782+0000] {docker.py:429} INFO - 2026-01-29 18:22:43 [scrapy.core.scraper] DEBUG: Scraped from <200 https://www.veronasera.it/eventi/fiera-agricola-san-biagio-bovolone-31-gennaio-3-febbraio-2026.html>
{'category': 'Fiere',
 'city': 'Verona',
 'content_hash': '2c250c1755e29e57',
 'date_end': '2026-02-03',
 'date_start': '2026-01-31',
 'dates': [{'date': '2026-01-31', 'weekday': 'Sabato'},
           {'date': '2026-02-01', 'weekday': 'Domenica'},
           {'date': '2026-02-02', 'weekday': 'Lunedì'},
           {'date': '2026-02-03', 'weekday': 'Martedì'}],
 'description': 'È stata presentata mercoledì 21 gennaio nella Loggia di Fra’ '
                'Giocondo al Palazzo Scaligero, la 747esima Fiera Agricola di '
                'San Biagio, in programma a Bovolone dal 31 gennaio al 3 '
                "febbraio. La principale novità di quest'anno sarà il "
                'Villaggio del Gusto, un padiglione interamente focalizzato '
                'sulle eccellenze enogastronomiche locali e sulla promozione '
                'del Made in Italy. Durante i tanti Show del Gusto in '
                'programma, condotti da Stefano Cantiero, si potranno '
                'degustare prodotti tipici preparati dal vivo e si potrà '
                'entrare in contatto con la storia e le esperienze delle '
                'aziende produttrici. Ai sapori verranno dedicati anche un '
                'mercato, un’area street food e un’area ristorante al '
                'palazzetto Le Muse, con piatti tipici della tradizione '
                'locale. Resta centrale per la Fiera di San Biagio, una delle '
                'più antiche del territorio, l’esposizione dei mezzi e delle '
                'soluzioni per l’agricoltura, ospitata in piazzale Aldo Moro. '
                'Attesi, inoltre, diversi convegni e appuntamenti informativi '
                'al Palaeventi. Non mancheranno, per le famiglie, il luna park '
                'e la fattoria degli animali. La Fiera è organizzata da Studio '
                'Grandi Eventi. Per maggiori informazioni: '
                'https://www.fierasanbiagio.com/ . Sono intervenuti: il '
                'Presidente della Provincia, Flavio Pasini; per la Regione del '
                'Veneto, l’Assessore Diego Ruzza e i Consiglieri Alberto Bozza '
                'e Claudia Barbera; per il Comune di Bovolone, il Sindaco '
                'Orfeo Pozzani e il Consigliere con delega all’Agricoltura, '
                'Giorgio Cazzola; il giornalista Stefano Cantiero; Alessio '
                'Priante di Studio Grandi Eventi; il Presidente della '
                'Confraternita dei nostalgici del Tabar, Fabrizio Lonardi e i '
                'rappresentanti delle Associazioni di categoria.',
 'image_url': '//citynews-veronasera.stgy.ovh/~media/horizontal-mid/6462519770537/fiera-san-biagio-2026-foto-ufficio-stampa-provincia-di-verona.jpg',
 'location_address': 'Piazzale Aldo Moro',
 'location_name': 'Piazzale Aldo Moro.',
 'price': 'Gratis',
 'scraped_at': '2026-01-29T18:22:30.359572',
 'time_info': 'Vedi programma completo',
 'title': 'L’antica Fiera Agricola di San Biagio punta sul gusto',
 'url': 'https://www.veronasera.it/eventi/fiera-agricola-san-biagio-bovolone-31-gennaio-3-febbraio-2026.html',
 'uuid': '643f3821c0c31ead',
 'website': 'https://www.fierasanbiagio.com/'}
[2026-01-29T18:22:45.604+0000] {docker.py:429} INFO - 2026-01-29 18:22:45 [scrapy.core.engine] DEBUG: Crawled (200) <GET https://www.veronasera.it/eventi/contemporaneo-non-stop-respiro-natura-terra-gam-9-ottobre-2025-20-settembre-2026.html> (referer: https://www.veronasera.it/eventi/dal/2026-01-29/al/2026-02-01/)
[2026-01-29T18:22:45.716+0000] {docker.py:429} INFO - 2026-01-29 18:22:45 [scrapy.core.scraper] DEBUG: Scraped from <200 https://www.veronasera.it/eventi/contemporaneo-non-stop-respiro-natura-terra-gam-9-ottobre-2025-20-settembre-2026.html>
{'category': 'Mostre',
 'city': 'Verona',
 'content_hash': '055e5e2c658fa7b4',
 'date_end': '2026-09-20',
 'date_start': '2025-10-09',
 'dates': [{'date': '2025-10-12', 'time_start': '17:30', 'weekday': 'Domenica'},
           {'date': '2025-10-13', 'time_start': '17:30', 'weekday': 'Lunedì'},
           {'date': '2025-10-14', 'time_start': '17:30', 'weekday': 'Martedì'},
           {'date': '2025-10-19', 'time_start': '17:30', 'weekday': 'Domenica'},
           {'date': '2025-10-20', 'time_start': '17:30', 'weekday': 'Lunedì'},
           {'date': '2025-10-21', 'time_start': '17:30', 'weekday': 'Martedì'},
           {'date': '2025-10-26', 'time_start': '17:30', 'weekday': 'Domenica'},
           {'date': '2025-10-27', 'time_start': '17:30', 'weekday': 'Lunedì'},
           {'date': '2025-10-28', 'time_start': '17:30', 'weekday': 'Martedì'},
           {'date': '2025-11-02', 'time_start': '17:30', 'weekday': 'Domenica'},
           {'date': '2025-11-03', 'time_start': '17:30', 'weekday': 'Lunedì'},
           {'date': '2025-11-04', 'time_start': '17:30', 'weekday': 'Martedì'},
           {'date': '2025-11-09', 'time_start': '17:30', 'weekday': 'Domenica'},
           {'date': '2025-11-10', 'time_start': '17:30', 'weekday': 'Lunedì'},
           {'date': '2025-11-11', 'time_start': '17:30', 'weekday': 'Martedì'},
           {'date': '2025-11-16', 'time_start': '17:30', 'weekday': 'Domenica'},
           {'date': '2025-11-17', 'time_start': '17:30', 'weekday': 'Lunedì'},
           {'date': '2025-11-18', 'time_start': '17:30', 'weekday': 'Martedì'},
           {'date': '2025-11-23', 'time_start': '17:30', 'weekday': 'Domenica'},
           {'date': '2025-11-24', 'time_start': '17:30', 'weekday': 'Lunedì'},
           {'date': '2025-11-25', 'time_start': '17:30', 'weekday': 'Martedì'},
           {'date': '2025-11-30', 'time_start': '17:30', 'weekday': 'Domenica'},
           {'date': '2025-12-01', 'time_start': '17:30', 'weekday': 'Lunedì'},
           {'date': '2025-12-02', 'time_start': '17:30', 'weekday': 'Martedì'},
           {'date': '2025-12-07', 'time_start': '17:30', 'weekday': 'Domenica'},
           {'date': '2025-12-08', 'time_start': '17:30', 'weekday': 'Lunedì'},
           {'date': '2025-12-09', 'time_start': '17:30', 'weekday': 'Martedì'},
           {'date': '2025-12-14', 'time_start': '17:30', 'weekday': 'Domenica'},
           {'date': '2025-12-15', 'time_start': '17:30', 'weekday': 'Lunedì'},
           {'date': '2025-12-16', 'time_start': '17:30', 'weekday': 'Martedì'},
           {'date': '2025-12-21', 'time_start': '17:30', 'weekday': 'Domenica'},
           {'date': '2025-12-22', 'time_start': '17:30', 'weekday': 'Lunedì'},
           {'date': '2025-12-23', 'time_start': '17:30', 'weekday': 'Martedì'},
           {'date': '2025-12-28', 'time_start': '17:30', 'weekday': 'Domenica'},
           {'date': '2025-12-29', 'time_start': '17:30', 'weekday': 'Lunedì'},
           {'date': '2025-12-30', 'time_start': '17:30', 'weekday': 'Martedì'},
           {'date': '2026-01-04', 'time_start': '17:30', 'weekday': 'Domenica'},
           {'date': '2026-01-05', 'time_start': '17:30', 'weekday': 'Lunedì'},
           {'date': '2026-01-06', 'time_start': '17:30', 'weekday': 'Martedì'},
           {'date': '2026-01-11', 'time_start': '17:30', 'weekday': 'Domenica'},
           {'date': '2026-01-12', 'time_start': '17:30', 'weekday': 'Lunedì'},
           {'date': '2026-01-13', 'time_start': '17:30', 'weekday': 'Martedì'},
           {'date': '2026-01-18', 'time_start': '17:30', 'weekday': 'Domenica'},
           {'date': '2026-01-19', 'time_start': '17:30', 'weekday': 'Lunedì'},
           {'date': '2026-01-20', 'time_start': '17:30', 'weekday': 'Martedì'},
           {'date': '2026-01-25', 'time_start': '17:30', 'weekday': 'Domenica'},
           {'date': '2026-01-26', 'time_start': '17:30', 'weekday': 'Lunedì'},
           {'date': '2026-01-27', 'time_start': '17:30', 'weekday': 'Martedì'},
           {'date': '2026-02-01', 'time_start': '17:30', 'weekday': 'Domenica'},
           {'date': '2026-02-02', 'time_start': '17:30', 'weekday': 'Lunedì'},
           {'date': '2026-02-03', 'time_start': '17:30', 'weekday': 'Martedì'},
           {'date': '2026-02-08', 'time_start': '17:30', 'weekday': 'Domenica'},
           {'date': '2026-02-09', 'time_start': '17:30', 'weekday': 'Lunedì'},
           {'date': '2026-02-10', 'time_start': '17:30', 'weekday': 'Martedì'},
           {'date': '2026-02-15', 'time_start': '17:30', 'weekday': 'Domenica'},
           {'date': '2026-02-16', 'time_start': '17:30', 'weekday': 'Lunedì'},
           {'date': '2026-02-17', 'time_start': '17:30', 'weekday': 'Martedì'},
           {'date': '2026-02-22', 'time_start': '17:30', 'weekday': 'Domenica'},
           {'date': '2026-02-23', 'time_start': '17:30', 'weekday': 'Lunedì'},
           {'date': '2026-02-24', 'time_start': '17:30', 'weekday': 'Martedì'},
           {'date': '2026-03-01', 'time_start': '17:30', 'weekday': 'Domenica'},
           {'date': '2026-03-02', 'time_start': '17:30', 'weekday': 'Lunedì'},
           {'date': '2026-03-03', 'time_start': '17:30', 'weekday': 'Martedì'},
           {'date': '2026-03-08', 'time_start': '17:30', 'weekday': 'Domenica'},
           {'date': '2026-03-09', 'time_start': '17:30', 'weekday': 'Lunedì'},
           {'date': '2026-03-10', 'time_start': '17:30', 'weekday': 'Martedì'},
           {'date': '2026-03-15', 'time_start': '17:30', 'weekday': 'Domenica'},
           {'date': '2026-03-16', 'time_start': '17:30', 'weekday': 'Lunedì'},
           {'date': '2026-03-17', 'time_start': '17:30', 'weekday': 'Martedì'},
           {'date': '2026-03-22', 'time_start': '17:30', 'weekday': 'Domenica'},
           {'date': '2026-03-23', 'time_start': '17:30', 'weekday': 'Lunedì'},
           {'date': '2026-03-24', 'time_start': '17:30', 'weekday': 'Martedì'},
           {'date': '2026-03-29', 'time_start': '17:30', 'weekday': 'Domenica'},
           {'date': '2026-03-30', 'time_start': '17:30', 'weekday': 'Lunedì'},
           {'date': '2026-03-31', 'time_start': '17:30', 'weekday': 'Martedì'},
           {'date': '2026-04-05', 'time_start': '17:30', 'weekday': 'Domenica'},
           {'date': '2026-04-06', 'time_start': '17:30', 'weekday': 'Lunedì'},
           {'date': '2026-04-07', 'time_start': '17:30', 'weekday': 'Martedì'},
           {'date': '2026-04-12', 'time_start': '17:30', 'weekday': 'Domenica'},
           {'date': '2026-04-13', 'time_start': '17:30', 'weekday': 'Lunedì'},
           {'date': '2026-04-14', 'time_start': '17:30', 'weekday': 'Martedì'},
           {'date': '2026-04-19', 'time_start': '17:30', 'weekday': 'Domenica'},
           {'date': '2026-04-20', 'time_start': '17:30', 'weekday': 'Lunedì'},
           {'date': '2026-04-21', 'time_start': '17:30', 'weekday': 'Martedì'},
           {'date': '2026-04-26', 'time_start': '17:30', 'weekday': 'Domenica'},
           {'date': '2026-04-27', 'time_start': '17:30', 'weekday': 'Lunedì'},
           {'date': '2026-04-28', 'time_start': '17:30', 'weekday': 'Martedì'},
           {'date': '2026-05-03', 'time_start': '17:30', 'weekday': 'Domenica'},
           {'date': '2026-05-04', 'time_start': '17:30', 'weekday': 'Lunedì'},
           {'date': '2026-05-05', 'time_start': '17:30', 'weekday': 'Martedì'},
           {'date': '2026-05-10', 'time_start': '17:30', 'weekday': 'Domenica'},
           {'date': '2026-05-11', 'time_start': '17:30', 'weekday': 'Lunedì'},
           {'date': '2026-05-12', 'time_start': '17:30', 'weekday': 'Martedì'},
           {'date': '2026-05-17', 'time_start': '17:30', 'weekday': 'Domenica'},
           {'date': '2026-05-18', 'time_start': '17:30', 'weekday': 'Lunedì'},
           {'date': '2026-05-19', 'time_start': '17:30', 'weekday': 'Martedì'},
           {'date': '2026-05-24', 'time_start': '17:30', 'weekday': 'Domenica'},
           {'date': '2026-05-25', 'time_start': '17:30', 'weekday': 'Lunedì'},
           {'date': '2026-05-26', 'time_start': '17:30', 'weekday': 'Martedì'},
           {'date': '2026-05-31', 'time_start': '17:30', 'weekday': 'Domenica'},
           {'date': '2026-06-01', 'time_start': '17:30', 'weekday': 'Lunedì'},
           {'date': '2026-06-02', 'time_start': '17:30', 'weekday': 'Martedì'},
           {'date': '2026-06-07', 'time_start': '17:30', 'weekday': 'Domenica'},
           {'date': '2026-06-08', 'time_start': '17:30', 'weekday': 'Lunedì'},
           {'date': '2026-06-09', 'time_start': '17:30', 'weekday': 'Martedì'},
           {'date': '2026-06-14', 'time_start': '17:30', 'weekday': 'Domenica'},
           {'date': '2026-06-15', 'time_start': '17:30', 'weekday': 'Lunedì'},
           {'date': '2026-06-16', 'time_start': '17:30', 'weekday': 'Martedì'},
           {'date': '2026-06-21', 'time_start': '17:30', 'weekday': 'Domenica'},
           {'date': '2026-06-22', 'time_start': '17:30', 'weekday': 'Lunedì'},
           {'date': '2026-06-23', 'time_start': '17:30', 'weekday': 'Martedì'},
           {'date': '2026-06-28', 'time_start': '17:30', 'weekday': 'Domenica'},
           {'date': '2026-06-29', 'time_start': '17:30', 'weekday': 'Lunedì'},
           {'date': '2026-06-30', 'time_start': '17:30', 'weekday': 'Martedì'},
           {'date': '2026-07-05', 'time_start': '17:30', 'weekday': 'Domenica'},
           {'date': '2026-07-06', 'time_start': '17:30', 'weekday': 'Lunedì'},
           {'date': '2026-07-07', 'time_start': '17:30', 'weekday': 'Martedì'},
           {'date': '2026-07-12', 'time_start': '17:30', 'weekday': 'Domenica'},
           {'date': '2026-07-13', 'time_start': '17:30', 'weekday': 'Lunedì'},
           {'date': '2026-07-14', 'time_start': '17:30', 'weekday': 'Martedì'},
           {'date': '2026-07-19', 'time_start': '17:30', 'weekday': 'Domenica'},
           {'date': '2026-07-20', 'time_start': '17:30', 'weekday': 'Lunedì'},
           {'date': '2026-07-21', 'time_start': '17:30', 'weekday': 'Martedì'},
           {'date': '2026-07-26', 'time_start': '17:30', 'weekday': 'Domenica'},
           {'date': '2026-07-27', 'time_start': '17:30', 'weekday': 'Lunedì'},
           {'date': '2026-07-28', 'time_start': '17:30', 'weekday': 'Martedì'},
           {'date': '2026-08-02', 'time_start': '17:30', 'weekday': 'Domenica'},
           {'date': '2026-08-03', 'time_start': '17:30', 'weekday': 'Lunedì'},
           {'date': '2026-08-04', 'time_start': '17:30', 'weekday': 'Martedì'},
           {'date': '2026-08-09', 'time_start': '17:30', 'weekday': 'Domenica'},
           {'date': '2026-08-10', 'time_start': '17:30', 'weekday': 'Lunedì'},
           {'date': '2026-08-11', 'time_start': '17:30', 'weekday': 'Martedì'},
           {'date': '2026-08-16', 'time_start': '17:30', 'weekday': 'Domenica'},
           {'date': '2026-08-17', 'time_start': '17:30', 'weekday': 'Lunedì'},
           {'date': '2026-08-18', 'time_start': '17:30', 'weekday': 'Martedì'},
           {'date': '2026-08-23', 'time_start': '17:30', 'weekday': 'Domenica'},
           {'date': '2026-08-24', 'time_start': '17:30', 'weekday': 'Lunedì'},
           {'date': '2026-08-25', 'time_start': '17:30', 'weekday': 'Martedì'},
           {'date': '2026-08-30', 'time_start': '17:30', 'weekday': 'Domenica'},
           {'date': '2026-08-31', 'time_start': '17:30', 'weekday': 'Lunedì'},
           {'date': '2026-09-01', 'time_start': '17:30', 'weekday': 'Martedì'},
           {'date': '2026-09-06', 'time_start': '17:30', 'weekday': 'Domenica'},
           {'date': '2026-09-07', 'time_start': '17:30', 'weekday': 'Lunedì'},
           {'date': '2026-09-08', 'time_start': '17:30', 'weekday': 'Martedì'},
           {'date': '2026-09-13', 'time_start': '17:30', 'weekday': 'Domenica'},
           {'date': '2026-09-14', 'time_start': '17:30', 'weekday': 'Lunedì'},
           {'date': '2026-09-15', 'time_start': '17:30', 'weekday': 'Martedì'},
           {'date': '2026-09-20',
            'time_start': '17:30',
            'weekday': 'Domenica'}],
 'description': 'A partire dal 9 ottobre 2025, la Galleria d’Arte Moderna '
                'Achille Forti presenta la quarta ed ultima edizione del '
                'format “Contemporaneo Non-Stop. Il respiro della natura” , a '
                'cura di Patrizia Nuzzo, Curatrice Responsabile delle '
                'Collezioni d’Arte Moderna e Contemporanea, dedicata '
                'all’elemento "Terra". La mostra si articola a partire dalla '
                'suggestione del pensiero di Anassimandro di Mileto (610 a.C. '
                'circa – 546 a.C. circa), filosofo presocratico che individua '
                'l’origine delle cose nell’ ápeiron - letteralmente “senza '
                'limite”, “in-finito” - principio indeterminato da cui tutto '
                'si crea e dove tutto ha fine. In questo contesto viene '
                'associato all’elemento della terra, anch’esso inteso come '
                'luogo di genesi perenne, custode di memoria e appartenenza, e '
                'testimone di possibile estinzione. Gli artisti scelti e i '
                'loro lavori concorrono a sviluppare un percorso espositivo '
                'che interpreta il quarto elemento attraverso linguaggi e '
                "strumenti contemporanei, quali l'intelligenza artificiale e "
                'le tecnologie digitali, che si intrecciano a tecniche più '
                'tradizionali – come la pittura ad olio, il disegno a '
                'carboncino e la scultura modellata attraverso una varietà di '
                "materiali. «La Galleria d'Arte Moderna Achille Forti – "
                'sottolinea l’assessora alla Cultura Marta Ugolini – ha avuto '
                'il merito in tutti questi anni di tenere sempre acceso il '
                "faro dell'Arte Contemporanea in città. In particolare con "
                'questo format che ogni anno ad ottobre ha proposto una '
                "esposizione rinnovata sui temi dell’Acqua, dell'Aria, del "
                'Fuoco e della Terra. Il 2025 è l’anno della ‘Terra’, '
                'patrimonio comune di ognuno di noi, declinata in questa '
                'speciale esposizione attraverso la visione di sei artisti». '
                'Le opere degli artisti del comparto del contemporaneo della '
                'GAM – Giorgio Andreotta Calò, Davide Maria Coltro, Giuliana '
                'Cunéaz, Debora Hirsch – vengono allestite insieme a quelle '
                'degli artisti Arcangelo e Silvano Tessarollo, rappresentati '
                'rispettivamente dalla galleria MARCOROSSI artecontemporanea e '
                'dalla galleria La Giarina Arte Contemporanea. La '
                'partecipazione delle gallerie veronesi si conferma un modello '
                'di condivisione e valorizzazione culturale: una modalità di '
                'fruizione del patrimonio artistico che offre la possibilità '
                'di realizzare una più stretta sinergia tra pubblico e '
                'privato. La mostra si espande oltre i confini di Palazzo '
                'della Ragione grazie all’opera Remoto (2022) di Andreotta '
                'Calò, esposta presso il Famedio di Palazzo Forti dal 9 al 26 '
                'ottobre 2025, in occasione della riapertura della storica '
                'sede della Galleria d’Arte Moderna. Arcangelo (rappresentato '
                'dalla galleria MARCOROSSI artecontemporanea)è in mostra con '
                'opere storiche, il dipinto Subito notte (1985), dal ciclo '
                'Terra mia , e una selezione di sculture dalla serie Montagne '
                '(1990-1991), e un lavoro appositamente realizzato per '
                'l’esposizione, Solitarie magnolie (2025). Caratterizzati da '
                'un gesto pittorico istintivo e radicato, i lavori dell’autore '
                'esprimono appartenenza e identità, mantenendo, allo stesso '
                'tempo, un’essenza spirituale e meditativa, suggerita dai '
                'materiali poveri come terre, pigmenti naturali e carboni. '
                'Davide Maria Coltro, artista la cui ricerca da oltre 25 anni '
                'sonda e sviluppa i linguaggi della tecnologia digitale '
                'sull’espressività e potenzialità dello schermo digitale, '
                'espone il progetto inedito Vox Terrae (2025). Nelle opere '
                'dell’autore veronese – un intreccio di linguaggio visivo '
                'aniconico, riflessione teologica e tensione contemplativa – '
                'l’elemento della terra non riveste unicamente un ruolo '
                'prettamente scientifico ed ecologico, ma anche spirituale e '
                'simbolico, testimone e custode delle vicende umane. Giuliana '
                'Cunéaz, esponente dell’arte digitale contemporanea, presenta '
                'un gruppo di opere inedite dalla serie Spiriti di Terra '
                '(2025), lavori inediti realizzati con digital painting, '
                'Intelligenza Artificiale e realtà aumentata. Attraverso la '
                'fusione tra poesia visiva e tecnologia avanzata, l’artista '
                'crea opere che esplorano la memoria e l’onirico, sollecitando '
                'una riflessione sul nostro rapporto con la realtà. Gli '
                'spiriti sono archetipi universali o numi tutelari che si '
                'manifestano con sembianze antropomorfe, rappresentando un '
                'ponte fra visibile e invisibile. Debora Hirsch '
                "nell'installazione video inedita Sedimenta (2025) riporta in "
                'vita, attraverso pittura digitale e IA, i resti botanici di '
                'specie vegetali in via di estinzione, di cui quattro del '
                'territorio veronese . Da una condizione statica di oblio, le '
                'piante tornano epifanicamente alla vita per un istante '
                "sufficiente a riassumere un'esistenza, per poi svanire di "
                'nuovo, alludendo alla difficoltà di ripristinare ecosistemi '
                'ormai compromessi. La loro breve apparizione diventa monito '
                'dell’irreversibilità delle nostre azioni. Insieme ad essa, '
                'sono esposti tre lavori della serie PLANT, ovvero '
                'Cinnamodendron occhionianum , Phragmipedium besseae , Deppea '
                'splendens. La serie fa parte di un progetto in corso che '
                'esplora tanto le dimensioni estetiche quanto quelle etiche '
                'dell’estinzione, mettendo in discussione la capacità '
                'dell’arte di preservare ricordi ed esemplari. Silvano '
                'Tessarollo (rappresentato dalla galleria La Giarina Arte '
                'Contemporanea) presenta lavori tratti dalle serie Flores '
                '(2018), a cui si aggiungono Le foglie secche frusciano nel '
                'vento (2023) e Robinia (2019) e Gli alberi siamo noi (2024). '
                'Nelle sue opere, disegni e dipinti a pennello realizzati con '
                'fine precisione, ritroviamo una natura buia e attraente, che '
                'riflette la difficoltà che contraddistingue il mondo attuale '
                'di riuscire a rapportarsi con essa. Nei suoi lavori integra '
                'il mondo della natura alla sfera umana, come a sottolineare, '
                'a chi osserva, che non vi è distanza possibile tra lo '
                'spettatore e il resto del mondo. L’opera Remoto (2022) di '
                'Giorgio Andreotta Calò, allestita nel famedio di Palazzo '
                'Forti, è parte del progetto vincitore dell’avviso pubblico '
                'PAC2020 - Piano per l’Arte Contemporanea, promosso dalla '
                'Direzione Generale Creatività Contemporanea del Ministero '
                'della Cultura. Visibile dal 9 al 26 ottobre 2025 presso il '
                'Famedio di Palazzo Forti, il lavoro, nato da una campagna '
                'geognostica volta a rintracciare, tramite carotaggi estratti '
                'nel territorio veronese, diverse sequenze di strati rocciosi, '
                'nel suo allestimento permette al visitatore di compiere un '
                'attraversamento simbolico nelle viscere della Terra, '
                'spostandosi dal presente al passato geologico, per poi '
                "risalire nuovamente in superficie. Galleria d'Arte Moderna "
                'Achille Forti Cortile Mercato Vecchio 6, Verona T. + 39 045 '
                '8001903 | Mail: musei@comune.verona.it Web: '
                'gam.comune.verona.it',
 'image_url': '//citynews-veronasera.stgy.ovh/~media/horizontal-mid/41392644576852/davide-coltro-trittico-vox-terrae-allestito-contemporaneo-non-stop-il-respiro-della-natura-terra-gam-verona-foto-ufficio-stampa-comune-di-verona.jpeg',
 'location_address': 'Cortile Del Mercato Vecchio, 10',
 'location_name': 'Galleria d’Arte Moderna Achille Forti',
 'price': 'Intero: 6 euro',
 'schedule': 'Da martedì a domenica dalle ore 10 alle 18 (ultimo ingresso alle '
             '17.30). Chiuso il lunedì',
 'scraped_at': '2026-01-29T18:22:30.359118',
 'title': 'Alla Gam di Verona la mostra "Contemporaneo Non-Stop. Il respiro '
          'della natura - Terra"',
 'url': 'https://www.veronasera.it/eventi/contemporaneo-non-stop-respiro-natura-terra-gam-9-ottobre-2025-20-settembre-2026.html',
 'uuid': 'cee3aab320079607',
 'website': 'https://gam.comune.verona.it/nqcontent.cfm?a_id=97821',
 'weekdays': 'Lunedì, Martedì, Domenica'}
[2026-01-29T18:22:46.931+0000] {docker.py:429} INFO - 2026-01-29 18:22:46 [scrapy.core.engine] DEBUG: Crawled (200) <GET https://www.veronasera.it/eventi/sagra-san-biagio-festa-22-gennaio-3-febbraio-2026.html> (referer: https://www.veronasera.it/eventi/dal/2026-01-29/al/2026-02-01/)
[2026-01-29T18:22:47.039+0000] {docker.py:429} INFO - 2026-01-29 18:22:47 [scrapy.core.scraper] DEBUG: Scraped from <200 https://www.veronasera.it/eventi/sagra-san-biagio-festa-22-gennaio-3-febbraio-2026.html>
{'category': 'Sagre',
 'city': 'Verona',
 'content_hash': 'c1274f8acd928238',
 'date_end': '2026-02-03',
 'date_start': '2026-01-22',
 'dates': [{'date': '2026-01-22', 'weekday': 'Giovedì'},
           {'date': '2026-01-23', 'weekday': 'Venerdì'},
           {'date': '2026-01-24', 'weekday': 'Sabato'},
           {'date': '2026-01-25', 'weekday': 'Domenica'},
           {'date': '2026-01-26', 'weekday': 'Lunedì'},
           {'date': '2026-01-27', 'weekday': 'Martedì'},
           {'date': '2026-01-28', 'weekday': 'Mercoledì'},
           {'date': '2026-01-29', 'weekday': 'Giovedì'},
           {'date': '2026-01-30', 'weekday': 'Venerdì'},
           {'date': '2026-01-31', 'weekday': 'Sabato'},
           {'date': '2026-02-01', 'weekday': 'Domenica'},
           {'date': '2026-02-02', 'weekday': 'Lunedì'},
           {'date': '2026-02-03', 'weekday': 'Martedì'}],
 'description': 'È stata presentata mercoledì 14 gennaio, nella Sala Rossa del '
                'Palazzo Scaligero, la 158esima edizione della Sagra di San '
                'Biagio, in programma dal 22 gennaio al 3 febbraio a Prova di '
                'San Bonifacio. Nella tensostruttura riscaldata, la '
                'manifestazione prenderà il via giovedì 22 gennaio alle 19.30 '
                'con la Gran Gnoccolada. Gli stand gastronomici apriranno alla '
                'stessa ora tutti i giorni dell’evento. Nelle prime tre serate '
                'è, inoltre, in programma musica dal vivo con “Party 90”, '
                '“Diapason Band” e “The Techsound”. Domenica 25, invece, alle '
                '14.30 si terrà la “Festa del Bambino”, con animazione e '
                'giochi in legno, mentre alle 20.30 è in programma la rassegna '
                'di danza “Ti va di ballare!”, a cura dell’Officina della '
                'Danza e con la partecipazione di varie scuole del territorio. '
                'Venerdì 30 gennaio, su prenotazione, ci sarà la Serata Paella '
                ', seguita da dj set. Il 31 gennaio a salire sul palco saranno '
                'i “Rotti per caso”, con un tributo agli 883. Il primo '
                'febbraio sarà protagonista il Carnevale, con la sfilata '
                'accompagnata dalla musica della “New Sambo Big Band” di Prova '
                'e la premiazione delle maschere, a cura del circolo Noi, nel '
                'piazzale della chiesa parrocchiale della frazione. Lunedì 2 '
                'febbraio, alle 20.30, spazio alla formazione e alla '
                'sensibilizzazione sul tema della violenza di genere, con un '
                'evento organizzato dalla sezione di San Bonifacio di Fidapa - '
                'Bpw Italy, in collaborazione con il centro antiviolenza '
                '“Legnago Donna”, dal titolo “Formare e informare: violenza '
                'economica e indipendenza delle donne”. Martedì 3 febbraio '
                'sono, infine, in programma le lodi mattutine presso l’antico '
                'oratorio di San Biagio, alle 15 la liturgia della parola e, '
                'alle 18.30, la Santa Messa con la tradizionale “benedizione '
                'della gola” nel giorno di San Biagio, Santo protettore della '
                'gola. La manifestazione si chiuderà, la sera, con la Grande '
                'cena paesana e l’estrazione dei premi della lotteria. '
                'All’antica Sagra non mancheranno la pesca di beneficenza e il '
                'luna park. L’evento è organizzato dalla Parrocchia di Prova e '
                'dal comitato Sagra, presieduto da Don Matteo Zorzanello, con '
                'i patrocini del Comune di San Bonifacio e della Provincia di '
                'Verona. Sono intervenuti: il Presidente della Provincia, '
                'Flavio Pasini; la Presidente della Commissione provinciale '
                'alle Pari Opportunità, Silvia Fiorio; per il comitato Sagra '
                'di San Biagio, il coordinatore Alessio Cerboni, con i '
                'componenti Federico Bignotto, Simone Lora, Roberto Pasini e '
                'Gino Piccoli; la maschera carnevalesca Sindaco della Gramegna '
                ', Moreno Tecchio e la Presidente di Fidapa, sezione di San '
                'Bonifacio, Marisa Saggiotto.',
 'image_url': '//citynews-veronasera.stgy.ovh/~media/horizontal-mid/45942287859276/sagra-san-biagio-san-bonifacio-foto-ufficio-stampa-provincia-di-verona.jpg',
 'location_address': 'Località Prova',
 'location_name': 'Località Prova',
 'price': 'Gratis',
 'scraped_at': '2026-01-29T18:22:30.358585',
 'time_info': 'Vedi programma completo',
 'title': 'A San Bonifacio la Sagra di San Biagio',
 'url': 'https://www.veronasera.it/eventi/sagra-san-biagio-festa-22-gennaio-3-febbraio-2026.html',
 'uuid': '27b9454e8cc821e3',
 'website': 'https://www.facebook.com/sagradiprova/?locale=it_IT'}
[2026-01-29T18:22:48.647+0000] {docker.py:429} INFO - 2026-01-29 18:22:48 [scrapy.core.engine] DEBUG: Crawled (200) <GET https://www.veronasera.it/eventi/camminaparco-lessinia-2025.html> (referer: https://www.veronasera.it/eventi/dal/2026-01-29/al/2026-02-01/)
[2026-01-29T18:22:48.860+0000] {docker.py:429} INFO - 2026-01-29 18:22:48 [scrapy.core.scraper] DEBUG: Scraped from <200 https://www.veronasera.it/eventi/camminaparco-lessinia-2025.html>
{'category': 'Escursioni',
 'city': 'Verona',
 'content_hash': 'c0ba6113ebaaf9a8',
 'date_end': '2026-03-22',
 'date_start': '2025-07-20',
 'dates': [{'date': '2025-07-20', 'weekday': 'Domenica'},
           {'date': '2025-07-21', 'weekday': 'Lunedì'},
           {'date': '2025-07-22', 'weekday': 'Martedì'},
           {'date': '2025-07-23', 'weekday': 'Mercoledì'},
           {'date': '2025-07-24', 'weekday': 'Giovedì'},
           {'date': '2025-07-25', 'weekday': 'Venerdì'},
           {'date': '2025-07-26', 'weekday': 'Sabato'},
           {'date': '2025-07-27', 'weekday': 'Domenica'},
           {'date': '2025-07-28', 'weekday': 'Lunedì'},
           {'date': '2025-07-29', 'weekday': 'Martedì'},
           {'date': '2025-07-30', 'weekday': 'Mercoledì'},
           {'date': '2025-07-31', 'weekday': 'Giovedì'},
           {'date': '2025-08-01', 'weekday': 'Venerdì'},
           {'date': '2025-08-02', 'weekday': 'Sabato'},
           {'date': '2025-08-03', 'weekday': 'Domenica'},
           {'date': '2025-08-04', 'weekday': 'Lunedì'},
           {'date': '2025-08-05', 'weekday': 'Martedì'},
           {'date': '2025-08-06', 'weekday': 'Mercoledì'},
           {'date': '2025-08-07', 'weekday': 'Giovedì'},
           {'date': '2025-08-08', 'weekday': 'Venerdì'},
           {'date': '2025-08-09', 'weekday': 'Sabato'},
           {'date': '2025-08-10', 'weekday': 'Domenica'},
           {'date': '2025-08-11', 'weekday': 'Lunedì'},
           {'date': '2025-08-12', 'weekday': 'Martedì'},
           {'date': '2025-08-13', 'weekday': 'Mercoledì'},
           {'date': '2025-08-14', 'weekday': 'Giovedì'},
           {'date': '2025-08-15', 'weekday': 'Venerdì'},
           {'date': '2025-08-16', 'weekday': 'Sabato'},
           {'date': '2025-08-17', 'weekday': 'Domenica'},
           {'date': '2025-08-18', 'weekday': 'Lunedì'},
           {'date': '2025-08-19', 'weekday': 'Martedì'},
           {'date': '2025-08-20', 'weekday': 'Mercoledì'},
           {'date': '2025-08-21', 'weekday': 'Giovedì'},
           {'date': '2025-08-22', 'weekday': 'Venerdì'},
           {'date': '2025-08-23', 'weekday': 'Sabato'},
           {'date': '2025-08-24', 'weekday': 'Domenica'},
           {'date': '2025-08-25', 'weekday': 'Lunedì'},
           {'date': '2025-08-26', 'weekday': 'Martedì'},
           {'date': '2025-08-27', 'weekday': 'Mercoledì'},
           {'date': '2025-08-28', 'weekday': 'Giovedì'},
           {'date': '2025-08-29', 'weekday': 'Venerdì'},
           {'date': '2025-08-30', 'weekday': 'Sabato'},
           {'date': '2025-08-31', 'weekday': 'Domenica'},
           {'date': '2025-09-01', 'weekday': 'Lunedì'},
           {'date': '2025-09-02', 'weekday': 'Martedì'},
           {'date': '2025-09-03', 'weekday': 'Mercoledì'},
           {'date': '2025-09-04', 'weekday': 'Giovedì'},
           {'date': '2025-09-05', 'weekday': 'Venerdì'},
           {'date': '2025-09-06', 'weekday': 'Sabato'},
           {'date': '2025-09-07', 'weekday': 'Domenica'},
           {'date': '2025-09-08', 'weekday': 'Lunedì'},
           {'date': '2025-09-09', 'weekday': 'Martedì'},
           {'date': '2025-09-10', 'weekday': 'Mercoledì'},
           {'date': '2025-09-11', 'weekday': 'Giovedì'},
           {'date': '2025-09-12', 'weekday': 'Venerdì'},
           {'date': '2025-09-13', 'weekday': 'Sabato'},
           {'date': '2025-09-14', 'weekday': 'Domenica'},
           {'date': '2025-09-15', 'weekday': 'Lunedì'},
           {'date': '2025-09-16', 'weekday': 'Martedì'},
           {'date': '2025-09-17', 'weekday': 'Mercoledì'},
           {'date': '2025-09-18', 'weekday': 'Giovedì'},
           {'date': '2025-09-19', 'weekday': 'Venerdì'},
           {'date': '2025-09-20', 'weekday': 'Sabato'},
           {'date': '2025-09-21', 'weekday': 'Domenica'},
           {'date': '2025-09-22', 'weekday': 'Lunedì'},
           {'date': '2025-09-23', 'weekday': 'Martedì'},
           {'date': '2025-09-24', 'weekday': 'Mercoledì'},
           {'date': '2025-09-25', 'weekday': 'Giovedì'},
           {'date': '2025-09-26', 'weekday': 'Venerdì'},
           {'date': '2025-09-27', 'weekday': 'Sabato'},
           {'date': '2025-09-28', 'weekday': 'Domenica'},
           {'date': '2025-09-29', 'weekday': 'Lunedì'},
           {'date': '2025-09-30', 'weekday': 'Martedì'},
           {'date': '2025-10-01', 'weekday': 'Mercoledì'},
           {'date': '2025-10-02', 'weekday': 'Giovedì'},
           {'date': '2025-10-03', 'weekday': 'Venerdì'},
           {'date': '2025-10-04', 'weekday': 'Sabato'},
           {'date': '2025-10-05', 'weekday': 'Domenica'},
           {'date': '2025-10-06', 'weekday': 'Lunedì'},
           {'date': '2025-10-07', 'weekday': 'Martedì'},
           {'date': '2025-10-08', 'weekday': 'Mercoledì'},
           {'date': '2025-10-09', 'weekday': 'Giovedì'},
           {'date': '2025-10-10', 'weekday': 'Venerdì'},
           {'date': '2025-10-11', 'weekday': 'Sabato'},
           {'date': '2025-10-12', 'weekday': 'Domenica'},
           {'date': '2025-10-13', 'weekday': 'Lunedì'},
           {'date': '2025-10-14', 'weekday': 'Martedì'},
           {'date': '2025-10-15', 'weekday': 'Mercoledì'},
           {'date': '2025-10-16', 'weekday': 'Giovedì'},
           {'date': '2025-10-17', 'weekday': 'Venerdì'},
           {'date': '2025-10-18', 'weekday': 'Sabato'},
           {'date': '2025-10-19', 'weekday': 'Domenica'},
           {'date': '2025-10-20', 'weekday': 'Lunedì'},
           {'date': '2025-10-21', 'weekday': 'Martedì'},
           {'date': '2025-10-22', 'weekday': 'Mercoledì'},
           {'date': '2025-10-23', 'weekday': 'Giovedì'},
           {'date': '2025-10-24', 'weekday': 'Venerdì'},
           {'date': '2025-10-25', 'weekday': 'Sabato'},
           {'date': '2025-10-26', 'weekday': 'Domenica'},
           {'date': '2025-10-27', 'weekday': 'Lunedì'},
           {'date': '2025-10-28', 'weekday': 'Martedì'},
           {'date': '2025-10-29', 'weekday': 'Mercoledì'},
           {'date': '2025-10-30', 'weekday': 'Giovedì'},
           {'date': '2025-10-31', 'weekday': 'Venerdì'},
           {'date': '2025-11-01', 'weekday': 'Sabato'},
           {'date': '2025-11-02', 'weekday': 'Domenica'},
           {'date': '2025-11-03', 'weekday': 'Lunedì'},
           {'date': '2025-11-04', 'weekday': 'Martedì'},
           {'date': '2025-11-05', 'weekday': 'Mercoledì'},
           {'date': '2025-11-06', 'weekday': 'Giovedì'},
           {'date': '2025-11-07', 'weekday': 'Venerdì'},
           {'date': '2025-11-08', 'weekday': 'Sabato'},
           {'date': '2025-11-09', 'weekday': 'Domenica'},
           {'date': '2025-11-10', 'weekday': 'Lunedì'},
           {'date': '2025-11-11', 'weekday': 'Martedì'},
           {'date': '2025-11-12', 'weekday': 'Mercoledì'},
           {'date': '2025-11-13', 'weekday': 'Giovedì'},
           {'date': '2025-11-14', 'weekday': 'Venerdì'},
           {'date': '2025-11-15', 'weekday': 'Sabato'},
           {'date': '2025-11-16', 'weekday': 'Domenica'},
           {'date': '2025-11-17', 'weekday': 'Lunedì'},
           {'date': '2025-11-18', 'weekday': 'Martedì'},
           {'date': '2025-11-19', 'weekday': 'Mercoledì'},
           {'date': '2025-11-20', 'weekday': 'Giovedì'},
           {'date': '2025-11-21', 'weekday': 'Venerdì'},
           {'date': '2025-11-22', 'weekday': 'Sabato'},
           {'date': '2025-11-23', 'weekday': 'Domenica'},
           {'date': '2025-11-24', 'weekday': 'Lunedì'},
           {'date': '2025-11-25', 'weekday': 'Martedì'},
           {'date': '2025-11-26', 'weekday': 'Mercoledì'},
           {'date': '2025-11-27', 'weekday': 'Giovedì'},
           {'date': '2025-11-28', 'weekday': 'Venerdì'},
           {'date': '2025-11-29', 'weekday': 'Sabato'},
           {'date': '2025-11-30', 'weekday': 'Domenica'},
           {'date': '2025-12-01', 'weekday': 'Lunedì'},
           {'date': '2025-12-02', 'weekday': 'Martedì'},
           {'date': '2025-12-03', 'weekday': 'Mercoledì'},
           {'date': '2025-12-04', 'weekday': 'Giovedì'},
           {'date': '2025-12-05', 'weekday': 'Venerdì'},
           {'date': '2025-12-06', 'weekday': 'Sabato'},
           {'date': '2025-12-07', 'weekday': 'Domenica'},
           {'date': '2025-12-08', 'weekday': 'Lunedì'},
           {'date': '2025-12-09', 'weekday': 'Martedì'},
           {'date': '2025-12-10', 'weekday': 'Mercoledì'},
           {'date': '2025-12-11', 'weekday': 'Giovedì'},
           {'date': '2025-12-12', 'weekday': 'Venerdì'},
           {'date': '2025-12-13', 'weekday': 'Sabato'},
           {'date': '2025-12-14', 'weekday': 'Domenica'},
           {'date': '2025-12-15', 'weekday': 'Lunedì'},
           {'date': '2025-12-16', 'weekday': 'Martedì'},
           {'date': '2025-12-17', 'weekday': 'Mercoledì'},
           {'date': '2025-12-18', 'weekday': 'Giovedì'},
           {'date': '2025-12-19', 'weekday': 'Venerdì'},
           {'date': '2025-12-20', 'weekday': 'Sabato'},
           {'date': '2025-12-21', 'weekday': 'Domenica'},
           {'date': '2025-12-22', 'weekday': 'Lunedì'},
           {'date': '2025-12-23', 'weekday': 'Martedì'},
           {'date': '2025-12-24', 'weekday': 'Mercoledì'},
           {'date': '2025-12-25', 'weekday': 'Giovedì'},
           {'date': '2025-12-26', 'weekday': 'Venerdì'},
           {'date': '2025-12-27', 'weekday': 'Sabato'},
           {'date': '2025-12-28', 'weekday': 'Domenica'},
           {'date': '2025-12-29', 'weekday': 'Lunedì'},
           {'date': '2025-12-30', 'weekday': 'Martedì'},
           {'date': '2025-12-31', 'weekday': 'Mercoledì'},
           {'date': '2026-01-01', 'weekday': 'Giovedì'},
           {'date': '2026-01-02', 'weekday': 'Venerdì'},
           {'date': '2026-01-03', 'weekday': 'Sabato'},
           {'date': '2026-01-04', 'weekday': 'Domenica'},
           {'date': '2026-01-05', 'weekday': 'Lunedì'},
           {'date': '2026-01-06', 'weekday': 'Martedì'},
           {'date': '2026-01-07', 'weekday': 'Mercoledì'},
           {'date': '2026-01-08', 'weekday': 'Giovedì'},
           {'date': '2026-01-09', 'weekday': 'Venerdì'},
           {'date': '2026-01-10', 'weekday': 'Sabato'},
           {'date': '2026-01-11', 'weekday': 'Domenica'},
           {'date': '2026-01-12', 'weekday': 'Lunedì'},
           {'date': '2026-01-13', 'weekday': 'Martedì'},
           {'date': '2026-01-14', 'weekday': 'Mercoledì'},
           {'date': '2026-01-15', 'weekday': 'Giovedì'},
           {'date': '2026-01-16', 'weekday': 'Venerdì'},
           {'date': '2026-01-17', 'weekday': 'Sabato'},
           {'date': '2026-01-18', 'weekday': 'Domenica'},
           {'date': '2026-01-19', 'weekday': 'Lunedì'},
           {'date': '2026-01-20', 'weekday': 'Martedì'},
           {'date': '2026-01-21', 'weekday': 'Mercoledì'},
           {'date': '2026-01-22', 'weekday': 'Giovedì'},
           {'date': '2026-01-23', 'weekday': 'Venerdì'},
           {'date': '2026-01-24', 'weekday': 'Sabato'},
           {'date': '2026-01-25', 'weekday': 'Domenica'},
           {'date': '2026-01-26', 'weekday': 'Lunedì'},
           {'date': '2026-01-27', 'weekday': 'Martedì'},
           {'date': '2026-01-28', 'weekday': 'Mercoledì'},
           {'date': '2026-01-29', 'weekday': 'Giovedì'},
           {'date': '2026-01-30', 'weekday': 'Venerdì'},
           {'date': '2026-01-31', 'weekday': 'Sabato'},
           {'date': '2026-02-01', 'weekday': 'Domenica'},
           {'date': '2026-02-02', 'weekday': 'Lunedì'},
           {'date': '2026-02-03', 'weekday': 'Martedì'},
           {'date': '2026-02-04', 'weekday': 'Mercoledì'},
           {'date': '2026-02-05', 'weekday': 'Giovedì'},
           {'date': '2026-02-06', 'weekday': 'Venerdì'},
           {'date': '2026-02-07', 'weekday': 'Sabato'},
           {'date': '2026-02-08', 'weekday': 'Domenica'},
           {'date': '2026-02-09', 'weekday': 'Lunedì'},
           {'date': '2026-02-10', 'weekday': 'Martedì'},
           {'date': '2026-02-11', 'weekday': 'Mercoledì'},
           {'date': '2026-02-12', 'weekday': 'Giovedì'},
           {'date': '2026-02-13', 'weekday': 'Venerdì'},
           {'date': '2026-02-14', 'weekday': 'Sabato'},
           {'date': '2026-02-15', 'weekday': 'Domenica'},
           {'date': '2026-02-16', 'weekday': 'Lunedì'},
           {'date': '2026-02-17', 'weekday': 'Martedì'},
           {'date': '2026-02-18', 'weekday': 'Mercoledì'},
           {'date': '2026-02-19', 'weekday': 'Giovedì'},
           {'date': '2026-02-20', 'weekday': 'Venerdì'},
           {'date': '2026-02-21', 'weekday': 'Sabato'},
           {'date': '2026-02-22', 'weekday': 'Domenica'},
           {'date': '2026-02-23', 'weekday': 'Lunedì'},
           {'date': '2026-02-24', 'weekday': 'Martedì'},
           {'date': '2026-02-25', 'weekday': 'Mercoledì'},
           {'date': '2026-02-26', 'weekday': 'Giovedì'},
           {'date': '2026-02-27', 'weekday': 'Venerdì'},
           {'date': '2026-02-28', 'weekday': 'Sabato'},
           {'date': '2026-03-01', 'weekday': 'Domenica'},
           {'date': '2026-03-02', 'weekday': 'Lunedì'},
           {'date': '2026-03-03', 'weekday': 'Martedì'},
           {'date': '2026-03-04', 'weekday': 'Mercoledì'},
           {'date': '2026-03-05', 'weekday': 'Giovedì'},
           {'date': '2026-03-06', 'weekday': 'Venerdì'},
           {'date': '2026-03-07', 'weekday': 'Sabato'},
           {'date': '2026-03-08', 'weekday': 'Domenica'},
           {'date': '2026-03-09', 'weekday': 'Lunedì'},
           {'date': '2026-03-10', 'weekday': 'Martedì'},
           {'date': '2026-03-11', 'weekday': 'Mercoledì'},
           {'date': '2026-03-12', 'weekday': 'Giovedì'},
           {'date': '2026-03-13', 'weekday': 'Venerdì'},
           {'date': '2026-03-14', 'weekday': 'Sabato'},
           {'date': '2026-03-15', 'weekday': 'Domenica'},
           {'date': '2026-03-16', 'weekday': 'Lunedì'},
           {'date': '2026-03-17', 'weekday': 'Martedì'},
           {'date': '2026-03-18', 'weekday': 'Mercoledì'},
           {'date': '2026-03-19', 'weekday': 'Giovedì'},
           {'date': '2026-03-20', 'weekday': 'Venerdì'},
           {'date': '2026-03-21', 'weekday': 'Sabato'},
           {'date': '2026
[2026-01-29T18:22:48.861+0000] {docker.py:429} INFO - -03-22', 'weekday': 'Domenica'}],
 'description': 'Al via Camminaparco 2025-2026 : escursioni gratuite per '
                'scoprire la Lessinia tra natura, cultura e inclusione. La '
                'tradizionale rassegna del Parco Naturale Regionale della '
                'Lessinia si terrà dal 20 luglio al 22 marzo ed è stata anche '
                'inserita nelle manifestazioni di Milano-Cortina 2026. Torna '
                'dunque da domenica 20 luglio Camminaparco, la rassegna di '
                'escursioni guidate e gratuite promossa dal Parco Naturale '
                'Regionale della Lessinia per far conoscere il territorio '
                'montano nelle sue diverse sfaccettature. Il calendario si '
                "estenderà fino al 22 marzo 2026, offrendo un'ampia varietà di "
                'proposte dall’estate all’inverno, con itinerari e ciaspolate '
                'sulla neve, che attraversano malghe, contrade, rifugi, musei '
                'e paesaggi mozzafiato all’interno dell’area protetta. '
                'L’iniziativa è parte ufficiale delle manifestazioni legate a '
                'Milano-Cortina 2026 per il settore turismo, confermandosi una '
                'rilevante occasione di valorizzazione del territorio. '
                'Quest’anno saranno due le giornate dedicate all’inclusione, '
                'domenica 7 settembre e sabato 1 novembre. «La montagna alla '
                'portata di tutti» è l’iniziativa per persone con disabilità e '
                'per i loro accompagnatori. Non mancheranno i percorsi più '
                'classici, come l’escursione in occasione della festa di '
                'Podestaria, quella dedicata al «Bramito dei cervi della '
                'Lessinia», il suggestivo richiamo dei cervi maschi durante la '
                'stagione degli amori e «Descargar Montagna», che celebra il '
                'ritorno delle mandrie dagli alpeggi. «Accogliamo con grande '
                'soddisfazione l’inserimento di Camminaparco tra le '
                'manifestazioni ufficiali di Milano-Cortina 2026 per il '
                'settore turismo, insieme ad altri eventi di rilievo - ha '
                'commentato Massimo Sauro, presidente del Parco Naturale '
                'Regionale della Lessinia - Le escursioni guidate '
                'rappresentano un’opportunità preziosa per far conoscere la '
                'ricchezza naturalistica e storica del nostro territorio, ma '
                'anche per valorizzare le piccole realtà imprenditoriali che '
                'lo animano. Dopo il successo dello scorso anno, abbiamo '
                'voluto raddoppiare l’iniziativa "La montagna alla portata di '
                'tutti", con due giornate pensate per rendere la Lessinia '
                'davvero accessibile a tutti». La partecipazione alle '
                'escursioni è gratuita, ma a numero chiuso con prenotazione '
                'obbligatoria sul sito www.altalessinia.com entro il giorno '
                'precedente l’iniziativa, salvo esaurimento posti disponibili. '
                'Si raccomanda abbigliamento e attrezzatura adeguati (k-way, '
                'scarponcini da trekking, maglione o pile, berretto, viveri e '
                'acqua).',
 'image_url': '//citynews-veronasera.stgy.ovh/~media/horizontal-mid/38484352052746/camminaparco-2025.jpg',
 'location_address': 'Piazza Borgo, 52',
 'location_name': 'Parco Naturale Regionale della Lessinia',
 'price': 'Gratis',
 'scraped_at': '2026-01-29T18:22:30.358116',
 'time_info': 'Orario non disponibile',
 'title': 'Camminaparco, tutto il programma di escursioni gratuite per '
          'scoprire la Lessinia',
 'url': 'https://www.veronasera.it/eventi/camminaparco-lessinia-2025.html',
 'uuid': 'ae477db357d42ebe',
 'website': 'https://lessiniapark.it/ritorna-camminaparco-programma-escursioni-dal-20-luglio-al-22-marzo/'}
[2026-01-29T18:22:49.818+0000] {docker.py:429} INFO - 2026-01-29 18:22:49 [scrapy.core.engine] DEBUG: Crawled (200) <GET https://www.veronasera.it/eventi/amarone-opera-prima-30-gennaio-1-febbraio-2026.html> (referer: https://www.veronasera.it/eventi/dal/2026-01-29/al/2026-02-01/)
[2026-01-29T18:22:49.926+0000] {docker.py:429} INFO - 2026-01-29 18:22:49 [scrapy.core.scraper] DEBUG: Scraped from <200 https://www.veronasera.it/eventi/amarone-opera-prima-30-gennaio-1-febbraio-2026.html>
{'category': 'Cibo e Vino',
 'city': 'Verona',
 'content_hash': '423536f4ca2efb23',
 'date_end': '2026-02-01',
 'date_start': '2026-01-30',
 'dates': [{'date': '2026-01-30', 'weekday': 'Venerdì'},
           {'date': '2026-01-31', 'weekday': 'Sabato'},
           {'date': '2026-02-01', 'weekday': 'Domenica'}],
 'description': 'Dopo un’agenda promozionale nel 2025 segnata da 19 eventi '
                'internazionali e 32 appuntamenti itineranti in Italia, il '
                'Consorzio Tutela Vini Valpolicella apre il nuovo anno con '
                'Amarone Opera Prima, la manifestazione dedicata alla '
                'presentazione dell’annata 2021 del grande Rosso veneto, in '
                "programma a Verona dal 30 gennaio all'1 febbraio 2026. «La "
                '22esima edizione testimonia un passaggio simbolico per la '
                'città e per il Paese - dichiara il presidente del Consorzio, '
                'Christian Marchesini -. Da un lato la cucina italiana '
                'riconosciuta patrimonio immateriale dell’Unesco, dall’altro '
                'l’avvicinarsi delle Olimpiadi invernali Milano Cortina 2026, '
                'che vedranno Verona protagonista della cerimonia di chiusura '
                'e dell’apertura delle Paralimpiadi. In questo contesto, '
                'l’Amarone diventa il trait d’union di un racconto collettivo '
                'identitario». E proprio per lasciare spazio agli eventi '
                'olimpici ufficiali, Amarone Opera Prima 2026 cambia la sede '
                'degli appuntamenti in calendario. Il programma si apre '
                'venerdì 30 gennaio alle ore 11 alle Gallerie Mercatali di '
                'Veronafiere con la masterclass condotta da JC Viens, dal '
                'titolo “Back to the Future – Valpolicella 2030: Europe’s Most '
                'Advanced Case Study in Regional Reinvention”, per far '
                'emergere la Valpolicella come caso di studio tra i più '
                'avanzati in Europa in materia di reinvenzione, dove le '
                'pratiche storiche incontrano l’innovazione, con uno sguardo '
                'al futuro del vino nel contesto enologico europeo. La '
                'manifestazione prosegue sabato 31 gennaio alle ore 10.30, '
                'all’auditorium Riccardo Borghero della Camera di Commercio '
                '(Corso Porta Nuova 96), con l’intervento del presidente '
                'Marchesini e la presentazione dell’annata seguiti da “Amarone '
                'da podio con la Cucina italiana e le Olimpiadi”, il talk che '
                'mette a confronto mondi diversi ma connessi. A discuterne '
                'Maddalena Fossati, direttore de La Cucina Italiana, ideatrice '
                'della candidatura Unesco e presidente del Comitato promotore, '
                'Deborah Compagnoni, leggenda dello sport, unica vincitrice di '
                '3 ori e 1 argento olimpici, 3 ori mondiali e 1 coppa del '
                'mondo in slalom gigante e ambassador delle Olimpiadi e '
                'Paralimpiadi di Milano Cortina 2026, e Cristina Bowerman, '
                'chef di Glass Hostaria a Roma, 1 stella Michelin e due '
                'Forchette Gambero Rosso. A conclusione, dalle 12.30, al via '
                'ai banchi di degustazione alle Gallerie Mercatali anche per '
                'gli Amarone lover a partire dalle 16, con possibilità di '
                'degustazione anche domenica 1 febbraio dalle 10 alle 17, fino '
                'al closing party serale (dalle 19 alle 24). Informazioni e '
                'contatti:',
 'image_url': '//citynews-veronasera.stgy.ovh/~media/horizontal-mid/55439329875747/uva-vigneto-uva-vino-foto-ufficio-stampa-amarone-opera-prima.jpg',
 'location_address': 'Viale del Lavoro, 11',
 'location_name': 'Gallerie Mercatali',
 'price': 'A partire da 42 euro',
 'scraped_at': '2026-01-29T18:22:30.357517',
 'time_info': "Apertura al pubblico il 31 gennaio ore 16-19 e l'1 febbraio ore "
              '10-17',
 'title': 'Amarone Opera Prima',
 'url': 'https://www.veronasera.it/eventi/amarone-opera-prima-30-gennaio-1-febbraio-2026.html',
 'uuid': '4b87c5686e0e78c9',
 'website': 'https://www.consorziovalpolicella.it'}
[2026-01-29T18:22:52.448+0000] {docker.py:429} INFO - 2026-01-29 18:22:52 [scrapy.core.engine] DEBUG: Crawled (200) <GET https://www.veronasera.it/eventi/san-valentino-love-workshop-speak-and-spritz-1-febbraio-2026.html> (referer: https://www.veronasera.it/eventi/dal/2026-01-29/al/2026-02-01/)
[2026-01-29T18:22:52.557+0000] {docker.py:429} INFO - 2026-01-29 18:22:52 [scrapy.core.scraper] DEBUG: Scraped from <200 https://www.veronasera.it/eventi/san-valentino-love-workshop-speak-and-spritz-1-febbraio-2026.html>
{'category': 'Hobby',
 'city': 'Verona',
 'content_hash': 'ac694b51cff087a8',
 'date_end': '2026-02-01',
 'date_start': '2026-02-01',
 'dates': [{'date': '2026-02-01', 'weekday': 'Domenica'}],
 'description': 'Cosa c’è di più bello che creare con le proprie mani un '
                'oggetto unico, da regalare (o regalarsi) per San Valentino? '
                'Durante questo workshop potrai dipingere una tazza o un '
                'piattino in argilla, decorandoli con cuoricini, messaggi '
                'd’amore o semplicemente seguendo la tua creatività. Un '
                'momento creativo, rilassante e divertente da condividere con '
                'la tua metà, un’amica, tua mamma…o anche solo per conto tuo. '
                'Guidati da Martina, ceramista esperta, scoprirai tecniche '
                'semplici ma d’effetto per decorare la ceramica e dare vita a '
                'un pezzo davvero personale. 🥂 Calice di vino incluso per '
                'brindare all’amore in tutte le sue forme. 🎁 Dopo il workshop '
                'Il tuo pezzo verrà smaltato e cotto in forno professionale. '
                'Dopo circa 10 giorni potrai ritirarlo, pronto per essere '
                'usato o regalato (giusto in tempo per San Valentino!) 📅 '
                'Domenica 1 febbraio | ore 16 – 18 📍 Hygge Hive – Vicolo '
                'Fossetto 3C, Verona 💶 Prezzi: • 25 euro un piattino • 45 euro '
                'due piattini • 35 euro una tazza • 65 euro due tazze '
                'Materiali, cottura e calice di vino inclusi. 💌 Workshop '
                'all’interno del Mini Love Market – Around the World ✉️ '
                'Prenotazione obbligatoria: hello@hyggehive.it | 345 840 0476 '
                'Biglietti su: https://dipingisanvalentino.eventbrite.it Posti '
                'limitati – crea e porta a casa un ricordo fatto con amore.',
 'image_url': '//citynews-veronasera.stgy.ovh/~media/horizontal-mid/2595781156486/dipingi-la-tua-tazza-o-piattino-di-san-valentino-love-workshop.png',
 'location_address': 'Vicolo Fossetto, 3c',
 'location_name': 'Hygge Hive',
 'price': '25 euro',
 'scraped_at': '2026-01-29T18:22:30.357031',
 'time_info': 'ore 16',
 'title': 'Love Workshop: dipingi la tua tazza o piattino di San Valentino',
 'url': 'https://www.veronasera.it/eventi/san-valentino-love-workshop-speak-and-spritz-1-febbraio-2026.html',
 'uuid': '743fdba3fa89e4d3',
 'website': 'https://dipingisanvalentino.eventbrite.it'}
[2026-01-29T18:22:53.031+0000] {docker.py:429} INFO - 2026-01-29 18:22:53 [scrapy.core.engine] DEBUG: Crawled (200) <GET https://www.veronasera.it/eventi/mini-love-market-around-the-world-hygge-hive-1-febbraio-2026.html> (referer: https://www.veronasera.it/eventi/dal/2026-01-29/al/2026-02-01/)
[2026-01-29T18:22:53.144+0000] {docker.py:429} INFO - 2026-01-29 18:22:53 [scrapy.core.scraper] DEBUG: Scraped from <200 https://www.veronasera.it/eventi/mini-love-market-around-the-world-hygge-hive-1-febbraio-2026.html>
{'category': 'Mercatini',
 'city': 'Verona',
 'content_hash': '7c30cb9edea5cb80',
 'date_end': '2026-02-01',
 'date_start': '2026-02-01',
 'dates': [{'date': '2026-02-01', 'weekday': 'Domenica'}],
 'description': 'Cerchi un regalo di San Valentino originale? O semplicemente '
                'un modo diverso per celebrare l’amore…in tutte le sue forme? '
                'Domenica 1 febbraio Hygge Hive si trasforma in un piccolo '
                'mondo di prodotti handmade, musica e good vibes, nel cuore di '
                'San Zeno. Cosa troverai: 🎁 Prodotti fatti a mano, perfetti '
                'per regali speciali (per partner, amiche, famiglia… o per '
                'te!) 🍵 Drink & tisane per scaldare l’atmosfera 🎶 Music & '
                'vibes all day long 🌍 Creazioni da tutto il mondo Love '
                'Workshop: 10.30–12.00 → Crea un portafoto in argilla (18 '
                'euro) 16.00–18.00 → Dipingi un piattino o una tazza (da 25 '
                'euro) Vieni con chi vuoi: la tua metà, un’amica, tua mamma, o '
                'regalati un momento creativo tutto per te. Perché l’amore non '
                'è solo romantico — è amicizia, famiglia, cura di sé. 🗓 '
                'Domenica 1 febbraio | ore 9–19 📍 Hygge Hive – Vicolo Fossetto '
                '3C, Verona 🎟 Ingresso libero e gratuito ✉️ Prenotazione '
                'obbligatoria per i workshop: hello@hyggehive.it | 345 840 '
                '0476 Passa anche solo per curiosare: le idee migliori nascono '
                'quando meno te lo aspetti.',
 'image_url': '//citynews-veronasera.stgy.ovh/~media/horizontal-mid/6912787706078/mini-love-market-around-the-world.png',
 'location_address': 'Vicolo Fossetto, 3c',
 'location_name': 'Hygge Hive',
 'price': 'Gratis',
 'scraped_at': '2026-01-29T18:22:30.356475',
 'time_info': 'ore 9-19',
 'title': 'Mini love market – Around the world',
 'url': 'https://www.veronasera.it/eventi/mini-love-market-around-the-world-hygge-hive-1-febbraio-2026.html',
 'uuid': 'd1c96b8a26fbe057',
 'website': 'https://hyggehive.it'}
[2026-01-29T18:22:54.299+0000] {docker.py:429} INFO - 2026-01-29 18:22:54 [scrapy.core.engine] DEBUG: Crawled (200) <GET https://www.veronasera.it/eventi/antichita-parlanti-visita-museo-lapidario-1-febbraio-2026.html> (referer: https://www.veronasera.it/eventi/dal/2026-01-29/al/2026-02-01/)
[2026-01-29T18:22:54.412+0000] {docker.py:429} INFO - 2026-01-29 18:22:54 [scrapy.core.scraper] DEBUG: Scraped from <200 https://www.veronasera.it/eventi/antichita-parlanti-visita-museo-lapidario-1-febbraio-2026.html>
{'category': 'Turismo',
 'city': 'Verona',
 'content_hash': 'f0dd43ed9e77656f',
 'date_end': '2026-02-01',
 'date_start': '2026-02-01',
 'dates': [{'date': '2026-02-01', 'weekday': 'Domenica'}],
 'description': 'Nato in un giardino, come curioso ingresso ad un teatro. È il '
                "più antico museo d'Europa, ma anche il meno visitato di "
                'Verona. Il suo fondatore le definiva "antichità parlanti". '
                "Raccoglie le tracce piu' antiche dei primi uomini che "
                'abitarono questi luoghi, prima di Etruschi e Romani. Qui vi '
                "si aggiro' Mozart adolescente e qui, pochi anni dopo, "
                "l'immagine di un cane colpi' Goethe che ne scrisse ammirato. "
                'Racconta la vita degli antichi attraverso il ricordo dei '
                'morti. Oggi è , letteralmente, una…pietra miliare nella '
                'storia dei musei. Fu il pulpito del più partecipato comizio '
                'politico a Verona. E da qui potrete guardare piazza Bra da '
                'una posizione insolita. Domenica 1 febbraio ore 10, visita al '
                'Museo Lapidario Maffeiano. Appuntamento in piazza Bra, angolo '
                "via Roma. Costo:12 euro, incluso l'ingresso al Museo "
                'Lapidario e noleggio delle radio che saranno utilizzate '
                'durante la visita. Prenotazione obbligatoria per mail '
                'info@infoverona.it o whatsapp 329 3123991 .',
 'image_url': '//citynews-veronasera.stgy.ovh/~media/horizontal-mid/10757459800497/antichita-parlanti-ascolta-le-pietre-al-museo-lapidario-2.jpg',
 'location_address': 'Piazza Bra',
 'location_name': 'Museo Lapidario Maffeiano',
 'price': '12 euro',
 'scraped_at': '2026-01-29T18:22:30.356028',
 'time_info': 'ore 10',
 'title': '"Antichità parlanti, ascolta le pietre al Museo Lapidario"',
 'url': 'https://www.veronasera.it/eventi/antichita-parlanti-visita-museo-lapidario-1-febbraio-2026.html',
 'uuid': 'db45896780240b77',
 'website': 'https://www.facebook.com/ippogrifoguide'}
[2026-01-29T18:22:55.048+0000] {docker.py:429} INFO - 2026-01-29 18:22:55 [scrapy.core.engine] DEBUG: Crawled (200) <GET https://www.veronasera.it/eventi/trame-impresa-storie-identita-che-cambia-31-gennaio-2026.html> (referer: https://www.veronasera.it/eventi/dal/2026-01-29/al/2026-02-01/)
[2026-01-29T18:22:55.162+0000] {docker.py:429} INFO - 2026-01-29 18:22:55 [scrapy.core.scraper] DEBUG: Scraped from <200 https://www.veronasera.it/eventi/trame-impresa-storie-identita-che-cambia-31-gennaio-2026.html>
{'category': 'Incontri',
 'city': 'Verona',
 'content_hash': '73a8040df77a09fc',
 'date_end': '2026-01-31',
 'date_start': '2026-01-31',
 'dates': [{'date': '2026-01-31', 'weekday': 'Sabato'}],
 'description': 'Prosegue sabato 31 gennaio, dalle 17 presso il Centro '
                'polifunzionale "Loris Doriano Romano" di Villa Bartolomea '
                '(VR), la presentazione della mostra itinerante “Trame '
                "d'impresa - Storie di una identità che cambia”, talk dedicato "
                'all’evoluzione del territorio di Villa Bartolomea, da zona a '
                'forte vocazione agricola a luogo di sperimentazione '
                'cooperativa e sviluppo industriale nel settore '
                'metalmeccanico. Ospite speciale la Cooperativa Agricola '
                "A.C.L.I, che è ancora specchio dell'importanza della ruralità "
                'in questo territorio, con la quale si analizzerà il processo '
                "di transizione verso l'innovazione tecnologica, rappresentata "
                "nell'incontro dalla testimonianza di DMZ.",
 'image_url': '//citynews-veronasera.stgy.ovh/~media/horizontal-mid/41315031423437/trame-d-impresa-storie-di-una-identita-che-cambia-2.jpg',
 'location_address': 'Via Oratorio, 2',
 'location_name': 'Centro polifunzionale "Loris Doriano Romano"',
 'price': 'Gratis',
 'scraped_at': '2026-01-29T18:22:30.355252',
 'time_info': 'ore 17',
 'title': '"Trame d\'impresa: storie di una identità che cambia"',
 'url': 'https://www.veronasera.it/eventi/trame-impresa-storie-identita-che-cambia-31-gennaio-2026.html',
 'uuid': '2a3e6489d799d0e2',
 'website': 'https://www.ecomuseoaquaeplanae.it/'}
[2026-01-29T18:22:56.920+0000] {docker.py:429} INFO - 2026-01-29 18:22:56 [scrapy.core.engine] DEBUG: Crawled (200) <GET https://www.veronasera.it/eventi/gigi-mardegan-finche-ce-prosecco-31-gennaio-2026.html> (referer: https://www.veronasera.it/eventi/dal/2026-01-29/al/2026-02-01/)
[2026-01-29T18:22:57.033+0000] {docker.py:429} INFO - 2026-01-29 18:22:57 [scrapy.core.scraper] DEBUG: Scraped from <200 https://www.veronasera.it/eventi/gigi-mardegan-finche-ce-prosecco-31-gennaio-2026.html>
{'category': 'Teatri',
 'city': 'Verona',
 'content_hash': '29b965f98f6aee16',
 'date_end': '2026-01-31',
 'date_start': '2026-01-31',
 'dates': [{'date': '2026-01-31', 'time_start': '21:15', 'weekday': 'Sabato'}],
 'description': 'Sabato 31 gennaio ore 21.15, Gigi Mardegan presenta: "Finché '
                'c\'è prosecco..." di Fulvio Ervas. Un evento cult che '
                'incrocia letteratura, cinema e teatro, portato in scena da '
                'Gigi Mardegan della compagnia Il Satiro. Che ci fa un matto '
                'in cimitero tra le colline del Prosecco? Racconta la vita di '
                'un grande vignaiolo, il conte Desiderio Ancillotto. Perché, '
                'forse, solo un matto come Isacco Pitusso può cogliere, '
                'dialogando con i morti, il fluire del tempo, le cose che sono '
                'cambiate ma anche i valori che i grandi uomini portano con sé '
                'e lasciamo come semi fecondi. Una storia teatrale dove si '
                'ragione, si ricorda, si ride, ci si emoziona perché l’amore '
                'per la terra è amore per la vita, perché il buon vino esige '
                'arte e l’arte mette le bollicine ai pensieri. Biglietti '
                'disponibili presso la cassa del Teatro S. Teresa a partire '
                'dalle 20.30 del giorno dello spettacolo oppure on line al '
                'link: https://ticket.cinebot.it/.../2353_finche-c-e-prosecco '
                '.',
 'image_url': '//citynews-veronasera.stgy.ovh/~media/horizontal-mid/68832758537463/gigi-mardegan-in-finche-c-e-prosecco-al-teatro-s-teresa.png',
 'location_address': 'Via Molinara, 23',
 'location_name': 'Teatro Santa Teresa',
 'price': '10 euro, 8 euro',
 'scraped_at': '2026-01-29T18:22:30.354797',
 'time_info': 'ore 21.15',
 'title': 'Gigi Mardegan in "Finché c\'è prosecco..." al Teatro Santa Teresa',
 'url': 'https://www.veronasera.it/eventi/gigi-mardegan-finche-ce-prosecco-31-gennaio-2026.html',
 'uuid': 'a9b00d5d7915769d',
 'website': 'https://ticket.cinebot.it/s.teresa/evento/2353_finche-c-e-prosecco'}
[2026-01-29T18:22:57.748+0000] {docker.py:429} INFO - 2026-01-29 18:22:57 [scrapy.core.engine] DEBUG: Crawled (200) <GET https://www.veronasera.it/eventi/migliori-anni-80-concerto-monia-the-saints-band-31-gennaio-2026.html> (referer: https://www.veronasera.it/eventi/dal/2026-01-29/al/2026-02-01/)
[2026-01-29T18:22:57.857+0000] {docker.py:429} INFO - 2026-01-29 18:22:57 [scrapy.core.scraper] DEBUG: Scraped from <200 https://www.veronasera.it/eventi/migliori-anni-80-concerto-monia-the-saints-band-31-gennaio-2026.html>
{'category': 'Concerti',
 'city': 'Verona',
 'content_hash': '72e83a58444654a7',
 'date_end': '2026-01-31',
 'date_start': '2026-01-31',
 'dates': [{'date': '2026-01-31', 'time_start': '21:30', 'weekday': 'Sabato'}],
 'description': 'Sabato 31 gennaio dalle ore 21.30 allo Stone Rose di Negrar '
                "sbarcano i favolosi anni '80: Monia & The Saints Band è una "
                'band che unisce energia, eleganza e grande passione musicale. '
                'Guidata dalla voce intensa e carismatica di Monia, la band '
                'propone uno spettacolo coinvolgente capace di emozionare e '
                'far vibrare il pubblico fin dalle prime note. La band è '
                'composta da musicisti affiatati e di grande esperienza: '
                'Franco Dal Mas alle tastiere, Marco Riolfi alla chitarra, '
                'Barbara Dal Frà alla batteria e Alberto Miccoli al basso. '
                'Insieme costruiscono un sound solido, dinamico e ricco di '
                'sfumature, dove groove, potenza ed eleganza convivono in '
                'perfetto equilibrio. Il repertorio spazia tra grandi classici '
                'rivisitati e brani intramontabili, con arrangiamenti curati e '
                'uno stile raffinato che si adatta perfettamente a concerti '
                'live, eventi, festival e serate speciali. L’intesa tra i '
                'musicisti e l’attenzione per i dettagli rendono ogni '
                'esibizione unica, autentica e ricca di personalità. Monia & '
                'The Saints Band non è solo musica, ma un’esperienza: un '
                'viaggio sonoro fatto di groove, anima e cuore, capace di '
                'creare un legame diretto con il pubblico e lasciare il segno. '
                'Porta sul palco un sound pop elegante e moderno, fatto di '
                'grandi melodie, ritmo e immediatezza. Una band affiatata e '
                'una voce carismatica rendono ogni esibizione fresca, '
                'coinvolgente e perfetta per far cantare e muovere il '
                'pubblico, senza rinunciare alla qualità musicale. Monia & The '
                'Saints Band è un progetto musicale multigenere che fonde '
                'l’energia del rock, l’anima del soul, l’immediatezza del pop '
                'e la raffinatezza del jazz. Al centro, la voce carismatica e '
                'intensa di Monia, capace di adattarsi con naturalezza a stili '
                'diversi mantenendo sempre una forte identità. La band propone '
                'live coinvolgenti e dinamici, costruiti su arrangiamenti '
                'curati, groove potenti e momenti di grande emozione. Ogni '
                'esibizione è un viaggio sonoro che alterna forza ed eleganza, '
                'ritmo e profondità, creando un dialogo autentico con il '
                'pubblico. Versatili e affiatati, Monia & The Saints Band si '
                'adattano a palchi, eventi e contesti diversi, trasformando '
                'ogni concerto in un’esperienza unica, ricca di personalità e '
                'anima. Per info e prenotazioni: 045 2225356 - 335 6415172',
 'image_url': '//citynews-veronasera.stgy.ovh/~media/horizontal-mid/10586746366652/i-migliori-anni-80-allo-stone-rose-con-monia-the-saints-band.jpg',
 'location_address': 'Via Quintarelli, 2',
 'location_name': 'Stone Rose',
 'price': 'Gratis',
 'scraped_at': '2026-01-29T18:22:30.354001',
 'time_info': 'ore 21.30',
 'title': "I migliori anni '80 allo Stone Rose con Monia & the Saints Band",
 'url': 'https://www.veronasera.it/eventi/migliori-anni-80-concerto-monia-the-saints-band-31-gennaio-2026.html',
 'uuid': 'f8d3d8c750eaa84c'}
[2026-01-29T18:22:58.736+0000] {docker.py:429} INFO - 2026-01-29 18:22:58 [scrapy.core.engine] DEBUG: Crawled (200) <GET https://www.veronasera.it/eventi/degustazione-verticale-amarone-31-gennaio-2026.html> (referer: https://www.veronasera.it/eventi/dal/2026-01-29/al/2026-02-01/)
[2026-01-29T18:22:58.843+0000] {docker.py:429} INFO - 2026-01-29 18:22:58 [scrapy.core.scraper] DEBUG: Scraped from <200 https://www.veronasera.it/eventi/degustazione-verticale-amarone-31-gennaio-2026.html>
{'category': 'Cibo e Vino',
 'city': 'Verona',
 'content_hash': 'd749ae0bb179ea05',
 'date_end': '2026-01-31',
 'date_start': '2026-01-31',
 'dates': [{'date': '2026-01-31', 'weekday': 'Sabato'}],
 'description': 'Un viaggio sensoriale attraverso quattro diverse annate in '
                'botte lungo l’evoluzione del Re della Valpolicella fino alla '
                'sua versione compiuta in bottiglia come Riserva invecchiata '
                'di 10 anni. Annate in degustazione: Il classico Risotto '
                'all’Amarone chiuderà la serata. Relatore: Enologo Alessandro '
                'Tacconi Contributo serata: 50 euro. Posti limitati – '
                'Prenotazione obbligatoria 3351414270 (WhatsApp). Data: Sabato '
                '31 gennaio 2026 Orario: ore 20. Luogo: Museo del Vino Villa '
                'Canestrari – Via Castello 20, Illasi (VR).',
 'image_url': '//citynews-veronasera.stgy.ovh/~media/horizontal-mid/50250052281612/degustazione-verticale-di-amarone-al-museo-del-vino.jpg',
 'location_address': 'Via Castello, 20',
 'location_name': 'Museo del Vino Villa Canestrari',
 'price': 'Prezzo non disponibile',
 'scraped_at': '2026-01-29T18:22:30.353461',
 'time_info': 'ore 20',
 'title': 'Degustazione Verticale di Amarone al Museo del Vino',
 'url': 'https://www.veronasera.it/eventi/degustazione-verticale-amarone-31-gennaio-2026.html',
 'uuid': 'c5fa40c34704fc62'}
[2026-01-29T18:22:59.876+0000] {docker.py:429} INFO - 2026-01-29 18:22:59 [scrapy.core.engine] DEBUG: Crawled (200) <GET https://www.veronasera.it/eventi/passeggiata-dalla-valle-alla-villa-1-febbraio-2026.html> (referer: https://www.veronasera.it/eventi/dal/2026-01-29/al/2026-02-01/)
[2026-01-29T18:22:59.982+0000] {docker.py:429} INFO - 2026-01-29 18:22:59 [scrapy.core.scraper] DEBUG: Scraped from <200 https://www.veronasera.it/eventi/passeggiata-dalla-valle-alla-villa-1-febbraio-2026.html>
{'category': 'Turismo',
 'city': 'Verona',
 'content_hash': '045116757410c6dc',
 'date_end': '2026-02-01',
 'date_start': '2026-02-01',
 'dates': [{'date': '2026-02-01', 'weekday': 'Domenica'}],
 'description': 'Per la prima domenica di febbraio, in occasione della Fiera '
                'Agricola di San Biagio, viene proposta dalle ore 9 la '
                'coinvolgente esperienza della Passeggiata dalla Valle alla '
                'Villa, che va ad esplorare in un percorso di circa 7 km il '
                'cuore autentico del territorio di Bovolone, tra natura, '
                'storia e spiritualità, passando dal Parco Valle del Menago '
                "alla quiete del Palazzo Vescovile. Il costo dell'esperienza è "
                'di 5 euro a persona.',
 'image_url': '//citynews-veronasera.stgy.ovh/~media/horizontal-mid/9949810504628/passeggiata-dalla-valle-alla-villa-2.jpg',
 'location_address': 'Piazzale Aldo Moro',
 'location_name': 'Fiera Agricola di San Biagio',
 'price': 'Gratis',
 'scraped_at': '2026-01-29T18:22:30.353039',
 'time_info': 'ore 9',
 'title': '"Passeggiata dalla Valle alla Villa"',
 'url': 'https://www.veronasera.it/eventi/passeggiata-dalla-valle-alla-villa-1-febbraio-2026.html',
 'uuid': '3af2f646b2f474a7',
 'website': 'https://www.ecomuseoaquaeplanae.it/'}
[2026-01-29T18:23:01.761+0000] {docker.py:429} INFO - 2026-01-29 18:23:01 [scrapy.core.engine] DEBUG: Crawled (200) <GET https://www.veronasera.it/eventi/biancaneve-non-aprite-quella-porta-1-febbraio-2026.html> (referer: https://www.veronasera.it/eventi/dal/2026-01-29/al/2026-02-01/)
[2026-01-29T18:23:01.869+0000] {docker.py:429} INFO - 2026-01-29 18:23:01 [scrapy.core.scraper] DEBUG: Scraped from <200 https://www.veronasera.it/eventi/biancaneve-non-aprite-quella-porta-1-febbraio-2026.html>
{'category': 'Teatri',
 'city': 'Verona',
 'content_hash': '85f551be0ffb22c0',
 'date_end': '2026-02-01',
 'date_start': '2026-02-01',
 'dates': [{'date': '2026-02-01',
            'time_start': '16:30',
            'weekday': 'Domenica'}],
 'description': 'Il giorno 1 febbraio 2026 una favola rivisitata al Teatro '
                'Stimate a Verona. Ironico e divertente, lo spettacolo mostra '
                'una Biancaneve un po’ diversa, forse meno dolce e romantica, '
                'ma che appassiona per la sua sbadataggine. I bambini '
                'ritroveranno i celebri personaggi della fiaba dei Grimm: i '
                'sette nani, la regina cattiva, il cacciatore e un principe '
                'speciale, in un “divertissement” teatrale tra comicità e '
                'sorpresa. Età consigliata da 5 anni Informazioni: → '
                '045/8001471 (dal lunedì al venerdì) – '
                'fondazione@fondazioneaida.it → 346 1847783 solo il giorno '
                'dello spettacolo dalle 9.30 alle 12.30 e da un’ora prima '
                'dell’inizio della rappresentazione.',
 'image_url': '//citynews-veronasera.stgy.ovh/~media/horizontal-mid/22498473494856/biancaneve-non-aprite-quella-porta.jpg',
 'location_address': 'Via Carlo Montanari, 1',
 'location_name': 'Teatro Stimate',
 'price': 'Ridotto e convenzionati 6 euro, intero 7 euro.',
 'scraped_at': '2026-01-29T18:22:30.352564',
 'time_info': 'ore 16.30',
 'title': '"Biancaneve. Non aprite quella porta!"',
 'url': 'https://www.veronasera.it/eventi/biancaneve-non-aprite-quella-porta-1-febbraio-2026.html',
 'uuid': '2e364d7d7d101327',
 'website': 'https://www.fondazioneaida.it/rassegna/eventi-spettacoli-famiglie-a-teatro-2025-26-verona/'}
[2026-01-29T18:23:03.279+0000] {docker.py:429} INFO - 2026-01-29 18:23:03 [scrapy.core.engine] DEBUG: Crawled (200) <GET https://www.veronasera.it/eventi/santa-anastasia-visita-basilica-1-febbraio-2026.html> (referer: https://www.veronasera.it/eventi/dal/2026-01-29/al/2026-02-01/)
[2026-01-29T18:23:03.385+0000] {docker.py:429} INFO - 2026-01-29 18:23:03 [scrapy.core.scraper] DEBUG: Scraped from <200 https://www.veronasera.it/eventi/santa-anastasia-visita-basilica-1-febbraio-2026.html>
{'category': 'Turismo',
 'city': 'Verona',
 'content_hash': 'e6669e06f35c17f1',
 'date_end': '2026-02-01',
 'date_start': '2026-02-01',
 'dates': [{'date': '2026-02-01', 'weekday': 'Domenica'}],
 'description': 'Costruita in mezzo alla strada, anziché a fianco come tutte '
                'le altre chiese. Fu il più grande cantiere di Verona agli '
                'inizi del ‘300, ma non fu mai terminata. Intitolata ad una '
                'chiesa che non esiste più, ma dedicata ad un patrono che '
                'nessuno voleva. E’ la Notre-Dame gotica di Verona e non a '
                'caso ospita un gobbo…anzi, due. Vi furono sepolti i primi '
                'discendenti di Dante, che tuttavia avrebbero preferito '
                'un’altra chiesa. Incompiuta, però completamente affrescata. '
                'Contiene il capolavoro assoluto di Pisanello, ma è difficile '
                'da trovare e vedere. Anastasia significa “resurrezione”, ma '
                'la santa che dà il nome alla chiesa si festeggia non a '
                'Pasqua, bensì il giorno di Natale. Le mille contraddizioni '
                'della chiesa più grande e più spettacolare di Verona. '
                'Domenica 01 febbraio, ore 15.00 piazzale Santa Anastasia, '
                'Verona. Costo 10 euro, comprensivi di eventuale biglietto di '
                'ingresso per i non residenti nella diocesi. Prenotazione '
                'obbligatoria per mail info@infoverona.it o whatsapp 329 '
                '3123991 .',
 'image_url': '//citynews-veronasera.stgy.ovh/~media/horizontal-mid/16016442548967/santa-anastasia-visita-alla-basilica-che-non-c-e-14.jpg',
 'location_address': "Corso Sant'Anastasia",
 'location_name': "Basilica di Sant'Anastasia",
 'price': '10 euro',
 'scraped_at': '2026-01-29T18:22:30.352136',
 'time_info': 'ore 15',
 'title': '"Santa Anastasia, visita alla basilica che non c\'è"',
 'url': 'https://www.veronasera.it/eventi/santa-anastasia-visita-basilica-1-febbraio-2026.html',
 'uuid': 'df89a1aba5947ea1',
 'website': 'https://www.facebook.com/ippogrifoguide'}
[2026-01-29T18:23:04.158+0000] {docker.py:429} INFO - 2026-01-29 18:23:04 [scrapy.core.engine] DEBUG: Crawled (200) <GET https://www.veronasera.it/eventi/verona-giochi-olimpici-visita-guidata-1-febbraio-2026.html> (referer: https://www.veronasera.it/eventi/dal/2026-01-29/al/2026-02-01/)
[2026-01-29T18:23:04.267+0000] {docker.py:429} INFO - 2026-01-29 18:23:04 [scrapy.core.scraper] DEBUG: Scraped from <200 https://www.veronasera.it/eventi/verona-giochi-olimpici-visita-guidata-1-febbraio-2026.html>
{'category': 'Turismo',
 'city': 'Verona',
 'content_hash': 'dcb4ce20a5ea5cb3',
 'date_end': '2026-02-01',
 'date_start': '2026-02-01',
 'dates': [{'date': '2026-02-01',
            'time_start': '10:30',
            'weekday': 'Domenica'}],
 'description': 'Verona ha avuto molti atleti di altissimo livello che l’hanno '
                'ben rappresentata anche alle Olimpiadi. Le due cerimonie che '
                'si svolgeranno nell’Arena, antico anfiteatro romano famoso '
                'per la stagione lirica, porteranno alla ribalta la nostra '
                'città anche a febbraio e marzo 2026. Durante una passeggiata '
                'in centro città vi racconterò le storie di vari sportivi - '
                'olimpionici e non -, i loro sport e alcuni luoghi di Verona '
                'che ci ricordano le loro imprese. Prenotazione obbligatoria '
                'via messaggio o whatsapp: 3334620473 Domenica 1 febbraio alle '
                "10.30 Dove: all’ingresso dell'Arsenale Durata: 2 ore circa "
                'Accessibile a tutti Contributo richiesto: 15 euro a persona '
                '(minorenni gratis) Guida: Christina Zuegg',
 'image_url': '//citynews-veronasera.stgy.ovh/~media/horizontal-mid/8375155803392/verona-e-i-giochi-olimpici-visita-guidata-2.jpg',
 'location_address': 'Piazza Arsenale',
 'location_name': 'Arsenale',
 'price': '15 euro',
 'scraped_at': '2026-01-29T18:22:30.351660',
 'time_info': 'ore 10.30',
 'title': 'Visita guidata: "Verona e i giochi olimpici"',
 'url': 'https://www.veronasera.it/eventi/verona-giochi-olimpici-visita-guidata-1-febbraio-2026.html',
 'uuid': '6330885121e9a54a'}
[2026-01-29T18:23:05.207+0000] {docker.py:429} INFO - 2026-01-29 18:23:05 [scrapy.core.engine] DEBUG: Crawled (200) <GET https://www.veronasera.it/eventi/fondazione-meriggio-carofiglio-tutto-il-mio-folle-amore-29-gennaio-2026.html> (referer: https://www.veronasera.it/eventi/dal/2026-01-29/al/2026-02-01/)
[2026-01-29T18:23:05.313+0000] {docker.py:429} INFO - 2026-01-29 18:23:05 [scrapy.core.scraper] DEBUG: Scraped from <200 https://www.veronasera.it/eventi/fondazione-meriggio-carofiglio-tutto-il-mio-folle-amore-29-gennaio-2026.html>
{'category': 'Incontri',
 'city': 'Verona',
 'content_hash': 'b7f389878ab57201',
 'date_end': '2026-01-29',
 'date_start': '2026-01-29',
 'dates': [{'date': '2026-01-29', 'weekday': 'Giovedì'}],
 'description': 'Il nuovo anno culturale si apre con un appuntamento '
                'imperdibile: giovedì 29 gennaio 2026, alle ore 18:30, '
                'Fondazione Meriggio ospiterà Francesco Carofiglio per la '
                'presentazione del suo ultimo romanzo, Tutto il mio folle '
                'amore. Scrittore, architetto, artista, illustratore e '
                'regista, Carofiglio è una delle voci più amate del panorama '
                'letterario contemporaneo, capace di creare connessioni '
                'profonde con i lettori. Il nuovo romanzo ci trasporta nella '
                'Bari del 1943, in un momento cruciale della storia italiana. '
                'Tra le macerie della guerra, Alessandro e Lallo, "cugini '
                'gemelli", vivono la fine dell\'innocenza e assistono alla '
                'nascita di una resistenza particolare: quella fatta di parole '
                "e musica. Radio Bari diventa la voce libera d'Europa, un faro "
                'di speranza in tempi bui. Ma "Tutto il mio folle amore" non è '
                'solo un romanzo storico: è una riflessione sul presente. Qual '
                'è oggi la nostra forma di resistenza? Come possiamo '
                'rispondere alle sfide del nostro tempo? Sono domande che '
                'Carofiglio pone ai lettori, invitandoli a guardare al passato '
                'per comprendere il presente. Come da tradizione a Fondazione '
                "Meriggio, l'incontro non sarà una semplice conferenza, ma un "
                'vero dialogo. Dopo la presentazione, sarà possibile vivere un '
                'momento personale e diretto con l’autore perché ogni incontro '
                "al Meriggio è un'esperienza unica che lascia il segno. I "
                "posti sono limitati per garantire la qualità dell'esperienza "
                'e la possibilità di un ascolto intimo e ravvicinato. Per '
                'prenotare è necessario inviare una mail a '
                'eventi@villameriggio.it Quando: Giovedì 29 gennaio 2026 '
                'Orario: Registrazione ore 18, inizio conferenza ore 18.30 '
                'Dove: Villa Meriggio, Via Belvedere Mincio 5, Valeggio sul '
                'Mincio, 37067 Parcheggio: Disponibile in loco, fino a '
                'esaurimento posti',
 'image_url': '//citynews-veronasera.stgy.ovh/~media/horizontal-mid/32075563164381/fondazione-meriggio-inaugura-il-2026-con-lo-scrittore-carofiglio-tutto-il-mio-folle-amore.jpg',
 'location_address': 'Via Belvedere Mincio, 5',
 'location_name': 'Villa Meriggio',
 'price': 'Gratis',
 'scraped_at': '2026-01-29T18:22:30.351215',
 'time_info': 'ore 18',
 'title': 'Fondazione Meriggio inaugura il 2026 con lo scrittore Carofiglio: '
          '"Tutto il mio folle amore"',
 'url': 'https://www.veronasera.it/eventi/fondazione-meriggio-carofiglio-tutto-il-mio-folle-amore-29-gennaio-2026.html',
 'uuid': 'fcb391c9eaf4cf1a',
 'website': 'https://villameriggio.it/it/fondazione-meriggio/'}
[2026-01-29T18:23:06.244+0000] {docker.py:429} INFO - 2026-01-29 18:23:06 [scrapy.core.engine] DEBUG: Crawled (200) <GET https://www.veronasera.it/eventi/visita-avventure-affreschi-veronesi-1-febbraio-2026.html> (referer: https://www.veronasera.it/eventi/dal/2026-01-29/al/2026-02-01/)
[2026-01-29T18:23:06.351+0000] {docker.py:429} INFO - 2026-01-29 18:23:06 [scrapy.core.scraper] DEBUG: Scraped from <200 https://www.veronasera.it/eventi/visita-avventure-affreschi-veronesi-1-febbraio-2026.html>
{'category': 'Turismo',
 'city': 'Verona',
 'content_hash': '2a121772ead54274',
 'date_end': '2026-02-01',
 'date_start': '2026-02-01',
 'dates': [{'date': '2026-02-01',
            'time_start': '14:30',
            'weekday': 'Domenica'}],
 'description': '«Il Museo Cavalcaselle alla Tomba di Giulietta è una vera e '
                'propria chicca nel panorama artistico della nostra città. '
                'Creato nel 1973, restaurato e ampliato alcuni anni fa, '
                'raccoglie molti degli affreschi che ornavano i palazzi di '
                'Verona prima della terribile alluvione del 1882, staccati e '
                'strappati tra il XIX e il XX secolo. Un percorso molto '
                'suggestivo, un tuffo nella meraviglia di una Verona '
                'scomparsa. Completerà la visita la discesa alla tomba di '
                'Giulietta: un omaggio alla storia d’amore che ha reso la '
                'nostra città famosa nel mondo». Quando: domenica 1 febbraio '
                '2026 Ritrovo: ore 14.30 all’ingresso del Museo (via Luigi da '
                'Porto, 5) Durata: 2 ore circa Contributo richiesto: 13 euro a '
                "persona + biglietto d'ingresso al museo (prima domenica del "
                'mese ingresso a 1 euro) La visita si svolgerà con un minimo '
                'di 10 e un massimo di 25 partecipanti (limite imposto dal '
                'museo). Guida: Sara Parisi Prenotazione: 3471732837',
 'image_url': '//citynews-veronasera.stgy.ovh/~media/horizontal-mid/53666440769010/dalle-pareti-al-museo-avventure-di-affreschi-veronesi.jpg',
 'location_address': 'Via Luigi da Porto, 5',
 'location_name': 'Museo degli Affreschi G.B. Cavalcaselle',
 'price': '13 euro',
 'scraped_at': '2026-01-29T18:22:30.350745',
 'time_info': 'ore 14.30',
 'title': '"Dalle pareti al museo: avventure di affreschi veronesi"',
 'url': 'https://www.veronasera.it/eventi/visita-avventure-affreschi-veronesi-1-febbraio-2026.html',
 'uuid': '9a8ce55970e7e0d0'}
[2026-01-29T18:23:08.182+0000] {docker.py:429} INFO - 2026-01-29 18:23:08 [scrapy.core.engine] DEBUG: Crawled (200) <GET https://www.veronasera.it/eventi/moby-dick-fucina-machiavelli-1-febbraio-2026.html> (referer: https://www.veronasera.it/eventi/dal/2026-01-29/al/2026-02-01/)
[2026-01-29T18:23:08.290+0000] {docker.py:429} INFO - 2026-01-29 18:23:08 [scrapy.core.scraper] DEBUG: Scraped from <200 https://www.veronasera.it/eventi/moby-dick-fucina-machiavelli-1-febbraio-2026.html>
{'category': 'Teatri',
 'city': 'Verona',
 'content_hash': '53a49199ec247f5a',
 'date_end': '2026-02-01',
 'date_start': '2026-02-01',
 'dates': [{'date': '2026-02-01',
            'time_start': '16:30',
            'weekday': 'Domenica'}],
 'description': 'Questa domenica 1 febbraio alle 16.30 in Fucina Machiavelli '
                'due balenieri pasticcioni, che si svegliano sempre troppo '
                'tardi per potersi imbarcare, raccontano le incredibili '
                'avventure del capitano Achab, l’uomo che inseguiva la balena '
                'più famosa di tutti i mari. Sul palcoscenico prende vita una '
                'grande carcassa di legno e un pianoforte verticale che si '
                'trasforma in “un’isola di legno e suoni”. È da lì che inizia '
                'il viaggio: un ponte speciale per avvicinarsi, a occhi '
                'sgranati, al gigantesco e maestoso capodoglio dalla testa '
                'bianca… la leggendaria Moby Dick! Testimoni diretti delle '
                'avventure di tutti i balenieri che ritornano a casa, ne '
                'cantano le gesta ogni sera alla taverna di Nantucket, '
                'attraverso il loro racconto trasporteranno gli spettatori sul '
                'Pequod, la baleniera comandata dal capitano Achab che è alla '
                'ricerca forsennata della grande balena bianca. Un vortice di '
                'sentimenti accompagna la ricerca di Moby Dick. Non solo il '
                'sentimento di vendetta ma anche la fascinazione per la sua '
                'grandezza e maestosità, l’attrazione per l’ignoto e il '
                'desiderio di sfidare e giocare con il destino. Avvicinarsi a '
                'Moby Dick, provare a comunicare con la balena, trovare un '
                'linguaggio comune che non passa solo dalle parole, dalle '
                'azioni, e dai sentimenti ma anche attraverso le vibrazioni ed '
                'i suoni è la sfida che hanno deciso di cogliere il regista '
                'Lorenzo Bassotto e il compositore Cesare Picco, autore delle '
                'musiche che accompagnano lo spettacolo. Lo spettacolo è '
                'scritto da Lorenzo Bassotto, vede la presenza di Lorenzo '
                'Bassotto e Roberto Maria Macchi nei panni dei due balenieri, '
                'è prodotto da Bam! Bam! Teatro ed è consigliato dai 7 anni I '
                'biglietti, 8 euro adulti e 7 euro bambini under 12, sono '
                'acquistabili sul sito fucinaculturalemachiavelli.com oppure '
                'in biglietteria a partire da un’ora prima dell’evento, nel '
                'Teatro Fucina Machiavelli in via Madonna del Terraglio 10, '
                'Verona.',
 'image_url': '//citynews-veronasera.stgy.ovh/~media/horizontal-mid/4322907747868/moby-dick-di-bam-bam-teatro-foto-ufficio-stampa-fucina-machiavelli.jpeg',
 'location_address': 'Via Madonna del Terraglio, 10',
 'location_name': 'Fucina Culturale Machiavelli',
 'price': '8 euro',
 'scraped_at': '2026-01-29T18:22:30.350276',
 'time_info': 'ore 16.30',
 'title': 'Fucina Machiavelli ospita "Moby Dick" di Bam! Bam! Teatro',
 'url': 'https://www.veronasera.it/eventi/moby-dick-fucina-machiavelli-1-febbraio-2026.html',
 'uuid': 'f048be694ecda35a',
 'website': 'https://www.fucinaculturalemachiavelli.com/'}
[2026-01-29T18:23:09.444+0000] {docker.py:429} INFO - 2026-01-29 18:23:09 [scrapy.core.engine] DEBUG: Crawled (200) <GET https://www.veronasera.it/eventi/handel-messiah-concerto-31-gennaio-2026.html> (referer: https://www.veronasera.it/eventi/dal/2026-01-29/al/2026-02-01/)
[2026-01-29T18:23:09.552+0000] {docker.py:429} INFO - 2026-01-29 18:23:09 [scrapy.core.scraper] DEBUG: Scraped from <200 https://www.veronasera.it/eventi/handel-messiah-concerto-31-gennaio-2026.html>
{'category': 'Concerti',
 'city': 'Verona',
 'content_hash': '12187690a3c0095b',
 'date_end': '2026-01-31',
 'date_start': '2026-01-31',
 'dates': [{'date': '2026-01-31', 'weekday': 'Sabato'}],
 'description': 'Questo sabato 31 gennaio alle 19 nel Teatro Fucina '
                'Machiavelli, inizia “Händel with care”: un ciclo di tre '
                'concerti dedicati al compositore tedesco naturalizzato '
                'inglese Georg Friedrich Händel . Fucina Machiavelli ha da '
                'sempre un’attenzione particolare verso la divulgazione e la '
                'formazione di pubblico non avvezzo alle sale da concerto, e '
                'per questo da quattro anni propone una serie di appuntamenti '
                'in cui il divulgatore Stefano Soardo mette a fuoco un autore, '
                'approfondendone le varie fasi della biografia e della '
                'produzione musicale, alternandosi con l’esecuzione dal vivo '
                'dei brani composti in ciascun periodo. Dopo Bach nel 2023, '
                'Mozart nel 2024 e Vivaldi nel 2025, quest’anno il ciclo avrà '
                'come focus il compositore Händel (1685–1759). Grande '
                'giramondo, nato in Germania, formato in Italia e '
                'naturalizzato inglese, Händel ha saputo conquistare il '
                'pubblico del suo tempo e continua a incantare quello di oggi '
                'con la sua musica brillante e comunicativa. L’appuntamento di '
                'questo sabato vedrà pr otagonista il celebre Messiah: '
                'composto in appena tre settimane nel 1741, il Messiah è '
                'l’oratorio più celebre di Händel e una delle opere sacre più '
                'apprezzate di sempre. Con testi tratti dalla Bibbia, il '
                'compositore racconta la vita, la passione e la resurrezione '
                'di Cristo, attraverso una musica di straordinaria potenza '
                'emotiva e ispirazione spirituale. L’esecuzione sarà affidata '
                'ad Alice Fraccari (soprano), Miriam Callegaro (mezzosoprano) '
                'e Tommaso Rossato (tenore), insieme al Gruppo Vocale Bequadro '
                'sotto la direzione di Giuseppe Manzini e all’ensemble Fucina '
                'Harmonica, con Enrico Bossolo al continuo, Andriy Kulis, '
                'Sanja Pejic e Gilda Urli ai violini, Paola Zannoni al '
                'violoncello, Nicola Rossin al contrabbasso, Rebecca Maria '
                'Saggin all’oboe e Fabrizio Mezzari alla tromba. I prossimi '
                'appuntamenti del ciclo saranno sabato 28 febbraio sempre alle '
                '19, dedicato alla produzione operistica, e domenica 1 marzo '
                'alle 16.30, quando per la prima volta il ciclo prevederà un '
                'appuntamento per famiglie. Intitolato “Il grande viaggio del '
                'piccolo Händel”, racconterà la storia del compositore in '
                'scena attraverso un burattino animato. Biglietti (intero 14 '
                'euro / ridotto (under 30-over 70) 12 euro / convenzioni 10 '
                'euro/ under18 8 euro) acquistabili online su '
                'fucinaculturalemachiavelli.com o in biglietteria a partire da '
                'un’ora prima dell’inizio.',
 'image_url': '//citynews-veronasera.stgy.ovh/~media/horizontal-mid/31332366913437/ensemble-con-soprano-alice-fraccari-foto-ufficio-stampa-fucina-machiavelli.jpg',
 'location_address': 'Via Madonna del Terraglio, 10',
 'location_name': 'Fucina Culturale Machiavelli',
 'price': '14 euro',
 'scraped_at': '2026-01-29T18:22:30.349815',
 'time_info': 'ore 19',
 'title': '"Händel e il Messiah": inizia il ciclo di tre appuntamenti “Händel '
          'with care”',
 'url': 'https://www.veronasera.it/eventi/handel-messiah-concerto-31-gennaio-2026.html',
 'uuid': '65c412a7719b8067',
 'website': 'https://www.fucinaculturalemachiavelli.com/'}
[2026-01-29T18:23:10.971+0000] {docker.py:429} INFO - 2026-01-29 18:23:10 [scrapy.core.engine] DEBUG: Crawled (200) <GET https://www.veronasera.it/eventi/solita-matteo-belli-teatro-modus-30-gennaio-2026.html> (referer: https://www.veronasera.it/eventi/dal/2026-01-29/al/2026-02-01/)
[2026-01-29T18:23:11.083+0000] {docker.py:429} INFO - 2026-01-29 18:23:11 [scrapy.core.scraper] DEBUG: Scraped from <200 https://www.veronasera.it/eventi/solita-matteo-belli-teatro-modus-30-gennaio-2026.html>
{'category': 'Teatri',
 'city': 'Verona',
 'content_hash': '26eb3fd86feb6af7',
 'date_end': '2026-01-30',
 'date_start': '2026-01-30',
 'dates': [{'date': '2026-01-30', 'weekday': 'Venerdì'}],
 'description': 'Al momento in tour nei teatri d’Italia, “Solità” è il nuovo '
                'spettacolo dell’attore e regista bolognese Matteo Belli, che '
                'porta in scena le sue riflessioni sulla società e l’essere '
                'umano in un monologo frizzante fra stupore, amarezza e '
                'ironia. Prodotto dall’associazione Ca’ Rossa Aps e realizzato '
                'con il sostegno della Regione Emilia-Romagna, fa il suo '
                'debutto a Verona venerdì 30 gennaio, ore 21, presso il Teatro '
                'Modus / degli Orti, a meno di un anno dalla prima a Bologna. '
                '«Lo spettacolo di Matteo Belli è uno degli eventi più '
                "importanti per il cartellone di quest'anno» afferma il "
                'direttore artistico del Teatro Modus Andrea Castelletti, «un '
                'artista, un uomo di teatro di grande utilità, spessore, un '
                'maestro della voce, di capacità mimiche straordinarie, che da '
                'solo sulla scena riempie il palcoscenico. È anche uno dei '
                'nomi più interessanti del teatro indipendente da molti anni a '
                'questa parte ed è una grande opportunità poterlo avere a '
                'Verona». Il monologo raccoglie riflessioni e immagini sparse '
                'sul mondo di oggi, la cultura, l’essere umano e le sue '
                'relazioni in un gioco di collegamenti veloci e brillanti. '
                'L’idea nasce a partire da una frase che l’autore scriveva il '
                '21 febbraio 2020: “Io sono solo un uomo, un uomo solo, un '
                'solo uomo”, una frase che inconsciamente preludeva il lungo '
                'periodo di isolamento che sarebbe venuto. Da qui partono le '
                'molte riflessioni che animano “Solità” e che in un periodo '
                'come quello pandemico trovavano il loro terreno fertile. Nel '
                '2023, allora, Matteo Belli riprende in mano il discorso e dà '
                'corpo uno spettacolo esilarante. «Cosa c’entrano, per '
                'esempio, gli uni con gli altri, un bagaglio smarrito, una '
                'bottiglia d’acqua, una bandierina del calcio d’angolo, la '
                'miniatura di un calciatore, un fiore di cactus, due turisti '
                'stranieri, un cavallo da competizione, Amleto, l’identità, '
                'l’anima, la coscienza e le parole che usiamo tutti i giorni? '
                'Che rapporto hanno o possono avere personaggi così '
                'apparentemente eterogenei e che storia vogliono raccontare? '
                'Perché intitolare tutto questo con un vocabolo che non '
                'esiste?» scrive Matteo Belli, presentando il nuovo '
                'spettacolo. «Personalmente, ho sempre pensato che il Teatro '
                'vada fatto sul palcoscenico e non nei programmi di sala e, '
                'quindi, cercherò e cercheremo di rispondere a queste domande '
                'con lo spettacolo e non con le promesse». “Solità” è la prova '
                'che un solo attore sul palco non sia solo, ma possa portare '
                'infinite voci, punti di vista, personalità, individui. '
                'Sarebbe da aggiungere, infatti, il sottotitolo, “mancante '
                'poiché ritengo che potrebbe essere facilmente frainteso”, '
                'specifica lo stesso Belli. E conclude: « S e volessimo '
                'definire il genere di questo lavoro potremmo chiamarlo '
                '‘cabaret spirituale’, ovvero un assolo per palcoscenici di '
                'tutte le misure, che porta l’intimità di un racconto '
                'interiore alla platea di chiunque voglia condividere idee, '
                'risate, quesiti ed emozioni, interrogando e contattando la '
                'parte più profonda e sincera di sé, quella che non parte da '
                'concetti o ideologie preconfezionate, ma si scopre disposta '
                'ad ascoltarsi, in un dialogo aperto tra l’io e il mondo che '
                'nasce dal sentire e non teme confronti con il proprio '
                'specchio». Matteo Belli nasce a Bologna nel 1964 e dagli anni '
                '’80 coltiva la sua attitudine per il teatro, specializzandosi '
                'sulla ricerca vocale e relativi personaggi in una produzione '
                'teatrale da autore e solista. Fra i suoi spettacoli più '
                'apprezzati si ricordano l’interpretazione in chiave ironica '
                'dell’Inferno di Dante in “Ora X: Inferno di Dante”, “Genti, '
                'intendete questo sermone (monologhi giullareschi medioevali e '
                'moderni)”, l’omaggio a Walter Chairi di “Le guerre di '
                'Walter”, la collaborazione con Carlo Lucarelli per '
                '“Marzabotto” e “Cantiere 2 Agosto”, uno spettacolo per dare '
                'una voce alle vittime della strage alla stazione di Bologna '
                'del 1980. Tutto il calendario è consultabile su '
                'modusverona.it. Per informazioni contattare: 392 3294967 , '
                'info@modusverona.it .',
 'image_url': '//citynews-veronasera.stgy.ovh/~media/horizontal-mid/19538268607728/locandina-2026-solita-matteo-belli-ufficio-stampa-teatro-modus.jpg',
 'location_address': 'Via Re Pipino, 3',
 'location_name': 'Teatro Modus',
 'price': 'Intero 12 euro. Ridotto 10 euro',
 'scraped_at': '2026-01-29T18:22:30.349308',
 'time_info': 'ore 21',
 'title': 'Al Teatro Modus "Solità" con Matteo Belli',
 'url': 'https://www.veronasera.it/eventi/solita-matteo-belli-teatro-modus-30-gennaio-2026.html',
 'uuid': 'b658304deb2fb212',
 'website': 'https://modusverona.it/'}
[2026-01-29T18:23:11.648+0000] {docker.py:429} INFO - 2026-01-29 18:23:11 [scrapy.core.engine] DEBUG: Crawled (200) <GET https://www.veronasera.it/eventi/helga-rene-teatro-ristori-1-febbraio-2026.html> (referer: https://www.veronasera.it/eventi/dal/2026-01-29/al/2026-02-01/)
[2026-01-29T18:23:11.764+0000] {docker.py:429} INFO - 2026-01-29 18:23:11 [scrapy.core.scraper] DEBUG: Scraped from <200 https://www.veronasera.it/eventi/helga-rene-teatro-ristori-1-febbraio-2026.html>
{'category': 'Teatri',
 'city': 'Verona',
 'content_hash': '05da7741e998662c',
 'date_end': '2026-02-01',
 'date_start': '2026-02-01',
 'dates': [{'date': '2026-02-01', 'weekday': 'Domenica'}],
 'description': 'Le date per famiglie del Teatro Ristori proseguono con un '
                'nuovo appuntamento pensato per avvicinare - dai più piccoli '
                'ai più grandi - all’ascolto musicale attraverso il racconto, '
                'le immagini e il movimento. Domenica 1 febbraio, alle ore 17, '
                'andrà in scena Helga e René, nei giardini delle note , '
                'spettacolo che accompagna il pubblico in una passeggiata '
                'poetica tra musica, natura e immaginazione. Ambientato nella '
                'Francia dell’Ottocento, lo spettacolo prende forma come un '
                'racconto delicato e avvolgente: al centro c’è Monsieur René, '
                'anziano direttore d’orchestra che, nei parchi di Parigi, '
                'insegna a leggere la musica nascosta nelle cose, nei suoni e '
                'nella biodiversità che ci circonda. Le sue parole diventano '
                'un invito ad ascoltare, osservare e riconoscere le '
                'connessioni profonde tra il mondo naturale e quello musicale. '
                'Attraverso la metafora del giardino e dell’ecosistema, lo '
                'spettacolo accompagna il pubblico a scoprire come, proprio '
                'come in natura, anche nella musica ogni voce è '
                'indispensabile: il suono cambia, cresce e si arricchisce nel '
                'passaggio dal solista all’insieme, educando all’ascolto '
                'reciproco e al valore della relazione. La musica dal vivo è '
                'affidata al Quintetto di fiati Métronome del Conservatorio '
                '“A. Steffani” di Castelfranco Veneto, diretto dal M°Giuseppe '
                'Falco, con testi e voce narrante di Elisabetta Garilli, da '
                'anni punto di riferimento nazionale per la didattica musicale '
                'applicata all’infanzia. Accanto al suono, il racconto si '
                'arricchisce della dimensione visiva: le illustrazioni '
                'realizzate in tempo reale diventano parte integrante della '
                'narrazione, dialogando con la danza e il mimo in un intreccio '
                'continuo di immagini, movimenti e suggestioni sonore. Helga e '
                'René, nei giardini delle note è prodotto dal Palazzetto Bru '
                'Zane – Centre de musique romantique française di Venezia, in '
                'collaborazione con il Conservatorio di Castelfranco Veneto e '
                'l’Atelier Elisabetta Garilli. Nel programma musicale Claude '
                'Debussy, Paul Taffanel e Jacques Ibert. Biglietto unico a 10 '
                'euro. Maggiori informazioni e biglietti sul sito: '
                'www.teatroristori.org',
 'image_url': '//citynews-veronasera.stgy.ovh/~media/horizontal-mid/65429288959173/helga-e-renee-foto-ufficio-stampa-teatro-ristori.jpeg',
 'location_address': 'Via Teatro Ristori, 7',
 'location_name': 'Teatro Ristori',
 'price': '10 euro',
 'scraped_at': '2026-01-29T18:22:30.348845',
 'time_info': 'ore 17',
 'title': '"Helga e René" al Teatro Ristori',
 'url': 'https://www.veronasera.it/eventi/helga-rene-teatro-ristori-1-febbraio-2026.html',
 'uuid': '26bd6ef2373ef893',
 'website': 'https://www.teatroristori.org'}
[2026-01-29T18:23:13.405+0000] {docker.py:429} INFO - 2026-01-29 18:23:13 [scrapy.core.engine] DEBUG: Crawled (200) <GET https://www.veronasera.it/eventi/anna-kravtchenko-concerto-virtuosi-italiani-30-gennaio-2026.html> (referer: https://www.veronasera.it/eventi/dal/2026-01-29/al/2026-02-01/)
[2026-01-29T18:23:13.514+0000] {docker.py:429} INFO - 2026-01-29 18:23:13 [scrapy.core.scraper] DEBUG: Scraped from <200 https://www.veronasera.it/eventi/anna-kravtchenko-concerto-virtuosi-italiani-30-gennaio-2026.html>
{'category': 'Concerti',
 'city': 'Verona',
 'content_hash': '37bde2837f33678a',
 'date_end': '2026-01-30',
 'date_start': '2026-01-30',
 'dates': [{'date': '2026-01-30', 'time_start': '20:30', 'weekday': 'Venerdì'}],
 'description': 'Il 30 gennaio, al Teatro Ristori, ore 20.30, la 27esima '
                'Stagione concertistica de I Virtuosi Italiani in '
                'collaborazione con il Festival Mozart a Verona presenta '
                '“Grande Classicismo”, una serata all’insegna delle sonorità '
                'di pianoforte ed archi dedicata a Mozart, Salieri e '
                'Beethoven. Ospite speciale del concerto sarà l’acclamata '
                'pianista Anna Kravtchenko , artista carismatica, dal “suono '
                'luminoso e dalle poetiche interpretazioni che possono portare '
                'l’ascoltatore alle lacrime” (New York Times). Anna '
                'Kravtchenko, con il suo stile inconfondibile ed una forza '
                'espressiva straordinaria, frutto della sua natura '
                'autenticamente spirituale, ha stupito in questi anni pubblico '
                'e critica per la sua capacità di trasformare ogni suo '
                'concerto in un’esperienza trascinante ed illuminante. Il '
                'tocco raffinato della straordinaria pianista di origine '
                'ucraina, naturalizzata italiana – impostasi all’attenzione '
                'del panorama musicale internazionale vincendo a soli 16 anni '
                'e nello stesso anno il Concorso Internazionale Concertino di '
                'Praga e il Concorso Internazionale Ferruccio Busoni di '
                'Bolzano – interpreterà per il pubblico veronese il Concerto '
                'per pianoforte n. 21 in do maggiore, K 467 di Mozart e il '
                'Concerto n. 2 per pianoforte e orchestra in si bemolle '
                'maggiore, op. 19 di Beethoven. Il concerto si aprirà sulle '
                'note della Sinfonia n. 44 in re maggiore K81 di Mozart e '
                'proporrà anche l’esecuzione della Sinfonia in re maggiore “La '
                'Veneziana” Ang 661 del coevo Antonio Salieri, che vedrà I '
                'Virtuosi Italiani guidati da Alberto Martini in qualità di '
                'primo violino concertatore. Il concerto si inserisce nella '
                'tournée che toccherà anche Savona (29.01), Ravenna (24.02) e '
                'Treviso (10.03) e Modena (11.03). I biglietti sono '
                'acquistabili sul sito https://ivirtuositaliani.vivaticket.it '
                'o in biglietteria, presso Piazzetta Ottolini 9 a Verona. Per '
                'info e costo biglietti e abbonamenti: www.ivirtuositaliani.eu '
                '.',
 'image_url': '//citynews-veronasera.stgy.ovh/~media/horizontal-mid/54716014311698/anna-kravtchenko-foto-ufficio-stampa-per-i-virtuosi-italiani.jpg',
 'location_address': 'Via Teatro Ristori, 7',
 'location_name': 'Teatro Ristori',
 'price': '28 euro',
 'scraped_at': '2026-01-29T18:22:30.348356',
 'time_info': 'ore 20.30',
 'title': 'La raffinata pianista Anna Kravtchenko con I Virtuosi Italiani',
 'url': 'https://www.veronasera.it/eventi/anna-kravtchenko-concerto-virtuosi-italiani-30-gennaio-2026.html',
 'uuid': '77ffee1e7cf5dc20',
 'website': 'https://ivirtuositaliani.vivaticket.it'}
[2026-01-29T18:23:14.796+0000] {docker.py:429} INFO - 2026-01-29 18:23:14 [scrapy.core.engine] DEBUG: Crawled (200) <GET https://www.veronasera.it/eventi/federico-basso-profilo-teatro-astra-31-gennaio-2026.html> (referer: https://www.veronasera.it/eventi/dal/2026-01-29/al/2026-02-01/)
[2026-01-29T18:23:14.919+0000] {docker.py:429} INFO - 2026-01-29 18:23:14 [scrapy.core.scraper] DEBUG: Scraped from <200 https://www.veronasera.it/eventi/federico-basso-profilo-teatro-astra-31-gennaio-2026.html>
{'category': 'Teatri',
 'city': 'Verona',
 'content_hash': '20b7d0715867c817',
 'date_end': '2026-01-31',
 'date_start': '2026-01-31',
 'dates': [{'date': '2026-01-31', 'weekday': 'Sabato'}],
 'description': 'L’arte di non prendersi mai troppo sul serio va in scena al '
                'Cinema Teatro Astra. Federico Basso arriva a San Giovanni '
                'Lupatoto sabato 31 gennaio alle ore 21 con Profilo basso, '
                'spettacolo che invita a utilizzare l’ironia come strumento di '
                'lettura del presente. Il vincitore di LOL – Chi ride è fuori '
                '2025 porta sul palcoscenico uno sguardo lucido e disincantato '
                'sulla vita di tutti i giorni, osservata nelle sue '
                'contraddizioni, nelle abitudini più comuni e in quei dettagli '
                'apparentemente secondari che spesso sfuggono, ma raccontano '
                'molto più di quanto sembri. Il comico di Zelig racconta così '
                'il suo atteggiamento nei confronti della vita. Niente pose, '
                'niente maschere, ma un’attenzione costante alla realtà e a '
                'ciò che ci rende umani, imperfetti e, talvolta, '
                'inevitabilmente ridicoli. In scena alterna momenti di '
                'comicità immediata a passaggi più riflessivi, guidati da un '
                'ritmo serrato e da una forte capacità di coinvolgimento. Tra '
                'esperienze personali, osservazioni sulla società '
                'contemporanea e riferimenti alla cultura pop e digitale, '
                'Profilo Basso diventa un invito a ridere di se stessi e delle '
                'proprie fragilità. Un viaggio leggero ma mai superficiale, in '
                'cui la comicità si fa occasione di riconoscimento e '
                'condivisione. Dopo anni di esperienza maturata tra '
                'palcoscenici prestigiosi, programmi cult e nuovi linguaggi '
                'digitali, Basso dà vita a uno spettacolo che unisce registri '
                'diversi e li restituisce in una forma capace di parlare a '
                'tutte le generazioni. La stand-up comedy diventa così '
                'strumento per raccontare la quotidianità intrecciando ironia '
                'e autoironia con una scrittura diretta e riconoscibile. Un '
                'lavoro che mette a nudo l’esperienza di un comico che ha '
                'attraversato il mondo dei social senza perdere il contatto '
                'con il teatro e con il pubblico dal vivo, per restituire, '
                'infine, il ritratto di un artista che ha vissuto in prima '
                'persona la trasformazione della comicità dagli anni Duemila a '
                'oggi. Alle spalle di Profilo Basso c’è un percorso '
                'professionale articolato, che attraversa ambiti diversi e '
                'contribuisce a spiegare la solidità della sua scrittura. '
                'Federico Basso si forma inizialmente in ambito tecnico e '
                'televisivo, lavorando per anni come montatore nei '
                'telegiornali, prima di avvicinarsi al teatro e alla comicità '
                'dal vivo. Cresce artisticamente tra improvvisazione teatrale '
                'e laboratori comici, fino all’ingresso nei laboratori di '
                'Zelig nei primi anni Duemila, passaggio decisivo per la '
                'definizione del suo linguaggio scenico. Nel 2004 la vittoria '
                'al Festival di Cabaret di Sesto San Giovanni segna l’inizio '
                'di una lunga presenza nel mondo Zelig, prima come '
                'monologhista e poi come volto di Zelig Off , anche in veste '
                'di co-conduttore. Parallelamente sviluppa un’importante '
                'attività come autore televisivo, firmando testi per sitcom e '
                'programmi di successo e collaborando con alcuni dei '
                'principali protagonisti della comicità italiana. Negli anni, '
                'la sua scrittura si è affinata attraverso il confronto con la '
                'stand-up comedy internazionale, in particolare quella '
                'americana, mantenendo sempre al centro l’osservazione della '
                'realtà e il rapporto diretto con il pubblico. Un percorso che '
                'lo ha portato ad attraversare teatro, televisione e nuovi '
                'linguaggi digitali, fino alla vittoria della quinta edizione '
                'di LOL – Chi ride è fuori nel 2025. Biglietti e abbonamenti '
                'sono disponibili alla biglietteria del Cinema Teatro Astra e '
                'sul sito https://ticket.cinebot.it/ astra/ . La biglietteria '
                'del Teatro Astra è aperta il lunedì (dalle 17:00 alle 18:30), '
                'il martedì (dalle 10:30 alle 12:30) e il mercoledì (dalle '
                '16:00 alle 18:00). Per maggiori informazioni si può chiamare '
                'lo 045 9250 825 | 392 7569 300 o scrivere a '
                'info@cinemateatroastra.it e alle pagine social dell’Astra.',
 'image_url': '//citynews-veronasera.stgy.ovh/~media/horizontal-mid/46622124719066/federico-basso-foto-ufficio-stampa-cinema-teatro-astra.jpg',
 'location_address': 'Via Roma, 3b',
 'location_name': 'Cinema Teatro Astra',
 'price': 'A partire da 23 euro',
 'scraped_at': '2026-01-29T18:22:30.347822',
 'time_info': 'ore 21',
 'title': 'Federico Basso al Cinema Teatro Astra',
 'url': 'https://www.veronasera.it/eventi/federico-basso-profilo-teatro-astra-31-gennaio-2026.html',
 'uuid': '4210acb2dc972e35',
 'website': 'https://ticket.cinebot.it/astra/org/29/titolo/574_profilo-basso'}
[2026-01-29T18:23:15.967+0000] {docker.py:429} INFO - 2026-01-29 18:23:15 [scrapy.core.engine] DEBUG: Crawled (200) <GET https://www.veronasera.it/eventi/alice-master-songs-teatro-salieri-31-gennaio-2026.html> (referer: https://www.veronasera.it/eventi/dal/2026-01-29/al/2026-02-01/)
[2026-01-29T18:23:16.079+0000] {docker.py:429} INFO - 2026-01-29 18:23:16 [scrapy.core.scraper] DEBUG: Scraped from <200 https://www.veronasera.it/eventi/alice-master-songs-teatro-salieri-31-gennaio-2026.html>
{'category': 'Concerti',
 'city': 'Verona',
 'content_hash': '5b775b9ebc58f6db',
 'date_end': '2026-01-31',
 'date_start': '2026-01-31',
 'dates': [{'date': '2026-01-31', 'time_start': '20:45', 'weekday': 'Sabato'}],
 'description': 'Un concerto che interroga il presente attraverso musica e '
                'parola, abbracciando canzone d’autore, ricerca poetica e '
                'riflessione contemporanea. Sabato 31 gennaio, alle ore 20:45, '
                'Alice arriva al Teatro Salieri di Legnago con Master Songs , '
                'un racconto maturo del suo percorso artistico, posto in '
                'dialogo con alcune delle pagine più significative della '
                'musica italiana. I brani del suo repertorio si alternano così '
                'a canzoni entrate in modo profondo nella sua storia artistica '
                'e personale. Da Franco Battiato a Manlio Sgalambro, da Lucio '
                'Dalla a Fabrizio De André, da Francesco De Gregori a Ivano '
                'Fossati, fino a Giorgio Gaber e Francesco Guccini, la '
                'cantautrice di Per Elisa porta sul palcoscenico testi capaci '
                'di resistere al tempo e di parlare ancora al presente. In '
                'scena, insieme a Carlo Guaitoli al pianoforte e tastiere, '
                'Antonello D’Urso alle chitarre e Chiara Trentin al '
                'violoncello acustico ed elettrico, prende forma '
                'un’architettura costruita attorno all’ascolto e alla '
                'centralità della parola. All’interno di Master Songs trova '
                'infatti spazio anche un nucleo dedicato alla poesia, con '
                'testi di Pier Paolo Pasolini (musicati da Michele Di '
                'Martino), Pierluigi Cappello (musicati da Alice) e Massimo Di '
                'Gleria (musicati da Marco Liverani). Un passaggio che '
                'completa il disegno dello spettacolo e ne chiarisce '
                'l’impianto espressivo, sostenuto anche da videoproiezioni di '
                'volti, fiori e paesaggi, utilizzate come elementi scenici '
                'essenziali per accompagnare la musica senza sovrapporsi e '
                'favorire una dimensione di ascolto raccolta e partecipe. «Con '
                'Master Songs - dichiara Alice - desidero condividere alcune '
                'delle canzoni che hanno determinato e delineato il mio '
                'percorso musicale e artistico, che sento in modo speciale e '
                'che in questo momento storico e della vita considero molto '
                'significative. Oltre alle mie canzoni, in questo programma '
                'riservo una particolare attenzione anche alla canzone '
                'd’autore, con brani di Battiato, Camisasca, De André, De '
                'Gregori, Di Martino, Fossati, Gaber, Guccini e dedico un '
                'momento speciale a poesie in musica di Pasolini, Cappello e '
                'Di Gleria. Per me è sempre un privilegio poter dar voce a '
                'musica e parole, poesie, canzoni che possono parlarci, '
                'vivificarci e unire». La scaletta: Gli ultimi fuochi , Un '
                'blasfemo , La canzone dell’amore perduto , 1943 , Auschwitz , '
                'Prospettiva Nevskij , Dammi la mano amore , Viali di '
                'solitudine , Almeno pensami , Lindbergh , Inniò , Anîn a grîs '
                ', La recessione , Non insegnate ai bambini , Atlantide , '
                'Veleni , E ti vengo a cercare , I treni di Tozeur , Il vento '
                'caldo dell’estate , Una notte speciale , Nomadi , Il sole '
                'nella pioggia . Alice, al secolo Carla Bissi, è una figura '
                'centrale della musica italiana, capace di coniugare rigore '
                'artistico, profondità espressiva e costante tensione alla '
                'ricerca. Dopo gli esordi nei primi anni Settanta, la svolta '
                'artistica arriva dall’incontro con Franco Battiato. Nel 1981 '
                'esce l’album Alice , che contiene Per Elisa , brano con cui '
                'vince il Festival di Sanremo. È l’inizio di una lunga '
                'stagione di affermazioni anche internazionali, con tour '
                'europei e collaborazioni di rilievo. Nel corso degli anni '
                'Ottanta e Novanta Alice consolida un linguaggio personale '
                'attraversando canzone d’autore, sperimentazione e musica '
                'colta. Tra i lavori più significativi di questo periodo '
                'figurano Azimut (1982), Falsi allarmi (1983), Gioielli rubati '
                '(1985, Premio Tenco come Miglior Interprete Femminile), Park '
                'Hotel (1986), Mélodie passagère (1988) e Il sole nella '
                'pioggia (1989). A partire dagli anni Duemila il suo percorso '
                'si orienta sempre più verso una ricerca attenta ai contenuti '
                'esistenziali, culturali, spirituali e poetici, con progetti '
                'come Viaggio in Italia , Lungo la strada e Samsara . '
                'Parallelamente, Alice sviluppa un intenso lavoro teatrale e '
                'concertistico, spesso in dialogo con la poesia in musica. '
                'Negli ultimi anni il legame artistico con Franco Battiato '
                'diventa centrale in progetti come Alice canta Battiato (dal '
                '2020) ed Eri con me (2022), album che le vale il Premio Tenco '
                'e la Targa Tenco come Miglior Interprete. I biglietti sono '
                'disponibili online ( https://www.boxol.it/next/it/ '
                'TeatroSalieri/events/591405 ) o alla biglietteria del Teatro '
                'Salieri. Lo spettacolo fa parte dell’abbonamento Musica, che '
                'comprende anche i concerti: Quando un musicista ride con Elio '
                '(20 febbraio), Le quattro stagioni di Antonio Vivaldi, '
                'diretto dal M° Andrea Marcon (22 marzo), e Voce umana di e '
                'con Eugenio Finardi (27 marzo). Biglietteria Teatro Salieri: '
                'biglietteria@teatrosalieri.it | 0442-25477 . Aperta dal '
                'martedì al venerdì, 10:00-12:30 e 15:00-18:00, il sabato '
                '10:30-12:30. Nei giorni di spettacolo anche un’ora prima '
                'della rappresentazione. Il cartellone 2025-2026 è disponibile '
                'al link https://teatrosalieri.it/ programma-2025-2026/ .',
 'image_url': '//citynews-veronasera.stgy.ovh/~media/horizontal-mid/6903911750492/alice-master-songs-foto-ufficio-stampa-teatro-salieri.jpg',
 'location_address': 'Via XX Settembre, 26',
 'location_name': 'Teatro Salieri',
 'price': 'A partire da 21 euro',
 'scraped_at': '2026-01-29T18:22:30.347203',
 'time_info': 'ore 20.45',
 'title': 'Alice al Teatro Salieri: "Master Songs"',
 'url': 'https://www.veronasera.it/eventi/alice-master-songs-teatro-salieri-31-gennaio-2026.html',
 'uuid': '95c2b1d0297bcff4',
 'website': 'https://www.boxol.it/next/it/TeatroSalieri/events/591405'}
[2026-01-29T18:23:16.479+0000] {docker.py:429} INFO - 2026-01-29 18:23:16 [scrapy.core.engine] DEBUG: Crawled (200) <GET https://www.veronasera.it/eventi/visita-domenica-un-euro-musei-civici-1-febbraio-2026.html> (referer: https://www.veronasera.it/eventi/dal/2026-01-29/al/2026-02-01/)
[2026-01-29T18:23:16.588+0000] {docker.py:429} INFO - 2026-01-29 18:23:16 [scrapy.core.scraper] DEBUG: Scraped from <200 https://www.veronasera.it/eventi/visita-domenica-un-euro-musei-civici-1-febbraio-2026.html>
{'category': 'Turismo',
 'city': 'Verona',
 'content_hash': '8bb25857f206faa7',
 'date_end': '2026-02-01',
 'date_start': '2026-02-01',
 'dates': [{'date': '2026-02-01', 'weekday': 'Domenica'}],
 'description': "L'1 febbraio 2026 è in programma una nuova “domenica a 1 "
                "euro” nei Musei Civici di Verona, l'iniziativa che permette "
                'di visitare musei e monumenti a tariffa agevolata la prima '
                'domenica del mese. La promozione è valida per tutti i musei e '
                'i monumenti civici, esclusa la Casa di Giulietta. Fino al 20 '
                "marzo, inoltre, l'anfiteatro Arena è chiuso al pubblico per "
                'consentire le attività di organizzazione e lo svolgimento '
                'delle cerimonie di chiusura delle Olimpiadi (22 febbraio '
                '2026) e di apertura delle Paralimpiadi (6 marzo 2026). Si '
                'consiglia di acquistare il biglietto online in anticipo su: '
                'museiverona.com . Di seguito le sedi coinvolte: Tutte le '
                'informazioni sono disponibili sul sito dei Musei civici .',
 'image_url': '//citynews-veronasera.stgy.ovh/~media/horizontal-mid/56531551710405/castelvecchio-e-il-ponte-scaligero-verona-25-anni-patrimonio-unesco-foto-ufficio-stampa-clab-comunicazione.jpg',
 'location_address': 'Piazza Bra',
 'location_name': 'Musei Civici di Verona',
 'price': '1 euro',
 'scraped_at': '2026-01-29T18:22:30.346913',
 'time_info': 'Dalle ore 9',
 'title': 'Ingresso a 1 euro nei musei civici di Verona per la prima domenica '
          'del mese',
 'url': 'https://www.veronasera.it/eventi/visita-domenica-un-euro-musei-civici-1-febbraio-2026.html',
 'uuid': '2dbcdf42018cf3f7',
 'website': 'https://museicivici.comune.verona.it/nqcontent.cfm?a_id=44798'}
[2026-01-29T18:23:17.960+0000] {docker.py:429} INFO - 2026-01-29 18:23:17 [scrapy.core.engine] DEBUG: Crawled (200) <GET https://www.veronasera.it/eventi/tullio-solenghi-massimo-lopez-teatro-centrale-31-gennaio-2026.html> (referer: https://www.veronasera.it/eventi/dal/2026-01-29/al/2026-02-01/)
[2026-01-29T18:23:18.067+0000] {docker.py:429} INFO - 2026-01-29 18:23:18 [scrapy.core.scraper] DEBUG: Scraped from <200 https://www.veronasera.it/eventi/tullio-solenghi-massimo-lopez-teatro-centrale-31-gennaio-2026.html>
{'category': 'Teatri',
 'city': 'Verona',
 'content_hash': 'e231eab010cb27ec',
 'date_end': '2026-01-31',
 'date_start': '2026-01-31',
 'dates': [{'date': '2026-01-31', 'weekday': 'Sabato'}],
 'description': 'Sabato 31 gennaio 2026, alle ore 21, il Teatro Centrale di '
                'San Bonifacio ospiterà Massimo Lopez e Tullio Solenghi con '
                '“Dove eravamo rimasti”, uno spettacolo di arti varie di cui i '
                'due attori sono interpreti e autori. La serata sarà '
                'accompagnata dalla musica dal vivo della Jazz Company diretta '
                'dal maestro Gabriele Comeglio, elemento che contribuisce a '
                'dare ritmo e continuità a uno show pensato come un varietà '
                'contemporaneo. In scena si susseguono numerose situazioni '
                'comiche che attingono al vasto repertorio dei due '
                'protagonisti, arricchite da soluzioni nuove che rendono le '
                'performance attuali e in sintonia con il presente. '
                'Imitazioni, sketch, contributi video e numeri musicali si '
                'intrecciano in un impianto che mescola satira politica, '
                'umorismo e attenzione per la dimensione artistica, dando vita '
                'a uno spettacolo costruito con equilibrio e misura. Le gag e '
                'i personaggi proposti, insieme alle canzoni interpretate da '
                'Lopez, contribuiscono a creare un clima di leggerezza e '
                'partecipazione. Accanto al riso e al sorriso, trova spazio '
                'anche un momento di emozione legato al ricordo della loro '
                'storica compagna di avventura, che aggiunge una nota più '
                'intima a un varietà pensato per intrattenere, ma anche per '
                'richiamare una memoria condivisa dal pubblico.',
 'image_url': '//citynews-veronasera.stgy.ovh/~media/horizontal-mid/1067419889556/locandina-2026-dove-eravamo-rimasti-massimo-lopez-e-tullio-solenghi.jpg',
 'location_address': 'Via Guglielmo Marconi, 5',
 'location_name': 'Teatro Centrale',
 'price': 'A partire da 32 euro',
 'scraped_at': '2026-01-29T18:22:30.346589',
 'time_info': 'ore 21',
 'title': 'Massimo Lopez e Tullio Solenghi al Teatro Centrale di San Bonifacio '
          'con "Dove eravamo rimasti"',
 'url': 'https://www.veronasera.it/eventi/tullio-solenghi-massimo-lopez-teatro-centrale-31-gennaio-2026.html',
 'uuid': 'e9a35e2ceefe1e4f',
 'website': 'https://cinemateatrocentrale.it/dove-eravamo-rimasti/'}
[2026-01-29T18:23:19.430+0000] {docker.py:429} INFO - 2026-01-29 18:23:19 [scrapy.core.engine] DEBUG: Crawled (200) <GET https://www.veronasera.it/eventi/verona-antiquaria-san-zeno-mercatino-1-febbraio-2026.html> (referer: https://www.veronasera.it/eventi/dal/2026-01-29/al/2026-02-01/)
[2026-01-29T18:23:19.539+0000] {docker.py:429} INFO - 2026-01-29 18:23:19 [scrapy.core.scraper] DEBUG: Scraped from <200 https://www.veronasera.it/eventi/verona-antiquaria-san-zeno-mercatino-1-febbraio-2026.html>
{'category': 'Mercatini',
 'city': 'Verona',
 'content_hash': 'a62df4364b433266',
 'date_end': '2026-02-01',
 'date_start': '2026-02-01',
 'dates': [{'date': '2026-02-01', 'weekday': 'Domenica'}],
 'description': 'Domenica 1 febbraio 2026, Verona torna ad accogliere uno '
                'degli eventi più amati dagli appassionati di antiquariato e '
                'atmosfere d’altri tempi: Verona Antiquaria. Il celebre '
                'mercatino mensile tornerà ad animare le vie dello storico '
                'quartiere di San Zeno, trasformandolo in un affascinante '
                'viaggio nel tempo tra oggetti dal sapore vintage e ricordi '
                'del passato. « Febbraio parla sottovoce, come una lettera '
                'd’amore. Tra pagine ingiallite, ritratti e piccoli tesori, '
                'Verona Antiquaria si accende di promesse, memorie e gesti '
                'romantici che attraversano il tempo. Tra quadri sbiaditi, '
                'pagine ingiallite e piccoli oggetti che parlano di sentimenti '
                'senza tempo, Verona Antiquaria diventa un luogo dove ogni '
                'dettaglio racconta la delicatezza dell’amore che resiste». '
                'Saranno oltre 200 gli espositori provenienti da tutto il nord '
                'Italia, pronti a proporre una selezione unica di pezzi '
                'd’arte, antiquariato, modernariato e vintage: dai mobili '
                'd’epoca ai tappeti, dai soprammobili agli abiti e accessori '
                'd’altri tempi, fino ad arrivare a veri e propri pezzi da '
                'collezione. Ogni bancarella rappresenta un piccolo scrigno di '
                'meraviglie, dove lasciarsi sorprendere o andare alla ricerca '
                'del pezzo raro tanto desiderato. Organizzato '
                'dall’Associazione Retròbottega, Verona Antiquaria è molto più '
                'di un semplice mercato: è un’esperienza che fonde cultura, '
                'storia e passione in una delle cornici più affascinanti '
                'd’Italia. Una passeggiata tra le sue vie significa immergersi '
                'in un’atmosfera senza tempo, dove il passato si intreccia con '
                'il presente regalando emozioni autentiche. Nel quartiere San '
                'Zeno si svolge ogni prima domenica del mese, con esclusione '
                "del mese di agosto, il mercato dell'antiquariato e del "
                'collezionismo. I banchi sono posizionati in Piazza San Zeno, '
                'Piazza Corrubbio, Piazza Pozza, Via S. Procolo, Via Lenotti, '
                'Via Porta San Zeno e Vicolo Fossetto. Il mercato rimane '
                'aperto dalle ore 8 alle 17 da novembre a marzo e dalle ore 8 '
                'alle 18 da aprile a ottobre. Info: '
                'https://www.facebook.com/veronantiquaria',
 'image_url': '//citynews-veronasera.stgy.ovh/~media/horizontal-mid/61544769293483/verona-antiquaria-4-2.jpeg',
 'location_address': 'Piazza San Zeno',
 'location_name': 'Piazza San Zeno',
 'price': 'Gratis',
 'scraped_at': '2026-01-29T18:22:30.346202',
 'time_info': 'Dalle ore 8 alle 17',
 'title': "Verona Antiquaria celebra l'amore a San Zeno tra vintage, "
          'antiquariato, modernariato e collezionismo',
 'url': 'https://www.veronasera.it/eventi/verona-antiquaria-san-zeno-mercatino-1-febbraio-2026.html',
 'uuid': '727e4761c44fabb6',
 'website': 'https://www.facebook.com/veronantiquaria'}
[2026-01-29T18:23:19.540+0000] {docker.py:429} INFO - 2026-01-29 18:23:19 [scrapy.core.engine] INFO: Closing spider (finished)
[2026-01-29T18:23:19.540+0000] {docker.py:429} INFO - 2026-01-29 18:23:19 [scrapy.extensions.feedexport] INFO: Stored json feed (37 items) in: /app/city_today/output/eventi_verona_questa-settimana_20260129_182225.json
[2026-01-29T18:23:19.540+0000] {docker.py:429} INFO - 2026-01-29 18:23:19 [scrapy.statscollectors] INFO: Dumping Scrapy stats:
{'downloader/request_bytes': 16861,
 'downloader/request_count': 39,
 'downloader/request_method_count/GET': 39,
 'downloader/response_bytes': 5944228,
 'downloader/response_count': 39,
 'downloader/response_status_count/200': 39,
 'elapsed_time_seconds': 53.388291,
 'feedexport/success_count/FileFeedStorage': 1,
 'finish_reason': 'finished',
 'finish_time': datetime.datetime(2026, 1, 29, 18, 23, 19, 539495, tzinfo=datetime.timezone.utc),
 'httpcompression/response_bytes': 32329022,
 'httpcompression/response_count': 39,
 'item_scraped_count': 37,
 'items_per_city/Verona': 37,
 'items_per_minute': 41.88679245283019,
 'log_count/DEBUG': 76,
 'log_count/INFO': 3,
 'memusage/max': 69124096,
 'memusage/startup': 69124096,
 'request_depth_max': 1,
 'response_received_count': 39,
 'responses_per_minute': 44.15094339622642,
 'robotstxt/request_count': 1,
 'robotstxt/response_count': 1,
 'robotstxt/response_status_count/200': 1,
 'scheduler/dequeued': 38,
 'scheduler/dequeued/memory': 38,
 'scheduler/enqueued': 38,
 'scheduler/enqueued/memory': 38,
 'start_time': datetime.datetime(2026, 1, 29, 18, 22, 26, 151204, tzinfo=datetime.timezone.utc)}
2026-01-29 18:23:19 [scrapy.core.engine] INFO: Spider closed (finished)
[2026-01-29T18:23:19.602+0000] {docker.py:429} INFO - Scraping completato. File: /app/city_today/output/eventi_verona_questa-settimana_20260129_182225.json
[2026-01-29T18:23:19.881+0000] {taskinstance.py:1138} INFO - Marking task as SUCCESS. dag_id=etl_events_daily, task_id=process_verona.scrape_city_today, execution_date=20260128T060000, start_date=20260129T182224, end_date=20260129T182319
[2026-01-29T18:23:19.909+0000] {local_task_job_runner.py:234} INFO - Task exited with return code 0
[2026-01-29T18:23:19.943+0000] {taskinstance.py:3280} INFO - 0 downstream tasks scheduled from follow-on schedule check
