[2026-01-30T14:22:52.559+0000] {taskinstance.py:1956} INFO - Dependencies all met for dep_context=non-requeueable deps ti=<TaskInstance: etl_events_daily.process_agrigento.scrape_city_today scheduled__2026-01-29T06:00:00+00:00 [queued]>
[2026-01-30T14:22:52.569+0000] {taskinstance.py:1956} INFO - Dependencies all met for dep_context=requeueable deps ti=<TaskInstance: etl_events_daily.process_agrigento.scrape_city_today scheduled__2026-01-29T06:00:00+00:00 [queued]>
[2026-01-30T14:22:52.570+0000] {taskinstance.py:2170} INFO - Starting attempt 1 of 4
[2026-01-30T14:22:52.585+0000] {taskinstance.py:2191} INFO - Executing <Task(FilterableDockerOperator): process_agrigento.scrape_city_today> on 2026-01-29 06:00:00+00:00
[2026-01-30T14:22:52.591+0000] {standard_task_runner.py:60} INFO - Started process 237 to run task
[2026-01-30T14:22:52.594+0000] {standard_task_runner.py:87} INFO - Running: ['airflow', 'tasks', 'run', 'etl_events_daily', 'process_agrigento.scrape_city_today', 'scheduled__2026-01-29T06:00:00+00:00', '--job-id', '297', '--raw', '--subdir', 'DAGS_FOLDER/scrape_events.py', '--cfg-path', '/tmp/tmpjcay3g98']
[2026-01-30T14:22:52.597+0000] {standard_task_runner.py:88} INFO - Job 297: Subtask process_agrigento.scrape_city_today
[2026-01-30T14:22:52.616+0000] {logging_mixin.py:188} WARNING - /home/airflow/.local/lib/python3.11/site-packages/airflow/settings.py:194 DeprecationWarning: The sql_alchemy_conn option in [core] has been moved to the sql_alchemy_conn option in [database] - the old setting has been used, but please update your config.
[2026-01-30T14:22:52.667+0000] {task_command.py:423} INFO - Running <TaskInstance: etl_events_daily.process_agrigento.scrape_city_today scheduled__2026-01-29T06:00:00+00:00 [running]> on host a9aac56aef94
[2026-01-30T14:22:52.781+0000] {taskinstance.py:2480} INFO - Exporting env vars: AIRFLOW_CTX_DAG_OWNER='airflow' AIRFLOW_CTX_DAG_ID='etl_events_daily' AIRFLOW_CTX_TASK_ID='process_agrigento.scrape_city_today' AIRFLOW_CTX_EXECUTION_DATE='2026-01-29T06:00:00+00:00' AIRFLOW_CTX_TRY_NUMBER='1' AIRFLOW_CTX_DAG_RUN_ID='scheduled__2026-01-29T06:00:00+00:00'
[2026-01-30T14:22:52.804+0000] {docker.py:359} INFO - Starting docker container from image scrapy-events:latest
[2026-01-30T14:22:52.812+0000] {docker.py:367} WARNING - Using remote engine or docker-in-docker and mounting temporary volume from host is not supported. Falling back to `mount_tmp_dir=False` mode. You can set `mount_tmp_dir` parameter to False to disable mounting and remove the warning
[2026-01-30T14:22:53.523+0000] {docker.py:429} INFO - Avvio scraping per: Agrigento
Periodo: questa-settimana
[2026-01-30T14:22:53.528+0000] {docker.py:429} INFO - 2026-01-30 14:22:53 [scrapy.utils.log] INFO: Scrapy 2.14.1 started (bot: events)
[2026-01-30T14:22:53.534+0000] {docker.py:429} INFO - 2026-01-30 14:22:53 [scrapy.utils.log] INFO: Versions:
{'lxml': '6.0.2',
 'libxml2': '2.14.6',
 'cssselect': '1.3.0',
 'parsel': '1.10.0',
 'w3lib': '2.3.1',
 'Twisted': '25.5.0',
 'Python': '3.11.14 (main, Jan 13 2026, 03:12:14) [GCC 14.2.0]',
 'pyOpenSSL': '25.3.0 (OpenSSL 3.5.4 30 Sep 2025)',
 'cryptography': '46.0.3',
 'Platform': 'Linux-6.12.54-linuxkit-x86_64-with-glibc2.41'}
2026-01-30 14:22:53 [scrapy.crawler] DEBUG: Using CrawlerProcess
[2026-01-30T14:22:53.537+0000] {docker.py:429} INFO - 2026-01-30 14:22:53 [events] INFO: Scraping città: Agrigento
2026-01-30 14:22:53 [events] INFO: Periodo: questa-settimana (2026-01-30 - 2026-02-01)
[2026-01-30T14:22:53.538+0000] {docker.py:429} INFO - 2026-01-30 14:22:53 [scrapy.addons] INFO: Enabled addons:
[]
[2026-01-30T14:22:53.539+0000] {docker.py:429} INFO - 2026-01-30 14:22:53 [asyncio] DEBUG: Using selector: EpollSelector
[2026-01-30T14:22:53.540+0000] {docker.py:429} INFO - 2026-01-30 14:22:53 [scrapy.utils.log] DEBUG: Using reactor: twisted.internet.asyncioreactor.AsyncioSelectorReactor
2026-01-30 14:22:53 [scrapy.utils.log] DEBUG: Using asyncio event loop: asyncio.unix_events._UnixSelectorEventLoop
[2026-01-30T14:22:53.545+0000] {docker.py:429} INFO - 2026-01-30 14:22:53 [scrapy.extensions.telnet] INFO: Telnet Password: 5fbff15ae65d924c
[2026-01-30T14:22:53.615+0000] {docker.py:429} INFO - 2026-01-30 14:22:53 [scrapy.middleware] INFO: Enabled extensions:
['scrapy.extensions.corestats.CoreStats',
 'scrapy.extensions.logcount.LogCount',
 'scrapy.extensions.telnet.TelnetConsole',
 'scrapy.extensions.memusage.MemoryUsage',
 'scrapy.extensions.feedexport.FeedExporter',
 'scrapy.extensions.logstats.LogStats']
[2026-01-30T14:22:53.615+0000] {docker.py:429} INFO - 2026-01-30 14:22:53 [scrapy.crawler] INFO: Overridden settings:
{'BOT_NAME': 'events',
 'CONCURRENT_REQUESTS': 2,
 'CONCURRENT_REQUESTS_PER_DOMAIN': 1,
 'DOWNLOAD_DELAY': 1,
 'FEED_EXPORT_ENCODING': 'utf-8',
 'NEWSPIDER_MODULE': 'events.spiders',
 'ROBOTSTXT_OBEY': True,
 'SPIDER_MODULES': ['events.spiders'],
 'USER_AGENT': 'Mozilla/5.0 (Macintosh; Intel Mac OS X 10_15_7) '
               'AppleWebKit/537.36 (KHTML, like Gecko) Chrome/120.0.0.0 '
               'Safari/537.36'}
[2026-01-30T14:22:53.696+0000] {docker.py:429} INFO - 2026-01-30 14:22:53 [scrapy.middleware] INFO: Enabled downloader middlewares:
['scrapy.downloadermiddlewares.offsite.OffsiteMiddleware',
 'scrapy.downloadermiddlewares.robotstxt.RobotsTxtMiddleware',
 'scrapy.downloadermiddlewares.httpauth.HttpAuthMiddleware',
 'scrapy.downloadermiddlewares.downloadtimeout.DownloadTimeoutMiddleware',
 'scrapy.downloadermiddlewares.defaultheaders.DefaultHeadersMiddleware',
 'scrapy.downloadermiddlewares.useragent.UserAgentMiddleware',
 'scrapy.downloadermiddlewares.retry.RetryMiddleware',
 'scrapy.downloadermiddlewares.redirect.MetaRefreshMiddleware',
 'scrapy.downloadermiddlewares.httpcompression.HttpCompressionMiddleware',
 'scrapy.downloadermiddlewares.redirect.RedirectMiddleware',
 'scrapy.downloadermiddlewares.cookies.CookiesMiddleware',
 'scrapy.downloadermiddlewares.httpproxy.HttpProxyMiddleware',
 'scrapy.downloadermiddlewares.stats.DownloaderStats']
[2026-01-30T14:22:53.705+0000] {docker.py:429} INFO - Output file: /app/city_today/output/eventi_agrigento_questa-settimana_20260130_142253.json
[2026-01-30T14:22:53.706+0000] {docker.py:429} INFO - 2026-01-30 14:22:53 [scrapy.middleware] INFO: Enabled spider middlewares:
['scrapy.spidermiddlewares.start.StartSpiderMiddleware',
 'scrapy.spidermiddlewares.httperror.HttpErrorMiddleware',
 'scrapy.spidermiddlewares.referer.RefererMiddleware',
 'scrapy.spidermiddlewares.urllength.UrlLengthMiddleware',
 'scrapy.spidermiddlewares.depth.DepthMiddleware']
2026-01-30 14:22:53 [scrapy.middleware] INFO: Enabled item pipelines:
[]
[2026-01-30T14:22:53.706+0000] {docker.py:429} INFO - 2026-01-30 14:22:53 [scrapy.core.engine] INFO: Spider opened
[2026-01-30T14:22:53.714+0000] {docker.py:429} INFO - 2026-01-30 14:22:53 [scrapy.extensions.logstats] INFO: Crawled 0 pages (at 0 pages/min), scraped 0 items (at 0 items/min)
[2026-01-30T14:22:53.715+0000] {docker.py:429} INFO - 2026-01-30 14:22:53 [scrapy.extensions.telnet] INFO: Telnet console listening on 127.0.0.1:6023
[2026-01-30T14:22:55.155+0000] {docker.py:429} INFO - 2026-01-30 14:22:55 [scrapy.core.engine] DEBUG: Crawled (200) <GET https://www.agrigentonotizie.it/robots.txt> (referer: None)
[2026-01-30T14:22:57.730+0000] {docker.py:429} INFO - 2026-01-30 14:22:57 [scrapy.core.engine] DEBUG: Crawled (200) <GET https://www.agrigentonotizie.it/eventi/dal/2026-01-30/al/2026-02-01/> (referer: None)
[2026-01-30T14:22:58.699+0000] {docker.py:429} INFO - 2026-01-30 14:22:58 [scrapy.core.engine] DEBUG: Crawled (200) <GET https://www.agrigentonotizie.it/eventi/sogno-di-carnevale-teatro-samona-pippo-graffeo-sciacca.html> (referer: https://www.agrigentonotizie.it/eventi/dal/2026-01-30/al/2026-02-01/)
[2026-01-30T14:22:58.827+0000] {docker.py:429} INFO - 2026-01-30 14:22:58 [scrapy.core.scraper] DEBUG: Scraped from <200 https://www.agrigentonotizie.it/eventi/sogno-di-carnevale-teatro-samona-pippo-graffeo-sciacca.html>
{'category': 'Teatri',
 'city': 'Agrigento',
 'content_hash': 'e2ef5357b4ad2fd7',
 'date_end': '2026-01-31',
 'date_start': '2026-01-31',
 'dates': [{'date': '2026-01-31', 'time_start': '21:00', 'weekday': 'Sabato'}],
 'description': 'Il teatro Samonà di Sciacca ospita sabato 31 gennaio, alle '
                'ore 21, “Sogno di Carnevale”, lo spettacolo ideato, scritto e '
                'interpretato da Pippo Graffeo, figura centrale del Carnevale '
                'di Sciacca degli ultimi cinquant’anni. Regista, attore e '
                'autore instancabile, Graffeo ripercorre sul palco mezzo '
                'secolo di storia, immaginazione e poesia legati a una delle '
                'manifestazioni identitarie più profonde della città. Lo '
                'spettacolo si configura come un racconto intenso e suggestivo '
                'in cui la memoria personale si intreccia con quella '
                'collettiva. Attraverso parole, immagini e atmosfere teatrali, '
                '“Sogno di Carnevale” restituisce l’anima più autentica della '
                'festa raccontandone l’evoluzione e la capacità di rinnovarsi '
                'nel tempo senza perdere le proprie radici. Accanto a Pippo '
                'Graffeo ci saranno Liliana Marciante, i musicisti Michele '
                'Bruno e Accursio Sclafani e il balletto composto da Erika '
                'Calascibetta, Roberta Caputo e Stefania Di Giovanna. Un '
                'insieme corale in cui musica, danza e recitazione dialogano '
                'continuamente, costruendo un flusso emotivo unitario. Le '
                'scenografie sono curate da Accursio Graffeo. Inserito nel '
                'programma delle celebrazioni per il 400esimo anniversario del '
                'Carnevale di Sciacca, lo spettacolo si propone come un vero e '
                'proprio atto d’amore verso una tradizione che da secoli '
                'definisce l’identità cittadina. Non solo teatro, dunque, ma '
                'memoria viva e omaggio poetico a una storia condivisa che '
                'continua a emozionare. Il biglietto, al costo di 12 euro, si '
                'può comprare collegandosi qui e comprende la partecipazione '
                'allo spettacolo e l’ingresso alla mostra “Francisco Goya - '
                'l’artista della libertà. Tra verità e satira”, allestita '
                'all’interno del teatro e visibile fino al 31 marzo.',
 'image_url': '//citynews-agrigentonotizie.stgy.ovh/~media/horizontal-mid/46387618441247/pippo-graffeo.jpg',
 'location_address': 'Via Incisa, 30',
 'location_name': 'Teatro Samonà',
 'price': '12 euro',
 'scraped_at': '2026-01-30T14:22:57.859858',
 'time_info': '21:00',
 'title': 'Sciacca, Pippo Graffeo racconta mezzo secolo di Carnevale al teatro '
          'Samonà',
 'url': 'https://www.agrigentonotizie.it/eventi/sogno-di-carnevale-teatro-samona-pippo-graffeo-sciacca.html',
 'uuid': 'f6a85b99f8dea11a'}
[2026-01-30T14:22:59.633+0000] {docker.py:429} INFO - 2026-01-30 14:22:59 [scrapy.core.engine] DEBUG: Crawled (200) <GET https://www.agrigentonotizie.it/eventi/concerto-colonne-sonore-teatro-regina-margherita-racalmuto-31-gennaio-2026.html> (referer: https://www.agrigentonotizie.it/eventi/dal/2026-01-30/al/2026-02-01/)
[2026-01-30T14:22:59.747+0000] {docker.py:429} INFO - 2026-01-30 14:22:59 [scrapy.core.scraper] DEBUG: Scraped from <200 https://www.agrigentonotizie.it/eventi/concerto-colonne-sonore-teatro-regina-margherita-racalmuto-31-gennaio-2026.html>
{'category': 'Concerti',
 'city': 'Agrigento',
 'content_hash': '7e6721b0278785ca',
 'date_end': '2026-01-31',
 'date_start': '2026-01-31',
 'dates': [{'date': '2026-01-31', 'time_start': '19:30', 'weekday': 'Sabato'}],
 'description': 'Un viaggio nelle musiche che hanno segnato la storia del '
                'grande schermo. Sabato 31 gennaio, alle ore 19.30, il teatro '
                'Regina Margherita di Racalmuto ospiterà il concerto-evento '
                '“Le grandi colonne sonore del cinema” a ingresso gratuito. '
                'Sul palco la banda musicale diretta dal maestro Francesco '
                'Carrara, chiamata a interpretare alcune delle partiture più '
                'celebri del cinema internazionale. Il programma attraversa '
                'atmosfere epiche e liriche con un omaggio centrale alle '
                'musiche di Ennio Morricone accanto a temi diventati iconici '
                'come quelli de Il gladiatore e di altri grandi film. Il '
                'concerto si propone come un’esperienza immersiva, capace di '
                'unire memoria cinematografica ed esecuzione dal vivo '
                'restituendo al pubblico la forza evocativa di colonne sonore '
                'che hanno accompagnato intere generazioni di spettatori.',
 'image_url': '//citynews-agrigentonotizie.stgy.ovh/~media/horizontal-mid/5792001928872/616240380_1187117310265857_2579614558649189200_n.jpg',
 'location_address': 'Via Arc Alfonso Puma',
 'location_name': 'Teatro Regina Margherita',
 'price': 'Gratis',
 'scraped_at': '2026-01-30T14:22:57.858512',
 'time_info': '19:30',
 'title': 'Tra Morricone e Il Gladiatore: serata dedicata alla musica da film '
          'al Regina Margherita',
 'url': 'https://www.agrigentonotizie.it/eventi/concerto-colonne-sonore-teatro-regina-margherita-racalmuto-31-gennaio-2026.html',
 'uuid': '6f2cd596f5bf7a6c'}
[2026-01-30T14:23:01.290+0000] {docker.py:429} INFO - 2026-01-30 14:23:01 [scrapy.core.engine] DEBUG: Crawled (200) <GET https://www.agrigentonotizie.it/eventi/inshallah-teatro-comunale-idea-sambuca-di-sicilia.html> (referer: https://www.agrigentonotizie.it/eventi/dal/2026-01-30/al/2026-02-01/)
[2026-01-30T14:23:01.412+0000] {docker.py:429} INFO - 2026-01-30 14:23:01 [scrapy.core.scraper] DEBUG: Scraped from <200 https://www.agrigentonotizie.it/eventi/inshallah-teatro-comunale-idea-sambuca-di-sicilia.html>
{'category': None,
 'city': 'Agrigento',
 'content_hash': '500f946ccf3879de',
 'date_end': '2026-01-31',
 'date_start': '2026-01-31',
 'dates': [{'date': '2026-01-31', 'time_start': '20:30', 'weekday': 'Sabato'}],
 'description': 'La stagione 2025/2026 del teatro comunale L’Idea di Sambuca '
                'di Sicilia prosegue sabato 31 gennaio, alle ore 20,30, con '
                '“Inshallah”, uno spettacolo corale che affronta il tema '
                'dell’emigrazione attraverso il linguaggio del teatro civile. '
                'In scena un racconto collettivo, costruito come un viaggio '
                'disperato, in cui gli attori diventano protagonisti di storie '
                'segnate dalla partenza, dall’attesa e dall’attraversamento. '
                '“Inshallah” porta sul palco una narrazione che parla di '
                'confini, di identità sospese e di umanità in cammino '
                'restituendo allo spettatore un’esperienza intensa, fatta di '
                'corpi, voci e immagini che si intrecciano. Le storie '
                'drammatiche dei migranti di oggi, sempre più presenti con '
                'titoli altisonanti in notiziari e giornali, sfuggenti in un '
                'quotidiano velocissimo tra pillole social e chiacchiere da '
                'bar, su un palcoscenico si fermano, diventano vive, e '
                'raccontano al pubblico che non si può più ignorare quanto '
                'continua ad accadere in tutto il mondo. Lo spettacolo si '
                'inserisce nel solco di una programmazione attenta alle grandi '
                'questioni del presente, capace di coniugare riflessione e '
                'partecipazione emotiva. Il teatro diventa così spazio di '
                'ascolto e di confronto, dove il tema della migrazione non è '
                'trattato come cronaca distante ma come vissuto umano, '
                'condiviso e universale. Posto unico 7 euro.',
 'image_url': '//citynews-agrigentonotizie.stgy.ovh/~media/horizontal-mid/11663874646135/inshallah.jpeg',
 'location_address': 'Corso Umberto I, 34',
 'location_name': 'Teatro comunale L’idea',
 'price': '7 euro',
 'scraped_at': '2026-01-30T14:22:57.855757',
 'time_info': '20:30',
 'title': '“Inshallah”: al teatro di Sambuca uno spettacolo che racconta il '
          'viaggio, la fuga e la speranza',
 'url': 'https://www.agrigentonotizie.it/eventi/inshallah-teatro-comunale-idea-sambuca-di-sicilia.html',
 'uuid': 'ec1c4f393ce3c630'}
[2026-01-30T14:23:02.533+0000] {docker.py:429} INFO - 2026-01-30 14:23:02 [scrapy.core.engine] DEBUG: Crawled (200) <GET https://www.agrigentonotizie.it/eventi/teatro-armonia-aragona-minchia-signor-tenente.html> (referer: https://www.agrigentonotizie.it/eventi/dal/2026-01-30/al/2026-02-01/)
[2026-01-30T14:23:02.640+0000] {docker.py:429} INFO - 2026-01-30 14:23:02 [scrapy.core.scraper] DEBUG: Scraped from <200 https://www.agrigentonotizie.it/eventi/teatro-armonia-aragona-minchia-signor-tenente.html>
{'category': 'Teatri',
 'city': 'Agrigento',
 'content_hash': '4b39c3ae0ef00c60',
 'date_end': '2026-01-31',
 'date_start': '2026-01-31',
 'dates': [{'date': '2026-01-31', 'time_start': '20:30', 'weekday': 'Sabato'}],
 'description': 'Si chiude sabato 31 gennaio la prima rassegna teatrale Città '
                'di Aragona. Il sipario si apre alle ore 20,30, al teatro '
                'Armonia di piazza Matrice, “Minchia signor tenente”, '
                'spettacolo in due atti di Antonio Grosso portato in scena dal '
                'gruppo teatrale “TestiKueti” di Favara per la regia di Piero '
                'Vita. L’appuntamento rappresenta l’ultimo tassello di un '
                'cartellone che ha accompagnato il pubblico aragonese lungo '
                'tutto il mese di gennaio alternando testi della tradizione e '
                'produzioni contemporanee. "Minchia signor te commedia che '
                'utilizza la risata come strumento di riflessione ribaltando i '
                'codici del racconto tradizionale e mettendo in scena un punto '
                'di vista originale sulle dinamiche dell’ingiustizia e del '
                'potere. Un’ironia che non alleggerisce il tema ma lo rende '
                'più incisivo, costringendo lo spettatore a interrogarsi sul '
                'proprio modo di guardare alla realtà.',
 'image_url': '//citynews-agrigentonotizie.stgy.ovh/~media/horizontal-mid/36636364689515/minchia-signor-tenente-testikueti.jpg',
 'location_address': 'Piazza Matrice',
 'location_name': 'Teatro Armonia',
 'price': 'Prezzo non disponibile',
 'scraped_at': '2026-01-30T14:22:57.853111',
 'time_info': '20:30',
 'title': 'Teatro Armonia, gran finale di rassegna con “Minchia signor '
          'tenente”',
 'url': 'https://www.agrigentonotizie.it/eventi/teatro-armonia-aragona-minchia-signor-tenente.html',
 'uuid': '79f83e28a4b6a30d'}
[2026-01-30T14:23:03.614+0000] {docker.py:429} INFO - 2026-01-30 14:23:03 [scrapy.core.engine] DEBUG: Crawled (200) <GET https://www.agrigentonotizie.it/eventi/inps-inganni-napoletani-per-sopravvivere-teatro-re-grillo-licata.html> (referer: https://www.agrigentonotizie.it/eventi/dal/2026-01-30/al/2026-02-01/)
[2026-01-30T14:23:03.724+0000] {docker.py:429} INFO - 2026-01-30 14:23:03 [scrapy.core.scraper] DEBUG: Scraped from <200 https://www.agrigentonotizie.it/eventi/inps-inganni-napoletani-per-sopravvivere-teatro-re-grillo-licata.html>
{'category': 'Teatri',
 'city': 'Agrigento',
 'content_hash': 'a339cf5a8b8d3fcc',
 'date_end': '2026-01-31',
 'date_start': '2026-01-31',
 'dates': [{'date': '2026-01-31', 'time_start': '21:00', 'weekday': 'Sabato'}],
 'description': 'Possono due imbroglioni risultare commoventi e persino '
                'simpatici? È da questa domanda che prende forma “Inps-Inganni '
                'napoletani per sopravvivere”, la commedia di Eva De Rosa in '
                'programma sabato 31 gennaio, alle ore 21, al teatro Re Grillo '
                'di Licata. Lo spettacolo racconta le vicende di Nando e di '
                'sua moglie Diana. Due “ingannatori” di professione che '
                'sopravvivono grazie a una serie di truffe orchestrate nel '
                'loro appartamento, un ex ufficio Inps rimasto con tanto di '
                'insegna. Proprio da lì nasce l’idea della finta agenzia Inps '
                '– Italiane nubili pronte spose, con cui raggirano uomini '
                'ingenui in cerca d’amore, mentre continuano a riscuotere la '
                'pensione della madre di Nando, morta da decenni. Tra le '
                'vittime degli imbrogli c’è Nuajen, un allevatore di canguri '
                'australiano che, stregato da Diana, è disposto a tutto pur di '
                'sposarla. Attorno ai protagonisti si muove una galleria di '
                'personaggi che alimenta il ritmo serrato della commedia: '
                'Teresa, la portiera curiosa, coinvolta a sua volta nelle '
                'finte agenzie Inps – Indovino Nando Potere soprannaturale e '
                'Inps – Infondiamo nostra psicologia spicciola, e Santo, uomo '
                'pio e ispettore della vera Inps. Gag, equivoci e colpi di '
                'scena si susseguono in una commedia brillante che, dietro il '
                'sorriso, lascia spazio a una riflessione leggera ma incisiva '
                'sui meccanismi della sopravvivenza quotidiana e sulle '
                'fragilità umane confermando il teatro come luogo di racconto '
                'popolare e osservazione sociale.',
 'image_url': '//citynews-agrigentonotizie.stgy.ovh/~media/horizontal-mid/41104966470038/teatro-re-grillo-3.jpg',
 'location_address': 'Corso Vittorio Emanuele, 53',
 'location_name': 'Teatro Re Grillo',
 'price': 'Prezzo non disponibile',
 'scraped_at': '2026-01-30T14:22:57.852096',
 'time_info': '21:00',
 'title': '"Inps-Inganni napoletani per sopravvivere": al teatro Re Grillo la '
          'commedia di Eva De Rosa',
 'url': 'https://www.agrigentonotizie.it/eventi/inps-inganni-napoletani-per-sopravvivere-teatro-re-grillo-licata.html',
 'uuid': 'd987db85b8e30cfa'}
[2026-01-30T14:23:04.465+0000] {docker.py:429} INFO - 2026-01-30 14:23:04 [scrapy.core.engine] DEBUG: Crawled (200) <GET https://www.agrigentonotizie.it/eventi/arca-di-fewar-presentazione-libro-antonio-patti-favara.html> (referer: https://www.agrigentonotizie.it/eventi/dal/2026-01-30/al/2026-02-01/)
[2026-01-30T14:23:04.576+0000] {docker.py:429} INFO - 2026-01-30 14:23:04 [scrapy.core.scraper] DEBUG: Scraped from <200 https://www.agrigentonotizie.it/eventi/arca-di-fewar-presentazione-libro-antonio-patti-favara.html>
{'category': 'Incontri',
 'city': 'Agrigento',
 'content_hash': 'fb2959dac5f92494',
 'date_end': '2026-01-30',
 'date_start': '2026-01-30',
 'dates': [{'date': '2026-01-30', 'time_start': '17:00', 'weekday': 'Venerdì'}],
 'description': 'Favara torna ad essere spazio di confronto culturale con un '
                'nuovo appuntamento della rassegna “Incontri nell’Arca”. '
                'Venerdì 30 gennaio, alle ore 17, il castello Chiaramonte '
                'ospiterà la presentazione del libro "L’arca di Fewar" di '
                'Antonio Patti, pubblicato da Edizioni L’Arca di Noè. '
                'L’iniziativa è promossa dal Centro culturale "Renato Guttuso" '
                'di Favara, con il patrocinio del Comune, e si inserisce in un '
                'percorso che intreccia letteratura, arti visive e musica. Il '
                'volume, arricchito dalle illustrazioni di Leo Di Mercurio, '
                'presenta in copertina un’opera di Vincenzo Patti. Ad aprire '
                'l’incontro saranno i saluti di Lina Urso Gucciardino, '
                'presidente del centro “Renato Guttuso”, e del sindaco Antonio '
                'Palumbo insieme agli editori Giovanna Fileccia e Ignazio '
                'Mario Nardone per Edizioni L’Arca di Noè. Seguiranno gli '
                'interventi dello scrittore Giuseppe Macauda e dell’operatore '
                'culturale Antonio Liotta. La conclusione sarà affidata a '
                'Domenica Minio Patti, curatrice del volume e moglie '
                'dell’autore. Spazio anche alle letture con i contributi di '
                'Giovanna Fileccia, poeta e artista, e di Liliana Arrigo. '
                'L’incontro sarà accompagnato da interventi musicali al '
                'pianoforte di Stefano Tesè e al clarinetto di Roberto Saccà. '
                'A coordinare l’iniziativa sarà Giuseppe Piscopo mentre la '
                'presentazione sarà curata da Giuseppe Moscato, entrambi '
                'giornalisti.',
 'image_url': '//citynews-agrigentonotizie.stgy.ovh/~media/horizontal-mid/39529085855452/patti-antonio.jpg',
 'location_address': 'Piazza Cavour',
 'location_name': 'Castello Chiaramonte',
 'price': 'Prezzo non disponibile',
 'scraped_at': '2026-01-30T14:22:57.850941',
 'time_info': '17:00',
 'title': '"L’arca di Fewar", a Favara si presenta il nuovo libro di Antonio '
          'Patti',
 'url': 'https://www.agrigentonotizie.it/eventi/arca-di-fewar-presentazione-libro-antonio-patti-favara.html',
 'uuid': 'b361fd9933ab11da'}
[2026-01-30T14:23:05.782+0000] {docker.py:429} INFO - 2026-01-30 14:23:05 [scrapy.core.engine] DEBUG: Crawled (200) <GET https://www.agrigentonotizie.it/eventi/insulae-aqua-mostra-berengo-gardin-fabbriche-chiaramontane.html> (referer: https://www.agrigentonotizie.it/eventi/dal/2026-01-30/al/2026-02-01/)
[2026-01-30T14:23:05.900+0000] {docker.py:429} INFO - 2026-01-30 14:23:05 [scrapy.core.scraper] DEBUG: Scraped from <200 https://www.agrigentonotizie.it/eventi/insulae-aqua-mostra-berengo-gardin-fabbriche-chiaramontane.html>
{'category': 'Mostre',
 'city': 'Agrigento',
 'content_hash': 'a33aa184336eacc2',
 'date_end': '2026-03-08',
 'date_start': '2025-12-12',
 'dates': [{'date': '2025-12-12', 'weekday': 'Venerdì'},
           {'date': '2025-12-13', 'weekday': 'Sabato'},
           {'date': '2025-12-14', 'weekday': 'Domenica'},
           {'date': '2025-12-15', 'weekday': 'Lunedì'},
           {'date': '2025-12-16', 'weekday': 'Martedì'},
           {'date': '2025-12-17', 'weekday': 'Mercoledì'},
           {'date': '2025-12-18', 'weekday': 'Giovedì'},
           {'date': '2025-12-19', 'weekday': 'Venerdì'},
           {'date': '2025-12-20', 'weekday': 'Sabato'},
           {'date': '2025-12-21', 'weekday': 'Domenica'},
           {'date': '2025-12-22', 'weekday': 'Lunedì'},
           {'date': '2025-12-23', 'weekday': 'Martedì'},
           {'date': '2025-12-24', 'weekday': 'Mercoledì'},
           {'date': '2025-12-25', 'weekday': 'Giovedì'},
           {'date': '2025-12-26', 'weekday': 'Venerdì'},
           {'date': '2025-12-27', 'weekday': 'Sabato'},
           {'date': '2025-12-28', 'weekday': 'Domenica'},
           {'date': '2025-12-29', 'weekday': 'Lunedì'},
           {'date': '2025-12-30', 'weekday': 'Martedì'},
           {'date': '2025-12-31', 'weekday': 'Mercoledì'},
           {'date': '2026-01-01', 'weekday': 'Giovedì'},
           {'date': '2026-01-02', 'weekday': 'Venerdì'},
           {'date': '2026-01-03', 'weekday': 'Sabato'},
           {'date': '2026-01-04', 'weekday': 'Domenica'},
           {'date': '2026-01-05', 'weekday': 'Lunedì'},
           {'date': '2026-01-06', 'weekday': 'Martedì'},
           {'date': '2026-01-07', 'weekday': 'Mercoledì'},
           {'date': '2026-01-08', 'weekday': 'Giovedì'},
           {'date': '2026-01-09', 'weekday': 'Venerdì'},
           {'date': '2026-01-10', 'weekday': 'Sabato'},
           {'date': '2026-01-11', 'weekday': 'Domenica'},
           {'date': '2026-01-12', 'weekday': 'Lunedì'},
           {'date': '2026-01-13', 'weekday': 'Martedì'},
           {'date': '2026-01-14', 'weekday': 'Mercoledì'},
           {'date': '2026-01-15', 'weekday': 'Giovedì'},
           {'date': '2026-01-16', 'weekday': 'Venerdì'},
           {'date': '2026-01-17', 'weekday': 'Sabato'},
           {'date': '2026-01-18', 'weekday': 'Domenica'},
           {'date': '2026-01-19', 'weekday': 'Lunedì'},
           {'date': '2026-01-20', 'weekday': 'Martedì'},
           {'date': '2026-01-21', 'weekday': 'Mercoledì'},
           {'date': '2026-01-22', 'weekday': 'Giovedì'},
           {'date': '2026-01-23', 'weekday': 'Venerdì'},
           {'date': '2026-01-24', 'weekday': 'Sabato'},
           {'date': '2026-01-25', 'weekday': 'Domenica'},
           {'date': '2026-01-26', 'weekday': 'Lunedì'},
           {'date': '2026-01-27', 'weekday': 'Martedì'},
           {'date': '2026-01-28', 'weekday': 'Mercoledì'},
           {'date': '2026-01-29', 'weekday': 'Giovedì'},
           {'date': '2026-01-30', 'weekday': 'Venerdì'},
           {'date': '2026-01-31', 'weekday': 'Sabato'},
           {'date': '2026-02-01', 'weekday': 'Domenica'},
           {'date': '2026-02-02', 'weekday': 'Lunedì'},
           {'date': '2026-02-03', 'weekday': 'Martedì'},
           {'date': '2026-02-04', 'weekday': 'Mercoledì'},
           {'date': '2026-02-05', 'weekday': 'Giovedì'},
           {'date': '2026-02-06', 'weekday': 'Venerdì'},
           {'date': '2026-02-07', 'weekday': 'Sabato'},
           {'date': '2026-02-08', 'weekday': 'Domenica'},
           {'date': '2026-02-09', 'weekday': 'Lunedì'},
           {'date': '2026-02-10', 'weekday': 'Martedì'},
           {'date': '2026-02-11', 'weekday': 'Mercoledì'},
           {'date': '2026-02-12', 'weekday': 'Giovedì'},
           {'date': '2026-02-13', 'weekday': 'Venerdì'},
           {'date': '2026-02-14', 'weekday': 'Sabato'},
           {'date': '2026-02-15', 'weekday': 'Domenica'},
           {'date': '2026-02-16', 'weekday': 'Lunedì'},
           {'date': '2026-02-17', 'weekday': 'Martedì'},
           {'date': '2026-02-18', 'weekday': 'Mercoledì'},
           {'date': '2026-02-19', 'weekday': 'Giovedì'},
           {'date': '2026-02-20', 'weekday': 'Venerdì'},
           {'date': '2026-02-21', 'weekday': 'Sabato'},
           {'date': '2026-02-22', 'weekday': 'Domenica'},
           {'date': '2026-02-23', 'weekday': 'Lunedì'},
           {'date': '2026-02-24', 'weekday': 'Martedì'},
           {'date': '2026-02-25', 'weekday': 'Mercoledì'},
           {'date': '2026-02-26', 'weekday': 'Giovedì'},
           {'date': '2026-02-27', 'weekday': 'Venerdì'},
           {'date': '2026-02-28', 'weekday': 'Sabato'},
           {'date': '2026-03-01', 'weekday': 'Domenica'},
           {'date': '2026-03-02', 'weekday': 'Lunedì'},
           {'date': '2026-03-03', 'weekday': 'Martedì'},
           {'date': '2026-03-04', 'weekday': 'Mercoledì'},
           {'date': '2026-03-05', 'weekday': 'Giovedì'},
           {'date': '2026-03-06', 'weekday': 'Venerdì'},
           {'date': '2026-03-07', 'weekday': 'Sabato'},
           {'date': '2026-03-08', 'weekday': 'Domenica'}],
 'description': 'Agrigento ospita la prima esposizione pubblica dedicata a '
                'Gianni Berengo Gardin dopo la sua scomparsa. Dal 13 dicembre '
                '2025 all’8 marzo 2026 le Fabbriche Chiaramontane di Agrigento '
                'ospitano la mostra “Insulae Aqua”, progetto fotografico che '
                'mette in dialogo lo sguardo del maestro della fotografia '
                'internazionale con quello di Filippo Romano, a cura di '
                'Alessandra Klimciuk. La mostra si inserisce nel programma '
                'delle iniziative di Agrigento Capitale italiana della cultura '
                '2025 ed è promossa dall’assessorato ai Beni culturali e '
                'Identità siciliana della Regione siciliana e dal Parco '
                'archeologico Valle dei Templi. L’edizione agrigentina, dopo '
                'le tappe di Milano e dell’Istituto italiano di cultura a '
                'Londra, assume un valore simbolico particolare arricchendo il '
                'percorso espositivo con una selezione più ampia di opere '
                'inedite e vintage print. Il cuore della mostra è una '
                'narrazione visiva composta da quasi settanta fotografie che '
                'attraversano oltre trent’anni di storia. Dai rari scatti in '
                'bianco e nero realizzati da Berengo Gardin a Linosa nel 1991, '
                'rimasti a lungo inediti, fino alla ricerca contemporanea di '
                'Filippo Romano, sviluppata tra il 2021 e il 2024 '
                'appositamente per questo progetto. Le immagini intrecciano '
                'volti, paesaggi e frammenti di vita quotidiana, raccontando '
                'la resilienza della comunità isolana e il legame profondo tra '
                'uomo, territorio e identità. “Questo reportage è rimasto a '
                'lungo inedito – ricordava Berengo Gardin solo pochi mesi fa '
                '–. Tranne un paio di stampe, tutte le altre sono rimaste per '
                'molti anni chiuse in una scatola nel mio archivio. Sono molto '
                'felice che grazie alla perseveranza di Alessandra Klimciuk '
                'finalmente siano state riportate alla luce ed esposte al '
                'pubblico”. Un nucleo di immagini che restituisce la '
                'spiritualità e il calore della comunità di Linosa, in '
                'particolare durante il periodo natalizio, trasformando la '
                'semplicità in valore e la memoria in racconto collettivo. A '
                'dialogare con questo patrimonio visivo è il lavoro di Filippo '
                'Romano, autore noto a livello internazionale anche per le sue '
                'partecipazioni alla Biennale di Venezia. La sua indagine '
                'fotografica si muove tra ritratti, architetture e paesaggi '
                'mettendo in relazione il mare, la materia vulcanica '
                'dell’isola e l’identità dei suoi abitanti. Uno sguardo '
                'rigoroso e misurato, capace di cesellare ogni dettaglio con '
                'delicatezza, che restituisce il tempo sospeso e la dimensione '
                'fisica ed emotiva dell’isola più remota d’Italia. Il percorso '
                'espositivo include anche una project room realizzata con la '
                'collaborazione di giovani linosani: pietre basaltiche, '
                'licheni, oggetti restituiti dal mare, quaderni di scuola, '
                'poesie e canzoni raccontano il legame ancestrale tra la '
                'comunità e gli elementi di acqua e terra. Un racconto che si '
                'amplia fino a toccare i temi della sostenibilità, della '
                'biodiversità e di un modello di vita fondato sull’equilibrio '
                'tra uomo e natura. La mostra è accompagnata da un volume a '
                'cura di Alessandra Klimciuk, pubblicato da Moebius in una '
                'seconda edizione aggiornata, con testi di Daria Bignardi, '
                'Gianni Berengo Gardin, Filippo Romano ed Elisabetta Polezzo. '
                'Per i visitatori più piccoli è disponibile una scheda '
                'ludico-didattica Kids Artour, mentre un public program '
                'approfondirà nei prossimi mesi i temi suggeriti dal progetto. '
                '“Insulae Aqua” è un racconto sul vivere altrove, sulla '
                'resilienza di una comunità isolata e sulla forza del '
                'Mediterraneo come spazio culturale condiviso. Un’esposizione '
                'che, ad Agrigento, trasforma la fotografia in memoria viva e '
                'in strumento di riflessione sul presente.',
 'image_url': '//citynews-agrigentonotizie.stgy.ovh/~media/horizontal-mid/31237788910875/insulae-aqua.jpg',
 'location_address': 'Piazza San Francesco',
 'location_name': 'Fabbriche Chiaramontane',
 'price': 'Prezzo non disponibile',
 'scraped_at': '2026-01-30T14:22:57.849833',
 'time_info': 'Orario non disponibile',
 'title': '“Insulae Aqua”, ad Agrigento il primo omaggio a Berengo Gardin dopo '
          'la scomparsa',
 'url': 'https://www.agrigentonotizie.it/eventi/insulae-aqua-mostra-berengo-gardin-fabbriche-chiaramontane.html',
 'uuid': '74639639ceda55b1'}
[2026-01-30T14:23:07.322+0000] {docker.py:429} INFO - 2026-01-30 14:23:07 [scrapy.core.engine] DEBUG: Crawled (200) <GET https://www.agrigentonotizie.it/eventi/capricci-goya-mostra-teatro-samona-sciacca.html> (referer: https://www.agrigentonotizie.it/eventi/dal/2026-01-30/al/2026-02-01/)
[2026-01-30T14:23:07.435+0000] {docker.py:429} INFO - 2026-01-30 14:23:07 [scrapy.core.scraper] DEBUG: Scraped from <200 https://www.agrigentonotizie.it/eventi/capricci-goya-mostra-teatro-samona-sciacca.html>
{'category': 'Mostre',
 'city': 'Agrigento',
 'content_hash': '631ffd1fb4955e66',
 'date_end': '2026-03-31',
 'date_start': '2025-12-20',
 'dates': [{'date': '2025-12-20', 'time_start': '19:30', 'weekday': 'Sabato'},
           {'date': '2025-12-21', 'time_start': '19:30', 'weekday': 'Domenica'},
           {'date': '2025-12-22', 'time_start': '19:30', 'weekday': 'Lunedì'},
           {'date': '2025-12-23', 'time_start': '19:30', 'weekday': 'Martedì'},
           {'date': '2025-12-24',
            'time_start': '19:30',
            'weekday': 'Mercoledì'},
           {'date': '2025-12-25', 'time_start': '19:30', 'weekday': 'Giovedì'},
           {'date': '2025-12-26', 'time_start': '19:30', 'weekday': 'Venerdì'},
           {'date': '2025-12-27', 'time_start': '19:30', 'weekday': 'Sabato'},
           {'date': '2025-12-28', 'time_start': '19:30', 'weekday': 'Domenica'},
           {'date': '2025-12-29', 'time_start': '19:30', 'weekday': 'Lunedì'},
           {'date': '2025-12-30', 'time_start': '19:30', 'weekday': 'Martedì'},
           {'date': '2025-12-31',
            'time_start': '19:30',
            'weekday': 'Mercoledì'},
           {'date': '2026-01-01', 'time_start': '19:30', 'weekday': 'Giovedì'},
           {'date': '2026-01-02', 'time_start': '19:30', 'weekday': 'Venerdì'},
           {'date': '2026-01-03', 'time_start': '19:30', 'weekday': 'Sabato'},
           {'date': '2026-01-04', 'time_start': '19:30', 'weekday': 'Domenica'},
           {'date': '2026-01-05', 'time_start': '19:30', 'weekday': 'Lunedì'},
           {'date': '2026-01-06', 'time_start': '19:30', 'weekday': 'Martedì'},
           {'date': '2026-01-07',
            'time_start': '19:30',
            'weekday': 'Mercoledì'},
           {'date': '2026-01-08', 'time_start': '19:30', 'weekday': 'Giovedì'},
           {'date': '2026-01-09', 'time_start': '19:30', 'weekday': 'Venerdì'},
           {'date': '2026-01-10', 'time_start': '19:30', 'weekday': 'Sabato'},
           {'date': '2026-01-11', 'time_start': '19:30', 'weekday': 'Domenica'},
           {'date': '2026-01-12', 'time_start': '19:30', 'weekday': 'Lunedì'},
           {'date': '2026-01-13', 'time_start': '19:30', 'weekday': 'Martedì'},
           {'date': '2026-01-14',
            'time_start': '19:30',
            'weekday': 'Mercoledì'},
           {'date': '2026-01-15', 'time_start': '19:30', 'weekday': 'Giovedì'},
           {'date': '2026-01-16', 'time_start': '19:30', 'weekday': 'Venerdì'},
           {'date': '2026-01-17', 'time_start': '19:30', 'weekday': 'Sabato'},
           {'date': '2026-01-18', 'time_start': '19:30', 'weekday': 'Domenica'},
           {'date': '2026-01-19', 'time_start': '19:30', 'weekday': 'Lunedì'},
           {'date': '2026-01-20', 'time_start': '19:30', 'weekday': 'Martedì'},
           {'date': '2026-01-21',
            'time_start': '19:30',
            'weekday': 'Mercoledì'},
           {'date': '2026-01-22', 'time_start': '19:30', 'weekday': 'Giovedì'},
           {'date': '2026-01-23', 'time_start': '19:30', 'weekday': 'Venerdì'},
           {'date': '2026-01-24', 'time_start': '19:30', 'weekday': 'Sabato'},
           {'date': '2026-01-25', 'time_start': '19:30', 'weekday': 'Domenica'},
           {'date': '2026-01-26', 'time_start': '19:30', 'weekday': 'Lunedì'},
           {'date': '2026-01-27', 'time_start': '19:30', 'weekday': 'Martedì'},
           {'date': '2026-01-28',
            'time_start': '19:30',
            'weekday': 'Mercoledì'},
           {'date': '2026-01-29', 'time_start': '19:30', 'weekday': 'Giovedì'},
           {'date': '2026-01-30', 'time_start': '19:30', 'weekday': 'Venerdì'},
           {'date': '2026-01-31', 'time_start': '19:30', 'weekday': 'Sabato'},
           {'date': '2026-02-01', 'time_start': '19:30', 'weekday': 'Domenica'},
           {'date': '2026-02-02', 'time_start': '19:30', 'weekday': 'Lunedì'},
           {'date': '2026-02-03', 'time_start': '19:30', 'weekday': 'Martedì'},
           {'date': '2026-02-04',
            'time_start': '19:30',
            'weekday': 'Mercoledì'},
           {'date': '2026-02-05', 'time_start': '19:30', 'weekday': 'Giovedì'},
           {'date': '2026-02-06', 'time_start': '19:30', 'weekday': 'Venerdì'},
           {'date': '2026-02-07', 'time_start': '19:30', 'weekday': 'Sabato'},
           {'date': '2026-02-08', 'time_start': '19:30', 'weekday': 'Domenica'},
           {'date': '2026-02-09', 'time_start': '19:30', 'weekday': 'Lunedì'},
           {'date': '2026-02-10', 'time_start': '19:30', 'weekday': 'Martedì'},
           {'date': '2026-02-11',
            'time_start': '19:30',
            'weekday': 'Mercoledì'},
           {'date': '2026-02-12', 'time_start': '19:30', 'weekday': 'Giovedì'},
           {'date': '2026-02-13', 'time_start': '19:30', 'weekday': 'Venerdì'},
           {'date': '2026-02-14', 'time_start': '19:30', 'weekday': 'Sabato'},
           {'date': '2026-02-15', 'time_start': '19:30', 'weekday': 'Domenica'},
           {'date': '2026-02-16', 'time_start': '19:30', 'weekday': 'Lunedì'},
           {'date': '2026-02-17', 'time_start': '19:30', 'weekday': 'Martedì'},
           {'date': '2026-02-18',
            'time_start': '19:30',
            'weekday': 'Mercoledì'},
           {'date': '2026-02-19', 'time_start': '19:30', 'weekday': 'Giovedì'},
           {'date': '2026-02-20', 'time_start': '19:30', 'weekday': 'Venerdì'},
           {'date': '2026-02-21', 'time_start': '19:30', 'weekday': 'Sabato'},
           {'date': '2026-02-22', 'time_start': '19:30', 'weekday': 'Domenica'},
           {'date': '2026-02-23', 'time_start': '19:30', 'weekday': 'Lunedì'},
           {'date': '2026-02-24', 'time_start': '19:30', 'weekday': 'Martedì'},
           {'date': '2026-02-25',
            'time_start': '19:30',
            'weekday': 'Mercoledì'},
           {'date': '2026-02-26', 'time_start': '19:30', 'weekday': 'Giovedì'},
           {'date': '2026-02-27', 'time_start': '19:30', 'weekday': 'Venerdì'},
           {'date': '2026-02-28', 'time_start': '19:30', 'weekday': 'Sabato'},
           {'date': '2026-03-01', 'time_start': '19:30', 'weekday': 'Domenica'},
           {'date': '2026-03-02', 'time_start': '19:30', 'weekday': 'Lunedì'},
           {'date': '2026-03-03', 'time_start': '19:30', 'weekday': 'Martedì'},
           {'date': '2026-03-04',
            'time_start': '19:30',
            'weekday': 'Mercoledì'},
           {'date': '2026-03-05', 'time_start': '19:30', 'weekday': 'Giovedì'},
           {'date': '2026-03-06', 'time_start': '19:30', 'weekday': 'Venerdì'},
           {'date': '2026-03-07', 'time_start': '19:30', 'weekday': 'Sabato'},
           {'date': '2026-03-08', 'time_start': '19:30', 'weekday': 'Domenica'},
           {'date': '2026-03-09', 'time_start': '19:30', 'weekday': 'Lunedì'},
           {'date': '2026-03-10', 'time_start': '19:30', 'weekday': 'Martedì'},
           {'date': '2026-03-11',
            'time_start': '19:30',
            'weekday': 'Mercoledì'},
           {'date': '2026-03-12', 'time_start': '19:30', 'weekday': 'Giovedì'},
           {'date': '2026-03-13', 'time_start': '19:30', 'weekday': 'Venerdì'},
           {'date': '2026-03-14', 'time_start': '19:30', 'weekday': 'Sabato'},
           {'date': '2026-03-15', 'time_start': '19:30', 'weekday': 'Domenica'},
           {'date': '2026-03-16', 'time_start': '19:30', 'weekday': 'Lunedì'},
           {'date': '2026-03-17', 'time_start': '19:30', 'weekday': 'Martedì'},
           {'date': '2026-03-18',
            'time_start': '19:30',
            'weekday': 'Mercoledì'},
           {'date': '2026-03-19', 'time_start': '19:30', 'weekday': 'Giovedì'},
           {'date': '2026-03-20', 'time_start': '19:30', 'weekday': 'Venerdì'},
           {'date': '2026-03-21', 'time_start': '19:30', 'weekday': 'Sabato'},
           {'date': '2026-03-22', 'time_start': '19:30', 'weekday': 'Domenica'},
           {'date': '2026-03-23', 'time_start': '19:30', 'weekday': 'Lunedì'},
           {'date': '2026-03-24', 'time_start': '19:30', 'weekday': 'Martedì'},
           {'date': '2026-03-25',
            'time_start': '19:30',
            'weekday': 'Mercoledì'},
           {'date': '2026-03-26', 'time_start': '19:30', 'weekday': 'Giovedì'},
           {'date': '2026-03-27', 'time_start': '19:30', 'weekday': 'Venerdì'},
           {'date': '2026-03-28', 'time_start': '19:30', 'weekday': 'Sabato'},
           {'date': '2026-03-29', 'time_start': '19:30', 'weekday': 'Domenica'},
           {'date': '2026-03-30', 'time_start': '19:30', 'weekday': 'Lunedì'},
           {'date': '2026-03-31', 'time_start': '19:30', 'weekday': 'Martedì'}],
 'description': 'Arrivano a Sciacca i “Capricci” di Francisco Goya. Ottanta '
                'incisioni in acquaforte e acquatinta del pittore spagnolo '
                'saranno esposte al Teatro Popolare Samonà da sabato 20 '
                'dicembre fino al 31 marzo (a seguito di proroga), all’interno '
                'della mostra intitolata “Francisco Goya, l’artista della '
                'libertà. Tra verità e satira”. L’evento è organizzato da '
                'Mediterranea Arte e curato da Mery Scalisi con Alessia '
                'Zanella. Dopo l’arrivo delle opere inizieranno le fasi di '
                'allestimento. Accanto alle incisioni saranno esposti anche '
                'quattro oli di Goya e alcune miniature, che permettono di '
                'cogliere la versatilità e la straordinaria qualità tecnica '
                'dell’artista. Tra le opere in evidenza figura l’Apoteosi di '
                'Santa Caterina. L’inaugurazione è in programma sabato alle '
                '19,30 con un vernissage che unirà arte e spettacolo. I '
                'visitatori in possesso del biglietto d’ingresso alla mostra '
                '(15 euro, acquistabile al botteghino del teatro o sul '
                'circuito TicketOne", potranno assistere allo spettacolo '
                'organizzato e prodotto da Mediterranea Arte, con Massimo '
                'Spata e l’intrattenimento musicale delle “Violiniste Chic”. '
                'La mostra arriva dopo il successo dell’esposizione dedicata a '
                'Caravaggio, che ha superato le 15 mila visite, confermando il '
                'Teatro Popolare Samonà come spazio espositivo di riferimento. '
                'Un risultato che ha spinto Mediterranea Arte a continuare a '
                'investire sulla struttura, in sinergia con il Comune di '
                'Sciacca e la Regione Siciliana, proprietaria dell’impianto, '
                'con l’obiettivo di consolidare il teatro come polo culturale '
                'della Sicilia occidentale. In questo percorso si inserisce '
                'anche la compartecipazione alla costruzione del calendario '
                '“Sipario d’inverno”, presentato nei giorni scorsi, che '
                'prevede dodici appuntamenti tra prosa e musica fino al 31 '
                'gennaio. Al centro della mostra tornano i “Capricci”, una '
                'delle serie più celebri di Goya. Immagini cariche di ironia e '
                'spirito critico, in cui l’artista prende di mira il potere '
                'aristocratico e religioso della Spagna del tempo, '
                'raffigurando nobili corrotti, ipocrisie e ignoranza. '
                'Emblematica la serie delle cosiddette “asinerie”, figure con '
                'corpo umano e testa d’asino, attraverso cui Goya affronta il '
                'tema dell’educazione e della responsabilità, con un messaggio '
                'diretto e severo. Nonostante la forza satirica di queste '
                'opere, nel 1807 Goya donò le lastre originali dei “Capricci” '
                'al re Carlo IV di Spagna. Un gesto che ne consentì la '
                'conservazione nelle collezioni della Corona e, '
                'successivamente, nell’attuale Calcografía nacional di Madrid.',
 'image_url': '//citynews-agrigentonotizie.stgy.ovh/~media/horizontal-mid/52381976699691/capricci-goya.jpg',
 'location_address': None,
 'location_name': 'Teatro Samonà',
 'price': '15 euro',
 'scraped_at': '2026-01-30T14:22:57.848718',
 'time_info': 'Inaugurazione alle 19:30',
 'title': 'Ecco i “Capricci” di Goya, mostra al teatro Samonà: inaugurazione '
          'con Massimo Spata e le "Violiniste Chic"',
 'url': 'https://www.agrigentonotizie.it/eventi/capricci-goya-mostra-teatro-samona-sciacca.html',
 'uuid': '1e29be9b8e08331c'}
[2026-01-30T14:23:09.002+0000] {docker.py:429} INFO - 2026-01-30 14:23:09 [scrapy.core.engine] DEBUG: Crawled (200) <GET https://www.agrigentonotizie.it/eventi/mostre-luigi-pirandello-antonietta-portolano-palacongressi.html> (referer: https://www.agrigentonotizie.it/eventi/dal/2026-01-30/al/2026-02-01/)
[2026-01-30T14:23:09.115+0000] {docker.py:429} INFO - 2026-01-30 14:23:09 [scrapy.core.scraper] DEBUG: Scraped from <200 https://www.agrigentonotizie.it/eventi/mostre-luigi-pirandello-antonietta-portolano-palacongressi.html>
{'category': 'Mostre',
 'city': 'Agrigento',
 'content_hash': '3341037d3a0367fe',
 'date_end': '2026-03-30',
 'date_start': '2025-12-04',
 'dates': [{'date': '2025-12-04', 'time_start': '17:00', 'weekday': 'Giovedì'},
           {'date': '2025-12-05', 'time_start': '17:00', 'weekday': 'Venerdì'},
           {'date': '2025-12-06', 'time_start': '17:00', 'weekday': 'Sabato'},
           {'date': '2025-12-07', 'time_start': '17:00', 'weekday': 'Domenica'},
           {'date': '2025-12-08', 'time_start': '17:00', 'weekday': 'Lunedì'},
           {'date': '2025-12-09', 'time_start': '17:00', 'weekday': 'Martedì'},
           {'date': '2025-12-10',
            'time_start': '17:00',
            'weekday': 'Mercoledì'},
           {'date': '2025-12-11', 'time_start': '17:00', 'weekday': 'Giovedì'},
           {'date': '2025-12-12', 'time_start': '17:00', 'weekday': 'Venerdì'},
           {'date': '2025-12-13', 'time_start': '17:00', 'weekday': 'Sabato'},
           {'date': '2025-12-14', 'time_start': '17:00', 'weekday': 'Domenica'},
           {'date': '2025-12-15', 'time_start': '17:00', 'weekday': 'Lunedì'},
           {'date': '2025-12-16', 'time_start': '17:00', 'weekday': 'Martedì'},
           {'date': '2025-12-17',
            'time_start': '17:00',
            'weekday': 'Mercoledì'},
           {'date': '2025-12-18', 'time_start': '17:00', 'weekday': 'Giovedì'},
           {'date': '2025-12-19', 'time_start': '17:00', 'weekday': 'Venerdì'},
           {'date': '2025-12-20', 'time_start': '17:00', 'weekday': 'Sabato'},
           {'date': '2025-12-21', 'time_start': '17:00', 'weekday': 'Domenica'},
           {'date': '2025-12-22', 'time_start': '17:00', 'weekday': 'Lunedì'},
           {'date': '2025-12-23', 'time_start': '17:00', 'weekday': 'Martedì'},
           {'date': '2025-12-24',
            'time_start': '17:00',
            'weekday': 'Mercoledì'},
           {'date': '2025-12-25', 'time_start': '17:00', 'weekday': 'Giovedì'},
           {'date': '2025-12-26', 'time_start': '17:00', 'weekday': 'Venerdì'},
           {'date': '2025-12-27', 'time_start': '17:00', 'weekday': 'Sabato'},
           {'date': '2025-12-28', 'time_start': '17:00', 'weekday': 'Domenica'},
           {'date': '2025-12-29', 'time_start': '17:00', 'weekday': 'Lunedì'},
           {'date': '2025-12-30', 'time_start': '17:00', 'weekday': 'Martedì'},
           {'date': '2025-12-31',
            'time_start': '17:00',
            'weekday': 'Mercoledì'},
           {'date': '2026-01-01', 'time_start': '17:00', 'weekday': 'Giovedì'},
           {'date': '2026-01-02', 'time_start': '17:00', 'weekday': 'Venerdì'},
           {'date': '2026-01-03', 'time_start': '17:00', 'weekday': 'Sabato'},
           {'date': '2026-01-04', 'time_start': '17:00', 'weekday': 'Domenica'},
           {'date': '2026-01-05', 'time_start': '17:00', 'weekday': 'Lunedì'},
           {'date': '2026-01-06', 'time_start': '17:00', 'weekday': 'Martedì'},
           {'date': '2026-01-07',
            'time_start': '17:00',
            'weekday': 'Mercoledì'},
           {'date': '2026-01-08', 'time_start': '17:00', 'weekday': 'Giovedì'},
           {'date': '2026-01-09', 'time_start': '17:00', 'weekday': 'Venerdì'},
           {'date': '2026-01-10', 'time_start': '17:00', 'weekday': 'Sabato'},
           {'date': '2026-01-11', 'time_start': '17:00', 'weekday': 'Domenica'},
           {'date': '2026-01-12', 'time_start': '17:00', 'weekday': 'Lunedì'},
           {'date': '2026-01-13', 'time_start': '17:00', 'weekday': 'Martedì'},
           {'date': '2026-01-14',
            'time_start': '17:00',
            'weekday': 'Mercoledì'},
           {'date': '2026-01-15', 'time_start': '17:00', 'weekday': 'Giovedì'},
           {'date': '2026-01-16', 'time_start': '17:00', 'weekday': 'Venerdì'},
           {'date': '2026-01-17', 'time_start': '17:00', 'weekday': 'Sabato'},
           {'date': '2026-01-18', 'time_start': '17:00', 'weekday': 'Domenica'},
           {'date': '2026-01-19', 'time_start': '17:00', 'weekday': 'Lunedì'},
           {'date': '2026-01-20', 'time_start': '17:00', 'weekday': 'Martedì'},
           {'date': '2026-01-21',
            'time_start': '17:00',
            'weekday': 'Mercoledì'},
           {'date': '2026-01-22', 'time_start': '17:00', 'weekday': 'Giovedì'},
           {'date': '2026-01-23', 'time_start': '17:00', 'weekday': 'Venerdì'},
           {'date': '2026-01-24', 'time_start': '17:00', 'weekday': 'Sabato'},
           {'date': '2026-01-25', 'time_start': '17:00', 'weekday': 'Domenica'},
           {'date': '2026-01-26', 'time_start': '17:00', 'weekday': 'Lunedì'},
           {'date': '2026-01-27', 'time_start': '17:00', 'weekday': 'Martedì'},
           {'date': '2026-01-28',
            'time_start': '17:00',
            'weekday': 'Mercoledì'},
           {'date': '2026-01-29', 'time_start': '17:00', 'weekday': 'Giovedì'},
           {'date': '2026-01-30', 'time_start': '17:00', 'weekday': 'Venerdì'},
           {'date': '2026-01-31', 'time_start': '17:00', 'weekday': 'Sabato'},
           {'date': '2026-02-01', 'time_start': '17:00', 'weekday': 'Domenica'},
           {'date': '2026-02-02', 'time_start': '17:00', 'weekday': 'Lunedì'},
           {'date': '2026-02-03', 'time_start': '17:00', 'weekday': 'Martedì'},
           {'date': '2026-02-04',
            'time_start': '17:00',
            'weekday': 'Mercoledì'},
           {'date': '2026-02-05', 'time_start': '17:00', 'weekday': 'Giovedì'},
           {'date': '2026-02-06', 'time_start': '17:00', 'weekday': 'Venerdì'},
           {'date': '2026-02-07', 'time_start': '17:00', 'weekday': 'Sabato'},
           {'date': '2026-02-08', 'time_start': '17:00', 'weekday': 'Domenica'},
           {'date': '2026-02-09', 'time_start': '17:00', 'weekday': 'Lunedì'},
           {'date': '2026-02-10', 'time_start': '17:00', 'weekday': 'Martedì'},
           {'date': '2026-02-11',
            'time_start': '17:00',
            'weekday': 'Mercoledì'},
           {'date': '2026-02-12', 'time_start': '17:00', 'weekday': 'Giovedì'},
           {'date': '2026-02-13', 'time_start': '17:00', 'weekday': 'Venerdì'},
           {'date': '2026-02-14', 'time_start': '17:00', 'weekday': 'Sabato'},
           {'date': '2026-02-15', 'time_start': '17:00', 'weekday': 'Domenica'},
           {'date': '2026-02-16', 'time_start': '17:00', 'weekday': 'Lunedì'},
           {'date': '2026-02-17', 'time_start': '17:00', 'weekday': 'Martedì'},
           {'date': '2026-02-18',
            'time_start': '17:00',
            'weekday': 'Mercoledì'},
           {'date': '2026-02-19', 'time_start': '17:00', 'weekday': 'Giovedì'},
           {'date': '2026-02-20', 'time_start': '17:00', 'weekday': 'Venerdì'},
           {'date': '2026-02-21', 'time_start': '17:00', 'weekday': 'Sabato'},
           {'date': '2026-02-22', 'time_start': '17:00', 'weekday': 'Domenica'},
           {'date': '2026-02-23', 'time_start': '17:00', 'weekday': 'Lunedì'},
           {'date': '2026-02-24', 'time_start': '17:00', 'weekday': 'Martedì'},
           {'date': '2026-02-25',
            'time_start': '17:00',
            'weekday': 'Mercoledì'},
           {'date': '2026-02-26', 'time_start': '17:00', 'weekday': 'Giovedì'},
           {'date': '2026-02-27', 'time_start': '17:00', 'weekday': 'Venerdì'},
           {'date': '2026-02-28', 'time_start': '17:00', 'weekday': 'Sabato'},
           {'date': '2026-03-01', 'time_start': '17:00', 'weekday': 'Domenica'},
           {'date': '2026-03-02', 'time_start': '17:00', 'weekday': 'Lunedì'},
           {'date': '2026-03-03', 'time_start': '17:00', 'weekday': 'Martedì'},
           {'date': '2026-03-04',
            'time_start': '17:00',
            'weekday': 'Mercoledì'},
           {'date': '2026-03-05', 'time_start': '17:00', 'weekday': 'Giovedì'},
           {'date': '2026-03-06', 'time_start': '17:00', 'weekday': 'Venerdì'},
           {'date': '2026-03-07', 'time_start': '17:00', 'weekday': 'Sabato'},
           {'date': '2026-03-08', 'time_start': '17:00', 'weekday': 'Domenica'},
           {'date': '2026-03-09', 'time_start': '17:00', 'weekday': 'Lunedì'},
           {'date': '2026-03-10', 'time_start': '17:00', 'weekday': 'Martedì'},
           {'date': '2026-03-11',
            'time_start': '17:00',
            'weekday': 'Mercoledì'},
           {'date': '2026-03-12', 'time_start': '17:00', 'weekday': 'Giovedì'},
           {'date': '2026-03-13', 'time_start': '17:00', 'weekday': 'Venerdì'},
           {'date': '2026-03-14', 'time_start': '17:00', 'weekday': 'Sabato'},
           {'date': '2026-03-15', 'time_start': '17:00', 'weekday': 'Domenica'},
           {'date': '2026-03-16', 'time_start': '17:00', 'weekday': 'Lunedì'},
           {'date': '2026-03-17', 'time_start': '17:00', 'weekday': 'Martedì'},
           {'date': '2026-03-18',
            'time_start': '17:00',
            'weekday': 'Mercoledì'},
           {'date': '2026-03-19', 'time_start': '17:00', 'weekday': 'Giovedì'},
           {'date': '2026-03-20', 'time_start': '17:00', 'weekday': 'Venerdì'},
           {'date': '2026-03-21', 'time_start': '17:00', 'weekday': 'Sabato'},
           {'date': '2026-03-22', 'time_start': '17:00', 'weekday': 'Domenica'},
           {'date': '2026-03-23', 'time_start': '17:00', 'weekday': 'Lunedì'},
           {'date': '2026-03-24', 'time_start': '17:00', 'weekday': 'Martedì'},
           {'date': '2026-03-25',
            'time_start': '17:00',
            'weekday': 'Mercoledì'},
           {'date': '2026-03-26', 'time_start': '17:00', 'weekday': 'Giovedì'},
           {'date': '2026-03-27', 'time_start': '17:00', 'weekday': 'Venerdì'},
           {'date': '2026-03-28', 'time_start': '17:00', 'weekday': 'Sabato'},
           {'date': '2026-03-29', 'time_start': '17:00', 'weekday': 'Domenica'},
           {'date': '2026-03-30', 'time_start': '17:00', 'weekday': 'Lunedì'}],
 'description': 'Le sale del Palacongressi di Agrigento accolgono un doppio '
                'percorso espositivo dedicato a Luigi Pirandello e ad '
                'Antonietta Portolano, la compagna di una vita rimasta spesso '
                'ai margini della narrazione pubblica. Le mostre documentarie '
                'e iconografiche “Sua moglie, Antonietta Portolano in '
                'Pirandello” e “Io Luigi, Io Pirandello”, curate da Annamaria '
                'Andreoli e Cristina Iacono, saranno visibili al pubblico dal '
                '4 dicembre al 30 marzo dalle 17 in poi. Le mostre nascono da '
                'un progetto condiviso dall’Istituto nazionale di studi '
                'pirandelliani e dal Parco della Valle dei Templi con '
                'l’obiettivo di valorizzare materiali preziosi conservati '
                'dalla biblioteca museo Luigi Pirandello. Il pubblico potrà '
                'vedere lettere ai figli, ai fratelli e alle sorelle, insieme '
                'alla corrispondenza con scrittori, capocomici ed editori, che '
                'restituisce un quadro vivido delle relazioni personali e '
                'artistiche dello scrittore agrigentino. Ampio spazio è '
                'dedicato al teatro, con copioni manoscritti, soggetti e '
                'composizioni legati al Teatro d’arte e alla Compagnia stabile '
                'di Marta Abba. In mostra anche documenti fondamentali come il '
                '“Taccuino di Coazze”, il “Taccuino di Bonn”, il libretto '
                'rosso “Provenzale”, le prime tredici pagine del romanzo “I '
                'vecchi e i giovani” e quelle del rifacimento di “Suo marito” '
                'con il titolo “Giustino Roncella nato Boggiòlo”. Una sezione '
                'è riservata al rapporto di Pirandello con il cinema '
                'attraverso contratti, corrispondenza con case di produzione '
                'come Cines e Colosseum film, sceneggiature e manifesti che '
                'raccontano l’interesse dello scrittore per la settima arte. '
                'Completano l’esposizione alcuni oggetti personali: un '
                'portafoglio, un portamonete, il libretto universitario, il '
                'foglio di congedo militare, un porta documenti con la tessera '
                'della Reale Accademia d’Italia oltre alla documentazione '
                'relativa al Premio Nobel per la Letteratura del 1934 e ai '
                'giorni della sua morte nel 1936, compreso il foglio con le '
                'ultime volontà. Le mostre saranno visitabili gratuitamente. '
                'La prenotazione è necessaria solo per i gruppi organizzati. '
                'Per informazioni: parcovalledeitempli@regione.sicilia.it .',
 'image_url': '//citynews-agrigentonotizie.stgy.ovh/~media/horizontal-mid/1285744869697/pirandello-portolano.jpeg',
 'location_address': 'Viale Leonardo Sciascia',
 'location_name': 'PalaCongressi',
 'price': 'Gratis',
 'scraped_at': '2026-01-30T14:22:57.847448',
 'time_info': '17:00',
 'title': 'Due mostre raccontano Luigi Pirandello e Antonietta Portolano: '
          'percorso tra lettere, manoscritti e cimeli',
 'url': 'https://www.agrigentonotizie.it/eventi/mostre-luigi-pirandello-antonietta-portolano-palacongressi.html',
 'uuid': 'ca85c55a428b3a53'}
[2026-01-30T14:23:10.170+0000] {docker.py:429} INFO - 2026-01-30 14:23:10 [scrapy.core.engine] DEBUG: Crawled (200) <GET https://www.agrigentonotizie.it/eventi/candle-night-freaks-15-gennaio-16-aprile-2026.html> (referer: https://www.agrigentonotizie.it/eventi/dal/2026-01-30/al/2026-02-01/)
[2026-01-30T14:23:10.286+0000] {docker.py:429} INFO - 2026-01-30 14:23:10 [scrapy.core.scraper] DEBUG: Scraped from <200 https://www.agrigentonotizie.it/eventi/candle-night-freaks-15-gennaio-16-aprile-2026.html>
{'category': 'Concerti',
 'city': 'Agrigento',
 'content_hash': '0cf6ce05fb40e207',
 'date_end': '2026-04-16',
 'date_start': '2026-01-15',
 'dates': [{'date': '2026-01-15', 'time_start': '21:30', 'weekday': 'Giovedì'},
           {'date': '2026-01-16', 'time_start': '21:30', 'weekday': 'Venerdì'},
           {'date': '2026-01-17', 'time_start': '21:30', 'weekday': 'Sabato'},
           {'date': '2026-01-18', 'time_start': '21:30', 'weekday': 'Domenica'},
           {'date': '2026-01-19', 'time_start': '21:30', 'weekday': 'Lunedì'},
           {'date': '2026-01-20', 'time_start': '21:30', 'weekday': 'Martedì'},
           {'date': '2026-01-21',
            'time_start': '21:30',
            'weekday': 'Mercoledì'},
           {'date': '2026-01-22', 'time_start': '21:30', 'weekday': 'Giovedì'},
           {'date': '2026-01-23', 'time_start': '21:30', 'weekday': 'Venerdì'},
           {'date': '2026-01-24', 'time_start': '21:30', 'weekday': 'Sabato'},
           {'date': '2026-01-25', 'time_start': '21:30', 'weekday': 'Domenica'},
           {'date': '2026-01-26', 'time_start': '21:30', 'weekday': 'Lunedì'},
           {'date': '2026-01-27', 'time_start': '21:30', 'weekday': 'Martedì'},
           {'date': '2026-01-28',
            'time_start': '21:30',
            'weekday': 'Mercoledì'},
           {'date': '2026-01-29', 'time_start': '21:30', 'weekday': 'Giovedì'},
           {'date': '2026-01-30', 'time_start': '21:30', 'weekday': 'Venerdì'},
           {'date': '2026-01-31', 'time_start': '21:30', 'weekday': 'Sabato'},
           {'date': '2026-02-01', 'time_start': '21:30', 'weekday': 'Domenica'},
           {'date': '2026-02-02', 'time_start': '21:30', 'weekday': 'Lunedì'},
           {'date': '2026-02-03', 'time_start': '21:30', 'weekday': 'Martedì'},
           {'date': '2026-02-04',
            'time_start': '21:30',
            'weekday': 'Mercoledì'},
           {'date': '2026-02-05', 'time_start': '21:30', 'weekday': 'Giovedì'},
           {'date': '2026-02-06', 'time_start': '21:30', 'weekday': 'Venerdì'},
           {'date': '2026-02-07', 'time_start': '21:30', 'weekday': 'Sabato'},
           {'date': '2026-02-08', 'time_start': '21:30', 'weekday': 'Domenica'},
           {'date': '2026-02-09', 'time_start': '21:30', 'weekday': 'Lunedì'},
           {'date': '2026-02-10', 'time_start': '21:30', 'weekday': 'Martedì'},
           {'date': '2026-02-11',
            'time_start': '21:30',
            'weekday': 'Mercoledì'},
           {'date': '2026-02-12', 'time_start': '21:30', 'weekday': 'Giovedì'},
           {'date': '2026-02-13', 'time_start': '21:30', 'weekday': 'Venerdì'},
           {'date': '2026-02-14', 'time_start': '21:30', 'weekday': 'Sabato'},
           {'date': '2026-02-15', 'time_start': '21:30', 'weekday': 'Domenica'},
           {'date': '2026-02-16', 'time_start': '21:30', 'weekday': 'Lunedì'},
           {'date': '2026-02-17', 'time_start': '21:30', 'weekday': 'Martedì'},
           {'date': '2026-02-18',
            'time_start': '21:30',
            'weekday': 'Mercoledì'},
           {'date': '2026-02-19', 'time_start': '21:30', 'weekday': 'Giovedì'},
           {'date': '2026-02-20', 'time_start': '21:30', 'weekday': 'Venerdì'},
           {'date': '2026-02-21', 'time_start': '21:30', 'weekday': 'Sabato'},
           {'date': '2026-02-22', 'time_start': '21:30', 'weekday': 'Domenica'},
           {'date': '2026-02-23', 'time_start': '21:30', 'weekday': 'Lunedì'},
           {'date': '2026-02-24', 'time_start': '21:30', 'weekday': 'Martedì'},
           {'date': '2026-02-25',
            'time_start': '21:30',
            'weekday': 'Mercoledì'},
           {'date': '2026-02-26', 'time_start': '21:30', 'weekday': 'Giovedì'},
           {'date': '2026-02-27', 'time_start': '21:30', 'weekday': 'Venerdì'},
           {'date': '2026-02-28', 'time_start': '21:30', 'weekday': 'Sabato'},
           {'date': '2026-03-01', 'time_start': '21:30', 'weekday': 'Domenica'},
           {'date': '2026-03-02', 'time_start': '21:30', 'weekday': 'Lunedì'},
           {'date': '2026-03-03', 'time_start': '21:30', 'weekday': 'Martedì'},
           {'date': '2026-03-04',
            'time_start': '21:30',
            'weekday': 'Mercoledì'},
           {'date': '2026-03-05', 'time_start': '21:30', 'weekday': 'Giovedì'},
           {'date': '2026-03-06', 'time_start': '21:30', 'weekday': 'Venerdì'},
           {'date': '2026-03-07', 'time_start': '21:30', 'weekday': 'Sabato'},
           {'date': '2026-03-08', 'time_start': '21:30', 'weekday': 'Domenica'},
           {'date': '2026-03-09', 'time_start': '21:30', 'weekday': 'Lunedì'},
           {'date': '2026-03-10', 'time_start': '21:30', 'weekday': 'Martedì'},
           {'date': '2026-03-11',
            'time_start': '21:30',
            'weekday': 'Mercoledì'},
           {'date': '2026-03-12', 'time_start': '21:30', 'weekday': 'Giovedì'},
           {'date': '2026-03-13', 'time_start': '21:30', 'weekday': 'Venerdì'},
           {'date': '2026-03-14', 'time_start': '21:30', 'weekday': 'Sabato'},
           {'date': '2026-03-15', 'time_start': '21:30', 'weekday': 'Domenica'},
           {'date': '2026-03-16', 'time_start': '21:30', 'weekday': 'Lunedì'},
           {'date': '2026-03-17', 'time_start': '21:30', 'weekday': 'Martedì'},
           {'date': '2026-03-18',
            'time_start': '21:30',
            'weekday': 'Mercoledì'},
           {'date': '2026-03-19', 'time_start': '21:30', 'weekday': 'Giovedì'},
           {'date': '2026-03-20', 'time_start': '21:30', 'weekday': 'Venerdì'},
           {'date': '2026-03-21', 'time_start': '21:30', 'weekday': 'Sabato'},
           {'date': '2026-03-22', 'time_start': '21:30', 'weekday': 'Domenica'},
           {'date': '2026-03-23', 'time_start': '21:30', 'weekday': 'Lunedì'},
           {'date': '2026-03-24', 'time_start': '21:30', 'weekday': 'Martedì'},
           {'date': '2026-03-25',
            'time_start': '21:30',
            'weekday': 'Mercoledì'},
           {'date': '2026-03-26', 'time_start': '21:30', 'weekday': 'Giovedì'},
           {'date': '2026-03-27', 'time_start': '21:30', 'weekday': 'Venerdì'},
           {'date': '2026-03-28', 'time_start': '21:30', 'weekday': 'Sabato'},
           {'date': '2026-03-29', 'time_start': '21:30', 'weekday': 'Domenica'},
           {'date': '2026-03-30', 'time_start': '21:30', 'weekday': 'Lunedì'},
           {'date': '2026-03-31', 'time_start': '21:30', 'weekday': 'Martedì'},
           {'date': '2026-04-01',
            'time_start': '21:30',
            'weekday': 'Mercoledì'},
           {'date': '2026-04-02', 'time_start': '21:30', 'weekday': 'Giovedì'},
           {'date': '2026-04-03', 'time_start': '21:30', 'weekday': 'Venerdì'},
           {'date': '2026-04-04', 'time_start': '21:30', 'weekday': 'Sabato'},
           {'date': '2026-04-05', 'time_start': '21:30', 'weekday': 'Domenica'},
           {'date': '2026-04-06', 'time_start': '21:30', 'weekday': 'Lunedì'},
           {'date': '2026-04-07', 'time_start': '21:30', 'weekday': 'Martedì'},
           {'date': '2026-04-08',
            'time_start': '21:30',
            'weekday': 'Mercoledì'},
           {'date': '2026-04-09', 'time_start': '21:30', 'weekday': 'Giovedì'},
           {'date': '2026-04-10', 'time_start': '21:30', 'weekday': 'Venerdì'},
           {'date': '2026-04-11', 'time_start': '21:30', 'weekday': 'Sabato'},
           {'date': '2026-04-12', 'time_start': '21:30', 'weekday': 'Domenica'},
           {'date': '2026-04-13', 'time_start': '21:30', 'weekday': 'Lunedì'},
           {'date': '2026-04-14', 'time_start': '21:30', 'weekday': 'Martedì'},
           {'date': '2026-04-15',
            'time_start': '21:30',
            'weekday': 'Mercoledì'},
           {'date': '2026-04-16', 'time_start': '21:30', 'weekday': 'Giovedì'}],
 'description': 'Ad Agrigento prende vita “Candle Night”, una nuova rassegna '
                'musicale ideata dal Freaks in via Atenea e pensata per '
                'restituire centralità all’ascolto. I concerti si svolgeranno '
                'nei salotti del piano superiore del locale, trasformati per '
                'l’occasione in uno spazio raccolto e illuminato '
                'esclusivamente da candele. Il format si ispira alle candle '
                'night europee ma viene declinato in una chiave intima e '
                'contemporanea. Il pubblico è seduto, le luci sono ridotte al '
                'minimo, il silenzio diventa parte integrante dell’esperienza. '
                'Non musica di sottofondo ma concerti concepiti come veri '
                'momenti di concentrazione e presenza. Ogni appuntamento è '
                'monografico e ruota attorno a un tema preciso che guida '
                'repertorio e atmosfera della serata. Al pianoforte c’è '
                'Salvatore Galante , interprete capace di attraversare '
                'linguaggi musicali diversi con rigore e sensibilità '
                'restituendo la musica come racconto e non come semplice '
                'esecuzione. Il calendario della rassegna prevede 6 date. Si '
                'parte giovedì 15 gennaio con “Tutto Morricone”. Il secondo '
                'appuntamento è in programma giovedì 19 febbraio con “Tutto '
                'Vivaldi”. Seguiranno “Cinema d’autore” il 5 marzo, “Opera '
                'italiana” il 26 marzo, “Disney” il 2 aprile e “Musica sacra e '
                'spirituale” il 16 aprile. Gli orari sono pensati per favorire '
                'un ascolto senza distrazioni. L’apertura è fissata alle '
                '21.30, l’inizio del concerto alle 22. La durata prevista è di '
                'un’ora. Le serate sono riservate ai soci con possibilità di '
                'sottoscrivere la tessera direttamente in sede. La '
                'partecipazione è solo su prenotazione ed è possibile '
                'riservare il tavolo. Con “Candle Night” il Freaks rafforza la '
                'propria identità di club e spazio esperienziale, capace di '
                'alternare clubbing, sperimentazione culturale e momenti di '
                'ascolto intimo offrendo al pubblico proposte diverse ma '
                'coerenti all’interno di una stessa visione.',
 'image_url': '//citynews-agrigentonotizie.stgy.ovh/~media/horizontal-mid/1256726813066/candle-night.jpg',
 'location_address': 'Via Atenea',
 'location_name': 'Freaks',
 'price': 'Prezzo non disponibile',
 'scraped_at': '2026-01-30T14:22:57.846107',
 'time_info': '21:30',
 'title': 'Al Freaks nasce “Candle night”: concerti a lume di candela per un '
          'ascolto profondo',
 'url': 'https://www.agrigentonotizie.it/eventi/candle-night-freaks-15-gennaio-16-aprile-2026.html',
 'uuid': '116635f7b419473a'}
[2026-01-30T14:23:11.141+0000] {docker.py:429} INFO - 2026-01-30 14:23:11 [scrapy.core.engine] DEBUG: Crawled (200) <GET https://www.agrigentonotizie.it/eventi/concerti-jazz-classica-palacongressi-gennaio-aprile-2026.html> (referer: https://www.agrigentonotizie.it/eventi/dal/2026-01-30/al/2026-02-01/)
[2026-01-30T14:23:11.249+0000] {docker.py:429} INFO - 2026-01-30 14:23:11 [scrapy.core.scraper] DEBUG: Scraped from <200 https://www.agrigentonotizie.it/eventi/concerti-jazz-classica-palacongressi-gennaio-aprile-2026.html>
{'category': 'Concerti',
 'city': 'Agrigento',
 'content_hash': '50f5bd924e2f45aa',
 'date_end': '2026-04-24',
 'date_start': '2026-01-16',
 'dates': [{'date': '2026-01-16', 'time_start': '19:30', 'weekday': 'Venerdì'},
           {'date': '2026-01-17', 'time_start': '19:30', 'weekday': 'Sabato'},
           {'date': '2026-01-18', 'time_start': '19:30', 'weekday': 'Domenica'},
           {'date': '2026-01-19', 'time_start': '19:30', 'weekday': 'Lunedì'},
           {'date': '2026-01-20', 'time_start': '19:30', 'weekday': 'Martedì'},
           {'date': '2026-01-21',
            'time_start': '19:30',
            'weekday': 'Mercoledì'},
           {'date': '2026-01-22', 'time_start': '19:30', 'weekday': 'Giovedì'},
           {'date': '2026-01-23', 'time_start': '19:30', 'weekday': 'Venerdì'},
           {'date': '2026-01-24', 'time_start': '19:30', 'weekday': 'Sabato'},
           {'date': '2026-01-25', 'time_start': '19:30', 'weekday': 'Domenica'},
           {'date': '2026-01-26', 'time_start': '19:30', 'weekday': 'Lunedì'},
           {'date': '2026-01-27', 'time_start': '19:30', 'weekday': 'Martedì'},
           {'date': '2026-01-28',
            'time_start': '19:30',
            'weekday': 'Mercoledì'},
           {'date': '2026-01-29', 'time_start': '19:30', 'weekday': 'Giovedì'},
           {'date': '2026-01-30', 'time_start': '19:30', 'weekday': 'Venerdì'},
           {'date': '2026-01-31', 'time_start': '19:30', 'weekday': 'Sabato'},
           {'date': '2026-02-01', 'time_start': '19:30', 'weekday': 'Domenica'},
           {'date': '2026-02-02', 'time_start': '19:30', 'weekday': 'Lunedì'},
           {'date': '2026-02-03', 'time_start': '19:30', 'weekday': 'Martedì'},
           {'date': '2026-02-04',
            'time_start': '19:30',
            'weekday': 'Mercoledì'},
           {'date': '2026-02-05', 'time_start': '19:30', 'weekday': 'Giovedì'},
           {'date': '2026-02-06', 'time_start': '19:30', 'weekday': 'Venerdì'},
           {'date': '2026-02-07', 'time_start': '19:30', 'weekday': 'Sabato'},
           {'date': '2026-02-08', 'time_start': '19:30', 'weekday': 'Domenica'},
           {'date': '2026-02-09', 'time_start': '19:30', 'weekday': 'Lunedì'},
           {'date': '2026-02-10', 'time_start': '19:30', 'weekday': 'Martedì'},
           {'date': '2026-02-11',
            'time_start': '19:30',
            'weekday': 'Mercoledì'},
           {'date': '2026-02-12', 'time_start': '19:30', 'weekday': 'Giovedì'},
           {'date': '2026-02-13', 'time_start': '19:30', 'weekday': 'Venerdì'},
           {'date': '2026-02-14', 'time_start': '19:30', 'weekday': 'Sabato'},
           {'date': '2026-02-15', 'time_start': '19:30', 'weekday': 'Domenica'},
           {'date': '2026-02-16', 'time_start': '19:30', 'weekday': 'Lunedì'},
           {'date': '2026-02-17', 'time_start': '19:30', 'weekday': 'Martedì'},
           {'date': '2026-02-18',
            'time_start': '19:30',
            'weekday': 'Mercoledì'},
           {'date': '2026-02-19', 'time_start': '19:30', 'weekday': 'Giovedì'},
           {'date': '2026-02-20', 'time_start': '19:30', 'weekday': 'Venerdì'},
           {'date': '2026-02-21', 'time_start': '19:30', 'weekday': 'Sabato'},
           {'date': '2026-02-22', 'time_start': '19:30', 'weekday': 'Domenica'},
           {'date': '2026-02-23', 'time_start': '19:30', 'weekday': 'Lunedì'},
           {'date': '2026-02-24', 'time_start': '19:30', 'weekday': 'Martedì'},
           {'date': '2026-02-25',
            'time_start': '19:30',
            'weekday': 'Mercoledì'},
           {'date': '2026-02-26', 'time_start': '19:30', 'weekday': 'Giovedì'},
           {'date': '2026-02-27', 'time_start': '19:30', 'weekday': 'Venerdì'},
           {'date': '2026-02-28', 'time_start': '19:30', 'weekday': 'Sabato'},
           {'date': '2026-03-01', 'time_start': '19:30', 'weekday': 'Domenica'},
           {'date': '2026-03-02', 'time_start': '19:30', 'weekday': 'Lunedì'},
           {'date': '2026-03-03', 'time_start': '19:30', 'weekday': 'Martedì'},
           {'date': '2026-03-04',
            'time_start': '19:30',
            'weekday': 'Mercoledì'},
           {'date': '2026-03-05', 'time_start': '19:30', 'weekday': 'Giovedì'},
           {'date': '2026-03-06', 'time_start': '19:30', 'weekday': 'Venerdì'},
           {'date': '2026-03-07', 'time_start': '19:30', 'weekday': 'Sabato'},
           {'date': '2026-03-08', 'time_start': '19:30', 'weekday': 'Domenica'},
           {'date': '2026-03-09', 'time_start': '19:30', 'weekday': 'Lunedì'},
           {'date': '2026-03-10', 'time_start': '19:30', 'weekday': 'Martedì'},
           {'date': '2026-03-11',
            'time_start': '19:30',
            'weekday': 'Mercoledì'},
           {'date': '2026-03-12', 'time_start': '19:30', 'weekday': 'Giovedì'},
           {'date': '2026-03-13', 'time_start': '19:30', 'weekday': 'Venerdì'},
           {'date': '2026-03-14', 'time_start': '19:30', 'weekday': 'Sabato'},
           {'date': '2026-03-15', 'time_start': '19:30', 'weekday': 'Domenica'},
           {'date': '2026-03-16', 'time_start': '19:30', 'weekday': 'Lunedì'},
           {'date': '2026-03-17', 'time_start': '19:30', 'weekday': 'Martedì'},
           {'date': '2026-03-18',
            'time_start': '19:30',
            'weekday': 'Mercoledì'},
           {'date': '2026-03-19', 'time_start': '19:30', 'weekday': 'Giovedì'},
           {'date': '2026-03-20', 'time_start': '19:30', 'weekday': 'Venerdì'},
           {'date': '2026-03-21', 'time_start': '19:30', 'weekday': 'Sabato'},
           {'date': '2026-03-22', 'time_start': '19:30', 'weekday': 'Domenica'},
           {'date': '2026-03-23', 'time_start': '19:30', 'weekday': 'Lunedì'},
           {'date': '2026-03-24', 'time_start': '19:30', 'weekday': 'Martedì'},
           {'date': '2026-03-25',
            'time_start': '19:30',
            'weekday': 'Mercoledì'},
           {'date': '2026-03-26', 'time_start': '19:30', 'weekday': 'Giovedì'},
           {'date': '2026-03-27', 'time_start': '19:30', 'weekday': 'Venerdì'},
           {'date': '2026-03-28', 'time_start': '19:30', 'weekday': 'Sabato'},
           {'date': '2026-03-29', 'time_start': '19:30', 'weekday': 'Domenica'},
           {'date': '2026-03-30', 'time_start': '19:30', 'weekday': 'Lunedì'},
           {'date': '2026-03-31', 'time_start': '19:30', 'weekday': 'Martedì'},
           {'date': '2026-04-01',
            'time_start': '19:30',
            'weekday': 'Mercoledì'},
           {'date': '2026-04-02', 'time_start': '19:30', 'weekday': 'Giovedì'},
           {'date': '2026-04-03', 'time_start': '19:30', 'weekday': 'Venerdì'},
           {'date': '2026-04-04', 'time_start': '19:30', 'weekday': 'Sabato'},
           {'date': '2026-04-05', 'time_start': '19:30', 'weekday': 'Domenica'},
           {'date': '2026-04-06', 'time_start': '19:30', 'weekday': 'Lunedì'},
           {'date': '2026-04-07', 'time_start': '19:30', 'weekday': 'Martedì'},
           {'date': '2026-04-08',
            'time_start': '19:30',
            'weekday': 'Mercoledì'},
           {'date': '2026-04-09', 'time_start': '19:30', 'weekday': 'Giovedì'},
           {'date': '2026-04-10', 'time_start': '19:30', 'weekday': 'Venerdì'},
           {'date': '2026-04-11', 'time_start': '19:30', 'weekday': 'Sabato'},
           {'date': '2026-04-12', 'time_start': '19:30', 'weekday': 'Domenica'},
           {'date': '2026-04-13', 'time_start': '19:30', 'weekday': 'Lunedì'},
           {'date': '2026-04-14', 'time_start': '19:30', 'weekday': 'Martedì'},
           {'date': '2026-04-15',
            'time_start': '19:30',
            'weekday': 'Mercoledì'},
           {'date': '2026-04-16', 'time_start': '19:30', 'weekday': 'Giovedì'},
           {'date': '2026-04-17', 'time_start': '19:30', 'weekday': 'Venerdì'},
           {'date': '2026-04-18', 'time_start': '19:30', 'weekday': 'Sabato'},
           {'date': '2026-04-19', 'time_start': '19:30', 'weekday': 'Domenica'},
           {'date': '2026-04-20', 'time_start': '19:30', 'weekday': 'Lunedì'},
           {'date': '2026-04-21', 'time_start': '19:30', 'weekday': 'Martedì'},
           {'date': '2026-04-22',
            'time_start': '19:30',
            'weekday': 'Mercoledì'},
           {'date': '2026-04-23', 'time_start': '19:30', 'weekday': 'Giovedì'},
           {'date': '2026-04-24', 'time_start': '19:30', 'weekday': 'Venerdì'}],
 'description': 'Classica e jazz tornano a dialogare ad Agrigento in una nuova '
                'stagione musicale ospitata al Palacongressi negli spazi della '
                'sala Zeus. Una rassegna articolata in due sezioni, con 14 '
                'concerti a ingresso libero, che prenderà forma a partire da '
                'gennaio e accompagnerà il pubblico fino alla primavera. Il '
                'progetto nasce all’interno delle attività culturali del Parco '
                'archeologico Valle dei Templi ed è stato voluto dal direttore '
                'Roberto Sciarratta con la direzione artistica affidata a '
                'Carmelo Salemi . L’obiettivo è offrire alla città un percorso '
                'musicale accessibile, capace di mettere in relazione '
                'generazioni, linguaggi e pubblici diversi. Da un lato la '
                'sezione classica, costruita attorno a recital pianistici e '
                'appuntamenti di musica da camera che valorizzano giovani '
                'interpreti del territorio e un repertorio che attraversa i '
                'grandi autori, da Mozart a Beethoven, da Liszt a '
                'Shostakovich. Dall’altro la sezione jazz che raccoglie '
                'l’eredità delle storiche rassegne cittadine e porta sul palco '
                'della Sala Zeus alcuni tra i più affermati musicisti '
                'italiani. “La rassegna nasce dal desiderio di creare un luogo '
                'di incontro tra musicisti, pubblico e territorio – ha '
                'spiegato Carmelo Salemi –. Il jazz è dialogo, ascolto, '
                'libertà espressiva: valori che vogliamo condividere con la '
                'comunità e con tutti coloro che amano la cultura”. La sezione '
                'classica prenderà il via il 16 gennaio con il recital '
                'pianistico di Leonardo Scicolone e proseguirà con una fitta '
                'sequenza di appuntamenti dedicati al pianoforte e alla musica '
                'da camera. Tra i protagonisti Valentino Taormina, Angelo '
                'Vaccarello, Flavio Schifano, Marco Carmina, il duo Giada '
                'Nobile e Marco Caterina fino alle serate articolate in più '
                'momenti e al concerto conclusivo del 24 aprile. Spazio anche '
                'al jazz: dal Carmen Avellone Quartet con Vito Giordano '
                'passando per il Claudio Giambruno Quartet con il progetto '
                'Italian Amarcord, fino ai set dell’Alberto Anguzza Quartet, '
                'del Francesco Cusa Trio e del duo internazionale formato da '
                'Reiner Baas e Ben Van Gelder. Il cartellone Tutti gli '
                'spettacoli sono a ingresso libero fino a esaurimento posti. '
                'Una proposta che rafforza il ruolo del Palacongressi come '
                'spazio culturale cittadino e conferma la musica come '
                'strumento di incontro e partecipazione, capace di connettere '
                'il patrimonio archeologico, la scena artistica e la comunità '
                'locale.',
 'image_url': '//citynews-agrigentonotizie.stgy.ovh/~media/horizontal-mid/39266492053640/palacongressi-sala-zeus.jpeg',
 'location_address': 'Viale Leonardo Sciascia',
 'location_name': 'PalaCongressi',
 'price': 'Gratis',
 'scraped_at': '2026-01-30T14:22:57.844957',
 'time_info': '19:30',
 'title': "Classica e jazz s'incontrano al Palacongressi: al via nuova "
          'stagione musicale',
 'url': 'https://www.agrigentonotizie.it/eventi/concerti-jazz-classica-palacongressi-gennaio-aprile-2026.html',
 'uuid': '102ce4f02c0642aa'}
[2026-01-30T14:23:12.586+0000] {docker.py:429} INFO - 2026-01-30 14:23:12 [scrapy.core.engine] DEBUG: Crawled (200) <GET https://www.agrigentonotizie.it/eventi/valle-dei-templi-gratis-laboratori-visite-1-febbraio-2026.html> (referer: https://www.agrigentonotizie.it/eventi/dal/2026-01-30/al/2026-02-01/)
[2026-01-30T14:23:12.695+0000] {docker.py:429} INFO - 2026-01-30 14:23:12 [scrapy.core.scraper] DEBUG: Scraped from <200 https://www.agrigentonotizie.it/eventi/valle-dei-templi-gratis-laboratori-visite-1-febbraio-2026.html>
{'category': None,
 'city': 'Agrigento',
 'content_hash': '4a9072b654d40364',
 'date_end': '2026-02-01',
 'date_start': '2026-02-01',
 'dates': [{'date': '2026-02-01',
            'time_start': '10:30',
            'weekday': 'Domenica'}],
 'description': 'La prima domenica del mese coincide con l’ingresso gratuito '
                "nei luoghi della cultura. L'1 febbraio si entra dunque a "
                'costo zero nella Valle dei Templi e al museo archeologico. Da '
                'venerdì a domenica, alle 10.30 e alle 11.45, sono in '
                'calendario i percorsi sotterranei: un itinerario tra '
                'arcosoli, formae e sepolture per scoprire la vita dei primi '
                'cristiani, con i visitatori accompagnati dagli archeologi di '
                'CoopCulture . Nel pomeriggio, alle 15, torna la visita “Valle '
                'senza segreti”: dal tempio di Giunone al tempio della '
                'Concordia per leggere l’ampiezza dell’antica Akràgas fino '
                'alle catacombe paleocristiane. È sempre possibile anche la '
                'visita autonoma con audioguida. Chi inserisce nel percorso il '
                'centro storico può visitare la mostra “Insulae Aqua” alle '
                'Fabbriche Chiaramontane , aperta tutti i giorni tranne il '
                'lunedì: le fotografie di Gianni Berengo Gardin dialogano con '
                'il lavoro di Filippo Romano . Nel pomeriggio di domenica, '
                'alle 16, spazio ai più piccoli al museo Griffo con un '
                'laboratorio pensato per avvicinarli al lavoro degli '
                'archeologi. Guidati dalla simpatica “Rompina de’ Cocci”, i '
                'bambini seguono un percorso in tre fasi: racconto '
                'introduttivo in aula didattica, osservazione guidata delle '
                'teche e simulazione di restauro tra frammenti, colla e '
                'colori. L’attività si conclude con la realizzazione di un '
                'vasetto e con l’invenzione di un breve racconto ispirato alle '
                'avventure della protagonista. Ecco tutti i siti visitabili '
                'gratuitamente e i relativi orari: Valle dei Templi : dalle '
                '8.30 alle 20.00 (ultimo ingresso alle 19.00). Museo '
                'archeologico regionale Pietro Griffo : dalle 9.00 alle 19.30. '
                'Casa Museo Luigi Pirandello : dalle 9.00 alle 19.30. '
                'Fabbriche Chiaramontane – Mostra “Insulae Aqua” : dalle 9.00 '
                'alle 18.00. Area archeologica di Eraclea Minoa : dalle 9.30 '
                'alle 17.30 (ultimo ingresso alle 17.00). Area archeologica di '
                'Villa Romana – Realmonte : dalle 9.00 alle 19.00. Museo '
                'regionale della Badia di Licata : dalle 9.00 alle 13.00. '
                'Castello Sant’Angelo di Licata : dalle 9.00 alle 13.00. '
                'Palazzo Panitteri e Monte Adranone di Sambuca di Sicilia : '
                'dalle 9.00 alle 13.00.',
 'image_url': '//citynews-agrigentonotizie.stgy.ovh/~media/horizontal-mid/58589646435471/agrigento_laboratori-per-bambini-al-museo-griffo-4.jpeg',
 'location_address': 'Via Passeggiata Archeologica',
 'location_name': 'Valle dei Templi - Museo archeologico Pietro Griffo',
 'price': 'Gratis',
 'scraped_at': '2026-01-30T14:22:57.843698',
 'time_info': 'Dalle 10:30',
 'title': 'Valle dei Templi gratis per la la prima domenica del mese: percorsi '
          'sotterranei e laboratori',
 'url': 'https://www.agrigentonotizie.it/eventi/valle-dei-templi-gratis-laboratori-visite-1-febbraio-2026.html',
 'uuid': '7c3142f39ba9289b'}
[2026-01-30T14:23:13.696+0000] {docker.py:429} INFO - 2026-01-30 14:23:13 [scrapy.core.engine] DEBUG: Crawled (200) <GET https://www.agrigentonotizie.it/eventi/concerto-rocco-daniele-carlucci-rassegna-mariuccia-linder-teatranima.html> (referer: https://www.agrigentonotizie.it/eventi/dal/2026-01-30/al/2026-02-01/)
[2026-01-30T14:23:13.804+0000] {docker.py:429} INFO - 2026-01-30 14:23:13 [scrapy.core.scraper] DEBUG: Scraped from <200 https://www.agrigentonotizie.it/eventi/concerto-rocco-daniele-carlucci-rassegna-mariuccia-linder-teatranima.html>
{'category': 'Concerti',
 'city': 'Agrigento',
 'content_hash': 'a2c9bc908771689a',
 'date_end': '2026-01-31',
 'date_start': '2026-01-31',
 'dates': [{'date': '2026-01-31', 'time_start': '18:00', 'weekday': 'Sabato'}],
 'description': 'Primo appuntamento dell’anno con la rassegna teatrale '
                "Mariuccia Linder 2025/2026, ideata dall'a ssociazione "
                'culturale TeatrAnima, per continuare a tenere vivo il ricordo '
                'umano e artistico di Mariuccia Linder, insegnante di '
                'educazione artistica e di storia dell’arte ad Agrigento, '
                'pittrice, poetessa, costumista, scenografa, scrittrice per il '
                'teatro e soprattutto attrice. Sabato 31 gennaio alle 18, '
                'nella sala del Teatranimahub, il centro culturale realizzato '
                'dall’associazione all’interno dell’ex Istituto '
                'Gioeni/Salesiani in via Oblati 96, è in programma il concerto '
                'del chitarrista Rocco Daniele Carlucci . L’artista proporrà '
                'un percorso musicale che attraversa il repertorio classico, '
                'romantico e fauvista con brani di Mauro Giuliani , Agustín '
                'Barrios , Heitor Villa-Lobos e Francisco Tárrega . L’ingresso '
                'prevede un contributo associativo di 8 euro. Informazioni al '
                '327 0044269, al 329 1148371 o all’indirizzo '
                'teatranima@libero.it .',
 'image_url': '//citynews-agrigentonotizie.stgy.ovh/~media/horizontal-mid/2555249302573/rocco-daniele-carlucci.jpg',
 'location_address': 'Via Oblati, 96',
 'location_name': 'TeatrAnima all’interno dell’ex istituto Salesiani',
 'price': '8 euro',
 'scraped_at': '2026-01-30T14:22:57.842967',
 'time_info': '18:00',
 'title': 'Rassegna Mariuccia Linder, il concerto di Rocco Daniele Carlucci '
          'apre il nuovo anno teatrale',
 'url': 'https://www.agrigentonotizie.it/eventi/concerto-rocco-daniele-carlucci-rassegna-mariuccia-linder-teatranima.html',
 'uuid': '6ccf8205dee23f78'}
[2026-01-30T14:23:15.071+0000] {docker.py:429} INFO - 2026-01-30 14:23:15 [scrapy.core.engine] DEBUG: Crawled (200) <GET https://www.agrigentonotizie.it/eventi/sbandati-proiezione-cinema-lupo-ribera-31-gennaio-2026.html> (referer: https://www.agrigentonotizie.it/eventi/dal/2026-01-30/al/2026-02-01/)
[2026-01-30T14:23:15.180+0000] {docker.py:429} INFO - 2026-01-30 14:23:15 [scrapy.core.scraper] DEBUG: Scraped from <200 https://www.agrigentonotizie.it/eventi/sbandati-proiezione-cinema-lupo-ribera-31-gennaio-2026.html>
{'category': 'Cinema',
 'city': 'Agrigento',
 'content_hash': '844818ee569d44b7',
 'date_end': '2026-01-31',
 'date_start': '2026-01-31',
 'dates': [{'date': '2026-01-31', 'time_start': '18:00', 'weekday': 'Sabato'}],
 'description': 'Sabato 31 gennaio alle 18 il cinema-teatro Lupo di Ribera '
                'ospiterà la proiezione speciale di “Sbandati” , il film '
                'diretto da Maurizio Trapani . All’evento saranno presenti, '
                'oltre al regista, l’attore protagonista Raffaele Taddei , '
                'Totò Cascio , alcuni interpreti secondari e parte della '
                'troupe che ha lavorato alla realizzazione del film. '
                '“Sbandati” è ambientato nel secondo dopoguerra e racconta, '
                'con uno sguardo asciutto e simbolico, un’umanità sospesa tra '
                'macerie materiali e ferite interiori. Un racconto che '
                'attraversa la memoria collettiva restituendo il clima di '
                'un’Italia in ricostruzione tra disorientamento e ricerca di '
                'riscatto. La proiezione rappresenta un’occasione di incontro '
                'diretto tra pubblico e autori, con la possibilità di '
                'approfondire il percorso creativo dell’opera e il lavoro '
                'svolto sul set grazie alla presenza in sala di cast e '
                'regista.',
 'image_url': '//citynews-agrigentonotizie.stgy.ovh/~media/horizontal-mid/66429527122446/sbandati.jpeg',
 'location_address': 'Piazza Castello',
 'location_name': 'Cine Teatro Lupo',
 'price': 'Prezzo non disponibile',
 'scraped_at': '2026-01-30T14:22:57.842432',
 'time_info': '18:00',
 'title': '"Sbandati": al cinema Lupo l\'anteprima del film di Maurizio '
          'Trapani con il cast in sala',
 'url': 'https://www.agrigentonotizie.it/eventi/sbandati-proiezione-cinema-lupo-ribera-31-gennaio-2026.html',
 'uuid': '59a8bda6789069a8'}
[2026-01-30T14:23:16.149+0000] {docker.py:429} INFO - 2026-01-30 14:23:16 [scrapy.core.engine] DEBUG: Crawled (200) <GET https://www.agrigentonotizie.it/eventi/costa-del-mito-ferrari-tour-31-gennaio-1-febbraio-2026.html> (referer: https://www.agrigentonotizie.it/eventi/dal/2026-01-30/al/2026-02-01/)
[2026-01-30T14:23:16.260+0000] {docker.py:429} INFO - 2026-01-30 14:23:16 [scrapy.core.scraper] DEBUG: Scraped from <200 https://www.agrigentonotizie.it/eventi/costa-del-mito-ferrari-tour-31-gennaio-1-febbraio-2026.html>
{'category': 'Auto e moto',
 'city': 'Agrigento',
 'content_hash': '5b8673b516f9bc8b',
 'date_end': '2026-02-01',
 'date_start': '2026-01-31',
 'dates': [{'date': '2026-01-31', 'weekday': 'Sabato'},
           {'date': '2026-02-01', 'weekday': 'Domenica'}],
 'description': 'La passione per le grandi vetture sportive incontra alcuni '
                'dei luoghi più identitari della Sicilia. Sulla Costa del Mito '
                'torna il Ferrari Tour del club Gilles Villeneuve di Palermo: '
                'un appuntamento che unisce motori, cultura e promozione '
                'territoriale attraversando centri simbolo dell’agrigentino. '
                'Il tour prenderà il via sabato 31 gennaio in mattinata da '
                'Palermo, con una prima tappa nell’area di '
                'Castelvetrano–Selinunte, per poi proseguire verso Palma di '
                'Montechiaro . Intorno a mezzogiorno le Ferrari raggiungeranno '
                'la città legata ai luoghi del Gattopardo dove sfilano lungo '
                'le vie del centro e resteranno in esposizione ai piedi della '
                'scalinata della chiesa Madre trasformando il cuore urbano in '
                'una vetrina a cielo aperto per cittadini e visitatori. Nel '
                'pomeriggio, a partire dalle 17, il corteo si sposterà ad '
                'Agrigento . Le auto attraverseranno il centro cittadino e '
                'verranno poi schierate all’interno di villa Bonfiglio '
                'offrendo un momento di incontro tra appassionati di motori, '
                'curiosi e famiglie. Il programma proseguirà nel pomeriggio di '
                'domenica 1 febbraio con una nuova tappa a Canicattì , prima '
                'del rientro a Palermo, completando così un itinerario che '
                'valorizza un’ampia porzione del territorio. “Anche quest’anno '
                'si rinnova l’appuntamento con le Ferrari sulla Costa del Mito '
                '– ha detto Fabrizio La Gaipa –. Si tratta di una prestigiosa '
                'opportunità di promozione, capace di accogliere sul nostro '
                'territorio ospiti particolarmente graditi e, allo stesso '
                'tempo, di offrire un momento di partecipazione ai cittadini”. '
                'La Gaipa, amministratore della Dmo - Distretto turistico '
                'Valle dei Templi , ha ringraziato il presidente del Ferrari '
                'Club Gilles Villeneuve di Palermo, Antonio Bonadonna , e le '
                'amministrazioni comunali coinvolte per la collaborazione. '
                'L’iniziativa celebra l’eccellenza automobilistica italiana e '
                'rafforza il legame tra eventi di richiamo e valorizzazione '
                'culturale confermando la Costa del Mito come scenario capace '
                'di coniugare spettacolo, identità e volano per il turismo.',
 'image_url': '//citynews-agrigentonotizie.stgy.ovh/~media/horizontal-mid/35514235772448/ferrari.jpeg',
 'location_address': None,
 'location_name': 'Villa Bonfiglio Agrigento - Palma di Montechiaro - '
                  'Canicattì',
 'price': 'Gratis',
 'scraped_at': '2026-01-30T14:22:57.841742',
 'time_info': 'Dalle 12 in poi',
 'title': 'Il "Cavallino rampante" sulla Costa del Mito: le Ferrari sfilano '
          'tra Gattopardo e Templi',
 'url': 'https://www.agrigentonotizie.it/eventi/costa-del-mito-ferrari-tour-31-gennaio-1-febbraio-2026.html',
 'uuid': 'bafd6ea2c88092cd'}
[2026-01-30T14:23:16.261+0000] {docker.py:429} INFO - 2026-01-30 14:23:16 [scrapy.core.engine] INFO: Closing spider (finished)
[2026-01-30T14:23:16.261+0000] {docker.py:429} INFO - 2026-01-30 14:23:16 [scrapy.extensions.feedexport] INFO: Stored json feed (15 items) in: /app/city_today/output/eventi_agrigento_questa-settimana_20260130_142253.json
[2026-01-30T14:23:16.262+0000] {docker.py:429} INFO - 2026-01-30 14:23:16 [scrapy.statscollectors] INFO: Dumping Scrapy stats:
{'downloader/request_bytes': 7445,
 'downloader/request_count': 17,
 'downloader/request_method_count/GET': 17,
 'downloader/response_bytes': 2482536,
 'downloader/response_count': 17,
 'downloader/response_status_count/200': 17,
 'elapsed_time_seconds': 22.547973,
 'feedexport/success_count/FileFeedStorage': 1,
 'finish_reason': 'finished',
 'finish_time': datetime.datetime(2026, 1, 30, 14, 23, 16, 260574, tzinfo=datetime.timezone.utc),
 'httpcompression/response_bytes': 13365274,
 'httpcompression/response_count': 17,
 'item_scraped_count': 15,
 'items_per_city/Agrigento': 15,
 'items_per_minute': 40.909090909090914,
 'log_count/DEBUG': 32,
 'log_count/INFO': 3,
 'memusage/max': 68866048,
 'memusage/startup': 68866048,
 'request_depth_max': 1,
 'response_received_count': 17,
 'responses_per_minute': 46.36363636363637,
 'robotstxt/request_count': 1,
 'robotstxt/response_count': 1,
 'robotstxt/response_status_count/200': 1,
 'scheduler/dequeued': 16,
 'scheduler/dequeued/memory': 16,
 'scheduler/enqueued': 16,
 'scheduler/enqueued/memory': 16,
 'start_time': datetime.datetime(2026, 1, 30, 14, 22, 53, 712601, tzinfo=datetime.timezone.utc)}
2026-01-30 14:23:16 [scrapy.core.engine] INFO: Spider closed (finished)
[2026-01-30T14:23:16.305+0000] {docker.py:429} INFO - Scraping completato. File: /app/city_today/output/eventi_agrigento_questa-settimana_20260130_142253.json
[2026-01-30T14:23:16.642+0000] {taskinstance.py:1138} INFO - Marking task as SUCCESS. dag_id=etl_events_daily, task_id=process_agrigento.scrape_city_today, execution_date=20260129T060000, start_date=20260130T142252, end_date=20260130T142316
[2026-01-30T14:23:16.697+0000] {local_task_job_runner.py:234} INFO - Task exited with return code 0
[2026-01-30T14:23:16.739+0000] {taskinstance.py:3280} INFO - 0 downstream tasks scheduled from follow-on schedule check
