[2026-01-28T20:46:31.710+0000] {taskinstance.py:1956} INFO - Dependencies all met for dep_context=non-requeueable deps ti=<TaskInstance: etl_events_daily.process_napoli.scrape_city_today manual__2026-01-28T20:44:23.219435+00:00 [queued]>
[2026-01-28T20:46:31.726+0000] {taskinstance.py:1956} INFO - Dependencies all met for dep_context=requeueable deps ti=<TaskInstance: etl_events_daily.process_napoli.scrape_city_today manual__2026-01-28T20:44:23.219435+00:00 [queued]>
[2026-01-28T20:46:31.727+0000] {taskinstance.py:2170} INFO - Starting attempt 2 of 4
[2026-01-28T20:46:31.794+0000] {taskinstance.py:2191} INFO - Executing <Task(FilterableDockerOperator): process_napoli.scrape_city_today> on 2026-01-28 20:44:23.219435+00:00
[2026-01-28T20:46:31.809+0000] {standard_task_runner.py:60} INFO - Started process 421 to run task
[2026-01-28T20:46:31.814+0000] {standard_task_runner.py:87} INFO - Running: ['airflow', 'tasks', 'run', 'etl_events_daily', 'process_napoli.scrape_city_today', 'manual__2026-01-28T20:44:23.219435+00:00', '--job-id', '60', '--raw', '--subdir', 'DAGS_FOLDER/scrape_events.py', '--cfg-path', '/tmp/tmp7ol59gru']
[2026-01-28T20:46:31.819+0000] {standard_task_runner.py:88} INFO - Job 60: Subtask process_napoli.scrape_city_today
[2026-01-28T20:46:31.854+0000] {logging_mixin.py:188} WARNING - /home/airflow/.local/lib/python3.11/site-packages/airflow/settings.py:194 DeprecationWarning: The sql_alchemy_conn option in [core] has been moved to the sql_alchemy_conn option in [database] - the old setting has been used, but please update your config.
[2026-01-28T20:46:31.959+0000] {task_command.py:423} INFO - Running <TaskInstance: etl_events_daily.process_napoli.scrape_city_today manual__2026-01-28T20:44:23.219435+00:00 [running]> on host 621489cd6b79
[2026-01-28T20:46:32.139+0000] {taskinstance.py:2480} INFO - Exporting env vars: AIRFLOW_CTX_DAG_OWNER='airflow' AIRFLOW_CTX_DAG_ID='etl_events_daily' AIRFLOW_CTX_TASK_ID='process_napoli.scrape_city_today' AIRFLOW_CTX_EXECUTION_DATE='2026-01-28T20:44:23.219435+00:00' AIRFLOW_CTX_TRY_NUMBER='2' AIRFLOW_CTX_DAG_RUN_ID='manual__2026-01-28T20:44:23.219435+00:00'
[2026-01-28T20:46:32.198+0000] {docker.py:359} INFO - Starting docker container from image scrapy-events:latest
[2026-01-28T20:46:32.215+0000] {docker.py:367} WARNING - Using remote engine or docker-in-docker and mounting temporary volume from host is not supported. Falling back to `mount_tmp_dir=False` mode. You can set `mount_tmp_dir` parameter to False to disable mounting and remove the warning
[2026-01-28T20:46:33.856+0000] {docker.py:429} INFO - Avvio scraping per: Napoli
[2026-01-28T20:46:33.858+0000] {docker.py:429} INFO - 
[2026-01-28T20:46:33.860+0000] {docker.py:429} INFO - Periodo: questa-settimana
[2026-01-28T20:46:33.860+0000] {docker.py:429} INFO - 
[2026-01-28T20:46:33.861+0000] {docker.py:429} INFO - 2026-01-28 20:46:33 [scrapy.utils.log] INFO: Scrapy 2.14.1 started (bot: events)
[2026-01-28T20:46:33.875+0000] {docker.py:429} INFO - 2026-01-28 20:46:33 [scrapy.utils.log] INFO: Versions:
{'lxml': '6.0.2',
 'libxml2': '2.14.6',
 'cssselect': '1.3.0',
 'parsel': '1.10.0',
 'w3lib': '2.3.1',
 'Twisted': '25.5.0',
 'Python': '3.11.14 (main, Jan 13 2026, 03:12:14) [GCC 14.2.0]',
 'pyOpenSSL': '25.3.0 (OpenSSL 3.5.4 30 Sep 2025)',
 'cryptography': '46.0.3',
 'Platform': 'Linux-6.12.54-linuxkit-x86_64-with-glibc2.41'}
[2026-01-28T20:46:33.876+0000] {docker.py:429} INFO - 2026-01-28 20:46:33 [scrapy.crawler] DEBUG: Using CrawlerProcess
[2026-01-28T20:46:33.878+0000] {docker.py:429} INFO - 2026-01-28 20:46:33 [events] INFO: Scraping città: Napoli
[2026-01-28T20:46:33.879+0000] {docker.py:429} INFO - 2026-01-28 20:46:33 [events] INFO: Periodo: questa-settimana (2026-01-28 - 2026-02-01)
[2026-01-28T20:46:33.879+0000] {docker.py:429} INFO - 2026-01-28 20:46:33 [scrapy.addons] INFO: Enabled addons:
[]
[2026-01-28T20:46:33.880+0000] {docker.py:429} INFO - 2026-01-28 20:46:33 [asyncio] DEBUG: Using selector: EpollSelector
[2026-01-28T20:46:33.883+0000] {docker.py:429} INFO - 2026-01-28 20:46:33 [scrapy.utils.log] DEBUG: Using reactor: twisted.internet.asyncioreactor.AsyncioSelectorReactor
[2026-01-28T20:46:33.888+0000] {docker.py:429} INFO - 2026-01-28 20:46:33 [scrapy.utils.log] DEBUG: Using asyncio event loop: asyncio.unix_events._UnixSelectorEventLoop
[2026-01-28T20:46:33.890+0000] {docker.py:429} INFO - 2026-01-28 20:46:33 [scrapy.extensions.telnet] INFO: Telnet Password: 6d47dac9f076d4b4
[2026-01-28T20:46:34.017+0000] {docker.py:429} INFO - 2026-01-28 20:46:34 [scrapy.middleware] INFO: Enabled extensions:
['scrapy.extensions.corestats.CoreStats',
 'scrapy.extensions.logcount.LogCount',
 'scrapy.extensions.telnet.TelnetConsole',
 'scrapy.extensions.memusage.MemoryUsage',
 'scrapy.extensions.feedexport.FeedExporter',
 'scrapy.extensions.logstats.LogStats']
[2026-01-28T20:46:34.020+0000] {docker.py:429} INFO - 2026-01-28 20:46:34 [scrapy.crawler] INFO: Overridden settings:
{'BOT_NAME': 'events',
 'CONCURRENT_REQUESTS': 2,
 'CONCURRENT_REQUESTS_PER_DOMAIN': 1,
 'DOWNLOAD_DELAY': 1,
 'FEED_EXPORT_ENCODING': 'utf-8',
 'NEWSPIDER_MODULE': 'events.spiders',
 'ROBOTSTXT_OBEY': True,
 'SPIDER_MODULES': ['events.spiders'],
 'USER_AGENT': 'Mozilla/5.0 (Macintosh; Intel Mac OS X 10_15_7) '
               'AppleWebKit/537.36 (KHTML, like Gecko) Chrome/120.0.0.0 '
               'Safari/537.36'}
[2026-01-28T20:46:34.162+0000] {docker.py:429} INFO - 2026-01-28 20:46:34 [scrapy.middleware] INFO: Enabled downloader middlewares:
['scrapy.downloadermiddlewares.offsite.OffsiteMiddleware',
 'scrapy.downloadermiddlewares.robotstxt.RobotsTxtMiddleware',
 'scrapy.downloadermiddlewares.httpauth.HttpAuthMiddleware',
 'scrapy.downloadermiddlewares.downloadtimeout.DownloadTimeoutMiddleware',
 'scrapy.downloadermiddlewares.defaultheaders.DefaultHeadersMiddleware',
 'scrapy.downloadermiddlewares.useragent.UserAgentMiddleware',
 'scrapy.downloadermiddlewares.retry.RetryMiddleware',
 'scrapy.downloadermiddlewares.redirect.MetaRefreshMiddleware',
 'scrapy.downloadermiddlewares.httpcompression.HttpCompressionMiddleware',
 'scrapy.downloadermiddlewares.redirect.RedirectMiddleware',
 'scrapy.downloadermiddlewares.cookies.CookiesMiddleware',
 'scrapy.downloadermiddlewares.httpproxy.HttpProxyMiddleware',
 'scrapy.downloadermiddlewares.stats.DownloaderStats']
[2026-01-28T20:46:34.167+0000] {docker.py:429} INFO - 2026-01-28 20:46:34 [scrapy.middleware] INFO: Enabled spider middlewares:
['scrapy.spidermiddlewares.start.StartSpiderMiddleware',
 'scrapy.spidermiddlewares.httperror.HttpErrorMiddleware',
 'scrapy.spidermiddlewares.referer.RefererMiddleware',
 'scrapy.spidermiddlewares.urllength.UrlLengthMiddleware',
 'scrapy.spidermiddlewares.depth.DepthMiddleware']
[2026-01-28T20:46:34.167+0000] {docker.py:429} INFO - 2026-01-28 20:46:34 [scrapy.middleware] INFO: Enabled item pipelines:
[]
[2026-01-28T20:46:34.168+0000] {docker.py:429} INFO - Output file: /app/city_today/output/eventi_napoli_questa-settimana_20260128_204633.json
[2026-01-28T20:46:34.169+0000] {docker.py:429} INFO - 
[2026-01-28T20:46:34.169+0000] {docker.py:429} INFO - 2026-01-28 20:46:34 [scrapy.core.engine] INFO: Spider opened
[2026-01-28T20:46:34.180+0000] {docker.py:429} INFO - 2026-01-28 20:46:34 [scrapy.extensions.logstats] INFO: Crawled 0 pages (at 0 pages/min), scraped 0 items (at 0 items/min)
[2026-01-28T20:46:34.181+0000] {docker.py:429} INFO - 2026-01-28 20:46:34 [scrapy.extensions.telnet] INFO: Telnet console listening on 127.0.0.1:6023
[2026-01-28T20:46:34.365+0000] {docker.py:429} INFO - 2026-01-28 20:46:34 [scrapy.core.engine] DEBUG: Crawled (200) <GET https://www.napolitoday.it/robots.txt> (referer: None)
[2026-01-28T20:46:37.857+0000] {docker.py:429} INFO - 2026-01-28 20:46:37 [scrapy.core.engine] DEBUG: Crawled (200) <GET https://www.napolitoday.it/eventi/dal/2026-01-28/al/2026-02-01/> (referer: None)
[2026-01-28T20:46:38.370+0000] {docker.py:429} INFO - 2026-01-28 20:46:38 [scrapy.core.engine] DEBUG: Crawled (200) <GET https://www.napolitoday.it/eventi/oculus-spei-annalaura-di-luggo-museo-tesoro-san-gennaro.html> (referer: https://www.napolitoday.it/eventi/dal/2026-01-28/al/2026-02-01/)
[2026-01-28T20:46:38.492+0000] {docker.py:429} INFO - 2026-01-28 20:46:38 [scrapy.core.scraper] DEBUG: Scraped from <200 https://www.napolitoday.it/eventi/oculus-spei-annalaura-di-luggo-museo-tesoro-san-gennaro.html>
{'category': 'Mostre',
 'city': 'Napoli',
 'content_hash': '7f23e40c985b5dd5',
 'date_end': '2026-02-11',
 'date_start': '2025-11-11',
 'dates': [{'date': '2025-11-11', 'weekday': 'Martedì'},
           {'date': '2025-11-12', 'weekday': 'Mercoledì'},
           {'date': '2025-11-13', 'weekday': 'Giovedì'},
           {'date': '2025-11-14', 'weekday': 'Venerdì'},
           {'date': '2025-11-15', 'weekday': 'Sabato'},
           {'date': '2025-11-16', 'weekday': 'Domenica'},
           {'date': '2025-11-17', 'weekday': 'Lunedì'},
           {'date': '2025-11-18', 'weekday': 'Martedì'},
           {'date': '2025-11-19', 'weekday': 'Mercoledì'},
           {'date': '2025-11-20', 'weekday': 'Giovedì'},
           {'date': '2025-11-21', 'weekday': 'Venerdì'},
           {'date': '2025-11-22', 'weekday': 'Sabato'},
           {'date': '2025-11-23', 'weekday': 'Domenica'},
           {'date': '2025-11-24', 'weekday': 'Lunedì'},
           {'date': '2025-11-25', 'weekday': 'Martedì'},
           {'date': '2025-11-26', 'weekday': 'Mercoledì'},
           {'date': '2025-11-27', 'weekday': 'Giovedì'},
           {'date': '2025-11-28', 'weekday': 'Venerdì'},
           {'date': '2025-11-29', 'weekday': 'Sabato'},
           {'date': '2025-11-30', 'weekday': 'Domenica'},
           {'date': '2025-12-01', 'weekday': 'Lunedì'},
           {'date': '2025-12-02', 'weekday': 'Martedì'},
           {'date': '2025-12-03', 'weekday': 'Mercoledì'},
           {'date': '2025-12-04', 'weekday': 'Giovedì'},
           {'date': '2025-12-05', 'weekday': 'Venerdì'},
           {'date': '2025-12-06', 'weekday': 'Sabato'},
           {'date': '2025-12-07', 'weekday': 'Domenica'},
           {'date': '2025-12-08', 'weekday': 'Lunedì'},
           {'date': '2025-12-09', 'weekday': 'Martedì'},
           {'date': '2025-12-10', 'weekday': 'Mercoledì'},
           {'date': '2025-12-11', 'weekday': 'Giovedì'},
           {'date': '2025-12-12', 'weekday': 'Venerdì'},
           {'date': '2025-12-13', 'weekday': 'Sabato'},
           {'date': '2025-12-14', 'weekday': 'Domenica'},
           {'date': '2025-12-15', 'weekday': 'Lunedì'},
           {'date': '2025-12-16', 'weekday': 'Martedì'},
           {'date': '2025-12-17', 'weekday': 'Mercoledì'},
           {'date': '2025-12-18', 'weekday': 'Giovedì'},
           {'date': '2025-12-19', 'weekday': 'Venerdì'},
           {'date': '2025-12-20', 'weekday': 'Sabato'},
           {'date': '2025-12-21', 'weekday': 'Domenica'},
           {'date': '2025-12-22', 'weekday': 'Lunedì'},
           {'date': '2025-12-23', 'weekday': 'Martedì'},
           {'date': '2025-12-24', 'weekday': 'Mercoledì'},
           {'date': '2025-12-25', 'weekday': 'Giovedì'},
           {'date': '2025-12-26', 'weekday': 'Venerdì'},
           {'date': '2025-12-27', 'weekday': 'Sabato'},
           {'date': '2025-12-28', 'weekday': 'Domenica'},
           {'date': '2025-12-29', 'weekday': 'Lunedì'},
           {'date': '2025-12-30', 'weekday': 'Martedì'},
           {'date': '2025-12-31', 'weekday': 'Mercoledì'},
           {'date': '2026-01-01', 'weekday': 'Giovedì'},
           {'date': '2026-01-02', 'weekday': 'Venerdì'},
           {'date': '2026-01-03', 'weekday': 'Sabato'},
           {'date': '2026-01-04', 'weekday': 'Domenica'},
           {'date': '2026-01-05', 'weekday': 'Lunedì'},
           {'date': '2026-01-06', 'weekday': 'Martedì'},
           {'date': '2026-01-07', 'weekday': 'Mercoledì'},
           {'date': '2026-01-08', 'weekday': 'Giovedì'},
           {'date': '2026-01-09', 'weekday': 'Venerdì'},
           {'date': '2026-01-10', 'weekday': 'Sabato'},
           {'date': '2026-01-11', 'weekday': 'Domenica'},
           {'date': '2026-01-12', 'weekday': 'Lunedì'},
           {'date': '2026-01-13', 'weekday': 'Martedì'},
           {'date': '2026-01-14', 'weekday': 'Mercoledì'},
           {'date': '2026-01-15', 'weekday': 'Giovedì'},
           {'date': '2026-01-16', 'weekday': 'Venerdì'},
           {'date': '2026-01-17', 'weekday': 'Sabato'},
           {'date': '2026-01-18', 'weekday': 'Domenica'},
           {'date': '2026-01-19', 'weekday': 'Lunedì'},
           {'date': '2026-01-20', 'weekday': 'Martedì'},
           {'date': '2026-01-21', 'weekday': 'Mercoledì'},
           {'date': '2026-01-22', 'weekday': 'Giovedì'},
           {'date': '2026-01-23', 'weekday': 'Venerdì'},
           {'date': '2026-01-24', 'weekday': 'Sabato'},
           {'date': '2026-01-25', 'weekday': 'Domenica'},
           {'date': '2026-01-26', 'weekday': 'Lunedì'},
           {'date': '2026-01-27', 'weekday': 'Martedì'},
           {'date': '2026-01-28', 'weekday': 'Mercoledì'},
           {'date': '2026-01-29', 'weekday': 'Giovedì'},
           {'date': '2026-01-30', 'weekday': 'Venerdì'},
           {'date': '2026-01-31', 'weekday': 'Sabato'},
           {'date': '2026-02-01', 'weekday': 'Domenica'},
           {'date': '2026-02-02', 'weekday': 'Lunedì'},
           {'date': '2026-02-03', 'weekday': 'Martedì'},
           {'date': '2026-02-04', 'weekday': 'Mercoledì'},
           {'date': '2026-02-05', 'weekday': 'Giovedì'},
           {'date': '2026-02-06', 'weekday': 'Venerdì'},
           {'date': '2026-02-07', 'weekday': 'Sabato'},
           {'date': '2026-02-08', 'weekday': 'Domenica'},
           {'date': '2026-02-09', 'weekday': 'Lunedì'},
           {'date': '2026-02-10', 'weekday': 'Martedì'},
           {'date': '2026-02-11', 'weekday': 'Mercoledì'}],
 'description': 'Nell’ambito delle celebrazioni del venticinquesimo centenario '
                'della fondazione di Napoli, promosse dal Comitato Nazionale '
                'Neapolis 2500 - istituito congiuntamente dal Ministero degli '
                'Affari Esteri e della Cooperazione Internazionale e dal '
                'Ministero della Cultura - la Deputazione della Reale Cappella '
                'del Tesoro di San Gennaro presenta, da martedì 11 novembre , '
                'presso la Cappella del Tesoro , l’installazione multimediale '
                'interattiva “ Oculus-Spei” di Annalaura di Luggo , a cura di '
                'Ivan D’Alberto con il patrocinio morale del Giubileo 2025, '
                'del MAECI e del Ministero della Giustizia . La mostra aperta '
                'al pubblico fino all’11 febbraio 2026 è realizzata con il '
                'supporto del Ministero degli Esteri e con il contributo di '
                'Luca de Magistris, Private Banker Fideuram. Già esposta al '
                'Pantheon di Roma , al Museo de’ Medici di Firenze e alla '
                'Cappella della Sindone presso Musei Reali di Torino - luoghi '
                'simbolici di fede, rinascita e innovazione - “Oculus-Spei” '
                'torna alla sua “casa madre” : Napoli , cuore del Mediterraneo '
                'e punto di partenza di una nuova apertura verso il mondo. '
                'Contestualmente all’esposizione partenopea, “Oculus-Spei” '
                'estende la propria multimedialità presso l’ Istituto Italiano '
                'di Cultura di Barcellona , grazie alla collaborazione del '
                'Ministero degli Affari Esteri e della Cooperazione '
                'Internazionale . La partecipazione del MAECI mira a conferire '
                'al progetto una dimensione globale, valorizzando all’estero '
                'l’anniversario dei 2.500 anni dalla fondazione di Napoli e '
                'diffondendo, attraverso l’arte, i valori universali di pace, '
                'inclusione e speranza che ne ispirano il messaggio. A '
                'Barcellona, città di profonda vocazione spirituale e crocevia '
                'di culture, “Oculus-Spei” sarà presentata il 3 dicembre 2025 '
                ', in occasione della Giornata internazionale dei diritti '
                'delle persone con disabilità . Napoli si conferma così punto '
                'di partenza e simbolo di un progetto che, partendo dalle sue '
                'radici, si apre al mondo per promuovere dialogo e valori '
                'condivisi attraverso il linguaggio universale dell’arte. Non '
                'è casuale la data di apertura ufficiale a Napoli al museo del '
                'Tesoro di San Gennaro scelta dal MAECI: l’11 novembre 2025 , '
                'giorno simbolico di pace che celebra l’ Armistice Day e la '
                'fine della Prima Guerra Mondiale. In questa occasione, al '
                'termine dell’Anno Giubilare, “ Oculus-Spei” rinno va il suo '
                'messaggio di fratellanza e di apertura al futuro. La '
                'produzione di “O culus-Spei” è nata un anno fa a Napoli, '
                'città viva e multiculturale, dove la speranza prende forma '
                'nella convivenza delle differenze. I protagonisti del '
                'progetto sono quattro persone con disabilità di nazionalità '
                'diverse (Africa, Americhe, Asia, Europa) ma residenti in '
                'città - scelta che sottolinea il ruolo di Napoli con la sua '
                'storia millenaria come luogo di accoglienza e solidarietà. '
                'L’installazione “ Oculus-Spei” allestita nel percorso museale '
                'del Tesoro di San Gennaro interpreta il XXV Giubileo della '
                'Speranza attraverso la riproduzione simbolica delle quattro '
                'Porte Sante delle basiliche papali, trasformate da Annalaura '
                'di Luggo in portali interattivi ai quali il pubblico è '
                'invitato a bussare concretamente, per incontrare i quattro '
                'protagonisti trasfigurati attraverso la luce. Una quinta '
                'porta , dedicata al Carcere di Rebibbia e scelta da Papa '
                'Francesco come ulteriore Porta Santa, riflette lo spettatore '
                'sulla scena attraverso un innovativo sistema di telecamere '
                'gesture recognition in real time : le sbarre, simbolo delle '
                'prigionie interiori, vengono dissolte da un raggio di luce, '
                'trasformando l’esperienza in un percorso di liberazione e '
                'consapevolezza. “Oculus-Spei” rappresenta in modo esemplare '
                'lo spirito delle celebrazioni di Napoli 2500: un ponte tra la '
                'storia millenaria della città e le sfide del presente, in cui '
                'l’arte si fa strumento di dialogo, inclusione e rinascita. Il '
                'Comitato Nazionale Neapolis 2500 è orgoglioso di sostenere un '
                'progetto che, attraverso la luce della speranza, dà voce a '
                'chi troppo spesso resta invisibile e riafferma il ruolo di '
                'Napoli come crocevia di umanità, creatività e cultura '
                'globale.” Michele di Bari , Presidente del Comitato Nazionale '
                'Neapolis 2500 “ L’opera di Annalaura di Luggo, in perfetta '
                'sintonia con i valori sociali e spirituali che trovano da '
                'sempre espressione nella sua produzione artistica, viene '
                'accolta con particolare entusiasmo dalla Deputazione di San '
                'Gennaro, secolare Istituzione preposta alla promozione del '
                'Culto del Santo Patrono di Napoli ed alla custodia delle '
                'relative reliquie e del Tesoro, potendosi agevolmente '
                'riscontrare, nell’opera dell’artista, i medesimi stimoli '
                'introspettivi che il Culto di San Gennaro ha sempre '
                'costantemente generato, oltre che nei cuori dei Napoletani, '
                'in tutti coloro che ne vengono, anche solo occasionalmente, a '
                'contatto. Linguaggio universale e ispirazione di sentimento '
                '“popolare”, nella più alta accezione del termine, '
                'costituiscono ragione ed ispirazione di un incontro '
                'definibile, per molti versi, come una vera e propria '
                'occasione del destino. ” Carlo Sersale , Deputato della Real '
                'Cappella del Tesoro di San Gennaro. Annalaura di Luggo , che '
                'ha diretto anche l’omonimo documentario “ Oculus-Spei”, porta '
                'avanti da anni una ricerca che unisce arte, tecnologia e '
                'impegno sociale. Il film, dedicato a Papa Francesco , si è '
                'qualificato “in consideration” agli Oscar 2026 nella '
                'categoria “Best Documentary Short” ed è stato selezionato per '
                'il Festival internazionale The Impact Docs Awards . Alla '
                'presentazione del progetto: Carlo Sersale , Deputato della '
                'Real Cappella del Tesoro di San Gennaro, Davide Vincent '
                'Mambriani, Incaricato per gli Affari Culturali Giubileo 2025, '
                'il Prefetto Michele di Bari , Presidente del Comitato '
                'Neapolis 2500, Francesca Ummarino , Direttrice del Museo del '
                'Tesoro di San Gennaro e il curatore Ivan D’Alberto . '
                'DETTAGLI: Annalaura di Luggo “Oculus-Spei” installazione '
                'multimediale interattiva a cura di Ivan D’Alberto Museo del '
                'Tesoro di San Gennaro Via Duomo, 149 - NAPOLI Siti web '
                'www.oculus-spei.it https://tesorosangennaro.it COMITATO '
                'SCIENTIFICO Davide Vincent Mambriani, Incaricato per gli '
                'Affari Culturali, Giubileo 2025 Gabriella Musto, Ministero '
                'della Cultura Segreteria Tecnica del Dipartimento per la '
                'Valorizzazione del Patrimonio culturale Marcello Palminteri, '
                'curatore / Jus Museum IN FOTO: Oculus Spei di Annalaura di '
                'Luggo al Museo del Tesoro di San Gennaro ph Francesco Begonia',
 'image_url': '//citynews-napolitoday.stgy.ovh/~media/horizontal-mid/48760703946067/annalaura_di_luggo_oculus_spei_museo_del_tesoro_di_san_gennaro_ph-di-francesco-begonia_2lr.jpg',
 'location_address': 'Via Duomo, 149',
 'location_name': 'Museo del Tesoro di San Gennaro',
 'price': 'Prezzo non disponibile',
 'scraped_at': '2026-01-28T20:46:37.980554',
 'time_info': 'Orario non disponibile',
 'title': "“Oculus-Spei”, l'nstallazione multimediale di Annalaura di Luggo al "
          'Museo del Tesoro di San Gennaro',
 'url': 'https://www.napolitoday.it/eventi/oculus-spei-annalaura-di-luggo-museo-tesoro-san-gennaro.html',
 'uuid': '00a4fcbd51800735',
 'website': 'https://www.oculus-spei.it/'}
[2026-01-28T20:46:39.953+0000] {docker.py:429} INFO - 2026-01-28 20:46:39 [scrapy.core.engine] DEBUG: Crawled (200) <GET https://www.napolitoday.it/eventi/sergio-assisi-new-teatro-troisi-22-gennaio-1-febbraio-2026.html> (referer: https://www.napolitoday.it/eventi/dal/2026-01-28/al/2026-02-01/)
[2026-01-28T20:46:40.063+0000] {docker.py:429} INFO - 2026-01-28 20:46:40 [scrapy.core.scraper] DEBUG: Scraped from <200 https://www.napolitoday.it/eventi/sergio-assisi-new-teatro-troisi-22-gennaio-1-febbraio-2026.html>
{'category': 'Teatri',
 'city': 'Napoli',
 'content_hash': 'd88d83201be600ec',
 'date_end': '2026-02-01',
 'date_start': '2026-01-22',
 'dates': [{'date': '2026-01-22', 'weekday': 'Giovedì'},
           {'date': '2026-01-23', 'weekday': 'Venerdì'},
           {'date': '2026-01-24', 'weekday': 'Sabato'},
           {'date': '2026-01-25', 'weekday': 'Domenica'},
           {'date': '2026-01-26', 'weekday': 'Lunedì'},
           {'date': '2026-01-27', 'weekday': 'Martedì'},
           {'date': '2026-01-28', 'weekday': 'Mercoledì'},
           {'date': '2026-01-29', 'weekday': 'Giovedì'},
           {'date': '2026-01-30', 'weekday': 'Venerdì'},
           {'date': '2026-01-31', 'weekday': 'Sabato'},
           {'date': '2026-02-01', 'weekday': 'Domenica'}],
 'description': 'Prosegue la stagione del New Teatro Troisi , che accoglie in '
                'scena Sergio Assisi con Mi dimetto da uomo , testo scritto '
                'dallo stesso Assisi insieme a Simone Repetto, di cui firma '
                'anche la regia. Sul palco, accanto a lui, Giuseppe Cantore, '
                'in un gioco teatrale che mescola parola, corpo e pensiero, '
                'all’interno dello spazio di via Leopardi diretto da Pino '
                'Oliva. Dal 22 al 25 gennaio e dal 29 gennaio al 1° febbraio '
                '(feriali ore 21, sabato doppio appuntamento alle 18 e alle '
                '21, domenica ore 18), Assisi si fa interprete inquieto di '
                'un’umanità smarrita, privata di coordinate etiche e '
                'sentimentali. Il suo è un racconto a cuore scoperto, che '
                'attraversa la narrazione e la satira di costume con il passo '
                'antico del giullare moderno: ironico e feroce, leggero e '
                'profondo, capace di ridere e, subito dopo, di ferire. '
                'Dialogando direttamente con il pubblico, l’attore scandaglia '
                'abitudini, speranze, sogni e miserie del nostro tempo, '
                'tentando di aggrapparsi alla bellezza, all’amore, alla '
                'poesia, come a rami fragili protesi verso le stelle. Ma quei '
                'valori, costantemente assediati da egoismi, meschinità e '
                'debolezze umane, lo conducono a una domanda spiazzante e '
                'necessaria: è ancora possibile restare uomini? A incrinare '
                'ogni certezza interviene una presenza inattesa: uno '
                'spiritello caustico e implacabile, che irrompe in scena per '
                'correggere, smascherare, irridere, costringendo il '
                'protagonista a fare i conti con una verità amara e senza '
                'sconti. Attore amato dal cinema, dalla televisione e dal '
                'teatro, Sergio Assisi vanta una carriera che attraversa '
                'titoli popolari e di qualità, da Guardiani delle nuvole a '
                'Capri , da Elisa di Rivombrosa 2 a Il commissario Nardone , '
                'fino a L’Allieva 3 e Gloria , accanto a Sabrina Ferilli e '
                'Massimo Ghini e ai suoi film A Napoli non piove mai e Il mio '
                'regno per una farfalla. Al Troisi, però, Assisi sceglie il '
                'rischio del teatro vivo, quello che interroga e non consola.',
 'image_url': '//citynews-napolitoday.stgy.ovh/~media/horizontal-mid/58250677194723/sergio-assisi-foto-tre-ok.jpg',
 'location_address': 'Via Giacomo Leopardi, 19',
 'location_name': 'New Teatro Troisi',
 'price': 'Prezzo non disponibile',
 'scraped_at': '2026-01-28T20:46:37.980103',
 'time_info': 'Orario non disponibile',
 'title': 'Sergio Assisi al New Teatro Troisi con "Mi dimetto da uomo"',
 'url': 'https://www.napolitoday.it/eventi/sergio-assisi-new-teatro-troisi-22-gennaio-1-febbraio-2026.html',
 'uuid': 'd85c7f7845deab45'}
[2026-01-28T20:46:40.466+0000] {docker.py:429} INFO - 2026-01-28 20:46:40 [scrapy.core.engine] DEBUG: Crawled (200) <GET https://www.napolitoday.it/eventi/sette-opere-per-la-misericordia-mostra-pio-monte.html> (referer: https://www.napolitoday.it/eventi/dal/2026-01-28/al/2026-02-01/)
[2026-01-28T20:46:40.577+0000] {docker.py:429} INFO - 2026-01-28 20:46:40 [scrapy.core.scraper] DEBUG: Scraped from <200 https://www.napolitoday.it/eventi/sette-opere-per-la-misericordia-mostra-pio-monte.html>
{'category': 'Mostre',
 'city': 'Napoli',
 'content_hash': '7ff3b882d21b2de9',
 'date_end': '2026-04-24',
 'date_start': '2026-01-24',
 'dates': [{'date': '2026-01-24', 'weekday': 'Sabato'},
           {'date': '2026-01-25', 'weekday': 'Domenica'},
           {'date': '2026-01-26', 'weekday': 'Lunedì'},
           {'date': '2026-01-27', 'weekday': 'Martedì'},
           {'date': '2026-01-28', 'weekday': 'Mercoledì'},
           {'date': '2026-01-29', 'weekday': 'Giovedì'},
           {'date': '2026-01-30', 'weekday': 'Venerdì'},
           {'date': '2026-01-31', 'weekday': 'Sabato'},
           {'date': '2026-02-01', 'weekday': 'Domenica'},
           {'date': '2026-02-02', 'weekday': 'Lunedì'},
           {'date': '2026-02-03', 'weekday': 'Martedì'},
           {'date': '2026-02-04', 'weekday': 'Mercoledì'},
           {'date': '2026-02-05', 'weekday': 'Giovedì'},
           {'date': '2026-02-06', 'weekday': 'Venerdì'},
           {'date': '2026-02-07', 'weekday': 'Sabato'},
           {'date': '2026-02-08', 'weekday': 'Domenica'},
           {'date': '2026-02-09', 'weekday': 'Lunedì'},
           {'date': '2026-02-10', 'weekday': 'Martedì'},
           {'date': '2026-02-11', 'weekday': 'Mercoledì'},
           {'date': '2026-02-12', 'weekday': 'Giovedì'},
           {'date': '2026-02-13', 'weekday': 'Venerdì'},
           {'date': '2026-02-14', 'weekday': 'Sabato'},
           {'date': '2026-02-15', 'weekday': 'Domenica'},
           {'date': '2026-02-16', 'weekday': 'Lunedì'},
           {'date': '2026-02-17', 'weekday': 'Martedì'},
           {'date': '2026-02-18', 'weekday': 'Mercoledì'},
           {'date': '2026-02-19', 'weekday': 'Giovedì'},
           {'date': '2026-02-20', 'weekday': 'Venerdì'},
           {'date': '2026-02-21', 'weekday': 'Sabato'},
           {'date': '2026-02-22', 'weekday': 'Domenica'},
           {'date': '2026-02-23', 'weekday': 'Lunedì'},
           {'date': '2026-02-24', 'weekday': 'Martedì'},
           {'date': '2026-02-25', 'weekday': 'Mercoledì'},
           {'date': '2026-02-26', 'weekday': 'Giovedì'},
           {'date': '2026-02-27', 'weekday': 'Venerdì'},
           {'date': '2026-02-28', 'weekday': 'Sabato'},
           {'date': '2026-03-01', 'weekday': 'Domenica'},
           {'date': '2026-03-02', 'weekday': 'Lunedì'},
           {'date': '2026-03-03', 'weekday': 'Martedì'},
           {'date': '2026-03-04', 'weekday': 'Mercoledì'},
           {'date': '2026-03-05', 'weekday': 'Giovedì'},
           {'date': '2026-03-06', 'weekday': 'Venerdì'},
           {'date': '2026-03-07', 'weekday': 'Sabato'},
           {'date': '2026-03-08', 'weekday': 'Domenica'},
           {'date': '2026-03-09', 'weekday': 'Lunedì'},
           {'date': '2026-03-10', 'weekday': 'Martedì'},
           {'date': '2026-03-11', 'weekday': 'Mercoledì'},
           {'date': '2026-03-12', 'weekday': 'Giovedì'},
           {'date': '2026-03-13', 'weekday': 'Venerdì'},
           {'date': '2026-03-14', 'weekday': 'Sabato'},
           {'date': '2026-03-15', 'weekday': 'Domenica'},
           {'date': '2026-03-16', 'weekday': 'Lunedì'},
           {'date': '2026-03-17', 'weekday': 'Martedì'},
           {'date': '2026-03-18', 'weekday': 'Mercoledì'},
           {'date': '2026-03-19', 'weekday': 'Giovedì'},
           {'date': '2026-03-20', 'weekday': 'Venerdì'},
           {'date': '2026-03-21', 'weekday': 'Sabato'},
           {'date': '2026-03-22', 'weekday': 'Domenica'},
           {'date': '2026-03-23', 'weekday': 'Lunedì'},
           {'date': '2026-03-24', 'weekday': 'Martedì'},
           {'date': '2026-03-25', 'weekday': 'Mercoledì'},
           {'date': '2026-03-26', 'weekday': 'Giovedì'},
           {'date': '2026-03-27', 'weekday': 'Venerdì'},
           {'date': '2026-03-28', 'weekday': 'Sabato'},
           {'date': '2026-03-29', 'weekday': 'Domenica'},
           {'date': '2026-03-30', 'weekday': 'Lunedì'},
           {'date': '2026-03-31', 'weekday': 'Martedì'},
           {'date': '2026-04-01', 'weekday': 'Mercoledì'},
           {'date': '2026-04-02', 'weekday': 'Giovedì'},
           {'date': '2026-04-03', 'weekday': 'Venerdì'},
           {'date': '2026-04-04', 'weekday': 'Sabato'},
           {'date': '2026-04-05', 'weekday': 'Domenica'},
           {'date': '2026-04-06', 'weekday': 'Lunedì'},
           {'date': '2026-04-07', 'weekday': 'Martedì'},
           {'date': '2026-04-08', 'weekday': 'Mercoledì'},
           {'date': '2026-04-09', 'weekday': 'Giovedì'},
           {'date': '2026-04-10', 'weekday': 'Venerdì'},
           {'date': '2026-04-11', 'weekday': 'Sabato'},
           {'date': '2026-04-12', 'weekday': 'Domenica'},
           {'date': '2026-04-13', 'weekday': 'Lunedì'},
           {'date': '2026-04-14', 'weekday': 'Martedì'},
           {'date': '2026-04-15', 'weekday': 'Mercoledì'},
           {'date': '2026-04-16', 'weekday': 'Giovedì'},
           {'date': '2026-04-17', 'weekday': 'Venerdì'},
           {'date': '2026-04-18', 'weekday': 'Sabato'},
           {'date': '2026-04-19', 'weekday': 'Domenica'},
           {'date': '2026-04-20', 'weekday': 'Lunedì'},
           {'date': '2026-04-21', 'weekday': 'Martedì'},
           {'date': '2026-04-22', 'weekday': 'Mercoledì'},
           {'date': '2026-04-23', 'weekday': 'Giovedì'},
           {'date': '2026-04-24', 'weekday': 'Venerdì'}],
 'description': "Sabato 24 gennaio alle ore 11 s'inaugura al Pio Monte della "
                'Misericordia l’VIII edizione di Sette Opere per la '
                'Misericordia , progetto che invita sette artisti di fama '
                'internazionale a donare una propria opera, ispirata '
                'liberamente al tema della misericordia. Protagonisti '
                'dell’edizione 2026 sono Antony Gormley, Holly Herndon e Mat '
                'Dryhurst, Yu Hong, Max Renkel, David Salle, Marco Tirelli e '
                'Lee Ufan , artisti di diversa provenienza e sensibilità, che '
                'hanno accolto con grande generosità l’invito a condividere la '
                'missione dell’Ente attraverso un gesto di mecenatismo puro, '
                'donando i propri lavori che entreranno stabilmente nella '
                'collezione del Pio Monte. con la dicitura “Dono '
                'dell’Artista”. Le opere saranno esposte fino al 24 aprile '
                '2026 nella chiesa del Pio Monte, in dialogo diretto con il '
                'capolavoro di Michelangelo Merisi da Caravaggio custodito '
                'sull’altare maggiore, rinnovando a oltre quattrocento venti '
                'anni di distanza quel legame profondo tra arte, carità e '
                'impegno civile che nel 1606 portò i Governatori del Pio Monte '
                'a commissionare al Merisi le Sette Opere di Misericordia , '
                'ancora oggi cuore simbolico e spirituale del complesso '
                'monumentale. A inaugurare l’iniziativa, sabato 24 gennaio, '
                'saranno Fabrizia Paternò di San Nicola , Soprintendente del '
                'Pio Monte della Misericordia, Mario Codognato , curatore '
                'della mostra e del catalogo di "Sette opere per la '
                'Misericordia", Alberto Sifola , Governatore al Patrimonio '
                'Mobiliare Artistico e Archivistico del Pio Monte della '
                'Misericordia e Maria Grazia Leonetti Rodinò , ideatrice e '
                'responsabile del progetto "Sette opere per la Misericordia". '
                'Il progetto Sette Opere per la Misericordia , ideato nel 2011 '
                'da Maria Grazia Leonetti Rodinò , storica dell’arte e già '
                'Governatore ai Beni Culturali ed Artistici del Pio Monte, e '
                'curato sin dalla prima edizione da Mario Codognato , è '
                'finanziato con il contributo della Regione Campania, '
                'Direzione Generale per le Politiche Culturali e il Turismo, '
                'ai sensi della L.R. 7/2003, Piano per la promozione '
                'culturale. L’iniziativa nasce quindici anni fa con '
                'l’obiettivo di rinnovare la vocazione culturale e sociale del '
                'Pio Monte della Misericordia attraverso il linguaggio '
                'dell’arte contemporanea, riaffermando il valore della cultura '
                'come strumento capace di generare azioni di solidarietà e di '
                'sostenere concretamente le attività assistenziali, educative '
                'e formative dell’Istituzione. Le opere presentate riflettono '
                'un’ampia varietà di tecniche e linguaggi , dalla scultura '
                'alla pittura, dal disegno su carta e su tavola all’uso di '
                'materiali misti, dall’acquerello alla fotografia e alle '
                'tecniche digitali, fino alla sperimentazione con '
                'l’intelligenza artificiale e i processi generativi. Un '
                'insieme eterogeneo di pratiche che testimonia la pluralità '
                'degli approcci contemporanei e la capacità di ciascun artista '
                'di declinare il tema della misericordia attraverso il proprio '
                'vocabolario formale. Lo scultore britannico Antony Gormley '
                'affronta il tema della misericordia muovendo dal corpo umano, '
                'inteso come luogo originario dell’esperienza e della '
                'vulnerabilità, una presenza fisica esposta a forze invisibili '
                'che ne sollecitano l’equilibrio e la condizione esistenziale. '
                'Gli artisti Holly Herndon e Mat Dryhurst offrono nel loro '
                'lavoro una lettura profondamente contemporanea dei concetti '
                'di cura e collettività attraverso un’immagine generata con il '
                'primo modello di intelligenza artificiale DALL-E, nella quale '
                'il processo stesso di costruzione dell’opera assume la forma '
                'di un atto corale e condiviso. La pittrice Yu Hong concentra '
                'la propria ricerca sul corpo esposto e sull’esperienza del '
                'vivere e del morire, affidando a mani e piedi isolati, '
                'dipinti su fondo dorato, una forte valenza simbolica che '
                'richiama tanto la tradizione iconica quanto la durezza del '
                'vissuto contemporaneo, in un confronto diretto con la verità '
                'corporea cara anche a Michelangelo Merisi da Caravaggio. '
                'L’artista tedesco Max Renkel lavora sul confine instabile tra '
                'figurazione e astrazione, dando vita a un’immagine sospesa '
                'che interpreta la misericordia come spazio di apertura e '
                'possibilità percettiva. David Salle, pittore e incisore '
                'statunitense, intreccia immagini e linguaggi eterogenei, '
                'attingendo alla cultura di massa e alla storia dell’arte per '
                'riflettere sulla frammentazione della coscienza '
                'contemporanea. Marco Tirelli indaga la soglia tra visibile e '
                'invisibile attraverso una pittura rigorosa e mentale con '
                'un’opera sospesa tra geometria e intuizione, tra astrazione e '
                'reminiscenza, spingendo lo spettatore oltre la superficie, '
                'dentro quel territorio incerto dove il visibile si fa soglia '
                'del possibile. Il pittore, scultore e scrittore coreano Lee '
                'Ufan , influenzato dalle filosofie orientali del Buddismo Zen '
                'e del Taoismo, affida a un gesto pittorico essenziale una '
                'riflessione sul vuoto, sulla distanza e sulla relazione, '
                'chiedendo allo spettatore di contemplare lo spazio e il '
                'silenzio tra gli oggetti, piuttosto che gli oggetti stessi. '
                'Anche questa edizione conferma la forte attenzione del '
                'progetto verso le giovani generazioni attraverso il concorso '
                'Sette Opere per la Misericordia , che prevede l’assegnazione '
                'di sette borse di studio, del valore di 1.000 euro ciascuna, '
                'a studentesse e studenti dell’Accademia di Belle Arti di '
                'Napoli chiamati a confrontarsi con il tema della '
                'misericordia. I lavori vincitori, annunciati in occasione '
                'dell’inaugurazione, saranno esposti nella Quadreria del Pio '
                'Monte della Misericordia. Le opere selezionate dei '
                'partecipanti al concorso sono state presentate al pubblico in '
                'una mostra dedicata, allestita fino al 22 gennaio presso il '
                'MUSAP grazie all’ospitalità del Circolo Artistico Politecnico '
                'ETS . Con l’VIII edizione del progetto Sette Opere per la '
                'Misericordia diventano 56 le opere ad oggi donate da artisti '
                'italiani e internazionali, che contribuiscono ad ampliare la '
                'sezione permanente di arte contemporanea del Pio Monte della '
                'Misericordia, unica nel panorama museale italiano per qualità '
                'delle opere e finalità etiche, che custodisce, fra gli altri, '
                'lavori di Anish Kapoor, Mimmo Jodice, Mimmo Paladino, Joseph '
                'Kosuth, Jannis Kounellis, Giberto Zorio, Francesco Clemente, '
                'Antonio Biasiucci, Marisa Albanese, Douglas Gordon, Jimmie '
                'Durham, Michal Rovner, Paul Thorel. Un percorso che si '
                'consolida negli anni, che contribuisce al dialogo tra passato '
                'e presente, tra la grande eredità caravaggesca e le urgenze '
                'del nostro tempo. Il progetto Sette opere per la Misericordia '
                ', gli artisti e le opere in mostra dell’edizione 2026 sono '
                'raccontati e descritti nel catalogo pubblicato da artem che '
                'raccoglie testi di Fabrizia Paternò di San Nicola, Alberto '
                'Sifola di San Martino, Maria Grazia Leonetti Rodinò, Mario '
                'Codognato e Giuseppe Gaeta. La pubblicazione riporta la '
                'storia del progetto e raccoglie, sin dalla sua nascita, i '
                'nomi di tutti gli autori ed artisti che hanno partecipato '
                'alle sette edizioni, con un elenco dettagliato delle opere '
                'esposte. L’iniziativa riafferma il ruolo del Pio Monte come '
                'luogo vivo e attuale, capace di accogliere l’arte non come '
                'semplice ornamento, ma come strumento di riflessione, '
                'responsabilità e condivisione, fedele al principio che da '
                'oltre quattro secoli ne guida l’azione: dal Bello il Bene. IN '
                'FOTO: Coffee di David Salle',
 'image_url': '//citynews-napolitoday.stgy.ovh/~media/horizontal-mid/5506583776520/1-coffee_david-salle.jpg',
 'location_address': 'Via dei Tribunali, 253',
 'location_name': 'Pio Monte della Misericordia',
 'price': 'Prezzo non disponibile',
 'scraped_at': '2026-01-28T20:46:37.979692',
 'time_info': 'Orario non disponibile',
 'title': 'Sette Opere per la Misericordia: in mostra le opere donate da sette '
          'artisti internazionali al Pio Monte in dialogo con il capolavoro di '
          'Caravaggio',
 'url': 'https://www.napolitoday.it/eventi/sette-opere-per-la-misericordia-mostra-pio-monte.html',
 'uuid': 'edc3a3bc083b0f03',
 'website': 'https://www.piomontedellamisericordia.it'}
[2026-01-28T20:46:41.750+0000] {docker.py:429} INFO - 2026-01-28 20:46:41 [scrapy.core.engine] DEBUG: Crawled (200) <GET https://www.napolitoday.it/eventi/ditelo-voi-teatro-bracco-22-gennaio-1-febbraio-2026.html> (referer: https://www.napolitoday.it/eventi/dal/2026-01-28/al/2026-02-01/)
[2026-01-28T20:46:41.860+0000] {docker.py:429} INFO - 2026-01-28 20:46:41 [scrapy.core.scraper] DEBUG: Scraped from <200 https://www.napolitoday.it/eventi/ditelo-voi-teatro-bracco-22-gennaio-1-febbraio-2026.html>
{'category': 'Teatri',
 'city': 'Napoli',
 'content_hash': '61ee5b94f4577ce3',
 'date_end': '2026-02-01',
 'date_start': '2026-01-22',
 'dates': [{'date': '2026-01-22', 'weekday': 'Giovedì'},
           {'date': '2026-01-23', 'weekday': 'Venerdì'},
           {'date': '2026-01-24', 'weekday': 'Sabato'},
           {'date': '2026-01-25', 'weekday': 'Domenica'},
           {'date': '2026-01-26', 'weekday': 'Lunedì'},
           {'date': '2026-01-27', 'weekday': 'Martedì'},
           {'date': '2026-01-28', 'weekday': 'Mercoledì'},
           {'date': '2026-01-29', 'weekday': 'Giovedì'},
           {'date': '2026-01-30', 'weekday': 'Venerdì'},
           {'date': '2026-01-31', 'weekday': 'Sabato'},
           {'date': '2026-02-01', 'weekday': 'Domenica'}],
 'description': 'Al Teatro Bracco di via Tarsia si prepara un appuntamento che '
                'promette di scuotere certezze linguistiche, convenzioni '
                'sociali e, soprattutto, il rassicurante perimetro del '
                'cosiddetto politically correct. Da giovedì 22 a domenica 25 '
                'gennaio e da venerdì 30 gennaio a domenica 1 febbraio, con '
                'repliche il giovedì e venerdì alle ore 21.00, il sabato alle '
                '19.30 e la domenica alle 18.30, nello spazio diretto da '
                'Caterina De Santis, va in scena “Se Potrei”, spettacolo '
                'scritto e diretto da “I Ditelo Voi”, ovvero Francesco De '
                'Fraja, Domenico Manfredi e Raffaele Ferrante. Il titolo, '
                'volutamente scorretto, è già una dichiarazione d’intenti: una '
                'piccola, grande ribellione che parte dalla lingua per '
                'arrivare a interrogare il presente. In un’epoca dominata '
                'dalla comunicazione rapida e globale, il trio comico sceglie '
                'di ribaltare le regole partendo proprio dall’italiano, '
                'smontando il condizionale come simbolo di un sistema più '
                'ampio di norme, limiti e ipocrisie. Una provocazione che non '
                'teme di urtare la sensibilità dei puristi, né di giocare con '
                'l’irriverenza come strumento di riflessione. Lo spettacolo si '
                'articola attraverso sketch, improvvisazioni e giochi teatrali '
                'che costruiscono una satira tagliente e consapevole, capace '
                'di mettere alla berlina i dogmi del linguaggio contemporaneo '
                'e l’ossessione per una correttezza spesso solo di facciata. '
                'La risata diventa così veicolo critico, occasione per '
                'affrontare temi attuali senza rinunciare alla leggerezza, ma '
                'nemmeno alla profondità. “I Ditelo Voi”, forti di un percorso '
                'artistico che attraversa decenni e linguaggi, si confrontano '
                'con la stand-up comedy, filtrandola però attraverso la '
                'propria cifra stilistica: personaggi scomodi e grotteschi, '
                'gag imprevedibili, un dialogo costante con il pubblico e una '
                'comicità corrosiva che non concede sconti. Tre personalità '
                'distinte che sul palco si fondono in un unico flusso comico, '
                'dando vita a un vero e proprio “three-man-show”, in cui la '
                'sfrontatezza diventa cifra poetica e la sincerità, anche '
                'quando è sferzante, si trasforma in gesto teatrale. “Se '
                'Potrei” è, in definitiva, un invito a immaginare il '
                'cambiamento senza timori reverenziali: rompere le regole, '
                'mettere in discussione i dogmi e, magari, farlo ridendo. '
                'Perché se davvero si potesse cambiare qualcosa, forse '
                'bisognerebbe iniziare proprio da lì.',
 'image_url': '//citynews-napolitoday.stgy.ovh/~media/horizontal-mid/9282418573000/i-ditelo-voi-se-potrei-foto2-ok.jpg',
 'location_address': 'Via Tarsia, 40',
 'location_name': 'Teatro Bracco',
 'price': 'Prezzo non disponibile',
 'scraped_at': '2026-01-28T20:46:37.979245',
 'time_info': 'Orario non disponibile',
 'title': 'I Ditelo Voi al Bracco con “Se Potrei” e la grammatica sovversiva',
 'url': 'https://www.napolitoday.it/eventi/ditelo-voi-teatro-bracco-22-gennaio-1-febbraio-2026.html',
 'uuid': '92d151bbf4fe3d5e'}
[2026-01-28T20:46:43.185+0000] {docker.py:429} INFO - 2026-01-28 20:46:43 [scrapy.core.engine] DEBUG: Crawled (200) <GET https://www.napolitoday.it/eventi/casalnuovo-rassegna-teatro-amatoriale-oblo-forum-di-idee.html> (referer: https://www.napolitoday.it/eventi/dal/2026-01-28/al/2026-02-01/)
[2026-01-28T20:46:43.300+0000] {docker.py:429} INFO - 2026-01-28 20:46:43 [scrapy.core.scraper] DEBUG: Scraped from <200 https://www.napolitoday.it/eventi/casalnuovo-rassegna-teatro-amatoriale-oblo-forum-di-idee.html>
{'category': 'Teatri',
 'city': 'Napoli',
 'content_hash': '1f5a09ebe0a64388',
 'date_end': '2026-09-26',
 'date_start': '2025-10-12',
 'dates': [{'date': '2025-10-12', 'time_start': '18:30', 'weekday': 'Domenica'},
           {'date': '2025-10-13', 'time_start': '18:30', 'weekday': 'Lunedì'},
           {'date': '2025-10-14', 'time_start': '18:30', 'weekday': 'Martedì'},
           {'date': '2025-10-15',
            'time_start': '18:30',
            'weekday': 'Mercoledì'},
           {'date': '2025-10-16', 'time_start': '18:30', 'weekday': 'Giovedì'},
           {'date': '2025-10-17', 'time_start': '18:30', 'weekday': 'Venerdì'},
           {'date': '2025-10-18', 'time_start': '18:30', 'weekday': 'Sabato'},
           {'date': '2025-10-19', 'time_start': '18:30', 'weekday': 'Domenica'},
           {'date': '2025-10-20', 'time_start': '18:30', 'weekday': 'Lunedì'},
           {'date': '2025-10-21', 'time_start': '18:30', 'weekday': 'Martedì'},
           {'date': '2025-10-22',
            'time_start': '18:30',
            'weekday': 'Mercoledì'},
           {'date': '2025-10-23', 'time_start': '18:30', 'weekday': 'Giovedì'},
           {'date': '2025-10-24', 'time_start': '18:30', 'weekday': 'Venerdì'},
           {'date': '2025-10-25', 'time_start': '18:30', 'weekday': 'Sabato'},
           {'date': '2025-10-26', 'time_start': '18:30', 'weekday': 'Domenica'},
           {'date': '2025-10-27', 'time_start': '18:30', 'weekday': 'Lunedì'},
           {'date': '2025-10-28', 'time_start': '18:30', 'weekday': 'Martedì'},
           {'date': '2025-10-29',
            'time_start': '18:30',
            'weekday': 'Mercoledì'},
           {'date': '2025-10-30', 'time_start': '18:30', 'weekday': 'Giovedì'},
           {'date': '2025-10-31', 'time_start': '18:30', 'weekday': 'Venerdì'},
           {'date': '2025-11-01', 'time_start': '18:30', 'weekday': 'Sabato'},
           {'date': '2025-11-02', 'time_start': '18:30', 'weekday': 'Domenica'},
           {'date': '2025-11-03', 'time_start': '18:30', 'weekday': 'Lunedì'},
           {'date': '2025-11-04', 'time_start': '18:30', 'weekday': 'Martedì'},
           {'date': '2025-11-05',
            'time_start': '18:30',
            'weekday': 'Mercoledì'},
           {'date': '2025-11-06', 'time_start': '18:30', 'weekday': 'Giovedì'},
           {'date': '2025-11-07', 'time_start': '18:30', 'weekday': 'Venerdì'},
           {'date': '2025-11-08', 'time_start': '18:30', 'weekday': 'Sabato'},
           {'date': '2025-11-09', 'time_start': '18:30', 'weekday': 'Domenica'},
           {'date': '2025-11-10', 'time_start': '18:30', 'weekday': 'Lunedì'},
           {'date': '2025-11-11', 'time_start': '18:30', 'weekday': 'Martedì'},
           {'date': '2025-11-12',
            'time_start': '18:30',
            'weekday': 'Mercoledì'},
           {'date': '2025-11-13', 'time_start': '18:30', 'weekday': 'Giovedì'},
           {'date': '2025-11-14', 'time_start': '18:30', 'weekday': 'Venerdì'},
           {'date': '2025-11-15', 'time_start': '18:30', 'weekday': 'Sabato'},
           {'date': '2025-11-16', 'time_start': '18:30', 'weekday': 'Domenica'},
           {'date': '2025-11-17', 'time_start': '18:30', 'weekday': 'Lunedì'},
           {'date': '2025-11-18', 'time_start': '18:30', 'weekday': 'Martedì'},
           {'date': '2025-11-19',
            'time_start': '18:30',
            'weekday': 'Mercoledì'},
           {'date': '2025-11-20', 'time_start': '18:30', 'weekday': 'Giovedì'},
           {'date': '2025-11-21', 'time_start': '18:30', 'weekday': 'Venerdì'},
           {'date': '2025-11-22', 'time_start': '18:30', 'weekday': 'Sabato'},
           {'date': '2025-11-23', 'time_start': '18:30', 'weekday': 'Domenica'},
           {'date': '2025-11-24', 'time_start': '18:30', 'weekday': 'Lunedì'},
           {'date': '2025-11-25', 'time_start': '18:30', 'weekday': 'Martedì'},
           {'date': '2025-11-26',
            'time_start': '18:30',
            'weekday': 'Mercoledì'},
           {'date': '2025-11-27', 'time_start': '18:30', 'weekday': 'Giovedì'},
           {'date': '2025-11-28', 'time_start': '18:30', 'weekday': 'Venerdì'},
           {'date': '2025-11-29', 'time_start': '18:30', 'weekday': 'Sabato'},
           {'date': '2025-11-30', 'time_start': '18:30', 'weekday': 'Domenica'},
           {'date': '2025-12-01', 'time_start': '18:30', 'weekday': 'Lunedì'},
           {'date': '2025-12-02', 'time_start': '18:30', 'weekday': 'Martedì'},
           {'date': '2025-12-03',
            'time_start': '18:30',
            'weekday': 'Mercoledì'},
           {'date': '2025-12-04', 'time_start': '18:30', 'weekday': 'Giovedì'},
           {'date': '2025-12-05', 'time_start': '18:30', 'weekday': 'Venerdì'},
           {'date': '2025-12-06', 'time_start': '18:30', 'weekday': 'Sabato'},
           {'date': '2025-12-07', 'time_start': '18:30', 'weekday': 'Domenica'},
           {'date': '2025-12-08', 'time_start': '18:30', 'weekday': 'Lunedì'},
           {'date': '2025-12-09', 'time_start': '18:30', 'weekday': 'Martedì'},
           {'date': '2025-12-10',
            'time_start': '18:30',
            'weekday': 'Mercoledì'},
           {'date': '2025-12-11', 'time_start': '18:30', 'weekday': 'Giovedì'},
           {'date': '2025-12-12', 'time_start': '18:30', 'weekday': 'Venerdì'},
           {'date': '2025-12-13', 'time_start': '18:30', 'weekday': 'Sabato'},
           {'date': '2025-12-14', 'time_start': '18:30', 'weekday': 'Domenica'},
           {'date': '2025-12-15', 'time_start': '18:30', 'weekday': 'Lunedì'},
           {'date': '2025-12-16', 'time_start': '18:30', 'weekday': 'Martedì'},
           {'date': '2025-12-17',
            'time_start': '18:30',
            'weekday': 'Mercoledì'},
           {'date': '2025-12-18', 'time_start': '18:30', 'weekday': 'Giovedì'},
           {'date': '2025-12-19', 'time_start': '18:30', 'weekday': 'Venerdì'},
           {'date': '2025-12-20', 'time_start': '18:30', 'weekday': 'Sabato'},
           {'date': '2025-12-21', 'time_start': '18:30', 'weekday': 'Domenica'},
           {'date': '2025-12-22', 'time_start': '18:30', 'weekday': 'Lunedì'},
           {'date': '2025-12-23', 'time_start': '18:30', 'weekday': 'Martedì'},
           {'date': '2025-12-24',
            'time_start': '18:30',
            'weekday': 'Mercoledì'},
           {'date': '2025-12-25', 'time_start': '18:30', 'weekday': 'Giovedì'},
           {'date': '2025-12-26', 'time_start': '18:30', 'weekday': 'Venerdì'},
           {'date': '2025-12-27', 'time_start': '18:30', 'weekday': 'Sabato'},
           {'date': '2025-12-28', 'time_start': '18:30', 'weekday': 'Domenica'},
           {'date': '2025-12-29', 'time_start': '18:30', 'weekday': 'Lunedì'},
           {'date': '2025-12-30', 'time_start': '18:30', 'weekday': 'Martedì'},
           {'date': '2025-12-31',
            'time_start': '18:30',
            'weekday': 'Mercoledì'},
           {'date': '2026-01-01', 'time_start': '18:30', 'weekday': 'Giovedì'},
           {'date': '2026-01-02', 'time_start': '18:30', 'weekday': 'Venerdì'},
           {'date': '2026-01-03', 'time_start': '18:30', 'weekday': 'Sabato'},
           {'date': '2026-01-04', 'time_start': '18:30', 'weekday': 'Domenica'},
           {'date': '2026-01-05', 'time_start': '18:30', 'weekday': 'Lunedì'},
           {'date': '2026-01-06', 'time_start': '18:30', 'weekday': 'Martedì'},
           {'date': '2026-01-07',
            'time_start': '18:30',
            'weekday': 'Mercoledì'},
           {'date': '2026-01-08', 'time_start': '18:30', 'weekday': 'Giovedì'},
           {'date': '2026-01-09', 'time_start': '18:30', 'weekday': 'Venerdì'},
           {'date': '2026-01-10', 'time_start': '18:30', 'weekday': 'Sabato'},
           {'date': '2026-01-11', 'time_start': '18:30', 'weekday': 'Domenica'},
           {'date': '2026-01-12', 'time_start': '18:30', 'weekday': 'Lunedì'},
           {'date': '2026-01-13', 'time_start': '18:30', 'weekday': 'Martedì'},
           {'date': '2026-01-14',
            'time_start': '18:30',
            'weekday': 'Mercoledì'},
           {'date': '2026-01-15', 'time_start': '18:30', 'weekday': 'Giovedì'},
           {'date': '2026-01-16', 'time_start': '18:30', 'weekday': 'Venerdì'},
           {'date': '2026-01-17', 'time_start': '18:30', 'weekday': 'Sabato'},
           {'date': '2026-01-18', 'time_start': '18:30', 'weekday': 'Domenica'},
           {'date': '2026-01-19', 'time_start': '18:30', 'weekday': 'Lunedì'},
           {'date': '2026-01-20', 'time_start': '18:30', 'weekday': 'Martedì'},
           {'date': '2026-01-21',
            'time_start': '18:30',
            'weekday': 'Mercoledì'},
           {'date': '2026-01-22', 'time_start': '18:30', 'weekday': 'Giovedì'},
           {'date': '2026-01-23', 'time_start': '18:30', 'weekday': 'Venerdì'},
           {'date': '2026-01-24', 'time_start': '18:30', 'weekday': 'Sabato'},
           {'date': '2026-01-25', 'time_start': '18:30', 'weekday': 'Domenica'},
           {'date': '2026-01-26', 'time_start': '18:30', 'weekday': 'Lunedì'},
           {'date': '2026-01-27', 'time_start': '18:30', 'weekday': 'Martedì'},
           {'date': '2026-01-28',
            'time_start': '18:30',
            'weekday': 'Mercoledì'},
           {'date': '2026-01-29', 'time_start': '18:30', 'weekday': 'Giovedì'},
           {'date': '2026-01-30', 'time_start': '18:30', 'weekday': 'Venerdì'},
           {'date': '2026-01-31', 'time_start': '18:30', 'weekday': 'Sabato'},
           {'date': '2026-02-01', 'time_start': '18:30', 'weekday': 'Domenica'},
           {'date': '2026-02-02', 'time_start': '18:30', 'weekday': 'Lunedì'},
           {'date': '2026-02-03', 'time_start': '18:30', 'weekday': 'Martedì'},
           {'date': '2026-02-04',
            'time_start': '18:30',
            'weekday': 'Mercoledì'},
           {'date': '2026-02-05', 'time_start': '18:30', 'weekday': 'Giovedì'},
           {'date': '2026-02-06', 'time_start': '18:30', 'weekday': 'Venerdì'},
           {'date': '2026-02-07', 'time_start': '18:30', 'weekday': 'Sabato'},
           {'date': '2026-02-08', 'time_start': '18:30', 'weekday': 'Domenica'},
           {'date': '2026-02-09', 'time_start': '18:30', 'weekday': 'Lunedì'},
           {'date': '2026-02-10', 'time_start': '18:30', 'weekday': 'Martedì'},
           {'date': '2026-02-11',
            'time_start': '18:30',
            'weekday': 'Mercoledì'},
           {'date': '2026-02-12', 'time_start': '18:30', 'weekday': 'Giovedì'},
           {'date': '2026-02-13', 'time_start': '18:30', 'weekday': 'Venerdì'},
           {'date': '2026-02-14', 'time_start': '18:30', 'weekday': 'Sabato'},
           {'date': '2026-02-15', 'time_start': '18:30', 'weekday': 'Domenica'},
           {'date': '2026-02-16', 'time_start': '18:30', 'weekday': 'Lunedì'},
           {'date': '2026-02-17', 'time_start': '18:30', 'weekday': 'Martedì'},
           {'date': '2026-02-18',
            'time_start': '18:30',
            'weekday': 'Mercoledì'},
           {'date': '2026-02-19', 'time_start': '18:30', 'weekday': 'Giovedì'},
           {'date': '2026-02-20', 'time_start': '18:30', 'weekday': 'Venerdì'},
           {'date': '2026-02-21', 'time_start': '18:30', 'weekday': 'Sabato'},
           {'date': '2026-02-22', 'time_start': '18:30', 'weekday': 'Domenica'},
           {'date': '2026-02-23', 'time_start': '18:30', 'weekday': 'Lunedì'},
           {'date': '2026-02-24', 'time_start': '18:30', 'weekday': 'Martedì'},
           {'date': '2026-02-25',
            'time_start': '18:30',
            'weekday': 'Mercoledì'},
           {'date': '2026-02-26', 'time_start': '18:30', 'weekday': 'Giovedì'},
           {'date': '2026-02-27', 'time_start': '18:30', 'weekday': 'Venerdì'},
           {'date': '2026-02-28', 'time_start': '18:30', 'weekday': 'Sabato'},
           {'date': '2026-03-01', 'time_start': '18:30', 'weekday': 'Domenica'},
           {'date': '2026-03-02', 'time_start': '18:30', 'weekday': 'Lunedì'},
           {'date': '2026-03-03', 'time_start': '18:30', 'weekday': 'Martedì'},
           {'date': '2026-03-04',
            'time_start': '18:30',
            'weekday': 'Mercoledì'},
           {'date': '2026-03-05', 'time_start': '18:30', 'weekday': 'Giovedì'},
           {'date': '2026-03-06', 'time_start': '18:30', 'weekday': 'Venerdì'},
           {'date': '2026-03-07', 'time_start': '18:30', 'weekday': 'Sabato'},
           {'date': '2026-03-08', 'time_start': '18:30', 'weekday': 'Domenica'},
           {'date': '2026-03-09', 'time_start': '18:30', 'weekday': 'Lunedì'},
           {'date': '2026-03-10', 'time_start': '18:30', 'weekday': 'Martedì'},
           {'date': '2026-03-11',
            'time_start': '18:30',
            'weekday': 'Mercoledì'},
           {'date': '2026-03-12', 'time_start': '18:30', 'weekday': 'Giovedì'},
           {'date': '2026-03-13', 'time_start': '18:30', 'weekday': 'Venerdì'},
           {'date': '2026-03-14', 'time_start': '18:30', 'weekday': 'Sabato'},
           {'date': '2026-03-15', 'time_start': '18:30', 'weekday': 'Domenica'},
           {'date': '2026-03-16', 'time_start': '18:30', 'weekday': 'Lunedì'},
           {'date': '2026-03-17', 'time_start': '18:30', 'weekday': 'Martedì'},
           {'date': '2026-03-18',
            'time_start': '18:30',
            'weekday': 'Mercoledì'},
           {'date': '2026-03-19', 'time_start': '18:30', 'weekday': 'Giovedì'},
           {'date': '2026-03-20', 'time_start': '18:30', 'weekday': 'Venerdì'},
           {'date': '2026-03-21', 'time_start': '18:30', 'weekday': 'Sabato'},
           {'date': '2026-03-22', 'time_start': '18:30', 'weekday': 'Domenica'},
           {'date': '2026-03-23', 'time_start': '18:30', 'weekday': 'Lunedì'},
           {'date': '2026-03-24', 'time_start': '18:30', 'weekday': 'Martedì'},
           {'date': '2026-03-25',
            'time_start': '18:30',
            'weekday': 'Mercoledì'},
           {'date': '2026-03-26', 'time_start': '18:30', 'weekday': 'Giovedì'},
           {'date': '2026-03-27', 'time_start': '18:30', 'weekday': 'Venerdì'},
           {'date': '2026-03-28', 'time_start': '18:30', 'weekday': 'Sabato'},
           {'date': '2026-03-29', 'time_start': '18:30', 'weekday': 'Domenica'},
           {'date': '2026-03-30', 'time_start': '18:30', 'weekday': 'Lunedì'},
           {'date': '2026-03-31', 'time_start': '18:30', 'weekday': 'Martedì'},
           {'date': '2026-04-01',
            'time_start': '18:30',
            'weekday': 'Mercoledì'},
           {'date': '2026-04-02', 'time_start': '18:30', 'weekday': 'Giovedì'},
           {'date': '2026-04-03', 'time_start': '18:30', 'weekday': 'Venerdì'},
           {'date': '2026-04-04', 'time_start': '18:30', 'weekday': 'Sabato'},
           {'date': '2026-04-05', 'time_start': '18:30', 'weekday': 'Domenica'},
           {'date': '2026-04-06', 'time_start': '18:30', 'weekday': 'Lunedì'},
           {'date': '2026-04-07', 'time_start': '18:30', 'weekday': 'Martedì'},
           {'date': '2026-04-08',
            'time_start': '18:30',
            'weekday': 'Mercoledì'},
           {'date': '2026-04-09', 'time_start': '18:30', 'weekday': 'Giovedì'},
           {'date': '2026-04-10', 'time_start': '18:30', 'weekday': 'Venerdì'},
           {'date': '2026-04-11', 'time_start': '18:30', 'weekday': 'Sabato'},
           {'date': '2026-04-12', 'time_start': '18:30', 'weekday': 'Domenica'},
           {'date': '2026-04-13', 'time_start': '18:30', 'weekday': 'Lunedì'},
           {'date': '2026-04-14', 'time_start': '18:30', 'weekday': 'Martedì'},
           {'date': '2026-04-15',
            'time_start': '18:30',
            'weekday': 'Mercoledì'},
           {'date': '2026-04-16', 'time_start': '18:30', 'weekday': 'Giovedì'},
           {'date': '2026-04-17', 'time_start': '18:30', 'weekday': 'Venerdì'},
           {'date': '2026-04-18', 'time_start': '18:30', 'weekday': 'Sabato'},
           {'date': '2026-04-19', 'time_start': '18:30', 'weekday': 'Domenica'},
           {'date': '2026-04-20', 'time_start': '18:30', 'weekday': 'Lunedì'},
           {'date': '2026-04-21', 'time_start': '18:30', 'weekday': 'Martedì'},
           {'date': '2026-04-22',
            'time_start': '18:30',
            'weekday': 'Mercoledì'},
           {'date': '2026-04-23', 'time_start': '18:30', 'weekday': 'Giovedì'},
           {'date': '2026-04-24', 'time_start': '18:30', 'weekday': 'Venerdì'},
           {'date': '2026-04-25', 'time_start': '18:30', 'weekday': 'Sabato'},
           {'date': '2026-04-26', 'time_start': '18:30', 'weekday': 'Domenica'},
           {'date': '2026-04-27', 'time_start': '18:30', 'weekday': 'Lunedì'},
           {'date': '2026-04-28', 'time_start': '18:30', 'weekday': 'Martedì'},
           {'date': '2026-04-29',
            'time_start': '18:30',
            'weekday': 'Mercoledì'},
           {'date': '2026-04-30', 'time_start': '18:30', 'weekday': 'Giovedì'},
           {'date': '2026-05-01', 'time_start': '18:30', 'weekday': 'Venerdì'},
           {'date': '2026-05-02', 'time_start': '18:30', 'weekday': 'Sabato'},
           {'date': '2026-05-03', 'time_start': '18:30', 'weekday': 'Domenica'},
           {'date': '2026-05-04', 'time_start': '18:30', 'weekday': 'Lunedì'},
           {'date': '2026-05-05', 'time_start': '18:30', 'weekday': 'Martedì'},
           {'date': '2026-05-06',
            'time_start': '18:30',
            'weekday': 'Mercoledì'},
           {'date': '2026-05-07', 'time_start': '18:30', 'weekday': 'Giovedì'},
           {'date': '2026-05-08', 'time_start': '18:30', 'weekday': 'Venerdì'},
           {'date': '2026-05-09', 'time_start': '18:30', 'weekday': 'Sabato'},
           {'date': '2026-05-10', 'time_start': '18:30', 'weekday': 'Domenica'},
           {'date': '2026-05-11', 'time_start': '18:30', 'weekday': 'Lunedì'},
           {'date': '2026-05-12', 'time_start': '18:30', 'weekday': 'Martedì'},
           {'date': '2026-05-13',
            'time_start': '18:30',
            'weekday': 'Mercoledì'},
           {'date': '2026-05-14', 'time_start': '18:30', 'weekday': 'Giovedì'},
           {'date': '2026-05-15', 'time_start': '18:30', 'weekday': 'Venerdì'},
           {'date': '2026-05-16', 'time_start': '18:30', 'weekday': 'Sabato'},
           {'date': '2026-05-17', 'time_start': '18:30', 'weekday': 'Domenica'},
           {'date': '2026-05-18', 'time_start': '18:30', 'weekday': 'Lunedì'},
           {'date': '2026-05-19', 'time_start': '18:30', 'weekday': 'Martedì'},
           {'date': '2026-05-20',
            'time_start': '18:30',
            'weekday': 'Mercoledì'},
           {'date': '2026-05-21', 'time_start': '18:30', 'weekday': 'Giovedì'},
           {'date': '2026-05-22', 'time_start': '18:30', 'weekday': 'Venerdì'},
           {'date': '2026-05-23', 'time_start': '18:30', 'weekday': 'Sabato'},
           {'date': '2026-05-24', 'time_start': '18:30', 'weekday': 'Domenica'},
           {'date': '2026-05-25', 'time_start': '18:30', 'weekday': 'Lunedì'},
           {'date': '2026-05-26', 'time_start': '18:30', 'weekday': 'Martedì'},
           {'date': '2026-05-27',
            'time_start': '18:30',
            'weekday': 'Mercoledì'},
           {'date': '2026-05-28', 'time_start': '18:30', 'weekday': 'Giovedì'},
           {'date': '2026-05-29', 'time_start': '18:30', 'weekday': 'Venerdì'},
           {'date': '2026-05-30', 'time_start': '18:30', 'weekday': 'Sabato'},
           {'date': '2026-05-31', 'time_start': '18:30', 'weekday': 'Domenica'},
           {'date': '2026-06-01', 'time_start': '18:30', 'weekday': 'Lunedì'},
           {'date': '2026-06-02', 'time_start': '18:30', 'weekday': 'Martedì'},
           {'date': '2026-06-03',
            'time_start': '18:30',
            'weekday': 'Mercoledì'},
           {'date': '2026-06-04', 'time_start': '18:30', 'weekday': 'Giovedì'},
           {'date': '2026-06-05', 'time_start': '18:30', 'weekday': 'Venerdì'},
           {'date': '2026-06-06', 'time_start': '18:30', 'weekday': 'Sabato'},
           {'date': '2026-06-07', 'time_start': '18:30', 'weekday': 'Domenica'},
           {'date': '2026-06-08', 'time_start': '18:30', 'weekday': 'Lunedì'},
           {'date': '2026-06-09', 'time_start': '18:30', 'weekday': 'Martedì'},
           {'date': '2026-06-10',
            'time_start': '18:30',
            'weekday': 'Mercoledì'},
           {'date': '2026-06-11', 'time_start': '18:30', 'weekday': 'Giovedì'},
           {'date': '2026-06-12', 'time_start': '18:30', 'weekday': 'Venerdì'},
           {'date': '2026-06-13', 'time_start': '18:30', 'weekday': 'Sabato'},
           {'date': '2026-06-14', 'time_start': '18:30', 'weekday': 'Domenica'},
           {'date': '2026-06-15', 'time_start': '18:30', 'weekday': 'Lunedì'},
           {'date': '2026-06-16', 'time_start': '18:30', 'weekday': 'Martedì'},
           {'date': '2026-06-17',
            'time_start': '18:30',
            'weekday': 'Mercoledì'},
           {'date': '2026-06-18', 'time_start': '18:30', 'weekday': 'Giovedì'},
           {'date': '2026-06-19', 'time_start': '18:30', 'weekday': 'Venerdì'},
           {'date': '2026-06-20', 'time_start': '18:30', 'weekday': 'Sabato'},
           {'date': '2026-06-21', 'time_start': '18:30', 'weekday': 'Domenica'},
           {'date': '2026-06-22', 'time_start': '18:30', 'weekday': 'Lunedì'},
           {'date': '2026-06-23', 'time_start': '18:30', 'weekday': 'Martedì'},
           {'date': '2026-06-24',
            'time_start': '18:30',
            'weekday': 'Mercoledì'},
           {'date': '2026-06-25', 'time_start': '18:30', 'weekday': 'Giovedì'},
           {'date': '2026-06-26', 'time_start': '18:30', 'weekday': 'Venerdì'},
           {'date': '2026-06-27', 'time_start': '18:30', 'weekday': 'Sabato'},
           {'date': '2026-06-28', 'time_start': '18:30', 'weekday': 'Domenica'},
           {'date': '2026-06-29', 'time_start': '18:30', 'weekday': 'Lunedì'},
           {'date': '2026-06-30', 'time_start': '18:30', 'weekday': 'Martedì'},
           {'date': '2026-07-01',
            'time_start': '18:30',
            'weekday': 'Mercoledì'},
           {'date': '2026-07-02', 'time_start': '18:30', 'weekday': 'Giovedì'},
           {'date': '2026-07-03', 'time_start': '18:30', 'weekday': 'Venerdì'},
           {'date': '2026-07-04', 'time_start': '18:30', 'weekday': 'Sabato'},
           {'date': '2026-07-05', 'time_start': '18:30', 'weekday': 'Domenica'},
           {'date': '2026-07-06', 'time_start': '18:30', 'weekday': 'Lunedì'},
           {'date': '2026-07-07', 'time_start': '18:30', 'weekday': 'Martedì'},
           {'date': '2026-07-08',
            'time_start': '18:30',
            'weekday': 'Mercoledì'},
           {'date': '2026-07-09', 'time_start': '18:30', 'weekday': 'Giovedì'},
           {'date': '2026-07-10', 'time_start': '18:30', 'weekday': 'Venerdì'},
           {'date': '2026-07-11', 'time_start': '18:30', 'weekday': 'Sabato'},
           {'date': '2026-07-12', 'time_start': '18:30', 'weekday': 'Domenica'},
           {'date': '2026-07-13', 'time_start': '18:30', 'weekday': 'Lunedì'},
           {'date': '2026-07-14', 'time_start': '18:30', 'weekday': 'Martedì'},
           {'date': '2026-07-15',
            'time_start': '18:30',
            'weekday': 'Mercoledì'},
           {'date': '2026-07-16', 'time_start': '18:30', 'weekday': 'Giovedì'},
           {'date': '2026-07-17', 'time_start': '18:30', 'weekday': 'Venerdì'},
           {'date': '2026-07-18', 'time_start': '18:30', 'weekday': 'Sabato'},
           {'date': '2026-07-19', 'time_start': '18:30', 'weekday': 'Domenica'},
           {'date': '2026-07-20', 'time_start': '18:30', 'weekday': 'Lunedì'},
           {'date': '2026-07-21', 'time_start': '18:30', 'weekday': 'Martedì'},
           {'date': '2026-07-22',
            'time_start': '18:30',
            'weekday': 'Mercoledì'},
           {'date': '2026-07-23', 'time_start': '18:30', 'weekday': 'Giovedì'},
           {'date': '2026-07-24', 'time_start': '18:30', 'weekday': 'Venerdì'},
           {'date': '2026-07-25', 'time_start': '18:30', 'weekday': 'Sabato'},
           {'date': '2026-07-26', 'time_start': '18:30', 'weekday': 'Domenica'},
           {'date': '2026-07-27', 'time_start': '18:30', 'weekday': 'Lunedì'},
           {'date': '2026-07-28', 'time_start': '18:30', 'weekday': 'Martedì'},
           {'date': '2026-07-29',
            'time_start': '18:30',
            'weekday': 'Mercoledì'},
           {'date': '2026-07-30', 'time_start': '18:30', 'weekday': 'Giovedì'},
           {'date': '2026-07-31', 'time_start': '18:30', 'weekday': 'Venerdì'},
           {'date': '2026-08-01', 'time_start': '18:30', 'weekday': 'Sabato'},
           {'date': '2026-08-02', 'time_start': '18:30', 'weekday': 'Domenica'},
           {'date': '2026-08-03', 'time_start': '18:30', 'weekday': 'Lunedì'},
           {'date': '2026-08-04', 'time_start': '18:30', 'weekday': 'Martedì'},
           {'date': '2026-08-05',
            'time_start': '18:30',
            'weekday': 'Mercoledì'},
           {'date': '2026-08-06', 'time_start': '18:30', 'weekday': 'Giovedì'},
           {'date': '2026-08-07', 'time_start': '18:30', 'weekday': 'Venerdì'},
           {'date': '2026-08-08', 'time_start': '18:30', 'weekday': 'Sabato'},
           {'date': '2026-08-09', 'time_start': '18:30', 'weekday': 'Domenica'},
           {'date': '2026-08-10', 'time_start': '18:30', 'weekday': 'Lunedì'},
           {'date': '2026-08-11', 'time_start': '18:30', 'weekday': 'Martedì'},
           {'date': '2026-08-12',
            'time_start': '18:30',
            'weekday': 'Mercoledì'},
           {'date': '2026-08-13', 'time_start': '18:30', 'weekday': 'Giovedì'},
           {'date': '2026-08-14', 'time_start': '18:30', 'weekday': 'Venerdì'},
           {'date': '2026-08-15', 'time_start': '18:30', 'weekday': 'Sabato'},
           {'date': '2026-08-16', 'time_start': '18:30', 'weekday': 'Domenica'},
           {'date': '2026-08-17', 'time_start': '18:30', 'weekday': 'Lunedì'},
           {'date': '2026-08-18', 'time_start': '18:30', 'weekday': 'Martedì'},
           {'date': '2026-08-19',
            'time_start': '18:30',
            'weekday': 'Mercoledì'},
           {'date': '2026-08-20', 'time_start': '18:30', 'weekday': 'Giovedì'},
           {'date': '2026-08-21', 'time_start': '18:30', 'weekday': 'Venerdì'},
           {'date': '2026-08-22', 'time_start': '18:30', 'weekday': 'Sabato'},
           {'date': '2026-08-23', 'time_start': '18:30', 'weekday': 'Domenica'},
           {'date': '2026-08-24', 'time_start': '18:30', 'weekday': 'Lunedì'},
           {'date': '2026-08-25', 'time_start': '18:30', 'weekday': 'Martedì'},
           {'date': '2026-08-26',
            'time_start': '18:30',
            'weekday': 'Mercoledì'},
           {'date': '2026-08-27', 'time_start': '18:30', 'weekday': 'Giovedì'},
           {'date': '2026-08-28', 'time_start': '18:30', 'weekday': 'Venerdì'},
           {'date': '2026-08-29', 'time_start': '18:30', 'weekday': 'Sabato'},
           {'date': '2026-08-30', 'time_start': '18:30', 'weekday': 'Domenica'},
           {'date': '2026-08-31', 'time_start': '18:30', 'weekday': 'Lunedì'},
           {'date': '2026-09-01', 'time_start': '18:30', 'weekday': 'Martedì'},
           {'date': '2026-09-02',
            'time_start': '18:30',
            'weekday': 'Mercoledì'},
           {'date': '2026-09-03', 'time_start': '18:30', 'weekday': 'Giovedì'},
           {'date': '2026-09-04', 'time_start': '18:30', 'weekday': 'Venerdì'},
           {'date': '2026-09-05', 'time_start': '18:30', 'weekday': 'Sabato'},
           {'date': '2026-09-06', 'time_start': '18:30', 'weekday': 'Domenica'},
           {'date': '2026-09-07', 'time_start': '18:30', 'weekday': 'Lunedì'},
           {'date': '2026-09-08', 'time_start': '18:30', 'weekday': 'Martedì'},
           {'date': '2026-09-09',
            'time_start': '18:30',
            'weekday': 'Mercoledì'},
           {'date': '2026-09-10', 'time_start': '18:30', 'weekday': 'Giovedì'},
           {'date': '2026-09-11', 'time_start': '18:30', 'weekday': 'Venerdì'},
           {'date': '2026-09-12', 'time_start': '18:30', 'weekday': 'Sabato'},
           {'date': '2026-09-13', 'time_start': '18:30', 'weekday': 'Domenica'},
           {'date': '2026-09-14', 'time_start': '18:30', 'weekday': 'Lunedì'},
           {'date': '2026-09-15', 'time_start': '18:30', 'weekday': 'Martedì'},
           {'date': '2026-09-16',
            'time_start': '18:30',
            'weekday': 'Mercoledì'},
           {'date': '2026-09-17', 'time_start': '18:30', 'weekday': 'Giovedì'},
           {'date': '2026-09-18', 'time_start': '18:30', 'weekday': 'Venerdì'},
           {'date': '2026-09-19', 'time_start': '18:30', 'weekday': 'Sabato'},
           {'date': '2026-09-20', 'time_start': '18:30', 'weekday': 'Domenica'},
           {'date': '2026-09-21', 'time_start': '18:30', 'weekday': 'Lunedì'},
           {'date': '2026-09-22', 'time_start': '18:30', 'weekday': 'Martedì'},
           {'date': '2026-09-23',
            'time_start': '18:30',
            'weekday': 'Mercoledì'},
           {'date': '2026-09-24', 'time_start': '18:30', 'weekday': 'Giovedì'},
           {'date': '2026-09-25', 'time_start': '18:30', 'weekday': 'Venerdì'},
           {'date': '2026-09-26', 'time_start': '18:30', 'weekday': 'Sabato'}],
 'description': 'Dal 12 ottobre 2025 torna a Casalnuovo la Rassegna di Teatro '
                'Amatoriale “Oblò – Forum di Idee”, giunta quest’anno alla sua '
                'decima edizione. L’iniziativa, ormai appuntamento fisso della '
                'scena culturale locale, è organizzata dall’Associazione Zero '
                'Chiacchiere, con il patrocinio del Comune di Casalnuovo di '
                'Napoli e la direzione artistica di Roberto D’Aniello. La '
                'manifestazione si svolgerà presso la rinnovata sala '
                'polifunzionale Pier Paolo Pasolini e accompagnerà il pubblico '
                'da ottobre 2025 fino alla primavera 2026 con un ricco '
                'calendario di spettacoli a ingresso gratuito, in cui si '
                'alterneranno commedie classiche, testi inediti e opere di '
                'nuova drammaturgia. Elemento di prestigio di questa edizione '
                'è la presenza di un presidente di giuria d’eccezione, Carmine '
                'Coppola, erede ufficiale della maschera di Pulcinella. Con il '
                'suo percorso artistico, Coppola rappresenta un ponte tra la '
                'tradizione partenopea e la contemporaneità, e guiderà i '
                'lavori della giuria composta da attori, registi e autori '
                'esperti, chiamati a valutare le compagnie in gara e a '
                'premiare le migliori interpretazioni. Il programma della '
                'Decima Edizione • 12 ottobre 2025 – Compagnia Teatrale Il '
                'Faro di Casalnuovo con la commedia in due atti di F. Bianco '
                'Il Mio Gemello • 26 ottobre 2025 – Compagnia Teatrale '
                'Maschere Nude di Napoli con la commedia in due atti di E. '
                'Sasso Arape ’e Zitto • 9 novembre 2025 – Compagnia Teatrale '
                'Niente per Caso di Pozzuoli con la commedia in due atti di A. '
                'Guitto Da Ciccillo ’o Chianchiere • 16 novembre 2025 – '
                'Compagnia Teatrale Eden Blue di Napoli con la commedia in due '
                'atti di F. Maione Avanspettacolo • 18 gennaio 2026 – '
                'Compagnia Teatrale I Partenopacci di Casalnuovo con la '
                'commedia in due atti di G. Costa Il Fantasma del Cimitero • 1 '
                'marzo 2026 – Compagnia Teatrale Gli Scugnizzi di Napoli di '
                'Napoli con la commedia in due atti di Dafne Nu Vasce po Maje '
                'Addivintà ’na Reggia? • 22 marzo 2026 – Compagnia Teatrale '
                'GTN di Pomigliano con il dramma in due atti di S. Di Giacomo '
                'Assunta Spina • 12 aprile 2026 – Compagnia Teatrale San '
                'Gregorio Magno di Crispano con la commedia in due atti di G. '
                'Di Maio Gennaro Belvedere Testimone Cieco • 26 aprile 2026 – '
                'Compagnia Te
[2026-01-28T20:46:43.301+0000] {docker.py:429} INFO - atrale Napoli Recita di Napoli con la commedia in '
                'due atti di S. Barruffo ’O Zio ’e l’America Gran finale il 3 '
                'maggio 2026 con la tradizionale Serata di Gala, una serata '
                'elegante e suggestiva che vedrà la partecipazione di attori, '
                'organizzatori, pubblico e ospiti speciali. Sarà l’occasione '
                'per celebrare il percorso compiuto, consegnare i '
                'riconoscimenti e vivere un momento di festa all’insegna del '
                'teatro e della comunità. La Rassegna Oblò – Forum di Idee '
                'conferma così la sua identità: un’iniziativa capace di unire '
                'passione, memoria e innovazione, dando voce al talento e alla '
                'creatività delle compagnie amatoriali del territorio. '
                'Contatti e informazioni Segui la rassegna su Facebook e '
                'Instagram: Rassegna di Teatro Amatoriale Oblò – Forum di Idee '
                'Per informazioni e prenotazioni posti: 320 8194201 (anche '
                'WhatsApp)',
 'image_url': '//citynews-napolitoday.stgy.ovh/~media/horizontal-mid/37991509869148/casalnuovo-al-via-la-decima-edizione-della-rassegna-di-teatro-amatoriale-oblo-forum-di-idee.jpg',
 'location_address': 'Via Fausto Coppi',
 'location_name': 'Sala Pasolini',
 'price': 'Gratis',
 'scraped_at': '2026-01-28T20:46:37.978832',
 'time_info': '18.30',
 'title': 'Casalnuovo, al via la decima edizione della rassegna di teatro '
          'amatoriale Oblò – Forum di idee',
 'url': 'https://www.napolitoday.it/eventi/casalnuovo-rassegna-teatro-amatoriale-oblo-forum-di-idee.html',
 'uuid': 'c4e38751ed6ed4b8',
 'website': 'https://www.zeroinfo.it'}
[2026-01-28T20:46:44.372+0000] {docker.py:429} INFO - 2026-01-28 20:46:44 [scrapy.core.engine] DEBUG: Crawled (200) <GET https://www.napolitoday.it/eventi/teatro-trianon-viviani-spettacoli-gennaio-maggio-2026.html> (referer: https://www.napolitoday.it/eventi/dal/2026-01-28/al/2026-02-01/)
[2026-01-28T20:46:44.489+0000] {docker.py:429} INFO - 2026-01-28 20:46:44 [scrapy.core.scraper] DEBUG: Scraped from <200 https://www.napolitoday.it/eventi/teatro-trianon-viviani-spettacoli-gennaio-maggio-2026.html>
{'category': 'Teatri',
 'city': 'Napoli',
 'content_hash': '3953fe91ce59fda4',
 'date_end': '2026-05-17',
 'date_start': '2026-01-02',
 'dates': [{'date': '2026-01-02', 'weekday': 'Venerdì'},
           {'date': '2026-01-03', 'weekday': 'Sabato'},
           {'date': '2026-01-04', 'weekday': 'Domenica'},
           {'date': '2026-01-05', 'weekday': 'Lunedì'},
           {'date': '2026-01-06', 'weekday': 'Martedì'},
           {'date': '2026-01-07', 'weekday': 'Mercoledì'},
           {'date': '2026-01-08', 'weekday': 'Giovedì'},
           {'date': '2026-01-09', 'weekday': 'Venerdì'},
           {'date': '2026-01-10', 'weekday': 'Sabato'},
           {'date': '2026-01-11', 'weekday': 'Domenica'},
           {'date': '2026-01-12', 'weekday': 'Lunedì'},
           {'date': '2026-01-13', 'weekday': 'Martedì'},
           {'date': '2026-01-14', 'weekday': 'Mercoledì'},
           {'date': '2026-01-15', 'weekday': 'Giovedì'},
           {'date': '2026-01-16', 'weekday': 'Venerdì'},
           {'date': '2026-01-17', 'weekday': 'Sabato'},
           {'date': '2026-01-18', 'weekday': 'Domenica'},
           {'date': '2026-01-19', 'weekday': 'Lunedì'},
           {'date': '2026-01-20', 'weekday': 'Martedì'},
           {'date': '2026-01-21', 'weekday': 'Mercoledì'},
           {'date': '2026-01-22', 'weekday': 'Giovedì'},
           {'date': '2026-01-23', 'weekday': 'Venerdì'},
           {'date': '2026-01-24', 'weekday': 'Sabato'},
           {'date': '2026-01-25', 'weekday': 'Domenica'},
           {'date': '2026-01-26', 'weekday': 'Lunedì'},
           {'date': '2026-01-27', 'weekday': 'Martedì'},
           {'date': '2026-01-28', 'weekday': 'Mercoledì'},
           {'date': '2026-01-29', 'weekday': 'Giovedì'},
           {'date': '2026-01-30', 'weekday': 'Venerdì'},
           {'date': '2026-01-31', 'weekday': 'Sabato'},
           {'date': '2026-02-01', 'weekday': 'Domenica'},
           {'date': '2026-02-02', 'weekday': 'Lunedì'},
           {'date': '2026-02-03', 'weekday': 'Martedì'},
           {'date': '2026-02-04', 'weekday': 'Mercoledì'},
           {'date': '2026-02-05', 'weekday': 'Giovedì'},
           {'date': '2026-02-06', 'weekday': 'Venerdì'},
           {'date': '2026-02-07', 'weekday': 'Sabato'},
           {'date': '2026-02-08', 'weekday': 'Domenica'},
           {'date': '2026-02-09', 'weekday': 'Lunedì'},
           {'date': '2026-02-10', 'weekday': 'Martedì'},
           {'date': '2026-02-11', 'weekday': 'Mercoledì'},
           {'date': '2026-02-12', 'weekday': 'Giovedì'},
           {'date': '2026-02-13', 'weekday': 'Venerdì'},
           {'date': '2026-02-14', 'weekday': 'Sabato'},
           {'date': '2026-02-15', 'weekday': 'Domenica'},
           {'date': '2026-02-16', 'weekday': 'Lunedì'},
           {'date': '2026-02-17', 'weekday': 'Martedì'},
           {'date': '2026-02-18', 'weekday': 'Mercoledì'},
           {'date': '2026-02-19', 'weekday': 'Giovedì'},
           {'date': '2026-02-20', 'weekday': 'Venerdì'},
           {'date': '2026-02-21', 'weekday': 'Sabato'},
           {'date': '2026-02-22', 'weekday': 'Domenica'},
           {'date': '2026-02-23', 'weekday': 'Lunedì'},
           {'date': '2026-02-24', 'weekday': 'Martedì'},
           {'date': '2026-02-25', 'weekday': 'Mercoledì'},
           {'date': '2026-02-26', 'weekday': 'Giovedì'},
           {'date': '2026-02-27', 'weekday': 'Venerdì'},
           {'date': '2026-02-28', 'weekday': 'Sabato'},
           {'date': '2026-03-01', 'weekday': 'Domenica'},
           {'date': '2026-03-02', 'weekday': 'Lunedì'},
           {'date': '2026-03-03', 'weekday': 'Martedì'},
           {'date': '2026-03-04', 'weekday': 'Mercoledì'},
           {'date': '2026-03-05', 'weekday': 'Giovedì'},
           {'date': '2026-03-06', 'weekday': 'Venerdì'},
           {'date': '2026-03-07', 'weekday': 'Sabato'},
           {'date': '2026-03-08', 'weekday': 'Domenica'},
           {'date': '2026-03-09', 'weekday': 'Lunedì'},
           {'date': '2026-03-10', 'weekday': 'Martedì'},
           {'date': '2026-03-11', 'weekday': 'Mercoledì'},
           {'date': '2026-03-12', 'weekday': 'Giovedì'},
           {'date': '2026-03-13', 'weekday': 'Venerdì'},
           {'date': '2026-03-14', 'weekday': 'Sabato'},
           {'date': '2026-03-15', 'weekday': 'Domenica'},
           {'date': '2026-03-16', 'weekday': 'Lunedì'},
           {'date': '2026-03-17', 'weekday': 'Martedì'},
           {'date': '2026-03-18', 'weekday': 'Mercoledì'},
           {'date': '2026-03-19', 'weekday': 'Giovedì'},
           {'date': '2026-03-20', 'weekday': 'Venerdì'},
           {'date': '2026-03-21', 'weekday': 'Sabato'},
           {'date': '2026-03-22', 'weekday': 'Domenica'},
           {'date': '2026-03-23', 'weekday': 'Lunedì'},
           {'date': '2026-03-24', 'weekday': 'Martedì'},
           {'date': '2026-03-25', 'weekday': 'Mercoledì'},
           {'date': '2026-03-26', 'weekday': 'Giovedì'},
           {'date': '2026-03-27', 'weekday': 'Venerdì'},
           {'date': '2026-03-28', 'weekday': 'Sabato'},
           {'date': '2026-03-29', 'weekday': 'Domenica'},
           {'date': '2026-03-30', 'weekday': 'Lunedì'},
           {'date': '2026-03-31', 'weekday': 'Martedì'},
           {'date': '2026-04-01', 'weekday': 'Mercoledì'},
           {'date': '2026-04-02', 'weekday': 'Giovedì'},
           {'date': '2026-04-03', 'weekday': 'Venerdì'},
           {'date': '2026-04-04', 'weekday': 'Sabato'},
           {'date': '2026-04-05', 'weekday': 'Domenica'},
           {'date': '2026-04-06', 'weekday': 'Lunedì'},
           {'date': '2026-04-07', 'weekday': 'Martedì'},
           {'date': '2026-04-08', 'weekday': 'Mercoledì'},
           {'date': '2026-04-09', 'weekday': 'Giovedì'},
           {'date': '2026-04-10', 'weekday': 'Venerdì'},
           {'date': '2026-04-11', 'weekday': 'Sabato'},
           {'date': '2026-04-12', 'weekday': 'Domenica'},
           {'date': '2026-04-13', 'weekday': 'Lunedì'},
           {'date': '2026-04-14', 'weekday': 'Martedì'},
           {'date': '2026-04-15', 'weekday': 'Mercoledì'},
           {'date': '2026-04-16', 'weekday': 'Giovedì'},
           {'date': '2026-04-17', 'weekday': 'Venerdì'},
           {'date': '2026-04-18', 'weekday': 'Sabato'},
           {'date': '2026-04-19', 'weekday': 'Domenica'},
           {'date': '2026-04-20', 'weekday': 'Lunedì'},
           {'date': '2026-04-21', 'weekday': 'Martedì'},
           {'date': '2026-04-22', 'weekday': 'Mercoledì'},
           {'date': '2026-04-23', 'weekday': 'Giovedì'},
           {'date': '2026-04-24', 'weekday': 'Venerdì'},
           {'date': '2026-04-25', 'weekday': 'Sabato'},
           {'date': '2026-04-26', 'weekday': 'Domenica'},
           {'date': '2026-04-27', 'weekday': 'Lunedì'},
           {'date': '2026-04-28', 'weekday': 'Martedì'},
           {'date': '2026-04-29', 'weekday': 'Mercoledì'},
           {'date': '2026-04-30', 'weekday': 'Giovedì'},
           {'date': '2026-05-01', 'weekday': 'Venerdì'},
           {'date': '2026-05-02', 'weekday': 'Sabato'},
           {'date': '2026-05-03', 'weekday': 'Domenica'},
           {'date': '2026-05-04', 'weekday': 'Lunedì'},
           {'date': '2026-05-05', 'weekday': 'Martedì'},
           {'date': '2026-05-06', 'weekday': 'Mercoledì'},
           {'date': '2026-05-07', 'weekday': 'Giovedì'},
           {'date': '2026-05-08', 'weekday': 'Venerdì'},
           {'date': '2026-05-09', 'weekday': 'Sabato'},
           {'date': '2026-05-10', 'weekday': 'Domenica'},
           {'date': '2026-05-11', 'weekday': 'Lunedì'},
           {'date': '2026-05-12', 'weekday': 'Martedì'},
           {'date': '2026-05-13', 'weekday': 'Mercoledì'},
           {'date': '2026-05-14', 'weekday': 'Giovedì'},
           {'date': '2026-05-15', 'weekday': 'Venerdì'},
           {'date': '2026-05-16', 'weekday': 'Sabato'},
           {'date': '2026-05-17', 'weekday': 'Domenica'}],
 'description': 'Il Trianon Viviani presenta la seconda parte della sua '
                'stagione “ appassiunata ”, ovvero gli spettacoli teatrali e '
                'musicali, le stand up comedy e gli eventi speciali '
                'programmati nell’arco temporale che va da venerdì 2 gennaio a '
                'domenica 17 maggio . Marisa Laurito , al suo sesto anno alla '
                'guida artistica del teatro di Forcella, ha costruito un '
                'cartellone che spazia dalla tradizione napoletana alla scena '
                'contemporanea. «In questa seconda parte di stagione ho '
                'cercato di diversificare le scelte per andare incontro alle '
                'richieste di un pubblico più vasto – spiega il direttore '
                'artistico – con tanti spettacoli teatrali e musicali, ma '
                'anche stand up comedy e formati inediti per il nostro palco». '
                'Un cartellone ricco e articolato – che, con quarantasei '
                'appuntamenti nei cinque mesi considerati, testimonia la '
                'significativa produttività del teatro – conferma la vocazione '
                'del Trianon Viviani a essere la Casa della cultura musicale e '
                'teatrale partenopea , tra memoria e sguardo al presente: si '
                'va dal teatro classico napoletano alla drammaturgia '
                'contemporanea e alla prosa di impegno civile, dalla canzone '
                'di tradizione al rock, dalla stand up comedy al burlesque. '
                'INCONTRI ED EVENTI SPECIALI – Il cartellone rende omaggio a '
                'due grandi artisti che ci hanno recentemente lasciato: '
                'Roberto De Simone e James Senese . La storia recente del '
                'Trianon è legata alla figura dell’Autore della Gatta '
                'Cenerentola : dopo i lavori di ristrutturazione che '
                'riportarono all’attività teatrale la sala di Forcella, '
                'divenuta un cinema a luci rosse, il compositore, regista e '
                'musicologo svolse il ruolo di consulente artistico '
                'allestendo, per la nuova inaugurazione, un’edizione '
                'memorabile di Eden teatro di Raffaele Viviani (2002). Più '
                'recentemente volle regalare quello che è stato il suo ultimo '
                'spettacolo, Trianon Opera. Tra pupi, sceneggiata e belcanto , '
                'prodotto dal Trianon Viviani per Rai Cultura , con la regia '
                'di Davide Iodice (2021). In suo onore, il 6 gennaio, il '
                'teatro ha programmato un’intera giornata di iniziative, tra '
                'cui una mostra di Gennaro Vallifuoco , scenografo di Trianon '
                'Opera , e la proiezione di A proposito di Roberto De Simone , '
                'il docufilm di Barbara Napolitano , e della stessa Trianon '
                'Opera . Il 7 febbraio, un concerto speciale, Per James Senese '
                ', ricorda il grande musicista che proprio in quella data '
                'avrebbe dovuto esibirsi al Trianon Viviani. In prima '
                'esecuzione moderna , il 27 febbraio, è di scena un originale '
                'Barbiere di Siviglia di Gioachino Rossini diretto da Benedikt '
                'Sauer con l’ ensemble Mercadante : una singolare versione '
                'ottocentesca con la parte in napoletano di don Bartolo, il '
                'basso buffo dell’opera. Per la Giornata internazionale della '
                'Donna , il cartellone propone due appuntamenti accomunati dal '
                'titolo Oltre l’8 marzo : propone Doppio specchio di Anita '
                'Mosca (6 marzo) e il musical Camicette bianche di Marco '
                'Savatteri (7 marzo), ispirato al tragico incendio di una '
                'fabbrica di camicette, nel 1911 a New York, in cui morirono '
                'centinaia di operaie. TEATRO – Dopo l’ultima recita di Peppe '
                'Barra nella Cantata dei Pastori (4 gennaio), il cartellone '
                'presenta altri ventuno titoli. In gennaio, Benedetto Casillo '
                'in Caviale e lenticchie (9); Massimo Venturiello in '
                'Chicchignola (17); Luca De Lorenzo in Stand up Opera (18 '
                'gennaio); e Gino Rivieccio in Inciuci del golfo in salsa '
                'piccante (30). Nel mese di febbraio, Marco Zurzolo e il suo '
                "Quintetto in Dint' 'o scuro , uno spettacolo sulle quattro "
                'giornate di Napoli (1° febbraio); Egidio Carbone Lucifero in '
                'Vito Carnale (6); Raffaella Tirelli in Voyageburlesque (8); '
                'Oscar Di Maio in È asciuto pazzo ‘o parrucchiano (13); Silvia '
                'Priori e Roberto Carlos Gerbolès in Tango di periferia (20); '
                'Gianluca Guidi in Sinatra the Man and his Music (21); e Maria '
                'Letizia Gorga in Mademoiselle Guaglione (22). Apre la '
                "programmazione di marzo Antonella Stefanucci in L'Artista "
                'incompresa (1°); quindi Le stagioni della Canzone napoletana '
                'di Leonardo Ippolito (14); Ottavia Piccolo e i Solisti '
                'dell’Orchestra multietnica di Arezzo in Matteotti. Anatomia '
                'di un fascismo di Stefano Massini (20); Stefano Sarcinelli in '
                'Felice, io? (21); e Tommaso Bianco che ritorna a Eduardo con '
                'Filumena Marturano (22). Seguono Gianfranco Gallo in '
                'Misantropolis (9 aprile); Massimo Lopez in Massimo Lopez show '
                '(24 aprile); lo spettacolo teatrale Storie di Donne e Madonne '
                ', coordinato da Marisa Laurito (9 maggio); Dodici cartoline '
                'da Napoli di Gino Aveta (10 maggio); e Peppe Lanzetta in '
                'Figlio di un Bronx minore (15 maggio). CONCERTI – Nel teatro '
                'della Canzone napoletana è sempre centrale la presenza della '
                'musica, alla quale sono dedicate diciassette serate: Luca ‘o '
                'Zulù Persico e Caterina Bianco in Vio-Lenti (16 gennaio); '
                'Enzo Decaro e Ànema in Renatissimo. Omaggio a Renato Carosone '
                '(24 gennaio); Romito in Post Tarantella (15 febbraio); Frida '
                'Bollani Magoni (28 febbraio); i Guarracini in Tarantella show '
                '(13 marzo); Opera Squallid orchestra nel ricordo degli '
                'Squallor con Squallor forever (27 marzo); gli Osanna in '
                "Suddance (28 marzo); Francesca Marini in 'A Riggina d' 'e "
                'ccanzone. Omaggio a Giulietta Sacco (29 marzo); Patrizio '
                'Trampetti , Alfio Antico e Jennà Romano in Concerto delle Due '
                'Sicilie (11 aprile); Fiorenza Calogero in Fioreincanto (17 '
                'aprile); Santi Scarcella in Zattere nel mare (18 aprile); '
                "Cerone in 'Ncopp'a 'sta terra (19 aprile); Raiz in "
                'Montecalvario (25 aprile); Canto napoletano di Maurizio '
                'Palumbo (2 maggio); il concerto di beneficenza Canzoni per la '
                'vita (8 maggio); e i 99 Posse (16 maggio). Chiude la stagione '
                'la Festa della Posteggia napoletana (17 maggio). STAND UP '
                'COMEDY – Per questa forma di comicità sono in scena Gianpaolo '
                'Gambi in Io odio Napoli (23 gennaio) e Ciro Giustiniani in '
                'Reel (19 febbraio). BIGLIETTI E INFORMAZIONI I biglietti sono '
                'acquistabili presso i consueti canali di vendita: botteghino '
                'del teatro, prevendite convenzionate e online su '
                'AzzurroService.net . Il botteghino è aperto dal lunedì al '
                'sabato, dalle 10 alle 13:30 e dalle 16 alle 19; la domenica e '
                'i giorni festivi, dalle 10 alle 13:30. Telefono 081 0128663, '
                'email boxoffice@teatrotrianon.org Sito istituzionale '
                'teatrotrianon.org , social media Facebook , Instagram e '
                'YouTube . Il Trianon Viviani si avvale del sostegno della '
                'Regione Campania , la Città metropolitana di Napoli e il '
                'Ministero della Cultura , con il patrocinio di Rai Campania .',
 'image_url': '//citynews-napolitoday.stgy.ovh/~media/horizontal-mid/52496367633113/image004-17.jpg',
 'location_address': 'Piazza Vincenzo Calenda',
 'location_name': 'Teatro Trianon Viviani',
 'price': 'Prezzo non disponibile',
 'scraped_at': '2026-01-28T20:46:37.978352',
 'time_info': 'Orario non disponibile',
 'title': 'Trianon Viviani, da Peppe Barra ai 99 Posse: il cartellone 2026 tra '
          'tradizione e contemporaneità',
 'url': 'https://www.napolitoday.it/eventi/teatro-trianon-viviani-spettacoli-gennaio-maggio-2026.html',
 'uuid': '90ce2392b1e8865d',
 'website': 'https://www.teatrotrianon.org/'}
[2026-01-28T20:46:45.548+0000] {docker.py:429} INFO - 2026-01-28 20:46:45 [scrapy.core.engine] DEBUG: Crawled (200) <GET https://www.napolitoday.it/eventi/teatro-madrearte-villaricca-spettacoli-stagione-2025-2026.html> (referer: https://www.napolitoday.it/eventi/dal/2026-01-28/al/2026-02-01/)
[2026-01-28T20:46:45.659+0000] {docker.py:429} INFO - 2026-01-28 20:46:45 [scrapy.core.scraper] DEBUG: Scraped from <200 https://www.napolitoday.it/eventi/teatro-madrearte-villaricca-spettacoli-stagione-2025-2026.html>
{'category': 'Teatri',
 'city': 'Napoli',
 'content_hash': '353ffbee2bc143c9',
 'date_end': '2026-05-29',
 'date_start': '2025-09-27',
 'dates': [{'date': '2025-09-27', 'weekday': 'Sabato'},
           {'date': '2025-09-28', 'weekday': 'Domenica'},
           {'date': '2025-09-29', 'weekday': 'Lunedì'},
           {'date': '2025-09-30', 'weekday': 'Martedì'},
           {'date': '2025-10-01', 'weekday': 'Mercoledì'},
           {'date': '2025-10-02', 'weekday': 'Giovedì'},
           {'date': '2025-10-03', 'weekday': 'Venerdì'},
           {'date': '2025-10-04', 'weekday': 'Sabato'},
           {'date': '2025-10-05', 'weekday': 'Domenica'},
           {'date': '2025-10-06', 'weekday': 'Lunedì'},
           {'date': '2025-10-07', 'weekday': 'Martedì'},
           {'date': '2025-10-08', 'weekday': 'Mercoledì'},
           {'date': '2025-10-09', 'weekday': 'Giovedì'},
           {'date': '2025-10-10', 'weekday': 'Venerdì'},
           {'date': '2025-10-11', 'weekday': 'Sabato'},
           {'date': '2025-10-12', 'weekday': 'Domenica'},
           {'date': '2025-10-13', 'weekday': 'Lunedì'},
           {'date': '2025-10-14', 'weekday': 'Martedì'},
           {'date': '2025-10-15', 'weekday': 'Mercoledì'},
           {'date': '2025-10-16', 'weekday': 'Giovedì'},
           {'date': '2025-10-17', 'weekday': 'Venerdì'},
           {'date': '2025-10-18', 'weekday': 'Sabato'},
           {'date': '2025-10-19', 'weekday': 'Domenica'},
           {'date': '2025-10-20', 'weekday': 'Lunedì'},
           {'date': '2025-10-21', 'weekday': 'Martedì'},
           {'date': '2025-10-22', 'weekday': 'Mercoledì'},
           {'date': '2025-10-23', 'weekday': 'Giovedì'},
           {'date': '2025-10-24', 'weekday': 'Venerdì'},
           {'date': '2025-10-25', 'weekday': 'Sabato'},
           {'date': '2025-10-26', 'weekday': 'Domenica'},
           {'date': '2025-10-27', 'weekday': 'Lunedì'},
           {'date': '2025-10-28', 'weekday': 'Martedì'},
           {'date': '2025-10-29', 'weekday': 'Mercoledì'},
           {'date': '2025-10-30', 'weekday': 'Giovedì'},
           {'date': '2025-10-31', 'weekday': 'Venerdì'},
           {'date': '2025-11-01', 'weekday': 'Sabato'},
           {'date': '2025-11-02', 'weekday': 'Domenica'},
           {'date': '2025-11-03', 'weekday': 'Lunedì'},
           {'date': '2025-11-04', 'weekday': 'Martedì'},
           {'date': '2025-11-05', 'weekday': 'Mercoledì'},
           {'date': '2025-11-06', 'weekday': 'Giovedì'},
           {'date': '2025-11-07', 'weekday': 'Venerdì'},
           {'date': '2025-11-08', 'weekday': 'Sabato'},
           {'date': '2025-11-09', 'weekday': 'Domenica'},
           {'date': '2025-11-10', 'weekday': 'Lunedì'},
           {'date': '2025-11-11', 'weekday': 'Martedì'},
           {'date': '2025-11-12', 'weekday': 'Mercoledì'},
           {'date': '2025-11-13', 'weekday': 'Giovedì'},
           {'date': '2025-11-14', 'weekday': 'Venerdì'},
           {'date': '2025-11-15', 'weekday': 'Sabato'},
           {'date': '2025-11-16', 'weekday': 'Domenica'},
           {'date': '2025-11-17', 'weekday': 'Lunedì'},
           {'date': '2025-11-18', 'weekday': 'Martedì'},
           {'date': '2025-11-19', 'weekday': 'Mercoledì'},
           {'date': '2025-11-20', 'weekday': 'Giovedì'},
           {'date': '2025-11-21', 'weekday': 'Venerdì'},
           {'date': '2025-11-22', 'weekday': 'Sabato'},
           {'date': '2025-11-23', 'weekday': 'Domenica'},
           {'date': '2025-11-24', 'weekday': 'Lunedì'},
           {'date': '2025-11-25', 'weekday': 'Martedì'},
           {'date': '2025-11-26', 'weekday': 'Mercoledì'},
           {'date': '2025-11-27', 'weekday': 'Giovedì'},
           {'date': '2025-11-28', 'weekday': 'Venerdì'},
           {'date': '2025-11-29', 'weekday': 'Sabato'},
           {'date': '2025-11-30', 'weekday': 'Domenica'},
           {'date': '2025-12-01', 'weekday': 'Lunedì'},
           {'date': '2025-12-02', 'weekday': 'Martedì'},
           {'date': '2025-12-03', 'weekday': 'Mercoledì'},
           {'date': '2025-12-04', 'weekday': 'Giovedì'},
           {'date': '2025-12-05', 'weekday': 'Venerdì'},
           {'date': '2025-12-06', 'weekday': 'Sabato'},
           {'date': '2025-12-07', 'weekday': 'Domenica'},
           {'date': '2025-12-08', 'weekday': 'Lunedì'},
           {'date': '2025-12-09', 'weekday': 'Martedì'},
           {'date': '2025-12-10', 'weekday': 'Mercoledì'},
           {'date': '2025-12-11', 'weekday': 'Giovedì'},
           {'date': '2025-12-12', 'weekday': 'Venerdì'},
           {'date': '2025-12-13', 'weekday': 'Sabato'},
           {'date': '2025-12-14', 'weekday': 'Domenica'},
           {'date': '2025-12-15', 'weekday': 'Lunedì'},
           {'date': '2025-12-16', 'weekday': 'Martedì'},
           {'date': '2025-12-17', 'weekday': 'Mercoledì'},
           {'date': '2025-12-18', 'weekday': 'Giovedì'},
           {'date': '2025-12-19', 'weekday': 'Venerdì'},
           {'date': '2025-12-20', 'weekday': 'Sabato'},
           {'date': '2025-12-21', 'weekday': 'Domenica'},
           {'date': '2025-12-22', 'weekday': 'Lunedì'},
           {'date': '2025-12-23', 'weekday': 'Martedì'},
           {'date': '2025-12-24', 'weekday': 'Mercoledì'},
           {'date': '2025-12-25', 'weekday': 'Giovedì'},
           {'date': '2025-12-26', 'weekday': 'Venerdì'},
           {'date': '2025-12-27', 'weekday': 'Sabato'},
           {'date': '2025-12-28', 'weekday': 'Domenica'},
           {'date': '2025-12-29', 'weekday': 'Lunedì'},
           {'date': '2025-12-30', 'weekday': 'Martedì'},
           {'date': '2025-12-31', 'weekday': 'Mercoledì'},
           {'date': '2026-01-01', 'weekday': 'Giovedì'},
           {'date': '2026-01-02', 'weekday': 'Venerdì'},
           {'date': '2026-01-03', 'weekday': 'Sabato'},
           {'date': '2026-01-04', 'weekday': 'Domenica'},
           {'date': '2026-01-05', 'weekday': 'Lunedì'},
           {'date': '2026-01-06', 'weekday': 'Martedì'},
           {'date': '2026-01-07', 'weekday': 'Mercoledì'},
           {'date': '2026-01-08', 'weekday': 'Giovedì'},
           {'date': '2026-01-09', 'weekday': 'Venerdì'},
           {'date': '2026-01-10', 'weekday': 'Sabato'},
           {'date': '2026-01-11', 'weekday': 'Domenica'},
           {'date': '2026-01-12', 'weekday': 'Lunedì'},
           {'date': '2026-01-13', 'weekday': 'Martedì'},
           {'date': '2026-01-14', 'weekday': 'Mercoledì'},
           {'date': '2026-01-15', 'weekday': 'Giovedì'},
           {'date': '2026-01-16', 'weekday': 'Venerdì'},
           {'date': '2026-01-17', 'weekday': 'Sabato'},
           {'date': '2026-01-18', 'weekday': 'Domenica'},
           {'date': '2026-01-19', 'weekday': 'Lunedì'},
           {'date': '2026-01-20', 'weekday': 'Martedì'},
           {'date': '2026-01-21', 'weekday': 'Mercoledì'},
           {'date': '2026-01-22', 'weekday': 'Giovedì'},
           {'date': '2026-01-23', 'weekday': 'Venerdì'},
           {'date': '2026-01-24', 'weekday': 'Sabato'},
           {'date': '2026-01-25', 'weekday': 'Domenica'},
           {'date': '2026-01-26', 'weekday': 'Lunedì'},
           {'date': '2026-01-27', 'weekday': 'Martedì'},
           {'date': '2026-01-28', 'weekday': 'Mercoledì'},
           {'date': '2026-01-29', 'weekday': 'Giovedì'},
           {'date': '2026-01-30', 'weekday': 'Venerdì'},
           {'date': '2026-01-31', 'weekday': 'Sabato'},
           {'date': '2026-02-01', 'weekday': 'Domenica'},
           {'date': '2026-02-02', 'weekday': 'Lunedì'},
           {'date': '2026-02-03', 'weekday': 'Martedì'},
           {'date': '2026-02-04', 'weekday': 'Mercoledì'},
           {'date': '2026-02-05', 'weekday': 'Giovedì'},
           {'date': '2026-02-06', 'weekday': 'Venerdì'},
           {'date': '2026-02-07', 'weekday': 'Sabato'},
           {'date': '2026-02-08', 'weekday': 'Domenica'},
           {'date': '2026-02-09', 'weekday': 'Lunedì'},
           {'date': '2026-02-10', 'weekday': 'Martedì'},
           {'date': '2026-02-11', 'weekday': 'Mercoledì'},
           {'date': '2026-02-12', 'weekday': 'Giovedì'},
           {'date': '2026-02-13', 'weekday': 'Venerdì'},
           {'date': '2026-02-14', 'weekday': 'Sabato'},
           {'date': '2026-02-15', 'weekday': 'Domenica'},
           {'date': '2026-02-16', 'weekday': 'Lunedì'},
           {'date': '2026-02-17', 'weekday': 'Martedì'},
           {'date': '2026-02-18', 'weekday': 'Mercoledì'},
           {'date': '2026-02-19', 'weekday': 'Giovedì'},
           {'date': '2026-02-20', 'weekday': 'Venerdì'},
           {'date': '2026-02-21', 'weekday': 'Sabato'},
           {'date': '2026-02-22', 'weekday': 'Domenica'},
           {'date': '2026-02-23', 'weekday': 'Lunedì'},
           {'date': '2026-02-24', 'weekday': 'Martedì'},
           {'date': '2026-02-25', 'weekday': 'Mercoledì'},
           {'date': '2026-02-26', 'weekday': 'Giovedì'},
           {'date': '2026-02-27', 'weekday': 'Venerdì'},
           {'date': '2026-02-28', 'weekday': 'Sabato'},
           {'date': '2026-03-01', 'weekday': 'Domenica'},
           {'date': '2026-03-02', 'weekday': 'Lunedì'},
           {'date': '2026-03-03', 'weekday': 'Martedì'},
           {'date': '2026-03-04', 'weekday': 'Mercoledì'},
           {'date': '2026-03-05', 'weekday': 'Giovedì'},
           {'date': '2026-03-06', 'weekday': 'Venerdì'},
           {'date': '2026-03-07', 'weekday': 'Sabato'},
           {'date': '2026-03-08', 'weekday': 'Domenica'},
           {'date': '2026-03-09', 'weekday': 'Lunedì'},
           {'date': '2026-03-10', 'weekday': 'Martedì'},
           {'date': '2026-03-11', 'weekday': 'Mercoledì'},
           {'date': '2026-03-12', 'weekday': 'Giovedì'},
           {'date': '2026-03-13', 'weekday': 'Venerdì'},
           {'date': '2026-03-14', 'weekday': 'Sabato'},
           {'date': '2026-03-15', 'weekday': 'Domenica'},
           {'date': '2026-03-16', 'weekday': 'Lunedì'},
           {'date': '2026-03-17', 'weekday': 'Martedì'},
           {'date': '2026-03-18', 'weekday': 'Mercoledì'},
           {'date': '2026-03-19', 'weekday': 'Giovedì'},
           {'date': '2026-03-20', 'weekday': 'Venerdì'},
           {'date': '2026-03-21', 'weekday': 'Sabato'},
           {'date': '2026-03-22', 'weekday': 'Domenica'},
           {'date': '2026-03-23', 'weekday': 'Lunedì'},
           {'date': '2026-03-24', 'weekday': 'Martedì'},
           {'date': '2026-03-25', 'weekday': 'Mercoledì'},
           {'date': '2026-03-26', 'weekday': 'Giovedì'},
           {'date': '2026-03-27', 'weekday': 'Venerdì'},
           {'date': '2026-03-28', 'weekday': 'Sabato'},
           {'date': '2026-03-29', 'weekday': 'Domenica'},
           {'date': '2026-03-30', 'weekday': 'Lunedì'},
           {'date': '2026-03-31', 'weekday': 'Martedì'},
           {'date': '2026-04-01', 'weekday': 'Mercoledì'},
           {'date': '2026-04-02', 'weekday': 'Giovedì'},
           {'date': '2026-04-03', 'weekday': 'Venerdì'},
           {'date': '2026-04-04', 'weekday': 'Sabato'},
           {'date': '2026-04-05', 'weekday': 'Domenica'},
           {'date': '2026-04-06', 'weekday': 'Lunedì'},
           {'date': '2026-04-07', 'weekday': 'Martedì'},
           {'date': '2026-04-08', 'weekday': 'Mercoledì'},
           {'date': '2026-04-09', 'weekday': 'Giovedì'},
           {'date': '2026-04-10', 'weekday': 'Venerdì'},
           {'date': '2026-04-11', 'weekday': 'Sabato'},
           {'date': '2026-04-12', 'weekday': 'Domenica'},
           {'date': '2026-04-13', 'weekday': 'Lunedì'},
           {'date': '2026-04-14', 'weekday': 'Martedì'},
           {'date': '2026-04-15', 'weekday': 'Mercoledì'},
           {'date': '2026-04-16', 'weekday': 'Giovedì'},
           {'date': '2026-04-17', 'weekday': 'Venerdì'},
           {'date': '2026-04-18', 'weekday': 'Sabato'},
           {'date': '2026-04-19', 'weekday': 'Domenica'},
           {'date': '2026-04-20', 'weekday': 'Lunedì'},
           {'date': '2026-04-21', 'weekday': 'Martedì'},
           {'date': '2026-04-22', 'weekday': 'Mercoledì'},
           {'date': '2026-04-23', 'weekday': 'Giovedì'},
           {'date': '2026-04-24', 'weekday': 'Venerdì'},
           {'date': '2026-04-25', 'weekday': 'Sabato'},
           {'date': '2026-04-26', 'weekday': 'Domenica'},
           {'date': '2026-04-27', 'weekday': 'Lunedì'},
           {'date': '2026-04-28', 'weekday': 'Martedì'},
           {'date': '2026-04-29', 'weekday': 'Mercoledì'},
           {'date': '2026-04-30', 'weekday': 'Giovedì'},
           {'date': '2026-05-01', 'weekday': 'Venerdì'},
           {'date': '2026-05-02', 'weekday': 'Sabato'},
           {'date': '2026-05-03', 'weekday': 'Domenica'},
           {'date': '2026-05-04', 'weekday': 'Lunedì'},
           {'date': '2026-05-05', 'weekday': 'Martedì'},
           {'date': '2026-05-06', 'weekday': 'Mercoledì'},
           {'date': '2026-05-07', 'weekday': 'Giovedì'},
           {'date': '2026-05-08', 'weekday': 'Venerdì'},
           {'date': '2026-05-09', 'weekday': 'Sabato'},
           {'date': '2026-05-10', 'weekday': 'Domenica'},
           {'date': '2026-05-11', 'weekday': 'Lunedì'},
           {'date': '2026-05-12', 'weekday': 'Martedì'},
           {'date': '2026-05-13', 'weekday': 'Mercoledì'},
           {'date': '2026-05-14', 'weekday': 'Giovedì'},
           {'date': '2026-05-15', 'weekday': 'Venerdì'},
           {'date': '2026-05-16', 'weekday': 'Sabato'},
           {'date': '2026-05-17', 'weekday': 'Domenica'},
           {'date': '2026-05-18', 'weekday': 'Lunedì'},
           {'date': '2026-05-19', 'weekday': 'Martedì'},
           {'date': '2026-05-20', 'weekday': 'Mercoledì'},
           {'date': '2026-05-21', 'weekday': 'Giovedì'},
           {'date': '2026-05-22', 'weekday': 'Venerdì'},
           {'date': '2026-05-23', 'weekday': 'Sabato'},
           {'date': '2026-05-24', 'weekday': 'Domenica'},
           {'date': '2026-05-25', 'weekday': 'Lunedì'},
           {'date': '2026-05-26', 'weekday': 'Martedì'},
           {'date': '2026-05-27', 'weekday': 'Mercoledì'},
           {'date': '2026-05-28', 'weekday': 'Giovedì'},
           {'date': '2026-05-29', 'weekday': 'Venerdì'
[2026-01-28T20:46:45.660+0000] {docker.py:429} INFO - }],
 'description': 'Un sipario che si apre non solo su un cartellone, ma su un '
                'tempo intero: quello che segna dieci anni di vita del Teatro '
                'Madrearte nella sua sede di Villaricca e venticinque di '
                'attività teatrale e culturale di Antonio Diana (in foto), '
                'anima e direttore artistico di una realtà ormai divenuta '
                'presidio irrinunciabile per la scena campana. È la decima '
                'stagione, e l’emozione corre lungo il filo sottile che unisce '
                'passato e futuro, memoria e attesa. Con uno sguardo che '
                'spazia dalla nuova drammaturgia ai classici, dal comico al '
                'drammatico, dalla commedia brillante al teatro civile, dal '
                'fisico alla narrazione, la stagione del Madrearte si presenta '
                'come un viaggio variegato, dove le voci giovani e quelle più '
                'esperte s’incontrano per tessere un mosaico di storie e '
                'linguaggi. Ad aprire il cammino, sabato 27 settembre, sarà la '
                'forza civile e corale de “Le 4 giornate di Napoli”, ideato e '
                'diretto da Franco Cutolo con la compagnia Li Febi Armonici. '
                'Un inizio che affonda nella memoria partenopea, come una '
                'dichiarazione di intenti. Il 5 ottobre, invece, a far vibrare '
                'il palco sarà la Compagnia del Monello con “Sulla riva del '
                'cappello”, dove Auro Cardillo e Raffaele Palmieri '
                'intrecceranno teatro fisico, mimo e magia, conducendo lo '
                'spettatore nel regno incantato della meraviglia. E proprio '
                'l’arte dell’illusionismo, da sempre segno distintivo del '
                'Madrearte – sede del CLIC, Club Illusionisti Campani – '
                'tornerà protagonista il 27 ottobre con un “Magic Show” di '
                'pura suggestione, sospeso tra stupore ed eleganza scenica. '
                'Dal 7 novembre si inaugurerà il cuore della stagione con i '
                'dieci spettacoli in abbonamento. Ad aprire la rassegna sarà '
                '“London Pub” con Domenico Pinelli e Ciro Pauciullo. Dal 21 al '
                '23 novembre, spazio a “Piccoli crimini coniugali” per la '
                'regia di Angela De Matteo, con in scena Antonio Dell’Isola e '
                'Angela Panico, entrambi docenti della scuola del Madrearte. '
                'Un fuori abbonamento speciale, il 28 novembre, accenderà i '
                'riflettori sul tema della violenza sulle donne con “La voce a '
                'te dovuta”, scritto e diretto da Ettore Nigro, con le sorelle '
                'Anna e Clara Bocchino. Chiuderà il 2025, il 12 dicembre, '
                'Gianluca D’Agostino con “Da est ad ovest”, un ponte teatrale '
                'tra culture e linguaggi. Il nuovo anno si aprirà sotto il '
                'segno della Compagnia del Monello, che porterà in scena, il 9 '
                'gennaio, “John e Joe”, tratto dal romanzo di Agota Kristof La '
                'trilogia della città di K. Seguirà, ancora oltre '
                "l'abbonamento, il 17 18 gennaio, la compagnia Overlab con "
                '“L’arte della bugia”, rivisitazione de “L’avaro” di Molière '
                'per la regia di Peppe Carosella. Sempre a gennaio, in '
                'abbonamento, dal 23 al 24, si riderà con la commedia '
                'brillante “2 di troppo”, per la regia di Angelo Belgiovine, '
                'con Peppe Laurato e Salvatore Gisonna. Dal 5 all’8 febbraio '
                'sarà lo stesso Antonio Diana a tornare in scena con una delle '
                'sue opere più rappresentative, “Abbascio ‘a grotta”: una '
                'pièce pluripremiata, capace di raccontare con crudele poesia '
                'le ferite della violenza, riproposta in occasione della '
                'settimana dedicata alla sensibilizzazione sul bullismo. Il 20 '
                'febbraio, Marco Lanzuise sarà protagonista di “Non solo '
                'Mast”. Il 27 febbraio arriverà al Madrearte il vincitore '
                'dell’ultima edizione del Roma Fringe Festival con “Rainbow”, '
                'scritto e interpretato da Francesco Rivieccio. Marzo si '
                'aprirà con “Ecletticamente”, il 7, per poi lasciare spazio, '
                'tra risate e ritmo serrato, al duo Enzo e Sal con “Sono cose '
                'che capitano”, commedia di Ficarra e Picone diretta da Ciro '
                'Ceruti. La primavera vedrà il ritorno di Danilo Napoli, '
                'vincitore del Panteatro Festival, con “Lo spettacolo è stato '
                'annullato”, in scena il 27 marzo: sarà questo l’aprile '
                'preludio della nuova edizione del Panteatro Festival, che dal '
                '18 aprile al 29 maggio porterà sul palco corti e spettacoli '
                'di compagnie emergenti. Ma il cuore della stagione batterà '
                'forte il 10 ottobre, quando il decennale del Madrearte verrà '
                'celebrato con un evento speciale, occasione per guardare '
                'indietro con orgoglio e avanti con rinnovato slancio. Perché '
                'il teatro è un luogo che non conosce sosta, che trasforma '
                'ogni stagione in promessa e rivelazione. E il Madrearte, con '
                'la sua decima stagione, conferma di essere casa, bottega e '
                'tempio della scena. E, mentre Villaricca applaude, '
                'l’orizzonte si allarga: nelle prossime settimane, infatti, il '
                'Madrearte inaugurerà una nuova sede anche a Giugliano in '
                'Campania. Una storia che continua, un sipario che non si '
                'chiude mai.',
 'image_url': '//citynews-napolitoday.stgy.ovh/~media/horizontal-mid/42176453558001/antonio-diana-foto-1.jpg',
 'location_address': None,
 'location_name': 'Teatro Madrearte',
 'price': 'Prezzo non disponibile',
 'scraped_at': '2026-01-28T20:46:37.977940',
 'time_info': 'Orario non disponibile',
 'title': 'Un decennio di emozioni, la nuova stagione del Madrearte tra '
          'passato e futuro',
 'url': 'https://www.napolitoday.it/eventi/teatro-madrearte-villaricca-spettacoli-stagione-2025-2026.html',
 'uuid': '0e7019e4aa6ae7ae'}
[2026-01-28T20:46:46.588+0000] {docker.py:429} INFO - 2026-01-28 20:46:46 [scrapy.core.engine] DEBUG: Crawled (200) <GET https://www.napolitoday.it/eventi/associazione-scarlatti-concerti-stagione-2025-2026.html> (referer: https://www.napolitoday.it/eventi/dal/2026-01-28/al/2026-02-01/)
[2026-01-28T20:46:46.703+0000] {docker.py:429} INFO - 2026-01-28 20:46:46 [scrapy.core.scraper] DEBUG: Scraped from <200 https://www.napolitoday.it/eventi/associazione-scarlatti-concerti-stagione-2025-2026.html>
{'category': 'Concerti',
 'city': 'Napoli',
 'content_hash': 'b0afcfc1de984620',
 'date_end': '2026-05-21',
 'date_start': '2025-10-15',
 'dates': [{'date': '2025-10-15', 'weekday': 'Mercoledì'},
           {'date': '2025-10-16', 'weekday': 'Giovedì'},
           {'date': '2025-10-17', 'weekday': 'Venerdì'},
           {'date': '2025-10-18', 'weekday': 'Sabato'},
           {'date': '2025-10-19', 'weekday': 'Domenica'},
           {'date': '2025-10-20', 'weekday': 'Lunedì'},
           {'date': '2025-10-21', 'weekday': 'Martedì'},
           {'date': '2025-10-22', 'weekday': 'Mercoledì'},
           {'date': '2025-10-23', 'weekday': 'Giovedì'},
           {'date': '2025-10-24', 'weekday': 'Venerdì'},
           {'date': '2025-10-25', 'weekday': 'Sabato'},
           {'date': '2025-10-26', 'weekday': 'Domenica'},
           {'date': '2025-10-27', 'weekday': 'Lunedì'},
           {'date': '2025-10-28', 'weekday': 'Martedì'},
           {'date': '2025-10-29', 'weekday': 'Mercoledì'},
           {'date': '2025-10-30', 'weekday': 'Giovedì'},
           {'date': '2025-10-31', 'weekday': 'Venerdì'},
           {'date': '2025-11-01', 'weekday': 'Sabato'},
           {'date': '2025-11-02', 'weekday': 'Domenica'},
           {'date': '2025-11-03', 'weekday': 'Lunedì'},
           {'date': '2025-11-04', 'weekday': 'Martedì'},
           {'date': '2025-11-05', 'weekday': 'Mercoledì'},
           {'date': '2025-11-06', 'weekday': 'Giovedì'},
           {'date': '2025-11-07', 'weekday': 'Venerdì'},
           {'date': '2025-11-08', 'weekday': 'Sabato'},
           {'date': '2025-11-09', 'weekday': 'Domenica'},
           {'date': '2025-11-10', 'weekday': 'Lunedì'},
           {'date': '2025-11-11', 'weekday': 'Martedì'},
           {'date': '2025-11-12', 'weekday': 'Mercoledì'},
           {'date': '2025-11-13', 'weekday': 'Giovedì'},
           {'date': '2025-11-14', 'weekday': 'Venerdì'},
           {'date': '2025-11-15', 'weekday': 'Sabato'},
           {'date': '2025-11-16', 'weekday': 'Domenica'},
           {'date': '2025-11-17', 'weekday': 'Lunedì'},
           {'date': '2025-11-18', 'weekday': 'Martedì'},
           {'date': '2025-11-19', 'weekday': 'Mercoledì'},
           {'date': '2025-11-20', 'weekday': 'Giovedì'},
           {'date': '2025-11-21', 'weekday': 'Venerdì'},
           {'date': '2025-11-22', 'weekday': 'Sabato'},
           {'date': '2025-11-23', 'weekday': 'Domenica'},
           {'date': '2025-11-24', 'weekday': 'Lunedì'},
           {'date': '2025-11-25', 'weekday': 'Martedì'},
           {'date': '2025-11-26', 'weekday': 'Mercoledì'},
           {'date': '2025-11-27', 'weekday': 'Giovedì'},
           {'date': '2025-11-28', 'weekday': 'Venerdì'},
           {'date': '2025-11-29', 'weekday': 'Sabato'},
           {'date': '2025-11-30', 'weekday': 'Domenica'},
           {'date': '2025-12-01', 'weekday': 'Lunedì'},
           {'date': '2025-12-02', 'weekday': 'Martedì'},
           {'date': '2025-12-03', 'weekday': 'Mercoledì'},
           {'date': '2025-12-04', 'weekday': 'Giovedì'},
           {'date': '2025-12-05', 'weekday': 'Venerdì'},
           {'date': '2025-12-06', 'weekday': 'Sabato'},
           {'date': '2025-12-07', 'weekday': 'Domenica'},
           {'date': '2025-12-08', 'weekday': 'Lunedì'},
           {'date': '2025-12-09', 'weekday': 'Martedì'},
           {'date': '2025-12-10', 'weekday': 'Mercoledì'},
           {'date': '2025-12-11', 'weekday': 'Giovedì'},
           {'date': '2025-12-12', 'weekday': 'Venerdì'},
           {'date': '2025-12-13', 'weekday': 'Sabato'},
           {'date': '2025-12-14', 'weekday': 'Domenica'},
           {'date': '2025-12-15', 'weekday': 'Lunedì'},
           {'date': '2025-12-16', 'weekday': 'Martedì'},
           {'date': '2025-12-17', 'weekday': 'Mercoledì'},
           {'date': '2025-12-18', 'weekday': 'Giovedì'},
           {'date': '2025-12-19', 'weekday': 'Venerdì'},
           {'date': '2025-12-20', 'weekday': 'Sabato'},
           {'date': '2025-12-21', 'weekday': 'Domenica'},
           {'date': '2025-12-22', 'weekday': 'Lunedì'},
           {'date': '2025-12-23', 'weekday': 'Martedì'},
           {'date': '2025-12-24', 'weekday': 'Mercoledì'},
           {'date': '2025-12-25', 'weekday': 'Giovedì'},
           {'date': '2025-12-26', 'weekday': 'Venerdì'},
           {'date': '2025-12-27', 'weekday': 'Sabato'},
           {'date': '2025-12-28', 'weekday': 'Domenica'},
           {'date': '2025-12-29', 'weekday': 'Lunedì'},
           {'date': '2025-12-30', 'weekday': 'Martedì'},
           {'date': '2025-12-31', 'weekday': 'Mercoledì'},
           {'date': '2026-01-01', 'weekday': 'Giovedì'},
           {'date': '2026-01-02', 'weekday': 'Venerdì'},
           {'date': '2026-01-03', 'weekday': 'Sabato'},
           {'date': '2026-01-04', 'weekday': 'Domenica'},
           {'date': '2026-01-05', 'weekday': 'Lunedì'},
           {'date': '2026-01-06', 'weekday': 'Martedì'},
           {'date': '2026-01-07', 'weekday': 'Mercoledì'},
           {'date': '2026-01-08', 'weekday': 'Giovedì'},
           {'date': '2026-01-09', 'weekday': 'Venerdì'},
           {'date': '2026-01-10', 'weekday': 'Sabato'},
           {'date': '2026-01-11', 'weekday': 'Domenica'},
           {'date': '2026-01-12', 'weekday': 'Lunedì'},
           {'date': '2026-01-13', 'weekday': 'Martedì'},
           {'date': '2026-01-14', 'weekday': 'Mercoledì'},
           {'date': '2026-01-15', 'weekday': 'Giovedì'},
           {'date': '2026-01-16', 'weekday': 'Venerdì'},
           {'date': '2026-01-17', 'weekday': 'Sabato'},
           {'date': '2026-01-18', 'weekday': 'Domenica'},
           {'date': '2026-01-19', 'weekday': 'Lunedì'},
           {'date': '2026-01-20', 'weekday': 'Martedì'},
           {'date': '2026-01-21', 'weekday': 'Mercoledì'},
           {'date': '2026-01-22', 'weekday': 'Giovedì'},
           {'date': '2026-01-23', 'weekday': 'Venerdì'},
           {'date': '2026-01-24', 'weekday': 'Sabato'},
           {'date': '2026-01-25', 'weekday': 'Domenica'},
           {'date': '2026-01-26', 'weekday': 'Lunedì'},
           {'date': '2026-01-27', 'weekday': 'Martedì'},
           {'date': '2026-01-28', 'weekday': 'Mercoledì'},
           {'date': '2026-01-29', 'weekday': 'Giovedì'},
           {'date': '2026-01-30', 'weekday': 'Venerdì'},
           {'date': '2026-01-31', 'weekday': 'Sabato'},
           {'date': '2026-02-01', 'weekday': 'Domenica'},
           {'date': '2026-02-02', 'weekday': 'Lunedì'},
           {'date': '2026-02-03', 'weekday': 'Martedì'},
           {'date': '2026-02-04', 'weekday': 'Mercoledì'},
           {'date': '2026-02-05', 'weekday': 'Giovedì'},
           {'date': '2026-02-06', 'weekday': 'Venerdì'},
           {'date': '2026-02-07', 'weekday': 'Sabato'},
           {'date': '2026-02-08', 'weekday': 'Domenica'},
           {'date': '2026-02-09', 'weekday': 'Lunedì'},
           {'date': '2026-02-10', 'weekday': 'Martedì'},
           {'date': '2026-02-11', 'weekday': 'Mercoledì'},
           {'date': '2026-02-12', 'weekday': 'Giovedì'},
           {'date': '2026-02-13', 'weekday': 'Venerdì'},
           {'date': '2026-02-14', 'weekday': 'Sabato'},
           {'date': '2026-02-15', 'weekday': 'Domenica'},
           {'date': '2026-02-16', 'weekday': 'Lunedì'},
           {'date': '2026-02-17', 'weekday': 'Martedì'},
           {'date': '2026-02-18', 'weekday': 'Mercoledì'},
           {'date': '2026-02-19', 'weekday': 'Giovedì'},
           {'date': '2026-02-20', 'weekday': 'Venerdì'},
           {'date': '2026-02-21', 'weekday': 'Sabato'},
           {'date': '2026-02-22', 'weekday': 'Domenica'},
           {'date': '2026-02-23', 'weekday': 'Lunedì'},
           {'date': '2026-02-24', 'weekday': 'Martedì'},
           {'date': '2026-02-25', 'weekday': 'Mercoledì'},
           {'date': '2026-02-26', 'weekday': 'Giovedì'},
           {'date': '2026-02-27', 'weekday': 'Venerdì'},
           {'date': '2026-02-28', 'weekday': 'Sabato'},
           {'date': '2026-03-01', 'weekday': 'Domenica'},
           {'date': '2026-03-02', 'weekday': 'Lunedì'},
           {'date': '2026-03-03', 'weekday': 'Martedì'},
           {'date': '2026-03-04', 'weekday': 'Mercoledì'},
           {'date': '2026-03-05', 'weekday': 'Giovedì'},
           {'date': '2026-03-06', 'weekday': 'Venerdì'},
           {'date': '2026-03-07', 'weekday': 'Sabato'},
           {'date': '2026-03-08', 'weekday': 'Domenica'},
           {'date': '2026-03-09', 'weekday': 'Lunedì'},
           {'date': '2026-03-10', 'weekday': 'Martedì'},
           {'date': '2026-03-11', 'weekday': 'Mercoledì'},
           {'date': '2026-03-12', 'weekday': 'Giovedì'},
           {'date': '2026-03-13', 'weekday': 'Venerdì'},
           {'date': '2026-03-14', 'weekday': 'Sabato'},
           {'date': '2026-03-15', 'weekday': 'Domenica'},
           {'date': '2026-03-16', 'weekday': 'Lunedì'},
           {'date': '2026-03-17', 'weekday': 'Martedì'},
           {'date': '2026-03-18', 'weekday': 'Mercoledì'},
           {'date': '2026-03-19', 'weekday': 'Giovedì'},
           {'date': '2026-03-20', 'weekday': 'Venerdì'},
           {'date': '2026-03-21', 'weekday': 'Sabato'},
           {'date': '2026-03-22', 'weekday': 'Domenica'},
           {'date': '2026-03-23', 'weekday': 'Lunedì'},
           {'date': '2026-03-24', 'weekday': 'Martedì'},
           {'date': '2026-03-25', 'weekday': 'Mercoledì'},
           {'date': '2026-03-26', 'weekday': 'Giovedì'},
           {'date': '2026-03-27', 'weekday': 'Venerdì'},
           {'date': '2026-03-28', 'weekday': 'Sabato'},
           {'date': '2026-03-29', 'weekday': 'Domenica'},
           {'date': '2026-03-30', 'weekday': 'Lunedì'},
           {'date': '2026-03-31', 'weekday': 'Martedì'},
           {'date': '2026-04-01', 'weekday': 'Mercoledì'},
           {'date': '2026-04-02', 'weekday': 'Giovedì'},
           {'date': '2026-04-03', 'weekday': 'Venerdì'},
           {'date': '2026-04-04', 'weekday': 'Sabato'},
           {'date': '2026-04-05', 'weekday': 'Domenica'},
           {'date': '2026-04-06', 'weekday': 'Lunedì'},
           {'date': '2026-04-07', 'weekday': 'Martedì'},
           {'date': '2026-04-08', 'weekday': 'Mercoledì'},
           {'date': '2026-04-09', 'weekday': 'Giovedì'},
           {'date': '2026-04-10', 'weekday': 'Venerdì'},
           {'date': '2026-04-11', 'weekday': 'Sabato'},
           {'date': '2026-04-12', 'weekday': 'Domenica'},
           {'date': '2026-04-13', 'weekday': 'Lunedì'},
           {'date': '2026-04-14', 'weekday': 'Martedì'},
           {'date': '2026-04-15', 'weekday': 'Mercoledì'},
           {'date': '2026-04-16', 'weekday': 'Giovedì'},
           {'date': '2026-04-17', 'weekday': 'Venerdì'},
           {'date': '2026-04-18', 'weekday': 'Sabato'},
           {'date': '2026-04-19', 'weekday': 'Domenica'},
           {'date': '2026-04-20', 'weekday': 'Lunedì'},
           {'date': '2026-04-21', 'weekday': 'Martedì'},
           {'date': '2026-04-22', 'weekday': 'Mercoledì'},
           {'date': '2026-04-23', 'weekday': 'Giovedì'},
           {'date': '2026-04-24', 'weekday': 'Venerdì'},
           {'date': '2026-04-25', 'weekday': 'Sabato'},
           {'date': '2026-04-26', 'weekday': 'Domenica'},
           {'date': '2026-04-27', 'weekday': 'Lunedì'},
           {'date': '2026-04-28', 'weekday': 'Martedì'},
           {'date': '2026-04-29', 'weekday': 'Mercoledì'},
           {'date': '2026-04-30', 'weekday': 'Giovedì'},
           {'date': '2026-05-01', 'weekday': 'Venerdì'},
           {'date': '2026-05-02', 'weekday': 'Sabato'},
           {'date': '2026-05-03', 'weekday': 'Domenica'},
           {'date': '2026-05-04', 'weekday': 'Lunedì'},
           {'date': '2026-05-05', 'weekday': 'Martedì'},
           {'date': '2026-05-06', 'weekday': 'Mercoledì'},
           {'date': '2026-05-07', 'weekday': 'Giovedì'},
           {'date': '2026-05-08', 'weekday': 'Venerdì'},
           {'date': '2026-05-09', 'weekday': 'Sabato'},
           {'date': '2026-05-10', 'weekday': 'Domenica'},
           {'date': '2026-05-11', 'weekday': 'Lunedì'},
           {'date': '2026-05-12', 'weekday': 'Martedì'},
           {'date': '2026-05-13', 'weekday': 'Mercoledì'},
           {'date': '2026-05-14', 'weekday': 'Giovedì'},
           {'date': '2026-05-15', 'weekday': 'Venerdì'},
           {'date': '2026-05-16', 'weekday': 'Sabato'},
           {'date': '2026-05-17', 'weekday': 'Domenica'},
           {'date': '2026-05-18', 'weekday': 'Lunedì'},
           {'date': '2026-05-19', 'weekday': 'Martedì'},
           {'date': '2026-05-20', 'weekday': 'Mercoledì'},
           {'date': '2026-05-21', 'weekday': 'Giovedì'}],
 'description': '” AscoltAmi ”, è il titolo scelto dalla storica Associazione '
                'Alessandro Scarlatti di Napoli per la sua nuova stagione '
                'musicale . 21 concerti , tra il Sannazaro , l’ Acacia e il '
                'Mercadante , nel programma presentato al Teatro Sannazaro di '
                'Napoli da Oreste de Divitiis e Tommaso Rossi , '
                'rispettivamente Presidente e Direttore Artistico dell’ente '
                'musicale fondato nel 1918. Una presentazione che ha accolto '
                'tra gli applausi convinti del pubblico i pregevoli '
                'interventi, su musiche di Mozart, Grieg e Béla Bartók dell’ '
                'Ensemble d’archi degli allievi del Conservatorio San Pietro a '
                'Majella, coordinati dal Maestro Francesco Solombrino. La '
                'stagione si inaugura, il 15 ottobre al Sannazaro, con il '
                'soprano Maria Grazia Schiavo , in scena con il pianista '
                'Maurizio Iaccarino , e si chiude il 21 maggio al Mercadante '
                'con l’ Orchestra del Mozarteum di Salisburgo diretta dal '
                'Maestro Luigi Piovano . “Annunciamo con grande soddisfazione '
                '- sottolinea Oreste de Divitiis - la presenza a Napoli di '
                'grandi protagonisti della scena musicale, italiana e '
                'internazionale, per una stagione importante e varia, aperta '
                'alla città e inclusiva per forma e sostanza”. Musica vocale, '
                'musica da camera, grande repertorio pianistico, repertorio '
                'sinfonico, jazz, musica di confine, musica del Novecento, '
                'autori contemporanei, definiscono in estrema sintesi '
                'l’eterogeneo ambito musicale proposto dal progetto artistico '
                'della Scarlatti. “Sette mesi di attività che offriranno al '
                'pubblico – sottolinea Tommaso Rossi - un’offerta musicale '
                'articolata e avvincente, in cui la curiosità per la bellezza '
                'di tanti mondi musicali diversi si unisce alla qualità degli '
                'interpreti e alla loro capacità di appassionare e commuovere '
                'il pubblico”. Si va dal repertorio classico interpretato da '
                'grandi solisti come i pianisti Nicolai Luganski , Andrea '
                'Lucchesini , Nicolay Khozyanov , i soprani Maria Grazia '
                'Schiavo e Roberta Invernizzi con l’Ensemble Barocco di Napoli '
                ', il violinista Domenico Nordio e il pianista Roberto Plano , '
                'a scelte musicali “di confine”, nelle proposte del violinista '
                'Alessandro Quarta , della contrabbassista Federica Michisanti '
                'con il clarinettista francese Louis Sclavis , del pianista '
                'Danilo Rea , del cantante Elio (con il progetto “Opera Buffa: '
                'Il Flauto Magico e cento altre bagattelle…”), della Nuova '
                'Orchestra da camera Ferruccio Busoni (con “La Musica del '
                'Cinema: da Astor Piazzolla a Ennio Morricone”) e, infine, '
                'all’omaggio alla figura di Sigmund Thalberg nell’inedita '
                'proposta del pianista Francesco Nicolosi e di Stefano '
                'Valanzuolo . La selezione dedicata alla musica da camera '
                'accoglie grandi classici del repertorio nei concerti dei '
                'quartetti Noûs , Prometeo , Armida, Gringolts. In stagione '
                'anche il giovanissimo Trio Kobalt (vincitore del concorso '
                'Amur - Nuovi Talenti) e, per il repertorio antico, la Petit '
                'Écurie , brillante ensemble di strumenti ad ancia barocchi. '
                'Un impegno che l’Associazione Alessandro Scarlatti persegue '
                'con il sostegno di numerose istituzioni, pubbliche e private, '
                'che vanno dal MiC – Ministero della Cultura , alla Regione '
                'Campania , al Comune di Napoli , alla Città Metropolitana , '
                'fino ad Intesasanpaolo , Seda Group , Caronte e Unione '
                'Industriali di Napoli . “Una sinergia preziosa che ci '
                'consente – aggiunge Tommaso Rossi – di sostenere una stagione '
                'musicale di grande rilievo, caratterizzata dalla estrema '
                'varietà nella proposta musicale che si offre a più punti di '
                'vista, andando a sollecitare il potenziale interesse di un '
                'pubblico sempre più ampio e trasversale”. Tra le tante altre '
                'attività proposte dalla Scarlatti, prosegue nel mese di '
                'ottobre il progetto “ 300 Alessandro Scarlatti”, inserito '
                'nelle celebrazioni per i 2500 anni di Napoli, con i concerti '
                '(il 19 ottobre nella Chiesa di San Ferdinando) dell’Ensemble '
                'polacco Giardino di Delizie e, il 24 ottobre nella Chiesa dei '
                'Girolamini, nel giorno della morte di Alessandro Scarlatti, '
                'della Cappella Neapolitana diretta da Antonio Florio che '
                'eseguirà il “Giardino di Rose”, oratorio-capolavoro scritto '
                'nel 1707 da Alessandro Scarlatti. In avvio anche il programma '
                '“ Parliamo di Musica ” per le scuole, le attività in '
                'decentramento a Gesualdo ed Aversa, la tradizionale rassegna '
                '“ Gli organi storici della Campania ”, nonché le attività '
                'editoriali e di perfezionamento musicale realizzate nella '
                'sede dello Spazio Curci, dove è operativo l’archivio storico '
                'dell’associazione. Biglietti da 12 a 30 euro (con altre '
                'riduzioni specifiche per enti convenzionati, under 30 e '
                'conservatori di musica). Prevendite online: azzurroservice.it '
                '. Prevendite autorizzate a Napoli: Concerteria, Il '
                'Botteghino, Mc Revolution. Informazioni: '
                'www.associazionescarlatti.it IN FOTO: Il Direttore Luigi '
                'Piovano',
 'image_url': '//citynews-napolitoday.stgy.ovh/~media/horizontal-mid/12635505782792/2_direttoreluigipiovano_h.jpg',
 'location_address': None,
 'location_name': 'Teatro Sannazaro, Teatro Acacia, Teatro Mercadante',
 'price': 'Da 12 a 30 euro (con altre riduzioni specifiche per enti '
          'convenzionati, under 30 e conservatori di musica)',
 'scraped_at': '2026-01-28T20:46:37.977464',
 'time_info': 'Orario non disponibile',
 'title': "AscoltAmi: 21 concerti in Stagione per l'Associazione Scarlatti di "
          'Napoli',
 'url': 'https://www.napolitoday.it/eventi/associazione-scarlatti-concerti-stagione-2025-2026.html',
 'uuid': 'dd2866cf34a0f04a',
 'website': 'https://www.associazionescarlatti.it/'}
[2026-01-28T20:46:47.930+0000] {docker.py:429} INFO - 2026-01-28 20:46:47 [scrapy.core.engine] DEBUG: Crawled (200) <GET https://www.napolitoday.it/eventi/pozzo-e-pendolo-teatro-spettacoli-stagione-2025-2026.html> (referer: https://www.napolitoday.it/eventi/dal/2026-01-28/al/2026-02-01/)
[2026-01-28T20:46:48.048+0000] {docker.py:429} INFO - 2026-01-28 20:46:48 [scrapy.core.scraper] DEBUG: Scraped from <200 https://www.napolitoday.it/eventi/pozzo-e-pendolo-teatro-spettacoli-stagione-2025-2026.html>
{'category': 'Teatri',
 'city': 'Napoli',
 'content_hash': '50acad0f35a64c30',
 'date_end': '2026-03-01',
 'date_start': '2025-10-26',
 'dates': [{'date': '2025-10-26', 'weekday': 'Domenica'},
           {'date': '2025-10-27', 'weekday': 'Lunedì'},
           {'date': '2025-10-28', 'weekday': 'Martedì'},
           {'date': '2025-10-29', 'weekday': 'Mercoledì'},
           {'date': '2025-10-30', 'weekday': 'Giovedì'},
           {'date': '2025-10-31', 'weekday': 'Venerdì'},
           {'date': '2025-11-01', 'weekday': 'Sabato'},
           {'date': '2025-11-02', 'weekday': 'Domenica'},
           {'date': '2025-11-03', 'weekday': 'Lunedì'},
           {'date': '2025-11-04', 'weekday': 'Martedì'},
           {'date': '2025-11-05', 'weekday': 'Mercoledì'},
           {'date': '2025-11-06', 'weekday': 'Giovedì'},
           {'date': '2025-11-07', 'weekday': 'Venerdì'},
           {'date': '2025-11-08', 'weekday': 'Sabato'},
           {'date': '2025-11-09', 'weekday': 'Domenica'},
           {'date': '2025-11-10', 'weekday': 'Lunedì'},
           {'date': '2025-11-11', 'weekday': 'Martedì'},
           {'date': '2025-11-12', 'weekday': 'Mercoledì'},
           {'date': '2025-11-13', 'weekday': 'Giovedì'},
           {'date': '2025-11-14', 'weekday': 'Venerdì'},
           {'date': '2025-11-15', 'weekday': 'Sabato'},
           {'date': '2025-11-16', 'weekday': 'Domenica'},
           {'date': '2025-11-17', 'weekday': 'Lunedì'},
           {'date': '2025-11-18', 'weekday': 'Martedì'},
           {'date': '2025-11-19', 'weekday': 'Mercoledì'},
           {'date': '2025-11-20', 'weekday': 'Giovedì'},
           {'date': '2025-11-21', 'weekday': 'Venerdì'},
           {'date': '2025-11-22', 'weekday': 'Sabato'},
           {'date': '2025-11-23', 'weekday': 'Domenica'},
           {'date': '2025-11-24', 'weekday': 'Lunedì'},
           {'date': '2025-11-25', 'weekday': 'Martedì'},
           {'date': '2025-11-26', 'weekday': 'Mercoledì'},
           {'date': '2025-11-27', 'weekday': 'Giovedì'},
           {'date': '2025-11-28', 'weekday': 'Venerdì'},
           {'date': '2025-11-29', 'weekday': 'Sabato'},
           {'date': '2025-11-30', 'weekday': 'Domenica'},
           {'date': '2025-12-01', 'weekday': 'Lunedì'},
           {'date': '2025-12-02', 'weekday': 'Martedì'},
           {'date': '2025-12-03', 'weekday': 'Mercoledì'},
           {'date': '2025-12-04', 'weekday': 'Giovedì'},
           {'date': '2025-12-05', 'weekday': 'Venerdì'},
           {'date': '2025-12-06', 'weekday': 'Sabato'},
           {'date': '2025-12-07', 'weekday': 'Domenica'},
           {'date': '2025-12-08', 'weekday': 'Lunedì'},
           {'date': '2025-12-09', 'weekday': 'Martedì'},
           {'date': '2025-12-10', 'weekday': 'Mercoledì'},
           {'date': '2025-12-11', 'weekday': 'Giovedì'},
           {'date': '2025-12-12', 'weekday': 'Venerdì'},
           {'date': '2025-12-13', 'weekday': 'Sabato'},
           {'date': '2025-12-14', 'weekday': 'Domenica'},
           {'date': '2025-12-15', 'weekday': 'Lunedì'},
           {'date': '2025-12-16', 'weekday': 'Martedì'},
           {'date': '2025-12-17', 'weekday': 'Mercoledì'},
           {'date': '2025-12-18', 'weekday': 'Giovedì'},
           {'date': '2025-12-19', 'weekday': 'Venerdì'},
           {'date': '2025-12-20', 'weekday': 'Sabato'},
           {'date': '2025-12-21', 'weekday': 'Domenica'},
           {'date': '2025-12-22', 'weekday': 'Lunedì'},
           {'date': '2025-12-23', 'weekday': 'Martedì'},
           {'date': '2025-12-24', 'weekday': 'Mercoledì'},
           {'date': '2025-12-25', 'weekday': 'Giovedì'},
           {'date': '2025-12-26', 'weekday': 'Venerdì'},
           {'date': '2025-12-27', 'weekday': 'Sabato'},
           {'date': '2025-12-28', 'weekday': 'Domenica'},
           {'date': '2025-12-29', 'weekday': 'Lunedì'},
           {'date': '2025-12-30', 'weekday': 'Martedì'},
           {'date': '2025-12-31', 'weekday': 'Mercoledì'},
           {'date': '2026-01-01', 'weekday': 'Giovedì'},
           {'date': '2026-01-02', 'weekday': 'Venerdì'},
           {'date': '2026-01-03', 'weekday': 'Sabato'},
           {'date': '2026-01-04', 'weekday': 'Domenica'},
           {'date': '2026-01-05', 'weekday': 'Lunedì'},
           {'date': '2026-01-06', 'weekday': 'Martedì'},
           {'date': '2026-01-07', 'weekday': 'Mercoledì'},
           {'date': '2026-01-08', 'weekday': 'Giovedì'},
           {'date': '2026-01-09', 'weekday': 'Venerdì'},
           {'date': '2026-01-10', 'weekday': 'Sabato'},
           {'date': '2026-01-11', 'weekday': 'Domenica'},
           {'date': '2026-01-12', 'weekday': 'Lunedì'},
           {'date': '2026-01-13', 'weekday': 'Martedì'},
           {'date': '2026-01-14', 'weekday': 'Mercoledì'},
           {'date': '2026-01-15', 'weekday': 'Giovedì'},
           {'date': '2026-01-16', 'weekday': 'Venerdì'},
           {'date': '2026-01-17', 'weekday': 'Sabato'},
           {'date': '2026-01-18', 'weekday': 'Domenica'},
           {'date': '2026-01-19', 'weekday': 'Lunedì'},
           {'date': '2026-01-20', 'weekday': 'Martedì'},
           {'date': '2026-01-21', 'weekday': 'Mercoledì'},
           {'date': '2026-01-22', 'weekday': 'Giovedì'},
           {'date': '2026-01-23', 'weekday': 'Venerdì'},
           {'date': '2026-01-24', 'weekday': 'Sabato'},
           {'date': '2026-01-25', 'weekday': 'Domenica'},
           {'date': '2026-01-26', 'weekday': 'Lunedì'},
           {'date': '2026-01-27', 'weekday': 'Martedì'},
           {'date': '2026-01-28', 'weekday': 'Mercoledì'},
           {'date': '2026-01-29', 'weekday': 'Giovedì'},
           {'date': '2026-01-30', 'weekday': 'Venerdì'},
           {'date': '2026-01-31', 'weekday': 'Sabato'},
           {'date': '2026-02-01', 'weekday': 'Domenica'},
           {'date': '2026-02-02', 'weekday': 'Lunedì'},
           {'date': '2026-02-03', 'weekday': 'Martedì'},
           {'date': '2026-02-04', 'weekday': 'Mercoledì'},
           {'date': '2026-02-05', 'weekday': 'Giovedì'},
           {'date': '2026-02-06', 'weekday': 'Venerdì'},
           {'date': '2026-02-07', 'weekday': 'Sabato'},
           {'date': '2026-02-08', 'weekday': 'Domenica'},
           {'date': '2026-02-09', 'weekday': 'Lunedì'},
           {'date': '2026-02-10', 'weekday': 'Martedì'},
           {'date': '2026-02-11', 'weekday': 'Mercoledì'},
           {'date': '2026-02-12', 'weekday': 'Giovedì'},
           {'date': '2026-02-13', 'weekday': 'Venerdì'},
           {'date': '2026-02-14', 'weekday': 'Sabato'},
           {'date': '2026-02-15', 'weekday': 'Domenica'},
           {'date': '2026-02-16', 'weekday': 'Lunedì'},
           {'date': '2026-02-17', 'weekday': 'Martedì'},
           {'date': '2026-02-18', 'weekday': 'Mercoledì'},
           {'date': '2026-02-19', 'weekday': 'Giovedì'},
           {'date': '2026-02-20', 'weekday': 'Venerdì'},
           {'date': '2026-02-21', 'weekday': 'Sabato'},
           {'date': '2026-02-22', 'weekday': 'Domenica'},
           {'date': '2026-02-23', 'weekday': 'Lunedì'},
           {'date': '2026-02-24', 'weekday': 'Martedì'},
           {'date': '2026-02-25', 'weekday': 'Mercoledì'},
           {'date': '2026-02-26', 'weekday': 'Giovedì'},
           {'date': '2026-02-27', 'weekday': 'Venerdì'},
           {'date': '2026-02-28', 'weekday': 'Sabato'},
           {'date': '2026-03-01', 'weekday': 'Domenica'}],
 'description': 'Ogni addio è un respiro sospeso, un passo che trema, un '
                'silenzio che resta nell’aria, il segno di una fine, ma anche '
                'l’inizio di un nuovo percorso. Da questa riflessione nasce la '
                'ventiseiesima stagione del Pozzo e il Pendolo Teatro di '
                'Napoli , che prenderà il via domenica 26 ottobre 2025 alle '
                'ore 18.30 con una speciale serata omaggio a Stefano Benni, '
                'per un brindisi inaugurale alla sua voce che ancora ci '
                'accompagna e illumina i nostri passi. Gli addii saranno il '
                'filo rosso dell’intera stagione, non come chiusure, ma come '
                'passaggi. Ponti sottili e luminosi che conducono, attraverso '
                'la nostalgia del distacco, verso l’attesa di nuovi orizzonti, '
                'come momenti di trasformazione e di rinascita. Ogni '
                'spettacolo sarà un ponte fragile e luminoso, costruito con le '
                'parole, i gesti e i silenzi che ci accompagnano nei momenti '
                'in cui la vita ci chiede di cambiare passo. Un viaggio fatto '
                'di partenze e approdi, di incontri che finiscono solo per '
                'lasciare spazio a nuove voci, a nuovi sguardi, a nuove '
                'domande. Agli spettacoli si affiancheranno le inimitabili '
                'Cene con delitto e La tombola dei fantasmi , che hanno reso '
                'originale l’attività dello spazio eventi di Palazzo Petrucci, '
                'e altri eventi in via di programmazione. «Vorremmo che il '
                'nostro teatro - sottolinea la direttrice artistica Annamaria '
                'Russo - diventasse il luogo dei passaggi, un approdo '
                'temporaneo per chi parte, una casa accogliente per chi '
                'ritorna. Perché crediamo che la fine non sia mai soltanto '
                'un’ombra, ma il preludio a una nuova luce. E che ogni sipario '
                'che cala, in fondo, sia solo una promessa: quella che '
                'qualcosa di nuovo ci sta già aspettando, appena oltre il '
                'buio». Sulla scorta di queste suggestioni il palcoscenico '
                'partenopeo alzerà il sipario, domenica 26 ottobre, per La '
                'grammatica di Dio con Paolo Cresta e Rocco Zaccagnino, un '
                'saluto che non è un addio, ma un omaggio a Stefano Benni. La '
                'sua scrittura ci ha insegnato a guardare il mondo con '
                'stupore, a cercare poesia negli interstizi della realtà, a '
                'trasformare la malinconia in sogno e la fine in un racconto '
                'che continua. Per il ventennale della nascita del commissario '
                'che vede i morti, sabato 1 e domenica 2 novembre sarà in '
                'scena Febbre per il commissario Ricciardi di Maurizio de '
                'Giovanni con Paolo Cresta. È il maggio del 1932, Ricciardi si '
                'muove nel dedalo intricato dei vicoli napoletani, nelle '
                'orecchie tre numeri, negli occhi l’immagine di un uomo, '
                'morto, nella mente un unico pensiero: la passione è una '
                'febbre che uccide. È un capolavoro di un’attualità '
                'agghiacciante Sostiene Pereira di Antonio Tabucchi, che vedrà '
                'protagonisti, venerdì 7 novembre, Paolo Cresta e Rocco '
                'Zaccagnino. Il racconto di un risveglio, lento, doloroso, '
                'necessario. La storia di un uomo che, nel buio della '
                'dittatura, scopre la forza della coscienza. Attraverso '
                'parole, suoni e immagini, lo spettacolo Streghe , in scena '
                'domenica 23 novembre e sabato 6 dicembre, condurrà in un '
                'paesaggio emotivo dove il confine tra magia e realtà si '
                'dissolve. Sono storie di donne maledette con Marianita '
                'Carfora, Gennaro Monti, Sonia De Rosa, Enzo Tammurriello. Da '
                'lunedì 8 dicembre (repliche il 15, 22, 23, 25 dicembre, e poi '
                '5 e 6 gennaio 2026) il Pozzo e il Pendolo Teatro presenta '
                'Canto di Natale di Charles Dicken, la più bella storia sul '
                'Natale mai scritta, con Paolo Cresta e Carlo Lomanto, '
                'adattamento e regia di Annamaria Russo, spettacolo cult '
                'giunto al suo ventesimo anno di rappresentazione. La sala '
                'partenopea di Piazza San Domenico, per l’occasione, '
                'trasformerà i propri spazi in un salotto d’altri tempi, dove '
                'non mancherà proprio nulla: dalla poltrona da ‘sprofondo’ al '
                'plaid, per rendere più familiare la serata, fino alle piccole '
                'leccornie che rendono dolci le serate natalizie. Laura '
                'Pagliara, Andrea De Rosa, Marco Palumbo, Peppe Papa e Peppe '
                'Romano saranno protagonisti, venerdì 26 dicembre, della '
                'Tombola dei Fantasmi , per svelare l’atmosfera magica del '
                'teatro di Piazza San Domenico Maggiore, con parole e musica '
                'dell’antica tradizione partenopea, insieme a un buffet di '
                'dolci natalizi. Un elegante palazzo abitato da famiglie '
                'dell’alta borghesia fa da sfondo per L’eleganza del riccio di '
                'Muriel Barbery, con Rosaria De Cicco, Nico Cilberti, Sabrina '
                'Bruno, regia di Annamaria Russo, in scena da venerdì 30 '
                'gennaio a domenica 1 febbraio. Un romanzo a strati, dove il '
                'tema pirandelliano della maschera si declina attraverso '
                'elucubrazioni filosofiche ardite e ricette di cucina, dove '
                'l’insofferenza per un modo incapace di guardare oltre le '
                'apparenze si coniuga con l’amore in ogni sua espressione. '
                'Cinquant’anni fa, nel 1975, una voce femminile irruppe nel '
                'silenzio con la forza di un grido e la tenerezza di una '
                'confessione. Oriana Fallaci scriveva Lettera a un bambino mai '
                'nato , monologo intimo, feroce e struggente, che Annamaria '
                'Russo porterà in scena, sabato 7 e domenica 8 febbraio, con '
                'Rosalba Di Girolamo. C’è una Sicilia che non tace mai. Una '
                'Sicilia di voci, di mormorii, di occhi che guardano da dietro '
                'le persiane. Dentro questa terra nasce lo spettacolo Buttana '
                'Buttanissima di Giorgio D’Amato, in scena sabato 28 febbraio '
                'e domenica 1 marzo, con Mariantita Carfora, Alfredo Mundo, '
                'Viviana Curci, Sabrina Bruno, Vicenzo D’Ambrosio, regia di '
                'Annamaria Russo. Con questa ventiseiesima stagione, il Pozzo '
                'e il Pendolo Teatro si propone come luogo dei passaggi, uno '
                'spazio in cui la fine non è mai una chiusura definitiva, ma '
                'un preludio a nuovi orizzonti. Ogni sipario che cala '
                'racchiude una promessa: dietro l’ombra dell’addio, la luce di '
                'un nuovo inizio ci aspetta. Info 0815422088, 3473607913, '
                'info@ilpozzoeilpendolo.it Prenotazioni '
                'www.ilpozzoeilpendolo.it',
 'image_url': '//citynews-napolitoday.stgy.ovh/~media/horizontal-mid/24324400302493/febbre-per-il-commissario-ricciardi-paolo-cresta.jpg',
 'location_address': 'Piazza San Domenico Maggiore, 3',
 'location_name': 'Il Pozzo e il Pendolo Teatro',
 'price': 'Prezzo non disponibile',
 'scraped_at': '2026-01-28T20:46:37.977054',
 'time_info': 'Orario non disponibile',
 'title': 'Al via la stagione 2025/2026 del Pozzo e il Pendolo Teatro Napoli',
 'url': 'https://www.napolitoday.it/eventi/pozzo-e-pendolo-teatro-spettacoli-stagione-2025-2026.html',
 'uuid': '1fa28c12c87d4e8a',
 'website': 'https://www.ilpozzoeilpendolo.it'}
[2026-01-28T20:46:49.087+0000] {docker.py:429} INFO - 2026-01-28 20:46:49 [scrapy.core.engine] DEBUG: Crawled (200) <GET https://www.napolitoday.it/eventi/teatro-bracco-spettacoli-stagione-2025-2026.html> (referer: https://www.napolitoday.it/eventi/dal/2026-01-28/al/2026-02-01/)
[2026-01-28T20:46:49.199+0000] {docker.py:429} INFO - 2026-01-28 20:46:49 [scrapy.core.scraper] DEBUG: Scraped from <200 https://www.napolitoday.it/eventi/teatro-bracco-spettacoli-stagione-2025-2026.html>
{'category': 'Teatri',
 'city': 'Napoli',
 'content_hash': 'f690fd079d48f679',
 'date_end': '2026-04-30',
 'date_start': '2025-10-23',
 'dates': [{'date': '2025-10-23', 'weekday': 'Giovedì'},
           {'date': '2025-10-24', 'weekday': 'Venerdì'},
           {'date': '2025-10-25', 'weekday': 'Sabato'},
           {'date': '2025-10-26', 'weekday': 'Domenica'},
           {'date': '2025-10-27', 'weekday': 'Lunedì'},
           {'date': '2025-10-28', 'weekday': 'Martedì'},
           {'date': '2025-10-29', 'weekday': 'Mercoledì'},
           {'date': '2025-10-30', 'weekday': 'Giovedì'},
           {'date': '2025-10-31', 'weekday': 'Venerdì'},
           {'date': '2025-11-01', 'weekday': 'Sabato'},
           {'date': '2025-11-02', 'weekday': 'Domenica'},
           {'date': '2025-11-03', 'weekday': 'Lunedì'},
           {'date': '2025-11-04', 'weekday': 'Martedì'},
           {'date': '2025-11-05', 'weekday': 'Mercoledì'},
           {'date': '2025-11-06', 'weekday': 'Giovedì'},
           {'date': '2025-11-07', 'weekday': 'Venerdì'},
           {'date': '2025-11-08', 'weekday': 'Sabato'},
           {'date': '2025-11-09', 'weekday': 'Domenica'},
           {'date': '2025-11-10', 'weekday': 'Lunedì'},
           {'date': '2025-11-11', 'weekday': 'Martedì'},
           {'date': '2025-11-12', 'weekday': 'Mercoledì'},
           {'date': '2025-11-13', 'weekday': 'Giovedì'},
           {'date': '2025-11-14', 'weekday': 'Venerdì'},
           {'date': '2025-11-15', 'weekday': 'Sabato'},
           {'date': '2025-11-16', 'weekday': 'Domenica'},
           {'date': '2025-11-17', 'weekday': 'Lunedì'},
           {'date': '2025-11-18', 'weekday': 'Martedì'},
           {'date': '2025-11-19', 'weekday': 'Mercoledì'},
           {'date': '2025-11-20', 'weekday': 'Giovedì'},
           {'date': '2025-11-21', 'weekday': 'Venerdì'},
           {'date': '2025-11-22', 'weekday': 'Sabato'},
           {'date': '2025-11-23', 'weekday': 'Domenica'},
           {'date': '2025-11-24', 'weekday': 'Lunedì'},
           {'date': '2025-11-25', 'weekday': 'Martedì'},
           {'date': '2025-11-26', 'weekday': 'Mercoledì'},
           {'date': '2025-11-27', 'weekday': 'Giovedì'},
           {'date': '2025-11-28', 'weekday': 'Venerdì'},
           {'date': '2025-11-29', 'weekday': 'Sabato'},
           {'date': '2025-11-30', 'weekday': 'Domenica'},
           {'date': '2025-12-01', 'weekday': 'Lunedì'},
           {'date': '2025-12-02', 'weekday': 'Martedì'},
           {'date': '2025-12-03', 'weekday': 'Mercoledì'},
           {'date': '2025-12-04', 'weekday': 'Giovedì'},
           {'date': '2025-12-05', 'weekday': 'Venerdì'},
           {'date': '2025-12-06', 'weekday': 'Sabato'},
           {'date': '2025-12-07', 'weekday': 'Domenica'},
           {'date': '2025-12-08', 'weekday': 'Lunedì'},
           {'date': '2025-12-09', 'weekday': 'Martedì'},
           {'date': '2025-12-10', 'weekday': 'Mercoledì'},
           {'date': '2025-12-11', 'weekday': 'Giovedì'},
           {'date': '2025-12-12', 'weekday': 'Venerdì'},
           {'date': '2025-12-13', 'weekday': 'Sabato'},
           {'date': '2025-12-14', 'weekday': 'Domenica'},
           {'date': '2025-12-15', 'weekday': 'Lunedì'},
           {'date': '2025-12-16', 'weekday': 'Martedì'},
           {'date': '2025-12-17', 'weekday': 'Mercoledì'},
           {'date': '2025-12-18', 'weekday': 'Giovedì'},
           {'date': '2025-12-19', 'weekday': 'Venerdì'},
           {'date': '2025-12-20', 'weekday': 'Sabato'},
           {'date': '2025-12-21', 'weekday': 'Domenica'},
           {'date': '2025-12-22', 'weekday': 'Lunedì'},
           {'date': '2025-12-23', 'weekday': 'Martedì'},
           {'date': '2025-12-24', 'weekday': 'Mercoledì'},
           {'date': '2025-12-25', 'weekday': 'Giovedì'},
           {'date': '2025-12-26', 'weekday': 'Venerdì'},
           {'date': '2025-12-27', 'weekday': 'Sabato'},
           {'date': '2025-12-28', 'weekday': 'Domenica'},
           {'date': '2025-12-29', 'weekday': 'Lunedì'},
           {'date': '2025-12-30', 'weekday': 'Martedì'},
           {'date': '2025-12-31', 'weekday': 'Mercoledì'},
           {'date': '2026-01-01', 'weekday': 'Giovedì'},
           {'date': '2026-01-02', 'weekday': 'Venerdì'},
           {'date': '2026-01-03', 'weekday': 'Sabato'},
           {'date': '2026-01-04', 'weekday': 'Domenica'},
           {'date': '2026-01-05', 'weekday': 'Lunedì'},
           {'date': '2026-01-06', 'weekday': 'Martedì'},
           {'date': '2026-01-07', 'weekday': 'Mercoledì'},
           {'date': '2026-01-08', 'weekday': 'Giovedì'},
           {'date': '2026-01-09', 'weekday': 'Venerdì'},
           {'date': '2026-01-10', 'weekday': 'Sabato'},
           {'date': '2026-01-11', 'weekday': 'Domenica'},
           {'date': '2026-01-12', 'weekday': 'Lunedì'},
           {'date': '2026-01-13', 'weekday': 'Martedì'},
           {'date': '2026-01-14', 'weekday': 'Mercoledì'},
           {'date': '2026-01-15', 'weekday': 'Giovedì'},
           {'date': '2026-01-16', 'weekday': 'Venerdì'},
           {'date': '2026-01-17', 'weekday': 'Sabato'},
           {'date': '2026-01-18', 'weekday': 'Domenica'},
           {'date': '2026-01-19', 'weekday': 'Lunedì'},
           {'date': '2026-01-20', 'weekday': 'Martedì'},
           {'date': '2026-01-21', 'weekday': 'Mercoledì'},
           {'date': '2026-01-22', 'weekday': 'Giovedì'},
           {'date': '2026-01-23', 'weekday': 'Venerdì'},
           {'date': '2026-01-24', 'weekday': 'Sabato'},
           {'date': '2026-01-25', 'weekday': 'Domenica'},
           {'date': '2026-01-26', 'weekday': 'Lunedì'},
           {'date': '2026-01-27', 'weekday': 'Martedì'},
           {'date': '2026-01-28', 'weekday': 'Mercoledì'},
           {'date': '2026-01-29', 'weekday': 'Giovedì'},
           {'date': '2026-01-30', 'weekday': 'Venerdì'},
           {'date': '2026-01-31', 'weekday': 'Sabato'},
           {'date': '2026-02-01', 'weekday': 'Domenica'},
           {'date': '2026-02-02', 'weekday': 'Lunedì'},
           {'date': '2026-02-03', 'weekday': 'Martedì'},
           {'date': '2026-02-04', 'weekday': 'Mercoledì'},
           {'date': '2026-02-05', 'weekday': 'Giovedì'},
           {'date': '2026-02-06', 'weekday': 'Venerdì'},
           {'date': '2026-02-07', 'weekday': 'Sabato'},
           {'date': '2026-02-08', 'weekday': 'Domenica'},
           {'date': '2026-02-09', 'weekday': 'Lunedì'},
           {'date': '2026-02-10', 'weekday': 'Martedì'},
           {'date': '2026-02-11', 'weekday': 'Mercoledì'},
           {'date': '2026-02-12', 'weekday': 'Giovedì'},
           {'date': '2026-02-13', 'weekday': 'Venerdì'},
           {'date': '2026-02-14', 'weekday': 'Sabato'},
           {'date': '2026-02-15', 'weekday': 'Domenica'},
           {'date': '2026-02-16', 'weekday': 'Lunedì'},
           {'date': '2026-02-17', 'weekday': 'Martedì'},
           {'date': '2026-02-18', 'weekday': 'Mercoledì'},
           {'date': '2026-02-19', 'weekday': 'Giovedì'},
           {'date': '2026-02-20', 'weekday': 'Venerdì'},
           {'date': '2026-02-21', 'weekday': 'Sabato'},
           {'date': '2026-02-22', 'weekday': 'Domenica'},
           {'date': '2026-02-23', 'weekday': 'Lunedì'},
           {'date': '2026-02-24', 'weekday': 'Martedì'},
           {'date': '2026-02-25', 'weekday': 'Mercoledì'},
           {'date': '2026-02-26', 'weekday': 'Giovedì'},
           {'date': '2026-02-27', 'weekday': 'Venerdì'},
           {'date': '2026-02-28', 'weekday': 'Sabato'},
           {'date': '2026-03-01', 'weekday': 'Domenica'},
           {'date': '2026-03-02', 'weekday': 'Lunedì'},
           {'date': '2026-03-03', 'weekday': 'Martedì'},
           {'date': '2026-03-04', 'weekday': 'Mercoledì'},
           {'date': '2026-03-05', 'weekday': 'Giovedì'},
           {'date': '2026-03-06', 'weekday': 'Venerdì'},
           {'date': '2026-03-07', 'weekday': 'Sabato'},
           {'date': '2026-03-08', 'weekday': 'Domenica'},
           {'date': '2026-03-09', 'weekday': 'Lunedì'},
           {'date': '2026-03-10', 'weekday': 'Martedì'},
           {'date': '2026-03-11', 'weekday': 'Mercoledì'},
           {'date': '2026-03-12', 'weekday': 'Giovedì'},
           {'date': '2026-03-13', 'weekday': 'Venerdì'},
           {'date': '2026-03-14', 'weekday': 'Sabato'},
           {'date': '2026-03-15', 'weekday': 'Domenica'},
           {'date': '2026-03-16', 'weekday': 'Lunedì'},
           {'date': '2026-03-17', 'weekday': 'Martedì'},
           {'date': '2026-03-18', 'weekday': 'Mercoledì'},
           {'date': '2026-03-19', 'weekday': 'Giovedì'},
           {'date': '2026-03-20', 'weekday': 'Venerdì'},
           {'date': '2026-03-21', 'weekday': 'Sabato'},
           {'date': '2026-03-22', 'weekday': 'Domenica'},
           {'date': '2026-03-23', 'weekday': 'Lunedì'},
           {'date': '2026-03-24', 'weekday': 'Martedì'},
           {'date': '2026-03-25', 'weekday': 'Mercoledì'},
           {'date': '2026-03-26', 'weekday': 'Giovedì'},
           {'date': '2026-03-27', 'weekday': 'Venerdì'},
           {'date': '2026-03-28', 'weekday': 'Sabato'},
           {'date': '2026-03-29', 'weekday': 'Domenica'},
           {'date': '2026-03-30', 'weekday': 'Lunedì'},
           {'date': '2026-03-31', 'weekday': 'Martedì'},
           {'date': '2026-04-01', 'weekday': 'Mercoledì'},
           {'date': '2026-04-02', 'weekday': 'Giovedì'},
           {'date': '2026-04-03', 'weekday': 'Venerdì'},
           {'date': '2026-04-04', 'weekday': 'Sabato'},
           {'date': '2026-04-05', 'weekday': 'Domenica'},
           {'date': '2026-04-06', 'weekday': 'Lunedì'},
           {'date': '2026-04-07', 'weekday': 'Martedì'},
           {'date': '2026-04-08', 'weekday': 'Mercoledì'},
           {'date': '2026-04-09', 'weekday': 'Giovedì'},
           {'date': '2026-04-10', 'weekday': 'Venerdì'},
           {'date': '2026-04-11', 'weekday': 'Sabato'},
           {'date': '2026-04-12', 'weekday': 'Domenica'},
           {'date': '2026-04-13', 'weekday': 'Lunedì'},
           {'date': '2026-04-14', 'weekday': 'Martedì'},
           {'date': '2026-04-15', 'weekday': 'Mercoledì'},
           {'date': '2026-04-16', 'weekday': 'Giovedì'},
           {'date': '2026-04-17', 'weekday': 'Venerdì'},
           {'date': '2026-04-18', 'weekday': 'Sabato'},
           {'date': '2026-04-19', 'weekday': 'Domenica'},
           {'date': '2026-04-20', 'weekday': 'Lunedì'},
           {'date': '2026-04-21', 'weekday': 'Martedì'},
           {'date': '2026-04-22', 'weekday': 'Mercoledì'},
           {'date': '2026-04-23', 'weekday': 'Giovedì'},
           {'date': '2026-04-24', 'weekday': 'Venerdì'},
           {'date': '2026-04-25', 'weekday': 'Sabato'},
           {'date': '2026-04-26', 'weekday': 'Domenica'},
           {'date': '2026-04-27', 'weekday': 'Lunedì'},
           {'date': '2026-04-28', 'weekday': 'Martedì'},
           {'date': '2026-04-29', 'weekday': 'Mercoledì'},
           {'date': '2026-04-30', 'weekday': 'Giovedì'}],
 'description': 'Nel cuore di Napoli, là dove la città è più autentica, tra le '
                'vie e le voci vive della Pignasecca, il Teatro Bracco si '
                'prepara, per il ventisettesimo anno, ad aprire ancora una '
                'volta il suo sipario. Non è solo un luogo fisico, il Bracco: '
                'è un presidio dell’anima popolare, uno scrigno teatrale dove '
                'la risata si fa balsamo, dove la commedia è rito collettivo, '
                'dove il calore del pubblico è parte stessa dello spettacolo. '
                'Ed è con lo stesso spirito, fiero e generoso, che la stagione '
                '2025-2026 si annuncia, più ricca e più coraggiosa che mai. '
                'Sotto la guida luminosa di Caterina De Santis, direttrice '
                'artistica e vera anima dello spazio di via Tarsia 40, il '
                'nuovo cartellone si compone di dodici spettacoli in '
                'abbonamento più uno in omaggio, offerti a un pubblico fedele '
                'con formule tanto popolari quanto rivoluzionarie: “comprane '
                'uno e vieni in due” è l’invito generoso, quasi sussurrato, di '
                'un teatro che non dimentica mai il suo pubblico, nemmeno in '
                'tempi difficili. “In due si raddoppia l’allegria e il '
                'benessere ”, recita il motto delle direttrice De Santis. Ed è '
                'una promessa. È teatro che si fa abbraccio. La stagione '
                'prenderà il via il 23 ottobre con un atto d’amore alla grande '
                'canzone napoletana: “Senza Ipocrisia” , tributo intenso ad '
                'Angela Luce, con Thayla Orefice, l’orchestra dal vivo e la '
                'regia raffinata di Bruno Garofalo. Seguirà, il 13 novembre , '
                'la commedia corale “Super”, con un cast brillante: Enzo '
                'Casertano, Beatrice Fazi, Giuseppe Cantore, Alessandra Merico '
                'e la partecipazione di Gianni Ferreri. Dal 27 novembre , a '
                'salire sul palco saranno i fratelli Luciano e Massimo '
                'Salvetti in “Storta va…deritta vene! ”, spettacolo musicale '
                "dal sapore partenopeo, impreziosito da un'orchestra dal vivo "
                'e la regia di Raimondo Salvetti. A dicembre, l’11, sarà la '
                'volta di “Tesoro non è come credi” di Paolo Caiazzo, con la '
                'regia di Claudio Insegno e in scena ancora la De Santis '
                'accanto a Enzo Casertano. Dopo le festività, il 15 gennaio , '
                'si apre l’anno nuovo con la dolce ironia di “Partenza in '
                'salita”, interpretata da Corrado Tedeschi insieme alla figlia '
                'Camilla Tedeschi, un incontro d’arte e affetti. Il 22 gennaio '
                'torna la comicità surreale e travolgente de I Ditelo Voi, che '
                'porteranno in scena il loro esilarante “Se potrei”, '
                'spettacolo volutamente (e splendidamente) grammaticalmente '
                'scorretto. Dal 5 febbraio , un salto nella tradizione con '
                '“Tre pecore viziose” di Eduardo Scarpetta, affidato alla '
                "Compagnia di Zazzà. Il 19 febbraio, ancora risate con “No pe' "
                "sorde ma pe' denare!” , firmato Claudio Insegno e portato in "
                'scena dalla Compagnia Teatromania. E poi ancora Caterina De '
                'Santis, anima forte e gentile del Bracco, in coppia con Fabio '
                'Brescia, in una nuova commedia da loro stessi scritta: “Una '
                'suocera croccante”, dal 5 marzo . Dal 26 marzo, ci si sposta '
                'sotto i cieli innevati del nord con “Lapponia – risate e '
                'bugie sotto la neve”, una commedia brillante che vede '
                'protagonisti Sergio Muniz, Miriam Mesturino, Cristina '
                'Chinaglia e Sebastiano Gavasso diretti da Ferdinando Ceriani. '
                'Il 9 aprile, torna Paolo Caiazzo con la sua irresistibile '
                'umanità in “Boomer – un papà sul sofà”, mentre dal 16 aprile '
                'sarà la volta del camaleontico Ciro Ceruti in “Shit Life – '
                'una vita da attore”, diario tragicomico di un mestiere '
                'straordinario. Gran finale dal 30 aprile con Federica Cifola '
                'e il suo “ Mamma…zzo!” , spettacolo-regalo offerto in omaggio '
                'agli abbonati, come gesto d’amore verso chi, stagione dopo '
                'stagione, continua a credere nel potere della scena. Anche '
                'quest’anno, gli orari restano quelli tanto amati: giovedì e '
                'venerdì alle 21.00, sabato alle 19.30 e domenica alle 18.30, '
                'con ulteriori riduzioni per il sabato. Perché, come afferma '
                'con fermezza Caterina De Santis, «quando tutto aumenta e il '
                'costo della vita raggiunge vette improponibili, il Teatro '
                'Bracco fa un’inversione a “u” e sceglie di tagliare le '
                'tariffe. È una politica che abbiamo sempre adottato, sin '
                'dalla riapertura del 1999. Un sacrificio per la Compagnia e '
                "gli attori, ma vale di più la gratificazione e l'entusiasmo "
                'che ci trasmette il pubblico» . Un gesto, quello di far '
                'pagare un solo abbonamento, consegnandone due , che non è '
                'solo economico, ma poetico, etico, umano. La stagione '
                '2025-2026 del Teatro Bracco non è dunque solo un programma '
                'teatrale: è una dichiarazione d’amore alla città e alla sua '
                'gente. È la difesa del riso come resistenza. È una carezza in '
                'tempi ruvidi. E, soprattutto, è la conferma che a Napoli, '
                'esiste ancora un luogo dove ridere è un diritto. E dove il '
                'teatro, semplicemente, è casa.',
 'image_url': '//citynews-napolitoday.stgy.ovh/~media/horizontal-mid/59480718817397/caterina-de-santis-teatro-bracco-foto-1.jpg',
 'location_address': 'Via Tarsia, 40',
 'location_name': 'Teatro Bracco',
 'price': 'Prezzo non disponibile',
 'scraped_at': '2026-01-28T20:46:37.976641',
 'time_info': 'Orario non disponibile',
 'title': "'Ridere costa meno': il Teatro Bracco sfida la crisi con arte e "
          'ironia e presenta la stagione 2025-2026',
 'url': 'https://www.napolitoday.it/eventi/teatro-bracco-spettacoli-stagione-2025-2026.html',
 'uuid': '48387730e2504628',
 'website': 'https://www.teatrobracco.it'}
[2026-01-28T20:46:50.069+0000] {docker.py:429} INFO - 2026-01-28 20:46:50 [scrapy.core.engine] DEBUG: Crawled (200) <GET https://www.napolitoday.it/eventi/mostre-mann-fotografie-gabriel-ivanovi-de-rumine-acquerelli-luigi-bazzani.html> (referer: https://www.napolitoday.it/eventi/dal/2026-01-28/al/2026-02-01/)
[2026-01-28T20:46:50.179+0000] {docker.py:429} INFO - 2026-01-28 20:46:50 [scrapy.core.scraper] DEBUG: Scraped from <200 https://www.napolitoday.it/eventi/mostre-mann-fotografie-gabriel-ivanovi-de-rumine-acquerelli-luigi-bazzani.html>
{'category': 'Mostre',
 'city': 'Napoli',
 'content_hash': '3a2f6566cc4ca035',
 'date_end': '2026-02-28',
 'date_start': '2025-09-17',
 'dates': [{'date': '2025-09-17', 'weekday': 'Mercoledì'},
           {'date': '2025-09-18', 'weekday': 'Giovedì'},
           {'date': '2025-09-19', 'weekday': 'Venerdì'},
           {'date': '2025-09-20', 'weekday': 'Sabato'},
           {'date': '2025-09-21', 'weekday': 'Domenica'},
           {'date': '2025-09-22', 'weekday': 'Lunedì'},
           {'date': '2025-09-23', 'weekday': 'Martedì'},
           {'date': '2025-09-24', 'weekday': 'Mercoledì'},
           {'date': '2025-09-25', 'weekday': 'Giovedì'},
           {'date': '2025-09-26', 'weekday': 'Venerdì'},
           {'date': '2025-09-27', 'weekday': 'Sabato'},
           {'date': '2025-09-28', 'weekday': 'Domenica'},
           {'date': '2025-09-29', 'weekday': 'Lunedì'},
           {'date': '2025-09-30', 'weekday': 'Martedì'},
           {'date': '2025-10-01', 'weekday': 'Mercoledì'},
           {'date': '2025-10-02', 'weekday': 'Giovedì'},
           {'date': '2025-10-03', 'weekday': 'Venerdì'},
           {'date': '2025-10-04', 'weekday': 'Sabato'},
           {'date': '2025-10-05', 'weekday': 'Domenica'},
           {'date': '2025-10-06', 'weekday': 'Lunedì'},
           {'date': '2025-10-07', 'weekday': 'Martedì'},
           {'date': '2025-10-08', 'weekday': 'Mercoledì'},
           {'date': '2025-10-09', 'weekday': 'Giovedì'},
           {'date': '2025-10-10', 'weekday': 'Venerdì'},
           {'date': '2025-10-11', 'weekday': 'Sabato'},
           {'date': '2025-10-12', 'weekday': 'Domenica'},
           {'date': '2025-10-13', 'weekday': 'Lunedì'},
           {'date': '2025-10-14', 'weekday': 'Martedì'},
           {'date': '2025-10-15', 'weekday': 'Mercoledì'},
           {'date': '2025-10-16', 'weekday': 'Giovedì'},
           {'date': '2025-10-17', 'weekday': 'Venerdì'},
           {'date': '2025-10-18', 'weekday': 'Sabato'},
           {'date': '2025-10-19', 'weekday': 'Domenica'},
           {'date': '2025-10-20', 'weekday': 'Lunedì'},
           {'date': '2025-10-21', 'weekday': 'Martedì'},
           {'date': '2025-10-22', 'weekday': 'Mercoledì'},
           {'date': '2025-10-23', 'weekday': 'Giovedì'},
           {'date': '2025-10-24', 'weekday': 'Venerdì'},
           {'date': '2025-10-25', 'weekday': 'Sabato'},
           {'date': '2025-10-26', 'weekday': 'Domenica'},
           {'date': '2025-10-27', 'weekday': 'Lunedì'},
           {'date': '2025-10-28', 'weekday': 'Martedì'},
           {'date': '2025-10-29', 'weekday': 'Mercoledì'},
           {'date': '2025-10-30', 'weekday': 'Giovedì'},
           {'date': '2025-10-31', 'weekday': 'Venerdì'},
           {'date': '2025-11-01', 'weekday': 'Sabato'},
           {'date': '2025-11-02', 'weekday': 'Domenica'},
           {'date': '2025-11-03', 'weekday': 'Lunedì'},
           {'date': '2025-11-04', 'weekday': 'Martedì'},
           {'date': '2025-11-05', 'weekday': 'Mercoledì'},
           {'date': '2025-11-06', 'weekday': 'Giovedì'},
           {'date': '2025-11-07', 'weekday': 'Venerdì'},
           {'date': '2025-11-08', 'weekday': 'Sabato'},
           {'date': '2025-11-09', 'weekday': 'Domenica'},
           {'date': '2025-11-10', 'weekday': 'Lunedì'},
           {'date': '2025-11-11', 'weekday': 'Martedì'},
           {'date': '2025-11-12', 'weekday': 'Mercoledì'},
           {'date': '2025-11-13', 'weekday': 'Giovedì'},
           {'date': '2025-11-14', 'weekday': 'Venerdì'},
           {'date': '2025-11-15', 'weekday': 'Sabato'},
           {'date': '2025-11-16', 'weekday': 'Domenica'},
           {'date': '2025-11-17', 'weekday': 'Lunedì'},
           {'date': '2025-11-18', 'weekday': 'Martedì'},
           {'date': '2025-11-19', 'weekday': 'Mercoledì'},
           {'date': '2025-11-20', 'weekday': 'Giovedì'},
           {'date': '2025-11-21', 'weekday': 'Venerdì'},
           {'date': '2025-11-22', 'weekday': 'Sabato'},
           {'date': '2025-11-23', 'weekday': 'Domenica'},
           {'date': '2025-11-24', 'weekday': 'Lunedì'},
           {'date': '2025-11-25', 'weekday': 'Martedì'},
           {'date': '2025-11-26', 'weekday': 'Mercoledì'},
           {'date': '2025-11-27', 'weekday': 'Giovedì'},
           {'date': '2025-11-28', 'weekday': 'Venerdì'},
           {'date': '2025-11-29', 'weekday': 'Sabato'},
           {'date': '2025-11-30', 'weekday': 'Domenica'},
           {'date': '2025-12-01', 'weekday': 'Lunedì'},
           {'date': '2025-12-02', 'weekday': 'Martedì'},
           {'date': '2025-12-03', 'weekday': 'Mercoledì'},
           {'date': '2025-12-04', 'weekday': 'Giovedì'},
           {'date': '2025-12-05', 'weekday': 'Venerdì'},
           {'date': '2025-12-06', 'weekday': 'Sabato'},
           {'date': '2025-12-07', 'weekday': 'Domenica'},
           {'date': '2025-12-08', 'weekday': 'Lunedì'},
           {'date': '2025-12-09', 'weekday': 'Martedì'},
           {'date': '2025-12-10', 'weekday': 'Mercoledì'},
           {'date': '2025-12-11', 'weekday': 'Giovedì'},
           {'date': '2025-12-12', 'weekday': 'Venerdì'},
           {'date': '2025-12-13', 'weekday': 'Sabato'},
           {'date': '2025-12-14', 'weekday': 'Domenica'},
           {'date': '2025-12-15', 'weekday': 'Lunedì'},
           {'date': '2025-12-16', 'weekday': 'Martedì'},
           {'date': '2025-12-17', 'weekday': 'Mercoledì'},
           {'date': '2025-12-18', 'weekday': 'Giovedì'},
           {'date': '2025-12-19', 'weekday': 'Venerdì'},
           {'date': '2025-12-20', 'weekday': 'Sabato'},
           {'date': '2025-12-21', 'weekday': 'Domenica'},
           {'date': '2025-12-22', 'weekday': 'Lunedì'},
           {'date': '2025-12-23', 'weekday': 'Martedì'},
           {'date': '2025-12-24', 'weekday': 'Mercoledì'},
           {'date': '2025-12-25', 'weekday': 'Giovedì'},
           {'date': '2025-12-26', 'weekday': 'Venerdì'},
           {'date': '2025-12-27', 'weekday': 'Sabato'},
           {'date': '2025-12-28', 'weekday': 'Domenica'},
           {'date': '2025-12-29', 'weekday': 'Lunedì'},
           {'date': '2025-12-30', 'weekday': 'Martedì'},
           {'date': '2025-12-31', 'weekday': 'Mercoledì'},
           {'date': '2026-01-01', 'weekday': 'Giovedì'},
           {'date': '2026-01-02', 'weekday': 'Venerdì'},
           {'date': '2026-01-03', 'weekday': 'Sabato'},
           {'date': '2026-01-04', 'weekday': 'Domenica'},
           {'date': '2026-01-05', 'weekday': 'Lunedì'},
           {'date': '2026-01-06', 'weekday': 'Martedì'},
           {'date': '2026-01-07', 'weekday': 'Mercoledì'},
           {'date': '2026-01-08', 'weekday': 'Giovedì'},
           {'date': '2026-01-09', 'weekday': 'Venerdì'},
           {'date': '2026-01-10', 'weekday': 'Sabato'},
           {'date': '2026-01-11', 'weekday': 'Domenica'},
           {'date': '2026-01-12', 'weekday': 'Lunedì'},
           {'date': '2026-01-13', 'weekday': 'Martedì'},
           {'date': '2026-01-14', 'weekday': 'Mercoledì'},
           {'date': '2026-01-15', 'weekday': 'Giovedì'},
           {'date': '2026-01-16', 'weekday': 'Venerdì'},
           {'date': '2026-01-17', 'weekday': 'Sabato'},
           {'date': '2026-01-18', 'weekday': 'Domenica'},
           {'date': '2026-01-19', 'weekday': 'Lunedì'},
           {'date': '2026-01-20', 'weekday': 'Martedì'},
           {'date': '2026-01-21', 'weekday': 'Mercoledì'},
           {'date': '2026-01-22', 'weekday': 'Giovedì'},
           {'date': '2026-01-23', 'weekday': 'Venerdì'},
           {'date': '2026-01-24', 'weekday': 'Sabato'},
           {'date': '2026-01-25', 'weekday': 'Domenica'},
           {'date': '2026-01-26', 'weekday': 'Lunedì'},
           {'date': '2026-01-27', 'weekday': 'Martedì'},
           {'date': '2026-01-28', 'weekday': 'Mercoledì'},
           {'date': '2026-01-29', 'weekday': 'Giovedì'},
           {'date': '2026-01-30', 'weekday': 'Venerdì'},
           {'date': '2026-01-31', 'weekday': 'Sabato'},
           {'date': '2026-02-01', 'weekday': 'Domenica'},
           {'date': '2026-02-02', 'weekday': 'Lunedì'},
           {'date': '2026-02-03', 'weekday': 'Martedì'},
           {'date': '2026-02-04', 'weekday': 'Mercoledì'},
           {'date': '2026-02-05', 'weekday': 'Giovedì'},
           {'date': '2026-02-06', 'weekday': 'Venerdì'},
           {'date': '2026-02-07', 'weekday': 'Sabato'},
           {'date': '2026-02-08', 'weekday': 'Domenica'},
           {'date': '2026-02-09', 'weekday': 'Lunedì'},
           {'date': '2026-02-10', 'weekday': 'Martedì'},
           {'date': '2026-02-11', 'weekday': 'Mercoledì'},
           {'date': '2026-02-12', 'weekday': 'Giovedì'},
           {'date': '2026-02-13', 'weekday': 'Venerdì'},
           {'date': '2026-02-14', 'weekday': 'Sabato'},
           {'date': '2026-02-15', 'weekday': 'Domenica'},
           {'date': '2026-02-16', 'weekday': 'Lunedì'},
           {'date': '2026-02-17', 'weekday': 'Martedì'},
           {'date': '2026-02-18', 'weekday': 'Mercoledì'},
           {'date': '2026-02-19', 'weekday': 'Giovedì'},
           {'date': '2026-02-20', 'weekday': 'Venerdì'},
           {'date': '2026-02-21', 'weekday': 'Sabato'},
           {'date': '2026-02-22', 'weekday': 'Domenica'},
           {'date': '2026-02-23', 'weekday': 'Lunedì'},
           {'date': '2026-02-24', 'weekday': 'Martedì'},
           {'date': '2026-02-25', 'weekday': 'Mercoledì'},
           {'date': '2026-02-26', 'weekday': 'Giovedì'},
           {'date': '2026-02-27', 'weekday': 'Venerdì'},
           {'date': '2026-02-28', 'weekday': 'Sabato'}],
 'image_url': '//citynews-napolitoday.stgy.ovh/~media/horizontal-mid/6069834022847/52960.jpg',
 'location_address': None,
 'location_name': 'Museo Archeologico Nazionale di Napoli',
 'price': 'Prezzo non disponibile',
 'scraped_at': '2026-01-28T20:46:37.976192',
 'time_info': 'Orario non disponibile',
 'title': 'Due nuove mostre al Mann: le fotografie di Gabriel Ivanovič de '
          'Rumine e gli acquerelli di Luigi Bazzani',
 'url': 'https://www.napolitoday.it/eventi/mostre-mann-fotografie-gabriel-ivanovi-de-rumine-acquerelli-luigi-bazzani.html',
 'uuid': '8c1083a21cc6f623',
 'website': 'https://www.museoarcheologiconapoli.it/'}
[2026-01-28T20:46:51.092+0000] {docker.py:429} INFO - 2026-01-28 20:46:51 [scrapy.core.engine] DEBUG: Crawled (200) <GET https://www.napolitoday.it/eventi/massimo-ranieri-teatro-augusteo-23-gennaio-1-febbraio-2026.html> (referer: https://www.napolitoday.it/eventi/dal/2026-01-28/al/2026-02-01/)
[2026-01-28T20:46:51.200+0000] {docker.py:429} INFO - 2026-01-28 20:46:51 [scrapy.core.scraper] DEBUG: Scraped from <200 https://www.napolitoday.it/eventi/massimo-ranieri-teatro-augusteo-23-gennaio-1-febbraio-2026.html>
{'category': 'Concerti',
 'city': 'Napoli',
 'content_hash': 'c5eac05fd6e8cb7e',
 'date_end': '2026-02-01',
 'date_start': '2026-01-23',
 'dates': [{'date': '2026-01-23', 'weekday': 'Venerdì'},
           {'date': '2026-01-24', 'weekday': 'Sabato'},
           {'date': '2026-01-25', 'weekday': 'Domenica'},
           {'date': '2026-01-26', 'weekday': 'Lunedì'},
           {'date': '2026-01-27', 'weekday': 'Martedì'},
           {'date': '2026-01-28', 'weekday': 'Mercoledì'},
           {'date': '2026-01-29', 'weekday': 'Giovedì'},
           {'date': '2026-01-30', 'weekday': 'Venerdì'},
           {'date': '2026-01-31', 'weekday': 'Sabato'},
           {'date': '2026-02-01', 'weekday': 'Domenica'}],
 'description': 'Da venerdì 23 gennaio a domenica 1 febbraio, Massimo Ranieri '
                'è in scena al Teatro Augusteo di Napoli con Tutti i sogni '
                'ancora in volo …e continuano a volare , ideato e scritto da '
                'Edoardo Falcone e Massimo Ranieri. Una straordinaria '
                'avventura tra canto, recitazione, brani celebri, sketch '
                'divertenti e racconti inediti e di vita privata. Nello '
                'spettacolo bellissimi brani scritti per Ranieri da alcuni '
                'grandi cantautori italiani, tra i quali: Pino Donaggio, Ivano '
                'Fossati, Bruno Lauzi, Giuliano Sangiorgi e molti altri. In '
                'scaletta tutto il meglio del suo repertorio più amato e '
                'acclamato. In scena anche una band formata da Claudio '
                'Storniolo (pianoforte), Giovanna Perna (tastiere e voce), '
                'Francesco Puglisi (basso), Luca Trolli (batteria), Arnaldo '
                'Vacca (percussioni), Andrea Pistilli e Tony Puja (chitarre '
                'classiche ed elettriche), Valentina Pinto (violino e voce), '
                'Cristiana Polegri (Sax e voce), Max Filosi (Sax e flauto).',
 'image_url': '//citynews-napolitoday.stgy.ovh/~media/horizontal-mid/45085255618643/500_0_5605954_85951.jpg',
 'location_address': "Piazzetta Duca D'Aosta, 263",
 'location_name': 'Teatro Augusteo',
 'price': 'Prezzo non disponibile',
 'scraped_at': '2026-01-28T20:46:37.975752',
 'time_info': 'Orario non disponibile',
 'title': 'Massimo Ranieri all\'Augusteo con "Tutti i sogni ancora in volo… e '
          'continuano a volare"',
 'url': 'https://www.napolitoday.it/eventi/massimo-ranieri-teatro-augusteo-23-gennaio-1-febbraio-2026.html',
 'uuid': 'f2b6e289800c3f80',
 'website': 'https://www.teatroaugusteo.it/'}
[2026-01-28T20:46:53.184+0000] {docker.py:429} INFO - 2026-01-28 20:46:53 [scrapy.core.engine] DEBUG: Crawled (200) <GET https://www.napolitoday.it/eventi/cafe-chantant-my-world-teatro-sannazaro.html> (referer: https://www.napolitoday.it/eventi/dal/2026-01-28/al/2026-02-01/)
[2026-01-28T20:46:53.295+0000] {docker.py:429} INFO - 2026-01-28 20:46:53 [scrapy.core.scraper] DEBUG: Scraped from <200 https://www.napolitoday.it/eventi/cafe-chantant-my-world-teatro-sannazaro.html>
{'category': 'Teatri',
 'city': 'Napoli',
 'content_hash': 'e960afbcc828f5ec',
 'date_end': '2026-02-22',
 'date_start': '2025-12-18',
 'dates': [{'date': '2025-12-18', 'weekday': 'Giovedì'},
           {'date': '2025-12-19', 'weekday': 'Venerdì'},
           {'date': '2025-12-20', 'weekday': 'Sabato'},
           {'date': '2025-12-21', 'weekday': 'Domenica'},
           {'date': '2025-12-22', 'weekday': 'Lunedì'},
           {'date': '2025-12-23', 'weekday': 'Martedì'},
           {'date': '2025-12-24', 'weekday': 'Mercoledì'},
           {'date': '2025-12-25', 'weekday': 'Giovedì'},
           {'date': '2025-12-26', 'weekday': 'Venerdì'},
           {'date': '2025-12-27', 'weekday': 'Sabato'},
           {'date': '2025-12-28', 'weekday': 'Domenica'},
           {'date': '2025-12-29', 'weekday': 'Lunedì'},
           {'date': '2025-12-30', 'weekday': 'Martedì'},
           {'date': '2025-12-31', 'weekday': 'Mercoledì'},
           {'date': '2026-01-01', 'weekday': 'Giovedì'},
           {'date': '2026-01-02', 'weekday': 'Venerdì'},
           {'date': '2026-01-03', 'weekday': 'Sabato'},
           {'date': '2026-01-04', 'weekday': 'Domenica'},
           {'date': '2026-01-05', 'weekday': 'Lunedì'},
           {'date': '2026-01-06', 'weekday': 'Martedì'},
           {'date': '2026-01-07', 'weekday': 'Mercoledì'},
           {'date': '2026-01-08', 'weekday': 'Giovedì'},
           {'date': '2026-01-09', 'weekday': 'Venerdì'},
           {'date': '2026-01-10', 'weekday': 'Sabato'},
           {'date': '2026-01-11', 'weekday': 'Domenica'},
           {'date': '2026-01-12', 'weekday': 'Lunedì'},
           {'date': '2026-01-13', 'weekday': 'Martedì'},
           {'date': '2026-01-14', 'weekday': 'Mercoledì'},
           {'date': '2026-01-15', 'weekday': 'Giovedì'},
           {'date': '2026-01-16', 'weekday': 'Venerdì'},
           {'date': '2026-01-17', 'weekday': 'Sabato'},
           {'date': '2026-01-18', 'weekday': 'Domenica'},
           {'date': '2026-01-19', 'weekday': 'Lunedì'},
           {'date': '2026-01-20', 'weekday': 'Martedì'},
           {'date': '2026-01-21', 'weekday': 'Mercoledì'},
           {'date': '2026-01-22', 'weekday': 'Giovedì'},
           {'date': '2026-01-23', 'weekday': 'Venerdì'},
           {'date': '2026-01-24', 'weekday': 'Sabato'},
           {'date': '2026-01-25', 'weekday': 'Domenica'},
           {'date': '2026-01-26', 'weekday': 'Lunedì'},
           {'date': '2026-01-27', 'weekday': 'Martedì'},
           {'date': '2026-01-28', 'weekday': 'Mercoledì'},
           {'date': '2026-01-29', 'weekday': 'Giovedì'},
           {'date': '2026-01-30', 'weekday': 'Venerdì'},
           {'date': '2026-01-31', 'weekday': 'Sabato'},
           {'date': '2026-02-01', 'weekday': 'Domenica'},
           {'date': '2026-02-02', 'weekday': 'Lunedì'},
           {'date': '2026-02-03', 'weekday': 'Martedì'},
           {'date': '2026-02-04', 'weekday': 'Mercoledì'},
           {'date': '2026-02-05', 'weekday': 'Giovedì'},
           {'date': '2026-02-06', 'weekday': 'Venerdì'},
           {'date': '2026-02-07', 'weekday': 'Sabato'},
           {'date': '2026-02-08', 'weekday': 'Domenica'},
           {'date': '2026-02-09', 'weekday': 'Lunedì'},
           {'date': '2026-02-10', 'weekday': 'Martedì'},
           {'date': '2026-02-11', 'weekday': 'Mercoledì'},
           {'date': '2026-02-12', 'weekday': 'Giovedì'},
           {'date': '2026-02-13', 'weekday': 'Venerdì'},
           {'date': '2026-02-14', 'weekday': 'Sabato'},
           {'date': '2026-02-15', 'weekday': 'Domenica'},
           {'date': '2026-02-16', 'weekday': 'Lunedì'},
           {'date': '2026-02-17', 'weekday': 'Martedì'},
           {'date': '2026-02-18', 'weekday': 'Mercoledì'},
           {'date': '2026-02-19', 'weekday': 'Giovedì'},
           {'date': '2026-02-20', 'weekday': 'Venerdì'},
           {'date': '2026-02-21', 'weekday': 'Sabato'},
           {'date': '2026-02-22', 'weekday': 'Domenica'}],
 'description': '“Café Chantant My World” uno spettacolo di e con Lara Sansone '
                'in scena al Teatro Sannazaro dal 18 dicembre al 6 gennaio e '
                'dal 12 al 22 febbraio. Sul palco, insieme a Lara Sansone, un '
                'cast ricchissimo: Lucio Pierri, Massimo Peluso, Mario '
                'Aterrano, Toni Guido, Mario Andrisani, Antonio Marino, '
                'affiancati dall’orchestra e dal balletto del Café Chantant. '
                'Lo spettacolo si avvale delle scene di Michele Gigi, delle '
                'musiche di Ettore Gatta, delle coreografie di Alessandro Di '
                'Napoli, dei costumi di Luisa Gorgi Marchese e Mariano Ranno, '
                'delle luci di Luigi Della Monica, del trucco e parrucco di '
                'Ciro Florio, e degli accessori di Carmine Russo. L’ufficio '
                'stampa è curato da Roberta D’Agostino. La produzione è di '
                'Tradizione e Turismo – Centro di Produzione Teatrale – Teatro '
                'Sannazaro, con l’organizzazione di Salvatore Vanorio. '
                'Trent’anni di magia, emozioni e teatralità senza confini. '
                'Trent’anni di un format unico, inimitabile, capace di '
                'trasformarsi, evolvere e al tempo stesso restare tradizione, '
                'rito, festa. Il Café Chantant è tutto questo e molto di più: '
                'un’esplosione di musica, colore, energia e meraviglia che da '
                'tre decenni incanta il pubblico del Teatro Sannazaro. Oggi '
                'questo universo spettacolare si rinnova con una veste inedita '
                'e sorprendente: My World, il nuovo viaggio scenico ideato e '
                'interpretato da Lara Sansone, che firma ancora una volta '
                'un’esperienza immersiva e coinvolgente. In scena un mondo che '
                'si svela attraverso oltre duecento costumi, veri quadri '
                'viventi cuciti per trasformare ogni momento in emozione pura; '
                'giochi di luce che modellano atmosfere; scenografie capaci di '
                'trasportare lo spettatore in una favola moderna fatta di '
                'leggerezza, ironia e sogno. Come da tradizione, il Café '
                'Chantant non inizia con il buio in sala, ma nel momento '
                'stesso in cui si varca la soglia del teatro. L’ambiente si '
                'trasforma in un autentico caffè-concerto, dove artisti, '
                'musicisti e ballerini accolgono il pubblico in un’atmosfera '
                'sospesa tra realtà e immaginazione. Tra tavoli, quinte e '
                'musica dal vivo, gli spettatori diventano parte integrante di '
                'un gioco teatrale unico, inclusivo e irresistibile. Il Teatro '
                'Sannazaro torna così a essere un luogo dove tutto è '
                'possibile: uno spazio in cui la fantasia regna sovrana e la '
                'quotidianità si dissolve per far posto all’incanto. Attori, '
                'cantanti, ballerini, musicisti e comici si fondono in un '
                'vortice di talento e vitalità, pronti a contagiare il '
                'pubblico con l’energia luminosa del Café Chantant. '
                '"Preparatevi a vivere un’esperienza che non si guarda '
                'soltanto: si attraversa, si respira, si condivide. Benvenuti '
                'nella nostra festa. Benvenuti nel nostro scintillante, '
                'inesauribile mondo". Orari spettacoli: giovedì 18 dicembre '
                '2025 – ore 21:00 venerdì 19 dicembre 2025 – ore 21:00 sabato '
                '20 dicembre 2025 – ore 21:00 domenica 21 dicembre 2025 – ore '
                '18:00 venerdì 26 dicembre 2025 – ore 21:00 sabato 27 dicembre '
                '2025 – ore 21:00 domenica 28 dicembre 2025 – ore 18:00 lunedì '
                '29 dicembre 2025 – ore 21:00 sabato 03 gennaio 2026 – ore '
                '21:00 domenica 04 gennaio 2026 – ore 18:00 lunedì 05 gennaio '
                '2026 – ore 21:00 martedì 06 gennaio 2026 – ore 18:00 giovedì '
                '12 febbraio 2026 – ore 21:00 venerdì 13 febbraio 2026 – ore '
                '21:00 sabato 14 febbraio 2026 – ore 21:00 – SOLD OUT domenica '
                '15 febbraio 2026 – ore 18:00 venerdì 20 febbraio 2026 – ore '
                '21:00 sabato 21 febbraio 2026 – ore 21:00 domenica 22 '
                'febbraio 2026 – ore 18:00',
 'image_url': '//citynews-napolitoday.stgy.ovh/~media/horizontal-mid/29389876914315/cafe-2.jpeg',
 'location_address': None,
 'location_name': 'Teatro Sannazaro',
 'price': 'Prezzo non disponibile',
 'scraped_at': '2026-01-28T20:46:37.975274',
 'time_info': 'Dal 18 dicembre al 6 gennaio e dal 12 al 22 febbraio',
 'title': '“Café Chantant My World” di e con Lara Sansone al Teatro Sannazaro',
 'url': 'https://www.napolitoday.it/eventi/cafe-chantant-my-world-teatro-sannazaro.html',
 'uuid': '63adf619fcd30707'}
[2026-01-28T20:46:53.669+0000] {docker.py:429} INFO - 2026-01-28 20:46:53 [scrapy.core.engine] DEBUG: Crawled (200) <GET https://www.napolitoday.it/eventi/cappella-sansevero-blue-monday-compleanno-principe.html> (referer: https://www.napolitoday.it/eventi/dal/2026-01-28/al/2026-02-01/)
[2026-01-28T20:46:53.778+0000] {docker.py:429} INFO - 2026-01-28 20:46:53 [scrapy.core.scraper] DEBUG: Scraped from <200 https://www.napolitoday.it/eventi/cappella-sansevero-blue-monday-compleanno-principe.html>
{'category': 'Escursioni',
 'city': 'Napoli',
 'content_hash': '88a243f8758e8a85',
 'date_end': '2026-02-01',
 'date_start': '2026-01-19',
 'dates': [{'date': '2026-01-19', 'weekday': 'Lunedì'},
           {'date': '2026-01-20', 'weekday': 'Martedì'},
           {'date': '2026-01-21', 'weekday': 'Mercoledì'},
           {'date': '2026-01-22', 'weekday': 'Giovedì'},
           {'date': '2026-01-23', 'weekday': 'Venerdì'},
           {'date': '2026-01-24', 'weekday': 'Sabato'},
           {'date': '2026-01-25', 'weekday': 'Domenica'},
           {'date': '2026-01-26', 'weekday': 'Lunedì'},
           {'date': '2026-01-27', 'weekday': 'Martedì'},
           {'date': '2026-01-28', 'weekday': 'Mercoledì'},
           {'date': '2026-01-29', 'weekday': 'Giovedì'},
           {'date': '2026-01-30', 'weekday': 'Venerdì'},
           {'date': '2026-01-31', 'weekday': 'Sabato'},
           {'date': '2026-02-01', 'weekday': 'Domenica'}],
 'description': 'Il Museo Cappella Sansevero propone a gennaio due '
                'appuntamenti speciali per immergersi nell’arte, nella storia '
                'e nelle meraviglie del suo tempio barocco: in occasione del '
                'Blue Monday , lunedì 19 gennaio , sarà possibile visitare il '
                'Museo ad un costo ridotto e, eccezionalmente, scattare '
                'fotografie, mentre nel fine settimana dal 30 gennaio al 1° '
                'febbraio i visitatori potranno partecipare alle visite '
                'guidate tematiche per festeggiare il compleanno del principe '
                "Raimondo di Sangro, genio poliedrico dall'insaziabile "
                'curiosità. Il Museo Cappella Sansevero ha scelto di '
                'trasformare il terzo lunedì di gennaio, definito come il '
                'giorno più “triste” dell’anno, in un momento speciale. Per un '
                'solo giorno, lunedì 19 gennaio , i visitatori potranno '
                'partecipare al Blue Monday Sansevero ed entrare al Museo con '
                'un biglietto di ingresso ridotto a 9 euro , invece che a 12 '
                'euro, e in via del tutto eccezionale scattare foto – '
                'normalmente interdette durante i regolari orari di apertura '
                'al pubblico - alle opere: dal Cristo velato alle '
                'straordinarie creazioni che animano l’universo del principe '
                'di Sansevero. Un’occasione unica per conoscere il monumento '
                'barocco e i suoi capolavori, e lasciare che la bellezza '
                'strappi via ogni malinconia. Le iniziative al Museo Cappella '
                'Sansevero proseguono venerdì 30 gennaio, sabato 31 gennaio e '
                'domenica 1° febbraio con tre giorni di visite guidate '
                'speciali condotte dallo staff dei servizi educativi del '
                'Museo, per festeggiare il compleanno di Raimondo di Sangro '
                '(30 gennaio 1710). Un tour attraverso la storia della '
                'Cappella, le sue meraviglie e la vita del principe di '
                'Sansevero, in cui si racconteranno aneddoti e curiosità '
                'sull’inventore, letterato, mecenate, cultore del libero '
                'pensiero e delle scienze, primo Gran Maestro della Massoneria '
                'napoletana, originale interprete dei fermenti innovatori '
                'della Napoli settecentesca. Nei laboratori sotterranei del '
                'suo palazzo, in largo San Domenico Maggiore, si dedicò a '
                'sperimentazioni nei più disparati campi delle scienze e delle '
                'arti, dalla chimica all’idrostatica, dalla tipografia alla '
                'meccanica, raggiungendo risultati che apparvero “prodigiosi” '
                'ai contemporanei. Il messaggio intellettuale di Raimondo di '
                'Sangro è passato alla posterità soprattutto attraverso il '
                'ricco simbolismo della Cappella Sansevero, del cui suggestivo '
                'progetto iconografico il principe fu geniale ideatore. Le '
                'visite sono in lingua italiana della durata di circa 30 '
                'minuti. Per visitare il Museo durante il Blue Monday e per '
                'partecipare alle visite guidate è necessaria la prenotazione '
                'da effettuare sul sito www.museosansevero.it FOTO: Cappella '
                'Sansevero, Raffaele Aquilante e Alessandro Scarano per '
                '327Collective_© Archivio Museo Cappella Sansevero',
 'image_url': '//citynews-napolitoday.stgy.ovh/~media/horizontal-mid/64078282150958/cappella-sansevero-raffaele-aquilante-e-alessandro-scarano-per-327collective_-archivio-museo-cappella-sansevero.jpg',
 'location_address': 'Via Francesco de Sanctis, 19',
 'location_name': 'Museo Cappella Sansevero',
 'price': 'Prezzo non disponibile',
 'scraped_at': '2026-01-28T20:46:37.974824',
 'time_info': 'Orario non disponibile',
 'title': 'Cappella Sansevero: ingresso ridotto e possibilità di fare foto per '
          'il Blue Monday e visite guidate straordinarie per il compleanno del '
          'principe',
 'url': 'https://www.napolitoday.it/eventi/cappella-sansevero-blue-monday-compleanno-principe.html',
 'uuid': '11bac7a2293bdc2d',
 'website': 'https://www.museosansevero.it'}
[2026-01-28T20:46:55.058+0000] {docker.py:429} INFO - 2026-01-28 20:46:55 [scrapy.core.engine] DEBUG: Crawled (200) <GET https://www.napolitoday.it/eventi/presepe-cortese-basilica-pietrasanta-lapis-museum.html> (referer: https://www.napolitoday.it/eventi/dal/2026-01-28/al/2026-02-01/)
[2026-01-28T20:46:55.168+0000] {docker.py:429} INFO - 2026-01-28 20:46:55 [scrapy.core.scraper] DEBUG: Scraped from <200 https://www.napolitoday.it/eventi/presepe-cortese-basilica-pietrasanta-lapis-museum.html>
{'category': 'Mostre',
 'city': 'Napoli',
 'content_hash': '3a2f6566cc4ca035',
 'date_end': '2026-03-31',
 'date_start': '2025-11-14',
 'dates': [{'date': '2025-11-14', 'weekday': 'Venerdì'},
           {'date': '2025-11-15', 'weekday': 'Sabato'},
           {'date': '2025-11-16', 'weekday': 'Domenica'},
           {'date': '2025-11-17', 'weekday': 'Lunedì'},
           {'date': '2025-11-18', 'weekday': 'Martedì'},
           {'date': '2025-11-19', 'weekday': 'Mercoledì'},
           {'date': '2025-11-20', 'weekday': 'Giovedì'},
           {'date': '2025-11-21', 'weekday': 'Venerdì'},
           {'date': '2025-11-22', 'weekday': 'Sabato'},
           {'date': '2025-11-23', 'weekday': 'Domenica'},
           {'date': '2025-11-24', 'weekday': 'Lunedì'},
           {'date': '2025-11-25', 'weekday': 'Martedì'},
           {'date': '2025-11-26', 'weekday': 'Mercoledì'},
           {'date': '2025-11-27', 'weekday': 'Giovedì'},
           {'date': '2025-11-28', 'weekday': 'Venerdì'},
           {'date': '2025-11-29', 'weekday': 'Sabato'},
           {'date': '2025-11-30', 'weekday': 'Domenica'},
           {'date': '2025-12-01', 'weekday': 'Lunedì'},
           {'date': '2025-12-02', 'weekday': 'Martedì'},
           {'date': '2025-12-03', 'weekday': 'Mercoledì'},
           {'date': '2025-12-04', 'weekday': 'Giovedì'},
           {'date': '2025-12-05', 'weekday': 'Venerdì'},
           {'date': '2025-12-06', 'weekday': 'Sabato'},
           {'date': '2025-12-07', 'weekday': 'Domenica'},
           {'date': '2025-12-08', 'weekday': 'Lunedì'},
           {'date': '2025-12-09', 'weekday': 'Martedì'},
           {'date': '2025-12-10', 'weekday': 'Mercoledì'},
           {'date': '2025-12-11', 'weekday': 'Giovedì'},
           {'date': '2025-12-12', 'weekday': 'Venerdì'},
           {'date': '2025-12-13', 'weekday': 'Sabato'},
           {'date': '2025-12-14', 'weekday': 'Domenica'},
           {'date': '2025-12-15', 'weekday': 'Lunedì'},
           {'date': '2025-12-16', 'weekday': 'Martedì'},
           {'date': '2025-12-17', 'weekday': 'Mercoledì'},
           {'date': '2025-12-18', 'weekday': 'Giovedì'},
           {'date': '2025-12-19', 'weekday': 'Venerdì'},
           {'date': '2025-12-20', 'weekday': 'Sabato'},
           {'date': '2025-12-21', 'weekday': 'Domenica'},
           {'date': '2025-12-22', 'weekday': 'Lunedì'},
           {'date': '2025-12-23', 'weekday': 'Martedì'},
           {'date': '2025-12-24', 'weekday': 'Mercoledì'},
           {'date': '2025-12-25', 'weekday': 'Giovedì'},
           {'date': '2025-12-26', 'weekday': 'Venerdì'},
           {'date': '2025-12-27', 'weekday': 'Sabato'},
           {'date': '2025-12-28', 'weekday': 'Domenica'},
           {'date': '2025-12-29', 'weekday': 'Lunedì'},
           {'date': '2025-12-30', 'weekday': 'Martedì'},
           {'date': '2025-12-31', 'weekday': 'Mercoledì'},
           {'date': '2026-01-01', 'weekday': 'Giovedì'},
           {'date': '2026-01-02', 'weekday': 'Venerdì'},
           {'date': '2026-01-03', 'weekday': 'Sabato'},
           {'date': '2026-01-04', 'weekday': 'Domenica'},
           {'date': '2026-01-05', 'weekday': 'Lunedì'},
           {'date': '2026-01-06', 'weekday': 'Martedì'},
           {'date': '2026-01-07', 'weekday': 'Mercoledì'},
           {'date': '2026-01-08', 'weekday': 'Giovedì'},
           {'date': '2026-01-09', 'weekday': 'Venerdì'},
           {'date': '2026-01-10', 'weekday': 'Sabato'},
           {'date': '2026-01-11', 'weekday': 'Domenica'},
           {'date': '2026-01-12', 'weekday': 'Lunedì'},
           {'date': '2026-01-13', 'weekday': 'Martedì'},
           {'date': '2026-01-14', 'weekday': 'Mercoledì'},
           {'date': '2026-01-15', 'weekday': 'Giovedì'},
           {'date': '2026-01-16', 'weekday': 'Venerdì'},
           {'date': '2026-01-17', 'weekday': 'Sabato'},
           {'date': '2026-01-18', 'weekday': 'Domenica'},
           {'date': '2026-01-19', 'weekday': 'Lunedì'},
           {'date': '2026-01-20', 'weekday': 'Martedì'},
           {'date': '2026-01-21', 'weekday': 'Mercoledì'},
           {'date': '2026-01-22', 'weekday': 'Giovedì'},
           {'date': '2026-01-23', 'weekday': 'Venerdì'},
           {'date': '2026-01-24', 'weekday': 'Sabato'},
           {'date': '2026-01-25', 'weekday': 'Domenica'},
           {'date': '2026-01-26', 'weekday': 'Lunedì'},
           {'date': '2026-01-27', 'weekday': 'Martedì'},
           {'date': '2026-01-28', 'weekday': 'Mercoledì'},
           {'date': '2026-01-29', 'weekday': 'Giovedì'},
           {'date': '2026-01-30', 'weekday': 'Venerdì'},
           {'date': '2026-01-31', 'weekday': 'Sabato'},
           {'date': '2026-02-01', 'weekday': 'Domenica'},
           {'date': '2026-02-02', 'weekday': 'Lunedì'},
           {'date': '2026-02-03', 'weekday': 'Martedì'},
           {'date': '2026-02-04', 'weekday': 'Mercoledì'},
           {'date': '2026-02-05', 'weekday': 'Giovedì'},
           {'date': '2026-02-06', 'weekday': 'Venerdì'},
           {'date': '2026-02-07', 'weekday': 'Sabato'},
           {'date': '2026-02-08', 'weekday': 'Domenica'},
           {'date': '2026-02-09', 'weekday': 'Lunedì'},
           {'date': '2026-02-10', 'weekday': 'Martedì'},
           {'date': '2026-02-11', 'weekday': 'Mercoledì'},
           {'date': '2026-02-12', 'weekday': 'Giovedì'},
           {'date': '2026-02-13', 'weekday': 'Venerdì'},
           {'date': '2026-02-14', 'weekday': 'Sabato'},
           {'date': '2026-02-15', 'weekday': 'Domenica'},
           {'date': '2026-02-16', 'weekday': 'Lunedì'},
           {'date': '2026-02-17', 'weekday': 'Martedì'},
           {'date': '2026-02-18', 'weekday': 'Mercoledì'},
           {'date': '2026-02-19', 'weekday': 'Giovedì'},
           {'date': '2026-02-20', 'weekday': 'Venerdì'},
           {'date': '2026-02-21', 'weekday': 'Sabato'},
           {'date': '2026-02-22', 'weekday': 'Domenica'},
           {'date': '2026-02-23', 'weekday': 'Lunedì'},
           {'date': '2026-02-24', 'weekday': 'Martedì'},
           {'date': '2026-02-25', 'weekday': 'Mercoledì'},
           {'date': '2026-02-26', 'weekday': 'Giovedì'},
           {'date': '2026-02-27', 'weekday': 'Venerdì'},
           {'date': '2026-02-28', 'weekday': 'Sabato'},
           {'date': '2026-03-01', 'weekday': 'Domenica'},
           {'date': '2026-03-02', 'weekday': 'Lunedì'},
           {'date': '2026-03-03', 'weekday': 'Martedì'},
           {'date': '2026-03-04', 'weekday': 'Mercoledì'},
           {'date': '2026-03-05', 'weekday': 'Giovedì'},
           {'date': '2026-03-06', 'weekday': 'Venerdì'},
           {'date': '2026-03-07', 'weekday': 'Sabato'},
           {'date': '2026-03-08', 'weekday': 'Domenica'},
           {'date': '2026-03-09', 'weekday': 'Lunedì'},
           {'date': '2026-03-10', 'weekday': 'Martedì'},
           {'date': '2026-03-11', 'weekday': 'Mercoledì'},
           {'date': '2026-03-12', 'weekday': 'Giovedì'},
           {'date': '2026-03-13', 'weekday': 'Venerdì'},
           {'date': '2026-03-14', 'weekday': 'Sabato'},
           {'date': '2026-03-15', 'weekday': 'Domenica'},
           {'date': '2026-03-16', 'weekday': 'Lunedì'},
           {'date': '2026-03-17', 'weekday': 'Martedì'},
           {'date': '2026-03-18', 'weekday': 'Mercoledì'},
           {'date': '2026-03-19', 'weekday': 'Giovedì'},
           {'date': '2026-03-20', 'weekday': 'Venerdì'},
           {'date': '2026-03-21', 'weekday': 'Sabato'},
           {'date': '2026-03-22', 'weekday': 'Domenica'},
           {'date': '2026-03-23', 'weekday': 'Lunedì'},
           {'date': '2026-03-24', 'weekday': 'Martedì'},
           {'date': '2026-03-25', 'weekday': 'Mercoledì'},
           {'date': '2026-03-26', 'weekday': 'Giovedì'},
           {'date': '2026-03-27', 'weekday': 'Venerdì'},
           {'date': '2026-03-28', 'weekday': 'Sabato'},
           {'date': '2026-03-29', 'weekday': 'Domenica'},
           {'date': '2026-03-30', 'weekday': 'Lunedì'},
           {'date': '2026-03-31', 'weekday': 'Martedì'}],
 'image_url': '//citynews-napolitoday.stgy.ovh/~media/horizontal-mid/44065458574070/il-presepe-cortese-1536x512-2.jpg',
 'location_address': 'piazzetta Pietrasanta, 17-18',
 'location_name': 'Basilica della Pietrasanta – LAPIS Museum',
 'price': 'Prezzo non disponibile',
 'scraped_at': '2026-01-28T20:46:37.974236',
 'time_info': 'Orario non disponibile',
 'title': 'Il Presepe Cortese: tra arte, storia e meraviglia barocca alla '
          'Basilica della Pietrasanta - Lapis Museum',
 'url': 'https://www.napolitoday.it/eventi/presepe-cortese-basilica-pietrasanta-lapis-museum.html',
 'uuid': '474343b23236aab4',
 'website': 'https://ilpresepecortese.com/'}
[2026-01-28T20:46:56.925+0000] {docker.py:429} INFO - 2026-01-28 20:46:56 [scrapy.core.engine] DEBUG: Crawled (200) <GET https://www.napolitoday.it/eventi/warhol-vs-banksy-mostra-villa-pignatelli.html> (referer: https://www.napolitoday.it/eventi/dal/2026-01-28/al/2026-02-01/)
[2026-01-28T20:46:57.035+0000] {docker.py:429} INFO - 2026-01-28 20:46:57 [scrapy.core.scraper] DEBUG: Scraped from <200 https://www.napolitoday.it/eventi/warhol-vs-banksy-mostra-villa-pignatelli.html>
{'category': 'Mostre',
 'city': 'Napoli',
 'content_hash': '3d4f1f2c7c43b301',
 'date_end': '2026-06-02',
 'date_start': '2026-01-22',
 'dates': [{'date': '2026-01-27',
            'time_end': '17:00',
            'time_start': '9:30',
            'weekday': 'Martedì'},
           {'date': '2026-02-03',
            'time_end': '17:00',
            'time_start': '9:30',
            'weekday': 'Martedì'},
           {'date': '2026-02-10',
            'time_end': '17:00',
            'time_start': '9:30',
            'weekday': 'Martedì'},
           {'date': '2026-02-17',
            'time_end': '17:00',
            'time_start': '9:30',
            'weekday': 'Martedì'},
           {'date': '2026-02-24',
            'time_end': '17:00',
            'time_start': '9:30',
            'weekday': 'Martedì'},
           {'date': '2026-03-03',
            'time_end': '17:00',
            'time_start': '9:30',
            'weekday': 'Martedì'},
           {'date': '2026-03-10',
            'time_end': '17:00',
            'time_start': '9:30',
            'weekday': 'Martedì'},
           {'date': '2026-03-17',
            'time_end': '17:00',
            'time_start': '9:30',
            'weekday': 'Martedì'},
           {'date': '2026-03-24',
            'time_end': '17:00',
            'time_start': '9:30',
            'weekday': 'Martedì'},
           {'date': '2026-03-31',
            'time_end': '17:00',
            'time_start': '9:30',
            'weekday': 'Martedì'},
           {'date': '2026-04-07',
            'time_end': '17:00',
            'time_start': '9:30',
            'weekday': 'Martedì'},
           {'date': '2026-04-14',
            'time_end': '17:00',
            'time_start': '9:30',
            'weekday': 'Martedì'},
           {'date': '2026-04-21',
            'time_end': '17:00',
            'time_start': '9:30',
            'weekday': 'Martedì'},
           {'date': '2026-04-28',
            'time_end': '17:00',
            'time_start': '9:30',
            'weekday': 'Martedì'},
           {'date': '2026-05-05',
            'time_end': '17:00',
            'time_start': '9:30',
            'weekday': 'Martedì'},
           {'date': '2026-05-12',
            'time_end': '17:00',
            'time_start': '9:30',
            'weekday': 'Martedì'},
           {'date': '2026-05-19',
            'time_end': '17:00',
            'time_start': '9:30',
            'weekday': 'Martedì'},
           {'date': '2026-05-26',
            'time_end': '17:00',
            'time_start': '9:30',
            'weekday': 'Martedì'},
           {'date': '2026-06-02',
            'time_end': '17:00',
            'time_start': '9:30',
            'weekday': 'Martedì'}],
 'description': 'Andy Warhol, Banksy e il percorso innovativo e rivoluzionario '
                'di questi due grandi artisti che hanno cambiato il modo di '
                'vivere l’arte degli ultimi 50 anni, sono al centro della '
                'mostra Warhol Vs Bansky Passaggio a Napoli , curata da Sabina '
                'de Gregori e Giuseppe Stagnitta , a Villa Pignatelli di '
                'Napoli dal 22 gennaio al 2 giugno 2026. La mostra inaugurata '
                'oggi alla presenza del Direttore Generale Musei Massimo '
                'Osanna , della Direttrice delegata di Palazzo Reale, Tiziana '
                'D’Angelo , del Presidente di MetaMorfosi, Pietro Folena , dal '
                'Presidente dalla Commissione Cultura della Camera dei '
                'deputati on. Federico Mollicone e dai curatori della mostra '
                'Sabina de Gregori e Giuseppe Stagnitta . Patrocinata dal '
                'Ministero della Cultura e dal Comune di Napoli , prodotta e '
                'organizzata da Metamorfosi Eventi , catalogo Gangemi editore, '
                'con il sostegno di Enel e di Romeo Collection , la mostra '
                'propone un confronto stimolante tra due artisti e due '
                'personalità apparentemente distanti: il favoloso mondo di '
                'Andy Warhol, l’artista più fotografato al mondo, famoso e '
                'onnipresente, contro l’anonimo Banksy, che ha reso la sua '
                'arte un evento mediatico mondiale. Passaggio a Napoli vuole '
                'essere il racconto di come, a trent’anni di distanza, i due '
                'più noti artisti del pianeta – l’americano Andy Warhol, nato '
                'a Pittsburgh, e il britannico Banksy, originario di Bristol – '
                'hanno subìto il fascino irresistibile di Napoli, di '
                'Partenope, di Pompei, del Vesuvio, e della forza mediterranea '
                'e globale di questa grande capitale culturale. Oltre a '
                'mettere a confronto i due grandi artisti, infatti, la mostra '
                'offre una lettura del legame speciale che entrambi hanno '
                'avuto con Napoli, e alcuni elementi di approfondimento '
                'scientifico sulla cosiddetta Madonna con la pistola di Banksy '
                'a Piazza Gerolomini. Le opere esposte sono oltre 100, '
                'provenienti da famose collezioni private di tutto il mondo e '
                'da importanti gallerie d’arte. Dalla Marilyn Monroe '
                'realizzata da Warhol dopo la morte dell’attrice nel 1962 ai '
                'famosi ritratti di Mick Jagger , Keith Haring , Joseph Beuys '
                ', Liza Minelli , Mao , Lenin e Kennedy di Warhol e la Regina '
                'Vittoria di Banksy. « Con Warhol vs Banksy | Passaggio a '
                'Napoli, Villa Pignatelli conferma la propria apertura al '
                'dialogo con l’arte contemporanea - dichiara il Direttore '
                'generale Musei Massimo Osanna - inserendosi in una visione '
                'che vede i musei come luoghi capaci di accogliere linguaggi '
                'diversi e di parlare al presente. Il confronto tra Andy '
                'Warhol e Banksy mette in luce due modalità differenti, ma '
                'ugualmente incisive, di interpretare la città, l’immaginario '
                'collettivo e il rapporto tra arte e società. Napoli diventa '
                'così non semplice sfondo, ma parte attiva di questo dialogo, '
                'luogo di passaggi, stratificazioni e trasformazioni. È un '
                'progetto che rafforza l’idea di museo come spazio vivo, in '
                'cui il contemporaneo non è un’aggiunta, ma uno strumento per '
                'ampliare lo sguardo e coinvolgere pubblici diversi, a partire '
                'dalle nuove generazioni». Da una parte, dunque, Warhol e le '
                'sue opere diventate un prodotto di consumo e il suo nome un '
                'vero e proprio brand, e dall’altra Banksy grande esperto di '
                'comunicazione, che continua a far parlare di sé trasformando '
                'il vandalismo di strada in un evento internazionale da prima '
                'pagina, capace di raggiungere l’intero pianeta, usando il suo '
                'anonimato per diventare icona, e dunque brand, allo stesso '
                'modo di Warhol. Il focus della mostra è proprio questo: '
                'investigare in parallelo gli obiettivi e gli intenti dei due '
                'artisti che più hanno lavorato sulla propria immagine '
                'pubblica. Due artisti geniali, capaci di creare un cocktail '
                'potente di celebrità, satira e voyerismo e che hanno saputo '
                'trasformare la loro arte in un evento straordinario. Secondo '
                'il Presidente dalla Commissione Cultura della Camera dei '
                'deputati on. Federico Mollicone «Mettere in dialogo questi '
                'due artisti all’ombra del Vesuvio – anzi, all’ombra di '
                'Vesuvius, un’opera di Warhol fuori dal comune presente in '
                'mostra – significa riconoscere a Napoli la sua natura di '
                "capitale culturale europea, un luogo dove l'alto e il basso, "
                "il sacro e il profano, la cultura d'élite e la street art si "
                'fondono in un unicum irripetibile». Si affronteranno inoltre '
                'temi comuni a entrambi come la musica e che costituiranno un '
                'faccia a faccia unico. Dischi e manifesti iconici dei due '
                'artisti – tra tutti la famosa banana del 1967 della copertina '
                'di The Velvet Underground & Nico , simbolo di una generazione '
                'musicale che sarà in dialogo con l’opera di Banksy dal titolo '
                'Pulp Fiction , in cui John Travolta anziché la pistola ha in '
                'mano la banana iconica di Warhol e oltre 50, tra vinili di '
                'Warhol firmati e cd con le copertine realizzate da Banksy. '
                '«Su Warhol e Banksy, Napoli ha esercitato un fascino che '
                'richiama quello esercitato su tanti altri nel passato – '
                'commenta il Presidente di MetaMorfosi, Pietro Folena . - Da '
                'Caravaggio, fuggito da Roma, alla stagione del Grand Tour, '
                'pittori e artisti italiani ed europei hanno scelto Napoli, il '
                'Vesuvio, Pompei, Capri, le marine come scenari senza paragoni '
                'per la propria ispirazione». INFO: Orari: ore 9.30 - 17.00 '
                '(ultimo ingresso ore 16) - Tutti i giorni tranne il martedì '
                'Biglietti: Ciaotickets - biglietto intero 9 euro Info: tel. '
                '376.2969496 - www.warholbanksy.it (da cui è possibile '
                'acquistare i biglietti)',
 'image_url': '//citynews-napolitoday.stgy.ovh/~media/horizontal-mid/48956738550712/wvsb22-01.jpg',
 'location_address': 'Riviera di Chiaia, 200',
 'location_name': 'Villa Pignatelli',
 'price': '9 euro',
 'schedule': 'Ore 9.30 - 17.00 (ultimo ingresso ore 16) - Tutti i giorni '
             'tranne il martedì',
 'scraped_at': '2026-01-28T20:46:37.973827',
 'time_info': '9:30-17:00',
 'title': 'Warhol Vs Banksy Passaggio a Napoli: la mostra a Villa Pignatelli',
 'url': 'https://www.napolitoday.it/eventi/warhol-vs-banksy-mostra-villa-pignatelli.html',
 'uuid': '1d096b1105cbb853',
 'website': 'https://www.banksywarhol.it/napoli/',
 'weekdays': 'Martedì'}
[2026-01-28T20:46:57.596+0000] {docker.py:429} INFO - 2026-01-28 20:46:57 [scrapy.core.engine] DEBUG: Crawled (200) <GET https://www.napolitoday.it/eventi/the-space-cinema-napoli-nola-anteprime-mattutine-la-grazia-paolo-sorrentino.html> (referer: https://www.napolitoday.it/eventi/dal/2026-01-28/al/2026-02-01/)
[2026-01-28T20:46:57.706+0000] {docker.py:429} INFO - 2026-01-28 20:46:57 [scrapy.core.scraper] DEBUG: Scraped from <200 https://www.napolitoday.it/eventi/the-space-cinema-napoli-nola-anteprime-mattutine-la-grazia-paolo-sorrentino.html>
{'category': 'Cinema',
 'city': 'Napoli',
 'content_hash': '37fad1e8b708a9be',
 'date_end': '2026-01-31',
 'date_start': '2025-12-25',
 'dates': [{'date': '2025-12-25', 'weekday': 'Giovedì'},
           {'date': '2025-12-26', 'weekday': 'Venerdì'},
           {'date': '2025-12-27', 'weekday': 'Sabato'},
           {'date': '2025-12-28', 'weekday': 'Domenica'},
           {'date': '2025-12-29', 'weekday': 'Lunedì'},
           {'date': '2025-12-30', 'weekday': 'Martedì'},
           {'date': '2025-12-31', 'weekday': 'Mercoledì'},
           {'date': '2026-01-01', 'weekday': 'Giovedì'},
           {'date': '2026-01-02', 'weekday': 'Venerdì'},
           {'date': '2026-01-03', 'weekday': 'Sabato'},
           {'date': '2026-01-04', 'weekday': 'Domenica'},
           {'date': '2026-01-05', 'weekday': 'Lunedì'},
           {'date': '2026-01-06', 'weekday': 'Martedì'},
           {'date': '2026-01-07', 'weekday': 'Mercoledì'},
           {'date': '2026-01-08', 'weekday': 'Giovedì'},
           {'date': '2026-01-09', 'weekday': 'Venerdì'},
           {'date': '2026-01-10', 'weekday': 'Sabato'},
           {'date': '2026-01-11', 'weekday': 'Domenica'},
           {'date': '2026-01-12', 'weekday': 'Lunedì'},
           {'date': '2026-01-13', 'weekday': 'Martedì'},
           {'date': '2026-01-14', 'weekday': 'Mercoledì'},
           {'date': '2026-01-15', 'weekday': 'Giovedì'},
           {'date': '2026-01-16', 'weekday': 'Venerdì'},
           {'date': '2026-01-17', 'weekday': 'Sabato'},
           {'date': '2026-01-18', 'weekday': 'Domenica'},
           {'date': '2026-01-19', 'weekday': 'Lunedì'},
           {'date': '2026-01-20', 'weekday': 'Martedì'},
           {'date': '2026-01-21', 'weekday': 'Mercoledì'},
           {'date': '2026-01-22', 'weekday': 'Giovedì'},
           {'date': '2026-01-23', 'weekday': 'Venerdì'},
           {'date': '2026-01-24', 'weekday': 'Sabato'},
           {'date': '2026-01-25', 'weekday': 'Domenica'},
           {'date': '2026-01-26', 'weekday': 'Lunedì'},
           {'date': '2026-01-27', 'weekday': 'Martedì'},
           {'date': '2026-01-28', 'weekday': 'Mercoledì'},
           {'date': '2026-01-29', 'weekday': 'Giovedì'},
           {'date': '2026-01-30', 'weekday': 'Venerdì'},
           {'date': '2026-01-31', 'weekday': 'Sabato'}],
 'description': 'Dal 25 dicembre al 31 gennaio , al The Space Cinema Napoli e '
                'al The Space Cinema Nola sarà possibile vedere in anteprima “ '
                'La Grazia ”, il nuovo film del regista Premio Oscar Paolo '
                'Sorrentino. Le anteprime del film, tra le più attese della '
                'stagione, si terranno ogni giorno con un appuntamento fisso '
                'alle ore 11:00 . A queste proiezioni si aggiunge anche un '
                'appuntamento speciale per celebrare il nuovo anno: il film '
                'sarà proiettato anche nella notte tra il 31 dicembre 2025 e '
                'il 1° gennaio 2026, alle ore 23:35 . Mariano De Santis è il '
                'Presidente della Repubblica. Nessun riferimento a presidenti '
                'esistenti, frutto completamente della fantasia dell’autore. '
                'Vedovo, cattolico, ha una figlia, Dorotea, giurista come lui. '
                'Alla fine del suo mandato, tra giornate noiose, spuntano gli '
                'ultimi compiti: decidere su due delicate richieste di grazia. '
                'Veri e propri dilemmi morali. Che si intersecano, in maniera '
                'apparentemente inestricabile, con la sua vita privata. Mosso '
                'dal dubbio, dovrà decidere. E, con grande senso di '
                'responsabilità, è quel che farà questo grande Presidente '
                'della Repubblica Italiana. È possibile acquistare i posti in '
                'sala sul sito ufficiale di The Space Cinema ai seguenti link '
                'dedicati: Napoli - https://www.thespacecinema.it/ '
                'cinema/napoli/film/la-grazia Nola - '
                'https://www.thespacecinema.it/ cinema/nola/film/la-grazia '
                'Oppure utilizzando l’ App ufficiale The Space Cinema .',
 'image_url': '//citynews-napolitoday.stgy.ovh/~media/horizontal-mid/36343815657832/la-grazia-2.jpeg',
 'location_address': None,
 'location_name': 'The Space Cinema Napoli e The Space Cinema Nola',
 'price': 'Prezzo non disponibile',
 'scraped_at': '2026-01-28T20:46:37.973390',
 'time_info': 'Orario non disponibile',
 'title': 'The Space Cinema Napoli e Nola: anteprime mattutine de “La Grazia” '
          'di Paolo Sorrentino',
 'url': 'https://www.napolitoday.it/eventi/the-space-cinema-napoli-nola-anteprime-mattutine-la-grazia-paolo-sorrentino.html',
 'uuid': '0df6fef77a300c36'}
[2026-01-28T20:46:58.708+0000] {docker.py:429} INFO - 2026-01-28 20:46:58 [scrapy.core.engine] DEBUG: Crawled (200) <GET https://www.napolitoday.it/eventi/teatro-san-carlo-programma-stagione-2025-2026.html> (referer: https://www.napolitoday.it/eventi/dal/2026-01-28/al/2026-02-01/)
[2026-01-28T20:46:58.832+0000] {docker.py:429} INFO - 2026-01-28 20:46:58 [scrapy.core.scraper] DEBUG: Scraped from <200 https://www.napolitoday.it/eventi/teatro-san-carlo-programma-stagione-2025-2026.html>
{'category': 'Teatri',
 'city': 'Napoli',
 'content_hash': 'df8e9c72506a0fa5',
 'date_end': '2026-11-10',
 'date_start': '2025-11-18',
 'dates': [{'date': '2025-11-18', 'weekday': 'Martedì'},
           {'date': '2025-11-19', 'weekday': 'Mercoledì'},
           {'date': '2025-11-20', 'weekday': 'Giovedì'},
           {'date': '2025-11-21', 'weekday': 'Venerdì'},
           {'date': '2025-11-22', 'weekday': 'Sabato'},
           {'date': '2025-11-23', 'weekday': 'Domenica'},
           {'date': '2025-11-24', 'weekday': 'Lunedì'},
           {'date': '2025-11-25', 'weekday': 'Martedì'},
           {'date': '2025-11-26', 'weekday': 'Mercoledì'},
           {'date': '2025-11-27', 'weekday': 'Giovedì'},
           {'date': '2025-11-28', 'weekday': 'Venerdì'},
           {'date': '2025-11-29', 'weekday': 'Sabato'},
           {'date': '2025-11-30', 'weekday': 'Domenica'},
           {'date': '2025-12-01', 'weekday': 'Lunedì'},
           {'date': '2025-12-02', 'weekday': 'Martedì'},
           {'date': '2025-12-03', 'weekday': 'Mercoledì'},
           {'date': '2025-12-04', 'weekday': 'Giovedì'},
           {'date': '2025-12-05', 'weekday': 'Venerdì'},
           {'date': '2025-12-06', 'weekday': 'Sabato'},
           {'date': '2025-12-07', 'weekday': 'Domenica'},
           {'date': '2025-12-08', 'weekday': 'Lunedì'},
           {'date': '2025-12-09', 'weekday': 'Martedì'},
           {'date': '2025-12-10', 'weekday': 'Mercoledì'},
           {'date': '2025-12-11', 'weekday': 'Giovedì'},
           {'date': '2025-12-12', 'weekday': 'Venerdì'},
           {'date': '2025-12-13', 'weekday': 'Sabato'},
           {'date': '2025-12-14', 'weekday': 'Domenica'},
           {'date': '2025-12-15', 'weekday': 'Lunedì'},
           {'date': '2025-12-16', 'weekday': 'Martedì'},
           {'date': '2025-12-17', 'weekday': 'Mercoledì'},
           {'date': '2025-12-18', 'weekday': 'Giovedì'},
           {'date': '2025-12-19', 'weekday': 'Venerdì'},
           {'date': '2025-12-20', 'weekday': 'Sabato'},
           {'date': '2025-12-21', 'weekday': 'Domenica'},
           {'date': '2025-12-22', 'weekday': 'Lunedì'},
           {'date': '2025-12-23', 'weekday': 'Martedì'},
           {'date': '2025-12-24', 'weekday': 'Mercoledì'},
           {'date': '2025-12-25', 'weekday': 'Giovedì'},
           {'date': '2025-12-26', 'weekday': 'Venerdì'},
           {'date': '2025-12-27', 'weekday': 'Sabato'},
           {'date': '2025-12-28', 'weekday': 'Domenica'},
           {'date': '2025-12-29', 'weekday': 'Lunedì'},
           {'date': '2025-12-30', 'weekday': 'Martedì'},
           {'date': '2025-12-31', 'weekday': 'Mercoledì'},
           {'date': '2026-01-01', 'weekday': 'Giovedì'},
           {'date': '2026-01-02', 'weekday': 'Venerdì'},
           {'date': '2026-01-03', 'weekday': 'Sabato'},
           {'date': '2026-01-04', 'weekday': 'Domenica'},
           {'date': '2026-01-05', 'weekday': 'Lunedì'},
           {'date': '2026-01-06', 'weekday': 'Martedì'},
           {'date': '2026-01-07', 'weekday': 'Mercoledì'},
           {'date': '2026-01-08', 'weekday': 'Giovedì'},
           {'date': '2026-01-09', 'weekday': 'Venerdì'},
           {'date': '2026-01-10', 'weekday': 'Sabato'},
           {'date': '2026-01-11', 'weekday': 'Domenica'},
           {'date': '2026-01-12', 'weekday': 'Lunedì'},
           {'date': '2026-01-13', 'weekday': 'Martedì'},
           {'date': '2026-01-14', 'weekday': 'Mercoledì'},
           {'date': '2026-01-15', 'weekday': 'Giovedì'},
           {'date': '2026-01-16', 'weekday': 'Venerdì'},
           {'date': '2026-01-17', 'weekday': 'Sabato'},
           {'date': '2026-01-18', 'weekday': 'Domenica'},
           {'date': '2026-01-19', 'weekday': 'Lunedì'},
           {'date': '2026-01-20', 'weekday': 'Martedì'},
           {'date': '2026-01-21', 'weekday': 'Mercoledì'},
           {'date': '2026-01-22', 'weekday': 'Giovedì'},
           {'date': '2026-01-23', 'weekday': 'Venerdì'},
           {'date': '2026-01-24', 'weekday': 'Sabato'},
           {'date': '2026-01-25', 'weekday': 'Domenica'},
           {'date': '2026-01-26', 'weekday': 'Lunedì'},
           {'date': '2026-01-27', 'weekday': 'Martedì'},
           {'date': '2026-01-28', 'weekday': 'Mercoledì'},
           {'date': '2026-01-29', 'weekday': 'Giovedì'},
           {'date': '2026-01-30', 'weekday': 'Venerdì'},
           {'date': '2026-01-31', 'weekday': 'Sabato'},
           {'date': '2026-02-01', 'weekday': 'Domenica'},
           {'date': '2026-02-02', 'weekday': 'Lunedì'},
           {'date': '2026-02-03', 'weekday': 'Martedì'},
           {'date': '2026-02-04', 'weekday': 'Mercoledì'},
           {'date': '2026-02-05', 'weekday': 'Giovedì'},
           {'date': '2026-02-06', 'weekday': 'Venerdì'},
           {'date': '2026-02-07', 'weekday': 'Sabato'},
           {'date': '2026-02-08', 'weekday': 'Domenica'},
           {'date': '2026-02-09', 'weekday': 'Lunedì'},
           {'date': '2026-02-10', 'weekday': 'Martedì'},
           {'date': '2026-02-11', 'weekday': 'Mercoledì'},
           {'date': '2026-02-12', 'weekday': 'Giovedì'},
           {'date': '2026-02-13', 'weekday': 'Venerdì'},
           {'date': '2026-02-14', 'weekday': 'Sabato'},
           {'date': '2026-02-15', 'weekday': 'Domenica'},
           {'date': '2026-02-16', 'weekday': 'Lunedì'},
           {'date': '2026-02-17', 'weekday': 'Martedì'},
           {'date': '2026-02-18', 'weekday': 'Mercoledì'},
           {'date': '2026-02-19', 'weekday': 'Giovedì'},
           {'date': '2026-02-20', 'weekday': 'Venerdì'},
           {'date': '2026-02-21', 'weekday': 'Sabato'},
           {'date': '2026-02-22', 'weekday': 'Domenica'},
           {'date': '2026-02-23', 'weekday': 'Lunedì'},
           {'date': '2026-02-24', 'weekday': 'Martedì'},
           {'date': '2026-02-25', 'weekday': 'Mercoledì'},
           {'date': '2026-02-26', 'weekday': 'Giovedì'},
           {'date': '2026-02-27', 'weekday': 'Venerdì'},
           {'date': '2026-02-28', 'weekday': 'Sabato'},
           {'date': '2026-03-01', 'weekday': 'Domenica'},
           {'date': '2026-03-02', 'weekday': 'Lunedì'},
           {'date': '2026-03-03', 'weekday': 'Martedì'},
           {'date': '2026-03-04', 'weekday': 'Mercoledì'},
           {'date': '2026-03-05', 'weekday': 'Giovedì'},
           {'date': '2026-03-06', 'weekday': 'Venerdì'},
           {'date': '2026-03-07', 'weekday': 'Sabato'},
           {'date': '2026-03-08', 'weekday': 'Domenica'},
           {'date': '2026-03-09', 'weekday': 'Lunedì'},
           {'date': '2026-03-10', 'weekday': 'Martedì'},
           {'date': '2026-03-11', 'weekday': 'Mercoledì'},
           {'date': '2026-03-12', 'weekday': 'Giovedì'},
           {'date': '2026-03-13', 'weekday': 'Venerdì'},
           {'date': '2026-03-14', 'weekday': 'Sabato'},
           {'date': '2026-03-15', 'weekday': 'Domenica'},
           {'date': '2026-03-16', 'weekday': 'Lunedì'},
           {'date': '2026-03-17', 'weekday': 'Martedì'},
           {'date': '2026-03-18', 'weekday': 'Mercoledì'},
           {'date': '2026-03-19', 'weekday': 'Giovedì'},
           {'date': '2026-03-20', 'weekday': 'Venerdì'},
           {'date': '2026-03-21', 'weekday': 'Sabato'},
           {'date': '2026-03-22', 'weekday': 'Domenica'},
           {'date': '2026-03-23', 'weekday': 'Lunedì'},
           {'date': '2026-03-24', 'weekday': 'Martedì'},
           {'date': '2026-03-25', 'weekday': 'Mercoledì'},
           {'date': '2026-03-26', 'weekday': 'Giovedì'},
           {'date': '2026-03-27', 'weekday': 'Venerdì'},
           {'date': '2026-03-28', 'weekday': 'Sabato'},
           {'date': '2026-03-29', 'weekday': 'Domenica'},
           {'date': '2026-03-30', 'weekday': 'Lunedì'},
           {'date': '2026-03-31', 'weekday': 'Martedì'},
           {'date': '2026-04-01', 'weekday': 'Mercoledì'},
           {'date': '2026-04-02', 'weekday': 'Giovedì'},
           {'date': '2026-04-03', 'weekday': 'Venerdì'},
           {'date': '2026-04-04', 'weekday': 'Sabato'},
           {'date': '2026-04-05', 'weekday': 'Domenica'},
           {'date': '2026-04-06', 'weekday': 'Lunedì'},
           {'date': '2026-04-07', 'weekday': 'Martedì'},
           {'date': '2026-04-08', 'weekday': 'Mercoledì'},
           {'date': '2026-04-09', 'weekday': 'Giovedì'},
           {'date': '2026-04-10', 'weekday': 'Venerdì'},
           {'date': '2026-04-11', 'weekday': 'Sabato'},
           {'date': '2026-04-12', 'weekday': 'Domenica'},
           {'date': '2026-04-13', 'weekday': 'Lunedì'},
           {'date': '2026-04-14', 'weekday': 'Martedì'},
           {'date': '2026-04-15', 'weekday': 'Mercoledì'},
           {'date': '2026-04-16', 'weekday': 'Giovedì'},
           {'date': '2026-04-17', 'weekday': 'Venerdì'},
           {'date': '2026-04-18', 'weekday': 'Sabato'},
           {'date': '2026-04-19', 'weekday': 'Domenica'},
           {'date': '2026-04-20', 'weekday': 'Lunedì'},
           {'date': '2026-04-21', 'weekday': 'Martedì'},
           {'date': '2026-04-22', 'weekday': 'Mercoledì'},
           {'date': '2026-04-23', 'weekday': 'Giovedì'},
           {'date': '2026-04-24', 'weekday': 'Venerdì'},
           {'date': '2026-04-25', 'weekday': 'Sabato'},
           {'date': '2026-04-26', 'weekday': 'Domenica'},
           {'date': '2026-04-27', 'weekday': 'Lunedì'},
           {'date': '2026-04-28', 'weekday': 'Martedì'},
           {'date': '2026-04-29', 'weekday': 'Mercoledì'},
           {'date': '2026-04-30', 'weekday': 'Giovedì'},
           {'date': '2026-05-01', 'weekday': 'Venerdì'},
           {'date': '2026-05-02', 'weekday': 'Sabato'},
           {'date': '2026-05-03', 'weekday': 'Domenica'},
           {'date': '2026-05-04', 'weekday': 'Lunedì'},
           {'date': '2026-05-05', 'weekday': 'Martedì'},
           {'date': '2026-05-06', 'weekday': 'Mercoledì'},
           {'date': '2026-05-07', 'weekday': 'Giovedì'},
           {'date': '2026-05-08', 'weekday': 'Venerdì'},
           {'date': '2026-05-09', 'weekday': 'Sabato'},
           {'date': '2026-05-10', 'weekday': 'Domenica'},
           {'date': '2026-05-11', 'weekday': 'Lunedì'},
           {'date': '2026-05-12', 'weekday': 'Martedì'},
           {'date': '2026-05-13', 'weekday': 'Mercoledì'},
           {'date': '2026-05-14', 'weekday': 'Giovedì'},
           {'date': '2026-05-15', 'weekday': 'Venerdì'},
           {'date': '2026-05-16', 'weekday': 'Sabato'},
           {'date': '2026-05-17', 'weekday': 'Domenica'},
           {'date': '2026-05-18', 'weekday': 'Lunedì'},
           {'date': '2026-05-19', 'weekday': 'Martedì'},
           {'date': '2026-05-20', 'weekday': 'Mercoledì'},
           {'date': '2026-05-21', 'weekday': 'Giovedì'},
           {'date': '2026-05-22', 'weekday': 'Venerdì'},
           {'date': '2026-05-23', 'weekday': 'Sabato'},
           {'date': '2026-05-24', 'weekday': 'Domenica'},
           {'date': '2026-05-25', 'weekday': 'Lunedì'},
           {'date': '2026-05-26', 'weekday': 'Martedì'},
           {'date': '2026-05-27', 'weekday': 'Mercoledì'},
           {'date': '2026-05-28', 'weekday': 'Giovedì'},
           {'date': '2026-05-29', 'weekday': 'Venerdì'},
           {'date': '2026-05-30', 'weekday': 'Sabato'},
           {'date': '2026-05-31', 'weekday': 'Domenica'},
           {'date': '2026-06-01', 'weekday': 'Lunedì'},
           {'date': '2026-06-02', 'weekday': 'Martedì'},
           {'date': '2026-06-03', 'weekday': 'Mercoledì'},
           {'date': '2026-06-04', 'weekday': 'Giovedì'},
           {'date': '2026-06-05', 'weekday': 'Venerdì'},
           {'date': '2026-06-06', 'weekday': 'Sabato'},
           {'date': '2026-06-07', 'weekday': 'Domenica'},
           {'date': '2026-06-08', 'weekday': 'Lunedì'},
           {'date': '2026-06-09', 'weekday': 'Martedì'},
           {'date': '2026-06-10', 'weekday': 'Mercoledì'},
           {'date': '2026-06-11', 'weekday': 'Giovedì'},
           {'date': '2026-06-12', 'weekday': 'Venerdì'},
           {'date': '2026-06-13', 'weekday': 'Sabato'},
           {'date': '2026-06-14', 'weekday': 'Domenica'},
           {'date': '2026-06-15', 'weekday': 'Lunedì'},
           {'date': '2026-06-16', 'weekday': 'Martedì'},
           {'date': '2026-06-17', 'weekday': 'Mercoledì'},
           {'date': '2026-06-18', 'weekday': 'Giovedì'},
           {'date': '2026-06-19', 'weekday': 'Venerdì'},
           {'date': '2026-06-20', 'weekday': 'Sabato'},
           {'date': '2026-06-21', 'weekday': 'Domenica'},
           {'date': '2026-06-22', 'weekday': 'Lunedì'},
           {'date': '2026-06-23', 'weekday': 'Martedì'},
           {'date': '2026-06-24', 'weekday': 'Mercoledì'},
           {'date': '2026-06-25', 'weekday': 'Giovedì'},
           {'date': '2026-06-26', 'weekday': 'Venerdì'},
           {'date': '2026-06-27', 'weekday': 'Sabato'},
           {'date': '2026-06-28', 'weekday': 'Domenica'},
           {'date': '2026-06-29', 'weekday': 'Lunedì'},
           {'date': '2026-06-30', 'weekday': 'Martedì'},
           {'date': '2026-07-01', 'weekday': 'Mercoledì'},
           {'date': '2026-07-02', 'weekday': 'Giovedì'},
           {'date': '2026-07-03', 'weekday': 'Venerdì'},
           {'date': '2026-07-04', 'weekday': 'Sabato'},
           {'date': '2026-07-05', 'weekday': 'Domenica'},
           {'date': '2026-07-06', 'weekday': 'Lunedì'},
           {'date': '2026-07-07', 'weekday': 'Martedì'},
           {'date': '2026-07-08', 'weekday': 'Mercoledì'},
           {'date': '2026-07-09', 'weekday': 'Giovedì'},
           {'date': '2026-07-10', 'weekday': 'Venerdì'},
           {'date': '2026-07-11', 'weekday': 'Sabato'},
           {'date': '2026-07-12', 'weekday': 'Domenica'},
           {'date': '2026-07-13', 'weekday': 'Lunedì'},
           {'date': '2026-07-14', 'weekday': 'Martedì'},
           {'date': '2026-07-15', 'weekday': 'Mercoledì'},
           {'date': '2026-07-16', 'weekday': 'Giovedì'},
           {'date': '2026-07-17', 'weekday': 'Venerdì'},
           {'date': '2026-07-18', 'weekday': 'Sabato'},
           {'date': '2026-07-19', 'weekday': 'Domenica'},
           {'date': '2026-07-20', 'weekday': 'Lunedì'},
[2026-01-28T20:46:58.833+0000] {docker.py:429} INFO - {'date': '2026-07-21', 'weekday': 'Martedì'},
           {'date': '2026-07-22', 'weekday': 'Mercoledì'},
           {'date': '2026-07-23', 'weekday': 'Giovedì'},
           {'date': '2026-07-24', 'weekday': 'Venerdì'},
           {'date': '2026-07-25', 'weekday': 'Sabato'},
           {'date': '2026-07-26', 'weekday': 'Domenica'},
           {'date': '2026-07-27', 'weekday': 'Lunedì'},
           {'date': '2026-07-28', 'weekday': 'Martedì'},
           {'date': '2026-07-29', 'weekday': 'Mercoledì'},
           {'date': '2026-07-30', 'weekday': 'Giovedì'},
           {'date': '2026-07-31', 'weekday': 'Venerdì'},
           {'date': '2026-08-01', 'weekday': 'Sabato'},
           {'date': '2026-08-02', 'weekday': 'Domenica'},
           {'date': '2026-08-03', 'weekday': 'Lunedì'},
           {'date': '2026-08-04', 'weekday': 'Martedì'},
           {'date': '2026-08-05', 'weekday': 'Mercoledì'},
           {'date': '2026-08-06', 'weekday': 'Giovedì'},
           {'date': '2026-08-07', 'weekday': 'Venerdì'},
           {'date': '2026-08-08', 'weekday': 'Sabato'},
           {'date': '2026-08-09', 'weekday': 'Domenica'},
           {'date': '2026-08-10', 'weekday': 'Lunedì'},
           {'date': '2026-08-11', 'weekday': 'Martedì'},
           {'date': '2026-08-12', 'weekday': 'Mercoledì'},
           {'date': '2026-08-13', 'weekday': 'Giovedì'},
           {'date': '2026-08-14', 'weekday': 'Venerdì'},
           {'date': '2026-08-15', 'weekday': 'Sabato'},
           {'date': '2026-08-16', 'weekday': 'Domenica'},
           {'date': '2026-08-17', 'weekday': 'Lunedì'},
           {'date': '2026-08-18', 'weekday': 'Martedì'},
           {'date': '2026-08-19', 'weekday': 'Mercoledì'},
           {'date': '2026-08-20', 'weekday': 'Giovedì'},
           {'date': '2026-08-21', 'weekday': 'Venerdì'},
           {'date': '2026-08-22', 'weekday': 'Sabato'},
           {'date': '2026-08-23', 'weekday': 'Domenica'},
           {'date': '2026-08-24', 'weekday': 'Lunedì'},
           {'date': '2026-08-25', 'weekday': 'Martedì'},
           {'date': '2026-08-26', 'weekday': 'Mercoledì'},
           {'date': '2026-08-27', 'weekday': 'Giovedì'},
           {'date': '2026-08-28', 'weekday': 'Venerdì'},
           {'date': '2026-08-29', 'weekday': 'Sabato'},
           {'date': '2026-08-30', 'weekday': 'Domenica'},
           {'date': '2026-08-31', 'weekday': 'Lunedì'},
           {'date': '2026-09-01', 'weekday': 'Martedì'},
           {'date': '2026-09-02', 'weekday': 'Mercoledì'},
           {'date': '2026-09-03', 'weekday': 'Giovedì'},
           {'date': '2026-09-04', 'weekday': 'Venerdì'},
           {'date': '2026-09-05', 'weekday': 'Sabato'},
           {'date': '2026-09-06', 'weekday': 'Domenica'},
           {'date': '2026-09-07', 'weekday': 'Lunedì'},
           {'date': '2026-09-08', 'weekday': 'Martedì'},
           {'date': '2026-09-09', 'weekday': 'Mercoledì'},
           {'date': '2026-09-10', 'weekday': 'Giovedì'},
           {'date': '2026-09-11', 'weekday': 'Venerdì'},
           {'date': '2026-09-12', 'weekday': 'Sabato'},
           {'date': '2026-09-13', 'weekday': 'Domenica'},
           {'date': '2026-09-14', 'weekday': 'Lunedì'},
           {'date': '2026-09-15', 'weekday': 'Martedì'},
           {'date': '2026-09-16', 'weekday': 'Mercoledì'},
           {'date': '2026-09-17', 'weekday': 'Giovedì'},
           {'date': '2026-09-18', 'weekday': 'Venerdì'},
           {'date': '2026-09-19', 'weekday': 'Sabato'},
           {'date': '2026-09-20', 'weekday': 'Domenica'},
           {'date': '2026-09-21', 'weekday': 'Lunedì'},
           {'date': '2026-09-22', 'weekday': 'Martedì'},
           {'date': '2026-09-23', 'weekday': 'Mercoledì'},
           {'date': '2026-09-24', 'weekday': 'Giovedì'},
           {'date': '2026-09-25', 'weekday': 'Venerdì'},
           {'date': '2026-09-26', 'weekday': 'Sabato'},
           {'date': '2026-09-27', 'weekday': 'Domenica'},
           {'date': '2026-09-28', 'weekday': 'Lunedì'},
           {'date': '2026-09-29', 'weekday': 'Martedì'},
           {'date': '2026-09-30', 'weekday': 'Mercoledì'},
           {'date': '2026-10-01', 'weekday': 'Giovedì'},
           {'date': '2026-10-02', 'weekday': 'Venerdì'},
           {'date': '2026-10-03', 'weekday': 'Sabato'},
           {'date': '2026-10-04', 'weekday': 'Domenica'},
           {'date': '2026-10-05', 'weekday': 'Lunedì'},
           {'date': '2026-10-06', 'weekday': 'Martedì'},
           {'date': '2026-10-07', 'weekday': 'Mercoledì'},
           {'date': '2026-10-08', 'weekday': 'Giovedì'},
           {'date': '2026-10-09', 'weekday': 'Venerdì'},
           {'date': '2026-10-10', 'weekday': 'Sabato'},
           {'date': '2026-10-11', 'weekday': 'Domenica'},
           {'date': '2026-10-12', 'weekday': 'Lunedì'},
           {'date': '2026-10-13', 'weekday': 'Martedì'},
           {'date': '2026-10-14', 'weekday': 'Mercoledì'},
           {'date': '2026-10-15', 'weekday': 'Giovedì'},
           {'date': '2026-10-16', 'weekday': 'Venerdì'},
           {'date': '2026-10-17', 'weekday': 'Sabato'},
           {'date': '2026-10-18', 'weekday': 'Domenica'},
           {'date': '2026-10-19', 'weekday': 'Lunedì'},
           {'date': '2026-10-20', 'weekday': 'Martedì'},
           {'date': '2026-10-21', 'weekday': 'Mercoledì'},
           {'date': '2026-10-22', 'weekday': 'Giovedì'},
           {'date': '2026-10-23', 'weekday': 'Venerdì'},
           {'date': '2026-10-24', 'weekday': 'Sabato'},
           {'date': '2026-10-25', 'weekday': 'Domenica'},
           {'date': '2026-10-26', 'weekday': 'Lunedì'},
           {'date': '2026-10-27', 'weekday': 'Martedì'},
           {'date': '2026-10-28', 'weekday': 'Mercoledì'},
           {'date': '2026-10-29', 'weekday': 'Giovedì'},
           {'date': '2026-10-30', 'weekday': 'Venerdì'},
           {'date': '2026-10-31', 'weekday': 'Sabato'},
           {'date': '2026-11-01', 'weekday': 'Domenica'},
           {'date': '2026-11-02', 'weekday': 'Lunedì'},
           {'date': '2026-11-03', 'weekday': 'Martedì'},
           {'date': '2026-11-04', 'weekday': 'Mercoledì'},
           {'date': '2026-11-05', 'weekday': 'Giovedì'},
           {'date': '2026-11-06', 'weekday': 'Venerdì'},
           {'date': '2026-11-07', 'weekday': 'Sabato'},
           {'date': '2026-11-08', 'weekday': 'Domenica'},
           {'date': '2026-11-09', 'weekday': 'Lunedì'},
           {'date': '2026-11-10', 'weekday': 'Martedì'}],
 'description': 'Tredici titoli operistici, quattro balletti, diciotto '
                'concerti, quattro recital del Festival pianistico e undici '
                'appuntamenti della rassegna di Musica da Camera per 120 '
                'alzate di sipario: la Stagione 2025-2026 del Teatro di San '
                'Carlo si presenta sotto il segno di “ Be Luminous”. '
                'L’Inaugurazione, sabato 6 dicembre 2025, scrive una nuova '
                'pagina di storia: prima rappresentazione al Lirico di Napoli '
                'per Medea di Luigi Cherubini con Sondra Radvanovsky nel ruolo '
                'del titolo. Firma la regia Mario Martone, sul podio Riccardo '
                'Frizza. “Be Luminous” è un invito a vivere la luce del teatro '
                'e della musica, a rifletterla, a nutrirla con prospettive '
                'diverse. La tradizione si apre a nuove traiettorie, con '
                'titoli mai rappresentati al Teatro di San Carlo: non solo '
                'Medea , ma anche due opere per riscoprire due estremi '
                'cronologici del Settecento, Alcina di Händel e Mitridate, re '
                'di Ponto di Mozart. Titoli meno frequentati si accostano a '
                'capolavori del repertorio: la Stagione attraversa il Belcanto '
                'di Rossini con La Cenerentola e di Donizetti con Lucia di '
                'Lammermoor , ripercorre le stagioni di Verdi con Nabucco, '
                'Aida e Falstaff. L’opera francese è rappresentata da Massenet '
                'con Werther, il verismo italiano da Cilea con Adriana '
                'Lecouvreur fino a Puccini con La bohème e Turandot. Accanto '
                'al grande melodramma, l’apertura al contemporaneo nel segno '
                'dell’innovazione: Partenope , unica opera lirica scritta da '
                'Ennio Morricone, debutta in prima esecuzione assoluta, con la '
                'regia di Vanessa Beecroft, tra le voci più autorevoli della '
                'performance art della scena mondiale. Collaborazioni che '
                'ridefiniscono i confini di genere e aprono la musica a nuovi '
                'linguaggi visivi, performativi, concettuali. È in questa '
                'prospettiva che, per la Stagione di Concerti, Marina '
                'Abramović porta una concezione artistica inedita creata '
                'appositamente per il Teatro di San Carlo. Per la regia, '
                'accanto ai debutti di Laurent Pelly, Andreas Homoki e Bárbara '
                'Lluch, tornano a Napoli Claus Guth, Willy Decker, Gianni '
                'Amelio, Damiano Michieletto, Davide Livermore, Vasily '
                'Barkhatov. Nella stagione d’opera si avvicenderanno sul podio '
                'Marco Armiliato, Dan Ettinger, Riccardo Frizza, Francesco '
                'Lanzillotta, Iván López-Reynoso, Vincenzo Milletarì, Lorenzo '
                'Passerini, Pinchas Steinberg, Speranza Scappucci. Le grandi '
                'voci del panorama lirico internazionale saranno ancora una '
                'volta protagoniste con una proposta vocale di assoluto '
                'rilievo: per citarne solo alcune, Anna Netrebko, Jonas '
                'Kaufmann, Ludovic Tézier, Elīna Garanča, Lisette Oropesa, '
                'Sondra Radvanovsky, Pretty Yende, Luca Salsi, Anita '
                'Rachvelishvili, Jessica Pratt, Franco Fagioli, Marina Rebeka, '
                'Rosa Feola, Anna Pirozzi, Maria Agresta, Aleksandra Kurzak, '
                'Francesco Meli, Brian Jagde, Michele Pertusi, Aigul '
                'Akhmetshina, Andrzej Filończyk, Mattia Olivieri, Piero '
                'Pretti, Elsa Dreisig, Varduhi Abrahamyan, Francesco Demuro, '
                'Artur Ruciński, Mariangela Sicilia, Marina Monzó, Kang Wang, '
                'Giovanni Sala, Giorgi Manoshvili. Particolare risalto anche '
                'ai già Allievi dell’Accademia del Teatro di San Carlo, '
                'ampiamente coinvolti nel corso della Stagione anche in ruoli '
                'di primo piano. Inaugurazione della Stagione di Concerti '
                'martedì 18 novembre con Asmik Grigorian sotto la direzione di '
                'Dan Ettinger. Direttori di forte identità ed esperienza '
                'internazionale guideranno l’Orchestra del Teatro di San '
                'Carlo: Gustavo Dudamel, Fabio Luisi, Michele Mariotti, Nicola '
                'Luisotti, Ingo Metzmacher, Riccardo Frizza, Giacomo '
                'Sagripanti, Jochen Rieder, Karel Mark Chichon. Uno speciale '
                'Requiem di Giuseppe Verdi in memoria di Roberto De Simone, '
                'riunirà in palcoscenico Pretty Yende, Elīna Garanča, Pene '
                'Pati e John Relyea, per una edizione del capolavoro verdiano '
                'con il Coro del Teatro di San Carlo, preparato da Fabrizio '
                'Cassi, che sarà a sua volta protagonista di altri due '
                'appuntamenti. Tra i solisti che si esibiranno con l’Orchestra '
                'del Lirico vi sono Leonidas Kavakos, Rudolf Buchbinder, '
                'Alessandro Taverna, Anna Tifu e Federico Colli. Particolare '
                'attenzione dedicata ancora alle grandi voci: Sondra '
                'Radvanovsky condividerà il palcoscenico con Freddie De '
                'Tommaso, Jonas Kaufmann con Ludovic Tézier. Tra i solisti, '
                'anche Matthias Goerne e Marina Monzò. Due recital completano '
                'l’offerta artistica della Stagione di Concerti: Aigul '
                'Akhmetshina e Anita Rachvelishvili. Quattro gli appuntamenti '
                'del Festival Pianistico, che si estenderanno per l’intera '
                'Stagione da gennaio a ottobre: apre Beatrice Rana, seguita da '
                'Seong-Jin Cho, Hélene Grimaud e Yunchan Lim. La Danza apre '
                'con Lo Schiaccianoc i nella coreografia di Simone Valastro, '
                'una rilettura capace di coniugare rigore accademico e '
                'sensibilità contemporanea. Le scelte artistiche puntano su '
                'una soirée dedicata a George Balanchine e Coppélia di Léo '
                'Delibes, per arrivare a Boléro, l’appuntamento conclusivo che '
                'sarà arricchito da una nuova creazione firmata da Garrett '
                'Smith. Sabato 6 dicembre 2025 si alza il sipario sulla '
                'Stagione 2025/2026 con Medea , opera di Luigi Cherubini su '
                'libretto di François-Benoît Hoffmann e proposta nella '
                'versione italiana di Carlo Zangarini: una nuova produzione '
                'del Teatro di San Carlo per la regia di Mario Martone. Sarà '
                'Riccardo Frizza a dirigere l’Orchestra e il Coro del Teatro '
                'di San Carlo, quest’ultimo preparato da Fabrizio Cassi. Firma '
                'le scene Carmine Guarino. Le luci sono di Pasquale Mari. '
                'Sondra Radvanovsky, già acclamata alla Metropolitan Opera per '
                'la sua straordinaria interpretazione, darà voce e volto per '
                'la prima volta in Italia alla terribile maga assetata di '
                'vendetta. La affiancano Francesco Meli nel ruolo di Giasone, '
                'il marito argonauta, e Anita Rachvelishvili in quello di '
                'Neris, sua confidente. Creonte, padre di Medea, sarà Giorgi '
                'Manoshvili. Tre ex-Allieve dell’Accademia del Teatro di San '
                'Carlo completano il cast vocale: Désirée Giove sarà Glauce, '
                'sua rivale in amore, affiancata dalle ancelle Maria '
                'Knihnytska e Anastasia Sagaidak. Mercoledì 3 dicembre precede '
                'l’Inaugurazione un’anteprima riservata al pubblico Under 30, '
                'che conferma l’impegno del Teatro nel dialogo con le nuove '
                'generazioni. Quattro il totale delle repliche, fino a martedì '
                '16 dicembre. Prima esecuzione assoluta per l’unica opera '
                'lirica scritta da Ennio Morricone, edita da SZ Sugar: '
                'Partenope, “Musica per la sirena di Napoli” su libretto di '
                'Guido Barbieri e Sandro Cappelletto, sarà in scena venerdì 12 '
                'e domenica 14 dicembre in un atto unico affidato alla visione '
                'contemporanea di Vanessa Beecroft che per il San Carlo '
                'firmerà una regia inedita. Sul podio Riccardo Frizza, alla '
                'guida di Orchestra e Coro del Teatro di San Carlo, '
                'quest’ultimo preparato da Fabrizio Cassi. La storia del mito '
                'fondativo di Napoli vedrà in scena due Partenope, Jessica '
                'Pratt e Maria Agresta. Francesco Demuro interpreta Melanio, '
                'Désirée Giove Persefone. La voce narrante sarà quella di '
                'Mimmo Borrelli. L’opera si inserisce nel programma di “Napoli '
                'millenaria”, la rassegna che celebra i 2500 anni dalla '
                'fondazione di Napoli. I due prossimi titoli in cartellone '
                'sono due capolavori verdiani agli estremi del catalogo, '
                'specchio di stagioni opposte dell’arco espressivo e '
                'drammaturgico del compositore. Domenica 18 gennaio 2026, e '
                'fino a sabato 31, sarà in scena Nabucco, l’opera che consacrò '
                'il giovane Verdi. Produzione dell’Opernhaus Zürich, lo '
                'spettacolo segna il debutto a Napoli del regista Andreas '
                'Homoki. La direzione dell’Orchestra e del Coro del Teatro di '
                'San Carlo è affidata a Riccardo Frizza. Le scene sono di '
                'Wolfgang Gussmann, che firma anche i costumi con Susana '
                'Mendoza. Le luci sono di Franck Evin. Impegnato nel ruolo del '
                'titolo sarà Ludovic Tézier, con Marina Rebeka nelle vesti di '
                'Abigaille e Michele Pertusi in quelle di Zaccaria. Piero '
                'Pretti sarà Ismaele, Cassandre Berthon Fenena. Completano il '
                'cast Lorenzo Mazzucchelli (Il gran Sacerdote di Belo), l’ex '
                'Allievo dell’Accademia Francesco Domenico Doto (Abdallo) e '
                'Caterina Marchesini (Anna). All’impeto drammatico degli '
                'esordi risponde la leggerezza sapiente e beffarda di '
                'Falstaff, l’ultima opera di Giuseppe Verdi, che sarà in scena '
                'da domenica 15 fino a martedì 24 febbraio nell’allestimento '
                'del Teatro Real di Madrid in coproduzione con La Monnaie / De '
                'Munt, l’Opéra National de Bordeaux e Tokyo Nikikai Opera '
                'Foundation. La regia è di Laurent Pelly, al suo debutto al '
                'Teatro di San Carlo, mentre sarà Marco Armiliato a dirigere '
                'Orchestra e Coro del Teatro di San Carlo. Le scene di Barbara '
                'de Limburg si combinano con i costumi a firma dello stesso '
                'Pelly. Le luci sono di Joël Adam. Sir John Falstaff avrà '
                'volto e voce di Luca Salsi, con Andrzej Filończyk nel ruolo '
                'di Ford e Francesco Demuro in quello di Fenton. Il quartetto '
                'femminile vede Maria Agresta interpretare Alice Ford, Anita '
                'Rachvelishvili Mrs. Quickly, Désirée Giove, già Allieva '
                'dell’Accademia di Canto, Nannetta e Caterina Piva Meg Page. '
[2026-01-28T20:46:58.834+0000] {docker.py:429} INFO - 'Completano Gregory Bonfatti (Dott. Cajus), Enrico Casari '
                '(Bardolfo) e Piotr Micinski (Pistola). La Stagione prosegue '
                'con Lucia di Lammermoor, il capolavoro che Gaetano Donizetti '
                'compose per il Lirico di Napoli. Torna, da mercoledì 11 a '
                'martedì 24 marzo, nella produzione sancarliana con la regia '
                'di Gianni Amelio, le scene di Nicola Rubertelli, i costumi di '
                'Maurizio Millenotti e le luci di Pasquale Mari. Dirige, in '
                'questa occasione, Francesco Lanzillotta. Impegnata '
                'l’Orchestra del Teatro di San Carlo, insieme al Coro '
                'preparato da Fabrizio Cassi e il Balletto diretto da Clotilde '
                'Vayer. Interpreta Lucia, eroina sospesa tra innocenza e '
                'follia, Rosa Feola, con René Barbera al suo fianco nel ruolo '
                'di Edgardo. Mattia Olivieri sarà Enrico, mentre Alexander '
                'Köpeczi Raimondo. Tra gli ex-Allievi dell’Accademia di Canto '
                'vi saranno Sun Tianxuefei (Arturo), Sayumi Kaneko (Alisa) e '
                'Francesco Domenico Doto (Normanno). È la volta de La bohème '
                'di Giacomo Puccini, in scena da mercoledì 8 a martedì 14 '
                'aprile. Firma la regia Bárbara Lluch, per la prima volta al '
                'Lirico di Napoli. Sarà, invece, il Direttore Musicale Dan '
                'Ettinger a dirigere l’Orchestra e il Coro del Teatro di San '
                'Carlo insieme al Coro di Voci Bianche preparato da Stefania '
                'Rinaldi. Le scene e i costumi sono rispettivamente di Alfons '
                'Flores e Clara Peluffo Valentini, con le luci di Urs '
                'Schönebaum. Mar Flores Flo cura il video, Merce Grané la '
                'coreografia. Un doppio cast darà voce alle tensioni e alle '
                'tenerezze dell’universo bohémien, alternandosi nelle due '
                'coppie protagoniste. Nelle repliche dell’8, 10 e 12 aprile '
                'Pretty Yende e Kang Wang interpreteranno Mimì e Rodolfo, tra '
                'fragile purezza e fervore giovanile. Marina Monzó e Artur '
                'Ruciński saranno Musetta e Marcello, coppia vivace e '
                'contrastata. Nelle date del 9, 11 e 14 aprile, invece, Mimì e '
                'Rodolfo avranno voce e volto di Elsa Dreisig e René Barbera, '
                'Musetta e Marcello quelli di Maria Knihnytska e Liam James '
                'Karai. Alessio Arduini sarà Schaunard, Gianluca Buratto '
                'Colline. Mancava dal 2007 Werther di Jules Massenet, ritratto '
                'struggente dell’inquietudine romantica. Torna mercoledì 20 '
                'maggio, e fino a martedì 26, nella produzione dell’Oper '
                'Frankfurt con la regia di Willy Decker, le scene e i costumi '
                'di Wolfgang Gussmann e le luci di Joachim Klein. Lorenzo '
                'Passerini dirige l’Orchestra e il Coro di Voci Bianche del '
                'Teatro di San Carlo, quest’ultimo preparato da Stefania '
                'Rinaldi. Si alterneranno nel ruolo del titolo Jonas Kaufmann '
                '(20 e 22 maggio) e Francesco Demuro (24 e 26 maggio) con '
                'Caterina Piva a interpretare Charlotte. Lodovico Filippo '
                'Ravizza sarà Albert. Nel cast vocale, ancora Sergio Vitale '
                '(Le Bailli) e Désirée Giove (Sophie), Roberto Covatta '
                '(Schmidt) e Maurizio Bove (Johann), nonché i due Artisti del '
                'Coro Vasco Maria Vagnoli (Brühlmann) e Sabrina Vitolo '
                '(Käthchen). Davide Livermore firma la regia di Adriana '
                'Lecouvreur di Francesco Cilea nell’allestimento dell’Opéra de '
                'Monte-Carlo in coproduzione con l’Opéra de Saint-Étienne e '
                'l’Opéra de Marseille. Sarà Pinchas Steinberg a dirigere '
                'l’Orchestra e il Coro del Teatro di San Carlo nelle quattro '
                'repliche, da domenica 14 a sabato 20 giugno. Le scene di Giò '
                'Forma si uniscono ai costumi di Gianluca Falaschi. Le luci '
                'sono di Nicolas Bovey, la coreografia di Eugénie Andrin. '
                'Protagonista sarà Aleksandra Kurzak con Brian Jagde nel ruolo '
                'di Maurizio. La principessa e il principe di Bouillon avranno '
                'voce e volto di Elīna Garanča e Antonio Di Matteo. Pietro '
                'Spagnoli è Michonnet. Completano il cast Paweł Horodyski '
                '(Quinault) e Matteo Macchioni (Poisson), Chiara Polese '
                '(Jouvenot) e Monica Bacelli (Dangeville), Roberto Covatta '
                '(L’abate di Chazeuil) e Salvatore De Crescenzo (Un '
                'maggiordomo). Secondo titolo in cartellone di Giacomo Puccini '
                'è Turandot. Torna da domenica 5 a mercoledì 15 luglio '
                'l’allestimento del Teatro di San Carlo che ha inaugurato la '
                'Stagione 2023-24 con la regia di Vasily Barkhatov. In questa '
                'occasione sarà Vincenzo Milletarì a dirigere l’Orchestra, il '
                'Coro e il Coro di Voci Bianche del Lirico di Napoli. Le scene '
                'sono di Zinovy Margolin, i costumi di Galya Solodovnikova, le '
                'luci di Alexander Sivaev. Firma la coreografia Dina Khuseyn. '
                'Un cast internazionale vede in primo piano Anna Pirozzi '
                'affrontare il ruolo della principessa Turandot con, al suo '
                'fianco, Brian Jagde nei panni del principe Calaf e Pretty '
                'Yende in quelli di Liù. In alternanza con il cast principale '
                'ci saranno invece, nelle recite del 7, 10, 12 e 15 luglio, '
                'Inara Kozlovskaya (Turandot), Angelo Villari (Calaf) e Hasmik '
                'Torosyan (Liù). Completano Raúl Giménez (Imperatore Altoum), '
                'Alexander Vinogradov (Timur), Gianluca Failla (Ping), Matteo '
                'Macchioni (Pang), Francesco Pittari (Pong), Hae Kang (Un '
                'mandarino). La Stagione d’Opera riprende dopo la pausa estiva '
                'con un’unica data per Aida di Giuseppe Verdi, domenica 6 '
                'settembre. L’opera, proposta in forma di concerto, vedrà '
                'Riccardo Frizza dirigere l’Orchestra e il Coro del Teatro di '
                'San Carlo. Si riuniranno in palcoscenico alcune tra le più '
                'grandi voci della lirica contemporanea: Anna Netrebko sarà la '
                'principessa protagonista con Jonas Kaufmann nel ruolo di '
                'Radamès. Elizabeth DeShong interpreta Amneris, Luca Salsi '
                'Amonasro, Alexander Köpeczi Ramfis. Completano il cast vocale '
                'Andrea Pellegrini (Il re d’Egitto) e due ex-Allievi '
                'dell’Accademia di Canto: Désirée Giove (Una sacerdotessa) e '
                'Sun Tianxuefei (Un messaggero). Coproduzione internazionale '
                'tra il Teatro di San Carlo con il Teatro Real di Madrid, '
                'l’Oper Frankfurt e il Grand Teatre del Liceu di Barcellona è '
                'Mitridate, re di Ponto . L’opera verrà rappresentata per la '
                'prima volta al Lirico di Napoli giovedì 24 settembre con '
                'quattro repliche fino a giovedì 1 ottobre. È ancora Riccardo '
                'Frizza a salire sul podio per dirigere l’Orchestra del Teatro '
                'di San Carlo. Firma la regia Claus Guth. Le scene sono di '
                'Christian Schmidt, i costumi di Ursula Kudrna, le luci di '
                'Olaf Winter. Sommer Ulrickson cura la coreografia. Un cast di '
                'specialisti del repertorio settecentesco e mozartiano dà '
                'corpo all’impervia scrittura vocale dell’opera. Giovanni Sala '
                'darà voce e volto al re di Ponto, ultimo baluardo '
                'all’espansione romana in Oriente. Aspasia sarà interpretata '
                'da Sara Blanch, mentre Sifare, figlio fedele del re, avrà la '
                'voce di Mariangela Sicilia. Franco Fagioli sarà Farnace, '
                'fratello rivale e figura ambigua. Ismene, a lui promessa, '
                'sarà Giuliana Gianfaldoni. Completano il cast Alasdair Kent '
                '(Marzio) e Agustín Pennino (Arbate). Incursione nel Barocco '
                'di Georg Friedrich Händel con Alcina . Verrà presentata in '
                'forma di concerto venerdì 9 e domenica 11 ottobre sotto la '
                'direzione di Iván López-Reynoso alla guida di Orchestra e '
                'Coro del Teatro di San Carlo. Protagonista Lisette Oropesa '
                'con Franco Fagioli nel ruolo di Ruggiero e Varduhi Abrahamyan '
                'in quello di Bradamante. Erin Morley è Morgana e, a '
                'completare il cast, sono tre ex-Allievi dell’Accademia di '
                'Canto: Sun Tianxuefei (Oronte), Sayumi Kaneko (Oberto), Yunho '
                'Eric Kim (Melisso). Chiude la Stagione d’Opera 2025-26 La '
                'Cenerentola di Gioachino Rossini, in scena da martedì 20 a '
                'martedì 27 ottobre. Altra coproduzione internazionale per il '
                'Teatro di San Carlo, questa volta con la Semperoper Dresden, '
                'con Damiano Michieletto a firmare la regia. La direzione è '
                'affidata a Speranza Scappucci alla guida di Orchestra e Coro '
                'del Teatro di San Carlo. Le scene sono di Paolo Fantin, i '
                'costumi di Agostino Cavalca, le luci di Alessandro Carletti. '
                'Firma la drammaturgia Juliane Schunke. La coreografia è a '
                'cura di Chiara Vecchi. Un doppio cast si alternerà nei ruoli '
                'principali. Nelle recite del 20, 23 e 27 ottobre Aigul '
                'Akhmetshina sarà Angelina e Jack Swanson Don Ramiro. Il 21 e '
                'il 25 ottobre, invece, i due protagonisti avranno la voce e '
                'il volto di Aleksandra Meteleva e Dave Monaco. E ancora nel '
                'cast vocale Florian Sempey (Dandini), Giulio Mastrototaro '
                '(Don Magnifico) Gianluca Margheri (Alidoro). Completano gli '
                'ex-Allievi dell’Accademia di Canto Laura Ulloa (Clorinda) e '
                'Sayumi Kaneko (Tisbe). L’apertura della Stagione di Danza, '
                'che vede protagonisti le Étoiles, i Solisti e il Balletto del '
                'Teatro di San Carlo diretto da Clotilde Vayer, è fissata per '
                'sabato 20 dicembre 2025. In scena il tradizionale balletto '
                "delle feste natalizie: Lo Schiaccianoci di Pëtr Il'ič "
                'Čajkovskij, nella coreografia firmata da Simone Valastro, una '
                "rilettura che mantiene l'impianto narrativo originale, ma "
                'introduce elementi coreografici innovativi che enfatizzano la '
                "dimensione onirica e il passaggio dall'infanzia all'età "
                'adulta. Si alternano sul podio Jonathan Darlington (20, 23, '
                '27, 28, 30 dicembre) e Maurizio Agostini (2, 3 e 4 gennaio) '
                'per dirigere l’Orchestra del Teatro di San Carlo. La '
                'produzione del Massimo napoletano coinvolgerà la Scuola di '
                'Ballo e il Coro di Voci Bianche diretto da Stefania Rinaldi. '
                'Le scene di Nicola Rubertelli dialogano in scena con i '
                'costumi di Giusi Giustino. Firma le luci Valerio Tiberi, il '
                'video è di Alessandro Papa. Non mancheranno, inoltre, le '
                'matinée dedicate alle famiglie. Il genio di George '
                'Balanchine, uno dei grandi maestri del ventesimo secolo, '
                'verrà celebrato con un programma dedicato, in scena dal 28 '
                'aprile al 3 maggio. La soirée si compone di tre creazioni: '
                'Serenade , su musica di Pëtr Ilʼič Čajkovskij, la cui '
                'coreografia verrà ripresa da Sandra Jennings; Le fils prodigu '
                'e di Sergej Prokofʼev ripresa da Paul Boss; in chiusura '
                'Symphony in C su musica di Georges Bizet. A dirigere '
                'l’Orchestra del Lirico di Napoli sarà Paul Connelly. Nuova '
                'produzione del Teatro di San Carlo per un’opera cardine del '
                'balletto tardo-romantico: Coppélia di Léo Delibes sarà in '
                'scena da sabato 25 a venerdì 31 luglio nella coreografia di '
                'Charles Jude con le scene di Giulio Achilli, i costumi di '
                'Philippe Binot e le luci di François Saint-Cyr. È Philippe '
                'Béran a dirigere l’Orchestra del Teatro di San Carlo. La '
                'Stagione di Danza si conclude con Boléro , in scena da '
                'giovedì 5 a martedì 10 novembre. Il trittico prende il nome '
                'dal cuore della serata: l’omonima opera di Maurice Ravel '
                'nella coreografia di Maurice Béjart, rito scenico carico di '
                'tensione collettiva e sensualità crescente. Aprirà una nuova '
                'creazione di Garrett Smith, coreografo contemporaneo di '
                'rilievo internazionale che ha creato opere, tra gli altri, '
                "per il Balletto Bol'šoj e il Balletto Mariinskij, lo Houston "
                'Ballet e il New York City Ballet, l’Opéra National de '
                'Bordeaux e il Teatro alla Scala. In chiusura Three Preludes '
                'di Sergej Rachmaninov nella coreografia di Ben Stevenson, '
                'composizione neoclassica che racchiude una storia d’amore in '
                'una narrazione essenziale, carica di eleganza e sentimento. '
                'Sul podio Jonathan Darlington per dirigere l’Orchestra del '
                'Teatro di San Carlo. Sono diciotto gli appuntamenti che '
                'compongono la Stagione di Concerti: quindici vedranno in '
                'primo piano l’Orchestra del Teatro di San Carlo. '
                'Inaugurazione martedì 18 novembre con il Direttore Musicale '
                'Dan Ettinger alla guida dell’Orchestra e di Asmik Grigorian '
                'come solista. Un percorso che si snoda tra desiderio, potere '
                'e solitudine in pagine che hanno, come protagoniste, figure '
                'femminili di grande complessità. Dall’Ouverture dei '
                'Meistersinger von Nürnberg di Richard Wagner, si prosegue con '
                'le eroine di Giacomo Puccini e Giuseppe Verdi: Cio-Cio-San '
                'con “Un bel dì vedremo”, Manon Lescaut con “Sola, perduta e '
                'abbandonata”, Lady Macbeth con “Vieni, t’affretta”. In '
                'chiusura Salome di Richard Strauss, nella scena finale che '
                'fonde eros e morte: “Ah! du wolltest mich nicht deinen Mund '
                'küssen lasse”. Due serate con il Coro del Teatro di San Carlo '
                'per riscoprire il calore del canto natalizio: giovedì 4 e '
                'martedì 17 dicembre il Concerto di Natale vedrà protagonisti '
                'la compagine diretta da Fabrizio Cassi con Vincenzo Caruso al '
                'pianoforte. Proporranno un viaggio attraverso i Christmas '
                'Carols di varie parti del mondo. È la volta di Riccardo '
                'Frizza, che sabato 24 gennaio sarà sul podio per dirigere '
                'l’Orchestra del Teatro di San Carlo e il pianista Federico '
                'Colli. Tra slancio romantico e apertura all’orizzonte '
                'americano, il programma si snoda tra Les préludes, S. 97 di '
                'Franz Liszt, il Concerto in la minore per pianoforte e '
                'orchestra, op. 54 di Robert Schumann per concludersi con la '
                'Sinfonia n. 9 in mi minore “Dal nuovo mondo”, op. 95 di '
                'Antonín Dvořák. Torna Ingo Metzmacher al Teatro di San Carlo: '
                'domenica 1 febbraio dirige l’Orchestra in un itinerario '
                'musicale tra Germania, Napoli e Vienna: si apre con La selva '
                'incantata di Hans Werner Henze, compositore tedesco del '
                'secondo Novecento, seguito dalle Fünf neapolitanische Lieder, '
                'raffinato omaggio a melodie popolari partenopee. Baritono '
                'solista sarà Matthias Goerne. In chiusura, la Sinfonia n. 2 '
                'in re maggiore, op. 73 di Johannes Brahms. È dedicato a '
                'Ludwig van Beethoven il successivo concerto: sabato 21 '
                'febbraio il direttore Karel Mark Chichon e il pianista Rudolf '
                'Buchbinder eseguiranno, insieme all’Orchestra di casa, il '
                'Concerto n. 5 in mi bemolle maggiore “Imperatore”, op. 73. '
                'Nella seconda parte, la Sinfonia n. 5 in do minore, op. 67. '
                'Due appuntamenti per onorare la memoria di Roberto De Simone: '
                'venerdì 27 e sabato 28 febbraio Nicola Luisotti sarà sul '
                'podio del Teatro di San Carlo per il Requiem di Giuseppe '
                'Verdi. Insieme all’Orchestra e il Coro del Lirico di Napoli, '
                'vi saranno i solisti Pretty Yende, Elīna Garanča, Pene Pati e '
                'John Relyea. Fabio Luisi sarà impegnato in due diversi '
                'concerti. Sabato 14 marzo, con il pianista Alessandro '
                'Taverna, propone il Concerto n. 21 in do maggiore, K. 467 di '
                'Wolfgang Amadeus Mozart e, a seguire, la Sinfonia n. 8 in fa '
                'maggiore, op. 93 di Ludwig van Beethoven. Mozartiana è anche '
                'l’apertura del concerto di domenica 22 marzo, con la Sinfonia '
                'n. 35 in re maggiore “Haffner”, K. 385. Si contrappone '
                'all’equilibrio formale del genio di Salisburgo la complessità '
                'poetica di Gustav Mahler: nella seconda parte, insieme al '
                'soprano Marina Monzó, verrà proposta la Sinfonia n. 4 in sol '
                'maggiore. Martedì 7 aprile si prosegue con il recital di '
                'Aigul Akhmetshina: un viaggio vocale attraverso epoche, stili '
                'e lingue diverse, dalla tradizione operistica europea al '
                'repertorio moderno e contemporaneo. La accompagna al '
                'pianoforte Jonathan Papp in un programma che spazia da arie '
                'di Rossini, Donizetti e Verdi, alle pagine meno frequentate '
                'di Borodin e Rimskij-Korsakov, fino a brani del Novecento. '
                'Punta di diamante sarà la prima esecuzione mondiale di “Mujer '
                'fatal”, che Elena Roussanova ha composto appositamente per la '
                'cantante. Un evento di straordinario rilievo vede unirsi la '
                'direzione di Gustavo Dudamel alla visione artistica di Marina '
                'Abramović, una nuova produzione del Teatro di San Carlo in '
                'sinergia con la New York Philharmonic. Sono due le date, '
                'sabato 18 e domenica 19 aprile, insieme all’Orchestra del '
                'Lirico di Napoli. Due capolavori del repertorio del '
                'Novecento, Histoire du Soldat di Igor Stravinskij ed El amor '
                'brujo di Manuel de Falla, si intrecciano in un allestimento '
                'originale che vedrà Marina Abramović, radicale innovatrice '
                'della performance art contemporanea, firmare una regia '
                'inedita per il Lirico di Napoli: un passo significativo nel '
                'dialogo tra tradizione musicale e sperimentazione artistica. '
                'Nuovo appuntamento per Riccardo Frizza. Insieme al violino '
                'solista Anna Tifu proporranno un capolavoro del repertorio '
                'romantico, il Concerto in mi minore, op. 64 di Felix '
                'Mendelssohn-Bartholdy. In apertura e in chiusura di concerto, '
                'Ernst von Dohnányi, con i Minuti sinfonici, op. 36, e Richard '
                'Strauss, con “Aus Italien”, Fantasia sinfonica in sol '
                'maggiore, op. 16. Torna Michele Mariotti sul podio del Teatro '
                'di San Carlo per dirigere l’Orchestra di casa. Il programma '
                'accosta due Sinfonie ispirate alla natura e ai paesaggi: la '
                'Sinfonia n. 6 in fa maggiore “Pastorale”, op. 68 di Ludwig '
                'van Beethoven, manifesto del legame tra musica e ambiente '
                'naturale, e la Sinfonia n. 3 in la minore “Scozzese”, op. 56 '
                'di Felix Mendelssohn-Bartholdy, che riflette i suggestivi '
                'scenari della Scozia. Sondra Radvanovsky e Freddie De Tommaso '
                'sono i protagonisti d’eccezione del concerto di domenica 21 '
                'giugno, con la direzione Giacomo Sagripanti alla guida della '
                'compagine orchestrale sancarliana. Il programma propone un '
                'percorso attraverso alcune delle pagine più intense e famose '
                'del melodramma italiano, firmate da compositori quali '
                'Giuseppe Verdi, Giacomo Puccini, Pietro Mascagni e Umberto '
                'Giordano. Un’altra straordinaria coppia è quella '
                'dell’appuntamento di venerdì 17 luglio: Jonas Kaufmann e '
                'Ludovic Tézier proporranno i più famosi duetti tratti da '
                'opere di Giuseppe Verdi, Giacomo Puccini e Amilcare '
                'Ponchielli. A dirigere l’Orchestra del San Carlo è Jochen '
                'Rieder. Il ritorno del Direttore Musicale Dan Ettinger, '
                'venerdì 11 settembre, segna la ripresa della Stagione '
                'Sinfonica dopo la pausa estiva. In programma, la Sinfonia n. '
                '7 in mi maggiore di Anton Bruckner. L’ultimo appuntamento '
                'della Stagione di Concerti per Riccardo Frizza, domenica 27 '
                'settembre, lo vede accostato a uno dei più grandi virtuosi al '
                'mondo: il violinista Leonidas Kavakos. Il programma si apre '
                'con l’ouverture di Ruslan e Ljudmila di Michail Glinka, '
                'pietra miliare del repertorio russo. Al centro, il Concerto '
                'in re maggiore per violino e orchestra, op. 35 di Pëtr Il’ič '
                'Čajkovskij, autentico capolavoro per virtuosismo e intensità '
                'espressiva. In chiusura, la Sinfonia n. 9 in mi bemolle '
                'maggiore, op. 70 di Dmitrij Šostakovič. Nuovo recital venerdì '
                '2 ottobre, questa volta con Anita Rachvelishvili come '
                'protagonista e, al pianoforte, Vincenzo Scalera: un viaggio '
                'che attraversa l’ampio spettro della canzone da concerto e '
                'dell’aria d’opera. Dalla Russia di Čajkovskij e Rachmaninov '
                'si passa alle suggestioni della musica georgiana e spagnola '
                'con Taktakishvili e de Falla fino alle più celebri e amate '
                'arie di Francesco Paolo Tosti. La seconda parte si concentra '
                'sulle grandi voci del melodramma europeo, con pagine di '
                'Giuseppe Verdi, Camille Saint-Saëns, Georges Bizet e '
                'Francesco Cilea. La Stagione di Concerti chiude sabato 24 '
                'ottobre con una preziosa immersione nel giovane Verdi. In '
                'primo piano il Coro del Teatro di San Carlo diretto da '
                'Fabrizio Cassi con, al loro fianco, l’Orchestra di casa. Il '
                'percorso proposto, che si avvale della revisione critica di '
                'Dino Rizzo, valorizza sinfonie e pagine sacre inedite o poco '
                'frequentate: la Sinfonia in do maggiore e in sol minore, i '
                'Tantum ergo per tenore e basso con orchestra fino alla Messa '
                'per soli, coro e orchestra. Torna il Festival Pianistico, ora '
                'alla sua V edizione, con quattro appuntamenti che, per '
                'quest’anno, si estenderanno lungo l’intera Stagione '
                '2025-2026. L’apertura, mercoledì 21 gennaio, è affidata a '
                'Beatrice Rana, interprete di consolidata esperienza e fine '
                'sensibilità musicale. Il programma si incentra sul repertorio '
                "pianistico del Novecento, partendo dall'atmosfera drammatica "
                "di Prokof'ev con selezioni da Romeo e Giulietta, per poi "
                'esplorare la raffinatezza impressionista dei Douze Études dal '
                'Livre II, L. 143 di Claude Debussy. Si prosegue con Lo '
                'schiaccianoci di Pëtr Ilʼič Čajkovskij nella Suite per '
                'pianoforte arrangiata da Mikhail Pletnev prima di chiudere '
                'con la Sonata n. 6 in la maggiore, op. 82 di Sergej '
                "Prokof'ev. Protagonista dell’appuntamento di martedì 10 marzo "
                'è Seong-Jin Cho, così acclamato sul Wall Street Journal: “Cho '
                "è un maestro. Ha mostrato un'impressionante varietà di colori "
                'tonali e una tecnica notevole, eseguita con sbalorditiva '
                'eleganza. Aveva qualcosa da dire e lo ha comunicato bene”. '
                'Propone un programma che attraversa più di due secoli di '
                'musica per pianoforte, dalla Partita n. 1 in si bemolle '
                'maggiore, BWV di Johann Sebastian Bach alla modernità della '
                'Suite per pianoforte, op. 25 di Arnold Schönberg. Si passa '
                'poi per il lirismo della “Faschingsschwank aus Wien” di '
                'Robert Schumann e la raffinata varietà di una ricca selezione '
                'di valzer di Fryderyk Chopin. Giovedì 29 marzo sarà la volta '
                'di Hélène Grimaud, un’altra grande protagonista della scena '
                'pianistica internazionale. Il programma intreccia tre grandi '
                'snodi della scrittura pianistica: l’ultimo Beethoven, con la '
                'Sonata n. 30 in mi maggiore, op. 109, il Brahms crepuscolare '
                'delle raccolte tarde con i Tre intermezzi, op. 117 e le Sette '
                'fantasie, op. 116. In chiusura, l’omaggio bachiano nella '
                'celebre trascrizione di Ferruccio Busoni della Chaconne dalla '
                'Partita n. 2 in re minore, BWV 1004. Chiude il Festival '
                'Yunchan Lim, giovane talento che si è rapidamente imposto '
                'sulla scena mondiale. Il suo recital, in programma lunedì 12 '
                'ottobre, è interamente dedicato a Wolfgang Amadeus Mozart. '
                'Lim eseguirà le Sonate n. 1 in do maggiore, K 279, la n. 2 in '
                'fa maggiore, K 280, la n. 3 in si bemolle maggiore, K 281 e '
                'la n. 4 in mi bemolle maggiore, K 282. La Stagione di Musica '
                'da Camera giunge alla sua quinta edizione: anche quest’anno i '
                'Professori d’Orchestra del Teatro di San Carlo saranno '
                'protagonisti di un nuovo ciclo di concerti dedicato alla '
                'Musica da Camera che li vedrà impegnati in diverse '
                'formazioni. Un totale di undici appuntamenti una domenica al '
                'mese, da novembre 2025 a ottobre 2026. IN FOTO: Teatro di San '
                'Carlo (crediti Teatro di San Carlo)',
 'image_url': '//citynews-napolitoday.stgy.ovh/~media/horizontal-mid/30936028043667/teatro-san-carlo-san-carlo.jpg',
 'location_address': 'Via San Carlo, 98',
 'location_name': 'Teatro di San Carlo',
 'price': 'Prezzo non disponibile',
 'scraped_at': '2026-01-28T20:46:37.972973',
 'time_info': 'Orario non disponibile',
 'title': 'Be Luminous: la Stagione 2025/2026 del Teatro di San Carlo',
 'url': 'https://www.napolitoday.it/eventi/teatro-san-carlo-programma-stagione-2025-2026.html',
 'uuid': '2bc201588243bc7c',
 'website': 'https://www.teatrosancarlo.it'}
[2026-01-28T20:46:59.755+0000] {docker.py:429} INFO - 2026-01-28 20:46:59 [scrapy.core.engine] DEBUG: Crawled (200) <GET https://www.napolitoday.it/eventi/teatro-cilea-spttacoli-stagione-2025-2026.html> (referer: https://www.napolitoday.it/eventi/dal/2026-01-28/al/2026-02-01/)
[2026-01-28T20:46:59.866+0000] {docker.py:429} INFO - 2026-01-28 20:46:59 [scrapy.core.scraper] DEBUG: Scraped from <200 https://www.napolitoday.it/eventi/teatro-cilea-spttacoli-stagione-2025-2026.html>
{'category': 'Teatri',
 'city': 'Napoli',
 'content_hash': 'c60ae2669d574c2d',
 'date_end': '2026-05-03',
 'date_start': '2025-11-06',
 'dates': [{'date': '2025-11-06', 'weekday': 'Giovedì'},
           {'date': '2025-11-07', 'weekday': 'Venerdì'},
           {'date': '2025-11-08', 'weekday': 'Sabato'},
           {'date': '2025-11-09', 'weekday': 'Domenica'},
           {'date': '2025-11-10', 'weekday': 'Lunedì'},
           {'date': '2025-11-11', 'weekday': 'Martedì'},
           {'date': '2025-11-12', 'weekday': 'Mercoledì'},
           {'date': '2025-11-13', 'weekday': 'Giovedì'},
           {'date': '2025-11-14', 'weekday': 'Venerdì'},
           {'date': '2025-11-15', 'weekday': 'Sabato'},
           {'date': '2025-11-16', 'weekday': 'Domenica'},
           {'date': '2025-11-17', 'weekday': 'Lunedì'},
           {'date': '2025-11-18', 'weekday': 'Martedì'},
           {'date': '2025-11-19', 'weekday': 'Mercoledì'},
           {'date': '2025-11-20', 'weekday': 'Giovedì'},
           {'date': '2025-11-21', 'weekday': 'Venerdì'},
           {'date': '2025-11-22', 'weekday': 'Sabato'},
           {'date': '2025-11-23', 'weekday': 'Domenica'},
           {'date': '2025-11-24', 'weekday': 'Lunedì'},
           {'date': '2025-11-25', 'weekday': 'Martedì'},
           {'date': '2025-11-26', 'weekday': 'Mercoledì'},
           {'date': '2025-11-27', 'weekday': 'Giovedì'},
           {'date': '2025-11-28', 'weekday': 'Venerdì'},
           {'date': '2025-11-29', 'weekday': 'Sabato'},
           {'date': '2025-11-30', 'weekday': 'Domenica'},
           {'date': '2025-12-01', 'weekday': 'Lunedì'},
           {'date': '2025-12-02', 'weekday': 'Martedì'},
           {'date': '2025-12-03', 'weekday': 'Mercoledì'},
           {'date': '2025-12-04', 'weekday': 'Giovedì'},
           {'date': '2025-12-05', 'weekday': 'Venerdì'},
           {'date': '2025-12-06', 'weekday': 'Sabato'},
           {'date': '2025-12-07', 'weekday': 'Domenica'},
           {'date': '2025-12-08', 'weekday': 'Lunedì'},
           {'date': '2025-12-09', 'weekday': 'Martedì'},
           {'date': '2025-12-10', 'weekday': 'Mercoledì'},
           {'date': '2025-12-11', 'weekday': 'Giovedì'},
           {'date': '2025-12-12', 'weekday': 'Venerdì'},
           {'date': '2025-12-13', 'weekday': 'Sabato'},
           {'date': '2025-12-14', 'weekday': 'Domenica'},
           {'date': '2025-12-15', 'weekday': 'Lunedì'},
           {'date': '2025-12-16', 'weekday': 'Martedì'},
           {'date': '2025-12-17', 'weekday': 'Mercoledì'},
           {'date': '2025-12-18', 'weekday': 'Giovedì'},
           {'date': '2025-12-19', 'weekday': 'Venerdì'},
           {'date': '2025-12-20', 'weekday': 'Sabato'},
           {'date': '2025-12-21', 'weekday': 'Domenica'},
           {'date': '2025-12-22', 'weekday': 'Lunedì'},
           {'date': '2025-12-23', 'weekday': 'Martedì'},
           {'date': '2025-12-24', 'weekday': 'Mercoledì'},
           {'date': '2025-12-25', 'weekday': 'Giovedì'},
           {'date': '2025-12-26', 'weekday': 'Venerdì'},
           {'date': '2025-12-27', 'weekday': 'Sabato'},
           {'date': '2025-12-28', 'weekday': 'Domenica'},
           {'date': '2025-12-29', 'weekday': 'Lunedì'},
           {'date': '2025-12-30', 'weekday': 'Martedì'},
           {'date': '2025-12-31', 'weekday': 'Mercoledì'},
           {'date': '2026-01-01', 'weekday': 'Giovedì'},
           {'date': '2026-01-02', 'weekday': 'Venerdì'},
           {'date': '2026-01-03', 'weekday': 'Sabato'},
           {'date': '2026-01-04', 'weekday': 'Domenica'},
           {'date': '2026-01-05', 'weekday': 'Lunedì'},
           {'date': '2026-01-06', 'weekday': 'Martedì'},
           {'date': '2026-01-07', 'weekday': 'Mercoledì'},
           {'date': '2026-01-08', 'weekday': 'Giovedì'},
           {'date': '2026-01-09', 'weekday': 'Venerdì'},
           {'date': '2026-01-10', 'weekday': 'Sabato'},
           {'date': '2026-01-11', 'weekday': 'Domenica'},
           {'date': '2026-01-12', 'weekday': 'Lunedì'},
           {'date': '2026-01-13', 'weekday': 'Martedì'},
           {'date': '2026-01-14', 'weekday': 'Mercoledì'},
           {'date': '2026-01-15', 'weekday': 'Giovedì'},
           {'date': '2026-01-16', 'weekday': 'Venerdì'},
           {'date': '2026-01-17', 'weekday': 'Sabato'},
           {'date': '2026-01-18', 'weekday': 'Domenica'},
           {'date': '2026-01-19', 'weekday': 'Lunedì'},
           {'date': '2026-01-20', 'weekday': 'Martedì'},
           {'date': '2026-01-21', 'weekday': 'Mercoledì'},
           {'date': '2026-01-22', 'weekday': 'Giovedì'},
           {'date': '2026-01-23', 'weekday': 'Venerdì'},
           {'date': '2026-01-24', 'weekday': 'Sabato'},
           {'date': '2026-01-25', 'weekday': 'Domenica'},
           {'date': '2026-01-26', 'weekday': 'Lunedì'},
           {'date': '2026-01-27', 'weekday': 'Martedì'},
           {'date': '2026-01-28', 'weekday': 'Mercoledì'},
           {'date': '2026-01-29', 'weekday': 'Giovedì'},
           {'date': '2026-01-30', 'weekday': 'Venerdì'},
           {'date': '2026-01-31', 'weekday': 'Sabato'},
           {'date': '2026-02-01', 'weekday': 'Domenica'},
           {'date': '2026-02-02', 'weekday': 'Lunedì'},
           {'date': '2026-02-03', 'weekday': 'Martedì'},
           {'date': '2026-02-04', 'weekday': 'Mercoledì'},
           {'date': '2026-02-05', 'weekday': 'Giovedì'},
           {'date': '2026-02-06', 'weekday': 'Venerdì'},
           {'date': '2026-02-07', 'weekday': 'Sabato'},
           {'date': '2026-02-08', 'weekday': 'Domenica'},
           {'date': '2026-02-09', 'weekday': 'Lunedì'},
           {'date': '2026-02-10', 'weekday': 'Martedì'},
           {'date': '2026-02-11', 'weekday': 'Mercoledì'},
           {'date': '2026-02-12', 'weekday': 'Giovedì'},
           {'date': '2026-02-13', 'weekday': 'Venerdì'},
           {'date': '2026-02-14', 'weekday': 'Sabato'},
           {'date': '2026-02-15', 'weekday': 'Domenica'},
           {'date': '2026-02-16', 'weekday': 'Lunedì'},
           {'date': '2026-02-17', 'weekday': 'Martedì'},
           {'date': '2026-02-18', 'weekday': 'Mercoledì'},
           {'date': '2026-02-19', 'weekday': 'Giovedì'},
           {'date': '2026-02-20', 'weekday': 'Venerdì'},
           {'date': '2026-02-21', 'weekday': 'Sabato'},
           {'date': '2026-02-22', 'weekday': 'Domenica'},
           {'date': '2026-02-23', 'weekday': 'Lunedì'},
           {'date': '2026-02-24', 'weekday': 'Martedì'},
           {'date': '2026-02-25', 'weekday': 'Mercoledì'},
           {'date': '2026-02-26', 'weekday': 'Giovedì'},
           {'date': '2026-02-27', 'weekday': 'Venerdì'},
           {'date': '2026-02-28', 'weekday': 'Sabato'},
           {'date': '2026-03-01', 'weekday': 'Domenica'},
           {'date': '2026-03-02', 'weekday': 'Lunedì'},
           {'date': '2026-03-03', 'weekday': 'Martedì'},
           {'date': '2026-03-04', 'weekday': 'Mercoledì'},
           {'date': '2026-03-05', 'weekday': 'Giovedì'},
           {'date': '2026-03-06', 'weekday': 'Venerdì'},
           {'date': '2026-03-07', 'weekday': 'Sabato'},
           {'date': '2026-03-08', 'weekday': 'Domenica'},
           {'date': '2026-03-09', 'weekday': 'Lunedì'},
           {'date': '2026-03-10', 'weekday': 'Martedì'},
           {'date': '2026-03-11', 'weekday': 'Mercoledì'},
           {'date': '2026-03-12', 'weekday': 'Giovedì'},
           {'date': '2026-03-13', 'weekday': 'Venerdì'},
           {'date': '2026-03-14', 'weekday': 'Sabato'},
           {'date': '2026-03-15', 'weekday': 'Domenica'},
           {'date': '2026-03-16', 'weekday': 'Lunedì'},
           {'date': '2026-03-17', 'weekday': 'Martedì'},
           {'date': '2026-03-18', 'weekday': 'Mercoledì'},
           {'date': '2026-03-19', 'weekday': 'Giovedì'},
           {'date': '2026-03-20', 'weekday': 'Venerdì'},
           {'date': '2026-03-21', 'weekday': 'Sabato'},
           {'date': '2026-03-22', 'weekday': 'Domenica'},
           {'date': '2026-03-23', 'weekday': 'Lunedì'},
           {'date': '2026-03-24', 'weekday': 'Martedì'},
           {'date': '2026-03-25', 'weekday': 'Mercoledì'},
           {'date': '2026-03-26', 'weekday': 'Giovedì'},
           {'date': '2026-03-27', 'weekday': 'Venerdì'},
           {'date': '2026-03-28', 'weekday': 'Sabato'},
           {'date': '2026-03-29', 'weekday': 'Domenica'},
           {'date': '2026-03-30', 'weekday': 'Lunedì'},
           {'date': '2026-03-31', 'weekday': 'Martedì'},
           {'date': '2026-04-01', 'weekday': 'Mercoledì'},
           {'date': '2026-04-02', 'weekday': 'Giovedì'},
           {'date': '2026-04-03', 'weekday': 'Venerdì'},
           {'date': '2026-04-04', 'weekday': 'Sabato'},
           {'date': '2026-04-05', 'weekday': 'Domenica'},
           {'date': '2026-04-06', 'weekday': 'Lunedì'},
           {'date': '2026-04-07', 'weekday': 'Martedì'},
           {'date': '2026-04-08', 'weekday': 'Mercoledì'},
           {'date': '2026-04-09', 'weekday': 'Giovedì'},
           {'date': '2026-04-10', 'weekday': 'Venerdì'},
           {'date': '2026-04-11', 'weekday': 'Sabato'},
           {'date': '2026-04-12', 'weekday': 'Domenica'},
           {'date': '2026-04-13', 'weekday': 'Lunedì'},
           {'date': '2026-04-14', 'weekday': 'Martedì'},
           {'date': '2026-04-15', 'weekday': 'Mercoledì'},
           {'date': '2026-04-16', 'weekday': 'Giovedì'},
           {'date': '2026-04-17', 'weekday': 'Venerdì'},
           {'date': '2026-04-18', 'weekday': 'Sabato'},
           {'date': '2026-04-19', 'weekday': 'Domenica'},
           {'date': '2026-04-20', 'weekday': 'Lunedì'},
           {'date': '2026-04-21', 'weekday': 'Martedì'},
           {'date': '2026-04-22', 'weekday': 'Mercoledì'},
           {'date': '2026-04-23', 'weekday': 'Giovedì'},
           {'date': '2026-04-24', 'weekday': 'Venerdì'},
           {'date': '2026-04-25', 'weekday': 'Sabato'},
           {'date': '2026-04-26', 'weekday': 'Domenica'},
           {'date': '2026-04-27', 'weekday': 'Lunedì'},
           {'date': '2026-04-28', 'weekday': 'Martedì'},
           {'date': '2026-04-29', 'weekday': 'Mercoledì'},
           {'date': '2026-04-30', 'weekday': 'Giovedì'},
           {'date': '2026-05-01', 'weekday': 'Venerdì'},
           {'date': '2026-05-02', 'weekday': 'Sabato'},
           {'date': '2026-05-03', 'weekday': 'Domenica'}],
 'description': 'Il Teatro Cilea , autentico punto di riferimento del panorama '
                'teatrale napoletano, si prepara a inaugurare una stagione che '
                'promette di emozionare, far riflettere e, soprattutto, far '
                'ridere. Dopo un anno di sold out e standing ovation, la '
                'storica sala del Vomero – guidata dalla visione artistica di '
                "Lello Arena – alza ancora l'asticella con una programmazione "
                'che fonde la tradizione partenopea con linguaggi '
                'contemporanei, celebrando il teatro come luogo di '
                'condivisione e di scoperta. UN CARTELLONE CHE RACCONTA NAPOLI '
                '(E NON SOLO) La stagione 2025/2026 del Cilea si snoda '
                'attraverso undici titoli che esplorano tutte le sfumature '
                "dell'animo umano: dall'ironia graffiante alla malinconia "
                "poetica, dalla satira sociale all'intrattenimento puro. "
                'Protagonisti assoluti sono alcuni dei più grandi interpreti '
                'della scena italiana, molti dei quali legati a doppio filo '
                'alla città, pronti a regalare al pubblico momenti '
                'indimenticabili. {"type":"gallery","object":{"title":"Teatro '
                'Cilea, presentazione Stagione '
                '2025\\/2026","description":"","uri":"https:\\/\\/www.napolitoday.it\\/foto\\/foto-cronaca-napoli\\/teatro-cilea-presentazione-stagione-2025-2026\\/","medias":[{"title":"690A2358","description":"","image":"https:\\/\\/citynews-napolitoday.stgy.ovh\\/~media\\/horizontal-hi\\/57313944589130\\/690a2358.jpg","uri":"https:\\/\\/www.napolitoday.it\\/foto\\/foto-cronaca-napoli\\/teatro-cilea-presentazione-stagione-2025-2026\\/690a2358.html"},{"title":"690A2362","description":"","image":"https:\\/\\/citynews-napolitoday.stgy.ovh\\/~media\\/horizontal-hi\\/36157641067407\\/690a2362.jpg","uri":"https:\\/\\/www.napolitoday.it\\/foto\\/foto-cronaca-napoli\\/teatro-cilea-presentazione-stagione-2025-2026\\/690a2362.html"},{"title":"690A2363","description":"","image":"https:\\/\\/citynews-napolitoday.stgy.ovh\\/~media\\/horizontal-hi\\/13539830271145\\/690a2363.jpg","uri":"https:\\/\\/www.napolitoday.it\\/foto\\/foto-cronaca-napoli\\/teatro-cilea-presentazione-stagione-2025-2026\\/690a2363.html"},{"title":"690A2364","description":"","image":"https:\\/\\/citynews-napolitoday.stgy.ovh\\/~media\\/horizontal-hi\\/4755548953915\\/690a2364.jpg","uri":"https:\\/\\/www.napolitoday.it\\/foto\\/foto-cronaca-napoli\\/teatro-cilea-presentazione-stagione-2025-2026\\/690a2364.html"},{"title":"690A2365","description":"","image":"https:\\/\\/citynews-napolitoday.stgy.ovh\\/~media\\/horizontal-hi\\/7013786445262\\/690a2365.jpg","uri":"https:\\/\\/www.napolitoday.it\\/foto\\/foto-cronaca-napoli\\/teatro-cilea-presentazione-stagione-2025-2026\\/690a2365.html"},{"title":"690A2366","description":"","image":"https:\\/\\/citynews-napolitoday.stgy.ovh\\/~media\\/horizontal-hi\\/30148417595057\\/690a2366.jpg","uri":"https:\\/\\/www.napolitoday.it\\/foto\\/foto-cronaca-napoli\\/teatro-cilea-presentazione-stagione-2025-2026\\/690a2366.html"},{"title":"690A2368","description":"","image":"https:\\/\\/citynews-napolitoday.stgy.ovh\\/~media\\/horizontal-hi\\/56824914175192\\/690a2368.jpg","uri":"https:\\/\\/www.napolitoday.it\\/foto\\/foto-cronaca-napoli\\/teatro-cilea-presentazione-stagione-2025-2026\\/690a2368.html"},{"title":"690A2369","description":"","image":"https:\\/\\/citynews-napolitoday.stgy.ovh\\/~media\\/horizontal-hi\\/67819542474747\\/690a2369.jpg","uri":"https:\\/\\/www.napolitoday.it\\/foto\\/foto-cronaca-napoli\\/teatro-cilea-presentazione-stagione-2025-2026\\/690a2369.html"},{"title":"690A2370","description":"","image":"https:\\/\\/citynews-napo
[2026-01-28T20:46:59.867+0000] {docker.py:429} INFO - litoday.stgy.ovh\\/~media\\/horizontal-hi\\/29170851340238\\/690a2370.jpg","uri":"https:\\/\\/www.napolitoday.it\\/foto\\/foto-cronaca-napoli\\/teatro-cilea-presentazione-stagione-2025-2026\\/690a2370.html"},{"title":"690A2338","description":"","image":"https:\\/\\/citynews-napolitoday.stgy.ovh\\/~media\\/horizontal-hi\\/65697204523111\\/690a2338.jpg","uri":"https:\\/\\/www.napolitoday.it\\/foto\\/foto-cronaca-napoli\\/teatro-cilea-presentazione-stagione-2025-2026\\/690a2338.html"},{"title":"690A2339","description":"","image":"https:\\/\\/citynews-napolitoday.stgy.ovh\\/~media\\/horizontal-hi\\/59935509192958\\/690a2339.jpg","uri":"https:\\/\\/www.napolitoday.it\\/foto\\/foto-cronaca-napoli\\/teatro-cilea-presentazione-stagione-2025-2026\\/690a2339.html"},{"title":"690A2341","description":"","image":"https:\\/\\/citynews-napolitoday.stgy.ovh\\/~media\\/horizontal-hi\\/3667244105188\\/690a2341.jpg","uri":"https:\\/\\/www.napolitoday.it\\/foto\\/foto-cronaca-napoli\\/teatro-cilea-presentazione-stagione-2025-2026\\/690a2341.html"},{"title":"690A2345","description":"","image":"https:\\/\\/citynews-napolitoday.stgy.ovh\\/~media\\/horizontal-hi\\/14005415523276\\/690a2345.jpg","uri":"https:\\/\\/www.napolitoday.it\\/foto\\/foto-cronaca-napoli\\/teatro-cilea-presentazione-stagione-2025-2026\\/690a2345.html"},{"title":"690A2346","description":"","image":"https:\\/\\/citynews-napolitoday.stgy.ovh\\/~media\\/horizontal-hi\\/25279610973503\\/690a2346.jpg","uri":"https:\\/\\/www.napolitoday.it\\/foto\\/foto-cronaca-napoli\\/teatro-cilea-presentazione-stagione-2025-2026\\/690a2346.html"},{"title":"690A2347","description":"","image":"https:\\/\\/citynews-napolitoday.stgy.ovh\\/~media\\/horizontal-hi\\/64526556826447\\/690a2347.jpg","uri":"https:\\/\\/www.napolitoday.it\\/foto\\/foto-cronaca-napoli\\/teatro-cilea-presentazione-stagione-2025-2026\\/690a2347.html"},{"title":"690A2349","description":"","image":"https:\\/\\/citynews-napolitoday.stgy.ovh\\/~media\\/horizontal-hi\\/41891116372068\\/690a2349.jpg","uri":"https:\\/\\/www.napolitoday.it\\/foto\\/foto-cronaca-napoli\\/teatro-cilea-presentazione-stagione-2025-2026\\/690a2349.html"},{"title":"690A2350","description":"","image":"https:\\/\\/citynews-napolitoday.stgy.ovh\\/~media\\/horizontal-hi\\/7668530434771\\/690a2350.jpg","uri":"https:\\/\\/www.napolitoday.it\\/foto\\/foto-cronaca-napoli\\/teatro-cilea-presentazione-stagione-2025-2026\\/690a2350.html"},{"title":"690A2352","description":"","image":"https:\\/\\/citynews-napolitoday.stgy.ovh\\/~media\\/horizontal-hi\\/27117978928696\\/690a2352.jpg","uri":"https:\\/\\/www.napolitoday.it\\/foto\\/foto-cronaca-napoli\\/teatro-cilea-presentazione-stagione-2025-2026\\/690a2352.html"},{"title":"690A2353","description":"","image":"https:\\/\\/citynews-napolitoday.stgy.ovh\\/~media\\/horizontal-hi\\/13010846451181\\/690a2353.jpg","uri":"https:\\/\\/www.napolitoday.it\\/foto\\/foto-cronaca-napoli\\/teatro-cilea-presentazione-stagione-2025-2026\\/690a2353.html"}]}} '
                'Peppe Barra in "Buonasera a tutti", in scena dal 6 novembre '
                "Peppe Barra incarna l'anima partenopea unendo tradizione e "
                'innovazione, con un recital che mescola personali ricordi, '
                'teatro e musica. In "Buonasera a tutti", dialoga col pubblico '
                'attraversando 60 anni di carriera, dal folk alla canzone '
                "d'autore, con ironia e poesia. In scena con il pianoforte di "
                "Luca Urciuolo, crea un'atmosfera intima e giocosa. I Ragazzi "
                'della Cilea Academy in "Coco Show" in scena dal 13 novembre '
                'Un nuovo spettacolo tutto da scoprire, tra comicità, nuove '
                'generazioni e musica, per la tradizionale messa in scena '
                'degli allievi del Cilea. Aurora Leone in "Tutto scontato" in '
                'scena dal 20 novembre Aurora Leone, membro femminile dei The '
                'Jackal, torna a teatro con "Tutto Scontato" , uno spettacolo '
                'comico ma riflessivo, tra ironia e realtà. Dopo il successo '
                'di "Vero a Metà" e le apparizioni in TV e Prime Video, '
                'conferma il suo talento tra risate e introspezione. Un '
                'monologo tagliente che, come un acquisto impulsivo, lascia il '
                'pubblico sorpreso e divertito. Ciro Ceruti in "Disperso" dal '
                "27 novembre Dopo 25 anni sull'isola di North Sentinel, Mimmo "
                'torna a casa scoprendo un mondo cambiato: tecnologia, nuovi '
                'valori e una famiglia diversa. Tra incomprensioni e shock '
                'culturali, fatica ad adattarsi, finché un tragico episodio '
                'con un ladro lo mette nei guai. Un dramma familiare che '
                'diventa scontro tra due epoche. Peppe Iodice in "Ho visto '
                'Maradona", in scena dal 4 dicembre Peppe Iodice, in un '
                "incontro con l'aldilà, torna con rivelazioni comiche e verità "
                'nascoste, guidato da figura come il "Piede Oro". Libero da '
                'convenzioni, mescola umorismo e satira in un racconto senza '
                'filtri. Tra vecchi amici e ospiti inaspettati, regala uno '
                'spettacolo irriverente e autentico. Francesco Cicchella in '
                '"Tante belle cose" in scena dal 18 dicembre Francesco '
                'Cicchella annuncia il suo ritiro dalle scene in un salotto '
                'TV, ripercorrendo la carriera attraverso il ricordo di una '
                'serata teatrale decisiva. Lo spettacolo diventa un viaggio '
                'nel tempo tra sketch esilaranti, emozioni e un colpo di scena '
                'che sconvolge lo spettacolo. Un one man show innovativo che '
                'fonde varietà, cinema e magia, con Cicchella che gioca tra '
                'passato, presente e futuro. Lina Sastri in "Voce \'e notte", '
                'in scena dal 22 gennaio "Voce \'e notte" è il teatro-canzone '
                'di Lina Sastri, un viaggio tra Napoli e il mondo, dove '
                'musica, poesia e drammaturgia si fondono. Dai suoi classici '
                '(da Lina rossa a Cuore mio; da Corpo celeste a Mese mariano; '
                'da Per la strada a Linapolina; da Appunti di viaggio a '
                "Pensieri all'improvviso … fino a Eduardo mio) a rivisitazioni "
                'come Medea , lo spettacolo unisce tradizione e innovazione. '
                'Parola, nota e movimento diventano un racconto intimo e '
                'universale. Paolo Caiazzo in "I promessi suoceri" in scena '
                'dal 5 marzo Antonio, ex animatore rancoroso, affronta il '
                'passaggio da padre a suocero quando la figlia Lucia annuncia '
                "le nozze con Renzo. L'incontro tra le famiglie – un ex "
                "capoclan e un'ex soubrette – scatena conflitti sociali e un "
                "segreto che blocca il matrimonio. Tra comicità all'italiana e "
                'citazioni teatrali napoletane, la "divina provvidenza" '
                'porterà un lieto fine... ma non senza cicatrici. Carlo '
                'Buccirosso in "L\'erba del vicino è sempre più verde", in '
                'scena dal 26 marzo Bancario depresso, Mario cova rancore '
                'verso chi ha il successo che lui non osò cercare. La sua '
                'invidia per "l\'erba del vicino" diventa ossessione '
                'pericolosa, pronta a sfociare in tragedia. Un banale prestito '
                'di prezzemolo potrebbe essere la goccia che fa esplodere la '
                'sua folle frustrazione. Nino Frassica in "Novella Bella" in '
                'scena dal 30 aprile Nino Frassica può essere definito come un '
                'comico surreale e geniale, che ha rivoluzionato il linguaggio '
                'televisivo italiano con il suo umorismo nonsense, fatto di '
                'giochi di parole, paradossi e assurdità solo apparenti. '
                'Attore brillante con una lunga carriera nel cinema e in TV; '
                'conduttore e showman capace di mescolare comicità, musica e '
                'improvvisazione; Figura cult della comicità italiana, '
                'profondamente legata alla tradizione ma sempre originale e '
                'imprevedibile. Biagio Izzo in "Finché giudice non ci separi", '
                'in scena nella seconda parte di stagione 2025/2026 con data '
                'da definire. Tre amici cercano di salvare Massimo dalla '
                "depressione post-divorzio, ma l'arrivo di una misteriosa "
                'vicina ribalta tutto. Una commedia asciutta e ironica sulle '
                'cadute della vita di coppia, che parla direttamente al '
                'pubblico con storie riconoscibili. Biagio Izzo guida lo '
                'spettatore tra risate e verità scomode, con la solita '
                'maestria. UN TEATRO CHE CREDE NEI GIOVANI E NEL TERRITORIO '
                'Oltre ai grandi nomi, il Cilea conferma il suo impegno nella '
                'formazione e nella valorizzazione dei talenti emergenti, con '
                'progetti dedicati alle scuole e collaborazioni con realtà '
                'artistiche locali. Non mancheranno, inoltre, eventi '
                'collaterali come incontri concerti, tributi e performance '
                'site-specific, per un teatro sempre più vivo e '
                'partecipazione. "Questa stagione è un regalo alla nostra '
                'città", commenta Lello Arena. "Napoli ha un rapporto '
                'viscerale con il teatro, e noi vogliamo essere la casa di '
                'tutti: di chi cerca divertimento, di chi vuole emozionarsi, '
                'di chi crede nella cultura come strumento di crescita." INFO '
                'E BIGLIETTERIA Gli abbonamenti e i singoli biglietti sono '
                'disponibili dal 13 giugno sul sito Etes.it oppure presso la '
                'biglietteria del teatro tramite i contatti ufficiali.',
 'image_url': '//citynews-napolitoday.stgy.ovh/~media/horizontal-mid/38469120560673/690a2338-2.jpg',
 'location_address': 'Via San Domenico, 11',
 'location_name': 'Teatro Cilea',
 'price': 'Prezzo non disponibile',
 'scraped_at': '2026-01-28T20:46:37.972519',
 'time_info': 'Orario non disponibile',
 'title': 'Teatro Cilea, presentata la Stagione 2025/2026 tra graditi ritorni '
          'e spettacoli al debutto',
 'url': 'https://www.napolitoday.it/eventi/teatro-cilea-spttacoli-stagione-2025-2026.html',
 'uuid': '1268e730fed9a36b',
 'website': 'https://teatrocilea.it'}
[2026-01-28T20:47:00.454+0000] {docker.py:429} INFO - 2026-01-28 20:47:00 [scrapy.core.engine] DEBUG: Crawled (200) <GET https://www.napolitoday.it/eventi/teatro-instabile-napoli-spettacoli-stagione-2025-2026.html> (referer: https://www.napolitoday.it/eventi/dal/2026-01-28/al/2026-02-01/)
[2026-01-28T20:47:00.567+0000] {docker.py:429} INFO - 2026-01-28 20:47:00 [scrapy.core.scraper] DEBUG: Scraped from <200 https://www.napolitoday.it/eventi/teatro-instabile-napoli-spettacoli-stagione-2025-2026.html>
{'category': 'Teatri',
 'city': 'Napoli',
 'content_hash': '7b6e3c79f8600dfa',
 'date_end': '2026-05-31',
 'date_start': '2025-10-11',
 'dates': [{'date': '2025-10-11', 'weekday': 'Sabato'},
           {'date': '2025-10-12', 'weekday': 'Domenica'},
           {'date': '2025-10-13', 'weekday': 'Lunedì'},
           {'date': '2025-10-14', 'weekday': 'Martedì'},
           {'date': '2025-10-15', 'weekday': 'Mercoledì'},
           {'date': '2025-10-16', 'weekday': 'Giovedì'},
           {'date': '2025-10-17', 'weekday': 'Venerdì'},
           {'date': '2025-10-18', 'weekday': 'Sabato'},
           {'date': '2025-10-19', 'weekday': 'Domenica'},
           {'date': '2025-10-20', 'weekday': 'Lunedì'},
           {'date': '2025-10-21', 'weekday': 'Martedì'},
           {'date': '2025-10-22', 'weekday': 'Mercoledì'},
           {'date': '2025-10-23', 'weekday': 'Giovedì'},
           {'date': '2025-10-24', 'weekday': 'Venerdì'},
           {'date': '2025-10-25', 'weekday': 'Sabato'},
           {'date': '2025-10-26', 'weekday': 'Domenica'},
           {'date': '2025-10-27', 'weekday': 'Lunedì'},
           {'date': '2025-10-28', 'weekday': 'Martedì'},
           {'date': '2025-10-29', 'weekday': 'Mercoledì'},
           {'date': '2025-10-30', 'weekday': 'Giovedì'},
           {'date': '2025-10-31', 'weekday': 'Venerdì'},
           {'date': '2025-11-01', 'weekday': 'Sabato'},
           {'date': '2025-11-02', 'weekday': 'Domenica'},
           {'date': '2025-11-03', 'weekday': 'Lunedì'},
           {'date': '2025-11-04', 'weekday': 'Martedì'},
           {'date': '2025-11-05', 'weekday': 'Mercoledì'},
           {'date': '2025-11-06', 'weekday': 'Giovedì'},
           {'date': '2025-11-07', 'weekday': 'Venerdì'},
           {'date': '2025-11-08', 'weekday': 'Sabato'},
           {'date': '2025-11-09', 'weekday': 'Domenica'},
           {'date': '2025-11-10', 'weekday': 'Lunedì'},
           {'date': '2025-11-11', 'weekday': 'Martedì'},
           {'date': '2025-11-12', 'weekday': 'Mercoledì'},
           {'date': '2025-11-13', 'weekday': 'Giovedì'},
           {'date': '2025-11-14', 'weekday': 'Venerdì'},
           {'date': '2025-11-15', 'weekday': 'Sabato'},
           {'date': '2025-11-16', 'weekday': 'Domenica'},
           {'date': '2025-11-17', 'weekday': 'Lunedì'},
           {'date': '2025-11-18', 'weekday': 'Martedì'},
           {'date': '2025-11-19', 'weekday': 'Mercoledì'},
           {'date': '2025-11-20', 'weekday': 'Giovedì'},
           {'date': '2025-11-21', 'weekday': 'Venerdì'},
           {'date': '2025-11-22', 'weekday': 'Sabato'},
           {'date': '2025-11-23', 'weekday': 'Domenica'},
           {'date': '2025-11-24', 'weekday': 'Lunedì'},
           {'date': '2025-11-25', 'weekday': 'Martedì'},
           {'date': '2025-11-26', 'weekday': 'Mercoledì'},
           {'date': '2025-11-27', 'weekday': 'Giovedì'},
           {'date': '2025-11-28', 'weekday': 'Venerdì'},
           {'date': '2025-11-29', 'weekday': 'Sabato'},
           {'date': '2025-11-30', 'weekday': 'Domenica'},
           {'date': '2025-12-01', 'weekday': 'Lunedì'},
           {'date': '2025-12-02', 'weekday': 'Martedì'},
           {'date': '2025-12-03', 'weekday': 'Mercoledì'},
           {'date': '2025-12-04', 'weekday': 'Giovedì'},
           {'date': '2025-12-05', 'weekday': 'Venerdì'},
           {'date': '2025-12-06', 'weekday': 'Sabato'},
           {'date': '2025-12-07', 'weekday': 'Domenica'},
           {'date': '2025-12-08', 'weekday': 'Lunedì'},
           {'date': '2025-12-09', 'weekday': 'Martedì'},
           {'date': '2025-12-10', 'weekday': 'Mercoledì'},
           {'date': '2025-12-11', 'weekday': 'Giovedì'},
           {'date': '2025-12-12', 'weekday': 'Venerdì'},
           {'date': '2025-12-13', 'weekday': 'Sabato'},
           {'date': '2025-12-14', 'weekday': 'Domenica'},
           {'date': '2025-12-15', 'weekday': 'Lunedì'},
           {'date': '2025-12-16', 'weekday': 'Martedì'},
           {'date': '2025-12-17', 'weekday': 'Mercoledì'},
           {'date': '2025-12-18', 'weekday': 'Giovedì'},
           {'date': '2025-12-19', 'weekday': 'Venerdì'},
           {'date': '2025-12-20', 'weekday': 'Sabato'},
           {'date': '2025-12-21', 'weekday': 'Domenica'},
           {'date': '2025-12-22', 'weekday': 'Lunedì'},
           {'date': '2025-12-23', 'weekday': 'Martedì'},
           {'date': '2025-12-24', 'weekday': 'Mercoledì'},
           {'date': '2025-12-25', 'weekday': 'Giovedì'},
           {'date': '2025-12-26', 'weekday': 'Venerdì'},
           {'date': '2025-12-27', 'weekday': 'Sabato'},
           {'date': '2025-12-28', 'weekday': 'Domenica'},
           {'date': '2025-12-29', 'weekday': 'Lunedì'},
           {'date': '2025-12-30', 'weekday': 'Martedì'},
           {'date': '2025-12-31', 'weekday': 'Mercoledì'},
           {'date': '2026-01-01', 'weekday': 'Giovedì'},
           {'date': '2026-01-02', 'weekday': 'Venerdì'},
           {'date': '2026-01-03', 'weekday': 'Sabato'},
           {'date': '2026-01-04', 'weekday': 'Domenica'},
           {'date': '2026-01-05', 'weekday': 'Lunedì'},
           {'date': '2026-01-06', 'weekday': 'Martedì'},
           {'date': '2026-01-07', 'weekday': 'Mercoledì'},
           {'date': '2026-01-08', 'weekday': 'Giovedì'},
           {'date': '2026-01-09', 'weekday': 'Venerdì'},
           {'date': '2026-01-10', 'weekday': 'Sabato'},
           {'date': '2026-01-11', 'weekday': 'Domenica'},
           {'date': '2026-01-12', 'weekday': 'Lunedì'},
           {'date': '2026-01-13', 'weekday': 'Martedì'},
           {'date': '2026-01-14', 'weekday': 'Mercoledì'},
           {'date': '2026-01-15', 'weekday': 'Giovedì'},
           {'date': '2026-01-16', 'weekday': 'Venerdì'},
           {'date': '2026-01-17', 'weekday': 'Sabato'},
           {'date': '2026-01-18', 'weekday': 'Domenica'},
           {'date': '2026-01-19', 'weekday': 'Lunedì'},
           {'date': '2026-01-20', 'weekday': 'Martedì'},
           {'date': '2026-01-21', 'weekday': 'Mercoledì'},
           {'date': '2026-01-22', 'weekday': 'Giovedì'},
           {'date': '2026-01-23', 'weekday': 'Venerdì'},
           {'date': '2026-01-24', 'weekday': 'Sabato'},
           {'date': '2026-01-25', 'weekday': 'Domenica'},
           {'date': '2026-01-26', 'weekday': 'Lunedì'},
           {'date': '2026-01-27', 'weekday': 'Martedì'},
           {'date': '2026-01-28', 'weekday': 'Mercoledì'},
           {'date': '2026-01-29', 'weekday': 'Giovedì'},
           {'date': '2026-01-30', 'weekday': 'Venerdì'},
           {'date': '2026-01-31', 'weekday': 'Sabato'},
           {'date': '2026-02-01', 'weekday': 'Domenica'},
           {'date': '2026-02-02', 'weekday': 'Lunedì'},
           {'date': '2026-02-03', 'weekday': 'Martedì'},
           {'date': '2026-02-04', 'weekday': 'Mercoledì'},
           {'date': '2026-02-05', 'weekday': 'Giovedì'},
           {'date': '2026-02-06', 'weekday': 'Venerdì'},
           {'date': '2026-02-07', 'weekday': 'Sabato'},
           {'date': '2026-02-08', 'weekday': 'Domenica'},
           {'date': '2026-02-09', 'weekday': 'Lunedì'},
           {'date': '2026-02-10', 'weekday': 'Martedì'},
           {'date': '2026-02-11', 'weekday': 'Mercoledì'},
           {'date': '2026-02-12', 'weekday': 'Giovedì'},
           {'date': '2026-02-13', 'weekday': 'Venerdì'},
           {'date': '2026-02-14', 'weekday': 'Sabato'},
           {'date': '2026-02-15', 'weekday': 'Domenica'},
           {'date': '2026-02-16', 'weekday': 'Lunedì'},
           {'date': '2026-02-17', 'weekday': 'Martedì'},
           {'date': '2026-02-18', 'weekday': 'Mercoledì'},
           {'date': '2026-02-19', 'weekday': 'Giovedì'},
           {'date': '2026-02-20', 'weekday': 'Venerdì'},
           {'date': '2026-02-21', 'weekday': 'Sabato'},
           {'date': '2026-02-22', 'weekday': 'Domenica'},
           {'date': '2026-02-23', 'weekday': 'Lunedì'},
           {'date': '2026-02-24', 'weekday': 'Martedì'},
           {'date': '2026-02-25', 'weekday': 'Mercoledì'},
           {'date': '2026-02-26', 'weekday': 'Giovedì'},
           {'date': '2026-02-27', 'weekday': 'Venerdì'},
           {'date': '2026-02-28', 'weekday': 'Sabato'},
           {'date': '2026-03-01', 'weekday': 'Domenica'},
           {'date': '2026-03-02', 'weekday': 'Lunedì'},
           {'date': '2026-03-03', 'weekday': 'Martedì'},
           {'date': '2026-03-04', 'weekday': 'Mercoledì'},
           {'date': '2026-03-05', 'weekday': 'Giovedì'},
           {'date': '2026-03-06', 'weekday': 'Venerdì'},
           {'date': '2026-03-07', 'weekday': 'Sabato'},
           {'date': '2026-03-08', 'weekday': 'Domenica'},
           {'date': '2026-03-09', 'weekday': 'Lunedì'},
           {'date': '2026-03-10', 'weekday': 'Martedì'},
           {'date': '2026-03-11', 'weekday': 'Mercoledì'},
           {'date': '2026-03-12', 'weekday': 'Giovedì'},
           {'date': '2026-03-13', 'weekday': 'Venerdì'},
           {'date': '2026-03-14', 'weekday': 'Sabato'},
           {'date': '2026-03-15', 'weekday': 'Domenica'},
           {'date': '2026-03-16', 'weekday': 'Lunedì'},
           {'date': '2026-03-17', 'weekday': 'Martedì'},
           {'date': '2026-03-18', 'weekday': 'Mercoledì'},
           {'date': '2026-03-19', 'weekday': 'Giovedì'},
           {'date': '2026-03-20', 'weekday': 'Venerdì'},
           {'date': '2026-03-21', 'weekday': 'Sabato'},
           {'date': '2026-03-22', 'weekday': 'Domenica'},
           {'date': '2026-03-23', 'weekday': 'Lunedì'},
           {'date': '2026-03-24', 'weekday': 'Martedì'},
           {'date': '2026-03-25', 'weekday': 'Mercoledì'},
           {'date': '2026-03-26', 'weekday': 'Giovedì'},
           {'date': '2026-03-27', 'weekday': 'Venerdì'},
           {'date': '2026-03-28', 'weekday': 'Sabato'},
           {'date': '2026-03-29', 'weekday': 'Domenica'},
           {'date': '2026-03-30', 'weekday': 'Lunedì'},
           {'date': '2026-03-31', 'weekday': 'Martedì'},
           {'date': '2026-04-01', 'weekday': 'Mercoledì'},
           {'date': '2026-04-02', 'weekday': 'Giovedì'},
           {'date': '2026-04-03', 'weekday': 'Venerdì'},
           {'date': '2026-04-04', 'weekday': 'Sabato'},
           {'date': '2026-04-05', 'weekday': 'Domenica'},
           {'date': '2026-04-06', 'weekday': 'Lunedì'},
           {'date': '2026-04-07', 'weekday': 'Martedì'},
           {'date': '2026-04-08', 'weekday': 'Mercoledì'},
           {'date': '2026-04-09', 'weekday': 'Giovedì'},
           {'date': '2026-04-10', 'weekday': 'Venerdì'},
           {'date': '2026-04-11', 'weekday': 'Sabato'},
           {'date': '2026-04-12', 'weekday': 'Domenica'},
           {'date': '2026-04-13', 'weekday': 'Lunedì'},
           {'date': '2026-04-14', 'weekday': 'Martedì'},
           {'date': '2026-04-15', 'weekday': 'Mercoledì'},
           {'date': '2026-04-16', 'weekday': 'Giovedì'},
           {'date': '2026-04-17', 'weekday': 'Venerdì'},
           {'date': '2026-04-18', 'weekday': 'Sabato'},
           {'date': '2026-04-19', 'weekday': 'Domenica'},
           {'date': '2026-04-20', 'weekday': 'Lunedì'},
           {'date': '2026-04-21', 'weekday': 'Martedì'},
           {'date': '2026-04-22', 'weekday': 'Mercoledì'},
           {'date': '2026-04-23', 'weekday': 'Giovedì'},
           {'date': '2026-04-24', 'weekday': 'Venerdì'},
           {'date': '2026-04-25', 'weekday': 'Sabato'},
           {'date': '2026-04-26', 'weekday': 'Domenica'},
           {'date': '2026-04-27', 'weekday': 'Lunedì'},
           {'date': '2026-04-28', 'weekday': 'Martedì'},
           {'date': '2026-04-29', 'weekday': 'Mercoledì'},
           {'date': '2026-04-30', 'weekday': 'Giovedì'},
           {'date': '2026-05-01', 'weekday': 'Venerdì'},
           {'date': '2026-05-02', 'weekday': 'Sabato'},
           {'date': '2026-05-03', 'weekday': 'Domenica'},
           {'date': '2026-05-04', 'weekday': 'Lunedì'},
           {'date': '2026-05-05', 'weekday': 'Martedì'},
           {'date': '2026-05-06', 'weekday': 'Mercoledì'},
           {'date': '2026-05-07', 'weekday': 'Giovedì'},
           {'date': '2026-05-08', 'weekday': 'Venerdì'},
           {'date': '2026-05-09', 'weekday': 'Sabato'},
           {'date': '2026-05-10', 'weekday': 'Domenica'},
           {'date': '2026-05-11', 'weekday': 'Lunedì'},
           {'date': '2026-05-12', 'weekday': 'Martedì'},
           {'date': '2026-05-13', 'weekday': 'Mercoledì'},
           {'date': '2026-05-14', 'weekday': 'Giovedì'},
           {'date': '2026-05-15', 'weekday': 'Venerdì'},
           {'date': '2026-05-16', 'weekday': 'Sabato'},
           {'date': '2026-05-17', 'weekday': 'Domenica'},
           {'date': '2026-05-18', 'weekday': 'Lunedì'},
           {'date': '2026-05-19', 'weekday': 'Martedì'},
           {'date': '2026-05-20', 'weekday': 'Mercoledì'},
           {'date': '2026-05-21', 'weekday': 'Giovedì'},
           {'date': '2026-05-22', 'weekday': 'Venerdì'},
           {'date': '2026-05-23', 'weekday': 'Sabato'},
           {'date': '2026-05-24', 'weekday': 'Domenica'},
           {'date': '2026-05-25', 'weekday': 'Lunedì'},
           {'date': '2026-05-26', 'weekday': 'Martedì'},
           {'date': '2026-05-27', 'weekday': 'Mercoledì'},
           {'date': '2026-05-28', 'weekday': 'Giovedì'},
           {'date': '2026-05-29', 'weekday': 'Venerdì'},
           {'date': '2026-05-30', 'weekday': 'Sabato'},
           {'date': '2026-05-31', 'weekday': 'Domenica'}],
 'description': '"La nuova stagione del Teatro Instabile Napoli - si presenta '
                'come un laboratorio vitale di contaminazioni e visioni, dove '
                'si intrecciano teatro di parola e danza, incursioni nei '
                'grandi classici e nella drammaturgia contemporanea, con uno '
                'sguardo che abbraccia la letteratura straniera senza '
                'dimenticare le radici del territorio. Un cartellone '
                'composito, pensato come un viaggio nell’anima del nostro '
                'tempo, capace di alternare profondità e leggerezza, '
                'riflessione e poesia scenica. Due debutti assoluti aprono la '
[2026-01-28T20:47:00.568+0000] {docker.py:429} INFO - 'stagione: “Edipo re” di Gianmarco Cesario, una rilettura '
                'intensa di Edipo Re, mito senza tempo che parla all’oggi, e '
                '“Confessioni di una travestita in attesa di pensione '
                'd’invalidità” di Pasquale Ferro, inedito affondo teatrale '
                'sull’identità e la resilienza. Tornano in scena, accolti con '
                'entusiasmo dal pubblico, i successi “Mater Camorra” e “Io non '
                'dimentico”, testimonianze teatrali che non smettono di '
                'interrogare la memoria collettiva. A firmare la stagione, un '
                'parterre di interpreti d’eccezione: Benedetto Casillo, Nunzia '
                'Schiano, Mariano Gallo, Vincenzo Merolla, Mario Brancaccio, '
                'Gigi Savoia, Gino Curcione, Nando Varriale – volti amati del '
                'panorama teatrale e televisivo, protagonisti di una stagione '
                'che vuole essere, prima di tutto, un invito a ritrovarsi, '
                'pensare, emozionarsi. Infine abbiamo scelto per questa '
                'stagione la formula della data secca per quasi tutti gli '
                'spettacoli aprendo, così, il nostro spazio a più proposte '
                'artistiche. Ancora una stagione che spazia in tanti generi '
                'differenti e che viene incontro alle esigenze del pubblico '
                'che ci segue. Musica, prosa, cabaret, danza, dunque, animano '
                'le serate di quest’anno". Così presenta la nuova stagione '
                'teatrale il direttore artistico Gianni Sallustro. "Iside e la '
                'Luna" di Francesca Esposito che firma anche la regia apre la '
                'stagione l’11 ottobre. Un viaggio teatrale che fonde teatro, '
                'canto popolare e danza col fuoco/fluo. A seguire il 19 '
                'ottobre “ Napoli. Miserere” il concerto-racconto sulla Napoli '
                'degli ultimi di e con Valerio Bruner . Sarah Falanga dirige '
                'ed interpreta, il 25 ottobre, “Medeae …da Euripide in poi” la '
                'visione "globale" del ruolo che questo personaggio ha avuto '
                'nel corso dei secoli. “ Piccoli crimini coniugali” , la '
                'brillante commedia nera con una suspense sorprendente, con '
                'Anita Mosca e Peppe Carosella , che firma anche la regia, va '
                'in scena il 26 ottobre. "Bella da morire" di Tiziana Beato e '
                'Antonio Mocciola , apre la programmazione di novembre, l’8, '
                'con Carmen Tejedera per la regia di Giorgia Filanti racconta '
                'l’originale storia di Anna, una dead men make up. “Trattami '
                'bene” di e con la regia di Antonio Mocciola esplora Marlon '
                'Brando e James Dean nella loro intimità è la proposta del 9, '
                'mentre il 14 è la volta di “Gli scherzi di Cechov – ovvero: i '
                '33 svenimenti” con la regia di Ettore Nigro , una messinscena '
                'di Cechov inteso come anatomista del grottesco umano. Il 15 è '
                'in programma “Donne e madonne” per la regia di Myriam '
                'Lattanzio , una immersione nella complessità e bellezza della '
                'figura della Madonna. A seguire il 16 sarà in scena “ ‘Na '
                'sceneggiata ” di, con e diretto da Vincenzo Merolla sul brano '
                '“Pupatella” musica di Francesco Buongiovanni testo di Libero '
                'Bovio. Torna in scena il 29 e 30 novembre, dopo il successo '
                'dello scorso anno, “ Cari bambini” , l’atto unico di teatro '
                'danza di e con Salvatore Cataldo . Mese di dicembre molto '
                'ricco: il 6 dicembre ci sarà “ Reggi qui un attimo” di e con '
                'Patrizia Eger e con Maria Strazzullo e le musiche di Sergio '
                'Mautone, spettacolo a metà tra concerto e conversazione '
                'sull’amore; il 7 Elisabetta D’Acunzo in “ Suspire d’ammore” '
                'serenata per chitarra e voce con Aniello Palomba. Benedetto '
                'Casillo fa tappa al Tin in una “Serata d’onore” il 13 '
                'dicembre. Gino Curcione presenta il 14 e 20 dicembre '
                '“Nummere” il fortunato spettacolo sulla tombola che replica '
                'anche il 6 gennaio. Il 27 e 28 dicembre debutta “ Edipo re” '
                'di Sofocle per la regia di Gianmarco Cesario con Gianni '
                'Sallustro e in o.a. Mario Brancaccio, Peppe Carosella, Simona '
                'Esposito, Ciro Pellegrino, Nicla Tirozzi e la compagnia dell’ '
                'Accademia Vesuviana del Teatro e Cinema . “Io non dimentico” '
                'con e diretto da Gianni Sallustro va in scena il 24 gennaio '
                '2026 con Antonio Masullo , uno spettacolo che racconta gli '
                'orrori nazisti. In replica il 25 aprile. Incursione nella '
                'comicità di Nando Varriale il 25 gennaio con “Il cabarettista '
                'sono io: ma i comici siete voi” . Il 30, 31 gennaio e primo '
                'febbraio è la volta di “L’equazione della libertà – nella '
                'mente di Renato Caccioppoli” di Andrea Cerasuolo e Carlo '
                'Conte per la regia di Marilena Zanniello. A seguire il 7 e 8 '
                'febbraio va in scena “Il bacio sull’asfalto” di Nelson '
                'Rodrigues di e con la regia di Anita Mosca per indagare la '
                'vita di Arandir, insinuando tradimenti, perversioni e altri '
                'segreti. “Isolamadre” è lo spettacolo scritto e diretto da '
                'Raffaele Ceriello in scena il 14 e 15 febbraio. Il 21 e 22 '
                'sarà la volta di “La stazione” di Umberto Marino per la regia '
                'di Gianmarco Cesario con Roberto Capasso una finestra sugli '
                'anni Ottanta italiani, un decennio carico di contraddizioni, '
                'slanci e disillusioni. Il primo marzo torna Ensemble Musica '
                'Reservata con “ La papara” tratto da Basile. Da non perdere '
                'il debutto in prima assoluta dal 6 all’8 marzo “Confessioni '
                'di una travestita in attesa di pensione d’invalidità” di '
                'Pasquale Ferro , con Mariano Gallo e con Gino Curcione . '
                'Regia Gianni Sallustro . Lo spettacolo è l’esperienza di una '
                'donna transessuale che racconta la propria vita. “Der boxer – '
                'Ballata per Johann Trollmann” è il monologo di e con Michele '
                'Vargiu con le musiche originali eseguite dal vivo da Gianluca '
                'Dessì che sarà in scena il 22 marzo e a seguire il 28 e 29 '
                'Nunzia Schiano, diretta da Francesco Mucci in “Mater '
                'purgatorii” , monologo sulla figura della madre. Aprile 2026 '
                'si apre l’11 con “Amor mio, basto io?” da un’idea di '
                'Gianmarco Cesario con Daniela Cenciotti e Gianmarco Cesario e '
                'al piano Luigi Longobardi. Ancora per aprile il 19 l’Ensemble '
                '33 propone “Canti e melodie nella Napoli del ‘500 e ‘600”. '
                '“Io Anna Magnani? …l’essenza e la poesia di un mito ” '
                'scritto, diretto ed interpretato da Sarah Falanga sarà in '
                'scena il 19, mentre il 26 aprile e l’8 maggio Patrizia '
                'Palmieri dirige Vincenzo Merolla in “ Ferdinà” . Il 9 maggio '
                'Antonio Mocciola è autore di “ Leopardi omissis Ranieri” per '
                'la regia di Leonardo Noto anche interprete con Emanuele Luigi '
                'Cuomo . Torna “Mater camorra” di e con Nicla Tirozzi e Gianni '
                'Sallustro che ne firma anche la regia, in scena il 15, 16 e '
                '17 maggio 2026. Chiude la stagione “ Novelle novità” di '
                'Giorgio Albertazzi con Mario Brancaccio , anche regista dello '
                'spettacolo, Simona Esposito e con la partecipazione di Gigi '
                'Savoia. INFO Costo biglietti: intero: € 15.00 ridotto: € '
                '13.00 Info teatro: Vico del Fico al Purgatorio, 36 331 353 '
                '2137 info@teatroinstabilenapoli.it',
 'image_url': '//citynews-napolitoday.stgy.ovh/~media/horizontal-mid/9255048056637/esterno-tin.jpg',
 'location_address': 'Vico del Fico Al Purgatorio, 36',
 'location_name': 'Tin Teatro Instabile Napoli',
 'price': 'Prezzo non disponibile',
 'scraped_at': '2026-01-28T20:46:37.972117',
 'time_info': 'Orario non disponibile',
 'title': 'La stagione 2025-26 del Teatro Instabile Napoli tra debutti '
          'assoluti, ritorni attesi e un mosaico di linguaggi scenici',
 'url': 'https://www.napolitoday.it/eventi/teatro-instabile-napoli-spettacoli-stagione-2025-2026.html',
 'uuid': '32958bc4ef0ef1c8',
 'website': 'https://www.teatroinstabilenapoli.com/'}
[2026-01-28T20:47:03.299+0000] {docker.py:429} INFO - 2026-01-28 20:47:03 [scrapy.core.engine] DEBUG: Crawled (200) <GET https://www.napolitoday.it/eventi/gallerie-italia-napoli-mostra-donne-nella-napoli-spagnola-un-altro-seicento.html> (referer: https://www.napolitoday.it/eventi/dal/2026-01-28/al/2026-02-01/)
[2026-01-28T20:47:03.410+0000] {docker.py:429} INFO - 2026-01-28 20:47:03 [scrapy.core.scraper] DEBUG: Scraped from <200 https://www.napolitoday.it/eventi/gallerie-italia-napoli-mostra-donne-nella-napoli-spagnola-un-altro-seicento.html>
{'category': 'Mostre',
 'city': 'Napoli',
 'content_hash': '61a7d2297f80c2b5',
 'date_end': '2026-03-22',
 'date_start': '2025-11-20',
 'dates': [{'date': '2025-11-20', 'weekday': 'Giovedì'},
           {'date': '2025-11-21', 'weekday': 'Venerdì'},
           {'date': '2025-11-22', 'weekday': 'Sabato'},
           {'date': '2025-11-23', 'weekday': 'Domenica'},
           {'date': '2025-11-24', 'weekday': 'Lunedì'},
           {'date': '2025-11-25', 'weekday': 'Martedì'},
           {'date': '2025-11-26', 'weekday': 'Mercoledì'},
           {'date': '2025-11-27', 'weekday': 'Giovedì'},
           {'date': '2025-11-28', 'weekday': 'Venerdì'},
           {'date': '2025-11-29', 'weekday': 'Sabato'},
           {'date': '2025-11-30', 'weekday': 'Domenica'},
           {'date': '2025-12-01', 'weekday': 'Lunedì'},
           {'date': '2025-12-02', 'weekday': 'Martedì'},
           {'date': '2025-12-03', 'weekday': 'Mercoledì'},
           {'date': '2025-12-04', 'weekday': 'Giovedì'},
           {'date': '2025-12-05', 'weekday': 'Venerdì'},
           {'date': '2025-12-06', 'weekday': 'Sabato'},
           {'date': '2025-12-07', 'weekday': 'Domenica'},
           {'date': '2025-12-08', 'weekday': 'Lunedì'},
           {'date': '2025-12-09', 'weekday': 'Martedì'},
           {'date': '2025-12-10', 'weekday': 'Mercoledì'},
           {'date': '2025-12-11', 'weekday': 'Giovedì'},
           {'date': '2025-12-12', 'weekday': 'Venerdì'},
           {'date': '2025-12-13', 'weekday': 'Sabato'},
           {'date': '2025-12-14', 'weekday': 'Domenica'},
           {'date': '2025-12-15', 'weekday': 'Lunedì'},
           {'date': '2025-12-16', 'weekday': 'Martedì'},
           {'date': '2025-12-17', 'weekday': 'Mercoledì'},
           {'date': '2025-12-18', 'weekday': 'Giovedì'},
           {'date': '2025-12-19', 'weekday': 'Venerdì'},
           {'date': '2025-12-20', 'weekday': 'Sabato'},
           {'date': '2025-12-21', 'weekday': 'Domenica'},
           {'date': '2025-12-22', 'weekday': 'Lunedì'},
           {'date': '2025-12-23', 'weekday': 'Martedì'},
           {'date': '2025-12-24', 'weekday': 'Mercoledì'},
           {'date': '2025-12-25', 'weekday': 'Giovedì'},
           {'date': '2025-12-26', 'weekday': 'Venerdì'},
           {'date': '2025-12-27', 'weekday': 'Sabato'},
           {'date': '2025-12-28', 'weekday': 'Domenica'},
           {'date': '2025-12-29', 'weekday': 'Lunedì'},
           {'date': '2025-12-30', 'weekday': 'Martedì'},
           {'date': '2025-12-31', 'weekday': 'Mercoledì'},
           {'date': '2026-01-01', 'weekday': 'Giovedì'},
           {'date': '2026-01-02', 'weekday': 'Venerdì'},
           {'date': '2026-01-03', 'weekday': 'Sabato'},
           {'date': '2026-01-04', 'weekday': 'Domenica'},
           {'date': '2026-01-05', 'weekday': 'Lunedì'},
           {'date': '2026-01-06', 'weekday': 'Martedì'},
           {'date': '2026-01-07', 'weekday': 'Mercoledì'},
           {'date': '2026-01-08', 'weekday': 'Giovedì'},
           {'date': '2026-01-09', 'weekday': 'Venerdì'},
           {'date': '2026-01-10', 'weekday': 'Sabato'},
           {'date': '2026-01-11', 'weekday': 'Domenica'},
           {'date': '2026-01-12', 'weekday': 'Lunedì'},
           {'date': '2026-01-13', 'weekday': 'Martedì'},
           {'date': '2026-01-14', 'weekday': 'Mercoledì'},
           {'date': '2026-01-15', 'weekday': 'Giovedì'},
           {'date': '2026-01-16', 'weekday': 'Venerdì'},
           {'date': '2026-01-17', 'weekday': 'Sabato'},
           {'date': '2026-01-18', 'weekday': 'Domenica'},
           {'date': '2026-01-19', 'weekday': 'Lunedì'},
           {'date': '2026-01-20', 'weekday': 'Martedì'},
           {'date': '2026-01-21', 'weekday': 'Mercoledì'},
           {'date': '2026-01-22', 'weekday': 'Giovedì'},
           {'date': '2026-01-23', 'weekday': 'Venerdì'},
           {'date': '2026-01-24', 'weekday': 'Sabato'},
           {'date': '2026-01-25', 'weekday': 'Domenica'},
           {'date': '2026-01-26', 'weekday': 'Lunedì'},
           {'date': '2026-01-27', 'weekday': 'Martedì'},
           {'date': '2026-01-28', 'weekday': 'Mercoledì'},
           {'date': '2026-01-29', 'weekday': 'Giovedì'},
           {'date': '2026-01-30', 'weekday': 'Venerdì'},
           {'date': '2026-01-31', 'weekday': 'Sabato'},
           {'date': '2026-02-01', 'weekday': 'Domenica'},
           {'date': '2026-02-02', 'weekday': 'Lunedì'},
           {'date': '2026-02-03', 'weekday': 'Martedì'},
           {'date': '2026-02-04', 'weekday': 'Mercoledì'},
           {'date': '2026-02-05', 'weekday': 'Giovedì'},
           {'date': '2026-02-06', 'weekday': 'Venerdì'},
           {'date': '2026-02-07', 'weekday': 'Sabato'},
           {'date': '2026-02-08', 'weekday': 'Domenica'},
           {'date': '2026-02-09', 'weekday': 'Lunedì'},
           {'date': '2026-02-10', 'weekday': 'Martedì'},
           {'date': '2026-02-11', 'weekday': 'Mercoledì'},
           {'date': '2026-02-12', 'weekday': 'Giovedì'},
           {'date': '2026-02-13', 'weekday': 'Venerdì'},
           {'date': '2026-02-14', 'weekday': 'Sabato'},
           {'date': '2026-02-15', 'weekday': 'Domenica'},
           {'date': '2026-02-16', 'weekday': 'Lunedì'},
           {'date': '2026-02-17', 'weekday': 'Martedì'},
           {'date': '2026-02-18', 'weekday': 'Mercoledì'},
           {'date': '2026-02-19', 'weekday': 'Giovedì'},
           {'date': '2026-02-20', 'weekday': 'Venerdì'},
           {'date': '2026-02-21', 'weekday': 'Sabato'},
           {'date': '2026-02-22', 'weekday': 'Domenica'},
           {'date': '2026-02-23', 'weekday': 'Lunedì'},
           {'date': '2026-02-24', 'weekday': 'Martedì'},
           {'date': '2026-02-25', 'weekday': 'Mercoledì'},
           {'date': '2026-02-26', 'weekday': 'Giovedì'},
           {'date': '2026-02-27', 'weekday': 'Venerdì'},
           {'date': '2026-02-28', 'weekday': 'Sabato'},
           {'date': '2026-03-01', 'weekday': 'Domenica'},
           {'date': '2026-03-02', 'weekday': 'Lunedì'},
           {'date': '2026-03-03', 'weekday': 'Martedì'},
           {'date': '2026-03-04', 'weekday': 'Mercoledì'},
           {'date': '2026-03-05', 'weekday': 'Giovedì'},
           {'date': '2026-03-06', 'weekday': 'Venerdì'},
           {'date': '2026-03-07', 'weekday': 'Sabato'},
           {'date': '2026-03-08', 'weekday': 'Domenica'},
           {'date': '2026-03-09', 'weekday': 'Lunedì'},
           {'date': '2026-03-10', 'weekday': 'Martedì'},
           {'date': '2026-03-11', 'weekday': 'Mercoledì'},
           {'date': '2026-03-12', 'weekday': 'Giovedì'},
           {'date': '2026-03-13', 'weekday': 'Venerdì'},
           {'date': '2026-03-14', 'weekday': 'Sabato'},
           {'date': '2026-03-15', 'weekday': 'Domenica'},
           {'date': '2026-03-16', 'weekday': 'Lunedì'},
           {'date': '2026-03-17', 'weekday': 'Martedì'},
           {'date': '2026-03-18', 'weekday': 'Mercoledì'},
           {'date': '2026-03-19', 'weekday': 'Giovedì'},
           {'date': '2026-03-20', 'weekday': 'Venerdì'},
           {'date': '2026-03-21', 'weekday': 'Sabato'},
           {'date': '2026-03-22', 'weekday': 'Domenica'}],
 'description': 'Intesa Sanpaolo apre al pubblico alle Gallerie d’Italia – '
                'Napoli , dal 20 novembre 2025 al 22 marzo 2026, la mostra '
                '"Donne nella Napoli spagnola. Un altro Seicento" a cura di '
                'Antonio Ernesto Denunzio, Raffaella Morselli, Giuseppe Porzio '
                'ed Eve Straussman-Pflanzer, dedicata al ruolo delle donne '
                'nelle arti del Seicento a Napoli. L’esposizione, realizzata '
                'con il patrocinio istituzionale dell’Ambasciata di Spagna in '
                'Italia, il patrocinio del Comune di Napoli e la '
                'partecipazione dell’Università di Napoli L’Orientale, '
                'presenta sessantanove opere tra dipinti, disegni, '
                'manoscritti, sculture e manifatture provenienti da importanti '
                'musei italiani e internazionali, tra cui il Museo del Prado '
                'di Madrid, le collezioni reali spagnole, la National Gallery '
                'di Washington e la Fundación Casa Ducal de Medinaceli di '
                'Siviglia, con un grande capolavoro di Ribera che ritorna '
                'eccezionalmente a Napoli. Nonostante il crescente interesse '
                'del pubblico per le questioni di genere nella storia moderna, '
                'la storiografia sull’arte napoletana del Seicento si è finora '
                'concentrata quasi esclusivamente sulla figura di Artemisia '
                'Gentileschi , la cui lunga stagione meridionale è stata '
                'recentemente approfondita dalla rassegna monografica delle '
                'Gallerie d’Italia di Napoli (2022-2023). La nuova mostra '
                'amplia invece lo sguardo all’intero secolo, indagando il '
                'contributo femminile alla cultura artistica napoletana con '
                'l’obiettivo di riportare all’attenzione episodi e '
                'protagoniste rimasti finora confinati nella bibliografia '
                'specialistica. Fondato su nuove ricerche d’archivio, recuperi '
                'conservativi e specifiche campagne fotografiche, il progetto '
                'intende costituire un solido punto di partenza per ogni '
                'futura indagine in un campo di studi ancora frammentario. Il '
                'percorso espositivo prende le mosse dalle rare ma decisive '
                'presenze a Napoli di opere di artiste “forestiere” come '
                'Lavinia Fontana e Fede Galizia. Realizzati agli inizi del '
                'secolo, in suggestivo parallelo con le novità introdotte da '
                'Caravaggio, questi lavori – tra ritratti e pale d’altare – '
                'testimoniano le fitte trame commerciali, collezionistiche e '
                'sociali di cui la città fu crocevia. Un momento cruciale '
                'della storia artistica del Seicento napoletano, e quindi del '
                'percorso della mostra, è rappresentato dal soggiorno '
                'dell’infanta Maria d’Austria, sorella di Filippo IV e regina '
                'd’Ungheria, tra l’agosto e il dicembre 1630: un evento di '
                'grande risonanza “mediatica”, dalle significative '
                'implicazioni per la storia dell’arte e per quella di genere. '
                'Vertici di questa congiuntura sono il ritratto dell’infanta '
                'eseguito da Diego Velázquez (dal Museo del Prado) e quello, '
                'sconvolgente per forza realistica, di Maddalena Ventura, la '
                'celebre “donna barbuta” degli Abruzzi, realizzato da Jusepe '
                'de Ribera per il viceré duca di Alcalá (prestito eccezionale '
                'della Fundación Casa Ducal de Medinaceli). In questo stesso '
                'fervido contesto si collocano sia l’arrivo di Artemisia '
                'Gentileschi – di cui si presentano importanti dipinti mai '
                'esposti in Italia, concessi da musei di Boston, Sarasota e '
                'Oslo – sia il breve e sfortunato passaggio in città di '
                'Giovanna Garzoni . Ampio spazio è dedicato alla figura di '
                'Diana Di Rosa , detta Annella di Massimo, vero e proprio '
                'corrispettivo napoletano di Artemisia , delle cui qualità '
                'artistiche la mostra del 2022-2023 aveva già offerto un '
                'eloquente saggio. Una sezione speciale è riservata a due '
                'celebri dive napoletane del Seicento: Andreana Basile , la '
                'più grande cantante del suo tempo, contesa dalle corti '
                'italiane, e Giulia Di Caro , la cui straordinaria parabola – '
                'da meretrice a impresaria teatrale – costituisce un '
                'impressionante esempio di emancipazione femminile e di '
                'riscatto sociale. Accanto a nomi affermati, la mostra '
                'valorizza anche personalità oggi meno note, come Teresa Del '
                'Po , attiva tra Roma e Napoli – «pittrice, diligentissima '
                'miniatrice ed accuratissima intagliatrice in acquaforte», '
                'secondo Leone Pascoli – e la ceroplasta Caterina De Julianis '
                '. Queste ultime due artiste illustrano il contributo '
                'femminile nell’ambito, solo apparentemente minore, delle arti '
                'applicate: la loro presentazione è arricchita dal confronto '
                'con opere prodotte nel loro stesso ambiente e, nel caso di De '
                'Julianis, da un ambizioso dialogo con la scultrice barocca '
                'andalusa Luisa Roldán , esponente di quella comune cultura '
                'mediterranea di cui Napoli, centro di prim’ordine nel sistema '
                'imperiale spagnolo, era parte integrante. Michele Coppola, '
                'Executive Director Arte, Cultura e Beni Storici Intesa '
                'Sanpaolo e Direttore Generale delle Gallerie d’Italia, '
                'afferma: “Le Gallerie d’Italia concludono la programmazione '
                'dell’anno con una preziosa esposizione, un progetto di '
                'riscoperta di artiste e opere straordinarie, frutto di nuovi '
                'studi, supportato dai migliori curatori, accompagnato da '
                'ricerche negli archivi e da restauri, arricchito da prestiti '
                'eccezionali grazie al dialogo con importanti istituzioni del '
                'Paese e del mondo. Un altro Seicento è un’iniziativa di '
                'prestigio internazionale che prende avvio da un '
                'approfondimento su un capitolo significativo della storia '
                'artistica di Napoli, sottolineando ancora una volta il ruolo '
                'di riferimento delle Gallerie d’Italia nella promozione del '
                'patrimonio culturale italiano. Questa mostra, insieme al '
                'nostro meraviglioso Caravaggio e alle collezioni ospitate nel '
                'museo di via Toledo, credo sia un appuntamento imperdibile '
                'per quanti visiteranno Napoli durante le festività '
                'natalizie.” Il catalogo della mostra è realizzato da Società '
                'Editrice Allemandi . Il museo di Napoli, insieme a quelli di '
                'Milano, Torino e Vicenza, è parte del progetto museale '
                'Gallerie d’Italia di Intesa Sanpaolo, guidato da Michele '
                'Coppola , Executive Director Arte, Cultura e Beni Storici '
                'della Banca e Direttore Generale delle Gallerie d’Italia. IN '
                'FOTO: allestimento della mostra (Immagini di allestimento a '
                'cura di Salvatore Laporta)',
 'image_url': '//citynews-napolitoday.stgy.ovh/~media/horizontal-mid/20275260194778/lap1931salvatorelaporta.jpeg',
 'location_address': None,
 'location_name': 'Gallerie d’Italia – Napoli, museo di Intesa Sanpaolo',
 'price': 'Prezzo non disponibile',
 'scraped_at': '2026-01-28T20:46:37.971705',
 'time_info': 'Orario non disponibile',
 'title': 'Alle Gallerie d\'Italia - Napoli, la mostra "Donne nella Napoli '
          'spagnola. Un altro Seicento"',
 'url': 'https://www.napolitoday.it/eventi/gallerie-italia-napoli-mostra-donne-nella-napoli-spagnola-un-altro-seicento.html',
 'uuid': '3639ab11842a0671'}
[2026-01-28T20:47:03.927+0000] {docker.py:429} INFO - 2026-01-28 20:47:03 [scrapy.core.engine] DEBUG: Crawled (200) <GET https://www.napolitoday.it/eventi/napoli-explosion-mostra-mario-amura-real-albergo-poveri.html> (referer: https://www.napolitoday.it/eventi/dal/2026-01-28/al/2026-02-01/)
[2026-01-28T20:47:04.035+0000] {docker.py:429} INFO - 2026-01-28 20:47:04 [scrapy.core.scraper] DEBUG: Scraped from <200 https://www.napolitoday.it/eventi/napoli-explosion-mostra-mario-amura-real-albergo-poveri.html>
{'category': 'Mostre',
 'city': 'Napoli',
 'content_hash': 'bae8896ca94c579f',
 'date_end': '2026-03-08',
 'date_start': '2025-12-15',
 'dates': [{'date': '2025-12-17',
            'time_end': '18:00',
            'time_start': '09:00',
            'weekday': 'Mercoledì'},
           {'date': '2025-12-24',
            'time_end': '18:00',
            'time_start': '09:00',
            'weekday': 'Mercoledì'},
           {'date': '2025-12-31',
            'time_end': '18:00',
            'time_start': '09:00',
            'weekday': 'Mercoledì'},
           {'date': '2026-01-07',
            'time_end': '18:00',
            'time_start': '09:00',
            'weekday': 'Mercoledì'},
           {'date': '2026-01-14',
            'time_end': '18:00',
            'time_start': '09:00',
            'weekday': 'Mercoledì'},
           {'date': '2026-01-21',
            'time_end': '18:00',
            'time_start': '09:00',
            'weekday': 'Mercoledì'},
           {'date': '2026-01-28',
            'time_end': '18:00',
            'time_start': '09:00',
            'weekday': 'Mercoledì'},
           {'date': '2026-02-04',
            'time_end': '18:00',
            'time_start': '09:00',
            'weekday': 'Mercoledì'},
           {'date': '2026-02-11',
            'time_end': '18:00',
            'time_start': '09:00',
            'weekday': 'Mercoledì'},
           {'date': '2026-02-18',
            'time_end': '18:00',
            'time_start': '09:00',
            'weekday': 'Mercoledì'},
           {'date': '2026-02-25',
            'time_end': '18:00',
            'time_start': '09:00',
            'weekday': 'Mercoledì'},
           {'date': '2026-03-04',
            'time_end': '18:00',
            'time_start': '09:00',
            'weekday': 'Mercoledì'}],
 'description': 'A Napoli il Capodanno non è una semplice notte di festa: è un '
                'rito collettivo, un gesto identitario che coinvolge l’intera '
                'città. Allo scoccare della mezzanotte, i quartieri, le '
                'colline, il mare e il Vesuvio diventano un unico palcoscenico '
                'luminoso. Migliaia di fuochi d’artificio, accesi '
                'simultaneamente, trasformano il cielo in una trama di luce '
                'condivisa, espressione spontanea di una comunità che celebra '
                'se stessa, il tempo che passa e quello che ricomincia. È un '
                'evento che appartiene alla storia urbana, alla cultura '
                'popolare e all’immaginario visivo di Napoli. Da questo rito '
                'nasce “Napoli Explosion”, la nuova mostra di Mario Amura, in '
                'programma al Real Albergo dei Poveri dal 15 dicembre 2025 '
                'all’8 marzo 2026, a cura di Sylvain Bellenger, storico '
                'dell’arte ed ex Direttore del Museo e Real Bosco di '
                'Capodimonte. La mostra è prodotta dalla Casa delle Tecnologie '
                'Emergenti Infiniti Mondi del Comune di Napoli e rappresenta '
                'il momento di conclusione della fase di implementazione, in '
                'collaborazione con il creative tech studio Napex di Mario '
                'Amura e con il patrocinio di Napoli 2500. Il progetto è il '
                'risultato di quindici anni di documentazione del Capodanno '
                'napoletano: ogni 31 dicembre, dal Monte Faito, Mario Amura '
                'osserva e registra l’immenso spettacolo luminoso che avvolge '
                'la città. Un’azione collettiva, anonima e simultanea che, '
                'fissata attraverso la fotografia, diventa forma, ritmo, '
                'materia visiva. Attraverso un uso magistrale del tempo di '
                'esposizione e del movimento della camera, le immagini '
                'superano il reportage per assumere una dimensione astratta e '
                'pittorica, dove la luce diventa linguaggio. “Napoli '
                'Explosion” propone un’indagine che intreccia fotografia, '
                'pittura, scienza e poesia, restituendo la complessità '
                'percettiva e culturale dei fenomeni luminosi che '
                'caratterizzano Napoli.',
 'image_url': '//citynews-napolitoday.stgy.ovh/~media/horizontal-mid/52564170902227/napoli-explosion-rap.jpg',
 'location_address': 'Piazza Carlo III',
 'location_name': 'Real Albergo dei Poveri',
 'price': 'Prezzo non disponibile',
 'schedule': '09:00 - 18:00 - Chiuso il mercoledì',
 'scraped_at': '2026-01-28T20:46:37.971270',
 'time_info': '09:00-18:00',
 'title': 'Napoli Explosion, la mostra di Mario Amura al Real Albergo dei '
          'Poveri',
 'url': 'https://www.napolitoday.it/eventi/napoli-explosion-mostra-mario-amura-real-albergo-poveri.html',
 'uuid': 'b3f8526f1df46fb5',
 'website': 'https://www.napex.art',
 'weekdays': 'Mercoledì'}
[2026-01-28T20:47:04.995+0000] {docker.py:429} INFO - 2026-01-28 20:47:04 [scrapy.core.engine] DEBUG: Crawled (200) <GET https://www.napolitoday.it/eventi/teatro-troisi-spettacoli-stagione-2025-2026.html> (referer: https://www.napolitoday.it/eventi/dal/2026-01-28/al/2026-02-01/)
[2026-01-28T20:47:05.107+0000] {docker.py:429} INFO - 2026-01-28 20:47:05 [scrapy.core.scraper] DEBUG: Scraped from <200 https://www.napolitoday.it/eventi/teatro-troisi-spettacoli-stagione-2025-2026.html>
{'category': 'Teatri',
 'city': 'Napoli',
 'content_hash': 'e327055d06578916',
 'date_end': '2026-05-14',
 'date_start': '2025-10-09',
 'dates': [{'date': '2025-10-09', 'weekday': 'Giovedì'},
           {'date': '2025-10-10', 'weekday': 'Venerdì'},
           {'date': '2025-10-11', 'weekday': 'Sabato'},
           {'date': '2025-10-12', 'weekday': 'Domenica'},
           {'date': '2025-10-13', 'weekday': 'Lunedì'},
           {'date': '2025-10-14', 'weekday': 'Martedì'},
           {'date': '2025-10-15', 'weekday': 'Mercoledì'},
           {'date': '2025-10-16', 'weekday': 'Giovedì'},
           {'date': '2025-10-17', 'weekday': 'Venerdì'},
           {'date': '2025-10-18', 'weekday': 'Sabato'},
           {'date': '2025-10-19', 'weekday': 'Domenica'},
           {'date': '2025-10-20', 'weekday': 'Lunedì'},
           {'date': '2025-10-21', 'weekday': 'Martedì'},
           {'date': '2025-10-22', 'weekday': 'Mercoledì'},
           {'date': '2025-10-23', 'weekday': 'Giovedì'},
           {'date': '2025-10-24', 'weekday': 'Venerdì'},
           {'date': '2025-10-25', 'weekday': 'Sabato'},
           {'date': '2025-10-26', 'weekday': 'Domenica'},
           {'date': '2025-10-27', 'weekday': 'Lunedì'},
           {'date': '2025-10-28', 'weekday': 'Martedì'},
           {'date': '2025-10-29', 'weekday': 'Mercoledì'},
           {'date': '2025-10-30', 'weekday': 'Giovedì'},
           {'date': '2025-10-31', 'weekday': 'Venerdì'},
           {'date': '2025-11-01', 'weekday': 'Sabato'},
           {'date': '2025-11-02', 'weekday': 'Domenica'},
           {'date': '2025-11-03', 'weekday': 'Lunedì'},
           {'date': '2025-11-04', 'weekday': 'Martedì'},
           {'date': '2025-11-05', 'weekday': 'Mercoledì'},
           {'date': '2025-11-06', 'weekday': 'Giovedì'},
           {'date': '2025-11-07', 'weekday': 'Venerdì'},
           {'date': '2025-11-08', 'weekday': 'Sabato'},
           {'date': '2025-11-09', 'weekday': 'Domenica'},
           {'date': '2025-11-10', 'weekday': 'Lunedì'},
           {'date': '2025-11-11', 'weekday': 'Martedì'},
           {'date': '2025-11-12', 'weekday': 'Mercoledì'},
           {'date': '2025-11-13', 'weekday': 'Giovedì'},
           {'date': '2025-11-14', 'weekday': 'Venerdì'},
           {'date': '2025-11-15', 'weekday': 'Sabato'},
           {'date': '2025-11-16', 'weekday': 'Domenica'},
           {'date': '2025-11-17', 'weekday': 'Lunedì'},
           {'date': '2025-11-18', 'weekday': 'Martedì'},
           {'date': '2025-11-19', 'weekday': 'Mercoledì'},
           {'date': '2025-11-20', 'weekday': 'Giovedì'},
           {'date': '2025-11-21', 'weekday': 'Venerdì'},
           {'date': '2025-11-22', 'weekday': 'Sabato'},
           {'date': '2025-11-23', 'weekday': 'Domenica'},
           {'date': '2025-11-24', 'weekday': 'Lunedì'},
           {'date': '2025-11-25', 'weekday': 'Martedì'},
           {'date': '2025-11-26', 'weekday': 'Mercoledì'},
           {'date': '2025-11-27', 'weekday': 'Giovedì'},
           {'date': '2025-11-28', 'weekday': 'Venerdì'},
           {'date': '2025-11-29', 'weekday': 'Sabato'},
           {'date': '2025-11-30', 'weekday': 'Domenica'},
           {'date': '2025-12-01', 'weekday': 'Lunedì'},
           {'date': '2025-12-02', 'weekday': 'Martedì'},
           {'date': '2025-12-03', 'weekday': 'Mercoledì'},
           {'date': '2025-12-04', 'weekday': 'Giovedì'},
           {'date': '2025-12-05', 'weekday': 'Venerdì'},
           {'date': '2025-12-06', 'weekday': 'Sabato'},
           {'date': '2025-12-07', 'weekday': 'Domenica'},
           {'date': '2025-12-08', 'weekday': 'Lunedì'},
           {'date': '2025-12-09', 'weekday': 'Martedì'},
           {'date': '2025-12-10', 'weekday': 'Mercoledì'},
           {'date': '2025-12-11', 'weekday': 'Giovedì'},
           {'date': '2025-12-12', 'weekday': 'Venerdì'},
           {'date': '2025-12-13', 'weekday': 'Sabato'},
           {'date': '2025-12-14', 'weekday': 'Domenica'},
           {'date': '2025-12-15', 'weekday': 'Lunedì'},
           {'date': '2025-12-16', 'weekday': 'Martedì'},
           {'date': '2025-12-17', 'weekday': 'Mercoledì'},
           {'date': '2025-12-18', 'weekday': 'Giovedì'},
           {'date': '2025-12-19', 'weekday': 'Venerdì'},
           {'date': '2025-12-20', 'weekday': 'Sabato'},
           {'date': '2025-12-21', 'weekday': 'Domenica'},
           {'date': '2025-12-22', 'weekday': 'Lunedì'},
           {'date': '2025-12-23', 'weekday': 'Martedì'},
           {'date': '2025-12-24', 'weekday': 'Mercoledì'},
           {'date': '2025-12-25', 'weekday': 'Giovedì'},
           {'date': '2025-12-26', 'weekday': 'Venerdì'},
           {'date': '2025-12-27', 'weekday': 'Sabato'},
           {'date': '2025-12-28', 'weekday': 'Domenica'},
           {'date': '2025-12-29', 'weekday': 'Lunedì'},
           {'date': '2025-12-30', 'weekday': 'Martedì'},
           {'date': '2025-12-31', 'weekday': 'Mercoledì'},
           {'date': '2026-01-01', 'weekday': 'Giovedì'},
           {'date': '2026-01-02', 'weekday': 'Venerdì'},
           {'date': '2026-01-03', 'weekday': 'Sabato'},
           {'date': '2026-01-04', 'weekday': 'Domenica'},
           {'date': '2026-01-05', 'weekday': 'Lunedì'},
           {'date': '2026-01-06', 'weekday': 'Martedì'},
           {'date': '2026-01-07', 'weekday': 'Mercoledì'},
           {'date': '2026-01-08', 'weekday': 'Giovedì'},
           {'date': '2026-01-09', 'weekday': 'Venerdì'},
           {'date': '2026-01-10', 'weekday': 'Sabato'},
           {'date': '2026-01-11', 'weekday': 'Domenica'},
           {'date': '2026-01-12', 'weekday': 'Lunedì'},
           {'date': '2026-01-13', 'weekday': 'Martedì'},
           {'date': '2026-01-14', 'weekday': 'Mercoledì'},
           {'date': '2026-01-15', 'weekday': 'Giovedì'},
           {'date': '2026-01-16', 'weekday': 'Venerdì'},
           {'date': '2026-01-17', 'weekday': 'Sabato'},
           {'date': '2026-01-18', 'weekday': 'Domenica'},
           {'date': '2026-01-19', 'weekday': 'Lunedì'},
           {'date': '2026-01-20', 'weekday': 'Martedì'},
           {'date': '2026-01-21', 'weekday': 'Mercoledì'},
           {'date': '2026-01-22', 'weekday': 'Giovedì'},
           {'date': '2026-01-23', 'weekday': 'Venerdì'},
           {'date': '2026-01-24', 'weekday': 'Sabato'},
           {'date': '2026-01-25', 'weekday': 'Domenica'},
           {'date': '2026-01-26', 'weekday': 'Lunedì'},
           {'date': '2026-01-27', 'weekday': 'Martedì'},
           {'date': '2026-01-28', 'weekday': 'Mercoledì'},
           {'date': '2026-01-29', 'weekday': 'Giovedì'},
           {'date': '2026-01-30', 'weekday': 'Venerdì'},
           {'date': '2026-01-31', 'weekday': 'Sabato'},
           {'date': '2026-02-01', 'weekday': 'Domenica'},
           {'date': '2026-02-02', 'weekday': 'Lunedì'},
           {'date': '2026-02-03', 'weekday': 'Martedì'},
           {'date': '2026-02-04', 'weekday': 'Mercoledì'},
           {'date': '2026-02-05', 'weekday': 'Giovedì'},
           {'date': '2026-02-06', 'weekday': 'Venerdì'},
           {'date': '2026-02-07', 'weekday': 'Sabato'},
           {'date': '2026-02-08', 'weekday': 'Domenica'},
           {'date': '2026-02-09', 'weekday': 'Lunedì'},
           {'date': '2026-02-10', 'weekday': 'Martedì'},
           {'date': '2026-02-11', 'weekday': 'Mercoledì'},
           {'date': '2026-02-12', 'weekday': 'Giovedì'},
           {'date': '2026-02-13', 'weekday': 'Venerdì'},
           {'date': '2026-02-14', 'weekday': 'Sabato'},
           {'date': '2026-02-15', 'weekday': 'Domenica'},
           {'date': '2026-02-16', 'weekday': 'Lunedì'},
           {'date': '2026-02-17', 'weekday': 'Martedì'},
           {'date': '2026-02-18', 'weekday': 'Mercoledì'},
           {'date': '2026-02-19', 'weekday': 'Giovedì'},
           {'date': '2026-02-20', 'weekday': 'Venerdì'},
           {'date': '2026-02-21', 'weekday': 'Sabato'},
           {'date': '2026-02-22', 'weekday': 'Domenica'},
           {'date': '2026-02-23', 'weekday': 'Lunedì'},
           {'date': '2026-02-24', 'weekday': 'Martedì'},
           {'date': '2026-02-25', 'weekday': 'Mercoledì'},
           {'date': '2026-02-26', 'weekday': 'Giovedì'},
           {'date': '2026-02-27', 'weekday': 'Venerdì'},
           {'date': '2026-02-28', 'weekday': 'Sabato'},
           {'date': '2026-03-01', 'weekday': 'Domenica'},
           {'date': '2026-03-02', 'weekday': 'Lunedì'},
           {'date': '2026-03-03', 'weekday': 'Martedì'},
           {'date': '2026-03-04', 'weekday': 'Mercoledì'},
           {'date': '2026-03-05', 'weekday': 'Giovedì'},
           {'date': '2026-03-06', 'weekday': 'Venerdì'},
           {'date': '2026-03-07', 'weekday': 'Sabato'},
           {'date': '2026-03-08', 'weekday': 'Domenica'},
           {'date': '2026-03-09', 'weekday': 'Lunedì'},
           {'date': '2026-03-10', 'weekday': 'Martedì'},
           {'date': '2026-03-11', 'weekday': 'Mercoledì'},
           {'date': '2026-03-12', 'weekday': 'Giovedì'},
           {'date': '2026-03-13', 'weekday': 'Venerdì'},
           {'date': '2026-03-14', 'weekday': 'Sabato'},
           {'date': '2026-03-15', 'weekday': 'Domenica'},
           {'date': '2026-03-16', 'weekday': 'Lunedì'},
           {'date': '2026-03-17', 'weekday': 'Martedì'},
           {'date': '2026-03-18', 'weekday': 'Mercoledì'},
           {'date': '2026-03-19', 'weekday': 'Giovedì'},
           {'date': '2026-03-20', 'weekday': 'Venerdì'},
           {'date': '2026-03-21', 'weekday': 'Sabato'},
           {'date': '2026-03-22', 'weekday': 'Domenica'},
           {'date': '2026-03-23', 'weekday': 'Lunedì'},
           {'date': '2026-03-24', 'weekday': 'Martedì'},
           {'date': '2026-03-25', 'weekday': 'Mercoledì'},
           {'date': '2026-03-26', 'weekday': 'Giovedì'},
           {'date': '2026-03-27', 'weekday': 'Venerdì'},
           {'date': '2026-03-28', 'weekday': 'Sabato'},
           {'date': '2026-03-29', 'weekday': 'Domenica'},
           {'date': '2026-03-30', 'weekday': 'Lunedì'},
           {'date': '2026-03-31', 'weekday': 'Martedì'},
           {'date': '2026-04-01', 'weekday': 'Mercoledì'},
           {'date': '2026-04-02', 'weekday': 'Giovedì'},
           {'date': '2026-04-03', 'weekday': 'Venerdì'},
           {'date': '2026-04-04', 'weekday': 'Sabato'},
           {'date': '2026-04-05', 'weekday': 'Domenica'},
           {'date': '2026-04-06', 'weekday': 'Lunedì'},
           {'date': '2026-04-07', 'weekday': 'Martedì'},
           {'date': '2026-04-08', 'weekday': 'Mercoledì'},
           {'date': '2026-04-09', 'weekday': 'Giovedì'},
           {'date': '2026-04-10', 'weekday': 'Venerdì'},
           {'date': '2026-04-11', 'weekday': 'Sabato'},
           {'date': '2026-04-12', 'weekday': 'Domenica'},
           {'date': '2026-04-13', 'weekday': 'Lunedì'},
           {'date': '2026-04-14', 'weekday': 'Martedì'},
           {'date': '2026-04-15', 'weekday': 'Mercoledì'},
           {'date': '2026-04-16', 'weekday': 'Giovedì'},
           {'date': '2026-04-17', 'weekday': 'Venerdì'},
           {'date': '2026-04-18', 'weekday': 'Sabato'},
           {'date': '2026-04-19', 'weekday': 'Domenica'},
           {'date': '2026-04-20', 'weekday': 'Lunedì'},
           {'date': '2026-04-21', 'weekday': 'Martedì'},
           {'date': '2026-04-22', 'weekday': 'Mercoledì'},
           {'date': '2026-04-23', 'weekday': 'Giovedì'},
           {'date': '2026-04-24', 'weekday': 'Venerdì'},
           {'date': '2026-04-25', 'weekday': 'Sabato'},
           {'date': '2026-04-26', 'weekday': 'Domenica'},
           {'date': '2026-04-27', 'weekday': 'Lunedì'},
           {'date': '2026-04-28', 'weekday': 'Martedì'},
           {'date': '2026-04-29', 'weekday': 'Mercoledì'},
           {'date': '2026-04-30', 'weekday': 'Giovedì'},
           {'date': '2026-05-01', 'weekday': 'Venerdì'},
           {'date': '2026-05-02', 'weekday': 'Sabato'},
           {'date': '2026-05-03', 'weekday': 'Domenica'},
           {'date': '2026-05-04', 'weekday': 'Lunedì'},
           {'date': '2026-05-05', 'weekday': 'Martedì'},
           {'date': '2026-05-06', 'weekday': 'Mercoledì'},
           {'date': '2026-05-07', 'weekday': 'Giovedì'},
           {'date': '2026-05-08', 'weekday': 'Venerdì'},
           {'date': '2026-05-09', 'weekday': 'Sabato'},
           {'date': '2026-05-10', 'weekday': 'Domenica'},
           {'date': '2026-05-11', 'weekday': 'Lunedì'},
           {'date': '2026-05-12', 'weekday': 'Martedì'},
           {'date': '2026-05-13', 'weekday': 'Mercoledì'},
           {'date': '2026-05-14', 'weekday': 'Giovedì'}],
 'description': 'Grandi premesse al Teatro Troisi di via Leopardi, dove '
                'l’entusiasmo è misurabile nei numeri: la campagna abbonamenti '
                'per la stagione 2025/2026 ha già raggiunto quota 3.200 '
                'sottoscrizioni, un segnale inequivocabile della vitalità '
                'culturale della città e della fiducia nel lavoro del patron e '
                "direttore artistico Pino Oliva, all'opera nello spazio di "
                'Fuorigrotta dal 2019 . Affiancato dalla conduttrice '
                'televisiva Jolanda De Rienzo e da tutti gli artisti del '
                'cartellone , Oliva ha illustrato una programmazione corposa, '
                'che coniuga nomi affermati, proposte di ricerca e '
                'quell’intreccio fecondo — caratteristica del Troisi — tra '
                'intrattenimento popolare e qualità artistica. Sostenuta dal '
                'Patrocinio della Regione Campania, la stagione viene offerta '
                'con un abbonamento di dodici spettacoli più uno omaggio '
                '(galleria €170, platea €220), con la possibilità di '
                'aggiungere in opzione (galleria 20 euro - platea 25 euro) lo '
                'spettacolo di Biagio Izzo ; tutto questo mantenendo '
                'inalterati i prezzi dei biglietti e garantendo otto turni di '
                'programmazione per massimizzare l’accesso del pubblico. A chi '
                'ama il racconto in prima persona e i grandi sipari popolari, '
                'il Troisi riserva una proposta varia e ambiziosa: si ride, si '
                'pensa, si ascolta e si discute. La stagione si apre il 9 '
                'ottobre 2025 con Ciro Ceruti e La tempesta perfetta , una '
                'commedia che fonde la grazia della battuta con un sentimento '
                'capace di diventare dramma e ironia insieme: la storia di '
                'un’amicizia che diventa famiglia, attraversata da decisioni '
                'paradossali e colpi di scena che sollevano interrogativi '
                'sulla natura dei legami. A seguire, dal 23 ottobre 2025 , '
                'Gianfranco Gallo ripropone Ti ho sposato per ignoranza , '
                'culto diventato virale sui social: un affresco farsesco che, '
                'tra tradizione petitesca e riscritture contemporanee, '
                'restituisce il gusto antico della casa teatrale napoletana, '
                'ora rinnovato dalla presenza dei nuovi eredi della famiglia '
                'd’arte — da Bianca a Gianluca Di Gennaro — in una felice '
                'continuità generazionale. Il 6 novembre 2025 il palco ospita '
                'Gli Arteteca con Operazione Cicogna , una commedia in tempo '
                'reale che prende spunto dalle ossessioni moderne — '
                'dall’intelligenza artificiale alle convulsioni della cronaca '
                '— trasformandole in un meccanismo comico serrato: equivoci, '
                'travestimenti, camorristi inaspettati e un assistente sociale '
                'che interrompe la corsa alla fertilità, in una satira dei '
                'tempi che non risparmia nessuno. Il 20 novembre 2025 torna '
                'sul palco Gino Rivieccio con Solo per voi : uno show '
                'costruito sui personaggi che lo hanno reso celebre, su duetti '
                'e cavalli di battaglia, ma anche sull’intelligenza di una '
                'satira che sa farsi carezza e colpo netto al tempo stesso. '
                'Tra immagini, due vocalist e una band dal vivo, Rivieccio '
                'offre il suo repertorio come una festa popolata di memoria e '
                'riflessione. Con il Natale si ride: dal 18 dicembre 2025 '
                'Paolo Caiazzo porta I promessi suoceri , commedia che esplora '
                'con arguzia le ipocrisie familiari e il rapporto tra '
                'generazioni, tra citazioni manzoniane e gag di '
                'riconoscibilità istantanea, in una formula che sa essere '
                'insieme popolare e ben congegnata. L’anno nuovo si apre l’8 '
                'gennaio 2026 con la carica comica di Gigi & Ross in Bombask! '
                '– 25 anni insieme . Il duo - icona di radio, tv e '
                'palcoscenico - ripercorre i suoi tormentoni e le sue parodie '
                'più riuscite offrendo un best of che è anche un racconto '
                'nostalgico: imitazioni, sketch serrati, momenti musicali e '
                'una comicità che ha saputo parlare a più generazioni. Il 22 '
                'gennaio 2026 arriva Sergio Assisi con Mi dimetto da uomo , un '
                'appuntamento che unisce monologo e satira di costume in uno '
                'spettacolo intimo e corrosivo. Assisi si confronta con le '
                'contraddizioni del nostro tempo come un moderno giullare, '
                'accompagnato da Giuseppe Cantore ; uno spettacolo che provoca '
                'risate e riflessioni, dove la presenza di un “demone” ironico '
                'scandisce e smaschera con lucidità i nostri piccoli vizi '
                'quotidiani. La sezione musicale della stagione affonda radici '
                'sincere: dal 12 febbraio 2026 Andrea Sannino presenta '
                'Semplicemente Andrè , concerto-recital in cui il cantautore '
                'apre il suo salotto emotivo al pubblico, raccontando '
                'l’infanzia, i vicoli di Napoli e il cammino artistico con '
                'delicatezza e intensità; arrangiamenti raffinati e una '
                'narrazione diretta rendono il recital un’esperienza intima e '
                'condivisa. Il 26 febbraio 2026 è la volta di Paolo Belli e di '
                'Pur di far spettacolo : un varietà moderno che mescola musica '
                'dal vivo, aneddoti esilaranti e riflessioni sul mestiere '
                'dell’artista. Belli, accompagnato da una band e da un gruppo '
                'di interpreti, mette in scena il dietro le quinte della scena '
                'italiana con ironia sincera, trasformando ogni canzone in '
                'racconto e ogni racconto in piccolo atto teatrale. Tra '
                'febbraio e marzo, lo spettacolo omaggio vede Natalia '
                'Cretella, Luisa Esposito e Francesco Viglietti con A noi… ce '
                'piace ’o show : un varietà che celebra il mestiere '
                'dell’intrattenitore, fatto di gag, numeri musicali e '
                'complicità, un vero e proprio inno alla leggerezza e '
                'all’affetto per il palcoscenico. Dal 19 marzo 2026 Giacomo '
                'Rizzo propone Ecco a voi Francesca da Rimini , un adattamento '
                'farsesco che trasforma il testo di Silvio Pellico in un gioco '
                'di invenzioni sceniche e comicità dirompente: la Commedia '
                'dell’Arte incontra la tradizione del teatro di repertorio, in '
                'una prova di spessore e divertimento. Il 9 aprile 2026 è '
                "segnato dall'arrivo di Peppe Barra con Buonasera a tutti – "
                'Dai miei disordinati appunti : un recital che attraversa '
                'oltre sessant’anni di carriera, intrecciando canzone, teatro '
                'e ricordo personale; una serata di grande intensità poetica, '
                'guidata dalla voce capace di Barra e dall’accompagnamento '
                'musicale di Luca Urciuolo. Dal 23 aprile 2026 il trio de I '
                'Ditelo Voi chiude la marcia primaverile con Il segreto della '
                'Violaciocca , black comedy dal respiro surreale in cui bugie, '
                'gelosie e colpi di scena costruiscono un meccanismo grottesco '
                'e irresistibile, firmato dallo stile inconfondibile del trio '
                'partenopeo. La stagione si conclude - in opzione per gli '
                'abbonati - il 14 maggio 2026 con Biagio Izzo e Tutto esaurito '
                ', una commedia che mette a confronto l’ironia della maturità '
                'con la vertigine della nuova paternità: equivoci domestici, '
                'battute corrosive e una profondità umana che fa sorridere e '
                'pensare. Accanto alla programmazione, il Teatro Troisi '
                'conferma il ritorno del fortunato programma televisivo Peppy '
                'Night con Peppe Iodice : una nuova versione trasmessa in '
                'diretta dalla sala di via Leopardi su Canale 21 a partire da '
                'dicembre, ulteriore segnale della vocazione del Troisi a '
                'creare sinergie tra palcoscenico e media. Tutti gli abbonati '
                'avranno la prelazione per i biglietti degli eventi singoli, '
                'garanzia di attenzione verso il pubblico più affezionato. Con '
                'questa stagione il Teatro Troisi riconferma la propria '
                'identità: luogo popolare e colto, capace di mescolare risata '
                'e riflessione, memoria e novità. Sul palcoscenico di via '
                'Leopardi si disegnerà per otto mesi una cartografia di voci - '
                'commedie, recital, varietà - che promette di accompagnare '
                'Napoli attraverso il suo teatro migliore, quello che sa '
                'intrattenere senza rinunciare alla profondità.',
 'image_url': '//citynews-napolitoday.stgy.ovh/~media/horizontal-mid/56258568933331/conferenza-teatro-troisi-2025-2026-foto-1.jpg',
 'location_address': 'Via Giacomo Leopardi, 192',
 'location_name': 'Teatro Troisi',
 'price': 'Prezzo non disponibile',
 'scraped_at': '2026-01-28T20:46:37.970864',
 'time_info': 'Orario non disponibile',
 'title': 'Teatro Troisi, presentata la Stagione 2025/2026: comicità, musica, '
          'tradizione e impegno',
 'url': 'https://www.napolitoday.it/eventi/teatro-troisi-spettacoli-stagione-2025-2026.html',
 'uuid': 'bc153985d30c4ac2',
 'website': 'https://www.teatrotroisinapoli.it/'}
[2026-01-28T20:47:06.303+0000] {docker.py:429} INFO - 2026-01-28 20:47:06 [scrapy.core.engine] DEBUG: Crawled (200) <GET https://www.napolitoday.it/eventi/nest-spettacoli-stagione-2025-2026.html> (referer: https://www.napolitoday.it/eventi/dal/2026-01-28/al/2026-02-01/)
[2026-01-28T20:47:06.416+0000] {docker.py:429} INFO - 2026-01-28 20:47:06 [scrapy.core.scraper] DEBUG: Scraped from <200 https://www.napolitoday.it/eventi/nest-spettacoli-stagione-2025-2026.html>
{'category': 'Teatri',
 'city': 'Napoli',
 'content_hash': 'af5f1d76875dd229',
 'date_end': '2026-04-19',
 'date_start': '2025-10-04',
 'dates': [{'date': '2025-10-04', 'weekday': 'Sabato'},
           {'date': '2025-10-05', 'weekday': 'Domenica'},
           {'date': '2025-10-06', 'weekday': 'Lunedì'},
           {'date': '2025-10-07', 'weekday': 'Martedì'},
           {'date': '2025-10-08', 'weekday': 'Mercoledì'},
           {'date': '2025-10-09', 'weekday': 'Giovedì'},
           {'date': '2025-10-10', 'weekday': 'Venerdì'},
           {'date': '2025-10-11', 'weekday': 'Sabato'},
           {'date': '2025-10-12', 'weekday': 'Domenica'},
           {'date': '2025-10-13', 'weekday': 'Lunedì'},
           {'date': '2025-10-14', 'weekday': 'Martedì'},
           {'date': '2025-10-15', 'weekday': 'Mercoledì'},
           {'date': '2025-10-16', 'weekday': 'Giovedì'},
           {'date': '2025-10-17', 'weekday': 'Venerdì'},
           {'date': '2025-10-18', 'weekday': 'Sabato'},
           {'date': '2025-10-19', 'weekday': 'Domenica'},
           {'date': '2025-10-20', 'weekday': 'Lunedì'},
           {'date': '2025-10-21', 'weekday': 'Martedì'},
           {'date': '2025-10-22', 'weekday': 'Mercoledì'},
           {'date': '2025-10-23', 'weekday': 'Giovedì'},
           {'date': '2025-10-24', 'weekday': 'Venerdì'},
           {'date': '2025-10-25', 'weekday': 'Sabato'},
           {'date': '2025-10-26', 'weekday': 'Domenica'},
           {'date': '2025-10-27', 'weekday': 'Lunedì'},
           {'date': '2025-10-28', 'weekday': 'Martedì'},
           {'date': '2025-10-29', 'weekday': 'Mercoledì'},
           {'date': '2025-10-30', 'weekday': 'Giovedì'},
           {'date': '2025-10-31', 'weekday': 'Venerdì'},
           {'date': '2025-11-01', 'weekday': 'Sabato'},
           {'date': '2025-11-02', 'weekday': 'Domenica'},
           {'date': '2025-11-03', 'weekday': 'Lunedì'},
           {'date': '2025-11-04', 'weekday': 'Martedì'},
           {'date': '2025-11-05', 'weekday': 'Mercoledì'},
           {'date': '2025-11-06', 'weekday': 'Giovedì'},
           {'date': '2025-11-07', 'weekday': 'Venerdì'},
           {'date': '2025-11-08', 'weekday': 'Sabato'},
           {'date': '2025-11-09', 'weekday': 'Domenica'},
           {'date': '2025-11-10', 'weekday': 'Lunedì'},
           {'date': '2025-11-11', 'weekday': 'Martedì'},
           {'date': '2025-11-12', 'weekday': 'Mercoledì'},
           {'date': '2025-11-13', 'weekday': 'Giovedì'},
           {'date': '2025-11-14', 'weekday': 'Venerdì'},
           {'date': '2025-11-15', 'weekday': 'Sabato'},
           {'date': '2025-11-16', 'weekday': 'Domenica'},
           {'date': '2025-11-17', 'weekday': 'Lunedì'},
           {'date': '2025-11-18', 'weekday': 'Martedì'},
           {'date': '2025-11-19', 'weekday': 'Mercoledì'},
           {'date': '2025-11-20', 'weekday': 'Giovedì'},
           {'date': '2025-11-21', 'weekday': 'Venerdì'},
           {'date': '2025-11-22', 'weekday': 'Sabato'},
           {'date': '2025-11-23', 'weekday': 'Domenica'},
           {'date': '2025-11-24', 'weekday': 'Lunedì'},
           {'date': '2025-11-25', 'weekday': 'Martedì'},
           {'date': '2025-11-26', 'weekday': 'Mercoledì'},
           {'date': '2025-11-27', 'weekday': 'Giovedì'},
           {'date': '2025-11-28', 'weekday': 'Venerdì'},
           {'date': '2025-11-29', 'weekday': 'Sabato'},
           {'date': '2025-11-30', 'weekday': 'Domenica'},
           {'date': '2025-12-01', 'weekday': 'Lunedì'},
           {'date': '2025-12-02', 'weekday': 'Martedì'},
           {'date': '2025-12-03', 'weekday': 'Mercoledì'},
           {'date': '2025-12-04', 'weekday': 'Giovedì'},
           {'date': '2025-12-05', 'weekday': 'Venerdì'},
           {'date': '2025-12-06', 'weekday': 'Sabato'},
           {'date': '2025-12-07', 'weekday': 'Domenica'},
           {'date': '2025-12-08', 'weekday': 'Lunedì'},
           {'date': '2025-12-09', 'weekday': 'Martedì'},
           {'date': '2025-12-10', 'weekday': 'Mercoledì'},
           {'date': '2025-12-11', 'weekday': 'Giovedì'},
           {'date': '2025-12-12', 'weekday': 'Venerdì'},
           {'date': '2025-12-13', 'weekday': 'Sabato'},
           {'date': '2025-12-14', 'weekday': 'Domenica'},
           {'date': '2025-12-15', 'weekday': 'Lunedì'},
           {'date': '2025-12-16', 'weekday': 'Martedì'},
           {'date': '2025-12-17', 'weekday': 'Mercoledì'},
           {'date': '2025-12-18', 'weekday': 'Giovedì'},
           {'date': '2025-12-19', 'weekday': 'Venerdì'},
           {'date': '2025-12-20', 'weekday': 'Sabato'},
           {'date': '2025-12-21', 'weekday': 'Domenica'},
           {'date': '2025-12-22', 'weekday': 'Lunedì'},
           {'date': '2025-12-23', 'weekday': 'Martedì'},
           {'date': '2025-12-24', 'weekday': 'Mercoledì'},
           {'date': '2025-12-25', 'weekday': 'Giovedì'},
           {'date': '2025-12-26', 'weekday': 'Venerdì'},
           {'date': '2025-12-27', 'weekday': 'Sabato'},
           {'date': '2025-12-28', 'weekday': 'Domenica'},
           {'date': '2025-12-29', 'weekday': 'Lunedì'},
           {'date': '2025-12-30', 'weekday': 'Martedì'},
           {'date': '2025-12-31', 'weekday': 'Mercoledì'},
           {'date': '2026-01-01', 'weekday': 'Giovedì'},
           {'date': '2026-01-02', 'weekday': 'Venerdì'},
           {'date': '2026-01-03', 'weekday': 'Sabato'},
           {'date': '2026-01-04', 'weekday': 'Domenica'},
           {'date': '2026-01-05', 'weekday': 'Lunedì'},
           {'date': '2026-01-06', 'weekday': 'Martedì'},
           {'date': '2026-01-07', 'weekday': 'Mercoledì'},
           {'date': '2026-01-08', 'weekday': 'Giovedì'},
           {'date': '2026-01-09', 'weekday': 'Venerdì'},
           {'date': '2026-01-10', 'weekday': 'Sabato'},
           {'date': '2026-01-11', 'weekday': 'Domenica'},
           {'date': '2026-01-12', 'weekday': 'Lunedì'},
           {'date': '2026-01-13', 'weekday': 'Martedì'},
           {'date': '2026-01-14', 'weekday': 'Mercoledì'},
           {'date': '2026-01-15', 'weekday': 'Giovedì'},
           {'date': '2026-01-16', 'weekday': 'Venerdì'},
           {'date': '2026-01-17', 'weekday': 'Sabato'},
           {'date': '2026-01-18', 'weekday': 'Domenica'},
           {'date': '2026-01-19', 'weekday': 'Lunedì'},
           {'date': '2026-01-20', 'weekday': 'Martedì'},
           {'date': '2026-01-21', 'weekday': 'Mercoledì'},
           {'date': '2026-01-22', 'weekday': 'Giovedì'},
           {'date': '2026-01-23', 'weekday': 'Venerdì'},
           {'date': '2026-01-24', 'weekday': 'Sabato'},
           {'date': '2026-01-25', 'weekday': 'Domenica'},
           {'date': '2026-01-26', 'weekday': 'Lunedì'},
           {'date': '2026-01-27', 'weekday': 'Martedì'},
           {'date': '2026-01-28', 'weekday': 'Mercoledì'},
           {'date': '2026-01-29', 'weekday': 'Giovedì'},
           {'date': '2026-01-30', 'weekday': 'Venerdì'},
           {'date': '2026-01-31', 'weekday': 'Sabato'},
           {'date': '2026-02-01', 'weekday': 'Domenica'},
           {'date': '2026-02-02', 'weekday': 'Lunedì'},
           {'date': '2026-02-03', 'weekday': 'Martedì'},
           {'date': '2026-02-04', 'weekday': 'Mercoledì'},
           {'date': '2026-02-05', 'weekday': 'Giovedì'},
           {'date': '2026-02-06', 'weekday': 'Venerdì'},
           {'date': '2026-02-07', 'weekday': 'Sabato'},
           {'date': '2026-02-08', 'weekday': 'Domenica'},
           {'date': '2026-02-09', 'weekday': 'Lunedì'},
           {'date': '2026-02-10', 'weekday': 'Martedì'},
           {'date': '2026-02-11', 'weekday': 'Mercoledì'},
           {'date': '2026-02-12', 'weekday': 'Giovedì'},
           {'date': '2026-02-13', 'weekday': 'Venerdì'},
           {'date': '2026-02-14', 'weekday': 'Sabato'},
           {'date': '2026-02-15', 'weekday': 'Domenica'},
           {'date': '2026-02-16', 'weekday': 'Lunedì'},
           {'date': '2026-02-17', 'weekday': 'Martedì'},
           {'date': '2026-02-18', 'weekday': 'Mercoledì'},
           {'date': '2026-02-19', 'weekday': 'Giovedì'},
           {'date': '2026-02-20', 'weekday': 'Venerdì'},
           {'date': '2026-02-21', 'weekday': 'Sabato'},
           {'date': '2026-02-22', 'weekday': 'Domenica'},
           {'date': '2026-02-23', 'weekday': 'Lunedì'},
           {'date': '2026-02-24', 'weekday': 'Martedì'},
           {'date': '2026-02-25', 'weekday': 'Mercoledì'},
           {'date': '2026-02-26', 'weekday': 'Giovedì'},
           {'date': '2026-02-27', 'weekday': 'Venerdì'},
           {'date': '2026-02-28', 'weekday': 'Sabato'},
           {'date': '2026-03-01', 'weekday': 'Domenica'},
           {'date': '2026-03-02', 'weekday': 'Lunedì'},
           {'date': '2026-03-03', 'weekday': 'Martedì'},
           {'date': '2026-03-04', 'weekday': 'Mercoledì'},
           {'date': '2026-03-05', 'weekday': 'Giovedì'},
           {'date': '2026-03-06', 'weekday': 'Venerdì'},
           {'date': '2026-03-07', 'weekday': 'Sabato'},
           {'date': '2026-03-08', 'weekday': 'Domenica'},
           {'date': '2026-03-09', 'weekday': 'Lunedì'},
           {'date': '2026-03-10', 'weekday': 'Martedì'},
           {'date': '2026-03-11', 'weekday': 'Mercoledì'},
           {'date': '2026-03-12', 'weekday': 'Giovedì'},
           {'date': '2026-03-13', 'weekday': 'Venerdì'},
           {'date': '2026-03-14', 'weekday': 'Sabato'},
           {'date': '2026-03-15', 'weekday': 'Domenica'},
           {'date': '2026-03-16', 'weekday': 'Lunedì'},
           {'date': '2026-03-17', 'weekday': 'Martedì'},
           {'date': '2026-03-18', 'weekday': 'Mercoledì'},
           {'date': '2026-03-19', 'weekday': 'Giovedì'},
           {'date': '2026-03-20', 'weekday': 'Venerdì'},
           {'date': '2026-03-21', 'weekday': 'Sabato'},
           {'date': '2026-03-22', 'weekday': 'Domenica'},
           {'date': '2026-03-23', 'weekday': 'Lunedì'},
           {'date': '2026-03-24', 'weekday': 'Martedì'},
           {'date': '2026-03-25', 'weekday': 'Mercoledì'},
           {'date': '2026-03-26', 'weekday': 'Giovedì'},
           {'date': '2026-03-27', 'weekday': 'Venerdì'},
           {'date': '2026-03-28', 'weekday': 'Sabato'},
           {'date': '2026-03-29', 'weekday': 'Domenica'},
           {'date': '2026-03-30', 'weekday': 'Lunedì'},
           {'date': '2026-03-31', 'weekday': 'Martedì'},
           {'date': '2026-04-01', 'weekday': 'Mercoledì'},
           {'date': '2026-04-02', 'weekday': 'Giovedì'},
           {'date': '2026-04-03', 'weekday': 'Venerdì'},
           {'date': '2026-04-04', 'weekday': 'Sabato'},
           {'date': '2026-04-05', 'weekday': 'Domenica'},
           {'date': '2026-04-06', 'weekday': 'Lunedì'},
           {'date': '2026-04-07', 'weekday': 'Martedì'},
           {'date': '2026-04-08', 'weekday': 'Mercoledì'},
           {'date': '2026-04-09', 'weekday': 'Giovedì'},
           {'date': '2026-04-10', 'weekday': 'Venerdì'},
           {'date': '2026-04-11', 'weekday': 'Sabato'},
           {'date': '2026-04-12', 'weekday': 'Domenica'},
           {'date': '2026-04-13', 'weekday': 'Lunedì'},
           {'date': '2026-04-14', 'weekday': 'Martedì'},
           {'date': '2026-04-15', 'weekday': 'Mercoledì'},
           {'date': '2026-04-16', 'weekday': 'Giovedì'},
           {'date': '2026-04-17', 'weekday': 'Venerdì'},
           {'date': '2026-04-18', 'weekday': 'Sabato'},
           {'date': '2026-04-19', 'weekday': 'Domenica'}],
 'description': 'La Decima Stagione. Il Nest entra nella doppia cifra con lo '
                'stesso spirito con cui è nato: essere un presidio di '
                'bellezza, un luogo in cui l’arte diventa strumento di '
                'incontro. Eccoci qui, dieci stagioni dopo, a dimostrare che '
                'il teatro può abbattere i confini nascendo dal nulla, '
                'crescendo nella passione e trasformando le difficoltà in '
                'forza creativa. Una maglia con il numero dieci che richiama '
                'lo sport più popolare, come il teatro a cui puntiamo. Perché '
                'popolare non è sinonimo di facile ma è qualcosa di profondo, '
                'necessario e libero. Un grazie di cuore a chi ci ha '
                'accompagnato in questi primi dieci anni. A chi ci ha creduto. '
                'A chi ha “esultato” con noi, anche quando eravamo solo ai '
                'primi gol. E ora… pronti per questo nuovo calcio d’inizio. La '
                'decima stagione del Nest sarà una stagione da D10S. “ Chi ha '
                'provato a volare non potrà mai più strisciare. ” (Diego '
                'Armando Maradona) La VI edizione di Over Emergenze Teatrali , '
                'il progetto curato Argot Produzioni (Roma) in rete con NEST '
                'Napoli Est Teatro, Fertili Terreni Teatro (Torino), PimOff '
                '(Milano) e Teatro Libero (Palermo), volto a sostenere '
                'compagnie teatrali emergenti (under 35), accenderà anche '
                'quest’anno la nostra anteprima di stagione , la decima '
                'stagione del Nest Napoli Est Teatro. Si parte il 4 ottobre '
                'con “ Qui vivremo bene ” di Luigi Vittoria, una drammaturgia '
                'che si interroga sull’emergenza abitativa nelle grandi città, '
                'utilizzando come pretesto gli arresti e gli sgomberi avvenuti '
                'nel 2018 nel quartiere milanese del Giambellino. In scena '
                'Elisa Grilli e Tommaso Russi. Il 5 ottobre torna al Nest, '
                'nella sua versione definitiva, “ Cantanti ” di Mario Gelardi '
                '(spettacolo vincitore di Over V edizione) con la regia di '
                'Carlo Geltrude che vede in scena Giuseppe Brunetti e Luigi '
                'Bignone. Lo spettacolo indaga il mondo di coloro che hanno '
                'scelto di diventare collaboratori di giustizia. Il 25 e il 26 '
                'ottobre la stagione partirà ufficialmente con “ Sarajevo ” di '
                'Biagio Di Carlo e Mario Gelardi che vede in scena Giovanna '
                'Sannino , Luca Ambrosino e Francesco
[2026-01-28T20:47:06.417+0000] {docker.py:429} INFO - Ferrante . Lo spettacolo '
                'esplora le dinamiche di Tre fratelli, che si ritrovano dopo '
                'anni di distanza e un lutto recente. Nel confronto con il '
                'passato emergono verità nascoste che mettono in discussione '
                'la loro idea di famiglia. “ Polifemo innamorato ” inaugura '
                '#familynest l’appuntamento della stagione che proporrà due '
                'spettacoli pensati per tutta la famiglia. Lo spettacolo, di e '
                'con Giovanni Calcagno , sarà in scena l’8 e 9 novembre ed è '
                'ispirato dalle liriche e dai racconti di due poeti classici '
                'di cultura greca e latina che si sono occupati per diverse '
                'ragioni dell’impossibile amore di Polifemo e Galatea. Il 14 '
                'novembre ore 21 spazio alla musica con il concerto di Roberto '
                'Colella . Il 29 e il 30 novembre in scena “ Manicaretti ” di '
                'Marco Trotta , per la regia di Luigi Siracusa , vincitore del '
                'Premio Camilleri. Nello spettacolo, che vede la '
                "partecipazione di Silvia D'Amico e Francesco Sferrazza Papa , "
                'si racconta di una periferia umana e del rapporto tra due '
                'coniugi che devono affrontare la gestione di una bambina '
                'problematica. Il 20 e il 21 dicembre al Nest avremo fuori '
                'abbonamento “ O ‘Scasso ”, di Gianni Clementi con la regia di '
                'Giuseppe Miale di Mauro . Con Giuseppe Cirillo, Alessio '
                'Galati, Gennaro Lucci, Gianluigi Signoriello e Maria Grazia '
                'Buono Il 2026 al Nest si apre il 10 e l’ 11 gennaio con “ '
                'Passione ” di Maurizio De Giovanni e Marco Zurzolo . Maurizio '
                'De Giovanni sarà la voce narrante, accompagnato dalle note di '
                'Marco Zurzolo sax, Carlo Fimiani chitarra, Marco de Tilla '
                'contrabbasso, Marianita Carfora voce. Un viaggio tra gli '
                'autori delle nostre canzoni, tra vite, emozioni e storie che '
                'hanno dato origine a melodie capaci di portarci nel mondo e '
                'di raccontare l’orgoglio di questa terra. Il 24 e il 25 '
                'gennaio al Nest “ Dadà racconta – Cuntavoce Performance ”, '
                'uno spettacolo teatro-vocale in solo nuove fiabe e favole '
                "raccontate dalla cantastorie DADA' per il focolare "
                'contemporaneo. Si prosegue il 7 e 8 febbraio con “ Totò e '
                'Vicè ” diretto da Giuseppe Cutino con Rosario Palazzolo e '
                'Anton Giulio Pandolfe e con la partecipazione di Egle '
                'Mazzamuto e Sabrina Petyxo. Totò e Vicè sono due clochard '
                '"legati da un\'amicizia reciproca assoluta e vivono di '
                'frammenti di sogni che li fanno stare in bilico tra la natura '
                'e il cielo, in un tempo imprendibile tra passato e futuro, '
                'con la necessità di essere in due, per essere". Il 21 e il 22 '
                'febbraio in scena “ Il muro trasparente, delirio di un '
                'tennista sentimentale ” con Paolo Valerio . Una parete di '
                'plexiglass tra l’attore e il pubblico. Il tennis evidente '
                'metafora della vita. Per un’ora sul palcoscenico, Max, si '
                'getta in una performance tennistica che lo porta allo '
                'sfinimento fisico quanto mentale delirando, lui che è '
                'sposato, sull’amore per una donna di cui si è innamorato. L’ '
                '8 marzo fuori abbonamento un omaggio alle musiche di '
                'animazione con “ Janare ” che vedrà sul palco Francesca '
                'Cammarota, Martina Esposito, Sara Ranieri, Ludovica Sergio. '
                'Arrangiamenti e pianoforte di Fabio Micera . Si prosegue con '
                '“ La denuncia ”, scritto e diretto da Ivan Cotroneo , in '
                'scena il 21 e 22 marzo . Lo spettacolo, che vede in scena '
                'Marta Pizzigallo ed Elisabetta Mirra, affronta il tema del '
                'consenso e delle dinamiche di potere che possono celarsi nel '
                'rapporto tra docente e discente, dove la seduzione si insinua '
                'come strumento, persuasione o ricatto emotivo. Il secondo '
                'appuntamento di #familynest vedrà in scena il 18 e il 19 '
                'aprile “ Mattia e il nonno ”, diretto da Tonio De Nitto , con '
                'Ippolito Chiariello . Vincitore del premio Eolo 2020 come '
                'miglior spettacolo per le nuove generazioni, propone con '
                'estrema poesia e delicatezza, traendolo dal libro omonimo di '
                'Roberto Piumini, il tema della morte, così spinoso da offrire '
                'al pubblico dei ragazzi. Saranno Elio Germano , Alessandro '
                'Siani , Beppe Fiorello , The Jackal e Franco Ricciardi i '
                'protagonisti del format più atteso della nostra stagione '
                'teatrale: “ Una serata al Nest con ...”. Durante gli '
                'incontri, attraverso racconti, aneddoti, ricordi personali e '
                'le domande dei #GiovaniO’Nest, gli ospiti lasceranno per una '
                'sera i panni d’artisti per condividere esperienze di vita e '
                'di carriera in una conversazione intima e intensa. (Date da '
                'definire)',
 'image_url': '//citynews-napolitoday.stgy.ovh/~media/horizontal-mid/7595790303401/siani-4.jpg',
 'location_address': 'Via Bernardino Martirano, 17',
 'location_name': 'Nest Napoli est Teatro',
 'price': 'Prezzo non disponibile',
 'scraped_at': '2026-01-28T20:46:37.970393',
 'time_info': 'Orario non disponibile',
 'title': 'Nest, presentata la Stagione 2025-2026',
 'url': 'https://www.napolitoday.it/eventi/nest-spettacoli-stagione-2025-2026.html',
 'uuid': '395657d363b928a0'}
[2026-01-28T20:47:07.330+0000] {docker.py:429} INFO - 2026-01-28 20:47:07 [scrapy.core.engine] DEBUG: Crawled (200) <GET https://www.napolitoday.it/eventi/custodi-tempo-ottocento-napoletano-tesori-librari-avvocatura-stato-napoli.html> (referer: https://www.napolitoday.it/eventi/dal/2026-01-28/al/2026-02-01/)
[2026-01-28T20:47:07.444+0000] {docker.py:429} INFO - 2026-01-28 20:47:07 [scrapy.core.scraper] DEBUG: Scraped from <200 https://www.napolitoday.it/eventi/custodi-tempo-ottocento-napoletano-tesori-librari-avvocatura-stato-napoli.html>
{'category': 'Mostre',
 'city': 'Napoli',
 'content_hash': '3c2b76a4e0f79dec',
 'date_end': '2026-05-29',
 'date_start': '2025-06-13',
 'dates': [{'date': '2025-06-13', 'time_start': '15:30', 'weekday': 'Venerdì'},
           {'date': '2025-06-14', 'time_start': '15:30', 'weekday': 'Sabato'},
           {'date': '2025-06-15', 'time_start': '15:30', 'weekday': 'Domenica'},
           {'date': '2025-06-16', 'time_start': '15:30', 'weekday': 'Lunedì'},
           {'date': '2025-06-17', 'time_start': '15:30', 'weekday': 'Martedì'},
           {'date': '2025-06-18',
            'time_start': '15:30',
            'weekday': 'Mercoledì'},
           {'date': '2025-06-19', 'time_start': '15:30', 'weekday': 'Giovedì'},
           {'date': '2025-06-20', 'time_start': '15:30', 'weekday': 'Venerdì'},
           {'date': '2025-06-21', 'time_start': '15:30', 'weekday': 'Sabato'},
           {'date': '2025-06-22', 'time_start': '15:30', 'weekday': 'Domenica'},
           {'date': '2025-06-23', 'time_start': '15:30', 'weekday': 'Lunedì'},
           {'date': '2025-06-24', 'time_start': '15:30', 'weekday': 'Martedì'},
           {'date': '2025-06-25',
            'time_start': '15:30',
            'weekday': 'Mercoledì'},
           {'date': '2025-06-26', 'time_start': '15:30', 'weekday': 'Giovedì'},
           {'date': '2025-06-27', 'time_start': '15:30', 'weekday': 'Venerdì'},
           {'date': '2025-06-28', 'time_start': '15:30', 'weekday': 'Sabato'},
           {'date': '2025-06-29', 'time_start': '15:30', 'weekday': 'Domenica'},
           {'date': '2025-06-30', 'time_start': '15:30', 'weekday': 'Lunedì'},
           {'date': '2025-07-01', 'time_start': '15:30', 'weekday': 'Martedì'},
           {'date': '2025-07-02',
            'time_start': '15:30',
            'weekday': 'Mercoledì'},
           {'date': '2025-07-03', 'time_start': '15:30', 'weekday': 'Giovedì'},
           {'date': '2025-07-04', 'time_start': '15:30', 'weekday': 'Venerdì'},
           {'date': '2025-07-05', 'time_start': '15:30', 'weekday': 'Sabato'},
           {'date': '2025-07-06', 'time_start': '15:30', 'weekday': 'Domenica'},
           {'date': '2025-07-07', 'time_start': '15:30', 'weekday': 'Lunedì'},
           {'date': '2025-07-08', 'time_start': '15:30', 'weekday': 'Martedì'},
           {'date': '2025-07-09',
            'time_start': '15:30',
            'weekday': 'Mercoledì'},
           {'date': '2025-07-10', 'time_start': '15:30', 'weekday': 'Giovedì'},
           {'date': '2025-07-11', 'time_start': '15:30', 'weekday': 'Venerdì'},
           {'date': '2025-07-12', 'time_start': '15:30', 'weekday': 'Sabato'},
           {'date': '2025-07-13', 'time_start': '15:30', 'weekday': 'Domenica'},
           {'date': '2025-07-14', 'time_start': '15:30', 'weekday': 'Lunedì'},
           {'date': '2025-07-15', 'time_start': '15:30', 'weekday': 'Martedì'},
           {'date': '2025-07-16',
            'time_start': '15:30',
            'weekday': 'Mercoledì'},
           {'date': '2025-07-17', 'time_start': '15:30', 'weekday': 'Giovedì'},
           {'date': '2025-07-18', 'time_start': '15:30', 'weekday': 'Venerdì'},
           {'date': '2025-07-19', 'time_start': '15:30', 'weekday': 'Sabato'},
           {'date': '2025-07-20', 'time_start': '15:30', 'weekday': 'Domenica'},
           {'date': '2025-07-21', 'time_start': '15:30', 'weekday': 'Lunedì'},
           {'date': '2025-07-22', 'time_start': '15:30', 'weekday': 'Martedì'},
           {'date': '2025-07-23',
            'time_start': '15:30',
            'weekday': 'Mercoledì'},
           {'date': '2025-07-24', 'time_start': '15:30', 'weekday': 'Giovedì'},
           {'date': '2025-07-25', 'time_start': '15:30', 'weekday': 'Venerdì'},
           {'date': '2025-07-26', 'time_start': '15:30', 'weekday': 'Sabato'},
           {'date': '2025-07-27', 'time_start': '15:30', 'weekday': 'Domenica'},
           {'date': '2025-07-28', 'time_start': '15:30', 'weekday': 'Lunedì'},
           {'date': '2025-07-29', 'time_start': '15:30', 'weekday': 'Martedì'},
           {'date': '2025-07-30',
            'time_start': '15:30',
            'weekday': 'Mercoledì'},
           {'date': '2025-07-31', 'time_start': '15:30', 'weekday': 'Giovedì'},
           {'date': '2025-08-01', 'time_start': '15:30', 'weekday': 'Venerdì'},
           {'date': '2025-08-02', 'time_start': '15:30', 'weekday': 'Sabato'},
           {'date': '2025-08-03', 'time_start': '15:30', 'weekday': 'Domenica'},
           {'date': '2025-08-04', 'time_start': '15:30', 'weekday': 'Lunedì'},
           {'date': '2025-08-05', 'time_start': '15:30', 'weekday': 'Martedì'},
           {'date': '2025-08-06',
            'time_start': '15:30',
            'weekday': 'Mercoledì'},
           {'date': '2025-08-07', 'time_start': '15:30', 'weekday': 'Giovedì'},
           {'date': '2025-08-08', 'time_start': '15:30', 'weekday': 'Venerdì'},
           {'date': '2025-08-09', 'time_start': '15:30', 'weekday': 'Sabato'},
           {'date': '2025-08-10', 'time_start': '15:30', 'weekday': 'Domenica'},
           {'date': '2025-08-11', 'time_start': '15:30', 'weekday': 'Lunedì'},
           {'date': '2025-08-12', 'time_start': '15:30', 'weekday': 'Martedì'},
           {'date': '2025-08-13',
            'time_start': '15:30',
            'weekday': 'Mercoledì'},
           {'date': '2025-08-14', 'time_start': '15:30', 'weekday': 'Giovedì'},
           {'date': '2025-08-15', 'time_start': '15:30', 'weekday': 'Venerdì'},
           {'date': '2025-08-16', 'time_start': '15:30', 'weekday': 'Sabato'},
           {'date': '2025-08-17', 'time_start': '15:30', 'weekday': 'Domenica'},
           {'date': '2025-08-18', 'time_start': '15:30', 'weekday': 'Lunedì'},
           {'date': '2025-08-19', 'time_start': '15:30', 'weekday': 'Martedì'},
           {'date': '2025-08-20',
            'time_start': '15:30',
            'weekday': 'Mercoledì'},
           {'date': '2025-08-21', 'time_start': '15:30', 'weekday': 'Giovedì'},
           {'date': '2025-08-22', 'time_start': '15:30', 'weekday': 'Venerdì'},
           {'date': '2025-08-23', 'time_start': '15:30', 'weekday': 'Sabato'},
           {'date': '2025-08-24', 'time_start': '15:30', 'weekday': 'Domenica'},
           {'date': '2025-08-25', 'time_start': '15:30', 'weekday': 'Lunedì'},
           {'date': '2025-08-26', 'time_start': '15:30', 'weekday': 'Martedì'},
           {'date': '2025-08-27',
            'time_start': '15:30',
            'weekday': 'Mercoledì'},
           {'date': '2025-08-28', 'time_start': '15:30', 'weekday': 'Giovedì'},
           {'date': '2025-08-29', 'time_start': '15:30', 'weekday': 'Venerdì'},
           {'date': '2025-08-30', 'time_start': '15:30', 'weekday': 'Sabato'},
           {'date': '2025-08-31', 'time_start': '15:30', 'weekday': 'Domenica'},
           {'date': '2025-09-01', 'time_start': '15:30', 'weekday': 'Lunedì'},
           {'date': '2025-09-02', 'time_start': '15:30', 'weekday': 'Martedì'},
           {'date': '2025-09-03',
            'time_start': '15:30',
            'weekday': 'Mercoledì'},
           {'date': '2025-09-04', 'time_start': '15:30', 'weekday': 'Giovedì'},
           {'date': '2025-09-05', 'time_start': '15:30', 'weekday': 'Venerdì'},
           {'date': '2025-09-06', 'time_start': '15:30', 'weekday': 'Sabato'},
           {'date': '2025-09-07', 'time_start': '15:30', 'weekday': 'Domenica'},
           {'date': '2025-09-08', 'time_start': '15:30', 'weekday': 'Lunedì'},
           {'date': '2025-09-09', 'time_start': '15:30', 'weekday': 'Martedì'},
           {'date': '2025-09-10',
            'time_start': '15:30',
            'weekday': 'Mercoledì'},
           {'date': '2025-09-11', 'time_start': '15:30', 'weekday': 'Giovedì'},
           {'date': '2025-09-12', 'time_start': '15:30', 'weekday': 'Venerdì'},
           {'date': '2025-09-13', 'time_start': '15:30', 'weekday': 'Sabato'},
           {'date': '2025-09-14', 'time_start': '15:30', 'weekday': 'Domenica'},
           {'date': '2025-09-15', 'time_start': '15:30', 'weekday': 'Lunedì'},
           {'date': '2025-09-16', 'time_start': '15:30', 'weekday': 'Martedì'},
           {'date': '2025-09-17',
            'time_start': '15:30',
            'weekday': 'Mercoledì'},
           {'date': '2025-09-18', 'time_start': '15:30', 'weekday': 'Giovedì'},
           {'date': '2025-09-19', 'time_start': '15:30', 'weekday': 'Venerdì'},
           {'date': '2025-09-20', 'time_start': '15:30', 'weekday': 'Sabato'},
           {'date': '2025-09-21', 'time_start': '15:30', 'weekday': 'Domenica'},
           {'date': '2025-09-22', 'time_start': '15:30', 'weekday': 'Lunedì'},
           {'date': '2025-09-23', 'time_start': '15:30', 'weekday': 'Martedì'},
           {'date': '2025-09-24',
            'time_start': '15:30',
            'weekday': 'Mercoledì'},
           {'date': '2025-09-25', 'time_start': '15:30', 'weekday': 'Giovedì'},
           {'date': '2025-09-26', 'time_start': '15:30', 'weekday': 'Venerdì'},
           {'date': '2025-09-27', 'time_start': '15:30', 'weekday': 'Sabato'},
           {'date': '2025-09-28', 'time_start': '15:30', 'weekday': 'Domenica'},
           {'date': '2025-09-29', 'time_start': '15:30', 'weekday': 'Lunedì'},
           {'date': '2025-09-30', 'time_start': '15:30', 'weekday': 'Martedì'},
           {'date': '2025-10-01',
            'time_start': '15:30',
            'weekday': 'Mercoledì'},
           {'date': '2025-10-02', 'time_start': '15:30', 'weekday': 'Giovedì'},
           {'date': '2025-10-03', 'time_start': '15:30', 'weekday': 'Venerdì'},
           {'date': '2025-10-04', 'time_start': '15:30', 'weekday': 'Sabato'},
           {'date': '2025-10-05', 'time_start': '15:30', 'weekday': 'Domenica'},
           {'date': '2025-10-06', 'time_start': '15:30', 'weekday': 'Lunedì'},
           {'date': '2025-10-07', 'time_start': '15:30', 'weekday': 'Martedì'},
           {'date': '2025-10-08',
            'time_start': '15:30',
            'weekday': 'Mercoledì'},
           {'date': '2025-10-09', 'time_start': '15:30', 'weekday': 'Giovedì'},
           {'date': '2025-10-10', 'time_start': '15:30', 'weekday': 'Venerdì'},
           {'date': '2025-10-11', 'time_start': '15:30', 'weekday': 'Sabato'},
           {'date': '2025-10-12', 'time_start': '15:30', 'weekday': 'Domenica'},
           {'date': '2025-10-13', 'time_start': '15:30', 'weekday': 'Lunedì'},
           {'date': '2025-10-14', 'time_start': '15:30', 'weekday': 'Martedì'},
           {'date': '2025-10-15',
            'time_start': '15:30',
            'weekday': 'Mercoledì'},
           {'date': '2025-10-16', 'time_start': '15:30', 'weekday': 'Giovedì'},
           {'date': '2025-10-17', 'time_start': '15:30', 'weekday': 'Venerdì'},
           {'date': '2025-10-18', 'time_start': '15:30', 'weekday': 'Sabato'},
           {'date': '2025-10-19', 'time_start': '15:30', 'weekday': 'Domenica'},
           {'date': '2025-10-20', 'time_start': '15:30', 'weekday': 'Lunedì'},
           {'date': '2025-10-21', 'time_start': '15:30', 'weekday': 'Martedì'},
           {'date': '2025-10-22',
            'time_start': '15:30',
            'weekday': 'Mercoledì'},
           {'date': '2025-10-23', 'time_start': '15:30', 'weekday': 'Giovedì'},
           {'date': '2025-10-24', 'time_start': '15:30', 'weekday': 'Venerdì'},
           {'date': '2025-10-25', 'time_start': '15:30', 'weekday': 'Sabato'},
           {'date': '2025-10-26', 'time_start': '15:30', 'weekday': 'Domenica'},
           {'date': '2025-10-27', 'time_start': '15:30', 'weekday': 'Lunedì'},
           {'date': '2025-10-28', 'time_start': '15:30', 'weekday': 'Martedì'},
           {'date': '2025-10-29',
            'time_start': '15:30',
            'weekday': 'Mercoledì'},
           {'date': '2025-10-30', 'time_start': '15:30', 'weekday': 'Giovedì'},
           {'date': '2025-10-31', 'time_start': '15:30', 'weekday': 'Venerdì'},
           {'date': '2025-11-01', 'time_start': '15:30', 'weekday': 'Sabato'},
           {'date': '2025-11-02', 'time_start': '15:30', 'weekday': 'Domenica'},
           {'date': '2025-11-03', 'time_start': '15:30', 'weekday': 'Lunedì'},
           {'date': '2025-11-04', 'time_start': '15:30', 'weekday': 'Martedì'},
           {'date': '2025-11-05',
            'time_start': '15:30',
            'weekday': 'Mercoledì'},
           {'date': '2025-11-06', 'time_start': '15:30', 'weekday': 'Giovedì'},
           {'date': '2025-11-07', 'time_start': '15:30', 'weekday': 'Venerdì'},
           {'date': '2025-11-08', 'time_start': '15:30', 'weekday': 'Sabato'},
           {'date': '2025-11-09', 'time_start': '15:30', 'weekday': 'Domenica'},
           {'date': '2025-11-10', 'time_start': '15:30', 'weekday': 'Lunedì'},
           {'date': '2025-11-11', 'time_start': '15:30', 'weekday': 'Martedì'},
           {'date': '2025-11-12',
            'time_start': '15:30',
            'weekday': 'Mercoledì'},
           {'date': '2025-11-13', 'time_start': '15:30', 'weekday': 'Giovedì'},
           {'date': '2025-11-14', 'time_start': '15:30', 'weekday': 'Venerdì'},
           {'date': '2025-11-15', 'time_start': '15:30', 'weekday': 'Sabato'},
           {'date': '2025-11-16', 'time_start': '15:30', 'weekday': 'Domenica'},
           {'date': '2025-11-17', 'time_start': '15:30', 'weekday': 'Lunedì'},
           {'date': '2025-11-18', 'time_start': '15:30', 'weekday': 'Martedì'},
           {'date': '2025-11-19',
            'time_start': '15:30',
            'weekday': 'Mercoledì'},
           {'date': '2025-11-20', 'time_start': '15:30', 'weekday': 'Giovedì'},
           {'date': '2025-11-21', 'time_start': '15:30', 'weekday': 'Venerdì'},
           {'date': '2025-11-22', 'time_start': '15:30', 'weekday': 'Sabato'},
           {'date': '2025-11-23', 'time_start': '15:30', 'weekday': 'Domenica'},
           {'date': '2025-11-24', 'time_start': '15:30', 'weekday': 'Lunedì'},
           {'date': '2025-11-25', 'time_start': '15:30', 'weekday': 'Martedì'},
           {'date': '2025-11-26',
            'time_start': '15:30',
            'weekday': 'Mercoledì'},
           {'date': '2025-11-27', 'time_start': '15:30', 'weekday': 'Giovedì
[2026-01-28T20:47:07.444+0000] {docker.py:429} INFO - '},
           {'date': '2025-11-28', 'time_start': '15:30', 'weekday': 'Venerdì'},
           {'date': '2025-11-29', 'time_start': '15:30', 'weekday': 'Sabato'},
           {'date': '2025-11-30', 'time_start': '15:30', 'weekday': 'Domenica'},
           {'date': '2025-12-01', 'time_start': '15:30', 'weekday': 'Lunedì'},
           {'date': '2025-12-02', 'time_start': '15:30', 'weekday': 'Martedì'},
           {'date': '2025-12-03',
            'time_start': '15:30',
            'weekday': 'Mercoledì'},
           {'date': '2025-12-04', 'time_start': '15:30', 'weekday': 'Giovedì'},
           {'date': '2025-12-05', 'time_start': '15:30', 'weekday': 'Venerdì'},
           {'date': '2025-12-06', 'time_start': '15:30', 'weekday': 'Sabato'},
           {'date': '2025-12-07', 'time_start': '15:30', 'weekday': 'Domenica'},
           {'date': '2025-12-08', 'time_start': '15:30', 'weekday': 'Lunedì'},
           {'date': '2025-12-09', 'time_start': '15:30', 'weekday': 'Martedì'},
           {'date': '2025-12-10',
            'time_start': '15:30',
            'weekday': 'Mercoledì'},
           {'date': '2025-12-11', 'time_start': '15:30', 'weekday': 'Giovedì'},
           {'date': '2025-12-12', 'time_start': '15:30', 'weekday': 'Venerdì'},
           {'date': '2025-12-13', 'time_start': '15:30', 'weekday': 'Sabato'},
           {'date': '2025-12-14', 'time_start': '15:30', 'weekday': 'Domenica'},
           {'date': '2025-12-15', 'time_start': '15:30', 'weekday': 'Lunedì'},
           {'date': '2025-12-16', 'time_start': '15:30', 'weekday': 'Martedì'},
           {'date': '2025-12-17',
            'time_start': '15:30',
            'weekday': 'Mercoledì'},
           {'date': '2025-12-18', 'time_start': '15:30', 'weekday': 'Giovedì'},
           {'date': '2025-12-19', 'time_start': '15:30', 'weekday': 'Venerdì'},
           {'date': '2025-12-20', 'time_start': '15:30', 'weekday': 'Sabato'},
           {'date': '2025-12-21', 'time_start': '15:30', 'weekday': 'Domenica'},
           {'date': '2025-12-22', 'time_start': '15:30', 'weekday': 'Lunedì'},
           {'date': '2025-12-23', 'time_start': '15:30', 'weekday': 'Martedì'},
           {'date': '2025-12-24',
            'time_start': '15:30',
            'weekday': 'Mercoledì'},
           {'date': '2025-12-25', 'time_start': '15:30', 'weekday': 'Giovedì'},
           {'date': '2025-12-26', 'time_start': '15:30', 'weekday': 'Venerdì'},
           {'date': '2025-12-27', 'time_start': '15:30', 'weekday': 'Sabato'},
           {'date': '2025-12-28', 'time_start': '15:30', 'weekday': 'Domenica'},
           {'date': '2025-12-29', 'time_start': '15:30', 'weekday': 'Lunedì'},
           {'date': '2025-12-30', 'time_start': '15:30', 'weekday': 'Martedì'},
           {'date': '2025-12-31',
            'time_start': '15:30',
            'weekday': 'Mercoledì'},
           {'date': '2026-01-01', 'time_start': '15:30', 'weekday': 'Giovedì'},
           {'date': '2026-01-02', 'time_start': '15:30', 'weekday': 'Venerdì'},
           {'date': '2026-01-03', 'time_start': '15:30', 'weekday': 'Sabato'},
           {'date': '2026-01-04', 'time_start': '15:30', 'weekday': 'Domenica'},
           {'date': '2026-01-05', 'time_start': '15:30', 'weekday': 'Lunedì'},
           {'date': '2026-01-06', 'time_start': '15:30', 'weekday': 'Martedì'},
           {'date': '2026-01-07',
            'time_start': '15:30',
            'weekday': 'Mercoledì'},
           {'date': '2026-01-08', 'time_start': '15:30', 'weekday': 'Giovedì'},
           {'date': '2026-01-09', 'time_start': '15:30', 'weekday': 'Venerdì'},
           {'date': '2026-01-10', 'time_start': '15:30', 'weekday': 'Sabato'},
           {'date': '2026-01-11', 'time_start': '15:30', 'weekday': 'Domenica'},
           {'date': '2026-01-12', 'time_start': '15:30', 'weekday': 'Lunedì'},
           {'date': '2026-01-13', 'time_start': '15:30', 'weekday': 'Martedì'},
           {'date': '2026-01-14',
            'time_start': '15:30',
            'weekday': 'Mercoledì'},
           {'date': '2026-01-15', 'time_start': '15:30', 'weekday': 'Giovedì'},
           {'date': '2026-01-16', 'time_start': '15:30', 'weekday': 'Venerdì'},
           {'date': '2026-01-17', 'time_start': '15:30', 'weekday': 'Sabato'},
           {'date': '2026-01-18', 'time_start': '15:30', 'weekday': 'Domenica'},
           {'date': '2026-01-19', 'time_start': '15:30', 'weekday': 'Lunedì'},
           {'date': '2026-01-20', 'time_start': '15:30', 'weekday': 'Martedì'},
           {'date': '2026-01-21',
            'time_start': '15:30',
            'weekday': 'Mercoledì'},
           {'date': '2026-01-22', 'time_start': '15:30', 'weekday': 'Giovedì'},
           {'date': '2026-01-23', 'time_start': '15:30', 'weekday': 'Venerdì'},
           {'date': '2026-01-24', 'time_start': '15:30', 'weekday': 'Sabato'},
           {'date': '2026-01-25', 'time_start': '15:30', 'weekday': 'Domenica'},
           {'date': '2026-01-26', 'time_start': '15:30', 'weekday': 'Lunedì'},
           {'date': '2026-01-27', 'time_start': '15:30', 'weekday': 'Martedì'},
           {'date': '2026-01-28',
            'time_start': '15:30',
            'weekday': 'Mercoledì'},
           {'date': '2026-01-29', 'time_start': '15:30', 'weekday': 'Giovedì'},
           {'date': '2026-01-30', 'time_start': '15:30', 'weekday': 'Venerdì'},
           {'date': '2026-01-31', 'time_start': '15:30', 'weekday': 'Sabato'},
           {'date': '2026-02-01', 'time_start': '15:30', 'weekday': 'Domenica'},
           {'date': '2026-02-02', 'time_start': '15:30', 'weekday': 'Lunedì'},
           {'date': '2026-02-03', 'time_start': '15:30', 'weekday': 'Martedì'},
           {'date': '2026-02-04',
            'time_start': '15:30',
            'weekday': 'Mercoledì'},
           {'date': '2026-02-05', 'time_start': '15:30', 'weekday': 'Giovedì'},
           {'date': '2026-02-06', 'time_start': '15:30', 'weekday': 'Venerdì'},
           {'date': '2026-02-07', 'time_start': '15:30', 'weekday': 'Sabato'},
           {'date': '2026-02-08', 'time_start': '15:30', 'weekday': 'Domenica'},
           {'date': '2026-02-09', 'time_start': '15:30', 'weekday': 'Lunedì'},
           {'date': '2026-02-10', 'time_start': '15:30', 'weekday': 'Martedì'},
           {'date': '2026-02-11',
            'time_start': '15:30',
            'weekday': 'Mercoledì'},
           {'date': '2026-02-12', 'time_start': '15:30', 'weekday': 'Giovedì'},
           {'date': '2026-02-13', 'time_start': '15:30', 'weekday': 'Venerdì'},
           {'date': '2026-02-14', 'time_start': '15:30', 'weekday': 'Sabato'},
           {'date': '2026-02-15', 'time_start': '15:30', 'weekday': 'Domenica'},
           {'date': '2026-02-16', 'time_start': '15:30', 'weekday': 'Lunedì'},
           {'date': '2026-02-17', 'time_start': '15:30', 'weekday': 'Martedì'},
           {'date': '2026-02-18',
            'time_start': '15:30',
            'weekday': 'Mercoledì'},
           {'date': '2026-02-19', 'time_start': '15:30', 'weekday': 'Giovedì'},
           {'date': '2026-02-20', 'time_start': '15:30', 'weekday': 'Venerdì'},
           {'date': '2026-02-21', 'time_start': '15:30', 'weekday': 'Sabato'},
           {'date': '2026-02-22', 'time_start': '15:30', 'weekday': 'Domenica'},
           {'date': '2026-02-23', 'time_start': '15:30', 'weekday': 'Lunedì'},
           {'date': '2026-02-24', 'time_start': '15:30', 'weekday': 'Martedì'},
           {'date': '2026-02-25',
            'time_start': '15:30',
            'weekday': 'Mercoledì'},
           {'date': '2026-02-26', 'time_start': '15:30', 'weekday': 'Giovedì'},
           {'date': '2026-02-27', 'time_start': '15:30', 'weekday': 'Venerdì'},
           {'date': '2026-02-28', 'time_start': '15:30', 'weekday': 'Sabato'},
           {'date': '2026-03-01', 'time_start': '15:30', 'weekday': 'Domenica'},
           {'date': '2026-03-02', 'time_start': '15:30', 'weekday': 'Lunedì'},
           {'date': '2026-03-03', 'time_start': '15:30', 'weekday': 'Martedì'},
           {'date': '2026-03-04',
            'time_start': '15:30',
            'weekday': 'Mercoledì'},
           {'date': '2026-03-05', 'time_start': '15:30', 'weekday': 'Giovedì'},
           {'date': '2026-03-06', 'time_start': '15:30', 'weekday': 'Venerdì'},
           {'date': '2026-03-07', 'time_start': '15:30', 'weekday': 'Sabato'},
           {'date': '2026-03-08', 'time_start': '15:30', 'weekday': 'Domenica'},
           {'date': '2026-03-09', 'time_start': '15:30', 'weekday': 'Lunedì'},
           {'date': '2026-03-10', 'time_start': '15:30', 'weekday': 'Martedì'},
           {'date': '2
[2026-01-28T20:47:07.445+0000] {docker.py:429} INFO - 026-03-11',
            'time_start': '15:30',
            'weekday': 'Mercoledì'},
           {'date': '2026-03-12', 'time_start': '15:30', 'weekday': 'Giovedì'},
           {'date': '2026-03-13', 'time_start': '15:30', 'weekday': 'Venerdì'},
           {'date': '2026-03-14', 'time_start': '15:30', 'weekday': 'Sabato'},
           {'date': '2026-03-15', 'time_start': '15:30', 'weekday': 'Domenica'},
           {'date': '2026-03-16', 'time_start': '15:30', 'weekday': 'Lunedì'},
           {'date': '2026-03-17', 'time_start': '15:30', 'weekday': 'Martedì'},
           {'date': '2026-03-18',
            'time_start': '15:30',
            'weekday': 'Mercoledì'},
           {'date': '2026-03-19', 'time_start': '15:30', 'weekday': 'Giovedì'},
           {'date': '2026-03-20', 'time_start': '15:30', 'weekday': 'Venerdì'},
           {'date': '2026-03-21', 'time_start': '15:30', 'weekday': 'Sabato'},
           {'date': '2026-03-22', 'time_start': '15:30', 'weekday': 'Domenica'},
           {'date': '2026-03-23', 'time_start': '15:30', 'weekday': 'Lunedì'},
           {'date': '2026-03-24', 'time_start': '15:30', 'weekday': 'Martedì'},
           {'date': '2026-03-25',
            'time_start': '15:30',
            'weekday': 'Mercoledì'},
           {'date': '2026-03-26', 'time_start': '15:30', 'weekday': 'Giovedì'},
           {'date': '2026-03-27', 'time_start': '15:30', 'weekday': 'Venerdì'},
           {'date': '2026-03-28', 'time_start': '15:30', 'weekday': 'Sabato'},
           {'date': '2026-03-29', 'time_start': '15:30', 'weekday': 'Domenica'},
           {'date': '2026-03-30', 'time_start': '15:30', 'weekday': 'Lunedì'},
           {'date': '2026-03-31', 'time_start': '15:30', 'weekday': 'Martedì'},
           {'date': '2026-04-01',
            'time_start': '15:30',
            'weekday': 'Mercoledì'},
           {'date': '2026-04-02', 'time_start': '15:30', 'weekday': 'Giovedì'},
           {'date': '2026-04-03', 'time_start': '15:30', 'weekday': 'Venerdì'},
           {'date': '2026-04-04', 'time_start': '15:30', 'weekday': 'Sabato'},
           {'date': '2026-04-05', 'time_start': '15:30', 'weekday': 'Domenica'},
           {'date': '2026-04-06', 'time_start': '15:30', 'weekday': 'Lunedì'},
           {'date': '2026-04-07', 'time_start': '15:30', 'weekday': 'Martedì'},
           {'date': '2026-04-08',
            'time_start': '15:30',
            'weekday': 'Mercoledì'},
           {'date': '2026-04-09', 'time_start': '15:30', 'weekday': 'Giovedì'},
           {'date': '2026-04-10', 'time_start': '15:30', 'weekday': 'Venerdì'},
           {'date': '2026-04-11', 'time_start': '15:30', 'weekday': 'Sabato'},
           {'date': '2026-04-12', 'time_start': '15:30', 'weekday': 'Domenica'},
           {'date': '2026-04-13', 'time_start': '15:30', 'weekday': 'Lunedì'},
           {'date': '2026-04-14', 'time_start': '15:30', 'weekday': 'Martedì'},
           {'date': '2026-04-15',
            'time_start': '15:30',
            'weekday': 'Mercoledì'},
           {'date': '2026-04-16', 'time_start': '15:30', 'weekday': 'Giovedì'},
           {'date': '2026-04-17', 'time_start': '15:30', 'weekday': 'Venerdì'},
           {'date': '2026-04-18', 'time_start': '15:30', 'weekday': 'Sabato'},
           {'date': '2026-04-19', 'time_start': '15:30', 'weekday': 'Domenica'},
           {'date': '2026-04-20', 'time_start': '15:30', 'weekday': 'Lunedì'},
           {'date': '2026-04-21', 'time_start': '15:30', 'weekday': 'Martedì'},
           {'date': '2026-04-22',
            'time_start': '15:30',
            'weekday': 'Mercoledì'},
           {'date': '2026-04-23', 'time_start': '15:30', 'weekday': 'Giovedì'},
           {'date': '2026-04-24', 'time_start': '15:30', 'weekday': 'Venerdì'},
           {'date': '2026-04-25', 'time_start': '15:30', 'weekday': 'Sabato'},
           {'date': '2026-04-26', 'time_start': '15:30', 'weekday': 'Domenica'},
           {'date': '2026-04-27', 'time_start': '15:30', 'weekday': 'Lunedì'},
           {'date': '2026-04-28', 'time_start': '15:30', 'weekday': 'Martedì'},
           {'date': '2026-04-29',
            'time_start': '15:30',
            'weekday': 'Mercoledì'},
           {'date': '2026-04-30', 'time_start': '15:30', 'weekday': 'Giovedì'},
           {'date': '2026-05-01', 'time_start': '15:30', 'weekday': 'Venerdì'},
           {'date': '2026-05-02', 'time_start': '15:30', 'weekday': 'Sabato'},
           {'date': '2026-05-03', 'time_start': '15:30', 'weekday': 'Domenica'},
           {'date': '2026-05-04', 'time_start': '15:30', 'weekday': 'Lunedì'},
           {'date': '2026-05-05', 'time_start': '15:30', 'weekday': 'Martedì'},
           {'date': '2026-05-06',
            'time_start': '15:30',
            'weekday': 'Mercoledì'},
           {'date': '2026-05-07', 'time_start': '15:30', 'weekday': 'Giovedì'},
           {'date': '2026-05-08', 'time_start': '15:30', 'weekday': 'Venerdì'},
           {'date': '2026-05-09', 'time_start': '15:30', 'weekday': 'Sabato'},
           {'date': '2026-05-10', 'time_start': '15:30', 'weekday': 'Domenica'},
           {'date': '2026-05-11', 'time_start': '15:30', 'weekday': 'Lunedì'},
           {'date': '2026-05-12', 'time_start': '15:30', 'weekday': 'Martedì'},
           {'date': '2026-05-13',
            'time_start': '15:30',
            'weekday': 'Mercoledì'},
           {'date': '2026-05-14', 'time_start': '15:30', 'weekday': 'Giovedì'},
           {'date': '2026-05-15', 'time_start': '15:30', 'weekday': 'Venerdì'},
           {'date': '2026-05-16', 'time_start': '15:30', 'weekday': 'Sabato'},
           {'date': '2026-05-17', 'time_start': '15:30', 'weekday': 'Domenica'},
           {'date': '2026-05-18', 'time_start': '15:30', 'weekday': 'Lunedì'},
           {'date': '2026-05-19', 'time_start': '15:30', 'weekday': 'Martedì'},
           {'date': '2026-05-20',
            'time_start': '15:30',
            'weekday': 'Mercoledì'},
           {'date': '2026-05-21', 'time_start': '15:30', 'weekday': 'Giovedì'},
           {'date': '2026-05-22', 'time_start': '15:30', 'weekday': 'Venerdì'},
           {'date': '2026-05-23', 'time_start': '15:30', 'weekday': 'Sabato'},
           {'date': '2026-05-24', 'time_start': '15:30', 'weekday': 'Domenica'},
           {'date': '2026-05-25', 'time_start': '15:30', 'weekday': 'Lunedì'},
           {'date': '2026-05-26', 'time_start': '15:30', 'weekday': 'Martedì'},
           {'date': '2026-05-27',
            'time_start': '15:30',
            'weekday': 'Mercoledì'},
           {'date': '2026-05-28', 'time_start': '15:30', 'weekday': 'Giovedì'},
           {'date': '2026-05-29', 'time_start': '15:30', 'weekday': 'Venerdì'}],
 'description': "L'Avvocatura Distrettuale di Napoli è lieta di annunciare la "
                'riapertura al pubblico di una significativa mostra permanente '
                "dedicata alla pittura napoletana dell'Ottocento. Questa "
                'esposizione, curata con dedizione, offre uno sguardo '
                'approfondito sul vibrante panorama artistico partenopeo del '
                "XIX secolo. Ma l'evento si arricchisce di un'opportunità "
                'senza precedenti: per la prima volta, sarà possibile accedere '
                "alle due storiche biblioteche dell'Avvocatura, finora "
                'inaccessibili al pubblico, per ammirare da vicino una '
                'pregevole collezione di antichi testi giuridici e non solo. '
                "Per garantire un'esperienza approfondita e coinvolgente, i "
                'visitatori saranno accompagnati da giovani guide esperte, '
                'altamente professionali e cordialissime, appartenenti '
                "all'associazione Aenea di Napoli. Saranno loro a condurvi "
                'attraverso le sale espositive e le biblioteche, offrendo '
                "un'occasione unica per scoprire un patrimonio culturale e "
                'storico di inestimabile valore, in un contesto di rara '
                'bellezza. Le visite, completamente gratuite, si terranno ogni '
                'venerdì, dalle ore 15:30 alle ore 17:30, presso la sede '
                "dell'Avvocatura Distrettuale di Napoli in Via Diaz n. 11. Si "
                'informa che la prenotazione è obbligatoria per garantire '
                "un'esperienza ottimale e rispettare i protocolli di accesso. "
                "Un'occasione unica per scoprire un patrimonio culturale e "
                'storico di inestimabile valore, in un contesto di rara '
                'bellezza. Info: luisa.dispirito@avvocaturastato.it',
 'image_url': '//citynews-napolitoday.stgy.ovh/~media/horizontal-mid/13219353506317/custodi-del-tempo-l-ottocento-napoletano-e-i-tesori-librari-dell-avvocatura-dello-stato-di-napoli.jpg',
 'location_address': 'Via Armando Diaz, 11',
 'location_name': 'Avvocatura dello Stato di Napoli',
 'price': 'Gratis',
 'scraped_at': '2026-01-28T20:46:37.969987',
 'time_info': '15:30/17:30',
 'title': "Custodi del Tempo: L'Ottocento Napoletano e i Tesori Librari "
          "dell'Avvocatura dello Stato di Napoli",
 'url': 'https://www.napolitoday.it/eventi/custodi-tempo-ottocento-napoletano-tesori-librari-avvocatura-stato-napoli.html',
 'uuid': 'b0e84be781c780c5'}
[2026-01-28T20:47:08.601+0000] {docker.py:429} INFO - 2026-01-28 20:47:08 [scrapy.core.engine] DEBUG: Crawled (200) <GET https://www.napolitoday.it/eventi/mostra-jim-dine-maschio-angioino.html> (referer: https://www.napolitoday.it/eventi/dal/2026-01-28/al/2026-02-01/)
[2026-01-28T20:47:08.711+0000] {docker.py:429} INFO - 2026-01-28 20:47:08 [scrapy.core.scraper] DEBUG: Scraped from <200 https://www.napolitoday.it/eventi/mostra-jim-dine-maschio-angioino.html>
{'category': 'Mostre',
 'city': 'Napoli',
 'content_hash': '60e3dd922524369f',
 'date_end': '2026-02-10',
 'date_start': '2025-10-10',
 'dates': [{'date': '2025-10-11', 'time_start': '10:00', 'weekday': 'Sabato'},
           {'date': '2025-10-13', 'time_start': '10:00', 'weekday': 'Lunedì'},
           {'date': '2025-10-18', 'time_start': '10:00', 'weekday': 'Sabato'},
           {'date': '2025-10-20', 'time_start': '10:00', 'weekday': 'Lunedì'},
           {'date': '2025-10-25', 'time_start': '10:00', 'weekday': 'Sabato'},
           {'date': '2025-10-27', 'time_start': '10:00', 'weekday': 'Lunedì'},
           {'date': '2025-11-01', 'time_start': '10:00', 'weekday': 'Sabato'},
           {'date': '2025-11-03', 'time_start': '10:00', 'weekday': 'Lunedì'},
           {'date': '2025-11-08', 'time_start': '10:00', 'weekday': 'Sabato'},
           {'date': '2025-11-10', 'time_start': '10:00', 'weekday': 'Lunedì'},
           {'date': '2025-11-15', 'time_start': '10:00', 'weekday': 'Sabato'},
           {'date': '2025-11-17', 'time_start': '10:00', 'weekday': 'Lunedì'},
           {'date': '2025-11-22', 'time_start': '10:00', 'weekday': 'Sabato'},
           {'date': '2025-11-24', 'time_start': '10:00', 'weekday': 'Lunedì'},
           {'date': '2025-11-29', 'time_start': '10:00', 'weekday': 'Sabato'},
           {'date': '2025-12-01', 'time_start': '10:00', 'weekday': 'Lunedì'},
           {'date': '2025-12-06', 'time_start': '10:00', 'weekday': 'Sabato'},
           {'date': '2025-12-08', 'time_start': '10:00', 'weekday': 'Lunedì'},
           {'date': '2025-12-13', 'time_start': '10:00', 'weekday': 'Sabato'},
           {'date': '2025-12-15', 'time_start': '10:00', 'weekday': 'Lunedì'},
           {'date': '2025-12-20', 'time_start': '10:00', 'weekday': 'Sabato'},
           {'date': '2025-12-22', 'time_start': '10:00', 'weekday': 'Lunedì'},
           {'date': '2025-12-27', 'time_start': '10:00', 'weekday': 'Sabato'},
           {'date': '2025-12-29', 'time_start': '10:00', 'weekday': 'Lunedì'},
           {'date': '2026-01-03', 'time_start': '10:00', 'weekday': 'Sabato'},
           {'date': '2026-01-05', 'time_start': '10:00', 'weekday': 'Lunedì'},
           {'date': '2026-01-10', 'time_start': '10:00', 'weekday': 'Sabato'},
           {'date': '2026-01-12', 'time_start': '10:00', 'weekday': 'Lunedì'},
           {'date': '2026-01-17', 'time_start': '10:00', 'weekday': 'Sabato'},
           {'date': '2026-01-19', 'time_start': '10:00', 'weekday': 'Lunedì'},
           {'date': '2026-01-24', 'time_start': '10:00', 'weekday': 'Sabato'},
           {'date': '2026-01-26', 'time_start': '10:00', 'weekday': 'Lunedì'},
           {'date': '2026-01-31', 'time_start': '10:00', 'weekday': 'Sabato'},
           {'date': '2026-02-02', 'time_start': '10:00', 'weekday': 'Lunedì'},
           {'date': '2026-02-07', 'time_start': '10:00', 'weekday': 'Sabato'},
           {'date': '2026-02-09', 'time_start': '10:00', 'weekday': 'Lunedì'}],
 'description': '“ Elysian Fields ” , la mostra site-specific allestita a '
                'Castel Nuovo dall’artista statunitense Jim Dine che sarà '
                'aperta dal 10 ottobre 2025 al 10 febbraio 2026 , è il nuovo '
                'appuntamento di Napoli Contemporanea 2025 , il programma di '
                'mostre e installazioni promosso dal Comune di Napoli e curato '
                'da Vincenzo Trione , che dal 2023 mira a rafforzare la '
                'vocazione al contemporaneo della città con progetti pensati '
                'da protagonisti dell’arte del nostro tempo per i siti museali '
                'e per lo spazio pubblico urbano. La mostra, accolta negli '
                'ambienti monumentali al piano terra del castello '
                '(recentemente riqualificati in occasione della mostra “ Mimmo '
                'Jodice. Napoli metafisica ”), instaura un dialogo tra il '
                'patrimonio storico-architettonico di Castel Nuovo e la '
                'contemporaneità delle opere del maestro americano. Le 29 '
                'installazioni di cui si compone la mostra sono state '
                'collocate nella Cappella delle Anime del Purgatorio, nella '
                'Cappella Palatina, nell’Armeria e nelle due ulteriori sale '
                'dell’area archeologica, in relazione con 7 sculture '
                'rinascimentali - già presenti nel percorso museale, ma per '
                'anni non esposte per motivi di conservazione - mettendo in '
                'comunicazione epoche e linguaggi differenti, in modo da '
                'offrire al pubblico un’esperienza immersiva e stratificata. '
                'Inoltre, l’intervento su alcune delle opere del museo ha '
                'rappresentato un’opportunità concreta per migliorarne lo '
                'stato di conservazione, in un’ottica di valorizzazione. '
                'L’ambiente principale dell’esposizione è la trecentesca '
                'Cappella Palatina: lungo la navata angioina sono allestite 23 '
                'grandi sculture di Dine, raffiguranti teste di ispirazione '
                'classica (“ Elysian Fields ”). A queste si aggiunge “ The '
                'Gate where Venus sleeps ”, una porta in bronzo e acciaio che '
                'conduce alla zona absidale, per la prima volta esposta in una '
                'mostra. La Cappella ospita anche alcune sculture '
                'rinascimentali, tra cui le Madonne con Bambino di Francesco '
                'Laurana e Domenico Gagini, provenienti dalla stessa cappella '
                'e dall’annessa sagrestia. Per l’occasione, queste opere '
                'recuperate sono state collocate su nuove basi, appositamente '
                'progettate in armonia con gli ambienti espositivi ed esposte '
                'al pubblico. Nella piccola Cappella delle Anime del '
                'Purgatorio, riccamente decorata con stucchi barocchi e '
                'dipinti di scuola manierista, è esposta un’altra opera di '
                'Dine, il vaso/cratere “ Flowers” . L’area archeologica ospita '
                'due copie di “ Small bird with tool ” nella Sala Butto e, '
                'nella Sala dell’Armeria - un tempo adibita a deposito di armi '
                'e oggi caratterizzata dalla presenza di scavi archeologici '
                'visibili attraverso una pavimentazione in vetro, che rivelano '
                'strutture romane (I sec. a.C. – V sec. d.C.), una vasca '
                'marmorea tardo-antica e una necropoli altomedievale - sono '
                'collocate le sculture “ Venus and Neptune ” e “ Big Lady on a '
                'Beaver’s stump ”. La mostra è accompagnata da un catalogo, '
                'curato da Vincenzo Trione ed edito da Steidl, nonché da una '
                'fanzine con le immagini della mostra e con testi inediti, che '
                'verrà gratuitamente distribuita a partire da novembre. Nato a '
                'Cincinnati nel 1935, Jim Dine è un’icona dell’arte '
                'contemporanea: affermatosi nella Pop Art al fianco di Roy '
                'Lichtenstein, Andy Warhol e Claes Oldenburg, le sue opere '
                'sono esposte in tutto il mondo nelle collezioni più '
                'prestigiose, dal MoMA di New York alla Tate di Londra, al '
                'Centre Pompidou di Parigi. “Elysian Fields” celebra la '
                'filosofia di Jim Dine fondata sull’interrogazione emotiva del '
                'passato e sul fascino per la classicità, sulla soglia tra '
                'antico e contemporaneo. Il programma Napoli Contemporanea '
                '“Elysian Fields” si inserisce nel programma di mostre e '
                'installazioni urbane “Napoli contemporanea”, inaugurato nel '
                '2023 con “ Questi miei fantasmi ” di Antonio Marras , che da '
                'allora ha visto susseguirsi progetti pensati appositamente '
                'per gli spazi pubblici da protagonisti dell’arte del nostro '
                'tempo. Dall’opera “ Lacrime di coccodrillo ”, realizzata da '
                'Francesco Vezzoli per le Prigioni di Castel Nuovo, alla '
                'monumentale “ Venere degli stracci ” di Michelangelo '
                'Pistoletto , allestita in Piazza Municipio, fino ai lavori '
                'prodotti da Chiara Passa , Davide Quayola , Auriea Harvey e '
                'Bianco-Valente per il “MetaPan”, spazio immersivo '
                'tridimensionale nel metaverso. E ancora: “ Io contengo '
                'moltitudini ” di Marinella Senatore , “ Tu si ’na cosa grande '
                '” di Gaetano Pesce , la mostra personale di Mimmo Jodice '
                '“Napoli metafisica ”, importante omaggio a uno dei più '
                'poetici e alti interpreti di Napoli “ Silent Hortense ” di '
                'Jaume Plensa , e l’opera “ OH! ” realizzata da Marcello Jori '
                'per Piazza Mercato, visitabile fino al 5 ottobre 2025. '
                'Concepito per creare una relazione diretta con la città, il '
                'programma di mostre e installazioni urbane ne rafforza la '
                'vocazione al contemporaneo grazie alle opere di artisti di '
                'alto profilo - nazionali e internazionali e di differenti '
                'generazioni - e ai loro interventi in piazze, strade, '
                'chiostri, quartieri della città. Nota del curatore Vincenzo '
                'Trione: Un percorso labirintico. Le opere di Jim Dine sono '
                'poste in dialogo con alcuni reperti antichi e con le sculture '
                'rinascimentali provenienti dalle collezioni di Castel Nuovo '
                '(tra le quali, le Madonne con Bambino di Francesco Laurana e '
                'di Domenico Gagini). In filigrana, si avverte il bisogno di '
                'coniugare realismo e archeologia. Per un verso, memore delle '
                '“conquiste” del New Dada e della Pop Art, Dine è attento a '
                'difendere una forte riconoscibilità dei suoi lavori. Per un '
                'altro verso, dà voce alla fascinazione per l’antichità, '
                'pensata come una favola lontana, da interrogare, da '
                'ri-abitare, da profanare. Da questa idea nascono sculture che '
                'ricordano da vicino rovine pescate dagli abissi marini. Ecco '
                'esercizi fisiognomici imperfetti non privi di rimandi '
                'autobiografici (Elysian Fields, nella Cappella Palatina). Ed '
                'ecco The Gate where Venus sleeps, una porta in bronzo e in '
                'acciaio, collocata in corrispondenza dell’abside della '
                'Cappella Palatina, simile a un altare fatto di attrezzi '
                'poveri. Ecco ancora alcune divinità acefale, la cui bellezza '
                'originaria è resa irriconoscibile da una selva di '
                'stratificazioni (Venus and Neptune, nella Sala dell’Armeria). '
                'Ed ecco Flowers (nella Cappella delle Anime del Purgatorio), '
                'un solenne vaso in bronzo nel quale sono incastonate reliquie '
                'varie. Infine, le scritture a mano, riportate in una piccola '
                'stanza del Castel Nuovo: come graffiti nervosi incisi in una '
                'cripta. Estratte da un misterioso sottosuolo, queste '
                'iconografie risultano monumentali e, insieme, fragili. '
                'Austere, ma impure, non-finite, riluttanti alla geometria. '
                'Capaci di mimare l’azione del tempo. Che, come amava dire '
                'Marguerite Yourcenar, è “grande scultore”. Biografia '
                'dell’artista Jim Dine (nato il 16 giugno 1935 a Cincinnati, '
                'Ohio, USA) è tra i protagonisti della Pop Art. Celebre per la '
                'sua vasta produzione artistica, che comprende pittura, '
                'scultura, incisione e disegno. Le sue opere combinano alcuni '
                'motivi ricorrenti (cuori, attrezzi, accappatoi e sculture '
                'classiche) con rimandi autobiografici. Il suo lavoro esplora '
                'la memoria, l’identità e la dimensione psicologica, creando '
                'connessioni tra esperienza individuale e archetipi '
                'universali. Dine è anche poeta: ha pubblicato diverse '
                'raccolte e integra frequentemente il linguaggio poetico nella '
                'sua pratica artistica. Ha esposto ed è presente nelle '
                'collezioni dei maggiori musei del mondo, tra cui il MoMA e il '
                'Whitney Museum di New York, la Tate e il British Museum di '
                'Londra, il Centre Pompidou di Parigi, lo Stedelijk Museum di '
                'Amsterdam, l’Albertina Museum di Vienna, la National Gallery '
                'of Art di Washington D.C., il Getty Museum di Los Angeles e '
                'la National Gallery of Art di Melbourne. È stato invitato a '
                'Documenta (Kassel) e alla Biennale di Venezia. Presentazione '
                'del Comune di Napoli: “A Napoli si può vivere una nuova, '
                'emozionante esperienza artistica. “Elysian Fields” di Jim '
                'Dine è un percorso espositivo unico nel suo genere, dal '
                'sapore internazionale come ormai la nostra città è abituata '
                'ad ospitare. Castel Nuovo, simbolo per eccellenza del '
                'capoluogo campano, si apre a un dialogo innovativo con l’arte '
                'contemporanea, presentando un contesto eccezionale dove la '
                'storia incontra la modernità, in un confronto suggestivo tra '
                'le opere già presenti nella trecentesca Cappella Palatina, '
                'nella piccola Cappella delle Anime del Purgatorio e nella '
                'Sala dell’Armeria, e le installazioni pop del maestro '
                'americano. La poetica di Jim Dine si sposa con una visione '
                'mira
[2026-01-28T20:47:08.711+0000] {docker.py:429} INFO - ta a proiettare Napoli nel panorama mondiale dell’arte '
                'contemporanea, in un abbraccio tra passato e futuro che '
                'definisce il carattere stesso della città: è la Napoli della '
                'storia e dell’innovazione, sempre pronta a farsi spazio nel '
                'dialogo globale delle idee culturali”. Jim Dine, artista: " '
                'Queste teste in gesso sono state realizzate nel mio studio a '
                'San Gallo, in Svizzera, negli ultimi tre anni. Sono ritratti '
                'che ho inventato e ritratti che ho sognato, provenienti dalla '
                'storia e dal mondo antico. Ci sono anche amici perduti e '
                'frammenti della mia vita di anni fa nei boschi del Vermont. '
                'Il gesso è il mio materiale preferito per il modo in cui si '
                'sente tra le mie mani”. Orari e giorni d’apertura: Dal lunedì '
                'al sabato dalle ore 10:00 alle 18:00 (ultimo ingresso 17.30), '
                'festivi esclusi. Biglietti: Biglietto mostra euro 4 + '
                'Ingresso al sito euro 6 I biglietti sono acquistabili presso '
                'la biglietteria del castello tramite pagamento POS (bancomat '
                'e carta di credito) e online al link '
                'biglietti.comune.napoli.it IN FOTO: Jim Dine, Gaetano '
                'Manfredi e Vincenzo Trione',
 'image_url': '//citynews-napolitoday.stgy.ovh/~media/horizontal-mid/2354755962758/jim-dine-gaetano-manfredi-e-vincenzo-trione.jpg',
 'location_address': 'Via Vittorio Emanuele III',
 'location_name': 'Castel Nuovo - Maschio Angioino',
 'price': 'Biglietto mostra euro 4 + Ingresso al sito euro 6',
 'schedule': 'Dal lunedì al sabato dalle ore 10:00 alle 18:00 (ultimo ingresso '
             '17.30), festivi esclusi',
 'scraped_at': '2026-01-28T20:46:37.969569',
 'title': 'A Napoli la mostra “Elysian fields” di Jim Dine, icona della pop '
          'art',
 'url': 'https://www.napolitoday.it/eventi/mostra-jim-dine-maschio-angioino.html',
 'uuid': '93086e15775fb7fb',
 'weekdays': 'Lunedì, Sabato'}
[2026-01-28T20:47:10.059+0000] {docker.py:429} INFO - 2026-01-28 20:47:10 [scrapy.core.engine] DEBUG: Crawled (200) <GET https://www.napolitoday.it/eventi/teatro-bellini-napoli-spettacoli-stagione-2025-2026.html> (referer: https://www.napolitoday.it/eventi/dal/2026-01-28/al/2026-02-01/)
[2026-01-28T20:47:10.185+0000] {docker.py:429} INFO - 2026-01-28 20:47:10 [scrapy.core.scraper] DEBUG: Scraped from <200 https://www.napolitoday.it/eventi/teatro-bellini-napoli-spettacoli-stagione-2025-2026.html>
{'category': 'Teatri',
 'city': 'Napoli',
 'content_hash': '45c829ba55136bbf',
 'date_end': '2026-05-31',
 'date_start': '2025-09-23',
 'dates': [{'date': '2025-09-23', 'weekday': 'Martedì'},
           {'date': '2025-09-24', 'weekday': 'Mercoledì'},
           {'date': '2025-09-25', 'weekday': 'Giovedì'},
           {'date': '2025-09-26', 'weekday': 'Venerdì'},
           {'date': '2025-09-27', 'weekday': 'Sabato'},
           {'date': '2025-09-28', 'weekday': 'Domenica'},
           {'date': '2025-09-29', 'weekday': 'Lunedì'},
           {'date': '2025-09-30', 'weekday': 'Martedì'},
           {'date': '2025-10-01', 'weekday': 'Mercoledì'},
           {'date': '2025-10-02', 'weekday': 'Giovedì'},
           {'date': '2025-10-03', 'weekday': 'Venerdì'},
           {'date': '2025-10-04', 'weekday': 'Sabato'},
           {'date': '2025-10-05', 'weekday': 'Domenica'},
           {'date': '2025-10-06', 'weekday': 'Lunedì'},
           {'date': '2025-10-07', 'weekday': 'Martedì'},
           {'date': '2025-10-08', 'weekday': 'Mercoledì'},
           {'date': '2025-10-09', 'weekday': 'Giovedì'},
           {'date': '2025-10-10', 'weekday': 'Venerdì'},
           {'date': '2025-10-11', 'weekday': 'Sabato'},
           {'date': '2025-10-12', 'weekday': 'Domenica'},
           {'date': '2025-10-13', 'weekday': 'Lunedì'},
           {'date': '2025-10-14', 'weekday': 'Martedì'},
           {'date': '2025-10-15', 'weekday': 'Mercoledì'},
           {'date': '2025-10-16', 'weekday': 'Giovedì'},
           {'date': '2025-10-17', 'weekday': 'Venerdì'},
           {'date': '2025-10-18', 'weekday': 'Sabato'},
           {'date': '2025-10-19', 'weekday': 'Domenica'},
           {'date': '2025-10-20', 'weekday': 'Lunedì'},
           {'date': '2025-10-21', 'weekday': 'Martedì'},
           {'date': '2025-10-22', 'weekday': 'Mercoledì'},
           {'date': '2025-10-23', 'weekday': 'Giovedì'},
           {'date': '2025-10-24', 'weekday': 'Venerdì'},
           {'date': '2025-10-25', 'weekday': 'Sabato'},
           {'date': '2025-10-26', 'weekday': 'Domenica'},
           {'date': '2025-10-27', 'weekday': 'Lunedì'},
           {'date': '2025-10-28', 'weekday': 'Martedì'},
           {'date': '2025-10-29', 'weekday': 'Mercoledì'},
           {'date': '2025-10-30', 'weekday': 'Giovedì'},
           {'date': '2025-10-31', 'weekday': 'Venerdì'},
           {'date': '2025-11-01', 'weekday': 'Sabato'},
           {'date': '2025-11-02', 'weekday': 'Domenica'},
           {'date': '2025-11-03', 'weekday': 'Lunedì'},
           {'date': '2025-11-04', 'weekday': 'Martedì'},
           {'date': '2025-11-05', 'weekday': 'Mercoledì'},
           {'date': '2025-11-06', 'weekday': 'Giovedì'},
           {'date': '2025-11-07', 'weekday': 'Venerdì'},
           {'date': '2025-11-08', 'weekday': 'Sabato'},
           {'date': '2025-11-09', 'weekday': 'Domenica'},
           {'date': '2025-11-10', 'weekday': 'Lunedì'},
           {'date': '2025-11-11', 'weekday': 'Martedì'},
           {'date': '2025-11-12', 'weekday': 'Mercoledì'},
           {'date': '2025-11-13', 'weekday': 'Giovedì'},
           {'date': '2025-11-14', 'weekday': 'Venerdì'},
           {'date': '2025-11-15', 'weekday': 'Sabato'},
           {'date': '2025-11-16', 'weekday': 'Domenica'},
           {'date': '2025-11-17', 'weekday': 'Lunedì'},
           {'date': '2025-11-18', 'weekday': 'Martedì'},
           {'date': '2025-11-19', 'weekday': 'Mercoledì'},
           {'date': '2025-11-20', 'weekday': 'Giovedì'},
           {'date': '2025-11-21', 'weekday': 'Venerdì'},
           {'date': '2025-11-22', 'weekday': 'Sabato'},
           {'date': '2025-11-23', 'weekday': 'Domenica'},
           {'date': '2025-11-24', 'weekday': 'Lunedì'},
           {'date': '2025-11-25', 'weekday': 'Martedì'},
           {'date': '2025-11-26', 'weekday': 'Mercoledì'},
           {'date': '2025-11-27', 'weekday': 'Giovedì'},
           {'date': '2025-11-28', 'weekday': 'Venerdì'},
           {'date': '2025-11-29', 'weekday': 'Sabato'},
           {'date': '2025-11-30', 'weekday': 'Domenica'},
           {'date': '2025-12-01', 'weekday': 'Lunedì'},
           {'date': '2025-12-02', 'weekday': 'Martedì'},
           {'date': '2025-12-03', 'weekday': 'Mercoledì'},
           {'date': '2025-12-04', 'weekday': 'Giovedì'},
           {'date': '2025-12-05', 'weekday': 'Venerdì'},
           {'date': '2025-12-06', 'weekday': 'Sabato'},
           {'date': '2025-12-07', 'weekday': 'Domenica'},
           {'date': '2025-12-08', 'weekday': 'Lunedì'},
           {'date': '2025-12-09', 'weekday': 'Martedì'},
           {'date': '2025-12-10', 'weekday': 'Mercoledì'},
           {'date': '2025-12-11', 'weekday': 'Giovedì'},
           {'date': '2025-12-12', 'weekday': 'Venerdì'},
           {'date': '2025-12-13', 'weekday': 'Sabato'},
           {'date': '2025-12-14', 'weekday': 'Domenica'},
           {'date': '2025-12-15', 'weekday': 'Lunedì'},
           {'date': '2025-12-16', 'weekday': 'Martedì'},
           {'date': '2025-12-17', 'weekday': 'Mercoledì'},
           {'date': '2025-12-18', 'weekday': 'Giovedì'},
           {'date': '2025-12-19', 'weekday': 'Venerdì'},
           {'date': '2025-12-20', 'weekday': 'Sabato'},
           {'date': '2025-12-21', 'weekday': 'Domenica'},
           {'date': '2025-12-22', 'weekday': 'Lunedì'},
           {'date': '2025-12-23', 'weekday': 'Martedì'},
           {'date': '2025-12-24', 'weekday': 'Mercoledì'},
           {'date': '2025-12-25', 'weekday': 'Giovedì'},
           {'date': '2025-12-26', 'weekday': 'Venerdì'},
           {'date': '2025-12-27', 'weekday': 'Sabato'},
           {'date': '2025-12-28', 'weekday': 'Domenica'},
           {'date': '2025-12-29', 'weekday': 'Lunedì'},
           {'date': '2025-12-30', 'weekday': 'Martedì'},
           {'date': '2025-12-31', 'weekday': 'Mercoledì'},
           {'date': '2026-01-01', 'weekday': 'Giovedì'},
           {'date': '2026-01-02', 'weekday': 'Venerdì'},
           {'date': '2026-01-03', 'weekday': 'Sabato'},
           {'date': '2026-01-04', 'weekday': 'Domenica'},
           {'date': '2026-01-05', 'weekday': 'Lunedì'},
           {'date': '2026-01-06', 'weekday': 'Martedì'},
           {'date': '2026-01-07', 'weekday': 'Mercoledì'},
           {'date': '2026-01-08', 'weekday': 'Giovedì'},
           {'date': '2026-01-09', 'weekday': 'Venerdì'},
           {'date': '2026-01-10', 'weekday': 'Sabato'},
           {'date': '2026-01-11', 'weekday': 'Domenica'},
           {'date': '2026-01-12', 'weekday': 'Lunedì'},
           {'date': '2026-01-13', 'weekday': 'Martedì'},
           {'date': '2026-01-14', 'weekday': 'Mercoledì'},
           {'date': '2026-01-15', 'weekday': 'Giovedì'},
           {'date': '2026-01-16', 'weekday': 'Venerdì'},
           {'date': '2026-01-17', 'weekday': 'Sabato'},
           {'date': '2026-01-18', 'weekday': 'Domenica'},
           {'date': '2026-01-19', 'weekday': 'Lunedì'},
           {'date': '2026-01-20', 'weekday': 'Martedì'},
           {'date': '2026-01-21', 'weekday': 'Mercoledì'},
           {'date': '2026-01-22', 'weekday': 'Giovedì'},
           {'date': '2026-01-23', 'weekday': 'Venerdì'},
           {'date': '2026-01-24', 'weekday': 'Sabato'},
           {'date': '2026-01-25', 'weekday': 'Domenica'},
           {'date': '2026-01-26', 'weekday': 'Lunedì'},
           {'date': '2026-01-27', 'weekday': 'Martedì'},
           {'date': '2026-01-28', 'weekday': 'Mercoledì'},
           {'date': '2026-01-29', 'weekday': 'Giovedì'},
           {'date': '2026-01-30', 'weekday': 'Venerdì'},
           {'date': '2026-01-31', 'weekday': 'Sabato'},
           {'date': '2026-02-01', 'weekday': 'Domenica'},
           {'date': '2026-02-02', 'weekday': 'Lunedì'},
           {'date': '2026-02-03', 'weekday': 'Martedì'},
           {'date': '2026-02-04', 'weekday': 'Mercoledì'},
           {'date': '2026-02-05', 'weekday': 'Giovedì'},
           {'date': '2026-02-06', 'weekday': 'Venerdì'},
           {'date': '2026-02-07', 'weekday': 'Sabato'},
           {'date': '2026-02-08', 'weekday': 'Domenica'},
           {'date': '2026-02-09', 'weekday': 'Lunedì'},
           {'date': '2026-02-10', 'weekday': 'Martedì'},
           {'date': '2026-02-11', 'weekday': 'Mercoledì'},
           {'date': '2026-02-12', 'weekday': 'Giovedì'},
           {'date': '2026-02-13', 'weekday': 'Venerdì'},
           {'date': '2026-02-14', 'weekday': 'Sabato'},
           {'date': '2026-02-15', 'weekday': 'Domenica'},
           {'date': '2026-02-16', 'weekday': 'Lunedì'},
           {'date': '2026-02-17', 'weekday': 'Martedì'},
           {'date': '2026-02-18', 'weekday': 'Mercoledì'},
           {'date': '2026-02-19', 'weekday': 'Giovedì'},
           {'date': '2026-02-20', 'weekday': 'Venerdì'},
           {'date': '2026-02-21', 'weekday': 'Sabato'},
           {'date': '2026-02-22', 'weekday': 'Domenica'},
           {'date': '2026-02-23', 'weekday': 'Lunedì'},
           {'date': '2026-02-24', 'weekday': 'Martedì'},
           {'date': '2026-02-25', 'weekday': 'Mercoledì'},
           {'date': '2026-02-26', 'weekday': 'Giovedì'},
           {'date': '2026-02-27', 'weekday': 'Venerdì'},
           {'date': '2026-02-28', 'weekday': 'Sabato'},
           {'date': '2026-03-01', 'weekday': 'Domenica'},
           {'date': '2026-03-02', 'weekday': 'Lunedì'},
           {'date': '2026-03-03', 'weekday': 'Martedì'},
           {'date': '2026-03-04', 'weekday': 'Mercoledì'},
           {'date': '2026-03-05', 'weekday': 'Giovedì'},
           {'date': '2026-03-06', 'weekday': 'Venerdì'},
           {'date': '2026-03-07', 'weekday': 'Sabato'},
           {'date': '2026-03-08', 'weekday': 'Domenica'},
           {'date': '2026-03-09', 'weekday': 'Lunedì'},
           {'date': '2026-03-10', 'weekday': 'Martedì'},
           {'date': '2026-03-11', 'weekday': 'Mercoledì'},
           {'date': '2026-03-12', 'weekday': 'Giovedì'},
           {'date': '2026-03-13', 'weekday': 'Venerdì'},
           {'date': '2026-03-14', 'weekday': 'Sabato'},
           {'date': '2026-03-15', 'weekday': 'Domenica'},
           {'date': '2026-03-16', 'weekday': 'Lunedì'},
           {'date': '2026-03-17', 'weekday': 'Martedì'},
           {'date': '2026-03-18', 'weekday': 'Mercoledì'},
           {'date': '2026-03-19', 'weekday': 'Giovedì'},
           {'date': '2026-03-20', 'weekday': 'Venerdì'},
           {'date': '2026-03-21', 'weekday': 'Sabato'},
           {'date': '2026-03-22', 'weekday': 'Domenica'},
           {'date': '2026-03-23', 'weekday': 'Lunedì'},
           {'date': '2026-03-24', 'weekday': 'Martedì'},
           {'date': '2026-03-25', 'weekday': 'Mercoledì'},
           {'date': '2026-03-26', 'weekday': 'Giovedì'},
           {'date': '2026-03-27', 'weekday': 'Venerdì'},
           {'date': '2026-03-28', 'weekday': 'Sabato'},
           {'date': '2026-03-29', 'weekday': 'Domenica'},
           {'date': '2026-03-30', 'weekday': 'Lunedì'},
           {'date': '2026-03-31', 'weekday': 'Martedì'},
           {'date': '2026-04-01', 'weekday': 'Mercoledì'},
           {'date': '2026-04-02', 'weekday': 'Giovedì'},
           {'date': '2026-04-03', 'weekday': 'Venerdì'},
           {'date': '2026-04-04', 'weekday': 'Sabato'},
           {'date': '2026-04-05', 'weekday': 'Domenica'},
           {'date': '2026-04-06', 'weekday': 'Lunedì'},
           {'date': '2026-04-07', 'weekday': 'Martedì'},
           {'date': '2026-04-08', 'weekday': 'Mercoledì'},
           {'date': '2026-04-09', 'weekday': 'Giovedì'},
           {'date': '2026-04-10', 'weekday': 'Venerdì'},
           {'date': '2026-04-11', 'weekday': 'Sabato'},
           {'date': '2026-04-12', 'weekday': 'Domenica'},
           {'date': '2026-04-13', 'weekday': 'Lunedì'},
           {'date': '2026-04-14', 'weekday': 'Martedì'},
           {'date': '2026-04-15', 'weekday': 'Mercoledì'},
           {'date': '2026-04-16', 'weekday': 'Giovedì'},
           {'date': '2026-04-17', 'weekday': 'Venerdì'},
           {'date': '2026-04-18', 'weekday': 'Sabato'},
           {'date': '2026-04-19', 'weekday': 'Domenica'},
           {'date': '2026-04-20', 'weekday': 'Lunedì'},
           {'date': '2026-04-21', 'weekday': 'Martedì'},
           {'date': '2026-04-22', 'weekday': 'Mercoledì'},
           {'date': '2026-04-23', 'weekday': 'Giovedì'},
           {'date': '2026-04-24', 'weekday': 'Venerdì'},
           {'date': '2026-04-25', 'weekday': 'Sabato'},
           {'date': '2026-04-26', 'weekday': 'Domenica'},
           {'date': '2026-04-27', 'weekday': 'Lunedì'},
           {'date': '2026-04-28', 'weekday': 'Martedì'},
           {'date': '2026-04-29', 'weekday': 'Mercoledì'},
           {'date': '2026-04-30', 'weekday': 'Giovedì'},
           {'date': '2026-05-01', 'weekday': 'Venerdì'},
           {'date': '2026-05-02', 'weekday': 'Sabato'},
           {'date': '2026-05-03', 'weekday': 'Domenica'},
           {'date': '2026-05-04', 'weekday': 'Lunedì'},
           {'date': '2026-05-05', 'weekday': 'Martedì'},
           {'date': '2026-05-06', 'weekday': 'Mercoledì'},
           {'date': '2026-05-07', 'weekday': 'Giovedì'},
           {'date': '2026-05-08', 'weekday': 'Venerdì'},
           {'date': '2026-05-09', 'weekday': 'Sabato'},
           {'date': '2026-05-10', 'weekday': 'Domenica'},
           {'date': '2026-05-11', 'weekday': 'Lunedì'},
           {'date': '2026-05-12', 'weekday': 'Martedì'},
           {'date': '2026-05-13', 'weekday': 'Mercoledì'},
           {'date': '2026-05-14', 'weekday': 'Giovedì'},
           {'date': '2026-05-15', 'weekday': 'Venerdì'},
           {'date': '2026-05-16', 'weekday': 'Sabato'},
           {'date': '2026-05-17', 'weekday': 'Domenica'},
           {'date': '2026-05-18', 'weekday': 'Lunedì'},
           {'date': '2026-05-19', 'weekday': 'Martedì'},
           {'date': '2026-05-20', 'weekday': 'Mercoledì'},
           {'date': '2026-05-21', 'weekday': 'Giovedì'},
           {'date': '2026-05-22', 'weekday': 'Venerdì'},
           {'date': '2026-05-23', 'weekday': 'Sabato'},
           {'date': '2026-05-24', 'weekday': 'Domenica'},
           {'date': '2026-05-25', 'weekday': 'Lunedì'},
           {'date': '2026-05-26', 'weekday': 'Martedì'},
           {'date': '2026-05-27', 'weekday': 'Mercoledì'},
           {'date': '2026-05-28', 'weekday': 'Giovedì'},
           {'date': '2026-05-29', 'weekday': 'Venerdì'},
           {'date': '2026-05-30', 'weekday': 'Sabato'},
           {'date': '2026-05-31', 'weekday': 'Domenica'}],
 'description': 'Pronto il cartellone della Stagione 2025/2026 del Teatro '
                'Bellini di Napoli. Una programmazione ricca e variegata, che '
                'vede in scena grandi nomi e tante novità. A presentare la '
                'uova Stagione teatrale, è il Direttore Artistico Gabriele '
                'Russo: "Ogni stagione è un nuovo varco, una soglia da '
                'attraversare insieme. È anche una scansione del tempo che '
                'passa, e di quanto le cose si trasformino, giorno dopo '
                'giorno, cambiando forma, linguaggio, contenuto. Se si '
                'studiassero soltanto i cambiamenti della nostra stagione '
                'teatrale negli ultimi anni, si comprenderebbe quanto siano '
                'mutate, di conseguenza, le nostre abitudini, la nostra '
                'quotidianità, e quindi il nostro presente. Un tempo, la '
                'stagione teatrale cominciava verso la fine di ottobre e si '
                'chiudeva dopo Pasqua, nella convinzione che il pubblico non '
                'sarebbe più venuto in teatro — al chiuso — durante le belle '
                'stagioni. E invece oggi la stagione si apre a fine settembre '
                'e si chiude a giugno inoltrato. Perché noi ci siamo. E voi '
                'anche. Perché le abitudini sono cambiate. Sono cambiati gli '
                'orari di lavoro, i tempi dei weekend, le vacanze. Inutile '
                'dire quanto sia cambiata la comunicazione: il modo di '
                'parlarvi, di raggiungervi, di farvi sapere cosa facciamo, '
                'quando e quanto. Nel giro di pochi anni siamo passati dai '
                'cosiddetti “avvisi”, dagli spazi sui giornali e da qualche '
                'manifesto per strada, alla produzione di una quantità enorme '
                'di contenuti digitali, alla creazione di una fortunatissima '
                'rivista settimanale autoprodotta, ai numerosi incontri tra '
                'artisti e pubblico per approfondire e condividere le ragioni '
                'dei singoli spettacoli. E ancora: una moltitudine di '
                'iniziative di formazione, create ad hoc, che tendono a '
                'costruire partecipazione, esperienza, inclusione. Un nuovo '
                'pubblico. Dunque: se non si è pronti a trasformarsi, a stare '
                'nel presente, a interpretarlo, si rischia che il teatro perda '
                'la sua funzione. E allora, per rispondere alla domanda che '
                'puntualmente si rinnova – che cos’è il teatro, oggi? – ogni '
                'anno, quando il sipario si alza sulla nuova stagione, ci '
                'troviamo di fronte a un bivio: seguire sentieri già tracciati '
                'o avventurarci in territori inesplorati. Al Teatro Bellini '
                'scegliamo sempre la seconda opzione. Perché il teatro, per '
                'noi, non è solo rappresentazione. È ricerca. È rischio. È '
                'rivelazione. La stagione 2025 nasce da questa tensione '
                'creativa. Abbiamo costruito una programmazione che sfida le '
                'convenzioni, che intreccia classico e contemporaneo, che '
                'mette in dialogo voci diverse per raccontare il nostro tempo '
                'con intensità e verità. Questa stagione è un viaggio dentro '
                'le crepe del mondo. E dentro le sue meraviglie. A questa '
                'domanda rispondiamo con il lavoro. Con il rischio. Con la '
                'scelta di esserci davvero. Siamo un teatro vivo perché siamo '
                'un teatro di produzione. Prima ancora che luogo di '
                'ospitalità, il Bellini è un’officina di creazione. Qui i '
                'progetti nascono, crescono, respirano. Qui si prova, si '
                'sbaglia, si insiste. Qui le storie prendono forma per la '
                'prima volta. Cominciamo da qui. Da quello che facciamo noi, '
                'prima di tutto. Dalle nostre produzioni. Dai nostri artisti. '
                'Dalle nostre urgenze. Dopo il grande successo di questo '
                'finale di stagione, da fine settembre riprenderemo Morte '
                'accidentale di un anarchico di Dario Fo, regia di Antonio '
                'Latella, con Daniele Russo. Le cose importanti non si buttano '
                'via dopo tre settimane di repliche. Una farsa feroce, '
                'visionaria, che graffia il potere e smaschera l’assurdo. Una '
                'macchina scenica esplosiva che torna in scena più attuale che '
                'mai. A novembre debutteremo con Finale di partita di Samuel '
                'Beckett, con la mia regia. In scena Michele Di Mauro – che '
                'avete già amato nei panni di Otto Marvuglia ne La grande '
                'magia – e Giuseppe Sartori. Un silenzio che parla, una stanza '
                'che è un campo di battaglia. Un’apocalisse domestica. Lucida. '
                'Disperata. Umana. Poi, il fuoco. Ad aprile. Giuro di Mimmo '
                'Borrelli, ispirato a Romeo e Giulietta. Un giuramento d’amore '
                'e di sangue, tra dialetto e visione, ferocia e poesia. E '
                'ancora: Stato contro Nolan, testo di Stefano Massini, regia '
                'di Alessandro Gassmann, con Daniele Russo. Un processo. Un '
                'enigma. Un uomo contro il sistema. O contro se stesso? '
                'Un’intera società alla sbarra. Chi decide cosa è giusto? Chi '
                'è davvero colpevole? Non ci fermiamo: La città dei vivi – dal '
                'romanzo di Nicola Lagioia, regia di Yvonne Capece. Un '
                'delitto. Un dolore. La domanda più scomoda: perché? L’empireo '
                '– regia di Serena Sinigaglia. Quattordici donne in scena per '
                'raccontare l’universo femminile attraverso una storia del '
                'passato che parla al presente. Una visione poetica e intensa '
                'del desiderio umano di trascendenza, di bellezza, di '
                'infinito. Nel cuore dell’inverno torna la festa, la follia, '
                'il ritorno che tutti aspettano: Dignità Autonome di '
                'Prostituzione. Il teatro che si libera. Che sovverte. Che '
                'seduce. Che si fa carne e desiderio. Poi apriamo le porte. Ai '
                'maestri, ai folli, ai coraggiosi. Agli ospiti che rendono il '
                'Bellini una casa aperta, porosa, ospitale. Sul palco arrivano '
                'giganti: I Familie Flöz con la loro nuova creazione Finale, '
                'che aprirà la stagione. Filippo Timi e Lucia Mascino con '
                'Amleto²: un classico rovesciato, moltiplicato, esploso. La '
                'danza internazionale con MayB di Maguy Marin, ispirata a '
                'Beckett. Valerio Mastandrea in Migliore. Stefano Accorsi in '
                'una riscrittura di Emanuele Aldovrandi dell’Odissea. Toni '
                'Servillo in Tre modi per non morire. Teresa Saponangelo e '
                'Claudio Di Palma in Sabato, domenica e lunedì, diretti da '
                'Luca De Fusco. Gli uccelli, testo pluripremiato diretto da '
                'Marco Lorenzi, già applauditissimo con Festen. La '
                'rigenerazione da Svevo, con Nello Mascia, diretto da Valerio '
                'Santoro. E poi… il suono. Il mito. Il muro.Dei Pink Floyd '
                'Legend. Un concerto per ricordare i Pink Floyd e il loro The '
                'Wall. A marzo, torna l’ormai rituale appuntamento con due '
                'nuove lezioni del professor Recalcati. E passiamo al Piccolo '
                'Bellini, dove pulsa un corpo più segreto, più intimo. Qui le '
                'parole arrivano più vicine. Qui si sussurra e si urla, si '
                'danza e si confessa. Qui si rischia, si esplora, si sogna. A '
                'settembre, Eduardo Di Pietro inaugura la stagione con '
                'Incontro, una regia che indaga i moti dell’animo umano '
                'attraverso lo sguardo intenso di Federica Carruba Toscano e '
                'Lorenzo Izzo. Segue La vacca di Elvira Buonocore, diretta da '
                'Gennaro Maresca, che ci conduce in un universo grottesco e '
                'visionario, tra dramma e comicità, con Vito Amato, Anna De '
                'Stefano e lo stesso Maresca in scena. Ad ottobre, Stella, '
                'creazione coreografica di Luciano Padovani, ci regala una '
                'danza sospesa tra potenza e delicatezza, con Roberta Piazza e '
                'Andrea Rizzo. Sempre nel mese di ottobre, Spiritilli e altri '
                'movimenti di Enzo Moscato, per la regia di Costantino '
                'Raimondi, è una partitura poetica e struggente, abitata da '
                'Annalisa Arbolino, Liliana Castiello, Carlo Geltrude, Michele '
                'Ferrantinoe Fiorenza Raimondi. E ancora I poeti selvaggi di '
                'Roberto Bolaño, conferenza-spettacolo firmata da Igor '
                'Esposito, con la regia condivisa con Daniele Russo, che ci '
                'guida in un viaggio tra poesia e inquietudine. A novembre, la '
                'danza torna protagonista con Il canto delle mani, visione '
                'coreografica di Gabriella Stazio, ispirata a La Gatta '
                'Cenerentola, tra tradizione e gesto contemporaneo. Torna Pier '
                'Lorenzo Pisano con Totale, un’indagine sull’essere umano e i '
                'suoi confini, con Gioia Salvatori e Andrea Cosentino. Nel '
                'mese di dicembre, torna in scena la Bellini Teatro Factory '
                'con una nuova creazione, frutto del lavoro della nostra '
                'officina creativa. A gennaio, Christian Di Domenico porta in '
                'scena U parrinu, toccante testimonianza su Don Pino Puglisi, '
                'il sacerdote ucciso dalla mafia. Sempre a gennaio, To my '
                'skin, coreografia firmata da Antonio Ruz e Mauro de Candia, '
                'con i danzatori della compagnia Cornelia, esplora l’identità '
                'e il corpo. A febbraio, la Bellini Teatro Factory torna con '
                'una seconda creazione originale. Nel corso dello stesso mese, '
                'Au revoir miror di Paolo Mohovich e Cosimo Morleo ci immerge '
                'in un’opera di danza che riflette sulla felicità, tra corpi, '
                'specchi e attori. Sempre a febbraio, Lucia Mascino ci '
                'accompagna con la sua intensità nel monologo Il senno. A '
                'marzo, L’ultima corsa di Fred di Mario Gelardi, con Massimo '
                'De Matteo e un trio jazz dal vivo, racconta un addio in forma '
                'di ballata. Vautours (Avvoltoi) di Roberto Serpi, con Sergio '
                'Romano e Ivan Zerbinati, scava nei chiaroscuri del potere e '
                'delle relazioni umane. E ancora, Chi resta di Matilde Vigna, '
                'per la regia di Anna Zanetti, con Daniela Piperno e la stessa '
                'Vigna, affronta il tema della memoria e dell’abbandono. Ad '
                'aprile, Noēsis, coreografia di Vincenzo Capasso, ci trasporta '
                'in un mondo di visioni interiori, sospese tra gesto e '
                'pensiero. Sempre ad aprile, Metaforicamente Schiros, di e con '
                'Beatrice Schiros, è un assolo ironico che attraversa il '
                'quotidiano con acume e leggerezza. Ancora in aprile, Favola '
                'di Fabrizio Sinisi, diretto e interpretato da Giorgia Cerruti '
                'con Davide Giglio, fonde teatro e video in un gioco di '
                'riflessi e illusioni. A maggio, La semplicità ingannata, di e '
                'con Marta Cuscunà, è una favola nera ispirata alla storia '
                'delle clarisse di Udine, tra teatro di figura e affondo '
                'femminista. The Fridas, coreografia di Sofia Nappi, rilegge '
                'il mito di Frida Kahlo attraverso corpi vibranti e creazioni '
                'collettive. Ancora a maggio, Weekend di Annibale Ruccello, '
                'diretto da Martino D’Amico, con Sabrina Scuccimarra, ci '
                'immerge in una quotidianità inquieta e perturbante. Chiude la '
                'stagione Tutto Shakespeare minuto per minuto di Andrea '
                'Cioffi, rivisitazione ironica e appassionata dell’intero '
                'corpus shakespeariano, con un gruppo di interpreti scatenati. '
                'Vieni a sentire il battito. Questa è la nostra stagione '
                '2025/2026: un invito a lasciarsi coinvolgere, a riflettere, '
                'ad emozionarsi. Vi aspettiamo al Teatro Bellini, dove ogni '
                "spettacolo è un incontro, ogni serata un'esperienza, ogni "
                'applauso un nuovo inizio. Vieni a sentire il battito". Tra le '
                'novità della Stagione, una nuova fase per la Bellini Teatro '
                'Factory (dalla formazione alla scena, dalla classe alla '
                'compagnia) e il progetto ALL YOU CAN BE . ALL YOU CAN BE è un '
                '"progetto pionieristico per l’accessibilità culturale delle '
                'persone con disabilità sensoriali e intellettive. '
                'Un’iniziativa unica nel Centro-Sud Italia che mira ad '
                'abbattere le barriere invisibili, rendendo lo spettacolo dal '
                'vivo finalmente fruibile da tutti. I destinatari principali '
                'del progetto sono ipoacusici, ipovedenti e persone con '
                'disabilità intellettive. Per loro, il Bellini si doterà di '
                'tecnologie assistive all’avanguardia: impianti ad induzione '
                'magnetica per apparecchi acustici, cuffie a infrarossi e '
                'smart glass per la visione in tempo reale dei sopratitoli in '
                '14 lingue. Il pubblico ipovedente - spiega una nota del '
                'teatro - potrà accedere a un tour tattile pre-spettacolo, '
                'toccando scenografie, costumi e oggetti di scena, per una '
                'comprensione multisensoriale dell’opera. Per ipoacusici e '
                'ipovedenti saranno disponibili anche contenuti in app con '
                'descrizioni dettagliate dell’azione scenica, dei costumi e '
                'delle ambientazioni. Chi ha disabilità intellettive sarà '
                'accompagnato da audioguide immersive, pensate per preparare e '
                'guidare alla visione, con anticipazioni, suggerimenti '
                'spaziali e contenuti culturali semplificati. Previsti anche '
                'posti riservati in sala per garantire visibilità ottimale, '
                'maggiore libertà di movimento e sicurezza, in base alle '
                'diverse necessità. Il progetto comporta la formazione del '
                'personale del teatro in base alle linee del DET (Disability '
                'Equality Training), coinvolgendo professionisti del settore. '
                'L’obiettivo è duplice: arricchire l’esperienza culturale del '
                'pubblico e formare una nuova generazione di operatori '
                'teatrali capaci di parlare il linguaggio dell’inclusione. Con '
                'ALL YOU CAN BE, il Teatro Bellini conferma la sua vocazione: '
                'un luogo dove la cultura è un diritto per tutti". 26 '
                'settembre > 12 ottobre MORTE ACCIDENTALE DI UN ANARCHICO di '
                'Dario Fo e Franca Rame regia Antonio Latella con in o/a: '
                'Caterina Carpio, Francesco Manetti, Daniele Russo, Edoardo '
                'Sorgente, Emanuele Turetta produzione Fondazione Teatro di '
                'Napoli – Teatro Bellini Nel 1921 un emigrante italiano «volò» '
                'fuori da una finestra del palazzo della polizia di New York: '
                'è questo l’episodio che ispirò “Morte accidentale di un '
                'anarchico”, una delle commedie più celebri di Dario Fo. '
                'L’azione comincia in una questura, dove il commissario '
                'Bertozzo si trova a fronteggiare un matto, capace di '
                'spacciarsi per più persone, motore e filo conduttore '
                'dell’intera vicenda. “La morte accidentale” a cui allude il '
                'titolo dell’opera è quella dell’anarchico Giuseppe Pinelli, '
                'precipitato da una finestra del quarto piano della questura '
                'di Milano nel 1969, in uno degli episodi più controversi '
                'della storia italiana del dopoguerra; dalla strage di Piazza '
                'Fontana, per cui Pinelli era indagato, ad alcuni dei '
                'terribili fatti che ne seguono, Dario Fo interroga con la sua '
                'opera non solo il caso giudiziario specifico, ma parte di un '
                'periodo storico ancora oggi difficile da decifrare e '
                'consegnare agli archivi. 14 ottobre > 19 ottobre FINALE di '
                'Familie Flöz regia Hajo Schüler con Fabian Baumgartner, '
                'Lei-Lei Bavoil, Vasko Damjanov, Almut Lustig, Mats Suthoff '
                'una produzione di FAMILIE FLÖZ in coproduzione con '
                'Theaterhaus Stuttgart, Theater Duisburg, Stadttheater '
                'Schaffhausen “ Da molti anni la FAMILIE FLÖZ fa ridere, '
                'meravigliare, piangere e riflettere le persone di tutto il '
                'mondo, di solito senza che venga pronunciata una sola parola. '
[2026-01-28T20:47:10.186+0000] {docker.py:429} INFO - 'I volti degli attori rimangono nascosti dietro maschere mute, '
                'rigide, ma che prendono vita in modo sorprendente. Ma da dove '
                'viene questa vita? Gli studi dimostrano che il battito '
                'cardiaco del pubblico in teatro si sincronizza. E se fosse il '
                'pubblico stesso il cuore del teatro? Se fosse il narratore '
                'segreto delle storie che emergono sul palcoscenico? Allora la '
                'vera ricchezza del teatro starebbe nel creare qualcosa che '
                'trascende il punto di vista individuale di tutti coloro che '
                'vi partecipano, attori e spettatori. Il 2025 segna il 30° '
                'anniversario della compagnia berlinese, ed è quindi giunto il '
                'momento di rendere omaggio al suo pubblico. FINALE è un pezzo '
                '“tipico” di FAMILIE FLÖZ - con un narratore amorevole, tre '
                'storie intrecciate, numerosi personaggi e un profondo doppio '
                'fondo, che celebra il teatro come luogo di incontro e di '
                'narrazione collettiva e si concentra sulla comunità in tempi '
                'di divisione, scontro e isolamento”. 21 ottobre > 26 ottobre '
                'DONALD Storia molto più che leggendaria di un Golden Man di e '
                'con Stefano Massini produzione Teatro Della Toscana Teatro '
                'Nazionale Un uomo? O un dio? O un semidio? Nel 2015 Donald J. '
                'Trump annuncia la sua entrata nell’agone politico obbligando '
                'la stampa ad alzare gli occhi al cielo, per contemplarlo '
                'mentre scende su una scala mobile sulle note di un inno '
                'travolgente: l’apoteosi di un extra-umano chiamato a salvare '
                'moltitudini di terrestri plaudenti. Dopo i successi nei '
                'teatri di tutto il mondo con “Lehman Trilogy” e “Manhattan '
                'Project”, Stefano Massini torna a occuparsi di un’epica '
                'americana stavolta concentrandosi sull’irresistibile ascesa '
                'del miliardario newyorkese, fino appunto alla sua prima '
                'elezione alla Casa Bianca. Ecco allora prendere forma sul '
                'palco la genesi incredibile di un leader che si è proiettato '
                'laddove nessun altro, riscrivendosi addosso le regole '
                'dell’economia, della finanza, della politica e perfino della '
                'civiltà. A soli quarant’anni già vegliava sull’umano '
                'consesso, dall’alto di un attico di 3000 metri quadri con '
                'vista su Manhattan da dove pianificava il suo regno di '
                'monarca assoluto, simbolo e incarnazione del potere. In un '
                'succedersi incalzante di colpi di scena, di incontri decisivi '
                'e di vertiginose montagne russe fra trionfi e bancarotte, '
                'Massini ripercorre la rocambolesca gimkana esistenziale di un '
                'uomo che si è trasformato in marchio commerciale, in icona, '
                'in brand, in testimonial del suo stesso successo e sponsor '
                'della propria scalata, sempre spingendosi oltre il limite e '
                'oltre il lecito, in una sfida instancabile che non ammette '
                'l’ipotesi della resa ma sempre e solo l’ebbrezza del '
                'rilancio. Si scopre allora che Donald è in fondo la '
                'personificazione del nostro tempo, di cui esprime '
                'perfettamente il caos fra realtà e reality, fra fake e '
                'fiction, fra persona e personaggio. Ne nasce un racconto '
                'rivelatorio e per molti aspetti raggelante, che conferma il '
                'teatro nella sua missione antichissima di occhio critico '
                'sulla contemporaneità, di cui può cogliere ombre e abissi con '
                'la semplicità disarmante di una narrazione necessaria. 4 '
                'novembre > 9 novembre L’EMPIREO (The Welkin) di Lucy Kirkwood '
                'traduzione Monica Capuani e Francesco Bianchi regia Serena '
                'Sinigaglia con (in o. a.) Giulia Agosta, Alvise Camozzi, '
                'Matilde Facheris, Viola Marietti, Francesca Muscatello, '
                'Marika Pensa, Valeria Perdonò, Maria Pilar Pérez Aspa, '
                'Arianna Scommegna, Chiara Stoppa, Anahì Traversi, Arianna '
                'Verzeletti, Virginia Zini, Sandra Zoccolan produzione Teatro '
                'Carcano, Teatro Nazionale di Genova, Teatro Stabile di '
                'Bolzano, LAC - Lugano Arte Cultura, Fondazione Teatro di '
                'Napoli - Teatro Bellini Amo l’epica, amo la coralità, amo la '
                'sfumatura tragicomica: L’Empireo è tutto questo insieme. E '
                'non basta: ti racconta una storia avvincente. È un testo '
                'contemporaneo che osa essere ambientato nel Settecento, '
                'precisamente nel marzo del 1759. Un testo contemporaneo, in '
                'costume? Non ci credo! Ebbene sì. Ma non basta ancora, anzi '
                'forse la caratteristica più importante: è il primo testo '
                'teatrale in cui mi imbatto che affronta le tematiche di '
                'genere e lo fa senza concedere nulla alla retorica e alla '
                'banalità. È secco, ruvido, vero, al pari della realtà. E poi '
                'dà spazio alle attrici, 19 personaggi di cui 17 femminili. '
                'Una bella inversione di tendenza rispetto alla media dei '
                'personaggi pensati e scritti per le donne. La volontà mia e '
                "di Monica Capuani, che ha tradotto il testo e me l'ha fatto "
                'conoscere, è di mostrare opere come questa in Italia al fine '
                "di affermarne l’unicità e l’importanza assoluta. L'Empireo è "
                'uno spettacolo militante, avvincente, divertente, con un cast '
                'd’eccezione, che viaggia dentro la scrittura della Kirkwood, '
                'dentro ai corpi e agli umori delle 12 matrone, dell’imputata, '
                'del giudizio di un cielo tanto luminoso quanto impotente, '
                'nella vana speranza che una cometa passi e cambi la storia. '
                'Serena Sinigaglia 13 novembre > 30 novembre FINALE DI PARTITA '
                'di Samuel Beckett traduzione Carlo Fruttero regia Gabriele '
                'Russo con Michele Di Mauro, Alessio Piazza, Giuseppe Sartori, '
                'Anna Rita Vitolo produzione Fondazione Teatro di Napoli - '
                'Teatro Bellini, Teatro Biondo Palermo La “zona d’interesse” '
                'teatrale più a rischio – e ancora oggi centrale – è sempre la '
                'stessa: la famiglia. Da Sofocle al teatro contemporaneo, '
                'attraverso i secoli, resta il luogo della frattura, della '
                'lotta, del non detto e del soffocamento. Un teorico (mio '
                'alter ego: Elvis Flanella) scrisse un breve saggio intitolato '
                '"LA FAMIGLIA: distruzioni per l’uso". Ecco, per affrontare un '
                'testo sacro come Finale di partita nel 2025, ripartirei '
                'proprio da lì. Cercherei di allontanarmi dai confini teorici '
                'più consueti del testo – quelli legati alla filosofia '
                'dell’Assurdo e all’immaginario distopico o post-atomico, '
                'tipici delle letture del secolo scorso – per calarlo in una '
                'dimensione più concreta, più prossima a noi. Il cuore del '
                'dramma beckettiano resta lo stesso: una famiglia chiusa in un '
                'eterno gioco al massacro. Ma oggi, dopo il trauma collettivo '
                'della Pandemia, il senso di questa segregazione assume nuove '
                'sfumature. In quel periodo ci siamo trovati tutti, in un modo '
                'o nell’altro, di fronte alla precarietà dell’esistenza, '
                'all’incertezza del vivere e del convivere, alla fragilità dei '
                'legami interpersonali – e in modo ancora più devastante, di '
                'quelli familiari. La paura del futuro ha finito per erodere '
                'il presente, rendendolo uniforme, anestetizzato. La '
                'comunicazione mediatica ha scandito e regolato le nostre '
                'giornate, riducendo la casa a un bunker esistenziale. E '
                'quella che qualcuno ha chiamato “la peste del 2000” ha '
                'lasciato dietro di sé piccole e grandi distruzioni – fratture '
                'su cui, oggi, possiamo iniziare a riflettere. A distanza di '
                'qualche anno, forse possiamo provare a farne buon uso. La '
                'partita è sempre la stessa. Ma il finale non andrà cercato '
                'solo in processi filosofici o metafisici. Sarà il Dolore a '
                'parlare. E, con lui, le fratture e i cataclismi sociali e '
                'politici che il post-2020 ci ha lasciato in eredità. Gabriele '
                'Russo 2 dicembre > 7 dicembre AMLETO² uno spettacolo di e con '
                'Filippo Timi e con Lucia Mascino, Marina Rocco, Elena Lietti '
                'e Gabriele Brunelli produzione Teatro Franco Parenti / '
                'Fondazione Teatro della Toscana Una nuova edizione lo '
                'spettacolo cult di Filippo Timi. Una rilettura dove ogni '
                'gesto o parola diventano gioco e voce personale, provocazione '
                'intelligente. L’artista stravolge il testo shakesperiano, '
                'rovescia passioni e personaggi nella stessa gabbia da circo '
                'all’interno della quale si consuma un elogio della follia. Un '
                'Amleto spiazzante, comico, furibondo, colorato, dove la '
                'tragedia si trasforma in commedia, tra potere e oblio, tra '
                'frivolezza e pazzia. Quello di Timi è un Amleto annoiato, che '
                'non ha più voglia di interpretare la monotona storia '
                'familiare, non ha più voglia di amare Ofelia, non ha più '
                'voglia di niente. Voci fuori campo lo richiamano, invano, al '
                'suo destino. Intorno a lui si muovono i personaggi scaturiti '
                'dalla sua instabile mente interpretati da Mascino, Rocco e '
                'Lietti, sue storiche sodali artistiche. dance&performance 10 '
                'dicembre > 14 dicembre MAY B coreografia Maguy Marin musiche '
                'originali Franz Schubert, Gilles de Binche, Gavin Bryars '
                'coproduzione Compagnia Maguy Marin, Maison des Arts et de la '
                'Culture de Créteil May B traduce in movimento la condizione '
                'umana alla deriva e lo fa attraverso un linguaggio teatrale '
                'crudo, che trasforma il ridicolo, il violento e l’angoscioso '
                'in situazioni. La forza della danza deriva dalla sua capacità '
                'di rappresentare il mistero della nostra presenza nel mondo. '
                'A proposito dello spettacolo Questo pezzo, basato sugli '
                'scritti di Samuel Beckett – il cui lavoro contraddice, nel '
                'movimento teatrale e nell’atmosfera, la performance fisica ed '
                'estetica di un danzatore – ha gettato le basi per la '
                'decifrazione dei nostri gesti più intimi, nascosti e '
                'ignorati. Riuscire a svelare i gesti minuscoli o spettacolari '
                'delle tante vite impercettibili e invisibili, in cui l’attesa '
                'e la quiete “non proprio immobile” creano un vuoto, un enorme '
                'nulla, uno spazio silenzioso colmo di esitazioni. Quando i '
                'personaggi di Beckett anelano alla quiete, non possono fare a '
                'meno di muoversi; poco o tanto, si muovono. In questo lavoro '
                'essenzialmente teatrale, il nostro intento non era tanto '
                'sviluppare parole e discorso, quanto una forma esagerata di '
                'movimento, cercando così il punto d’incontro tra il movimento '
                'applicato al teatro, da una parte, e la danza e il linguaggio '
                'coreografico, dall’altra. 26 dicembre > 11 gennaio DIGNITÀ '
                'AUTONOME DI PROSTITUZIONE uno spettacolo di Luciano '
                'Melchionna dal format di Betta Cianchini e Luciano Melchionna '
                'regia Luciano Melchionna produzione Fondazione Teatro di '
                'Napoli - Teatro Bellini, Ente Teatro Cronaca A grande '
                'richiesta torna a Napoli Dignità Autonome di Prostituzione, '
                'lo spettacolo che ha decisamente scardinato le convenzioni '
                'classiche del Teatro, con la sua natura di ‘esperienza’ '
                'teatrale, e non solo. DAdP ha una formula consolidata, sulla '
                'quale il regista costruisce per ogni nuova edizione uno '
                'spettacolo che si rinnova ogni sera. Gli attori, '
                'rigorosamente in vestaglia o giacca da camera, come '
                'prostitute, adescano e si lasciano abbordare dagli '
                'spettatori/clienti che, muniti di “dollarini”, dovranno '
                'contrattare il prezzo delle singole prestazioni, le '
                'cosiddette “pillole di piacere”, monologhi classici e '
                'contemporanei scritti perlopiù dall’autore stesso. '
                'Un’esperienza inusuale che vuole emozionare e far riflettere '
                'divertendo. Come dice lo stesso ideatore, autore e regista '
                'Luciano Melchionna: «DAdP è uno stupore nuovamente '
                'sollecitato, un teatro che non è auto-celebrativo, ermetico o '
                'fine a se stesso, ma prima di tutto magia e sogno». Un sogno '
                'che prende vita negli spazi più imprevedibili, durante una '
                'serata che catapulta lo spettatore in una dimensione surreale '
                'e lo accompagna in un percorso itinerante all’interno della '
                '“casa chiusa dell’arte” più famosa d’Italia. I teatri più '
                'importanti delle maggiori città italiane hanno scelto di '
                'trasformarsi nel bordello più famoso d’Italia, vincitore di '
                'numerosi premi e riconoscimenti. 13 gennaio > 18 gennaio '
                'MIGLIORE scritto e diretto da Mattia Torre con Valerio '
                'Mastandrea produzione Nuovo Teatro diretta da Marco Balsamo '
                'Migliore è la storia comica e terribile di Alfredo Beaumont, '
                'un uomo normale che in seguito a un incidente (di cui è '
                'causa, di cui sente la responsabilità e per cui sarà assolto) '
                'entra in una crisi profonda e diventa un uomo cattivo. '
                'Improvvisamente, la società gli apre tutte le porte: Alfredo '
                'cresce professionalmente, le donne lo desiderano, guarisce '
                'dai suoi mali e dalle sue paure. Migliore è una storia sui '
                'nostri tempi, sulle persone che costruiscono il loro successo '
                'sulla spregiudicatezza, il cinismo, il disprezzo per gli '
                'altri. E sul paradosso dei disprezzati, che di fronte a '
                'queste persone chinano la testa e - affascinati - li lasciano '
                'passare. 22 gennaio > 25 gennaio THE WALL LIVE Pink Floyd '
                'Legend Fabio Castaldi voce e basso Alessandro Errichetti voce '
                'e chitarre Simone Temporali voce e tastiere Paolo Angioi '
                'voce, chitarre e basso Emanuele Esposito batteria con '
                'Manfredi Roberti basso Daphne Nisi Mete e Giorgia Zaccagni '
                'voci Anonima Armonisti cori produzione Menti Associate Dopo '
                'il grande successo della Pink Floyd Legend Week dello scorso '
                'anno, i Pink Floyd Legend tornano al Teatro Bellini di Napoli '
                'con un evento unico: la messa in scena integrale di The Wall, '
                'il celebre concept album dei Pink Floyd. Lo spettacolo sarà '
                'una vera e propria Opera Rock dal vivo, che unirà musica, '
                'teatro e immagini. Sul palco prenderà vita la costruzione in '
                'tempo reale del leggendario muro, elemento centrale della '
                'narrazione, che sarà eretto e abbattuto nel corso della '
                'performance, riproducendo fedelmente lo storico spettacolo '
                'dei Pink Floyd. A rendere ancora più immersivo l’evento '
                'contribuiranno performer, proiezioni video mapping e '
                'straordinari effetti visivi, creando un’esperienza '
                'multisensoriale di grande impatto. Inoltre, saranno presenti '
                'scenografie e oggetti di scena fedelmente riprodotti, '
                'ispirati a quelli utilizzati dai Pink Floyd nel tour '
                'originale di The Wall e in quello più recente di Roger '
                'Waters. I Pink Floyd Legend – Fabio Castaldi (voce e basso), '
                'Alessandro Errichetti (voce e chitarre), Simone Temporali '
                '(voce e tastiere), Paolo Angioi (voce, chitarre e basso) ed '
                'Emanuele Esposito (batteria) – con gli oltre 150.000 '
                'spettatori negli ultimi cinque anni, sono considerati da '
                'pubblico e critica la formazione più rappresentativa del '
                'panorama floydiano per la qualità, l’intensità e la fedeltà '
                'delle loro interpretazioni. Sul palco del Teatro Bellini, al '
                'loro fianco, anche Manfredi Roberti al basso, Daphne Nisi '
                "Mete e Giorgia Zaccagni alle voci e l'Anonima Armonisti ai "
                'cori. 27 gennaio > 1 febbraio LA CITTÀ DEI VIVI liberamente '
                'tratto dal romanzo di Nicola Lagioia regia, video e '
                'drammaturgia Ivonne Capece con Sergio Leone, Daniele Di '
                'Pietro, Pietro De Tommasi, Cristian Zandonella costumi e '
                'concept visivo Micol Vighi scene Rosita Vallefuoco prodotto '
                'da Elsinor Centro di Produzione Teatrale, TPE Teatro Piemonte '
                'Europa, Teatri di Bari, Fondazione Teatro di Napoli - Teatro '
                'Bellini, Teatro di Sardegna Un delitto assurdo e brutale '
                'scuote Roma nel cuore della notte: due giovani insospettabili '
                'torturano e uccidono un coetaneo senza un motivo apparente. '
                'Da questo fatto di cronaca realmente accaduto, Nicola Lagioia '
                'costruisce un’inchiesta narrativa che scava nel buio delle '
                'coscienze, mettendo in discussione il confine tra colpa e '
                'normalità, tra mostruosità e quotidiano. Lo spettacolo La '
                'città dei vivi porta in scena la discesa in un inferno morale '
                'che appartiene non solo ai protagonisti, ma a un’intera '
                'società. Roma diventa un personaggio: viva, tentacolare, '
                'oscura, capace di attirare e inghiottire. Una città che pulsa '
                'di desideri, illusioni, fallimenti. I personaggi si muovono '
                'dentro una spirale di fascinazione e repulsione, in '
                'un’indagine che è insieme giornalistica, filosofica e '
                'teatrale. Attraverso una drammaturgia tagliente e un '
                'linguaggio che mescola racconto e confessione, il pubblico è '
                'chiamato a guardare dove normalmente si distoglie lo sguardo. '
                'La città dei vivi non offre risposte, ma una possibilità: '
                'attraversare le tenebre per capire qualcosa in più di noi '
                'stessi. 4 febbraio > 8 febbraio TRE MODI PER NON MORIRE '
                'Baudelaire, Dante, i Greci di Giuseppe Montesano con Toni '
                'Servillo produzione Piccolo Teatro di Milano – Teatro '
                'd’Europa Tre modi per non morire è il viaggio teatrale à '
                'rebours di Toni Servillo, attraverso tre momenti in cui '
                'alcuni poeti ci hanno insegnato a cercare la vita. Scritto da '
                'Giuseppe Montesano, il testo individua in Charles Baudelaire, '
                'in Dante e nei classici greci gli autori che hanno messo in '
                'pratica, e tuttora ci insegnano, l’arte di non morire. La '
                'serata si apre con i versi di Baudelaire che, in Monsieur '
                'Baudelaire, quando finirà la notte? racconta come la bellezza '
                'combatta la depressione e l’ingiustizia; prosegue con Le voci '
                'di Dante, dove i celebri personaggi della Commedia ci '
                'appaiono legati tra loro da un racconto che li illumina a '
                'partire dal presente; approda infine a Il Fuoco sapiente dei '
                'Greci, in cui poesia e filosofia accendono una visione capace '
                'di immaginare il futuro. Il teatro di Tre modi per non morire '
                'è una via per ritrovare quelle parole che un attore dice con '
                'tutto il suo corpo e la sua mente per nutrire la sua e la '
                'nostra interiorità. Siamo inquieti, impoveriti, spaventati, e '
                'tutti sentiamo che ci manca qualcosa di cui avremmo un '
                'disperato bisogno: ci manca l’amore, ci manca la vita. E '
                'allora? E allora non ci resta altro da fare che cercare di '
                'diventare vivi. 10 febbraio > 15 febbraio COME GLI UCCELLI di '
                'Wajdi Mouawad traduzione di Monica Capuani del testo '
                'originale Tous des oiseaux adattamento di Lorenzo De Iacovo e '
                'Marco Lorenzi regia di Marco Lorenzi un progetto de Il Mulino '
                'di Amleto spettacolo prodotto con il sostegno di A.M.A. '
                'Factory, Elsinor Centro di Produzione Teatrale, Emilia '
                'Romagna Teatro ERT / Teatro Nazionale, Teatro Nazionale di '
                'Genova, TPE – Teatro Piemonte Europa in collaborazione con '
                'Festival delle Colline Torinesi Come gli uccelli è un '
                'incontro che ti sconvolge. Non una semplice tappa nel '
                'percorso teatrale, ma un evento che esplode nel mezzo della '
                'vita d’artista, lasciando un segno incancellabile. È uno di '
                'quegli spettacoli che non si possono mettere da parte, che '
                'obbligano a uscire dal proprio guscio, come la tartaruga di '
                'Harlem che avanza solo tirando fuori la testa. È grande '
                'teatro, quello che osa unire la grande Storia alle piccole '
                'storie intime, che ci travolge emotivamente e, allo stesso '
                'tempo, ci pone domande politiche e umane urgenti. Il teatro '
                'che ci emoziona mentre ci parla dell’Altro e ci sfida ad '
                'abbandonare la nostra tribù, a metterci in discussione. È '
                'teatro che sa giocare con le forme e i linguaggi, portandoli '
                'fino al virtuosismo, ma senza mai smettere di toccare '
                'l’anima. Portarlo in scena significa raccogliere una sfida '
                'potente. Il Mulino di Amleto ha fatto della ricerca di nuovi '
                'confini il cuore del proprio lavoro, e Mouawad ha donato una '
                'materia incandescente per spingerli ancora più avanti. Come '
                'gli uccelli è anche la possibilità di costruire un cast '
                'unico, che mescola attori italiani e internazionali, in un '
                'vero e proprio incontro di lingue, biografie e culture. '
                'Questo percorso ha richiesto agli attori (e al regista '
                'stesso) di abbandonare certezze teatrali, per mettersi in '
                'ascolto sottile delle parole, delle relazioni, della '
                'presenza. Hanno imparato a recitare in altre lingue – '
                'ebraico, tedesco, arabo – affiancati da esperti linguistici e '
                'culturali, per rendere la scena un luogo autenticamente '
                'multilingue e complesso. Al centro resta la parola: come '
                'strumento di guarigione, come rito, come mezzo per '
                'dissotterrare la verità, accompagnare i morti, curare i vivi, '
                'riconoscerci vulnerabili. Perché Mouawad costruisce storie in '
                'cui perdersi e poi ritrovarsi, dopo un viaggio lungo e '
                'commovente. Come gli uccelli è anche una dichiarazione '
                'politica. In un’epoca in cui è impossibile restare “fuori” '
                'dal mondo, questo spettacolo si pone in dialogo con la realtà '
                'globale: multilingue, conflittuale, interconnessa. Racconta '
                'che i muri, concreti o immaginari, non hanno più senso. E che '
                'solo i ponti ci offrono una possibilità di futuro. Marco '
                'Lorenzi 17 febbraio > 22 febbraio LA RIGENERAZIONE di Italo '
                'Svevo regia Valerio Santoro con Nello Mascia, Roberta Caronia '
                'e cast in via di definizione produzione Teatro Biondo di '
                'Palermo, Teatro Rossetti Stabile del Friuli Venezia Giulia La '
                'rigenerazione è l’ultimo dei lavori drammaturgici di Italo '
                'Svevo, composto tra il 1926 e il 1927. Ed è, come tutti i '
                'grandi classici della letteratura e del teatro, un testo che '
                'tratta temi universali e sempre urgenti. Svevo si esprime '
                'sulla grande questione di tutti i tempi: come affrontare la '
                'vecchiaia e la decadenza fisica? È legittimo desiderare di '
                'ringiovanire? Scendere a patti di faustiana memoria con il '
                'diavolo, consegnarsi alle mani dei medici e dei loro '
                'esperimenti? O non è forse più saggio accettare che la vita '
                'faccia il proprio corso, accogliendo con naturalezza i '
                'mutamenti del nostro fisico e della nostra mente? '
                'Protagonista della commedia è Giovanni Chierici, un uomo '
                'segnato da profonde fragilità ma capace di destreggiarsi nel '
                'magma della vita, che nel suo caso è un intreccio di feroce '
                'comicità e drammatica ironia. La collaborazione tra i Teatri '
                'Stabili di Palermo e del Friuli Venezia Giulia, patria di '
                'Svevo, vuole rendere omaggio a uno scrittore che ha lasciato '
                'il segno non solo in Italia, ma in tutta Europa, influenzando '
                'da oltre un secolo la letteratura contemporanea. 24 febbraio '
                '> 8 marzo SABATO, DOMENICA E LUNEDÌ commedia in tre atti di '
                'Eduardo De Filippo regia Luca De Fusco con Teresa '
                'Saponangelo, Claudio Di Palma e con Alessandro Balletta, '
                'Anita Bartolucci, Francesco Biscione, Paolo Cresta, Renato De '
                'Simone, Maria Cristina Gionta, Alessandra Pacifico Griffini, '
                'Paolo Serra, Gianluca Merolli, Mersila Sokoli e cast da '
                'definire prodotto da Teatro di Roma - Teatro Nazionale, '
                'Teatro Stabile di Torino - Teatro Nazionale, Teatro Stabile '
                'di Bolzano, Teatro Biondo di Palermo Dei massimi capolavori '
                'del Teatro di Eduardo Sabato, domenica e lunedì è il testo '
                'più borghese, quasi cechoviano; la sua conclusione lieta '
                'sembra la meno agrodolce, la più sinceramente solare. '
                'L’autore dice che anticipa il tema del divorzio, ma a me non '
                'sembra. Talvolta l’opera acquista un valore autonomo dalle '
                'intenzioni del creatore. Io penso invece che la lieta '
                'riconciliazione di Rosa e Peppino ci commuova oggi forse più '
                'di ieri perché evidenzia la capacità di questa grande '
                'famiglia di comporre i conflitti. Appena esplode un temporale '
                'zia Memé si trasforma da anticonformista in angelo del '
                'focolare e i figli, invece di mostrare traumi che si '
                'trascineranno per il resto dei loro giorni (come saremmo '
                'portati a pensare oggi), sdrammatizzano la plateale litigata '
                'dei genitori. Tutti poi sono molto attenti a proteggere il '
                'nonno dalle amarezze di una domenica sbagliata. Insomma la '
                'famiglia De Piscopo è una vera famiglia, compatta e '
                'affezionata ai propri rituali. Ci commuove anche perché sa '
                'curare le proprie ferite e tiene alla salute del gruppo come '
                'ad un valore. Le donne, com’è giusto che sia, non preparano '
                'più la camicia e i calzini ai mariti e non dedicano più ore '
                'ed ore alla preparazione del mitico ragù. Quella famiglia si '
                'reggeva però su un equilibrio, che non abbiamo ancora '
                'ritrovato. Che dire poi della tenerezza che ci fanno Rosa e '
                'Peppino? Una che va in crisi per la competizione culinaria '
                'con la nuora, l’altro che si inventa una gelosia tolstoiana '
                'sul nulla. Rileggendo questo capolavoro ci viene da '
                'rimpiangere più l’equilibrio perduto che l’anticipazione dei '
                'futuri conflitti. Ed emerge forse il rimpianto di Eduardo per '
                'una famiglia “normale”, da lui mai avuta. Dal punto di vista '
                'della scrittura scenica, mai come stavolta, cercherò di '
                'essere un regista-interprete, che non si azzarda a spostare '
                'una nota della partitura, come un buon direttore d’orchestra, '
                'piuttosto che un regista-demiurgo che tende a diventare il '
                'vero autore dello spettacolo. Nel 2018 misi in scena Sabato, '
                'domenica e lunedì nel celebre Teatro Vachtangov di Mosca. In '
                'quel caso decisi di usare una mano registica molto lieve, '
                'partendo dal presupposto che il pubblico russo non conoscesse '
                'la commedia, mai messa in scena, fino ad allora, nella loro '
                'lingua. Più vado avanti nel lavoro e più mi convinco che '
                'questo atteggiamento sia giusto anche in Italia. Sia perché '
                'sono quasi venticinque anni che non viene rappresentata nel '
                'nostro paese, sia perché penso che Eduardo sia come Goldoni: '
                'si può interpretare, ma non stravolgere. Siamo ormai abituati '
                'a far coincidere la parola “inquietante” con una definizione '
                'elogiativa di uno spettacolo. Ma non è così. Non è detto che '
                'far sorridere significhi far uscire dal sentiero dell’arte '
                'teatrale: Goldoni, Mozart, Cimarosa lo sapevano bene. E anche '
                'noi dobbiamo talvolta ricordarlo. Luca De Fusco 6 marzo > 7 '
                'marzo MASSIMO RECALCATI Torna a grande richiesta al Teatro '
                'Bellini il Professor Massimo Recalcati, con due lectio '
                'magistralis sulla psicoanalisi. 10 marzo > 15 marzo ODISSEA '
                'con Stefano Accorsi produzione Nuovo Teatro diretta da Marco '
                'Balsamo Dopo il successo di "Giocando con Orlando" e '
                '“Decamerone. Vizi, virtù e passioni” di Marco Baliani, e di '
                '"Azul" scritto e diretto da Daniele Finzi Pasca, Stefano '
                'Accorsi si immerge in un nuovo e ambizioso progetto: una '
                'rilettura teatrale del mito di Ulisse. Lo spettacolo non sarà '
                'un semplice adattamento scenico ma un vero e proprio viaggio '
[2026-01-28T20:47:10.186+0000] {docker.py:429} INFO - 'nella psiche, nell’animo e nelle avventure del più umano tra '
                'gli eroi omerici. Nuovo Teatro prosegue dunque il proprio '
                'impegno nel promuovere e creare progetti di qualità capaci di '
                'affascinare e coinvolgere il grande pubblico. 17 marzo > 22 '
                'marzo LUNGO VIAGGIO VERSO LA NOTTE di Eugene O’Neill '
                'traduzione di Bruno Fonzi regia di Gabriele Lavia adattamento '
                'di Chiara De Marchi con Gabriele Lavia, Federica Di Martino, '
                'Jacopo Venturiero, Ian Gualdani, Beatrice Ceccherini '
                'produzione Effimera, Teatro della Toscana Teatro Nazionale Lu '
                'ngo viaggio verso la notte è il capolavoro del drammaturgo '
                'statunitense Eugene O’Neill. Scritto tra il 1941 e il 1942, '
                'fu rappresentato per la prima volta a Stoccolma nel 1956 e '
                'vinse il Premio Pulitzer l’anno successivo, dopo la morte '
                'dell’autore. Sidney Lumet ne diresse il primo adattamento '
                'cinematografico nel 1962, con Katharine Hepburn e Ralph '
                'Richardson. Ambientato nel 1912, il dramma, potente e '
                'struggente, racconta una giornata della famiglia Tyrone, tra '
                'conflitti, dipendenze e segreti dolorosi. Gabriele Lavia e '
                'Federica Di Martino portano in scena questa '
                'opera-confessione, “un viaggio all’indietro” nella vita di '
                'O’Neill, precipizio impietoso nell’amarezza di un fallimento '
                'senza riscatto. «Le vite degli uomini – scrive Lavia nelle '
                'note di regia – sono fatte di tenerezza e violenza. Di amore '
                'e disprezzo. Comprensione e rigetto. Di famiglia e della sua '
                'rovina.» dance&performance 26 marzo > 29 marzo '
                'PITE/PRELJOCAJ/TORTELLI trittico SOLO ECHO | RECONCILIATIO | '
                'GLORY HALL SOLO ECHO coreografia Crystal Pite musica Johannes '
                'Brahms produzione Fondazione Nazionale della Danza / '
                'Aterballetto RECONCILIATIO coreografia Angelin Preljocaj '
                'musica Ludwig Van Beethoven, Sonata al chiaro di luna '
                'produzione Fondazione Nazionale della Danza / Aterballetto '
                'GLORY HALL coreografia Diego Tortelli musica Godspeed You! '
                'Black Emperor; Oneohtrix Point Never produzione Fondazione '
                'Nazionale della Danza / Aterballetto SOLO ECHO Solo Echo si '
                'ispira a due sonate per violoncello e pianoforte di Johannes '
                'Brahms e alla poesia "Lines for Winter" di Mark Strand. Come '
                "nella poesia di Strand, Solo Echo invoca l'inverno, la musica "
                'e il corpo in movimento per esprimere qualcosa di essenziale '
                "sull'accettazione e la perdita. RECONCILIATIO La danza, arte "
                'dell’indicibile per eccellenza, è in grado di svolgere la '
                'delicata funzione di svelare le nostre paure, le angosce e le '
                'speranze, evocandole. Il duetto prescelto per raccontare il '
                'tema della riconciliazione è tratto da Suivront mille ans de '
                'calme (Seguiranno mille anni di calma), un lavoro '
                'caratterizzato da una vena poetica e impressionista, ispirato '
                'a una lettura assidua, ma non letterale, dell’Apocalisse. Per '
                'il coreografo, nello spettacolo originale, e tanto meno nel '
                'duetto femminile che è stato adattato per “Memorare 2024”, '
                'non vanno ricercati quindi riferimenti puntuali al testo di '
                'San Giovanni. Si tratta invece di rivelare, svelare e mettere '
                'in evidenza (come indica l’etimologia della parola '
                'apocalisse: sollevare il velo) elementi presenti nel nostro '
                'mondo, ma sottratti ai nostri sguardi. E nella delicata '
                'relazione tra le protagoniste del duetto emergono - visibili '
                'e invisibili - i temi ai quali facciamo riferimento. GLORY '
                'HALL Glory Hall è la nuova creazione di Diego Tortelli per i '
                '16 danzatori di Aterballetto, un viaggio sensoriale e ribelle '
                'in un luogo di mezzo, sospeso tra luce e oscurità. In uno '
                'spazio nero ma mai realmente oscuro, la coreografia si '
                'sviluppa come un rito estatico dove sensualità e spiritualità '
                'profana si intrecciano, creando un gioco continuo tra '
                'piacere, virtuosismo e la ricerca di una personale versione '
                'di gloria. La danza, ribelle alla narrazione, si rigenera '
                'costantemente, lasciando esplodere emozioni effimere, '
                'destinate a svanire e rinascere. In Glory Hall tutto è '
                'possibile: la musica guida in un crescendo di armonia e '
                "trasgressione, per un'estasi che non conosce confini, tra "
                'sonorità rock e melodie sinfoniche. 11 aprile > 26 aprile '
                'GIU-RO Libera Gioventù Bannata dal Tempo Versi, canti e '
                'testi, drammaturgia di Mimmo Borrelli Liberamente '
                '“shak-ispirati” al dramma del Bardo regia Mimmo Borrelli con '
                'la Compagnia Bellini Teatro Factory e la partecipazione '
                'straordinaria di Gennaro Di Colandrea produzione Fondazione '
                'Teatro di Napoli - Teatro Bellini In un Sud '
                'post-apocalittico, Romeo e Giulietta diventano simboli di una '
                'generazione braccata, senza tempo né futuro. Tra rovine e '
                'sogni infranti, Borrelli costruisce un rito scenico '
                'visionario e poetico, dove amore e rabbia accendono una '
                'ribellione struggente. 7 maggio > 24 maggio STATO CONTRO '
                'NOLAN (un posto tranquillo) di Stefano Massini regia '
                'Alessandro Gassmann con Daniele Russo e 9 attori in via di '
                'definizione produzione Fondazione Teatro di Napoli - Teatro '
                'Bellini, Teatro Biondo Palermo 23 settembre > 28 settembre '
                'INCONTRO uno spettacolo di Collettivo lunAzione progetto e '
                'regia Eduardo Di Pietro con Federica Carruba Toscano e '
                'Lorenzo Izzo produzione Collettivo lunAzione Un incontro '
                'scolastico. Quella donna che si presenta alla platea degli '
                'studenti è sopravvissuta a un disastro, la morte violenta ed '
                'accidentale di un fratello innocente. Guardatela. Anche '
                'quello studente che si solleva rabbioso, in cerca di '
                'attenzione e di senso, è sopravvissuto a un disastro '
                'familiare. Nonostante forse il fratello defunto non fosse '
                'innocente, guardatelo. Due individui, questi sopravvissuti, '
                'che costituiscono la più elementare forma di società, modelli '
                'd’umanità estratti dal quotidiano e calati in una situazione '
                'estrema. Le loro posizioni sono simmetriche: divorati da un '
                'vuoto, entrambi cercano di muoversi tra le macerie del Sud e '
                'le rovine delle rispettive esistenze. Il loro incontro incide '
                'la nostra vita comunitaria, creando una ferita che ne lascia '
                'intravedere le interiora. Guardatele. 30 settembre > 5 '
                'ottobre LA VACCA di Elvira Buonocore regia Gennaro Maresca '
                'con Vito Amato, Anna De Stefano, Gennaro Maresca Produzione '
                'B.E.A.T. teatro Estate torrida in un’imprecisata periferia '
                'napoletana. Una terra apatica e schifa, annientata da una '
                'volontà di potenza e sviluppo industriale che non conosce '
                'legami né bisogni. Qui due fratelli giovanissimi, Donata e '
                'Mimmo, vivono un’esistenza piccola e quasi incosciente, '
                'ignota agli adulti. Schiacciati dall’indifferenza su un '
                'eterno grigiore, i corpi sembrano spenti. Non arde una '
                'passione. Eppure qualcosa accade. Donata rompe il quadro '
                'grigio della propria adolescenza semplicemente guardandosi. '
                'L’inadeguatezza delle sue forme piccole, di quel seno mai '
                'sbocciato e tanto voluto, pongono al centro della scena '
                'qualcosa che prima era assente: il desiderio. Fonte '
                'inestimabile di eventi è il desiderio, che esplode con '
                'l’arrivo di Elia, un uomo misterioso, per il quale Donata '
                'cova una passione crescente. Luminosa. Così innescata, la '
                'meccanica del desiderio non si può più fermare. Le '
                'aspettative dei personaggi, adesso visibili, viaggeranno da '
                'sole, mescolandosi tra loro e intimandosi le une con le altre '
                'di fare ciò che vogliono. Con delicatezza, con prepotenza. '
                'Una favola neorealista. Una storia in cui, per eccesso di '
                'realtà, la fiaba esplode inevitabile. Costruita su una serie '
                'di tentativi, La vacca racconta il desiderio e la sua '
                'fragile, radicale esistenza fuori dalle logiche del benessere '
                'e del potere. Una storia d’amore e di animali i cui corpi, '
                'stando al mondo, sono pronti al saccheggio. dance&performance '
                '11 ottobre > 12 ottobre STELLA coreografie e regia Luciano '
                'Padovani in scena Luciano Padovani, Roberta Piazza e Andrea '
                'Rizzo una produzione Compagnia Naturalis Labor Il “comunicato '
                'numero uno” delle BR viene fatto trovare a Roma ad un '
                'giornalista del “Messaggero” avvertito telefonicamente. È '
                'all’incirca mezzogiorno di sabato 18 marzo, due giorni dopo '
                'il sequestro di Moro. In una busta arancione di formato '
                'commerciale, abbandonata sulla parte superiore di un '
                'apparecchio per fotografie formato tessera che si trova in un '
                'sottopassaggio di largo Argentina, ci sono cinque copie del '
                'comunicato e una foto Polaroid che ritrae Moro, in maniche di '
                'camicia, seduto sotto una bandiera con la stella a cinque '
                'punte e la scritta "Brigate Rosse". \'Questo è quanto ci '
                'racconta il coreografo Padovani nel suo nuovo Stella. Uno '
                'spettacolo che segna un importante momento nella ricerca '
                'artistica di Padovani, uno spettacolo dove la maturità del '
                'creatore, le approfondite ricerche sull’argomento, il vissuto '
                'del coreografo (allora studente universitario in pieno '
                'periodo di lotte e di terrorismo) sono presenti, forti, '
                'diventano materia plasmata attraverso i corpi e la voce dei '
                'due magistrali interpreti, Roberta Piazza e Andrea Rizzo. Con '
                'loro entriamo in un covo di brigatisti, quel covo…una scena '
                'di interno abitata e mossa da emozioni intense e momenti di '
                'grande umanità e poesia, un’atmosfera calda fatta di '
                'illusioni e proiezioni, suggerite con grande maestria dalla '
                "costumista Lucia Lapolla'. Elisabetta Calvi 14 ottobre > 19 "
                'ottobre SPIRITILLI E ALTRI MOVIMENTI di Enzo Moscato regia '
                'Costantino Raimondi con Annalisa Arbolino, Liliana Castiello, '
                'Carlo Geltrude, Michele Ferrantino e Fiorenza Raimondi '
                'produzione Teenspark di Antonio Nardelli Spiritilli di Enzo '
                'Moscato con Little Peach e Cartesiana formano il trittico '
                'Ritornanti, titolo mutuato da Anna Maria Ortese. Con la messa '
                'in scena di Spiritilli, testo del 1982, di Guerra di '
                "religione del 1989 e di Trompe l'oeil del 2004, accorpati "
                'sotto il titolo di "Spiritilli e altri movimenti”, torno alla '
                'drammaturgia di Enzo Moscato dopo aver messo in scena nel '
                '2004-06 Aquarium Ardent, realizzato in versione francese a La '
                'Imprimerie a Parigi e a La Guillotine a Montreuil. Il '
                'racconto è un momento di affabulazione, è ritornare bambini '
                'rimanendo incantati in una storia magica: la fascinazione '
                'della favola classica, trasmessa attraverso l’eco di credenze '
                'popolari, la casa come luogo metafisico abitato da presenze '
                'buone,bonarie o malefiche. La favola narra di vicende '
                'tragiche,a tratti comiche,di Nannina,Totore e '
                'Tittinella,giovane famiglia alla ricerca di una casa. Gli '
                'altri “movimenti”sono due racconti: Trompe l’oeil e Guerra di '
                'religione, anch’essi ricchi di atmosfere oniriche tra sacro e '
                'profano. Enzo Moscato è un visionario e viaggiatore '
                "instancabile dell'animo-mito,dell'animo- tempesta.Incarna da "
                'solo la definizione del poeta in movimento continuo senza '
                'mezze misure,la cui opera trasmette il senso fisico del '
                'piacere attraverso la potenza figurativa delle immagini e la '
                'straordinaria musicalità della lingua. Per le regie dei testi '
                'di Enzo, ho utilizzato il mio linguaggio che dal '
                'corpo,attraverso il gesto, esprime il pensiero e le emozioni '
                'un immaginario collettivo con movimenti obliqui,soffi e '
                'sudori. Gli spettacoli si intrecciano e agiscono in azioni '
                'del volere o non, partire o restare, entre rêve et réalité. '
                'Costantino Raimondi 21 ottobre > 26 ottobre 5 novembre > 16 '
                'novembre I POETI SELVAGGI DI ROBERTO BOLAÑO Indagine su '
                'cittadini poco raccomandabili UNA CONFERENZA SPETTACOLO IN '
                'TRE CAPITOLI testo, drammaturgia, traduzioni e voce narrante '
                'Igor Esposito regia Daniele Russo e Igor Esposito voce dei '
                'poeti Daniele Russo produzione Fondazione Teatro di Napoli - '
                'Teatro Bellini “Un poeta può sopportare di tutto. Il che '
                'equivale a dire che un uomo può sopportare di tutto. Ma non è '
                'vero: sono poche le cose che un uomo può sopportare. '
                'Sopportare davvero. Un poeta, invece, può sopportare proprio '
                'di tutto. In questa convinzione siamo cresciuti. Il primo '
                'enunciato è vero, ma conduce alla rovina, alla follia, alla '
                'morte”. Basterebbe questo incipit, tratto da uno dei racconti '
                'di “Chiamate telefoniche”, a dimostrare la passione che '
                'nutriva Roberto Bolaño per i poeti e la poesia. Una passione, '
                'un’attenzione e una cura che lo scrittore cileno, ogni volta '
                'che ha potuto, ha sempre ribadito esplicitamente. Difatti '
                'l’incipit del racconto dal titolo “Enrique Martín” è solo uno '
                'dei numerosi indizi che lo scrittore ha disseminato nella sua '
                'opera in prosa, dove c’è quasi sempre una porta o una '
                'finestra dalla quale si affaccia un poeta o arriva l’eco di '
                'alcuni memorabili versi. Questo aspetto emerge anche dalle '
                'numerose interviste o dai saggi e discorsi raccolti nel '
                'volume “Tra parentesi”. Fino a giungere ad uno dei suoi '
                'capolavori: “I detective selvaggi”, dove i due protagonisti, '
                'Arturo Belano e Ulises Lima, non sono altro che l’alter ego '
                'dello scrittore cileno e del poeta messicano Mario Santiago, '
                'fondatori insieme a Bruno Montané, negli anni ’70, a Città '
                'del Messico, del movimento poetico denominato '
                'l’Infrarealismo. Ma quasi tutti i poeti amati da Bolaño sono '
                'ancora inediti in Italia. Ecco allora che la '
                'conferenza-spettacolo dal titolo: “I poeti selvaggi di '
                'Roberto Bolaño” prova a costruire un viaggio nella foresta '
                'dove svettano, come alberi o fiori imprescindibili, i poeti '
                'amati dallo scrittore cileno. Poeti e poesie sulle quali si è '
                'plasmata l’estetica e il gusto del grande scrittore cileno. '
                'La conferenza-spettacolo si dipanerà in tre capitoli che '
                'prenderanno corpo in tre serate, formando un unico flusso '
                'narrativo, ma ogni capitolo potrà anche essere ascoltato '
                'separatamente. La messa in scena avrà due voci: quella '
                'narrante incarnata da Igor Esposito, quella dei poeti '
                'incarnata da Daniele Russo e le musiche di Massimo '
                'Cordovani.” Igor Esposito dance&performance 1 novembre > 2 '
                'novembre IL CANTO DELLE MAN I liberamente ispirato a La Gatta '
                'Cenerentola coreografia Gabriella Stazio musiche originali '
                'Luigi Stazio musiche E’ Zezi Gruppo Operaio di Pomigliano '
                'd’Arco e della tradizione campana produzione Movimento Danza, '
                'Ministero della Cultura, Regione Campania I gesti, i suoni, i '
                'simboli rimbalzano e riecheggiano trasportati dal mare. Nasce '
                'così Il canto delle mani su musiche della tradizione popolare '
                'campana alternate a musiche originali: uno spettacolo in cui '
                'contaminazioni e sovrapposizioni convivono nel medesimo '
                'spazio/tempo. Il ritmo della danza si gioca in un susseguirsi '
                'di immagini che si compongono e si scompongono dando vita a '
                'uno spettacolo in cui la forza evocativa della simbologia '
                'arcaica e rituale è “tradotta” in un linguaggio coreografico '
                'contemporaneo. 18 novembre > 30 novembre TOTALE drammaturgia '
                'e regia Pier Lorenzo Pisano con Gioia Salvatori, Andrea '
                'Cosentino produzione Cranpi, Fondazione Teatro di Napoli - '
                'Teatro Bellini con il contributo di MiC – Ministero della '
                'Cultura Totale è la storia di un amore finito. Una lunga '
                'lettera d’addio srotolata da lei e da lui, fatta di oggetti, '
                'ricordi, strappi e macchie di caffè. Una coppia ridiscute '
                'tutto quello che è stato, nella loro storia, nelle loro '
                'identità e nel mondo intorno, passando per il mesozoico, per '
                'i primi denti da latte, fino al momento della rottura. Due '
                'voci ironiche e malinconiche decostruiscono le loro vite e la '
                'loro relazione attraverso le cianfrusaglie che le hanno '
                'circondate, nel tentativo impossibile di scomporre e dare un '
                'valore ad ogni momento insieme, e dare un senso alla fine. '
                '«Le parole che si dicono su un palco creano la realtà, il '
                'passato e il futuro. Due voci impastano le loro parole per '
                'creare un mucchio di ricordi, nel tentativo di farli '
                'impigliare e sommare in un unico, nuovo, totale. Due '
                'linguaggi si uniranno per creare una storia d’amore che nasce '
                'e finisce, tra risate, dolori, cianfrusaglie». Pier Lorenzo '
                'Pisano 4 dicembre > 21 dicembre NEANCHE PARENTI creazione e '
                'drammaturgia Gabriele Russo e Arianna D’Angiò con la '
                'Compagnia Bellini Teatro Factory produzione Fondazione Teatro '
                'di Napoli - Teatro Bellini Uno spettacolo collettivo nato in '
                'prova, che indaga la famiglia come luogo di legami, conflitti '
                'e identità. Un processo aperto, senza copione, che attraversa '
                'memorie e ruoli. Non una destinazione, ma un inizio. 13 '
                'gennaio > 18 gennaio U PARRINU La mia storia con Padre Pino '
                'Puglisi ucciso dalla mafia di e con Christian Di Domenico '
                'regia Christian Di Domenico Mi capita spesso di rimanere '
                'stupito quando mi dicono che i grandi, e intendo i grandi '
                'uomini, andavano in un posto da mortali come il mare, da '
                'corpi di peccatori buttati al sole. D’estate magari, in '
                'Sicilia,dentro quel caldo d’inferno. È che uno non se '
                'l’immagina proprio. Ma il futuro parrinu di Brancaccio, a '
                'Palermo, assassinato dalla mafia nel settembre novantatré '
                'davanti casa con un colpo di pistola alla nuca, al mare ci '
                'andava eccome. Perché era nu parrinu strano. Anticonformista. '
                'Che metteva i calzoni. E ci andava con i ragazzini delle '
                'periferie perché, almeno una volta, giocassero lontano dalle '
                'strade. Ecco, la storia di Christian inizia proprio al mare, '
                'su una scogliera, precisamente. La mia storia con Padre Pino '
                'Puglisi ucciso dalla mafia; una storia semplice, narrazione '
                'di un attore solo con na pocu di musica. Nu ricordu sfumato, '
                'che si snoda tra fatti di cronaca, politica e lotta sin da '
                'quella prima giornata di mare coi bambini du parrinu strano '
                'coi calzoni. Lì Christian fa esperienza dell’onore dei '
                'mafiosi, obbligati sin da bambini a non chiedere mai scusa a '
                'nessuno. Ma il ragazzo impara anche l’onore del perdono, che '
                'Pino porterà a san Gaetano di Brancaccio, quartiere con la '
                'più alta concentrazione mafiosa dell’intera Sicilia, e che '
                'manterrà sempre fino a quel giorno di metà settembre '
                'novantatré. Qualche anno dopo Christian ritorna su quella '
                'scogliera. E inizia da lì, dal suo ricordo, a raccontarci di '
                'Pino, dell’amico di famiglia, dell’uomo di chiesa, del '
                'maestro di scuola. Che aveva imparato a perdonare, in punto '
                'di morte, la violenza di chi ne era incapace e già gli '
                'puntava la pistola alla nuca. Ed era sicuro che il perdono, '
                'con l’esempio e il racconto, potesse essere insegnato. “Ho '
                'incontrato molta gente di Chiesa… e tutti mi hanno detto: non '
                'ti preoccupare che Dio ti perdona… Io, su questo, ho spesso '
                'dubitato che possa perdonare uno come me, di quello che ho '
                'fatto io… soprattutto adesso che forse ho ammazzato un santo… '
                'figuriamoci… quante possibilità di perdono posso avere io?” '
                '(Salvatore Grigoli, assassino di Padre Pino Puglisi) '
                'dance&performance 24 gennaio > 25 gennaio TO MY SKIN '
                'coreografia Antonio Ruz e Mauro de Candia danzatori Manuela '
                'Facelgi, Nicolas Grimaldi Capitello, Leopoldo Guadagno, Marta '
                'Ledeman, Francesco Russo, Antonio Tello produzione Cornelia '
                'In ogni parte del mondo le popolazioni stanno provando sulla '
                'propria pelle i vari modi in cui il cambiamento climatico può '
                'provocare disastri sul nostro pianeta. Attraverso il corpo la '
                'compagnia Cornelia vuole interpretare gli effetti estremi del '
                'calore e del gelo pensando alle grandi estinzioni di massa. '
                'L’obiettivo è di riflettere scuotendo l’animo delle persone '
                'che non danno il giusto valore alla tematica, attraverso '
                'immaginari apocalittici che fanno parte di periodi storici '
                'dilatati e lontani, ma che potrebbero ripetersi. Dipende '
                'tutto da noi. To my skin è un dittico di danza contemporanea '
                'che propone due interpretazioni distinte ma complementari '
                'dello stesso tema centrale, attraverso le coreografie '
                'originali di Antonio Ruz e Mauro de Candia. 29 gennaio > 15 '
                'febbraio ASFALTO Poema fisico e musicale per 7 attori regia e '
                'coreografia di Michela Lucenti / Balletto Civile con la '
                'Compagnia Bellini Teatro Factory produzione Fondazione Teatro '
                'di Napoli - Teatro Bellini "A partire dalle biografie dei '
                'ragazzi coinvolti, Balletto Civile vuole creare uno '
                'spettacolo di drammaturgia fisica proponendo un processo '
                'artistico in cui la parola è profondamente connessa al corpo. '
                'Si può fare poesia del proprio vissuto, di quello che ci '
                'abita? Le vite, raccontate, vengono riscritte in una forma di '
                'spoken- word mescolando ritmo e metrica per dare vita a veri '
                'e propri monologhi fisici e vocali che attraverso un filo '
                'rosso si collegano dando voce a uno spaccato generazionale. '
                'In un contemporaneo apparentemente privo di senso proponiamo '
                'un viaggio emotivo e potente nei temi dell’appartenenza, '
                'dell’identità, del dubbio. In uno spazio vuoto alla luce di '
                'alcune lampadine appese prende vita un poema fisico che parte '
                'dal singolo per diventare comunitario. Un flusso di pensiero '
                'in cui gli interpreti si passano il testimone fino ad '
                'accordarsi in una falange vitale che crea, nel vuoto, con i '
                'corpi il proprio rito. Un lavoro di gruppo sulla potenza '
                'dell’agire e del reagire, per dare voce in modo irruento '
                'costruendo insieme un pensiero sull’urgenza di condividere, '
                'creare, rispondere." Michela Lucenti dance&performance 19 '
                "febbraio > 22 febbraio AU REVOIR MIROIR L'eterno viaggio alla "
                "ricerca della felicità un'opera di danza per sette danzatori, "
                'cinque attori e cinque specchi coreografie Paolo Mohovich '
                'drammaturgia e testo Cosimo Morleo musiche originali eseguite '
                'anche dal vivo Max Fuschetto danzatori / EkoDance Project '
                'Francesca Raballo, Gaia Triacca, Andrea Carozzi, Miu Sasaki, '
                'Leonardo Urgese, Chiara Colombo, Jennifer Mauri attori / '
                "Teatro dell'Altro Andrea Car, Davide Bombardelli, Marco "
                'Greco, Sara Mozzi Zangari, Davide Sardella produzione Teatro '
                "dell'Altro Au revoir miroir è il solitario percorso di "
                'ricerca di sé, del proprio posto nel mondo e della felicità. '
                "Il titolo richiama l'atto simbolico del congedarsi dal "
                'proprio riflesso: uno specchio che diventa metafora di '
                'confronto con il proprio passato, le aspettative e le paure '
                'che accompagnano ogni esistenza. Tre diverse declinazioni '
                "dell'amore accompagnano il cammino della protagonista: il "
                "primo amore, l'amore da attraversare e l'amore "
                'incondizionato. Paolo Mohovich ha sapientemente intrecciato '
                'il linguaggio della prosa con quello della danza, creando una '
                'straordinaria fusione artistica. 24 febbraio > 1 marzo IL '
                'SEN(N)O di Monica Dolan titolo originale The B*easts '
                'dramaturg e traduzione Monica Capuani adattamento e regia '
                'Serena Sinigaglia con Lucia Mascino produzione Teatro Carcano '
                'Alla fine tutto si riduce a una sola domanda: pensiamo che il '
                'seno sia una cosa oscena oppure che sia quello che è e basta? '
                'Una psicoterapeuta si trova a dover valutare un gesto mai '
                'compiuto prima. Una madre ha preso una decisione sul corpo di '
                'sua figlia e questa decisione scatena intorno a lei una serie '
                'di conseguenze e di reazioni sempre più fuori controllo. Un '
                'monologo volutamente sfidante, Il Sen(n)o ci conduce '
                'nell’esplorazione di un tema terribilmente attuale: come '
                'l’esposizione precoce alla sessualizzazione e alla '
                'pornografia nell’era di internet abbiano inciso profondamente '
                'sulla nostra cultura. Scritto da Monica Dolan e tradotto da '
                'Monica Capuani, dopo un enorme successo in Inghilterra Il '
                'Sen(n)o debutta per la prima volta in Italia interpretato da '
                'Lucia Mascino con la regia di Serena Sinigaglia. 3 marzo > 15 '
                'marzo L’ULTIMA CORSA DI FRED tre febbraio '
                'millenovecentosessanta di Mario Gelardi e Giuseppe Miale di '
                'Mauro regia Peppe Miale con Massimo De Matteo e con Floriano '
                'Bocchino (pianoforte), Ciro Riccardi (tromba), Claudio Marino '
                '(batteria) produzione Ente Teatro Cronaca 3 febbraio 1960, '
                'una Ford Thunderbird sfreccia per le strade di Roma alle sei '
                'e venti del mattino. La folle corsa di quell’auto verrà '
                'fermata da un camion con cui si scontrerà. Non occorre molto '
                'perché gli inconsapevoli spettatori di quella scena si '
                'rendano conto che, alla guida di quell’auto, c’è Fred '
                'Buscaglione. Una vita ed un successo lampo, finita con '
                'altrettanta immediatezza, una vita tra il fumo dei locali '
                'italiani ed europei a interpretare il ruolo del taciturno e '
                'imprevedibile cantante da night, un ruolo che forse non gli '
                'apparteneva tanto. Una storia raccontata da un testimone '
                'casuale, di quella vita breve, appena quarant’anni, un fan '
                'qualunque come ce ne sono ancora oggi. È il sogno del fan. '
                'Che non immagina ad occhi aperti ma agisce, fa, ripete '
                'fisicamente replica il mito. E nel mito specchia il proprio '
                'vissuto, rendendolo per quanto possibile parallelo alle '
                'vicissitudini dell’Altro. Altro che il Fan scruta, spia, '
                'insegue, ma non raggiunge mai. Anche perché l’Altro, infine, '
                'schizza via e la scelta da fare, stavolta, è diversa. Peppe '
                'Miale 17 marzo > 22 marzo VAUTOURS (AVVOLTOI) di Roberto '
                'Serpi interpretato e diretto da Sergio Romano, Roberto Serpi, '
                'Ivan Zerbinati produzione Fondazione Teatro Due In un '
                'indefinito ambiente sotterraneo vivono tre uomini che hanno '
                'perso l’unica cosa che conta davvero: il loro lavoro. Avere '
                'un’occupazione stabile è il solo modo di esistere e di non '
                'essere soli al mondo, ma ora è tutto perduto. I tentativi per '
                'rientrare in Azienda si succedono in un crescendo goffo ma '
                'inarrestabile che mette a nudo la loro vera anima fino a quel '
                'momento assopita dalla routine. Uno spaccato cinico di '
                "un'umanità anestetizzata moralmente ed eticamente che non si "
                'ferma davanti a nulla per raggiungere lo scopo, e che non '
                'piange e non ride più, da un bel po’ di tempo. Un avvoltoio '
                'appolla
[2026-01-28T20:47:10.187+0000] {docker.py:429} INFO - iato che aspetta la sua carogna. Per gli attori '
                'Vautours (Avvoltoi) è un vero gioco dai ritmi serrati, che '
                'segue le orme della struttura del giallo e oscilla fra la '
                'tensione di un continuo sentimento di sospensione e le '
                'paradossali conseguenze a catena innescate da una '
                'irresistibile dinamica testuale. Un lavoro di messa in scena '
                'corale che, in un ambiente nudo e privo di appigli '
                'scenografici o sonori, fa risuonare con maggiore potenza la '
                'delicata intensità del lavoro degli attori, impegnati in '
                'un’indagine sulla ricerca del proprio posto nel mondo, forse '
                'addirittura sul senso della vita. 24 marzo > 29 marzo CHI '
                'RESTA uno spettacolo di Matilde Vigna e Anna Zanetti testo '
                'Matilde Vigna regia Anna Zanetti con Daniela Piperno, Matilde '
                'Vigna produzione Emilia Romagna Teatro ERT / Teatro '
                'Nazionale, La Corte Ospitale Una figlia perde l’ultimo '
                'genitore, la madre, e rimane sola a doversi occupare di '
                'ricostruire una vita propria a partire dai cocci della vita '
                'di prima. I ricordi arrivano all’improvviso, inattesi, '
                'dolorosi, e si fanno concreti, perché la madre compare, come '
                'per magia, ad aiutare la figlia ad uscire da queste tenebre '
                'apparentemente senza fine. Perché i nostri morti sono sempre '
                'con noi, appena al di là del nostro sguardo. Il progetto '
                'registico di Matilde Vigna e Anna Zanetti sviluppa le '
                'immagini racchiuse nel testo attraverso un lavoro sulla '
                'relazione tra due attrici, nella cornice di un paesaggio '
                'interstellare fatto di video, luci e sonorizzazioni. Questo '
                'spettacolo parla delle responsabilità che sommergono, della '
                'grottesca burocrazia post-mortem, di un dolore che divora '
                'tutto e che riporta all’infanzia. La madre però è ancora lì e '
                'ci accompagna in un fantastico viaggio oltre la gravità '
                'terrestre fino ai buchi neri: un viaggio cosmico, '
                'scientifico, narrativo e visivo. dance&performance 11 aprile '
                '> 12 aprile NOĒSIS coreografia Vincenzo Capasso regia e '
                'drammaturgia Vincenzo Capasso e Martina Fuccillo produzione '
                'Corporea-mente La siepe del divieto, e dietro, le infinite '
                'possibilità della libertà. La libertà di fare, la libertà di '
                'scegliere e di rompere in fine i lacci del potere. Cinque '
                'danzatori esplorano il dubbio, si interrogano sul significato '
                'della parola equilibrio, ricercano il fondamento della '
                'condizione umana. E portano in scena il divenire verso '
                'l’ignoto. 14 aprile > 19 aprile WEEK-END di Annibale Ruccello '
                'regia Martino D’Amico con Sabrina Scuccimarra, e cast in via '
                'di definizione produzione Compagnia Lombardi-Tiezzi I l fine '
                'settimana di una professoressa di lingue, di origini '
                'meridionali, trapiantata a Roma: Ida. Una zitella acida e '
                'zoppa, sola, nella cui giornata, fatta di piccoli e '
                'grotteschi riti quotidiani, s’insinua qualcosa di torvo…. La '
                'donna seduce Narciso, un idraulico più giovane di lei, e '
                'sembra avere macabri istinti sessuali anche su Marco, un '
                'adolescente a cui è solita dare ripetizioni pomeridiane. La '
                'casa, unico ambiente della pièce, sembra rispecchiare i suoi '
                'frammenti identitari, assumendo così un aspetto triste, '
                'sinistro, macabro ed inquietante; in realtà, l’autore si '
                'diverte con lo spettatore, e sembra volerne sfidare l’indole '
                'voyeuristica e la tendenza a giudicare. Ruccello, infatti, '
                'definisce questo testo un esperimento sullo spettatore. Le '
                'scene, una dopo l’altra, svelano un diverso aspetto dei '
                'personaggi, offrendo loro un’altra possibilità, un’umanità '
                'toccante e profonda, che disorienta via via qualunque '
                'affrettata valutazione. La solitudine di Ida acquista man '
                'mano una struggente vitalità. Il finale, del tutto '
                'inaspettato, è uno spiazzamento totale. Le musiche vanno da '
                'Mozart ai Ricchi e Poveri; il parlato, dal dialetto stretto '
                'all’italiano … come a voler attestare e difendere, attraverso '
                'forme tanto differenti fra loro, la libertà e la possibilità '
                'di vivere in modo diverso, al di là di ogni consuetudine e '
                'tradizione. Martino D’Amico 21 aprile > 26 aprile FAVOLA '
                'testo di Fabrizio Sinisi regia, scena, costumi Giorgia '
                'Cerruti in scena e in video Giorgia Cerruti e Davide Giglio '
                'con la partecipazione video di Elvis Flanella e di Ulla '
                'Alasjarvi Uno spettacolo di Piccola Compagnia della Magnolia, '
                'realizzato in coproduzione con TPE/Teatro Piemonte Europa, '
                'CTB/Centro Teatrale Bresciano, Teatro della Città/Catania, '
                'Gli Scarti/La Spezia Una donna e un uomo, due genitori, sono '
                'chiusi in una stanza. Per una ragione oscura che viene '
                'nominata solo alla fine, non possono uscirne. In questo '
                'spazio claustrofobico, dominato da un grande muro-schermo, la '
                'donna inscena tre visioni. In ogni episodio lei "G." e il '
                'marito "D." sono protagonisti di una violenza, una '
                'sopraffazione dell’uomo sulla donna, del potente sull’inerme. '
                'Sul palco - luogo del reale - i protagonisti G. e D. '
                'ripercorrono le favole del proprio dolore, ogni giorno, '
                "nell'arco temporale che sta tra il sonno e il risveglio. Il "
                'ponte di accesso a questa via oscura è un grande schermo che '
                'genera visioni: è il cranio di G., il luogo del rimosso, '
                'della trasformazione, o il setaccio della memoria di sequenze '
                'perdute. FAVOLA attraversa i territori della realtà e del '
                'sogno, creando un’osmosi tra i linguaggi specifici del '
                'palcoscenico e della video-art. Ogni episodio è un punto di '
                'snodo della modernità occidentale, un momento chiave per '
                'capire la contraddittoria identità del presente. La “piccola” '
                'storia personale dei protagonisti è una cornice scatenante '
                'che allaccia un’opera in cinque atti (un prologo, tre sogni, '
                'un epilogo) dove il braccio maestro è un teatro politico '
                'poeticamente incastonato nella tragedia dei perdenti, di '
                'coloro che - nella grande Storia - scompaiono affinché sorga '
                'una nuova civiltà, in una parata inarrestabile di '
                'diseguaglianze. Fabrizio Sinisi, enfant prodige della '
                'drammaturgia nazionale, premiato col Premio Nazionale dei '
                'Critici di Teatro, scrive appositamente per Davide Giglio e '
                'Giorgia Cerruti - anime fondatrici della Piccola Compagnia '
                'della Magnolia - un testo abissale e visionario, poetico e '
                'politico, un gran teatro del mondo severamente affacciato su '
                'un barocco postmoderno e fiammeggiante. La creazione di '
                'Piccola Compagnia della Magnolia, ispirata al Calderón di '
                'Pasolini, è idealmente dedicata al poeta friulano. 5 maggio > '
                '10 maggio LA SEMPLICITÀ INGANNATA di e con Marta Cuscunà '
                'co-produzione Centrale Fies, Operaestate Festival Veneto La '
                'Semplicità ingannata riporta alla luce la voce di un gruppo '
                'di giovani donne che, nel Cinquecento, lottarono contro le '
                'convenzioni sociali, rivendicando libertà di pensiero e di '
                'critica nei confronti della cultura maschile. La Semplicità '
                'ingannata parla del destino collettivo di generazioni di '
                'donne e della possibilità di farsi “coro” per cambiarlo. Nel '
                'Cinquecento avere una figlia femmina equivaleva ad una '
                'perdita economica: agli occhi dei padri era una parte del '
                'patrimonio economico della famiglia che andava in fumo al '
                'momento del matrimonio. Una figlia bella e sana era '
                'economicamente vantaggiosa perché poteva essere sposata con '
                'una dote modesta. Una figlia brutta o con qualche difetto '
                'fisico necessitava invece di una dote più salata. Per questo '
                'i padri di famiglia escogitarono una soluzione alternativa '
                'per sistemare le figlie in sovrannumero: la monacazione '
                'forzata. Arcangela Tarabotti e le Clarisse del Santa Chiara '
                "di Udine attuarono una forma di resistenza all'utilizzo delle "
                'vocazioni religiose a fini economici davvero unica nel suo '
                'genere. Queste donne trasformarono il convento in uno spazio '
                'di contestazione, di libertà di pensiero, di dissacrazione '
                'dei dogmi religiosi e della cultura maschile con un fervore '
                "culturale impensabile per l'universo femminile dell'epoca. "
                "L'Inquisizione cercò con forza di ristabilire un ferreo "
                'controllo sulle Clarisse di Udine, ma le monache riuscirono a '
                'resistere per anni facendosi beffe del potere maschile e '
                'creando una sorprendente micro-società tutta al femminile, in '
                'un tempo in cui le donne erano escluse da ogni aspetto '
                'politico ed economico della vita. La semplicità ingannata non '
                'è un documentario ma un progetto artistico dove il teatro è '
                'anche la possibilità di considerare il dato storico come un '
                'punto di partenza per un racconto che abbia come soggetto la '
                'società contemporanea. Questo approccio implica '
                "l'elaborazione di una storia non da una prospettiva "
                'documentaristica ma attraverso una visione artistica e '
                'posizionata, disposta anche a varcare i confini del '
                'conosciuto, del filologico e del politicamente corretto . '
                'dance&performance 16 maggio > 17 maggio THE FRIDAS '
                'coreografia Sofia Nappi in collaborazione con i danzatori '
                'Paolo Piancastelli, Adriano Popolo Rubbio produzione Komoco '
                'The Fridas è un duetto ispirato al dipinto Le due Frida di '
                'Frida Kahlo, ed esplora il complesso tema dell’identità umana '
                'attraverso un rapporto di complicità e contrasto tra due '
                'danzatori. Movimenti speculari e divergenti incarnano '
                'conflitti e armonie interiori, così come l’espressività '
                'fisica e l’uso dello spazio (nel linguaggio Komoco '
                'considerato elemento vivo capace di unire e dividere), '
                'rappresentano due elementi complementari ed essenziali nella '
                'ricerca. Il rapporto tra i due personaggi in scena va però '
                'oltre il semplice dualismo. Attraverso gesti che rivelano '
                'intimità e vulnerabilità, sfidando le convenzioni sulla '
                'mascolinità, i danzatori attraversano stati emotivi e '
                'diventano veicolo espressivo delle migliaia di sfaccettature '
                'contenute in ogni singolo individuo. Il dipinto “esplode”, e '
                "il duetto riflette così l'ambiguità e le molteplici "
                'personalità che contraddistinguono anche Kahlo nella sua '
                'stessa persona: “Dentro di me si nascondono più identità, '
                'sono un mélange. Un mix tra una messicana e un’indigena, ma '
                'anche una messicana e un’europea. Sono una pittrice e una '
                'moglie. Amo le donne e gli uomini […]. Nel mio quadro voglio '
                'rappresentare proprio questo: tutta la mia ambiguità, no, non '
                'l’ambiguità, le mie tante personalità, la mia complessità”. '
                '(Da “L’amante segreto di Frida Kahlo” di Caroline Bernard). '
                'Pensato sia per spazi teatrali che non convenzionali e '
                'museali, The Fridas si presta a essere osservato da diverse '
                'prospettive, aggiungendo così sfumature alla ricerca '
                'sull’essenza umana e celebrandone la complessità. Il finale '
                'invita però a un’accettazione ironica del caos della vita: '
                'attraverso movimenti parodistici i danzatori trovano '
                'nell’umorismo il balsamo per continuare ad affrontare le '
                'sfide dell’esistenza. 19 maggio > 24 maggio METAFORICAMENTE '
                'SCHIROS di Beatrice Schiros e Gabriele Scotti con Beatrice '
                'Schiros coproduzione ATIR – Teatro Carcano con il sostegno di '
                'NEXT ed. 2024/2025 Progetto di Regione Lombardia e Fondazione '
                'Cariplo Un rito psicomagico di ritorno al teatro che diventa '
                'un racconto di vita appassionante, esilarante, commovente. '
                'Non vorrebbe, Beatrice, essere lì sul palco. Eppure qualcosa '
                'accade. Un primo ricordo, un aneddoto, una risata, e il '
                'racconto di un’intera esistenza prende forma, passo dopo '
                'passo, senza soluzione di continuità, attraverso un ventaglio '
                'di episodi, personaggi, pensieri che toccano tutti i temi '
                'dell’umano. Un monologo fuori dai denti e sfacciato, delicato '
                'e amaro, nel mezzo del cammin di nostra vita, in cui Beatrice '
                'fa il punto su di sé e sulla propria esistenza. Un racconto '
                'personalissimo eppure universale, dove ciascuno può trovare '
                'pezzi di sé, tra risate e lacrime, perché tutti ci siamo '
                'imbarcati in relazioni improbabili, abbiamo perso qualcuno di '
                'importante, siamo caduti più e più volte per poi doverci '
                'rialzare, siamo figli e viviamo il grande mistero: i '
                'genitori, cui tanto dobbiamo, nel bene come nel male. Uno '
                'spettacolo dalla forma essenziale e denso di vita, in grado '
                'di portarci al cuore del teatro creando un fortissimo legame '
                'empatico tra attore e pubblico grazie alla sua grande '
                'interprete, Beatrice Schiros, qui per la prima volta anche '
                'autrice insieme al compagno di viaggio Gabriele Scotti. 28 '
                'maggio > 31 maggio TUTTO SHAKESPEARE MINUTO PER MINUTO di '
                'Andrea Cioffi liberamente ispirato a “The complete works of '
                'William Shakespeare” di Adam Long, Daniel Singer e Jess '
                'Winfield regia Andrea Cioffi con Mario Cangiano, Andrea '
                'Cioffi, Sara Guardascione, Davide Mazzella, Simone Mazzella '
                'produzione ARCHÈ, Cercamond Cinque attori sono in scena con '
                "un'unica, bislacca missione: rappresentare tutto il "
                "repertorio di William Shakespeare in meno di un'ora e mezza. "
                'Unico ostacolo a questa impresa, loro stessi: i loro '
                "egocentrismi, l'approccio diverso al teatro per ciascuno di "
                'loro, l’ignoranza e la presunzione mineranno, minuto dopo '
                'minuto, la riuscita di questo esperimento. O no? Tra '
                'citazioni semi-colte, gag improbabili e dialoghi surreali, la '
                'compagnia di scalmanati attori darà vita ad un vero e proprio '
                'gioco con il pubblico in quello che è, a tutti gli effetti, '
                'un atto di amore verso William Shakespeare.',
 'image_url': '//citynews-napolitoday.stgy.ovh/~media/horizontal-mid/10776643993807/15-4.jpg',
 'location_address': 'Via Conte di Ruvo, 14',
 'location_name': 'Teatro Bellini e Piccolo Bellini',
 'price': 'Prezzo non disponibile',
 'scraped_at': '2026-01-28T20:46:37.969124',
 'time_info': 'Orario non disponibile',
 'title': 'Presentata la Stagione 2025-2026 del Teatro Bellini: gli spettacoli '
          'in programma',
 'url': 'https://www.napolitoday.it/eventi/teatro-bellini-napoli-spettacoli-stagione-2025-2026.html',
 'uuid': '5a5610cb1754c93e',
 'website': 'https://www.teatrobellini.it/'}
[2026-01-28T20:47:11.784+0000] {docker.py:429} INFO - 2026-01-28 20:47:11 [scrapy.core.engine] DEBUG: Crawled (200) <GET https://www.napolitoday.it/eventi/cristo-velato-sansevero-tour-visita-esoterica-museo-cappella-sansevero.html> (referer: https://www.napolitoday.it/eventi/dal/2026-01-28/al/2026-02-01/)
[2026-01-28T20:47:11.901+0000] {docker.py:429} INFO - 2026-01-28 20:47:11 [scrapy.core.scraper] DEBUG: Scraped from <200 https://www.napolitoday.it/eventi/cristo-velato-sansevero-tour-visita-esoterica-museo-cappella-sansevero.html>
{'category': 'Escursioni',
 'city': 'Napoli',
 'content_hash': '04caf832fd86d4cb',
 'date_end': '2026-07-31',
 'date_start': '2025-09-09',
 'dates': [{'date': '2025-09-09', 'weekday': 'Martedì'},
           {'date': '2025-09-10', 'weekday': 'Mercoledì'},
           {'date': '2025-09-11', 'weekday': 'Giovedì'},
           {'date': '2025-09-12', 'weekday': 'Venerdì'},
           {'date': '2025-09-13', 'weekday': 'Sabato'},
           {'date': '2025-09-14', 'weekday': 'Domenica'},
           {'date': '2025-09-15', 'weekday': 'Lunedì'},
           {'date': '2025-09-16', 'weekday': 'Martedì'},
           {'date': '2025-09-17', 'weekday': 'Mercoledì'},
           {'date': '2025-09-18', 'weekday': 'Giovedì'},
           {'date': '2025-09-19', 'weekday': 'Venerdì'},
           {'date': '2025-09-20', 'weekday': 'Sabato'},
           {'date': '2025-09-21', 'weekday': 'Domenica'},
           {'date': '2025-09-22', 'weekday': 'Lunedì'},
           {'date': '2025-09-23', 'weekday': 'Martedì'},
           {'date': '2025-09-24', 'weekday': 'Mercoledì'},
           {'date': '2025-09-25', 'weekday': 'Giovedì'},
           {'date': '2025-09-26', 'weekday': 'Venerdì'},
           {'date': '2025-09-27', 'weekday': 'Sabato'},
           {'date': '2025-09-28', 'weekday': 'Domenica'},
           {'date': '2025-09-29', 'weekday': 'Lunedì'},
           {'date': '2025-09-30', 'weekday': 'Martedì'},
           {'date': '2025-10-01', 'weekday': 'Mercoledì'},
           {'date': '2025-10-02', 'weekday': 'Giovedì'},
           {'date': '2025-10-03', 'weekday': 'Venerdì'},
           {'date': '2025-10-04', 'weekday': 'Sabato'},
           {'date': '2025-10-05', 'weekday': 'Domenica'},
           {'date': '2025-10-06', 'weekday': 'Lunedì'},
           {'date': '2025-10-07', 'weekday': 'Martedì'},
           {'date': '2025-10-08', 'weekday': 'Mercoledì'},
           {'date': '2025-10-09', 'weekday': 'Giovedì'},
           {'date': '2025-10-10', 'weekday': 'Venerdì'},
           {'date': '2025-10-11', 'weekday': 'Sabato'},
           {'date': '2025-10-12', 'weekday': 'Domenica'},
           {'date': '2025-10-13', 'weekday': 'Lunedì'},
           {'date': '2025-10-14', 'weekday': 'Martedì'},
           {'date': '2025-10-15', 'weekday': 'Mercoledì'},
           {'date': '2025-10-16', 'weekday': 'Giovedì'},
           {'date': '2025-10-17', 'weekday': 'Venerdì'},
           {'date': '2025-10-18', 'weekday': 'Sabato'},
           {'date': '2025-10-19', 'weekday': 'Domenica'},
           {'date': '2025-10-20', 'weekday': 'Lunedì'},
           {'date': '2025-10-21', 'weekday': 'Martedì'},
           {'date': '2025-10-22', 'weekday': 'Mercoledì'},
           {'date': '2025-10-23', 'weekday': 'Giovedì'},
           {'date': '2025-10-24', 'weekday': 'Venerdì'},
           {'date': '2025-10-25', 'weekday': 'Sabato'},
           {'date': '2025-10-26', 'weekday': 'Domenica'},
           {'date': '2025-10-27', 'weekday': 'Lunedì'},
           {'date': '2025-10-28', 'weekday': 'Martedì'},
           {'date': '2025-10-29', 'weekday': 'Mercoledì'},
           {'date': '2025-10-30', 'weekday': 'Giovedì'},
           {'date': '2025-10-31', 'weekday': 'Venerdì'},
           {'date': '2025-11-01', 'weekday': 'Sabato'},
           {'date': '2025-11-02', 'weekday': 'Domenica'},
           {'date': '2025-11-03', 'weekday': 'Lunedì'},
           {'date': '2025-11-04', 'weekday': 'Martedì'},
           {'date': '2025-11-05', 'weekday': 'Mercoledì'},
           {'date': '2025-11-06', 'weekday': 'Giovedì'},
           {'date': '2025-11-07', 'weekday': 'Venerdì'},
           {'date': '2025-11-08', 'weekday': 'Sabato'},
           {'date': '2025-11-09', 'weekday': 'Domenica'},
           {'date': '2025-11-10', 'weekday': 'Lunedì'},
           {'date': '2025-11-11', 'weekday': 'Martedì'},
           {'date': '2025-11-12', 'weekday': 'Mercoledì'},
           {'date': '2025-11-13', 'weekday': 'Giovedì'},
           {'date': '2025-11-14', 'weekday': 'Venerdì'},
           {'date': '2025-11-15', 'weekday': 'Sabato'},
           {'date': '2025-11-16', 'weekday': 'Domenica'},
           {'date': '2025-11-17', 'weekday': 'Lunedì'},
           {'date': '2025-11-18', 'weekday': 'Martedì'},
           {'date': '2025-11-19', 'weekday': 'Mercoledì'},
           {'date': '2025-11-20', 'weekday': 'Giovedì'},
           {'date': '2025-11-21', 'weekday': 'Venerdì'},
           {'date': '2025-11-22', 'weekday': 'Sabato'},
           {'date': '2025-11-23', 'weekday': 'Domenica'},
           {'date': '2025-11-24', 'weekday': 'Lunedì'},
           {'date': '2025-11-25', 'weekday': 'Martedì'},
           {'date': '2025-11-26', 'weekday': 'Mercoledì'},
           {'date': '2025-11-27', 'weekday': 'Giovedì'},
           {'date': '2025-11-28', 'weekday': 'Venerdì'},
           {'date': '2025-11-29', 'weekday': 'Sabato'},
           {'date': '2025-11-30', 'weekday': 'Domenica'},
           {'date': '2025-12-01', 'weekday': 'Lunedì'},
           {'date': '2025-12-02', 'weekday': 'Martedì'},
           {'date': '2025-12-03', 'weekday': 'Mercoledì'},
           {'date': '2025-12-04', 'weekday': 'Giovedì'},
           {'date': '2025-12-05', 'weekday': 'Venerdì'},
           {'date': '2025-12-06', 'weekday': 'Sabato'},
           {'date': '2025-12-07', 'weekday': 'Domenica'},
           {'date': '2025-12-08', 'weekday': 'Lunedì'},
           {'date': '2025-12-09', 'weekday': 'Martedì'},
           {'date': '2025-12-10', 'weekday': 'Mercoledì'},
           {'date': '2025-12-11', 'weekday': 'Giovedì'},
           {'date': '2025-12-12', 'weekday': 'Venerdì'},
           {'date': '2025-12-13', 'weekday': 'Sabato'},
           {'date': '2025-12-14', 'weekday': 'Domenica'},
           {'date': '2025-12-15', 'weekday': 'Lunedì'},
           {'date': '2025-12-16', 'weekday': 'Martedì'},
           {'date': '2025-12-17', 'weekday': 'Mercoledì'},
           {'date': '2025-12-18', 'weekday': 'Giovedì'},
           {'date': '2025-12-19', 'weekday': 'Venerdì'},
           {'date': '2025-12-20', 'weekday': 'Sabato'},
           {'date': '2025-12-21', 'weekday': 'Domenica'},
           {'date': '2025-12-22', 'weekday': 'Lunedì'},
           {'date': '2025-12-23', 'weekday': 'Martedì'},
           {'date': '2025-12-24', 'weekday': 'Mercoledì'},
           {'date': '2025-12-25', 'weekday': 'Giovedì'},
           {'date': '2025-12-26', 'weekday': 'Venerdì'},
           {'date': '2025-12-27', 'weekday': 'Sabato'},
           {'date': '2025-12-28', 'weekday': 'Domenica'},
           {'date': '2025-12-29', 'weekday': 'Lunedì'},
           {'date': '2025-12-30', 'weekday': 'Martedì'},
           {'date': '2025-12-31', 'weekday': 'Mercoledì'},
           {'date': '2026-01-01', 'weekday': 'Giovedì'},
           {'date': '2026-01-02', 'weekday': 'Venerdì'},
           {'date': '2026-01-03', 'weekday': 'Sabato'},
           {'date': '2026-01-04', 'weekday': 'Domenica'},
           {'date': '2026-01-05', 'weekday': 'Lunedì'},
           {'date': '2026-01-06', 'weekday': 'Martedì'},
           {'date': '2026-01-07', 'weekday': 'Mercoledì'},
           {'date': '2026-01-08', 'weekday': 'Giovedì'},
           {'date': '2026-01-09', 'weekday': 'Venerdì'},
           {'date': '2026-01-10', 'weekday': 'Sabato'},
           {'date': '2026-01-11', 'weekday': 'Domenica'},
           {'date': '2026-01-12', 'weekday': 'Lunedì'},
           {'date': '2026-01-13', 'weekday': 'Martedì'},
           {'date': '2026-01-14', 'weekday': 'Mercoledì'},
           {'date': '2026-01-15', 'weekday': 'Giovedì'},
           {'date': '2026-01-16', 'weekday': 'Venerdì'},
           {'date': '2026-01-17', 'weekday': 'Sabato'},
           {'date': '2026-01-18', 'weekday': 'Domenica'},
           {'date': '2026-01-19', 'weekday': 'Lunedì'},
           {'date': '2026-01-20', 'weekday': 'Martedì'},
           {'date': '2026-01-21', 'weekday': 'Mercoledì'},
           {'date': '2026-01-22', 'weekday': 'Giovedì'},
           {'date': '2026-01-23', 'weekday': 'Venerdì'},
           {'date': '2026-01-24', 'weekday': 'Sabato'},
           {'date': '2026-01-25', 'weekday': 'Domenica'},
           {'date': '2026-01-26', 'weekday': 'Lunedì'},
           {'date': '2026-01-27', 'weekday': 'Martedì'},
           {'date': '2026-01-28', 'weekday': 'Mercoledì'},
           {'date': '2026-01-29', 'weekday': 'Giovedì'},
           {'date': '2026-01-30', 'weekday': 'Venerdì'},
           {'date': '2026-01-31', 'weekday': 'Sabato'},
           {'date': '2026-02-01', 'weekday': 'Domenica'},
           {'date': '2026-02-02', 'weekday': 'Lunedì'},
           {'date': '2026-02-03', 'weekday': 'Martedì'},
           {'date': '2026-02-04', 'weekday': 'Mercoledì'},
           {'date': '2026-02-05', 'weekday': 'Giovedì'},
           {'date': '2026-02-06', 'weekday': 'Venerdì'},
           {'date': '2026-02-07', 'weekday': 'Sabato'},
           {'date': '2026-02-08', 'weekday': 'Domenica'},
           {'date': '2026-02-09', 'weekday': 'Lunedì'},
           {'date': '2026-02-10', 'weekday': 'Martedì'},
           {'date': '2026-02-11', 'weekday': 'Mercoledì'},
           {'date': '2026-02-12', 'weekday': 'Giovedì'},
           {'date': '2026-02-13', 'weekday': 'Venerdì'},
           {'date': '2026-02-14', 'weekday': 'Sabato'},
           {'date': '2026-02-15', 'weekday': 'Domenica'},
           {'date': '2026-02-16', 'weekday': 'Lunedì'},
           {'date': '2026-02-17', 'weekday': 'Martedì'},
           {'date': '2026-02-18', 'weekday': 'Mercoledì'},
           {'date': '2026-02-19', 'weekday': 'Giovedì'},
           {'date': '2026-02-20', 'weekday': 'Venerdì'},
           {'date': '2026-02-21', 'weekday': 'Sabato'},
           {'date': '2026-02-22', 'weekday': 'Domenica'},
           {'date': '2026-02-23', 'weekday': 'Lunedì'},
           {'date': '2026-02-24', 'weekday': 'Martedì'},
           {'date': '2026-02-25', 'weekday': 'Mercoledì'},
           {'date': '2026-02-26', 'weekday': 'Giovedì'},
           {'date': '2026-02-27', 'weekday': 'Venerdì'},
           {'date': '2026-02-28', 'weekday': 'Sabato'},
           {'date': '2026-03-01', 'weekday': 'Domenica'},
           {'date': '2026-03-02', 'weekday': 'Lunedì'},
           {'date': '2026-03-03', 'weekday': 'Martedì'},
           {'date': '2026-03-04', 'weekday': 'Mercoledì'},
           {'date': '2026-03-05', 'weekday': 'Giovedì'},
           {'date': '2026-03-06', 'weekday': 'Venerdì'},
           {'date': '2026-03-07', 'weekday': 'Sabato'},
           {'date': '2026-03-08', 'weekday': 'Domenica'},
           {'date': '2026-03-09', 'weekday': 'Lunedì'},
           {'date': '2026-03-10', 'weekday': 'Martedì'},
           {'date': '2026-03-11', 'weekday': 'Mercoledì'},
           {'date': '2026-03-12', 'weekday': 'Giovedì'},
           {'date': '2026-03-13', 'weekday': 'Venerdì'},
           {'date': '2026-03-14', 'weekday': 'Sabato'},
           {'date': '2026-03-15', 'weekday': 'Domenica'},
           {'date': '2026-03-16', 'weekday': 'Lunedì'},
           {'date': '2026-03-17', 'weekday': 'Martedì'},
           {'date': '2026-03-18', 'weekday': 'Mercoledì'},
           {'date': '2026-03-19', 'weekday': 'Giovedì'},
           {'date': '2026-03-20', 'weekday': 'Venerdì'},
           {'date': '2026-03-21', 'weekday': 'Sabato'},
           {'date': '2026-03-22', 'weekday': 'Domenica'},
           {'date': '2026-03-23', 'weekday': 'Lunedì'},
           {'date': '2026-03-24', 'weekday': 'Martedì'},
           {'date': '2026-03-25', 'weekday': 'Mercoledì'},
           {'date': '2026-03-26', 'weekday': 'Giovedì'},
           {'date': '2026-03-27', 'weekday': 'Venerdì'},
           {'date': '2026-03-28', 'weekday': 'Sabato'},
           {'date': '2026-03-29', 'weekday': 'Domenica'},
           {'date': '2026-03-30', 'weekday': 'Lunedì'},
           {'date': '2026-03-31', 'weekday': 'Martedì'},
           {'date': '2026-04-01', 'weekday': 'Mercoledì'},
           {'date': '2026-04-02', 'weekday': 'Giovedì'},
           {'date': '2026-04-03', 'weekday': 'Venerdì'},
           {'date': '2026-04-04', 'weekday': 'Sabato'},
           {'date': '2026-04-05', 'weekday': 'Domenica'},
           {'date': '2026-04-06', 'weekday': 'Lunedì'},
           {'date': '2026-04-07', 'weekday': 'Martedì'},
           {'date': '2026-04-08', 'weekday': 'Mercoledì'},
           {'date': '2026-04-09', 'weekday': 'Giovedì'},
           {'date': '2026-04-10', 'weekday': 'Venerdì'},
           {'date': '2026-04-11', 'weekday': 'Sabato'},
           {'date': '2026-04-12', 'weekday': 'Domenica'},
           {'date': '2026-04-13', 'weekday': 'Lunedì'},
           {'date': '2026-04-14', 'weekday': 'Martedì'},
           {'date': '2026-04-15', 'weekday': 'Mercoledì'},
           {'date': '2026-04-16', 'weekday': 'Giovedì'},
           {'date': '2026-04-17', 'weekday': 'Venerdì'},
           {'date': '2026-04-18', 'weekday': 'Sabato'},
           {'date': '2026-04-19', 'weekday': 'Domenica'},
           {'date': '2026-04-20', 'weekday': 'Lunedì'},
           {'date': '2026-04-21', 'weekday': 'Martedì'},
           {'date': '2026-04-22', 'weekday': 'Mercoledì'},
           {'date': '2026-04-23', 'weekday': 'Giovedì'},
           {'date': '2026-04-24', 'weekday': 'Venerdì'},
           {'date': '2026-04-25', 'weekday': 'Sabato'},
           {'date': '2026-04-26', 'weekday': 'Domenica'},
           {'date': '2026-04-27', 'weekday': 'Lunedì'},
           {'date': '2026-04-28', 'weekday': 'Martedì'},
           {'date': '2026-04-29', 'weekday': 'Mercoledì'},
           {'date': '2026-04-30', 'weekday': 'Giovedì'},
           {'date': '2026-05-01', 'weekday': 'Venerdì'},
           {'date': '2026-05-02', 'weekday': 'Sabato'},
           {'date': '2026-05-03', 'weekday': 'Domenica'},
           {'date': '2026-05-04', 'weekday': 'Lunedì'},
           {'date': '2026-05-05', 'weekday': 'Martedì'},
           {'date': '2026-05-06', 'weekday': 'Mercoledì'},
           {'date': '2026-05-07', 'weekday': 'Giovedì'},
           {'date': '2026-05-08', 'weekday': 'Venerdì'},
           {'date': '2026-05-09', 'weekday': 'Sabato'},
           {'date': '2026-05-10', 'weekday': 'Domenica'},
           {'date': '2026-05-11', 'weekday': 'Lunedì'},
           {'date': '2026-05-12', 'weekday': 'Martedì'},
           {'date': '2026-05-13', 'weekday': 'Mercoledì'},
           {'date': '2026-05-14', 'weekday': 'Giovedì'},
           {'date': '2026-05-15', 'weekday': 'Venerdì'},
           {'date': '2026-05-16', 'weekday': 'Sabato'},
           {'date': '2026-05-17', 'weekday': 'Domenica'},
           {'date': '2026-05-18', 'weekday': 'Lunedì'},
           {'date': '2026-05-19', 'weekday': 'Martedì'},
           {'date': '2026-05-20', 'weekday': 'Mercoledì'},
           {'date': '2026-05-21', 'weekday': 'Giovedì'},
           {'date': '2026-05-22', 'weekday': 'Venerdì'},
           {'date': '2026-05-23', 'weekday': 'Sabato'},
           {'date': '2026-05-24', 'weekday': 'Domenica'},
           {'date': '2026-05-25', 'weekday': 'Lunedì'},
           {'date': '2026-05-26', 'weekday': 'Martedì'},
           {'date': '2026-05-27', 'weekday': 'Mercoledì'},
           {'date': '2026-05-28', 'weekday': 'Giovedì'},
           {'date': '2026-05-29', 'weekday': 'Venerdì'},
           {'date': '2026-05-30', 'weekday': 'Sabato'},
           {'date': '2026-05-31', 'weekday': 'Domenica'},
           {'date': '2026-06-01', 'weekday': 'Lunedì'},
           {'date': '2026-06-02', 'weekday': 'Martedì'},
           {'date': '2026-06-03', 'weekday': 'Mercoledì'},
           {'date': '2026-06-04', 'weekday': 'Giovedì'},
           {'date': '2026-06-05', 'weekday': 'Venerdì'},
           {'date': '2026-06-06', 'weekday': 'Sabato'},
           {'date': '2026-06-07', 'weekday': 'Domenica'},
           {'date': '2026-06-08', 'weekday': 'Lunedì'},
           {'date': '2026-06-09', 'weekday': 'Martedì'},
           {'date': '2026-06-10', 'weekday': 'Mercoledì'},
           {'date': '2026-06-11', 'weekday': 'Giovedì'},
           {'date': '2026-06-12', 'weekday': 'Venerdì'},
           {'date': '2026-06-13', 'weekday': 'Sabato'},
           {'date': '2026-06-14', 'weekday': 'Domenica'},
           {'date': '2026-06-15', 'weekday': 'Lunedì'},
           {'date': '2026-06-16', 'weekday': 'Martedì'},
           {'date': '2026-06-17', 'weekday': 'Mercoledì'},
           {'date': '2026-06-18', 'weekday': 'Giovedì'},
           {'date': '2026-06-19', 'weekday': 'Venerdì'},
           {'date': '2026-06-20', 'weekday': 'Sabato'},
           {'date': '2026-06-21', 'weekday': 'Domenica'},
           {'date': '2026-06-22', 'weekday': 'Lunedì'},
           {'date': '2026-06-23', 'weekday': 'Martedì'},
           {'date': '2026-06-24', 'weekday': 'Mercoledì'},
           {'date': '2026-06-25', 'weekday': 'Giovedì'},
           {'date': '2026-06-26', 'weekday': 'Venerdì'},
           {'date': '2026-06-27', 'weekday': 'Sabato'},
           {'date': '2026-06-28', 'weekday': 'Domenica'},
           {'date': '2026-06-29', 'weekday': 'Lunedì'},
           {'date': '2026-06-30', 'weekday': 'Martedì'},
           {'date': '2026-07-01', 'weekday': 'Mercoledì'},
           {'date': '2026-07-02', 'weekday': 'Giovedì'},
           {'date': '2026-07-03', 'weekday': 'Venerdì'},
           {'date': '2026-07-04', 'weekday': 'Sabato'},
           {'date': '2026-07-05', 'weekday': 'Domenica'},
           {'date': '2026-07-06', 'weekday': 'Lunedì'},
           {'date': '2026-07-07', 'weekday': 'Martedì'},
           {'date': '2026-07-08', 'weekday': 'Mercoledì'},
           {'date': '2026-07-09', 'weekday': 'Giovedì'},
           {'date': '2026-07-10', 'weekday': 'Venerdì'},
           {'date': '2026-07-11', 'weekday': 'Sabato'},
           {'date': '2026-07-12', 'weekday': 'Domenica'},
           {'date': '2026-07-13', 'weekday': 'Lunedì'},
           {'date': '2026-07-14', 'weekday': 'Martedì'},
           {'date': '2026-07-15', 'weekday': 'Mercoledì'},
           {'date': '2026-07-16', 'weekday': 'Giovedì'},
           {'date': '2026-07-17', 'weekday': 'Venerdì'},
           {'date': '2026-07-18', 'weekday': 'Sabato'},
           {'date': '2026-07-19', 'weekday': 'Domenica'},
           {'date': '2026-07-20', 'weekday': 'Lunedì'},
           {'date': '2026-07-21', 'weekday': 'Martedì'},
           {'date': '2026-07-22', 'weekday': 'Mercoledì'},
           {'date': '2026-07-23', 'weekday': 'Giovedì'},
           {'date': '2026-07-24', 'weekday': 'Venerdì'},
           {'date': '2026-07-25', 'weekday': 'Sabato'},
           {'date': '2026-07-26', 'weekday': 'Domenica'},
           {'date': '2026-07-27', 'weekday': 'Lunedì'},
           {'date': '2026-07-28', 'weekday': 'Martedì'},
           {'date': '2026-07-29', 'weekday': 'Mercoledì'},
           {'date': '2026-07-30', 'weekday': 'Giovedì'},
           {'date': '2026-07-31', 'weekday': 'Venerdì'}],
 'description': "L' Associazione De Rebus Neapolis è lieta di proporvi "
                "un'esperienza unica dedicando un tour al MUSEO CAPPELLA "
                "SANSEVERO con un'esperta che porterà i partecipanti nei "
                'misteri alchemici del Principe Raimondo De Sangro. - VISITA '
                'PRIVATA SOLO SU PRENOTAZIONE ESCLUSO BIGLIETTI MUSEO Prima '
                "che procediate all'acquisto online dei biglietti sul sito web "
                'del Museo Cappella Sansevero (Link di seguito), è necessario '
                'chiamare o inviare un messaggio al nostro unico recapito '
                'telefonico per accertare la disponibilità della guida nel '
                'giorno da voi scelto: +39 3511258465 Link di prenotazione al '
                'Museo Cappella Sansevero: https://ticket.museosansevero.it/ '
                'QUOTA UNICA NON A PERSONA - Fino a 5 persone €60 (unica '
                'quota) (Es. Una persona o 5 persone pagano sempre euro 60) - '
                'Da 6 a 9 persone €100 (unica quota) - Da 10 pax in poi il '
                "Museo vuole un' unica prenotazione al link: "
                'https://ticket.museosansevero.it/eventi/ingresso-gruppi/ - Da '
                '10 a 15 persone €160 (unica quota) - Da 16 a 21 persone €220 '
                '(unica quota) - Da 22 a 30 persone €300 (unica quota) La '
                'quota comprende: La quota si intende per il solo servizio '
                'guida con supporto radio in collegamento con la guida + '
                'auricolari monouso. Tale contributo non comprende il costo '
                'del biglietto di ingresso del Museo Cappella Sansevero. Il '
                'pagamento della sola visita guidata potrà essere effettuato '
                'tramite bonifico bancario o direttamente sul posto in '
                "contanti all'inizio della visita guidata. Al ricevimento del "
                'pagamento verrà rilasciata regolare fattura o ricevuta. Per '
                'maggiori informazioni: 3511258465 Scopri di più: '
                'https://derebusneapolis.com/it/tour-esoterici-napoli/7_sansevero-tour',
 'image_url': '//citynews-napolitoday.stgy.ovh/~media/horizontal-mid/25593879936906/cristo-velato-sansevero-tour-visita-esoterica-al-museo-cappella-sansevero.jpg',
 'location_address': 'Piazza San Domenico Maggiore',
 'location_name': 'Centro antico di Napoli',
 'price': 'Da €60',
 'scraped_at': '2026-01-28T20:46:37.968701',
 'time_info': 'Da concordare',
 'title': 'Cristo Velato Sansevero Tour: visita esoterica al Museo Cappella '
          'Sansevero',
 'url': 'https://www.napolitoday.it/eventi/cristo-velato-sansevero-tour-visita-esoterica-museo-cappella-sansevero.html',
 'uuid': 'b9fabfc20b9dffbf',
 'website': 'https://www.derebusneapolis.com'}
[2026-01-28T20:47:12.642+0000] {docker.py:429} INFO - 2026-01-28 20:47:12 [scrapy.core.engine] DEBUG: Crawled (200) <GET https://www.napolitoday.it/eventi/sorrento-luoghi-di-lucio-passeggiate-aprile-maggio-2023.html> (referer: https://www.napolitoday.it/eventi/dal/2026-01-28/al/2026-02-01/)
[2026-01-28T20:47:12.772+0000] {logging_mixin.py:188} WARNING - --- Logging error ---
[2026-01-28T20:47:12.775+0000] {logging_mixin.py:188} WARNING - Traceback (most recent call last):
[2026-01-28T20:47:12.776+0000] {logging_mixin.py:188} WARNING -   File "/home/airflow/.local/lib/python3.11/site-packages/docker/api/client.py", line 265, in _raise_for_status
    response.raise_for_status()
[2026-01-28T20:47:12.776+0000] {logging_mixin.py:188} WARNING -   File "/home/airflow/.local/lib/python3.11/site-packages/requests/models.py", line 1021, in raise_for_status
    raise HTTPError(http_error_msg, response=self)
[2026-01-28T20:47:12.776+0000] {logging_mixin.py:188} WARNING - requests.exceptions.HTTPError: 400 Client Error: Bad Request for url: http+docker://localhost/v1.52/containers/create
[2026-01-28T20:47:12.777+0000] {logging_mixin.py:188} WARNING - 
The above exception was the direct cause of the following exception:
[2026-01-28T20:47:12.777+0000] {logging_mixin.py:188} WARNING - Traceback (most recent call last):
[2026-01-28T20:47:12.777+0000] {logging_mixin.py:188} WARNING -   File "/home/airflow/.local/lib/python3.11/site-packages/airflow/providers/docker/operators/docker.py", line 364, in _run_image
    return self._run_image_with_mounts([*self.mounts, tmp_mount], add_tmp_variable=True)
           ^^^^^^^^^^^^^^^^^^^^^^^^^^^^^^^^^^^^^^^^^^^^^^^^^^^^^^^^^^^^^^^^^^^^^^^^^^^^^
[2026-01-28T20:47:12.778+0000] {logging_mixin.py:188} WARNING -   File "/home/airflow/.local/lib/python3.11/site-packages/airflow/providers/docker/operators/docker.py", line 391, in _run_image_with_mounts
    self.container = self.cli.create_container(
                     ^^^^^^^^^^^^^^^^^^^^^^^^^^
[2026-01-28T20:47:12.778+0000] {logging_mixin.py:188} WARNING -   File "/home/airflow/.local/lib/python3.11/site-packages/docker/api/container.py", line 439, in create_container
    return self.create_container_from_config(config, name, platform)
           ^^^^^^^^^^^^^^^^^^^^^^^^^^^^^^^^^^^^^^^^^^^^^^^^^^^^^^^^^
[2026-01-28T20:47:12.778+0000] {logging_mixin.py:188} WARNING -   File "/home/airflow/.local/lib/python3.11/site-packages/docker/api/container.py", line 456, in create_container_from_config
    return self._result(res, True)
           ^^^^^^^^^^^^^^^^^^^^^^^
[2026-01-28T20:47:12.778+0000] {logging_mixin.py:188} WARNING -   File "/home/airflow/.local/lib/python3.11/site-packages/docker/api/client.py", line 271, in _result
    self._raise_for_status(response)
[2026-01-28T20:47:12.779+0000] {logging_mixin.py:188} WARNING -   File "/home/airflow/.local/lib/python3.11/site-packages/docker/api/client.py", line 267, in _raise_for_status
    raise create_api_error_from_http_exception(e) from e
          ^^^^^^^^^^^^^^^^^^^^^^^^^^^^^^^^^^^^^^^
[2026-01-28T20:47:12.779+0000] {logging_mixin.py:188} WARNING -   File "/home/airflow/.local/lib/python3.11/site-packages/docker/errors.py", line 39, in create_api_error_from_http_exception
    raise cls(e, response=response, explanation=explanation) from e
[2026-01-28T20:47:12.779+0000] {logging_mixin.py:188} WARNING - docker.errors.APIError: 400 Client Error for http+docker://localhost/v1.52/containers/create: Bad Request ("invalid mount config for type "bind": bind source path does not exist: /host_mnt/private/tmp/airflowtmptx0u303w")
[2026-01-28T20:47:12.779+0000] {logging_mixin.py:188} WARNING - 
During handling of the above exception, another exception occurred:
[2026-01-28T20:47:12.779+0000] {logging_mixin.py:188} WARNING - Traceback (most recent call last):
[2026-01-28T20:47:12.780+0000] {logging_mixin.py:188} WARNING -   File "/home/airflow/.local/lib/python3.11/site-packages/airflow/utils/log/secrets_masker.py", line 264, in _redact
    return self.replacer.sub("***", str(item))
           ^^^^^^^^^^^^^^^^^^^^^^^^^^^^^^^^^^^
[2026-01-28T20:47:12.780+0000] {logging_mixin.py:188} WARNING -   File "/home/airflow/.local/lib/python3.11/site-packages/re2.py", line 291, in sub
    joined_pieces, _ = self.subn(repl, text, count)
                       ^^^^^^^^^^^^^^^^^^^^^^^^^^^^
[2026-01-28T20:47:12.780+0000] {logging_mixin.py:188} WARNING -   File "/home/airflow/.local/lib/python3.11/site-packages/re2.py", line 286, in subn
    pieces, numsplit = self._split(cb, text, count)
                       ^^^^^^^^^^^^^^^^^^^^^^^^^^^^
[2026-01-28T20:47:12.780+0000] {logging_mixin.py:188} WARNING -   File "/home/airflow/.local/lib/python3.11/site-packages/re2.py", line 270, in _split
    for match in matchiter:
[2026-01-28T20:47:12.781+0000] {logging_mixin.py:188} WARNING -   File "/home/airflow/.local/lib/python3.11/site-packages/re2.py", line 173, in _match
    encoded_text = _encode(text)
                   ^^^^^^^^^^^^^
[2026-01-28T20:47:12.781+0000] {logging_mixin.py:188} WARNING -   File "/home/airflow/.local/lib/python3.11/site-packages/re2.py", line 105, in _encode
    return t.encode(encoding='utf-8')
           ^^^^^^^^^^^^^^^^^^^^^^^^^^
[2026-01-28T20:47:12.781+0000] {logging_mixin.py:188} WARNING - UnicodeEncodeError: 'utf-8' codec can't encode character '\udcc3' in position 14297: surrogates not allowed
[2026-01-28T20:47:12.781+0000] {logging_mixin.py:188} WARNING - 
During handling of the above exception, another exception occurred:
[2026-01-28T20:47:12.782+0000] {logging_mixin.py:188} WARNING - Traceback (most recent call last):
[2026-01-28T20:47:12.782+0000] {logging_mixin.py:188} WARNING -   File "/usr/local/lib/python3.11/logging/__init__.py", line 1113, in emit
    stream.write(msg + self.terminator)
[2026-01-28T20:47:12.782+0000] {logging_mixin.py:188} WARNING - UnicodeEncodeError: 'utf-8' codec can't encode character '\udcc3' in position 14393: surrogates not allowed
[2026-01-28T20:47:12.782+0000] {logging_mixin.py:188} WARNING - Call stack:
[2026-01-28T20:47:12.785+0000] {logging_mixin.py:188} WARNING -   File "/home/airflow/.local/bin/airflow", line 8, in <module>
    sys.exit(main())
[2026-01-28T20:47:12.785+0000] {logging_mixin.py:188} WARNING -   File "/home/airflow/.local/lib/python3.11/site-packages/airflow/__main__.py", line 57, in main
    args.func(args)
[2026-01-28T20:47:12.785+0000] {logging_mixin.py:188} WARNING -   File "/home/airflow/.local/lib/python3.11/site-packages/airflow/cli/cli_config.py", line 49, in command
    return func(*args, **kwargs)
[2026-01-28T20:47:12.786+0000] {logging_mixin.py:188} WARNING -   File "/home/airflow/.local/lib/python3.11/site-packages/airflow/utils/cli.py", line 114, in wrapper
    return f(*args, **kwargs)
[2026-01-28T20:47:12.786+0000] {logging_mixin.py:188} WARNING -   File "/home/airflow/.local/lib/python3.11/site-packages/airflow/utils/providers_configuration_loader.py", line 55, in wrapped_function
    return func(*args, **kwargs)
[2026-01-28T20:47:12.786+0000] {logging_mixin.py:188} WARNING -   File "/home/airflow/.local/lib/python3.11/site-packages/airflow/cli/commands/scheduler_command.py", line 67, in scheduler
    run_command_with_daemon_option(
[2026-01-28T20:47:12.786+0000] {logging_mixin.py:188} WARNING -   File "/home/airflow/.local/lib/python3.11/site-packages/airflow/cli/commands/daemon_utils.py", line 86, in run_command_with_daemon_option
    callback()
[2026-01-28T20:47:12.787+0000] {logging_mixin.py:188} WARNING -   File "/home/airflow/.local/lib/python3.11/site-packages/airflow/cli/commands/scheduler_command.py", line 70, in <lambda>
    callback=lambda: _run_scheduler_job(args),
[2026-01-28T20:47:12.787+0000] {logging_mixin.py:188} WARNING -   File "/home/airflow/.local/lib/python3.11/site-packages/airflow/cli/commands/scheduler_command.py", line 52, in _run_scheduler_job
    run_job(job=job_runner.job, execute_callable=job_runner._execute)
[2026-01-28T20:47:12.787+0000] {logging_mixin.py:188} WARNING -   File "/home/airflow/.local/lib/python3.11/site-packages/airflow/utils/session.py", line 79, in wrapper
    return func(*args, session=session, **kwargs)
[2026-01-28T20:47:12.787+0000] {logging_mixin.py:188} WARNING -   File "/home/airflow/.local/lib/python3.11/site-packages/airflow/jobs/job.py", line 393, in run_job
    return execute_job(job, execute_callable=execute_callable)
[2026-01-28T20:47:12.787+0000] {logging_mixin.py:188} WARNING -   File "/home/airflow/.local/lib/python3.11/site-packages/airflow/jobs/job.py", line 422, in execute_job
    ret = execute_callable()
[2026-01-28T20:47:12.787+0000] {logging_mixin.py:188} WARNING -   File "/home/airflow/.local/lib/python3.11/site-packages/airflow/jobs/scheduler_job_runner.py", line 846, in _execute
    self.job.executor.start()
[2026-01-28T20:47:12.788+0000] {logging_mixin.py:188} WARNING -   File "/home/airflow/.local/lib/python3.11/site-packages/airflow/executors/local_executor.py", line 372, in start
    self.impl.start()
[2026-01-28T20:47:12.788+0000] {logging_mixin.py:188} WARNING -   File "/home/airflow/.local/lib/python3.11/site-packages/airflow/executors/local_executor.py", line 311, in start
    worker.start()
[2026-01-28T20:47:12.788+0000] {logging_mixin.py:188} WARNING -   File "/usr/local/lib/python3.11/multiprocessing/process.py", line 121, in start
    self._popen = self._Popen(self)
[2026-01-28T20:47:12.788+0000] {logging_mixin.py:188} WARNING -   File "/usr/local/lib/python3.11/multiprocessing/context.py", line 224, in _Popen
    return _default_context.get_context().Process._Popen(process_obj)
[2026-01-28T20:47:12.788+0000] {logging_mixin.py:188} WARNING -   File "/usr/local/lib/python3.11/multiprocessing/context.py", line 281, in _Popen
    return Popen(process_obj)
[2026-01-28T20:47:12.789+0000] {logging_mixin.py:188} WARNING -   File "/usr/local/lib/python3.11/multiprocessing/popen_fork.py", line 19, in __init__
    self._launch(process_obj)
[2026-01-28T20:47:12.789+0000] {logging_mixin.py:188} WARNING -   File "/usr/local/lib/python3.11/multiprocessing/popen_fork.py", line 71, in _launch
    code = process_obj._bootstrap(parent_sentinel=child_r)
[2026-01-28T20:47:12.789+0000] {logging_mixin.py:188} WARNING -   File "/usr/local/lib/python3.11/multiprocessing/process.py", line 314, in _bootstrap
    self.run()
[2026-01-28T20:47:12.789+0000] {logging_mixin.py:188} WARNING -   File "/home/airflow/.local/lib/python3.11/site-packages/airflow/executors/local_executor.py", line 77, in run
    return super().run()
[2026-01-28T20:47:12.789+0000] {logging_mixin.py:188} WARNING -   File "/usr/local/lib/python3.11/multiprocessing/process.py", line 108, in run
    self._target(*self._args, **self._kwargs)
[2026-01-28T20:47:12.790+0000] {logging_mixin.py:188} WARNING -   File "/home/airflow/.local/lib/python3.11/site-packages/airflow/executors/local_executor.py", line 201, in do_work
    self.execute_work(key=key, command=command)
[2026-01-28T20:47:12.790+0000] {logging_mixin.py:188} WARNING -   File "/home/airflow/.local/lib/python3.11/site-packages/airflow/executors/local_executor.py", line 94, in execute_work
    state = self._execute_work_in_fork(command)
[2026-01-28T20:47:12.790+0000] {logging_mixin.py:188} WARNING -   File "/home/airflow/.local/lib/python3.11/site-packages/airflow/executors/local_executor.py", line 134, in _execute_work_in_fork
    args.func(args)
[2026-01-28T20:47:12.790+0000] {logging_mixin.py:188} WARNING -   File "/home/airflow/.local/lib/python3.11/site-packages/airflow/cli/cli_config.py", line 49, in command
    return func(*args, **kwargs)
[2026-01-28T20:47:12.791+0000] {logging_mixin.py:188} WARNING -   File "/home/airflow/.local/lib/python3.11/site-packages/airflow/utils/cli.py", line 114, in wrapper
    return f(*args, **kwargs)
[2026-01-28T20:47:12.791+0000] {logging_mixin.py:188} WARNING -   File "/home/airflow/.local/lib/python3.11/site-packages/airflow/cli/commands/task_command.py", line 438, in task_run
    task_return_code = _run_task_by_selected_method(args, _dag, ti)
[2026-01-28T20:47:12.791+0000] {logging_mixin.py:188} WARNING -   File "/home/airflow/.local/lib/python3.11/site-packages/airflow/cli/commands/task_command.py", line 216, in _run_task_by_selected_method
    return _run_task_by_local_task_job(args, ti)
[2026-01-28T20:47:12.791+0000] {logging_mixin.py:188} WARNING -   File "/home/airflow/.local/lib/python3.11/site-packages/airflow/cli/commands/task_command.py", line 278, in _run_task_by_local_task_job
    ret = run_job(job=job_runner.job, execute_callable=job_runner._execute)
[2026-01-28T20:47:12.791+0000] {logging_mixin.py:188} WARNING -   File "/home/airflow/.local/lib/python3.11/site-packages/airflow/utils/session.py", line 79, in wrapper
    return func(*args, session=session, **kwargs)
[2026-01-28T20:47:12.792+0000] {logging_mixin.py:188} WARNING -   File "/home/airflow/.local/lib/python3.11/site-packages/airflow/jobs/job.py", line 393, in run_job
    return execute_job(job, execute_callable=execute_callable)
[2026-01-28T20:47:12.792+0000] {logging_mixin.py:188} WARNING -   File "/home/airflow/.local/lib/python3.11/site-packages/airflow/jobs/job.py", line 422, in execute_job
    ret = execute_callable()
[2026-01-28T20:47:12.792+0000] {logging_mixin.py:188} WARNING -   File "/home/airflow/.local/lib/python3.11/site-packages/airflow/jobs/local_task_job_runner.py", line 165, in _execute
    self.task_runner.start()
[2026-01-28T20:47:12.792+0000] {logging_mixin.py:188} WARNING -   File "/home/airflow/.local/lib/python3.11/site-packages/airflow/task/task_runner/standard_task_runner.py", line 48, in start
    self.process = self._start_by_fork()
[2026-01-28T20:47:12.792+0000] {logging_mixin.py:188} WARNING -   File "/home/airflow/.local/lib/python3.11/site-packages/airflow/task/task_runner/standard_task_runner.py", line 100, in _start_by_fork
    ret = args.func(args, dag=self.dag)
[2026-01-28T20:47:12.793+0000] {logging_mixin.py:188} WARNING -   File "/home/airflow/.local/lib/python3.11/site-packages/airflow/cli/cli_config.py", line 49, in command
    return func(*args, **kwargs)
[2026-01-28T20:47:12.793+0000] {logging_mixin.py:188} WARNING -   File "/home/airflow/.local/lib/python3.11/site-packages/airflow/utils/cli.py", line 114, in wrapper
    return f(*args, **kwargs)
[2026-01-28T20:47:12.793+0000] {logging_mixin.py:188} WARNING -   File "/home/airflow/.local/lib/python3.11/site-packages/airflow/cli/commands/task_command.py", line 438, in task_run
    task_return_code = _run_task_by_selected_method(args, _dag, ti)
[2026-01-28T20:47:12.793+0000] {logging_mixin.py:188} WARNING -   File "/home/airflow/.local/lib/python3.11/site-packages/airflow/cli/commands/task_command.py", line 218, in _run_task_by_selected_method
    return _run_raw_task(args, ti)
[2026-01-28T20:47:12.794+0000] {logging_mixin.py:188} WARNING -   File "/home/airflow/.local/lib/python3.11/site-packages/airflow/cli/commands/task_command.py", line 297, in _run_raw_task
    return ti._run_raw_task(
[2026-01-28T20:47:12.794+0000] {logging_mixin.py:188} WARNING -   File "/home/airflow/.local/lib/python3.11/site-packages/airflow/utils/session.py", line 79, in wrapper
    return func(*args, session=session, **kwargs)
[2026-01-28T20:47:12.794+0000] {logging_mixin.py:188} WARNING -   File "/home/airflow/.local/lib/python3.11/site-packages/airflow/models/taskinstance.py", line 2334, in _run_raw_task
    self._execute_task_with_callbacks(context, test_mode, session=session)
[2026-01-28T20:47:12.794+0000] {logging_mixin.py:188} WARNING -   File "/home/airflow/.local/lib/python3.11/site-packages/airflow/models/taskinstance.py", line 2499, in _execute_task_with_callbacks
    result = self._execute_task(context, task_orig)
[2026-01-28T20:47:12.794+0000] {logging_mixin.py:188} WARNING -   File "/home/airflow/.local/lib/python3.11/site-packages/airflow/models/taskinstance.py", line 2516, in _execute_task
    return _execute_task(self, context, task_orig)
[2026-01-28T20:47:12.795+0000] {logging_mixin.py:188} WARNING -   File "/home/airflow/.local/lib/python3.11/site-packages/airflow/models/taskinstance.py", line 433, in _execute_task
    result = execute_callable(context=context, **execute_callable_kwargs)
[2026-01-28T20:47:12.795+0000] {logging_mixin.py:188} WARNING -   File "/opt/airflow/dags/scrape_events.py", line 92, in execute
    return super().execute(context)
[2026-01-28T20:47:12.795+0000] {logging_mixin.py:188} WARNING -   File "/home/airflow/.local/lib/python3.11/site-packages/airflow/providers/docker/operators/docker.py", line 502, in execute
    return self._run_image()
[2026-01-28T20:47:12.795+0000] {logging_mixin.py:188} WARNING -   File "/home/airflow/.local/lib/python3.11/site-packages/airflow/providers/docker/operators/docker.py", line 373, in _run_image
    return self._run_image_with_mounts(self.mounts, add_tmp_variable=False)
[2026-01-28T20:47:12.795+0000] {logging_mixin.py:188} WARNING -   File "/home/airflow/.local/lib/python3.11/site-packages/airflow/providers/docker/operators/docker.py", line 429, in _run_image_with_mounts
    self.log.info("%s", log_chunk)
[2026-01-28T20:47:12.796+0000] {logging_mixin.py:188} WARNING -   File "/usr/local/lib/python3.11/logging/__init__.py", line 1489, in info
    self._log(INFO, msg, args, **kwargs)
[2026-01-28T20:47:12.796+0000] {logging_mixin.py:188} WARNING -   File "/usr/local/lib/python3.11/logging/__init__.py", line 1634, in _log
    self.handle(record)
[2026-01-28T20:47:12.796+0000] {logging_mixin.py:188} WARNING -   File "/usr/local/lib/python3.11/logging/__init__.py", line 1644, in handle
    self.callHandlers(record)
[2026-01-28T20:47:12.796+0000] {logging_mixin.py:188} WARNING -   File "/usr/local/lib/python3.11/logging/__init__.py", line 1706, in callHandlers
    hdlr.handle(record)
[2026-01-28T20:47:12.796+0000] {logging_mixin.py:188} WARNING -   File "/usr/local/lib/python3.11/logging/__init__.py", line 974, in handle
    rv = self.filter(record)
[2026-01-28T20:47:12.797+0000] {logging_mixin.py:188} WARNING -   File "/usr/local/lib/python3.11/logging/__init__.py", line 830, in filter
    result = f.filter(record)
[2026-01-28T20:47:12.797+0000] {logging_mixin.py:188} WARNING -   File "/home/airflow/.local/lib/python3.11/site-packages/airflow/utils/log/secrets_masker.py", line 210, in filter
    record.__dict__[k] = self.redact(v)
[2026-01-28T20:47:12.797+0000] {logging_mixin.py:188} WARNING -   File "/home/airflow/.local/lib/python3.11/site-packages/airflow/utils/log/secrets_masker.py", line 298, in redact
    return self._redact(item, name, depth=0, max_depth=max_depth or self.MAX_RECURSION_DEPTH)
[2026-01-28T20:47:12.797+0000] {logging_mixin.py:188} WARNING -   File "/home/airflow/.local/lib/python3.11/site-packages/airflow/utils/log/secrets_masker.py", line 268, in _redact
    return tuple(
[2026-01-28T20:47:12.797+0000] {logging_mixin.py:188} WARNING -   File "/home/airflow/.local/lib/python3.11/site-packages/airflow/utils/log/secrets_masker.py", line 269, in <genexpr>
    self._redact(subval, name=None, depth=(depth + 1), max_depth=max_depth) for subval in item
[2026-01-28T20:47:12.798+0000] {logging_mixin.py:188} WARNING -   File "/home/airflow/.local/lib/python3.11/site-packages/airflow/utils/log/secrets_masker.py", line 281, in _redact
    log.warning(
[2026-01-28T20:47:12.798+0000] {logging_mixin.py:188} WARNING -   File "/usr/local/lib/python3.11/logging/__init__.py", line 1501, in warning
    self._log(WARNING, msg, args, **kwargs)
[2026-01-28T20:47:12.798+0000] {logging_mixin.py:188} WARNING -   File "/usr/local/lib/python3.11/logging/__init__.py", line 1634, in _log
    self.handle(record)
[2026-01-28T20:47:12.798+0000] {logging_mixin.py:188} WARNING -   File "/usr/local/lib/python3.11/logging/__init__.py", line 1644, in handle
    self.callHandlers(record)
[2026-01-28T20:47:12.799+0000] {logging_mixin.py:188} WARNING -   File "/usr/local/lib/python3.11/logging/__init__.py", line 1706, in callHandlers
    hdlr.handle(record)
[2026-01-28T20:47:12.799+0000] {logging_mixin.py:188} WARNING -   File "/usr/local/lib/python3.11/logging/__init__.py", line 978, in handle
    self.emit(record)
[2026-01-28T20:47:12.799+0000] {logging_mixin.py:188} WARNING -   File "/home/airflow/.local/lib/python3.11/site-packages/airflow/utils/log/file_task_handler.py", line 247, in emit
    self.handler.emit(record)
[2026-01-28T20:47:12.800+0000] {logging_mixin.py:188} WARNING - Message: 'Unable to redact value of type %s, please report this via <https://github.com/apache/airflow/issues>. Error was: %s: %s'
Arguments: ("2026-01-28 20:47:12 [scrapy.core.scraper] DEBUG: Scraped from <200 https://www.napolitoday.it/eventi/sorrento-luoghi-di-lucio-passeggiate-aprile-maggio-2023.html>\n{'category': 'Escursioni',\n 'city': 'Napoli',\n 'content_hash': '7cf62da571cea2c3',\n 'date_end': '2027-05-04',\n 'date_start': '2023-04-20',\n 'dates': [{'date': '2023-04-20', 'weekday': 'Giovedì'},\n           {'date': '2023-04-21', 'weekday': 'Venerdì'},\n           {'date': '2023-04-22', 'weekday': 'Sabato'},\n           {'date': '2023-04-23', 'weekday': 'Domenica'},\n           {'date': '2023-04-24', 'weekday': 'Lunedì'},\n           {'date': '2023-04-25', 'weekday': 'Martedì'},\n           {'date': '2023-04-26', 'weekday': 'Mercoledì'},\n           {'date': '2023-04-27', 'weekday': 'Giovedì'},\n           {'date': '2023-04-28', 'weekday': 'Venerdì'},\n           {'date': '2023-04-29', 'weekday': 'Sabato'},\n           {'date': '2023-04-30', 'weekday': 'Domenica'},\n           {'date': '2023-05-01', 'weekday': 'Lunedì'},\n           {'date': '2023-05-02', 'weekday': 'Martedì'},\n           {'date': '2023-05-03', 'weekday': 'Mercoledì'},\n           {'date': '2023-05-04', 'weekday': 'Giovedì'},\n           {'date': '2023-05-05', 'weekday': 'Venerdì'},\n           {'date': '2023-05-06', 'weekday': 'Sabato'},\n           {'date': '2023-05-07', 'weekday': 'Domenica'},\n           {'date': '2023-05-08', 'weekday': 'Lunedì'},\n           {'date': '2023-05-09', 'weekday': 'Martedì'},\n           {'date': '2023-05-10', 'weekday': 'Mercoledì'},\n           {'date': '2023-05-11', 'weekday': 'Giovedì'},\n           {'date': '2023-05-12', 'weekday': 'Venerdì'},\n           {'date': '2023-05-13', 'weekday': 'Sabato'},\n           {'date': '2023-05-14', 'weekday': 'Domenica'},\n           {'date': '2023-05-15', 'weekday': 'Lunedì'},\n           {'date': '2023-05-16', 'weekday': 'Martedì'},\n           {'date': '2023-05-17', 'weekday': 'Mercoledì'},\n           {'date': '2023-05-18', 'weekday': 'Giovedì'},\n           {'date': '2023-05-19', 'weekday': 'Venerdì'},\n           {'date': '2023-05-20', 'weekday': 'Sabato'},\n           {'date': '2023-05-21', 'weekday': 'Domenica'},\n           {'date': '2023-05-22', 'weekday': 'Lunedì'},\n           {'date': '2023-05-23', 'weekday': 'Martedì'},\n           {'date': '2023-05-24', 'weekday': 'Mercoledì'},\n           {'date': '2023-05-25', 'weekday': 'Giovedì'},\n           {'date': '2023-05-26', 'weekday': 'Venerdì'},\n           {'date': '2023-05-27', 'weekday': 'Sabato'},\n           {'date': '2023-05-28', 'weekday': 'Domenica'},\n           {'date': '2023-05-29', 'weekday': 'Lunedì'},\n           {'date': '2023-05-30', 'weekday': 'Martedì'},\n           {'date': '2023-05-31', 'weekday': 'Mercoledì'},\n           {'date': '2023-06-01', 'weekday': 'Giovedì'},\n           {'date': '2023-06-02', 'weekday': 'Venerdì'},\n           {'date': '2023-06-03', 'weekday': 'Sabato'},\n           {'date': '2023-06-04', 'weekday': 'Domenica'},\n           {'date': '2023-06-05', 'weekday': 'Lunedì'},\n           {'date': '2023-06-06', 'weekday': 'Martedì'},\n           {'date': '2023-06-07', 'weekday': 'Mercoledì'},\n           {'date': '2023-06-08', 'weekday': 'Giovedì'},\n           {'date': '2023-06-09', 'weekday': 'Venerdì'},\n           {'date': '2023-06-10', 'weekday': 'Sabato'},\n           {'date': '2023-06-11', 'weekday': 'Domenica'},\n           {'date': '2023-06-12', 'weekday': 'Lunedì'},\n           {'date': '2023-06-13', 'weekday': 'Martedì'},\n           {'date': '2023-06-14', 'weekday': 'Mercoledì'},\n           {'date': '2023-06-15', 'weekday': 'Giovedì'},\n           {'date': '2023-06-16', 'weekday': 'Venerdì'},\n           {'date': '2023-06-17', 'weekday': 'Sabato'},\n           {'date': '2023-06-18', 'weekday': 'Domenica'},\n           {'date': '2023-06-19', 'weekday': 'Lunedì'},\n           {'date': '2023-06-20', 'weekday': 'Martedì'},\n           {'date': '2023-06-21', 'weekday': 'Mercoledì'},\n           {'date': '2023-06-22', 'weekday': 'Giovedì'},\n           {'date': '2023-06-23', 'weekday': 'Venerdì'},\n           {'date': '2023-06-24', 'weekday': 'Sabato'},\n           {'date': '2023-06-25', 'weekday': 'Domenica'},\n           {'date': '2023-06-26', 'weekday': 'Lunedì'},\n           {'date': '2023-06-27', 'weekday': 'Martedì'},\n           {'date': '2023-06-28', 'weekday': 'Mercoledì'},\n           {'date': '2023-06-29', 'weekday': 'Giovedì'},\n           {'date': '2023-06-30', 'weekday': 'Venerdì'},\n           {'date': '2023-07-01', 'weekday': 'Sabato'},\n           {'date': '2023-07-02', 'weekday': 'Domenica'},\n           {'date': '2023-07-03', 'weekday': 'Lunedì'},\n           {'date': '2023-07-04', 'weekday': 'Martedì'},\n           {'date': '2023-07-05', 'weekday': 'Mercoledì'},\n           {'date': '2023-07-06', 'weekday': 'Giovedì'},\n           {'date': '2023-07-07', 'weekday': 'Venerdì'},\n           {'date': '2023-07-08', 'weekday': 'Sabato'},\n           {'date': '2023-07-09', 'weekday': 'Domenica'},\n           {'date': '2023-07-10', 'weekday': 'Lunedì'},\n           {'date': '2023-07-11', 'weekday': 'Martedì'},\n           {'date': '2023-07-12', 'weekday': 'Mercoledì'},\n           {'date': '2023-07-13', 'weekday': 'Giovedì'},\n           {'date': '2023-07-14', 'weekday': 'Venerdì'},\n           {'date': '2023-07-15', 'weekday': 'Sabato'},\n           {'date': '2023-07-16', 'weekday': 'Domenica'},\n           {'date': '2023-07-17', 'weekday': 'Lunedì'},\n           {'date': '2023-07-18', 'weekday': 'Martedì'},\n           {'date': '2023-07-19', 'weekday': 'Mercoledì'},\n           {'date': '2023-07-20', 'weekday': 'Giovedì'},\n           {'date': '2023-07-21', 'weekday': 'Venerdì'},\n           {'date': '2023-07-22', 'weekday': 'Sabato'},\n           {'date': '2023-07-23', 'weekday': 'Domenica'},\n           {'date': '2023-07-24', 'weekday': 'Lunedì'},\n           {'date': '2023-07-25', 'weekday': 'Martedì'},\n           {'date': '2023-07-26', 'weekday': 'Mercoledì'},\n           {'date': '2023-07-27', 'weekday': 'Giovedì'},\n           {'date': '2023-07-28', 'weekday': 'Venerdì'},\n           {'date': '2023-07-29', 'weekday': 'Sabato'},\n           {'date': '2023-07-30', 'weekday': 'Domenica'},\n           {'date': '2023-07-31', 'weekday': 'Lunedì'},\n           {'date': '2023-08-01', 'weekday': 'Martedì'},\n           {'date': '2023-08-02', 'weekday': 'Mercoledì'},\n           {'date': '2023-08-03', 'weekday': 'Giovedì'},\n           {'date': '2023-08-04', 'weekday': 'Venerdì'},\n           {'date': '2023-08-05', 'weekday': 'Sabato'},\n           {'date': '2023-08-06', 'weekday': 'Domenica'},\n           {'date': '2023-08-07', 'weekday': 'Lunedì'},\n           {'date': '2023-08-08', 'weekday': 'Martedì'},\n           {'date': '2023-08-09', 'weekday': 'Mercoledì'},\n           {'date': '2023-08-10', 'weekday': 'Giovedì'},\n           {'date': '2023-08-11', 'weekday': 'Venerdì'},\n           {'date': '2023-08-12', 'weekday': 'Sabato'},\n           {'date': '2023-08-13', 'weekday': 'Domenica'},\n           {'date': '2023-08-14', 'weekday': 'Lunedì'},\n           {'date': '2023-08-15', 'weekday': 'Martedì'},\n           {'date': '2023-08-16', 'weekday': 'Mercoledì'},\n           {'date': '2023-08-17', 'weekday': 'Giovedì'},\n           {'date': '2023-08-18', 'weekday': 'Venerdì'},\n           {'date': '2023-08-19', 'weekday': 'Sabato'},\n           {'date': '2023-08-20', 'weekday': 'Domenica'},\n           {'date': '2023-08-21', 'weekday': 'Lunedì'},\n           {'date': '2023-08-22', 'weekday': 'Martedì'},\n           {'date': '2023-08-23', 'weekday': 'Mercoledì'},\n           {'date': '2023-08-24', 'weekday': 'Giovedì'},\n           {'date': '2023-08-25', 'weekday': 'Venerdì'},\n           {'date': '2023-08-26', 'weekday': 'Sabato'},\n           {'date': '2023-08-27', 'weekday': 'Domenica'},\n           {'date': '2023-08-28', 'weekday': 'Lunedì'},\n           {'date': '2023-08-29', 'weekday': 'Martedì'},\n           {'date': '2023-08-30', 'weekday': 'Mercoledì'},\n           {'date': '2023-08-31', 'weekday': 'Giovedì'},\n           {'date': '2023-09-01', 'weekday': 'Venerdì'},\n           {'date': '2023-09-02', 'weekday': 'Sabato'},\n           {'date': '2023-09-03', 'weekday': 'Domenica'},\n           {'date': '2023-09-04', 'weekday': 'Lunedì'},\n           {'date': '2023-09-05', 'weekday': 'Martedì'},\n           {'date': '2023-09-06', 'weekday': 'Mercoledì'},\n           {'date': '2023-09-07', 'weekday': 'Giovedì'},\n           {'date': '2023-09-08', 'weekday': 'Venerdì'},\n           {'date': '2023-09-09', 'weekday': 'Sabato'},\n           {'date': '2023-09-10', 'weekday': 'Domenica'},\n           {'date': '2023-09-11', 'weekday': 'Lunedì'},\n           {'date': '2023-09-12', 'weekday': 'Martedì'},\n           {'date': '2023-09-13', 'weekday': 'Mercoledì'},\n           {'date': '2023-09-14', 'weekday': 'Giovedì'},\n           {'date': '2023-09-15', 'weekday': 'Venerdì'},\n           {'date': '2023-09-16', 'weekday': 'Sabato'},\n           {'date': '2023-09-17', 'weekday': 'Domenica'},\n           {'date': '2023-09-18', 'weekday': 'Lunedì'},\n           {'date': '2023-09-19', 'weekday': 'Martedì'},\n           {'date': '2023-09-20', 'weekday': 'Mercoledì'},\n           {'date': '2023-09-21', 'weekday': 'Giovedì'},\n           {'date': '2023-09-22', 'weekday': 'Venerdì'},\n           {'date': '2023-09-23', 'weekday': 'Sabato'},\n           {'date': '2023-09-24', 'weekday': 'Domenica'},\n           {'date': '2023-09-25', 'weekday': 'Lunedì'},\n           {'date': '2023-09-26', 'weekday': 'Martedì'},\n           {'date': '2023-09-27', 'weekday': 'Mercoledì'},\n           {'date': '2023-09-28', 'weekday': 'Giovedì'},\n           {'date': '2023-09-29', 'weekday': 'Venerdì'},\n           {'date': '2023-09-30', 'weekday': 'Sabato'},\n           {'date': '2023-10-01', 'weekday': 'Domenica'},\n           {'date': '2023-10-02', 'weekday': 'Lunedì'},\n           {'date': '2023-10-03', 'weekday': 'Martedì'},\n           {'date': '2023-10-04', 'weekday': 'Mercoledì'},\n           {'date': '2023-10-05', 'weekday': 'Giovedì'},\n           {'date': '2023-10-06', 'weekday': 'Venerdì'},\n           {'date': '2023-10-07', 'weekday': 'Sabato'},\n           {'date': '2023-10-08', 'weekday': 'Domenica'},\n           {'date': '2023-10-09', 'weekday': 'Lunedì'},\n           {'date': '2023-10-10', 'weekday': 'Martedì'},\n           {'date': '2023-10-11', 'weekday': 'Mercoledì'},\n           {'date': '2023-10-12', 'weekday': 'Giovedì'},\n           {'date': '2023-10-13', 'weekday': 'Venerdì'},\n           {'date': '2023-10-14', 'weekday': 'Sabato'},\n           {'date': '2023-10-15', 'weekday': 'Domenica'},\n           {'date': '2023-10-16', 'weekday': 'Lunedì'},\n           {'date': '2023-10-17', 'weekday': 'Martedì'},\n           {'date': '2023-10-18', 'weekday': 'Mercoledì'},\n           {'date': '2023-10-19', 'weekday': 'Giovedì'},\n           {'date': '2023-10-20', 'weekday': 'Venerdì'},\n           {'date': '2023-10-21', 'weekday': 'Sabato'},\n           {'date': '2023-10-22', 'weekday': 'Domenica'},\n           {'date': '2023-10-23', 'weekday': 'Lunedì'},\n           {'date': '2023-10-24', 'weekday': 'Martedì'},\n           {'date': '2023-10-25', 'weekday': 'Mercoledì'},\n           {'date': '2023-10-26', 'weekday': 'Giovedì'},\n           {'date': '2023-10-27', 'weekday': 'Venerdì'},\n           {'date': '2023-10-28', 'weekday': 'Sabato'},\n           {'date': '2023-10-29', 'weekday': 'Domenica'},\n           {'date': '2023-10-30', 'weekday': 'Lunedì'},\n           {'date': '2023-10-31', 'weekday': 'Martedì'},\n           {'date': '2023-11-01', 'weekday': 'Mercoledì'},\n           {'date': '2023-11-02', 'weekday': 'Giovedì'},\n           {'date': '2023-11-03', 'weekday': 'Venerdì'},\n           {'date': '2023-11-04', 'weekday': 'Sabato'},\n           {'date': '2023-11-05', 'weekday': 'Domenica'},\n           {'date': '2023-11-06', 'weekday': 'Lunedì'},\n           {'date': '2023-11-07', 'weekday': 'Martedì'},\n           {'date': '2023-11-08', 'weekday': 'Mercoledì'},\n           {'date': '2023-11-09', 'weekday': 'Giovedì'},\n           {'date': '2023-11-10', 'weekday': 'Venerdì'},\n           {'date': '2023-11-11', 'weekday': 'Sabato'},\n           {'date': '2023-11-12', 'weekday': 'Domenica'},\n           {'date': '2023-11-13', 'weekday': 'Lunedì'},\n           {'date': '2023-11-14', 'weekday': 'Martedì'},\n           {'date': '2023-11-15', 'weekday': 'Mercoledì'},\n           {'date': '2023-11-16', 'weekday': 'Giovedì'},\n           {'date': '2023-11-17', 'weekday': 'Venerdì'},\n           {'date': '2023-11-18', 'weekday': 'Sabato'},\n           {'date': '2023-11-19', 'weekday': 'Domenica'},\n           {'date': '2023-11-20', 'weekday': 'Lunedì'},\n           {'date': '2023-11-21', 'weekday': 'Martedì'},\n           {'date': '2023-11-22', 'weekday': 'Mercoledì'},\n           {'date': '2023-11-23', 'weekday': 'Giovedì'},\n           {'date': '2023-11-24', 'weekday': 'Venerdì'},\n           {'date': '2023-11-25', 'weekday': 'Sabato'},\n           {'date': '2023-11-26', 'weekday': 'Domenica'},\n           {'date': '2023-11-27', 'weekday': 'Lunedì'},\n           {'date': '2023-11-28', 'weekday': 'Martedì'},\n           {'date': '2023-11-29', 'weekday': 'Mercoledì'},\n           {'date': '2023-11-30', 'weekday': 'Giovedì'},\n           {'date': '2023-12-01', 'weekday': 'Venerdì'},\n           {'date': '2023-12-02', 'weekday': 'Sabato'},\n           {'date': '2023-12-03', 'weekday': 'Domenica'},\n           {'date': '2023-12-04', 'weekday': 'Lunedì'},\n           {'date': '2023-12-05', 'weekday': 'Martedì'},\n           {'date': '2023-12-06', 'weekday': 'Mercoledì'},\n           {'date': '2023-12-07', 'weekday': 'Giovedì'},\n           {'date': '2023-12-08', 'weekday': 'Venerdì'},\n           {'date': '2023-12-09', 'weekday': 'Sabato'},\n           {'date': '2023-12-10', 'weekday': 'Domenica'},\n           {'date': '2023-12-11', 'weekday': 'Lunedì'},\n           {'date': '2023-12-12', 'weekday': 'Martedì'},\n           {'date': '2023-12-13', 'weekday': 'Mercoledì'},\n           {'date': '2023-12-14', 'weekday': 'Giovedì'},\n           {'date': '2023-12-15', 'weekday': 'Venerdì'},\n           {'date': '2023-12-16', 'weekday': 'Sabato'},\n           {'date': '2023-12-17', 'weekday': 'Domenica'},\n           {'date': '2023-12-18', 'weekday': 'Lunedì'},\n           {'date': '2023-12-19', 'weekday': 'Martedì'},\n           {'date': '2023-12-20', 'weekday': 'Mercoled\udcc3", 'UnicodeEncodeError', UnicodeEncodeError('utf-8', "2026-01-28 20:47:12 [scrapy.core.scraper] DEBUG: Scraped from <200 https://www.napolitoday.it/eventi/sorrento-luoghi-di-lucio-passeggiate-aprile-maggio-2023.html>\n{'category': 'Escursioni',\n 'city': 'Napoli',\n 'content_hash': '7cf62da571cea2c3',\n 'date_end': '2027-05-04',\n 'date_start': '2023-04-20',\n 'dates': [{'date': '2023-04-20', 'weekday': 'Giovedì'},\n           {'date': '2023-04-21', 'weekday': 'Venerdì'},\n           {'date': '2023-04-22', 'weekday': 'Sabato'},\n           {'date': '2023-04-23', 'weekday': 'Domenica'},\n           {'date': '2023-04-24', 'weekday': 'Lunedì'},\n           {'date': '2023-04-25', 'weekday': 'Martedì'},\n           {'date': '2023-04-26', 'weekday': 'Mercoledì'},\n           {'date': '2023-04-27', 'weekday': 'Giovedì'},\n           {'date': '2023-04-28', 'weekday': 'Venerdì'},\n           {'date': '2023-04-29', 'weekday': 'Sabato'},\n           {'date': '2023-04-30', 'weekday': 'Domenica'},\n           {'date': '2023-05-01', 'weekday': 'Lunedì'},\n           {'date': '2023-05-02', 'weekday': 'Martedì'},\n           {'date': '2023-05-03', 'weekday': 'Mercoledì'},\n           {'date': '2023-05-04', 'weekday': 'Giovedì'},\n           {'date': '2023-05-05', 'weekday': 'Venerdì'},\n           {'date': '2023-05-06', 'weekday': 'Sabato'},\n           {'date': '2023-05-07', 'weekday': 'Domenica'},\n           {'date': '2023-05-08', 'weekday': 'Lunedì'},\n           {'date': '2023-05-09', 'weekday': 'Martedì'},\n           {'date': '2023-05-10', 'weekday': 'Mercoledì'},\n           {'date': '2023-05-11', 'weekday': 'Giovedì'},\n           {'date': '2023-05-12', 'weekday': 'Venerdì'},\n           {'date': '2023-05-13', 'weekday': 'Sabato'},\n           {'date': '2023-05-14', 'weekday': 'Domenica'},\n           {'date': '2023-05-15', 'weekday': 'Lunedì'},\n           {'date': '2023-05-16', 'weekday': 'Martedì'},\n           {'date': '2023-05-17', 'weekday': 'Mercoledì'},\n           {'date': '2023-05-18', 'weekday': 'Giovedì'},\n           {'date': '2023-05-19', 'weekday': 'Venerdì'},\n           {'date': '2023-05-20', 'weekday': 'Sabato'},\n           {'date': '2023-05-21', 'weekday': 'Domenica'},\n           {'date': '2023-05-22', 'weekday': 'Lunedì'},\n           {'date': '2023-05-23', 'weekday': 'Martedì'},\n           {'date': '2023-05-24', 'weekday': 'Mercoledì'},\n           {'date': '2023-05-25', 'weekday': 'Giovedì'},\n           {'date': '2023-05-26', 'weekday': 'Venerdì'},\n           {'date': '2023-05-27', 'weekday': 'Sabato'},\n           {'date': '2023-05-28', 'weekday': 'Domenica'},\n           {'date': '2023-05-29', 'weekday': 'Lunedì'},\n           {'date': '2023-05-30', 'weekday': 'Martedì'},\n           {'date': '2023-05-31', 'weekday': 'Mercoledì'},\n           {'date': '2023-06-01', 'weekday': 'Giovedì'},\n           {'date': '2023-06-02', 'weekday': 'Venerdì'},\n           {'date': '2023-06-03', 'weekday': 'Sabato'},\n           {'date': '2023-06-04', 'weekday': 'Domenica'},\n           {'date': '2023-06-05', 'weekday': 'Lunedì'},\n           {'date': '2023-06-06', 'weekday': 'Martedì'},\n           {'date': '2023-06-07', 'weekday': 'Mercoledì'},\n           {'date': '2023-06-08', 'weekday': 'Giovedì'},\n           {'date': '2023-06-09', 'weekday': 'Venerdì'},\n           {'date': '2023-06-10', 'weekday': 'Sabato'},\n           {'date': '2023-06-11', 'weekday': 'Domenica'},\n           {'date': '2023-06-12', 'weekday': 'Lunedì'},\n           {'date': '2023-06-13', 'weekday': 'Martedì'},\n           {'date': '2023-06-14', 'weekday': 'Mercoledì'},\n           {'date': '2023-06-15', 'weekday': 'Giovedì'},\n           {'date': '2023-06-16', 'weekday': 'Venerdì'},\n           {'date': '2023-06-17', 'weekday': 'Sabato'},\n           {'date': '2023-06-18', 'weekday': 'Domenica'},\n           {'date': '2023-06-19', 'weekday': 'Lunedì'},\n           {'date': '2023-06-20', 'weekday': 'Martedì'},\n           {'date': '2023-06-21', 'weekday': 'Mercoledì'},\n           {'date': '2023-06-22', 'weekday': 'Giovedì'},\n           {'date': '2023-06-23', 'weekday': 'Venerdì'},\n           {'date': '2023-06-24', 'weekday': 'Sabato'},\n           {'date': '2023-06-25', 'weekday': 'Domenica'},\n           {'date': '2023-06-26', 'weekday': 'Lunedì'},\n           {'date': '2023-06-27', 'weekday': 'Martedì'},\n           {'date': '2023-06-28', 'weekday': 'Mercoledì'},\n           {'date': '2023-06-29', 'weekday': 'Giovedì'},\n           {'date': '2023-06-30', 'weekday': 'Venerdì'},\n           {'date': '2023-07-01', 'weekday': 'Sabato'},\n           {'date': '2023-07-02', 'weekday': 'Domenica'},\n           {'date': '2023-07-03', 'weekday': 'Lunedì'},\n           {'date': '2023-07-04', 'weekday': 'Martedì'},\n           {'date': '2023-07-05', 'weekday': 'Mercoledì'},\n           {'date': '2023-07-06', 'weekday': 'Giovedì'},\n           {'date': '2023-07-07', 'weekday': 'Venerdì'},\n           {'date': '2023-07-08', 'weekday': 'Sabato'},\n           {'date': '2023-07-09', 'weekday': 'Domenica'},\n           {'date': '2023-07-10', 'weekday': 'Lunedì'},\n           {'date': '2023-07-11', 'weekday': 'Martedì'},\n           {'date': '2023-07-12', 'weekday': 'Mercoledì'},\n           {'date': '2023-07-13', 'weekday': 'Giovedì'},\n           {'date': '2023-07-14', 'weekday': 'Venerdì'},\n           {'date': '2023-07-15', 'weekday': 'Sabato'},\n           {'date': '2023-07-16', 'weekday': 'Domenica'},\n           {'date': '2023-07-17', 'weekday': 'Lunedì'},\n           {'date': '2023-07-18', 'weekday': 'Martedì'},\n           {'date': '2023-07-19', 'weekday': 'Mercoledì'},\n           {'date': '2023-07-20', 'weekday': 'Giovedì'},\n           {'date': '2023-07-21', 'weekday': 'Venerdì'},\n           {'date': '2023-07-22', 'weekday': 'Sabato'},\n           {'date': '2023-07-23', 'weekday': 'Domenica'},\n           {'date': '2023-07-24', 'weekday': 'Lunedì'},\n           {'date': '2023-07-25', 'weekday': 'Martedì'},\n           {'date': '2023-07-26', 'weekday': 'Mercoledì'},\n           {'date': '2023-07-27', 'weekday': 'Giovedì'},\n           {'date': '2023-07-28', 'weekday': 'Venerdì'},\n           {'date': '2023-07-29', 'weekday': 'Sabato'},\n           {'date': '2023-07-30', 'weekday': 'Domenica'},\n           {'date': '2023-07-31', 'weekday': 'Lunedì'},\n           {'date': '2023-08-01', 'weekday': 'Martedì'},\n           {'date': '2023-08-02', 'weekday': 'Mercoledì'},\n           {'date': '2023-08-03', 'weekday': 'Giovedì'},\n           {'date': '2023-08-04', 'weekday': 'Venerdì'},\n           {'date': '2023-08-05', 'weekday': 'Sabato'},\n           {'date': '2023-08-06', 'weekday': 'Domenica'},\n           {'date': '2023-08-07', 'weekday': 'Lunedì'},\n           {'date': '2023-08-08', 'weekday': 'Martedì'},\n           {'date': '2023-08-09', 'weekday': 'Mercoledì'},\n           {'date': '2023-08-10', 'weekday': 'Giovedì'},\n           {'date': '2023-08-11', 'weekday': 'Venerdì'},\n           {'date': '2023-08-12', 'weekday': 'Sabato'},\n           {'date': '2023-08-13', 'weekday': 'Domenica'},\n           {'date': '2023-08-14', 'weekday': 'Lunedì'},\n           {'date': '2023-08-15', 'weekday': 'Martedì'},\n           {'date': '2023-08-16', 'weekday': 'Mercoledì'},\n           {'date': '2023-08-17', 'weekday': 'Giovedì'},\n           {'date': '2023-08-18', 'weekday': 'Venerdì'},\n           {'date': '2023-08-19', 'weekday': 'Sabato'},\n           {'date': '2023-08-20', 'weekday': 'Domenica'},\n           {'date': '2023-08-21', 'weekday': 'Lunedì'},\n           {'date': '2023-08-22', 'weekday': 'Martedì'},\n           {'date': '2023-08-23', 'weekday': 'Mercoledì'},\n           {'date': '2023-08-24', 'weekday': 'Giovedì'},\n           {'date': '2023-08-25', 'weekday': 'Venerdì'},\n           {'date': '2023-08-26', 'weekday': 'Sabato'},\n           {'date': '2023-08-27', 'weekday': 'Domenica'},\n           {'date': '2023-08-28', 'weekday': 'Lunedì'},\n           {'date': '2023-08-29', 'weekday': 'Martedì'},\n           {'date': '2023-08-30', 'weekday': 'Mercoledì'},\n           {'date': '2023-08-31', 'weekday': 'Giovedì'},\n           {'date': '2023-09-01', 'weekday': 'Venerdì'},\n           {'date': '2023-09-02', 'weekday': 'Sabato'},\n           {'date': '2023-09-03', 'weekday': 'Domenica'},\n           {'date': '2023-09-04', 'weekday': 'Lunedì'},\n           {'date': '2023-09-05', 'weekday': 'Martedì'},\n           {'date': '2023-09-06', 'weekday': 'Mercoledì'},\n           {'date': '2023-09-07', 'weekday': 'Giovedì'},\n           {'date': '2023-09-08', 'weekday': 'Venerdì'},\n           {'date': '2023-09-09', 'weekday': 'Sabato'},\n           {'date': '2023-09-10', 'weekday': 'Domenica'},\n           {'date': '2023-09-11', 'weekday': 'Lunedì'},\n           {'date': '2023-09-12', 'weekday': 'Martedì'},\n           {'date': '2023-09-13', 'weekday': 'Mercoledì'},\n           {'date': '2023-09-14', 'weekday': 'Giovedì'},\n           {'date': '2023-09-15', 'weekday': 'Venerdì'},\n           {'date': '2023-09-16', 'weekday': 'Sabato'},\n           {'date': '2023-09-17', 'weekday': 'Domenica'},\n           {'date': '2023-09-18', 'weekday': 'Lunedì'},\n           {'date': '2023-09-19', 'weekday': 'Martedì'},\n           {'date': '2023-09-20', 'weekday': 'Mercoledì'},\n           {'date': '2023-09-21', 'weekday': 'Giovedì'},\n           {'date': '2023-09-22', 'weekday': 'Venerdì'},\n           {'date': '2023-09-23', 'weekday': 'Sabato'},\n           {'date': '2023-09-24', 'weekday': 'Domenica'},\n           {'date': '2023-09-25', 'weekday': 'Lunedì'},\n           {'date': '2023-09-26', 'weekday': 'Martedì'},\n           {'date': '2023-09-27', 'weekday': 'Mercoledì'},\n           {'date': '2023-09-28', 'weekday': 'Giovedì'},\n           {'date': '2023-09-29', 'weekday': 'Venerdì'},\n           {'date': '2023-09-30', 'weekday': 'Sabato'},\n           {'date': '2023-10-01', 'weekday': 'Domenica'},\n           {'date': '2023-10-02', 'weekday': 'Lunedì'},\n           {'date': '2023-10-03', 'weekday': 'Martedì'},\n           {'date': '2023-10-04', 'weekday': 'Mercoledì'},\n           {'date': '2023-10-05', 'weekday': 'Giovedì'},\n           {'date': '2023-10-06', 'weekday': 'Venerdì'},\n           {'date': '2023-10-07', 'weekday': 'Sabato'},\n           {'date': '2023-10-08', 'weekday': 'Domenica'},\n           {'date': '2023-10-09', 'weekday': 'Lunedì'},\n           {'date': '2023-10-10', 'weekday': 'Martedì'},\n           {'date': '2023-10-11', 'weekday': 'Mercoledì'},\n           {'date': '2023-10-12', 'weekday': 'Giovedì'},\n           {'date': '2023-10-13', 'weekday': 'Venerdì'},\n           {'date': '2023-10-14', 'weekday': 'Sabato'},\n           {'date': '2023-10-15', 'weekday': 'Domenica'},\n           {'date': '2023-10-16', 'weekday': 'Lunedì'},\n           {'date': '2023-10-17', 'weekday': 'Martedì'},\n           {'date': '2023-10-18', 'weekday': 'Mercoledì'},\n           {'date': '2023-10-19', 'weekday': 'Giovedì'},\n           {'date': '2023-10-20', 'weekday': 'Venerdì'},\n           {'date': '2023-10-21', 'weekday': 'Sabato'},\n           {'date': '2023-10-22', 'weekday': 'Domenica'},\n           {'date': '2023-10-23', 'weekday': 'Lunedì'},\n           {'date': '2023-10-24', 'weekday': 'Martedì'},\n           {'date': '2023-10-25', 'weekday': 'Mercoledì'},\n           {'date': '2023-10-26', 'weekday': 'Giovedì'},\n           {'date': '2023-10-27', 'weekday': 'Venerdì'},\n           {'date': '2023-10-28', 'weekday': 'Sabato'},\n           {'date': '2023-10-29', 'weekday': 'Domenica'},\n           {'date': '2023-10-30', 'weekday': 'Lunedì'},\n           {'date': '2023-10-31', 'weekday': 'Martedì'},\n           {'date': '2023-11-01', 'weekday': 'Mercoledì'},\n           {'date': '2023-11-02', 'weekday': 'Giovedì'},\n           {'date': '2023-11-03', 'weekday': 'Venerdì'},\n           {'date': '2023-11-04', 'weekday': 'Sabato'},\n           {'date': '2023-11-05', 'weekday': 'Domenica'},\n           {'date': '2023-11-06', 'weekday': 'Lunedì'},\n           {'date': '2023-11-07', 'weekday': 'Martedì'},\n           {'date': '2023-11-08', 'weekday': 'Mercoledì'},\n           {'date': '2023-11-09', 'weekday': 'Giovedì'},\n           {'date': '2023-11-10', 'weekday': 'Venerdì'},\n           {'date': '2023-11-11', 'weekday': 'Sabato'},\n           {'date': '2023-11-12', 'weekday': 'Domenica'},\n           {'date': '2023-11-13', 'weekday': 'Lunedì'},\n           {'date': '2023-11-14', 'weekday': 'Martedì'},\n           {'date': '2023-11-15', 'weekday': 'Mercoledì'},\n           {'date': '2023-11-16', 'weekday': 'Giovedì'},\n           {'date': '2023-11-17', 'weekday': 'Venerdì'},\n           {'date': '2023-11-18', 'weekday': 'Sabato'},\n           {'date': '2023-11-19', 'weekday': 'Domenica'},\n           {'date': '2023-11-20', 'weekday': 'Lunedì'},\n           {'date': '2023-11-21', 'weekday': 'Martedì'},\n           {'date': '2023-11-22', 'weekday': 'Mercoledì'},\n           {'date': '2023-11-23', 'weekday': 'Giovedì'},\n           {'date': '2023-11-24', 'weekday': 'Venerdì'},\n           {'date': '2023-11-25', 'weekday': 'Sabato'},\n           {'date': '2023-11-26', 'weekday': 'Domenica'},\n           {'date': '2023-11-27', 'weekday': 'Lunedì'},\n           {'date': '2023-11-28', 'weekday': 'Martedì'},\n           {'date': '2023-11-29', 'weekday': 'Mercoledì'},\n           {'date': '2023-11-30', 'weekday': 'Giovedì'},\n           {'date': '2023-12-01', 'weekday': 'Venerdì'},\n           {'date': '2023-12-02', 'weekday': 'Sabato'},\n           {'date': '2023-12-03', 'weekday': 'Domenica'},\n           {'date': '2023-12-04', 'weekday': 'Lunedì'},\n           {'date': '2023-12-05', 'weekday': 'Martedì'},\n           {'date': '2023-12-06', 'weekday': 'Mercoledì'},\n           {'date': '2023-12-07', 'weekday': 'Giovedì'},\n           {'date': '2023-12-08', 'weekday': 'Venerdì'},\n           {'date': '2023-12-09', 'weekday': 'Sabato'},\n           {'date': '2023-12-10', 'weekday': 'Domenica'},\n           {'date': '2023-12-11', 'weekday': 'Lunedì'},\n           {'date': '2023-12-12', 'weekday': 'Martedì'},\n           {'date': '2023-12-13', 'weekday': 'Mercoledì'},\n           {'date': '2023-12-14', 'weekday': 'Giovedì'},\n           {'date': '2023-12-15', 'weekday': 'Venerdì'},\n           {'date': '2023-12-16', 'weekday': 'Sabato'},\n           {'date': '2023-12-17', 'weekday': 'Domenica'},\n           {'date': '2023-12-18', 'weekday': 'Lunedì'},\n           {'date': '2023-12-19', 'weekday': 'Martedì'},\n           {'date': '2023-12-20', 'weekday': 'Mercoled\udcc3", 14297, 14298, 'surrogates not allowed'))
[2026-01-28T20:47:12.800+0000] {logging_mixin.py:188} WARNING - --- Logging error ---
[2026-01-28T20:47:12.801+0000] {logging_mixin.py:188} WARNING - Traceback (most recent call last):
[2026-01-28T20:47:12.801+0000] {logging_mixin.py:188} WARNING -   File "/home/airflow/.local/lib/python3.11/site-packages/docker/api/client.py", line 265, in _raise_for_status
    response.raise_for_status()
[2026-01-28T20:47:12.801+0000] {logging_mixin.py:188} WARNING -   File "/home/airflow/.local/lib/python3.11/site-packages/requests/models.py", line 1021, in raise_for_status
    raise HTTPError(http_error_msg, response=self)
[2026-01-28T20:47:12.801+0000] {logging_mixin.py:188} WARNING - requests.exceptions.HTTPError: 400 Client Error: Bad Request for url: http+docker://localhost/v1.52/containers/create
[2026-01-28T20:47:12.802+0000] {logging_mixin.py:188} WARNING - 
The above exception was the direct cause of the following exception:
[2026-01-28T20:47:12.802+0000] {logging_mixin.py:188} WARNING - Traceback (most recent call last):
[2026-01-28T20:47:12.802+0000] {logging_mixin.py:188} WARNING -   File "/home/airflow/.local/lib/python3.11/site-packages/airflow/providers/docker/operators/docker.py", line 364, in _run_image
    return self._run_image_with_mounts([*self.mounts, tmp_mount], add_tmp_variable=True)
           ^^^^^^^^^^^^^^^^^^^^^^^^^^^^^^^^^^^^^^^^^^^^^^^^^^^^^^^^^^^^^^^^^^^^^^^^^^^^^
[2026-01-28T20:47:12.802+0000] {logging_mixin.py:188} WARNING -   File "/home/airflow/.local/lib/python3.11/site-packages/airflow/providers/docker/operators/docker.py", line 391, in _run_image_with_mounts
    self.container = self.cli.create_container(
                     ^^^^^^^^^^^^^^^^^^^^^^^^^^
[2026-01-28T20:47:12.803+0000] {logging_mixin.py:188} WARNING -   File "/home/airflow/.local/lib/python3.11/site-packages/docker/api/container.py", line 439, in create_container
    return self.create_container_from_config(config, name, platform)
           ^^^^^^^^^^^^^^^^^^^^^^^^^^^^^^^^^^^^^^^^^^^^^^^^^^^^^^^^^
[2026-01-28T20:47:12.803+0000] {logging_mixin.py:188} WARNING -   File "/home/airflow/.local/lib/python3.11/site-packages/docker/api/container.py", line 456, in create_container_from_config
    return self._result(res, True)
           ^^^^^^^^^^^^^^^^^^^^^^^
[2026-01-28T20:47:12.803+0000] {logging_mixin.py:188} WARNING -   File "/home/airflow/.local/lib/python3.11/site-packages/docker/api/client.py", line 271, in _result
    self._raise_for_status(response)
[2026-01-28T20:47:12.803+0000] {logging_mixin.py:188} WARNING -   File "/home/airflow/.local/lib/python3.11/site-packages/docker/api/client.py", line 267, in _raise_for_status
    raise create_api_error_from_http_exception(e) from e
          ^^^^^^^^^^^^^^^^^^^^^^^^^^^^^^^^^^^^^^^
[2026-01-28T20:47:12.804+0000] {logging_mixin.py:188} WARNING -   File "/home/airflow/.local/lib/python3.11/site-packages/docker/errors.py", line 39, in create_api_error_from_http_exception
    raise cls(e, response=response, explanation=explanation) from e
[2026-01-28T20:47:12.804+0000] {logging_mixin.py:188} WARNING - docker.errors.APIError: 400 Client Error for http+docker://localhost/v1.52/containers/create: Bad Request ("invalid mount config for type "bind": bind source path does not exist: /host_mnt/private/tmp/airflowtmptx0u303w")
[2026-01-28T20:47:12.804+0000] {logging_mixin.py:188} WARNING - 
During handling of the above exception, another exception occurred:
[2026-01-28T20:47:12.804+0000] {logging_mixin.py:188} WARNING - Traceback (most recent call last):
[2026-01-28T20:47:12.805+0000] {logging_mixin.py:188} WARNING -   File "/usr/local/lib/python3.11/logging/__init__.py", line 1113, in emit
    stream.write(msg + self.terminator)
[2026-01-28T20:47:12.805+0000] {logging_mixin.py:188} WARNING - UnicodeEncodeError: 'utf-8' codec can't encode character '\udcc3' in position 14351: surrogates not allowed
[2026-01-28T20:47:12.805+0000] {logging_mixin.py:188} WARNING - Call stack:
[2026-01-28T20:47:12.806+0000] {logging_mixin.py:188} WARNING -   File "/home/airflow/.local/bin/airflow", line 8, in <module>
    sys.exit(main())
[2026-01-28T20:47:12.806+0000] {logging_mixin.py:188} WARNING -   File "/home/airflow/.local/lib/python3.11/site-packages/airflow/__main__.py", line 57, in main
    args.func(args)
[2026-01-28T20:47:12.806+0000] {logging_mixin.py:188} WARNING -   File "/home/airflow/.local/lib/python3.11/site-packages/airflow/cli/cli_config.py", line 49, in command
    return func(*args, **kwargs)
[2026-01-28T20:47:12.806+0000] {logging_mixin.py:188} WARNING -   File "/home/airflow/.local/lib/python3.11/site-packages/airflow/utils/cli.py", line 114, in wrapper
    return f(*args, **kwargs)
[2026-01-28T20:47:12.806+0000] {logging_mixin.py:188} WARNING -   File "/home/airflow/.local/lib/python3.11/site-packages/airflow/utils/providers_configuration_loader.py", line 55, in wrapped_function
    return func(*args, **kwargs)
[2026-01-28T20:47:12.807+0000] {logging_mixin.py:188} WARNING -   File "/home/airflow/.local/lib/python3.11/site-packages/airflow/cli/commands/scheduler_command.py", line 67, in scheduler
    run_command_with_daemon_option(
[2026-01-28T20:47:12.807+0000] {logging_mixin.py:188} WARNING -   File "/home/airflow/.local/lib/python3.11/site-packages/airflow/cli/commands/daemon_utils.py", line 86, in run_command_with_daemon_option
    callback()
[2026-01-28T20:47:12.807+0000] {logging_mixin.py:188} WARNING -   File "/home/airflow/.local/lib/python3.11/site-packages/airflow/cli/commands/scheduler_command.py", line 70, in <lambda>
    callback=lambda: _run_scheduler_job(args),
[2026-01-28T20:47:12.807+0000] {logging_mixin.py:188} WARNING -   File "/home/airflow/.local/lib/python3.11/site-packages/airflow/cli/commands/scheduler_command.py", line 52, in _run_scheduler_job
    run_job(job=job_runner.job, execute_callable=job_runner._execute)
[2026-01-28T20:47:12.807+0000] {logging_mixin.py:188} WARNING -   File "/home/airflow/.local/lib/python3.11/site-packages/airflow/utils/session.py", line 79, in wrapper
    return func(*args, session=session, **kwargs)
[2026-01-28T20:47:12.808+0000] {logging_mixin.py:188} WARNING -   File "/home/airflow/.local/lib/python3.11/site-packages/airflow/jobs/job.py", line 393, in run_job
    return execute_job(job, execute_callable=execute_callable)
[2026-01-28T20:47:12.808+0000] {logging_mixin.py:188} WARNING -   File "/home/airflow/.local/lib/python3.11/site-packages/airflow/jobs/job.py", line 422, in execute_job
    ret = execute_callable()
[2026-01-28T20:47:12.808+0000] {logging_mixin.py:188} WARNING -   File "/home/airflow/.local/lib/python3.11/site-packages/airflow/jobs/scheduler_job_runner.py", line 846, in _execute
    self.job.executor.start()
[2026-01-28T20:47:12.808+0000] {logging_mixin.py:188} WARNING -   File "/home/airflow/.local/lib/python3.11/site-packages/airflow/executors/local_executor.py", line 372, in start
    self.impl.start()
[2026-01-28T20:47:12.809+0000] {logging_mixin.py:188} WARNING -   File "/home/airflow/.local/lib/python3.11/site-packages/airflow/executors/local_executor.py", line 311, in start
    worker.start()
[2026-01-28T20:47:12.809+0000] {logging_mixin.py:188} WARNING -   File "/usr/local/lib/python3.11/multiprocessing/process.py", line 121, in start
    self._popen = self._Popen(self)
[2026-01-28T20:47:12.809+0000] {logging_mixin.py:188} WARNING -   File "/usr/local/lib/python3.11/multiprocessing/context.py", line 224, in _Popen
    return _default_context.get_context().Process._Popen(process_obj)
[2026-01-28T20:47:12.809+0000] {logging_mixin.py:188} WARNING -   File "/usr/local/lib/python3.11/multiprocessing/context.py", line 281, in _Popen
    return Popen(process_obj)
[2026-01-28T20:47:12.809+0000] {logging_mixin.py:188} WARNING -   File "/usr/local/lib/python3.11/multiprocessing/popen_fork.py", line 19, in __init__
    self._launch(process_obj)
[2026-01-28T20:47:12.810+0000] {logging_mixin.py:188} WARNING -   File "/usr/local/lib/python3.11/multiprocessing/popen_fork.py", line 71, in _launch
    code = process_obj._bootstrap(parent_sentinel=child_r)
[2026-01-28T20:47:12.810+0000] {logging_mixin.py:188} WARNING -   File "/usr/local/lib/python3.11/multiprocessing/process.py", line 314, in _bootstrap
    self.run()
[2026-01-28T20:47:12.810+0000] {logging_mixin.py:188} WARNING -   File "/home/airflow/.local/lib/python3.11/site-packages/airflow/executors/local_executor.py", line 77, in run
    return super().run()
[2026-01-28T20:47:12.810+0000] {logging_mixin.py:188} WARNING -   File "/usr/local/lib/python3.11/multiprocessing/process.py", line 108, in run
    self._target(*self._args, **self._kwargs)
[2026-01-28T20:47:12.810+0000] {logging_mixin.py:188} WARNING -   File "/home/airflow/.local/lib/python3.11/site-packages/airflow/executors/local_executor.py", line 201, in do_work
    self.execute_work(key=key, command=command)
[2026-01-28T20:47:12.811+0000] {logging_mixin.py:188} WARNING -   File "/home/airflow/.local/lib/python3.11/site-packages/airflow/executors/local_executor.py", line 94, in execute_work
    state = self._execute_work_in_fork(command)
[2026-01-28T20:47:12.811+0000] {logging_mixin.py:188} WARNING -   File "/home/airflow/.local/lib/python3.11/site-packages/airflow/executors/local_executor.py", line 134, in _execute_work_in_fork
    args.func(args)
[2026-01-28T20:47:12.811+0000] {logging_mixin.py:188} WARNING -   File "/home/airflow/.local/lib/python3.11/site-packages/airflow/cli/cli_config.py", line 49, in command
    return func(*args, **kwargs)
[2026-01-28T20:47:12.811+0000] {logging_mixin.py:188} WARNING -   File "/home/airflow/.local/lib/python3.11/site-packages/airflow/utils/cli.py", line 114, in wrapper
    return f(*args, **kwargs)
[2026-01-28T20:47:12.811+0000] {logging_mixin.py:188} WARNING -   File "/home/airflow/.local/lib/python3.11/site-packages/airflow/cli/commands/task_command.py", line 438, in task_run
    task_return_code = _run_task_by_selected_method(args, _dag, ti)
[2026-01-28T20:47:12.812+0000] {logging_mixin.py:188} WARNING -   File "/home/airflow/.local/lib/python3.11/site-packages/airflow/cli/commands/task_command.py", line 216, in _run_task_by_selected_method
    return _run_task_by_local_task_job(args, ti)
[2026-01-28T20:47:12.812+0000] {logging_mixin.py:188} WARNING -   File "/home/airflow/.local/lib/python3.11/site-packages/airflow/cli/commands/task_command.py", line 278, in _run_task_by_local_task_job
    ret = run_job(job=job_runner.job, execute_callable=job_runner._execute)
[2026-01-28T20:47:12.812+0000] {logging_mixin.py:188} WARNING -   File "/home/airflow/.local/lib/python3.11/site-packages/airflow/utils/session.py", line 79, in wrapper
    return func(*args, session=session, **kwargs)
[2026-01-28T20:47:12.812+0000] {logging_mixin.py:188} WARNING -   File "/home/airflow/.local/lib/python3.11/site-packages/airflow/jobs/job.py", line 393, in run_job
    return execute_job(job, execute_callable=execute_callable)
[2026-01-28T20:47:12.813+0000] {logging_mixin.py:188} WARNING -   File "/home/airflow/.local/lib/python3.11/site-packages/airflow/jobs/job.py", line 422, in execute_job
    ret = execute_callable()
[2026-01-28T20:47:12.813+0000] {logging_mixin.py:188} WARNING -   File "/home/airflow/.local/lib/python3.11/site-packages/airflow/jobs/local_task_job_runner.py", line 165, in _execute
    self.task_runner.start()
[2026-01-28T20:47:12.813+0000] {logging_mixin.py:188} WARNING -   File "/home/airflow/.local/lib/python3.11/site-packages/airflow/task/task_runner/standard_task_runner.py", line 48, in start
    self.process = self._start_by_fork()
[2026-01-28T20:47:12.813+0000] {logging_mixin.py:188} WARNING -   File "/home/airflow/.local/lib/python3.11/site-packages/airflow/task/task_runner/standard_task_runner.py", line 100, in _start_by_fork
    ret = args.func(args, dag=self.dag)
[2026-01-28T20:47:12.814+0000] {logging_mixin.py:188} WARNING -   File "/home/airflow/.local/lib/python3.11/site-packages/airflow/cli/cli_config.py", line 49, in command
    return func(*args, **kwargs)
[2026-01-28T20:47:12.814+0000] {logging_mixin.py:188} WARNING -   File "/home/airflow/.local/lib/python3.11/site-packages/airflow/utils/cli.py", line 114, in wrapper
    return f(*args, **kwargs)
[2026-01-28T20:47:12.814+0000] {logging_mixin.py:188} WARNING -   File "/home/airflow/.local/lib/python3.11/site-packages/airflow/cli/commands/task_command.py", line 438, in task_run
    task_return_code = _run_task_by_selected_method(args, _dag, ti)
[2026-01-28T20:47:12.814+0000] {logging_mixin.py:188} WARNING -   File "/home/airflow/.local/lib/python3.11/site-packages/airflow/cli/commands/task_command.py", line 218, in _run_task_by_selected_method
    return _run_raw_task(args, ti)
[2026-01-28T20:47:12.814+0000] {logging_mixin.py:188} WARNING -   File "/home/airflow/.local/lib/python3.11/site-packages/airflow/cli/commands/task_command.py", line 297, in _run_raw_task
    return ti._run_raw_task(
[2026-01-28T20:47:12.815+0000] {logging_mixin.py:188} WARNING -   File "/home/airflow/.local/lib/python3.11/site-packages/airflow/utils/session.py", line 79, in wrapper
    return func(*args, session=session, **kwargs)
[2026-01-28T20:47:12.815+0000] {logging_mixin.py:188} WARNING -   File "/home/airflow/.local/lib/python3.11/site-packages/airflow/models/taskinstance.py", line 2334, in _run_raw_task
    self._execute_task_with_callbacks(context, test_mode, session=session)
[2026-01-28T20:47:12.815+0000] {logging_mixin.py:188} WARNING -   File "/home/airflow/.local/lib/python3.11/site-packages/airflow/models/taskinstance.py", line 2499, in _execute_task_with_callbacks
    result = self._execute_task(context, task_orig)
[2026-01-28T20:47:12.815+0000] {logging_mixin.py:188} WARNING -   File "/home/airflow/.local/lib/python3.11/site-packages/airflow/models/taskinstance.py", line 2516, in _execute_task
    return _execute_task(self, context, task_orig)
[2026-01-28T20:47:12.816+0000] {logging_mixin.py:188} WARNING -   File "/home/airflow/.local/lib/python3.11/site-packages/airflow/models/taskinstance.py", line 433, in _execute_task
    result = execute_callable(context=context, **execute_callable_kwargs)
[2026-01-28T20:47:12.816+0000] {logging_mixin.py:188} WARNING -   File "/opt/airflow/dags/scrape_events.py", line 92, in execute
    return super().execute(context)
[2026-01-28T20:47:12.816+0000] {logging_mixin.py:188} WARNING -   File "/home/airflow/.local/lib/python3.11/site-packages/airflow/providers/docker/operators/docker.py", line 502, in execute
    return self._run_image()
[2026-01-28T20:47:12.817+0000] {logging_mixin.py:188} WARNING -   File "/home/airflow/.local/lib/python3.11/site-packages/airflow/providers/docker/operators/docker.py", line 373, in _run_image
    return self._run_image_with_mounts(self.mounts, add_tmp_variable=False)
[2026-01-28T20:47:12.817+0000] {logging_mixin.py:188} WARNING -   File "/home/airflow/.local/lib/python3.11/site-packages/airflow/providers/docker/operators/docker.py", line 429, in _run_image_with_mounts
    self.log.info("%s", log_chunk)
[2026-01-28T20:47:12.817+0000] {logging_mixin.py:188} WARNING -   File "/usr/local/lib/python3.11/logging/__init__.py", line 1489, in info
    self._log(INFO, msg, args, **kwargs)
[2026-01-28T20:47:12.817+0000] {logging_mixin.py:188} WARNING -   File "/usr/local/lib/python3.11/logging/__init__.py", line 1634, in _log
    self.handle(record)
[2026-01-28T20:47:12.818+0000] {logging_mixin.py:188} WARNING -   File "/usr/local/lib/python3.11/logging/__init__.py", line 1644, in handle
    self.callHandlers(record)
[2026-01-28T20:47:12.818+0000] {logging_mixin.py:188} WARNING -   File "/usr/local/lib/python3.11/logging/__init__.py", line 1706, in callHandlers
    hdlr.handle(record)
[2026-01-28T20:47:12.818+0000] {logging_mixin.py:188} WARNING -   File "/usr/local/lib/python3.11/logging/__init__.py", line 978, in handle
    self.emit(record)
[2026-01-28T20:47:12.818+0000] {logging_mixin.py:188} WARNING -   File "/home/airflow/.local/lib/python3.11/site-packages/airflow/utils/log/file_task_handler.py", line 247, in emit
    self.handler.emit(record)
[2026-01-28T20:47:12.819+0000] {logging_mixin.py:188} WARNING - Message: '%s'
Arguments: ("2026-01-28 20:47:12 [scrapy.core.scraper] DEBUG: Scraped from <200 https://www.napolitoday.it/eventi/sorrento-luoghi-di-lucio-passeggiate-aprile-maggio-2023.html>\n{'category': 'Escursioni',\n 'city': 'Napoli',\n 'content_hash': '7cf62da571cea2c3',\n 'date_end': '2027-05-04',\n 'date_start': '2023-04-20',\n 'dates': [{'date': '2023-04-20', 'weekday': 'Giovedì'},\n           {'date': '2023-04-21', 'weekday': 'Venerdì'},\n           {'date': '2023-04-22', 'weekday': 'Sabato'},\n           {'date': '2023-04-23', 'weekday': 'Domenica'},\n           {'date': '2023-04-24', 'weekday': 'Lunedì'},\n           {'date': '2023-04-25', 'weekday': 'Martedì'},\n           {'date': '2023-04-26', 'weekday': 'Mercoledì'},\n           {'date': '2023-04-27', 'weekday': 'Giovedì'},\n           {'date': '2023-04-28', 'weekday': 'Venerdì'},\n           {'date': '2023-04-29', 'weekday': 'Sabato'},\n           {'date': '2023-04-30', 'weekday': 'Domenica'},\n           {'date': '2023-05-01', 'weekday': 'Lunedì'},\n           {'date': '2023-05-02', 'weekday': 'Martedì'},\n           {'date': '2023-05-03', 'weekday': 'Mercoledì'},\n           {'date': '2023-05-04', 'weekday': 'Giovedì'},\n           {'date': '2023-05-05', 'weekday': 'Venerdì'},\n           {'date': '2023-05-06', 'weekday': 'Sabato'},\n           {'date': '2023-05-07', 'weekday': 'Domenica'},\n           {'date': '2023-05-08', 'weekday': 'Lunedì'},\n           {'date': '2023-05-09', 'weekday': 'Martedì'},\n           {'date': '2023-05-10', 'weekday': 'Mercoledì'},\n           {'date': '2023-05-11', 'weekday': 'Giovedì'},\n           {'date': '2023-05-12', 'weekday': 'Venerdì'},\n           {'date': '2023-05-13', 'weekday': 'Sabato'},\n           {'date': '2023-05-14', 'weekday': 'Domenica'},\n           {'date': '2023-05-15', 'weekday': 'Lunedì'},\n           {'date': '2023-05-16', 'weekday': 'Martedì'},\n           {'date': '2023-05-17', 'weekday': 'Mercoledì'},\n           {'date': '2023-05-18', 'weekday': 'Giovedì'},\n           {'date': '2023-05-19', 'weekday': 'Venerdì'},\n           {'date': '2023-05-20', 'weekday': 'Sabato'},\n           {'date': '2023-05-21', 'weekday': 'Domenica'},\n           {'date': '2023-05-22', 'weekday': 'Lunedì'},\n           {'date': '2023-05-23', 'weekday': 'Martedì'},\n           {'date': '2023-05-24', 'weekday': 'Mercoledì'},\n           {'date': '2023-05-25', 'weekday': 'Giovedì'},\n           {'date': '2023-05-26', 'weekday': 'Venerdì'},\n           {'date': '2023-05-27', 'weekday': 'Sabato'},\n           {'date': '2023-05-28', 'weekday': 'Domenica'},\n           {'date': '2023-05-29', 'weekday': 'Lunedì'},\n           {'date': '2023-05-30', 'weekday': 'Martedì'},\n           {'date': '2023-05-31', 'weekday': 'Mercoledì'},\n           {'date': '2023-06-01', 'weekday': 'Giovedì'},\n           {'date': '2023-06-02', 'weekday': 'Venerdì'},\n           {'date': '2023-06-03', 'weekday': 'Sabato'},\n           {'date': '2023-06-04', 'weekday': 'Domenica'},\n           {'date': '2023-06-05', 'weekday': 'Lunedì'},\n           {'date': '2023-06-06', 'weekday': 'Martedì'},\n           {'date': '2023-06-07', 'weekday': 'Mercoledì'},\n           {'date': '2023-06-08', 'weekday': 'Giovedì'},\n           {'date': '2023-06-09', 'weekday': 'Venerdì'},\n           {'date': '2023-06-10', 'weekday': 'Sabato'},\n           {'date': '2023-06-11', 'weekday': 'Domenica'},\n           {'date': '2023-06-12', 'weekday': 'Lunedì'},\n           {'date': '2023-06-13', 'weekday': 'Martedì'},\n           {'date': '2023-06-14', 'weekday': 'Mercoledì'},\n           {'date': '2023-06-15', 'weekday': 'Giovedì'},\n           {'date': '2023-06-16', 'weekday': 'Venerdì'},\n           {'date': '2023-06-17', 'weekday': 'Sabato'},\n           {'date': '2023-06-18', 'weekday': 'Domenica'},\n           {'date': '2023-06-19', 'weekday': 'Lunedì'},\n           {'date': '2023-06-20', 'weekday': 'Martedì'},\n           {'date': '2023-06-21', 'weekday': 'Mercoledì'},\n           {'date': '2023-06-22', 'weekday': 'Giovedì'},\n           {'date': '2023-06-23', 'weekday': 'Venerdì'},\n           {'date': '2023-06-24', 'weekday': 'Sabato'},\n           {'date': '2023-06-25', 'weekday': 'Domenica'},\n           {'date': '2023-06-26', 'weekday': 'Lunedì'},\n           {'date': '2023-06-27', 'weekday': 'Martedì'},\n           {'date': '2023-06-28', 'weekday': 'Mercoledì'},\n           {'date': '2023-06-29', 'weekday': 'Giovedì'},\n           {'date': '2023-06-30', 'weekday': 'Venerdì'},\n           {'date': '2023-07-01', 'weekday': 'Sabato'},\n           {'date': '2023-07-02', 'weekday': 'Domenica'},\n           {'date': '2023-07-03', 'weekday': 'Lunedì'},\n           {'date': '2023-07-04', 'weekday': 'Martedì'},\n           {'date': '2023-07-05', 'weekday': 'Mercoledì'},\n           {'date': '2023-07-06', 'weekday': 'Giovedì'},\n           {'date': '2023-07-07', 'weekday': 'Venerdì'},\n           {'date': '2023-07-08', 'weekday': 'Sabato'},\n           {'date': '2023-07-09', 'weekday': 'Domenica'},\n           {'date': '2023-07-10', 'weekday': 'Lunedì'},\n           {'date': '2023-07-11', 'weekday': 'Martedì'},\n           {'date': '2023-07-12', 'weekday': 'Mercoledì'},\n           {'date': '2023-07-13', 'weekday': 'Giovedì'},\n           {'date': '2023-07-14', 'weekday': 'Venerdì'},\n           {'date': '2023-07-15', 'weekday': 'Sabato'},\n           {'date': '2023-07-16', 'weekday': 'Domenica'},\n           {'date': '2023-07-17', 'weekday': 'Lunedì'},\n           {'date': '2023-07-18', 'weekday': 'Martedì'},\n           {'date': '2023-07-19', 'weekday': 'Mercoledì'},\n           {'date': '2023-07-20', 'weekday': 'Giovedì'},\n           {'date': '2023-07-21', 'weekday': 'Venerdì'},\n           {'date': '2023-07-22', 'weekday': 'Sabato'},\n           {'date': '2023-07-23', 'weekday': 'Domenica'},\n           {'date': '2023-07-24', 'weekday': 'Lunedì'},\n           {'date': '2023-07-25', 'weekday': 'Martedì'},\n           {'date': '2023-07-26', 'weekday': 'Mercoledì'},\n           {'date': '2023-07-27', 'weekday': 'Giovedì'},\n           {'date': '2023-07-28', 'weekday': 'Venerdì'},\n           {'date': '2023-07-29', 'weekday': 'Sabato'},\n           {'date': '2023-07-30', 'weekday': 'Domenica'},\n           {'date': '2023-07-31', 'weekday': 'Lunedì'},\n           {'date': '2023-08-01', 'weekday': 'Martedì'},\n           {'date': '2023-08-02', 'weekday': 'Mercoledì'},\n           {'date': '2023-08-03', 'weekday': 'Giovedì'},\n           {'date': '2023-08-04', 'weekday': 'Venerdì'},\n           {'date': '2023-08-05', 'weekday': 'Sabato'},\n           {'date': '2023-08-06', 'weekday': 'Domenica'},\n           {'date': '2023-08-07', 'weekday': 'Lunedì'},\n           {'date': '2023-08-08', 'weekday': 'Martedì'},\n           {'date': '2023-08-09', 'weekday': 'Mercoledì'},\n           {'date': '2023-08-10', 'weekday': 'Giovedì'},\n           {'date': '2023-08-11', 'weekday': 'Venerdì'},\n           {'date': '2023-08-12', 'weekday': 'Sabato'},\n           {'date': '2023-08-13', 'weekday': 'Domenica'},\n           {'date': '2023-08-14', 'weekday': 'Lunedì'},\n           {'date': '2023-08-15', 'weekday': 'Martedì'},\n           {'date': '2023-08-16', 'weekday': 'Mercoledì'},\n           {'date': '2023-08-17', 'weekday': 'Giovedì'},\n           {'date': '2023-08-18', 'weekday': 'Venerdì'},\n           {'date': '2023-08-19', 'weekday': 'Sabato'},\n           {'date': '2023-08-20', 'weekday': 'Domenica'},\n           {'date': '2023-08-21', 'weekday': 'Lunedì'},\n           {'date': '2023-08-22', 'weekday': 'Martedì'},\n           {'date': '2023-08-23', 'weekday': 'Mercoledì'},\n           {'date': '2023-08-24', 'weekday': 'Giovedì'},\n           {'date': '2023-08-25', 'weekday': 'Venerdì'},\n           {'date': '2023-08-26', 'weekday': 'Sabato'},\n           {'date': '2023-08-27', 'weekday': 'Domenica'},\n           {'date': '2023-08-28', 'weekday': 'Lunedì'},\n           {'date': '2023-08-29', 'weekday': 'Martedì'},\n           {'date': '2023-08-30', 'weekday': 'Mercoledì'},\n           {'date': '2023-08-31', 'weekday': 'Giovedì'},\n           {'date': '2023-09-01', 'weekday': 'Venerdì'},\n           {'date': '2023-09-02', 'weekday': 'Sabato'},\n           {'date': '2023-09-03', 'weekday': 'Domenica'},\n           {'date': '2023-09-04', 'weekday': 'Lunedì'},\n           {'date': '2023-09-05', 'weekday': 'Martedì'},\n           {'date': '2023-09-06', 'weekday': 'Mercoledì'},\n           {'date': '2023-09-07', 'weekday': 'Giovedì'},\n           {'date': '2023-09-08', 'weekday': 'Venerdì'},\n           {'date': '2023-09-09', 'weekday': 'Sabato'},\n           {'date': '2023-09-10', 'weekday': 'Domenica'},\n           {'date': '2023-09-11', 'weekday': 'Lunedì'},\n           {'date': '2023-09-12', 'weekday': 'Martedì'},\n           {'date': '2023-09-13', 'weekday': 'Mercoledì'},\n           {'date': '2023-09-14', 'weekday': 'Giovedì'},\n           {'date': '2023-09-15', 'weekday': 'Venerdì'},\n           {'date': '2023-09-16', 'weekday': 'Sabato'},\n           {'date': '2023-09-17', 'weekday': 'Domenica'},\n           {'date': '2023-09-18', 'weekday': 'Lunedì'},\n           {'date': '2023-09-19', 'weekday': 'Martedì'},\n           {'date': '2023-09-20', 'weekday': 'Mercoledì'},\n           {'date': '2023-09-21', 'weekday': 'Giovedì'},\n           {'date': '2023-09-22', 'weekday': 'Venerdì'},\n           {'date': '2023-09-23', 'weekday': 'Sabato'},\n           {'date': '2023-09-24', 'weekday': 'Domenica'},\n           {'date': '2023-09-25', 'weekday': 'Lunedì'},\n           {'date': '2023-09-26', 'weekday': 'Martedì'},\n           {'date': '2023-09-27', 'weekday': 'Mercoledì'},\n           {'date': '2023-09-28', 'weekday': 'Giovedì'},\n           {'date': '2023-09-29', 'weekday': 'Venerdì'},\n           {'date': '2023-09-30', 'weekday': 'Sabato'},\n           {'date': '2023-10-01', 'weekday': 'Domenica'},\n           {'date': '2023-10-02', 'weekday': 'Lunedì'},\n           {'date': '2023-10-03', 'weekday': 'Martedì'},\n           {'date': '2023-10-04', 'weekday': 'Mercoledì'},\n           {'date': '2023-10-05', 'weekday': 'Giovedì'},\n           {'date': '2023-10-06', 'weekday': 'Venerdì'},\n           {'date': '2023-10-07', 'weekday': 'Sabato'},\n           {'date': '2023-10-08', 'weekday': 'Domenica'},\n           {'date': '2023-10-09', 'weekday': 'Lunedì'},\n           {'date': '2023-10-10', 'weekday': 'Martedì'},\n           {'date': '2023-10-11', 'weekday': 'Mercoledì'},\n           {'date': '2023-10-12', 'weekday': 'Giovedì'},\n           {'date': '2023-10-13', 'weekday': 'Venerdì'},\n           {'date': '2023-10-14', 'weekday': 'Sabato'},\n           {'date': '2023-10-15', 'weekday': 'Domenica'},\n           {'date': '2023-10-16', 'weekday': 'Lunedì'},\n           {'date': '2023-10-17', 'weekday': 'Martedì'},\n           {'date': '2023-10-18', 'weekday': 'Mercoledì'},\n           {'date': '2023-10-19', 'weekday': 'Giovedì'},\n           {'date': '2023-10-20', 'weekday': 'Venerdì'},\n           {'date': '2023-10-21', 'weekday': 'Sabato'},\n           {'date': '2023-10-22', 'weekday': 'Domenica'},\n           {'date': '2023-10-23', 'weekday': 'Lunedì'},\n           {'date': '2023-10-24', 'weekday': 'Martedì'},\n           {'date': '2023-10-25', 'weekday': 'Mercoledì'},\n           {'date': '2023-10-26', 'weekday': 'Giovedì'},\n           {'date': '2023-10-27', 'weekday': 'Venerdì'},\n           {'date': '2023-10-28', 'weekday': 'Sabato'},\n           {'date': '2023-10-29', 'weekday': 'Domenica'},\n           {'date': '2023-10-30', 'weekday': 'Lunedì'},\n           {'date': '2023-10-31', 'weekday': 'Martedì'},\n           {'date': '2023-11-01', 'weekday': 'Mercoledì'},\n           {'date': '2023-11-02', 'weekday': 'Giovedì'},\n           {'date': '2023-11-03', 'weekday': 'Venerdì'},\n           {'date': '2023-11-04', 'weekday': 'Sabato'},\n           {'date': '2023-11-05', 'weekday': 'Domenica'},\n           {'date': '2023-11-06', 'weekday': 'Lunedì'},\n           {'date': '2023-11-07', 'weekday': 'Martedì'},\n           {'date': '2023-11-08', 'weekday': 'Mercoledì'},\n           {'date': '2023-11-09', 'weekday': 'Giovedì'},\n           {'date': '2023-11-10', 'weekday': 'Venerdì'},\n           {'date': '2023-11-11', 'weekday': 'Sabato'},\n           {'date': '2023-11-12', 'weekday': 'Domenica'},\n           {'date': '2023-11-13', 'weekday': 'Lunedì'},\n           {'date': '2023-11-14', 'weekday': 'Martedì'},\n           {'date': '2023-11-15', 'weekday': 'Mercoledì'},\n           {'date': '2023-11-16', 'weekday': 'Giovedì'},\n           {'date': '2023-11-17', 'weekday': 'Venerdì'},\n           {'date': '2023-11-18', 'weekday': 'Sabato'},\n           {'date': '2023-11-19', 'weekday': 'Domenica'},\n           {'date': '2023-11-20', 'weekday': 'Lunedì'},\n           {'date': '2023-11-21', 'weekday': 'Martedì'},\n           {'date': '2023-11-22', 'weekday': 'Mercoledì'},\n           {'date': '2023-11-23', 'weekday': 'Giovedì'},\n           {'date': '2023-11-24', 'weekday': 'Venerdì'},\n           {'date': '2023-11-25', 'weekday': 'Sabato'},\n           {'date': '2023-11-26', 'weekday': 'Domenica'},\n           {'date': '2023-11-27', 'weekday': 'Lunedì'},\n           {'date': '2023-11-28', 'weekday': 'Martedì'},\n           {'date': '2023-11-29', 'weekday': 'Mercoledì'},\n           {'date': '2023-11-30', 'weekday': 'Giovedì'},\n           {'date': '2023-12-01', 'weekday': 'Venerdì'},\n           {'date': '2023-12-02', 'weekday': 'Sabato'},\n           {'date': '2023-12-03', 'weekday': 'Domenica'},\n           {'date': '2023-12-04', 'weekday': 'Lunedì'},\n           {'date': '2023-12-05', 'weekday': 'Martedì'},\n           {'date': '2023-12-06', 'weekday': 'Mercoledì'},\n           {'date': '2023-12-07', 'weekday': 'Giovedì'},\n           {'date': '2023-12-08', 'weekday': 'Venerdì'},\n           {'date': '2023-12-09', 'weekday': 'Sabato'},\n           {'date': '2023-12-10', 'weekday': 'Domenica'},\n           {'date': '2023-12-11', 'weekday': 'Lunedì'},\n           {'date': '2023-12-12', 'weekday': 'Martedì'},\n           {'date': '2023-12-13', 'weekday': 'Mercoledì'},\n           {'date': '2023-12-14', 'weekday': 'Giovedì'},\n           {'date': '2023-12-15', 'weekday': 'Venerdì'},\n           {'date': '2023-12-16', 'weekday': 'Sabato'},\n           {'date': '2023-12-17', 'weekday': 'Domenica'},\n           {'date': '2023-12-18', 'weekday': 'Lunedì'},\n           {'date': '2023-12-19', 'weekday': 'Martedì'},\n           {'date': '2023-12-20', 'weekday': 'Mercoled\udcc3",)
[2026-01-28T20:47:12.819+0000] {logging_mixin.py:188} WARNING - --- Logging error ---
[2026-01-28T20:47:12.820+0000] {logging_mixin.py:188} WARNING - Traceback (most recent call last):
[2026-01-28T20:47:12.820+0000] {logging_mixin.py:188} WARNING -   File "/home/airflow/.local/lib/python3.11/site-packages/docker/api/client.py", line 265, in _raise_for_status
    response.raise_for_status()
[2026-01-28T20:47:12.820+0000] {logging_mixin.py:188} WARNING -   File "/home/airflow/.local/lib/python3.11/site-packages/requests/models.py", line 1021, in raise_for_status
    raise HTTPError(http_error_msg, response=self)
[2026-01-28T20:47:12.821+0000] {logging_mixin.py:188} WARNING - requests.exceptions.HTTPError: 400 Client Error: Bad Request for url: http+docker://localhost/v1.52/containers/create
[2026-01-28T20:47:12.821+0000] {logging_mixin.py:188} WARNING - 
The above exception was the direct cause of the following exception:
[2026-01-28T20:47:12.821+0000] {logging_mixin.py:188} WARNING - Traceback (most recent call last):
[2026-01-28T20:47:12.821+0000] {logging_mixin.py:188} WARNING -   File "/home/airflow/.local/lib/python3.11/site-packages/airflow/providers/docker/operators/docker.py", line 364, in _run_image
    return self._run_image_with_mounts([*self.mounts, tmp_mount], add_tmp_variable=True)
           ^^^^^^^^^^^^^^^^^^^^^^^^^^^^^^^^^^^^^^^^^^^^^^^^^^^^^^^^^^^^^^^^^^^^^^^^^^^^^
[2026-01-28T20:47:12.821+0000] {logging_mixin.py:188} WARNING -   File "/home/airflow/.local/lib/python3.11/site-packages/airflow/providers/docker/operators/docker.py", line 391, in _run_image_with_mounts
    self.container = self.cli.create_container(
                     ^^^^^^^^^^^^^^^^^^^^^^^^^^
[2026-01-28T20:47:12.822+0000] {logging_mixin.py:188} WARNING -   File "/home/airflow/.local/lib/python3.11/site-packages/docker/api/container.py", line 439, in create_container
    return self.create_container_from_config(config, name, platform)
           ^^^^^^^^^^^^^^^^^^^^^^^^^^^^^^^^^^^^^^^^^^^^^^^^^^^^^^^^^
[2026-01-28T20:47:12.822+0000] {logging_mixin.py:188} WARNING -   File "/home/airflow/.local/lib/python3.11/site-packages/docker/api/container.py", line 456, in create_container_from_config
    return self._result(res, True)
           ^^^^^^^^^^^^^^^^^^^^^^^
[2026-01-28T20:47:12.822+0000] {logging_mixin.py:188} WARNING -   File "/home/airflow/.local/lib/python3.11/site-packages/docker/api/client.py", line 271, in _result
    self._raise_for_status(response)
[2026-01-28T20:47:12.822+0000] {logging_mixin.py:188} WARNING -   File "/home/airflow/.local/lib/python3.11/site-packages/docker/api/client.py", line 267, in _raise_for_status
    raise create_api_error_from_http_exception(e) from e
          ^^^^^^^^^^^^^^^^^^^^^^^^^^^^^^^^^^^^^^^
[2026-01-28T20:47:12.823+0000] {logging_mixin.py:188} WARNING -   File "/home/airflow/.local/lib/python3.11/site-packages/docker/errors.py", line 39, in create_api_error_from_http_exception
    raise cls(e, response=response, explanation=explanation) from e
[2026-01-28T20:47:12.823+0000] {logging_mixin.py:188} WARNING - docker.errors.APIError: 400 Client Error for http+docker://localhost/v1.52/containers/create: Bad Request ("invalid mount config for type "bind": bind source path does not exist: /host_mnt/private/tmp/airflowtmptx0u303w")
[2026-01-28T20:47:12.823+0000] {logging_mixin.py:188} WARNING - 
During handling of the above exception, another exception occurred:
[2026-01-28T20:47:12.823+0000] {logging_mixin.py:188} WARNING - Traceback (most recent call last):
[2026-01-28T20:47:12.824+0000] {logging_mixin.py:188} WARNING -   File "/home/airflow/.local/lib/python3.11/site-packages/airflow/utils/log/secrets_masker.py", line 264, in _redact
    return self.replacer.sub("***", str(item))
           ^^^^^^^^^^^^^^^^^^^^^^^^^^^^^^^^^^^
[2026-01-28T20:47:12.824+0000] {logging_mixin.py:188} WARNING -   File "/home/airflow/.local/lib/python3.11/site-packages/re2.py", line 291, in sub
    joined_pieces, _ = self.subn(repl, text, count)
                       ^^^^^^^^^^^^^^^^^^^^^^^^^^^^
[2026-01-28T20:47:12.824+0000] {logging_mixin.py:188} WARNING -   File "/home/airflow/.local/lib/python3.11/site-packages/re2.py", line 286, in subn
    pieces, numsplit = self._split(cb, text, count)
                       ^^^^^^^^^^^^^^^^^^^^^^^^^^^^
[2026-01-28T20:47:12.824+0000] {logging_mixin.py:188} WARNING -   File "/home/airflow/.local/lib/python3.11/site-packages/re2.py", line 270, in _split
    for match in matchiter:
[2026-01-28T20:47:12.824+0000] {logging_mixin.py:188} WARNING -   File "/home/airflow/.local/lib/python3.11/site-packages/re2.py", line 173, in _match
    encoded_text = _encode(text)
                   ^^^^^^^^^^^^^
[2026-01-28T20:47:12.825+0000] {logging_mixin.py:188} WARNING -   File "/home/airflow/.local/lib/python3.11/site-packages/re2.py", line 105, in _encode
    return t.encode(encoding='utf-8')
           ^^^^^^^^^^^^^^^^^^^^^^^^^^
[2026-01-28T20:47:12.825+0000] {logging_mixin.py:188} WARNING - UnicodeEncodeError: 'utf-8' codec can't encode character '\udcac' in position 0: surrogates not allowed
[2026-01-28T20:47:12.825+0000] {logging_mixin.py:188} WARNING - 
During handling of the above exception, another exception occurred:
[2026-01-28T20:47:12.825+0000] {logging_mixin.py:188} WARNING - Traceback (most recent call last):
[2026-01-28T20:47:12.826+0000] {logging_mixin.py:188} WARNING -   File "/usr/local/lib/python3.11/logging/__init__.py", line 1113, in emit
    stream.write(msg + self.terminator)
[2026-01-28T20:47:12.826+0000] {logging_mixin.py:188} WARNING - UnicodeEncodeError: 'utf-8' codec can't encode character '\udcac' in position 96: surrogates not allowed
[2026-01-28T20:47:12.826+0000] {logging_mixin.py:188} WARNING - Call stack:
[2026-01-28T20:47:12.827+0000] {logging_mixin.py:188} WARNING -   File "/home/airflow/.local/bin/airflow", line 8, in <module>
    sys.exit(main())
[2026-01-28T20:47:12.827+0000] {logging_mixin.py:188} WARNING -   File "/home/airflow/.local/lib/python3.11/site-packages/airflow/__main__.py", line 57, in main
    args.func(args)
[2026-01-28T20:47:12.827+0000] {logging_mixin.py:188} WARNING -   File "/home/airflow/.local/lib/python3.11/site-packages/airflow/cli/cli_config.py", line 49, in command
    return func(*args, **kwargs)
[2026-01-28T20:47:12.827+0000] {logging_mixin.py:188} WARNING -   File "/home/airflow/.local/lib/python3.11/site-packages/airflow/utils/cli.py", line 114, in wrapper
    return f(*args, **kwargs)
[2026-01-28T20:47:12.827+0000] {logging_mixin.py:188} WARNING -   File "/home/airflow/.local/lib/python3.11/site-packages/airflow/utils/providers_configuration_loader.py", line 55, in wrapped_function
    return func(*args, **kwargs)
[2026-01-28T20:47:12.828+0000] {logging_mixin.py:188} WARNING -   File "/home/airflow/.local/lib/python3.11/site-packages/airflow/cli/commands/scheduler_command.py", line 67, in scheduler
    run_command_with_daemon_option(
[2026-01-28T20:47:12.828+0000] {logging_mixin.py:188} WARNING -   File "/home/airflow/.local/lib/python3.11/site-packages/airflow/cli/commands/daemon_utils.py", line 86, in run_command_with_daemon_option
    callback()
[2026-01-28T20:47:12.828+0000] {logging_mixin.py:188} WARNING -   File "/home/airflow/.local/lib/python3.11/site-packages/airflow/cli/commands/scheduler_command.py", line 70, in <lambda>
    callback=lambda: _run_scheduler_job(args),
[2026-01-28T20:47:12.828+0000] {logging_mixin.py:188} WARNING -   File "/home/airflow/.local/lib/python3.11/site-packages/airflow/cli/commands/scheduler_command.py", line 52, in _run_scheduler_job
    run_job(job=job_runner.job, execute_callable=job_runner._execute)
[2026-01-28T20:47:12.828+0000] {logging_mixin.py:188} WARNING -   File "/home/airflow/.local/lib/python3.11/site-packages/airflow/utils/session.py", line 79, in wrapper
    return func(*args, session=session, **kwargs)
[2026-01-28T20:47:12.829+0000] {logging_mixin.py:188} WARNING -   File "/home/airflow/.local/lib/python3.11/site-packages/airflow/jobs/job.py", line 393, in run_job
    return execute_job(job, execute_callable=execute_callable)
[2026-01-28T20:47:12.829+0000] {logging_mixin.py:188} WARNING -   File "/home/airflow/.local/lib/python3.11/site-packages/airflow/jobs/job.py", line 422, in execute_job
    ret = execute_callable()
[2026-01-28T20:47:12.829+0000] {logging_mixin.py:188} WARNING -   File "/home/airflow/.local/lib/python3.11/site-packages/airflow/jobs/scheduler_job_runner.py", line 846, in _execute
    self.job.executor.start()
[2026-01-28T20:47:12.829+0000] {logging_mixin.py:188} WARNING -   File "/home/airflow/.local/lib/python3.11/site-packages/airflow/executors/local_executor.py", line 372, in start
    self.impl.start()
[2026-01-28T20:47:12.830+0000] {logging_mixin.py:188} WARNING -   File "/home/airflow/.local/lib/python3.11/site-packages/airflow/executors/local_executor.py", line 311, in start
    worker.start()
[2026-01-28T20:47:12.830+0000] {logging_mixin.py:188} WARNING -   File "/usr/local/lib/python3.11/multiprocessing/process.py", line 121, in start
    self._popen = self._Popen(self)
[2026-01-28T20:47:12.830+0000] {logging_mixin.py:188} WARNING -   File "/usr/local/lib/python3.11/multiprocessing/context.py", line 224, in _Popen
    return _default_context.get_context().Process._Popen(process_obj)
[2026-01-28T20:47:12.830+0000] {logging_mixin.py:188} WARNING -   File "/usr/local/lib/python3.11/multiprocessing/context.py", line 281, in _Popen
    return Popen(process_obj)
[2026-01-28T20:47:12.830+0000] {logging_mixin.py:188} WARNING -   File "/usr/local/lib/python3.11/multiprocessing/popen_fork.py", line 19, in __init__
    self._launch(process_obj)
[2026-01-28T20:47:12.830+0000] {logging_mixin.py:188} WARNING -   File "/usr/local/lib/python3.11/multiprocessing/popen_fork.py", line 71, in _launch
    code = process_obj._bootstrap(parent_sentinel=child_r)
[2026-01-28T20:47:12.831+0000] {logging_mixin.py:188} WARNING -   File "/usr/local/lib/python3.11/multiprocessing/process.py", line 314, in _bootstrap
    self.run()
[2026-01-28T20:47:12.831+0000] {logging_mixin.py:188} WARNING -   File "/home/airflow/.local/lib/python3.11/site-packages/airflow/executors/local_executor.py", line 77, in run
    return super().run()
[2026-01-28T20:47:12.831+0000] {logging_mixin.py:188} WARNING -   File "/usr/local/lib/python3.11/multiprocessing/process.py", line 108, in run
    self._target(*self._args, **self._kwargs)
[2026-01-28T20:47:12.831+0000] {logging_mixin.py:188} WARNING -   File "/home/airflow/.local/lib/python3.11/site-packages/airflow/executors/local_executor.py", line 201, in do_work
    self.execute_work(key=key, command=command)
[2026-01-28T20:47:12.831+0000] {logging_mixin.py:188} WARNING -   File "/home/airflow/.local/lib/python3.11/site-packages/airflow/executors/local_executor.py", line 94, in execute_work
    state = self._execute_work_in_fork(command)
[2026-01-28T20:47:12.832+0000] {logging_mixin.py:188} WARNING -   File "/home/airflow/.local/lib/python3.11/site-packages/airflow/executors/local_executor.py", line 134, in _execute_work_in_fork
    args.func(args)
[2026-01-28T20:47:12.832+0000] {logging_mixin.py:188} WARNING -   File "/home/airflow/.local/lib/python3.11/site-packages/airflow/cli/cli_config.py", line 49, in command
    return func(*args, **kwargs)
[2026-01-28T20:47:12.832+0000] {logging_mixin.py:188} WARNING -   File "/home/airflow/.local/lib/python3.11/site-packages/airflow/utils/cli.py", line 114, in wrapper
    return f(*args, **kwargs)
[2026-01-28T20:47:12.832+0000] {logging_mixin.py:188} WARNING -   File "/home/airflow/.local/lib/python3.11/site-packages/airflow/cli/commands/task_command.py", line 438, in task_run
    task_return_code = _run_task_by_selected_method(args, _dag, ti)
[2026-01-28T20:47:12.833+0000] {logging_mixin.py:188} WARNING -   File "/home/airflow/.local/lib/python3.11/site-packages/airflow/cli/commands/task_command.py", line 216, in _run_task_by_selected_method
    return _run_task_by_local_task_job(args, ti)
[2026-01-28T20:47:12.833+0000] {logging_mixin.py:188} WARNING -   File "/home/airflow/.local/lib/python3.11/site-packages/airflow/cli/commands/task_command.py", line 278, in _run_task_by_local_task_job
    ret = run_job(job=job_runner.job, execute_callable=job_runner._execute)
[2026-01-28T20:47:12.833+0000] {logging_mixin.py:188} WARNING -   File "/home/airflow/.local/lib/python3.11/site-packages/airflow/utils/session.py", line 79, in wrapper
    return func(*args, session=session, **kwargs)
[2026-01-28T20:47:12.833+0000] {logging_mixin.py:188} WARNING -   File "/home/airflow/.local/lib/python3.11/site-packages/airflow/jobs/job.py", line 393, in run_job
    return execute_job(job, execute_callable=execute_callable)
[2026-01-28T20:47:12.833+0000] {logging_mixin.py:188} WARNING -   File "/home/airflow/.local/lib/python3.11/site-packages/airflow/jobs/job.py", line 422, in execute_job
    ret = execute_callable()
[2026-01-28T20:47:12.834+0000] {logging_mixin.py:188} WARNING -   File "/home/airflow/.local/lib/python3.11/site-packages/airflow/jobs/local_task_job_runner.py", line 165, in _execute
    self.task_runner.start()
[2026-01-28T20:47:12.834+0000] {logging_mixin.py:188} WARNING -   File "/home/airflow/.local/lib/python3.11/site-packages/airflow/task/task_runner/standard_task_runner.py", line 48, in start
    self.process = self._start_by_fork()
[2026-01-28T20:47:12.834+0000] {logging_mixin.py:188} WARNING -   File "/home/airflow/.local/lib/python3.11/site-packages/airflow/task/task_runner/standard_task_runner.py", line 100, in _start_by_fork
    ret = args.func(args, dag=self.dag)
[2026-01-28T20:47:12.834+0000] {logging_mixin.py:188} WARNING -   File "/home/airflow/.local/lib/python3.11/site-packages/airflow/cli/cli_config.py", line 49, in command
    return func(*args, **kwargs)
[2026-01-28T20:47:12.834+0000] {logging_mixin.py:188} WARNING -   File "/home/airflow/.local/lib/python3.11/site-packages/airflow/utils/cli.py", line 114, in wrapper
    return f(*args, **kwargs)
[2026-01-28T20:47:12.835+0000] {logging_mixin.py:188} WARNING -   File "/home/airflow/.local/lib/python3.11/site-packages/airflow/cli/commands/task_command.py", line 438, in task_run
    task_return_code = _run_task_by_selected_method(args, _dag, ti)
[2026-01-28T20:47:12.835+0000] {logging_mixin.py:188} WARNING -   File "/home/airflow/.local/lib/python3.11/site-packages/airflow/cli/commands/task_command.py", line 218, in _run_task_by_selected_method
    return _run_raw_task(args, ti)
[2026-01-28T20:47:12.835+0000] {logging_mixin.py:188} WARNING -   File "/home/airflow/.local/lib/python3.11/site-packages/airflow/cli/commands/task_command.py", line 297, in _run_raw_task
    return ti._run_raw_task(
[2026-01-28T20:47:12.835+0000] {logging_mixin.py:188} WARNING -   File "/home/airflow/.local/lib/python3.11/site-packages/airflow/utils/session.py", line 79, in wrapper
    return func(*args, session=session, **kwargs)
[2026-01-28T20:47:12.835+0000] {logging_mixin.py:188} WARNING -   File "/home/airflow/.local/lib/python3.11/site-packages/airflow/models/taskinstance.py", line 2334, in _run_raw_task
    self._execute_task_with_callbacks(context, test_mode, session=session)
[2026-01-28T20:47:12.836+0000] {logging_mixin.py:188} WARNING -   File "/home/airflow/.local/lib/python3.11/site-packages/airflow/models/taskinstance.py", line 2499, in _execute_task_with_callbacks
    result = self._execute_task(context, task_orig)
[2026-01-28T20:47:12.836+0000] {logging_mixin.py:188} WARNING -   File "/home/airflow/.local/lib/python3.11/site-packages/airflow/models/taskinstance.py", line 2516, in _execute_task
    return _execute_task(self, context, task_orig)
[2026-01-28T20:47:12.836+0000] {logging_mixin.py:188} WARNING -   File "/home/airflow/.local/lib/python3.11/site-packages/airflow/models/taskinstance.py", line 433, in _execute_task
    result = execute_callable(context=context, **execute_callable_kwargs)
[2026-01-28T20:47:12.836+0000] {logging_mixin.py:188} WARNING -   File "/opt/airflow/dags/scrape_events.py", line 92, in execute
    return super().execute(context)
[2026-01-28T20:47:12.836+0000] {logging_mixin.py:188} WARNING -   File "/home/airflow/.local/lib/python3.11/site-packages/airflow/providers/docker/operators/docker.py", line 502, in execute
    return self._run_image()
[2026-01-28T20:47:12.837+0000] {logging_mixin.py:188} WARNING -   File "/home/airflow/.local/lib/python3.11/site-packages/airflow/providers/docker/operators/docker.py", line 373, in _run_image
    return self._run_image_with_mounts(self.mounts, add_tmp_variable=False)
[2026-01-28T20:47:12.837+0000] {logging_mixin.py:188} WARNING -   File "/home/airflow/.local/lib/python3.11/site-packages/airflow/providers/docker/operators/docker.py", line 429, in _run_image_with_mounts
    self.log.info("%s", log_chunk)
[2026-01-28T20:47:12.837+0000] {logging_mixin.py:188} WARNING -   File "/usr/local/lib/python3.11/logging/__init__.py", line 1489, in info
    self._log(INFO, msg, args, **kwargs)
[2026-01-28T20:47:12.837+0000] {logging_mixin.py:188} WARNING -   File "/usr/local/lib/python3.11/logging/__init__.py", line 1634, in _log
    self.handle(record)
[2026-01-28T20:47:12.838+0000] {logging_mixin.py:188} WARNING -   File "/usr/local/lib/python3.11/logging/__init__.py", line 1644, in handle
    self.callHandlers(record)
[2026-01-28T20:47:12.838+0000] {logging_mixin.py:188} WARNING -   File "/usr/local/lib/python3.11/logging/__init__.py", line 1706, in callHandlers
    hdlr.handle(record)
[2026-01-28T20:47:12.838+0000] {logging_mixin.py:188} WARNING -   File "/usr/local/lib/python3.11/logging/__init__.py", line 974, in handle
    rv = self.filter(record)
[2026-01-28T20:47:12.838+0000] {logging_mixin.py:188} WARNING -   File "/usr/local/lib/python3.11/logging/__init__.py", line 830, in filter
    result = f.filter(record)
[2026-01-28T20:47:12.838+0000] {logging_mixin.py:188} WARNING -   File "/home/airflow/.local/lib/python3.11/site-packages/airflow/utils/log/secrets_masker.py", line 210, in filter
    record.__dict__[k] = self.redact(v)
[2026-01-28T20:47:12.838+0000] {logging_mixin.py:188} WARNING -   File "/home/airflow/.local/lib/python3.11/site-packages/airflow/utils/log/secrets_masker.py", line 298, in redact
    return self._redact(item, name, depth=0, max_depth=max_depth or self.MAX_RECURSION_DEPTH)
[2026-01-28T20:47:12.839+0000] {logging_mixin.py:188} WARNING -   File "/home/airflow/.local/lib/python3.11/site-packages/airflow/utils/log/secrets_masker.py", line 268, in _redact
    return tuple(
[2026-01-28T20:47:12.839+0000] {logging_mixin.py:188} WARNING -   File "/home/airflow/.local/lib/python3.11/site-packages/airflow/utils/log/secrets_masker.py", line 269, in <genexpr>
    self._redact(subval, name=None, depth=(depth + 1), max_depth=max_depth) for subval in item
[2026-01-28T20:47:12.839+0000] {logging_mixin.py:188} WARNING -   File "/home/airflow/.local/lib/python3.11/site-packages/airflow/utils/log/secrets_masker.py", line 281, in _redact
    log.warning(
[2026-01-28T20:47:12.839+0000] {logging_mixin.py:188} WARNING -   File "/usr/local/lib/python3.11/logging/__init__.py", line 1501, in warning
    self._log(WARNING, msg, args, **kwargs)
[2026-01-28T20:47:12.839+0000] {logging_mixin.py:188} WARNING -   File "/usr/local/lib/python3.11/logging/__init__.py", line 1634, in _log
    self.handle(record)
[2026-01-28T20:47:12.840+0000] {logging_mixin.py:188} WARNING -   File "/usr/local/lib/python3.11/logging/__init__.py", line 1644, in handle
    self.callHandlers(record)
[2026-01-28T20:47:12.840+0000] {logging_mixin.py:188} WARNING -   File "/usr/local/lib/python3.11/logging/__init__.py", line 1706, in callHandlers
    hdlr.handle(record)
[2026-01-28T20:47:12.840+0000] {logging_mixin.py:188} WARNING -   File "/usr/local/lib/python3.11/logging/__init__.py", line 978, in handle
    self.emit(record)
[2026-01-28T20:47:12.840+0000] {logging_mixin.py:188} WARNING -   File "/home/airflow/.local/lib/python3.11/site-packages/airflow/utils/log/file_task_handler.py", line 247, in emit
    self.handler.emit(record)
[2026-01-28T20:47:12.841+0000] {logging_mixin.py:188} WARNING - Message: 'Unable to redact value of type %s, please report this via <https://github.com/apache/airflow/issues>. Error was: %s: %s'
Arguments: ("\udcac'},\n           {'date': '2023-12-21', 'weekday': 'Giovedì'},\n           {'date': '2023-12-22', 'weekday': 'Venerdì'},\n           {'date': '2023-12-23', 'weekday': 'Sabato'},\n           {'date': '2023-12-24', 'weekday': 'Domenica'},\n           {'date': '2023-12-25', 'weekday': 'Lunedì'},\n           {'date': '2023-12-26', 'weekday': 'Martedì'},\n           {'date': '2023-12-27', 'weekday': 'Mercoledì'},\n           {'date': '2023-12-28', 'weekday': 'Giovedì'},\n           {'date': '2023-12-29', 'weekday': 'Venerdì'},\n           {'date': '2023-12-30', 'weekday': 'Sabato'},\n           {'date': '2023-12-31', 'weekday': 'Domenica'},\n           {'date': '2024-01-01', 'weekday': 'Lunedì'},\n           {'date': '2024-01-02', 'weekday': 'Martedì'},\n           {'date': '2024-01-03', 'weekday': 'Mercoledì'},\n           {'date': '2024-01-04', 'weekday': 'Giovedì'},\n           {'date': '2024-01-05', 'weekday': 'Venerdì'},\n           {'date': '2024-01-06', 'weekday': 'Sabato'},\n           {'date': '2024-01-07', 'weekday': 'Domenica'},\n           {'date': '2024-01-08', 'weekday': 'Lunedì'},\n           {'date': '2024-01-09', 'weekday': 'Martedì'},\n           {'date': '2024-01-10', 'weekday': 'Mercoledì'},\n           {'date': '2024-01-11', 'weekday': 'Giovedì'},\n           {'date': '2024-01-12', 'weekday': 'Venerdì'},\n           {'date': '2024-01-13', 'weekday': 'Sabato'},\n           {'date': '2024-01-14', 'weekday': 'Domenica'},\n           {'date': '2024-01-15', 'weekday': 'Lunedì'},\n           {'date': '2024-01-16', 'weekday': 'Martedì'},\n           {'date': '2024-01-17', 'weekday': 'Mercoledì'},\n           {'date': '2024-01-18', 'weekday': 'Giovedì'},\n           {'date': '2024-01-19', 'weekday': 'Venerdì'},\n           {'date': '2024-01-20', 'weekday': 'Sabato'},\n           {'date': '2024-01-21', 'weekday': 'Domenica'},\n           {'date': '2024-01-22', 'weekday': 'Lunedì'},\n           {'date': '2024-01-23', 'weekday': 'Martedì'},\n           {'date': '2024-01-24', 'weekday': 'Mercoledì'},\n           {'date': '2024-01-25', 'weekday': 'Giovedì'},\n           {'date': '2024-01-26', 'weekday': 'Venerdì'},\n           {'date': '2024-01-27', 'weekday': 'Sabato'},\n           {'date': '2024-01-28', 'weekday': 'Domenica'},\n           {'date': '2024-01-29', 'weekday': 'Lunedì'},\n           {'date': '2024-01-30', 'weekday': 'Martedì'},\n           {'date': '2024-01-31', 'weekday': 'Mercoledì'},\n           {'date': '2024-02-01', 'weekday': 'Giovedì'},\n           {'date': '2024-02-02', 'weekday': 'Venerdì'},\n           {'date': '2024-02-03', 'weekday': 'Sabato'},\n           {'date': '2024-02-04', 'weekday': 'Domenica'},\n           {'date': '2024-02-05', 'weekday': 'Lunedì'},\n           {'date': '2024-02-06', 'weekday': 'Martedì'},\n           {'date': '2024-02-07', 'weekday': 'Mercoledì'},\n           {'date': '2024-02-08', 'weekday': 'Giovedì'},\n           {'date': '2024-02-09', 'weekday': 'Venerdì'},\n           {'date': '2024-02-10', 'weekday': 'Sabato'},\n           {'date': '2024-02-11', 'weekday': 'Domenica'},\n           {'date': '2024-02-12', 'weekday': 'Lunedì'},\n           {'date': '2024-02-13', 'weekday': 'Martedì'},\n           {'date': '2024-02-14', 'weekday': 'Mercoledì'},\n           {'date': '2024-02-15', 'weekday': 'Giovedì'},\n           {'date': '2024-02-16', 'weekday': 'Venerdì'},\n           {'date': '2024-02-17', 'weekday': 'Sabato'},\n           {'date': '2024-02-18', 'weekday': 'Domenica'},\n           {'date': '2024-02-19', 'weekday': 'Lunedì'},\n           {'date': '2024-02-20', 'weekday': 'Martedì'},\n           {'date': '2024-02-21', 'weekday': 'Mercoledì'},\n           {'date': '2024-02-22', 'weekday': 'Giovedì'},\n           {'date': '2024-02-23', 'weekday': 'Venerdì'},\n           {'date': '2024-02-24', 'weekday': 'Sabato'},\n           {'date': '2024-02-25', 'weekday': 'Domenica'},\n           {'date': '2024-02-26', 'weekday': 'Lunedì'},\n           {'date': '2024-02-27', 'weekday': 'Martedì'},\n           {'date': '2024-02-28', 'weekday': 'Mercoledì'},\n           {'date': '2024-02-29', 'weekday': 'Giovedì'},\n           {'date': '2024-03-01', 'weekday': 'Venerdì'},\n           {'date': '2024-03-02', 'weekday': 'Sabato'},\n           {'date': '2024-03-03', 'weekday': 'Domenica'},\n           {'date': '2024-03-04', 'weekday': 'Lunedì'},\n           {'date': '2024-03-05', 'weekday': 'Martedì'},\n           {'date': '2024-03-06', 'weekday': 'Mercoledì'},\n           {'date': '2024-03-07', 'weekday': 'Giovedì'},\n           {'date': '2024-03-08', 'weekday': 'Venerdì'},\n           {'date': '2024-03-09', 'weekday': 'Sabato'},\n           {'date': '2024-03-10', 'weekday': 'Domenica'},\n           {'date': '2024-03-11', 'weekday': 'Lunedì'},\n           {'date': '2024-03-12', 'weekday': 'Martedì'},\n           {'date': '2024-03-13', 'weekday': 'Mercoledì'},\n           {'date': '2024-03-14', 'weekday': 'Giovedì'},\n           {'date': '2024-03-15', 'weekday': 'Venerdì'},\n           {'date': '2024-03-16', 'weekday': 'Sabato'},\n           {'date': '2024-03-17', 'weekday': 'Domenica'},\n           {'date': '2024-03-18', 'weekday': 'Lunedì'},\n           {'date': '2024-03-19', 'weekday': 'Martedì'},\n           {'date': '2024-03-20', 'weekday': 'Mercoledì'},\n           {'date': '2024-03-21', 'weekday': 'Giovedì'},\n           {'date': '2024-03-22', 'weekday': 'Venerdì'},\n           {'date': '2024-03-23', 'weekday': 'Sabato'},\n           {'date': '2024-03-24', 'weekday': 'Domenica'},\n           {'date': '2024-03-25', 'weekday': 'Lunedì'},\n           {'date': '2024-03-26', 'weekday': 'Martedì'},\n           {'date': '2024-03-27', 'weekday': 'Mercoledì'},\n           {'date': '2024-03-28', 'weekday': 'Giovedì'},\n           {'date': '2024-03-29', 'weekday': 'Venerdì'},\n           {'date': '2024-03-30', 'weekday': 'Sabato'},\n           {'date': '2024-03-31', 'weekday': 'Domenica'},\n           {'date': '2024-04-01', 'weekday': 'Lunedì'},\n           {'date': '2024-04-02', 'weekday': 'Martedì'},\n           {'date': '2024-04-03', 'weekday': 'Mercoledì'},\n           {'date': '2024-04-04', 'weekday': 'Giovedì'},\n           {'date': '2024-04-05', 'weekday': 'Venerdì'},\n           {'date': '2024-04-06', 'weekday': 'Sabato'},\n           {'date': '2024-04-07', 'weekday': 'Domenica'},\n           {'date': '2024-04-08', 'weekday': 'Lunedì'},\n           {'date': '2024-04-09', 'weekday': 'Martedì'},\n           {'date': '2024-04-10', 'weekday': 'Mercoledì'},\n           {'date': '2024-04-11', 'weekday': 'Giovedì'},\n           {'date': '2024-04-12', 'weekday': 'Venerdì'},\n           {'date': '2024-04-13', 'weekday': 'Sabato'},\n           {'date': '2024-04-14', 'weekday': 'Domenica'},\n           {'date': '2024-04-15', 'weekday': 'Lunedì'},\n           {'date': '2024-04-16', 'weekday': 'Martedì'},\n           {'date': '2024-04-17', 'weekday': 'Mercoledì'},\n           {'date': '2024-04-18', 'weekday': 'Giovedì'},\n           {'date': '2024-04-19', 'weekday': 'Venerdì'},\n           {'date': '2024-04-20', 'weekday': 'Sabato'},\n           {'date': '2024-04-21', 'weekday': 'Domenica'},\n           {'date': '2024-04-22', 'weekday': 'Lunedì'},\n           {'date': '2024-04-23', 'weekday': 'Martedì'},\n           {'date': '2024-04-24', 'weekday': 'Mercoledì'},\n           {'date': '2024-04-25', 'weekday': 'Giovedì'},\n           {'date': '2024-04-26', 'weekday': 'Venerdì'},\n           {'date': '2024-04-27', 'weekday': 'Sabato'},\n           {'date': '2024-04-28', 'weekday': 'Domenica'},\n           {'date': '2024-04-29', 'weekday': 'Lunedì'},\n           {'date': '2024-04-30', 'weekday': 'Martedì'},\n           {'date': '2024-05-01', 'weekday': 'Mercoledì'},\n           {'date': '2024-05-02', 'weekday': 'Giovedì'},\n           {'date': '2024-05-03', 'weekday': 'Venerdì'},\n           {'date': '2024-05-04', 'weekday': 'Sabato'},\n           {'date': '2024-05-05', 'weekday': 'Domenica'},\n           {'date': '2024-05-06', 'weekday': 'Lunedì'},\n           {'date': '2024-05-07', 'weekday': 'Martedì'},\n           {'date': '2024-05-08', 'weekday': 'Mercoledì'},\n           {'date': '2024-05-09', 'weekday': 'Giovedì'},\n           {'date': '2024-05-10', 'weekday': 'Venerdì'},\n           {'date': '2024-05-11', 'weekday': 'Sabato'},\n           {'date': '2024-05-12', 'weekday': 'Domenica'},\n           {'date': '2024-05-13', 'weekday': 'Lunedì'},\n           {'date': '2024-05-14', 'weekday': 'Martedì'},\n           {'date': '2024-05-15', 'weekday': 'Mercoledì'},\n           {'date': '2024-05-16', 'weekday': 'Giovedì'},\n           {'date': '2024-05-17', 'weekday': 'Venerdì'},\n           {'date': '2024-05-18', 'weekday': 'Sabato'},\n           {'date': '2024-05-19', 'weekday': 'Domenica'},\n           {'date': '2024-05-20', 'weekday': 'Lunedì'},\n           {'date': '2024-05-21', 'weekday': 'Martedì'},\n           {'date': '2024-05-22', 'weekday': 'Mercoledì'},\n           {'date': '2024-05-23', 'weekday': 'Giovedì'},\n           {'date': '2024-05-24', 'weekday': 'Venerdì'},\n           {'date': '2024-05-25', 'weekday': 'Sabato'},\n           {'date': '2024-05-26', 'weekday': 'Domenica'},\n           {'date': '2024-05-27', 'weekday': 'Lunedì'},\n           {'date': '2024-05-28', 'weekday': 'Martedì'},\n           {'date': '2024-05-29', 'weekday': 'Mercoledì'},\n           {'date': '2024-05-30', 'weekday': 'Giovedì'},\n           {'date': '2024-05-31', 'weekday': 'Venerdì'},\n           {'date': '2024-06-01', 'weekday': 'Sabato'},\n           {'date': '2024-06-02', 'weekday': 'Domenica'},\n           {'date': '2024-06-03', 'weekday': 'Lunedì'},\n           {'date': '2024-06-04', 'weekday': 'Martedì'},\n           {'date': '2024-06-05', 'weekday': 'Mercoledì'},\n           {'date': '2024-06-06', 'weekday': 'Giovedì'},\n           {'date': '2024-06-07', 'weekday': 'Venerdì'},\n           {'date': '2024-06-08', 'weekday': 'Sabato'},\n           {'date': '2024-06-09', 'weekday': 'Domenica'},\n           {'date': '2024-06-10', 'weekday': 'Lunedì'},\n           {'date': '2024-06-11', 'weekday': 'Martedì'},\n           {'date': '2024-06-12', 'weekday': 'Mercoledì'},\n           {'date': '2024-06-13', 'weekday': 'Giovedì'},\n           {'date': '2024-06-14', 'weekday': 'Venerdì'},\n           {'date': '2024-06-15', 'weekday': 'Sabato'},\n           {'date': '2024-06-16', 'weekday': 'Domenica'},\n           {'date': '2024-06-17', 'weekday': 'Lunedì'},\n           {'date': '2024-06-18', 'weekday': 'Martedì'},\n           {'date': '2024-06-19', 'weekday': 'Mercoledì'},\n           {'date': '2024-06-20', 'weekday': 'Giovedì'},\n           {'date': '2024-06-21', 'weekday': 'Venerdì'},\n           {'date': '2024-06-22', 'weekday': 'Sabato'},\n           {'date': '2024-06-23', 'weekday': 'Domenica'},\n           {'date': '2024-06-24', 'weekday': 'Lunedì'},\n           {'date': '2024-06-25', 'weekday': 'Martedì'},\n           {'date': '2024-06-26', 'weekday': 'Mercoledì'},\n           {'date': '2024-06-27', 'weekday': 'Giovedì'},\n           {'date': '2024-06-28', 'weekday': 'Venerdì'},\n           {'date': '2024-06-29', 'weekday': 'Sabato'},\n           {'date': '2024-06-30', 'weekday': 'Domenica'},\n           {'date': '2024-07-01', 'weekday': 'Lunedì'},\n           {'date': '2024-07-02', 'weekday': 'Martedì'},\n           {'date': '2024-07-03', 'weekday': 'Mercoledì'},\n           {'date': '2024-07-04', 'weekday': 'Giovedì'},\n           {'date': '2024-07-05', 'weekday': 'Venerdì'},\n           {'date': '2024-07-06', 'weekday': 'Sabato'},\n           {'date': '2024-07-07', 'weekday': 'Domenica'},\n           {'date': '2024-07-08', 'weekday': 'Lunedì'},\n           {'date': '2024-07-09', 'weekday': 'Martedì'},\n           {'date': '2024-07-10', 'weekday': 'Mercoledì'},\n           {'date': '2024-07-11', 'weekday': 'Giovedì'},\n           {'date': '2024-07-12', 'weekday': 'Venerdì'},\n           {'date': '2024-07-13', 'weekday': 'Sabato'},\n           {'date': '2024-07-14', 'weekday': 'Domenica'},\n           {'date': '2024-07-15', 'weekday': 'Lunedì'},\n           {'date': '2024-07-16', 'weekday': 'Martedì'},\n           {'date': '2024-07-17', 'weekday': 'Mercoledì'},\n           {'date': '2024-07-18', 'weekday': 'Giovedì'},\n           {'date': '2024-07-19', 'weekday': 'Venerdì'},\n           {'date': '2024-07-20', 'weekday': 'Sabato'},\n           {'date': '2024-07-21', 'weekday': 'Domenica'},\n           {'date': '2024-07-22', 'weekday': 'Lunedì'},\n           {'date': '2024-07-23', 'weekday': 'Martedì'},\n           {'date': '2024-07-24', 'weekday': 'Mercoledì'},\n           {'date': '2024-07-25', 'weekday': 'Giovedì'},\n           {'date': '2024-07-26', 'weekday': 'Venerdì'},\n           {'date': '2024-07-27', 'weekday': 'Sabato'},\n           {'date': '2024-07-28', 'weekday': 'Domenica'},\n           {'date': '2024-07-29', 'weekday': 'Lunedì'},\n           {'date': '2024-07-30', 'weekday': 'Martedì'},\n           {'date': '2024-07-31', 'weekday': 'Mercoledì'},\n           {'date': '2024-08-01', 'weekday': 'Giovedì'},\n           {'date': '2024-08-02', 'weekday': 'Venerdì'},\n           {'date': '2024-08-03', 'weekday': 'Sabato'},\n           {'date': '2024-08-04', 'weekday': 'Domenica'},\n           {'date': '2024-08-05', 'weekday': 'Lunedì'},\n           {'date': '2024-08-06', 'weekday': 'Martedì'},\n           {'date': '2024-08-07', 'weekday': 'Mercoledì'},\n           {'date': '2024-08-08', 'weekday': 'Giovedì'},\n           {'date': '2024-08-09', 'weekday': 'Venerdì'},\n           {'date': '2024-08-10', 'weekday': 'Sabato'},\n           {'date': '2024-08-11', 'weekday': 'Domenica'},\n           {'date': '2024-08-12', 'weekday': 'Lunedì'},\n           {'date': '2024-08-13', 'weekday': 'Martedì'},\n           {'date': '2024-08-14', 'weekday': 'Mercoledì'},\n           {'date': '2024-08-15', 'weekday': 'Giovedì'},\n           {'date': '2024-08-16', 'weekday': 'Venerdì'},\n           {'date': '2024-08-17', 'weekday': 'Sabato'},\n           {'date': '2024-08-18', 'weekday': 'Domenica'},\n           {'date': '2024-08-19', 'weekday': 'Lunedì'},\n           {'date': '2024-08-20', 'weekday': 'Martedì'},\n           {'date': '2024-08-21', 'weekday': 'Mercoledì'},\n           {'date': '2024-08-22', 'weekday': 'Giovedì'},\n           {'date': '2024-08-23', 'weekday': 'Venerdì'},\n           {'date': '2024-08-24', 'weekday': 'Sabato'},\n           {'date': '2024-08-25', 'weekday': 'Domenica'},\n           {'date': '2024-08-26', 'weekday': 'Lunedì'},\n           {'date': '2024-08-27', 'weekday': 'Martedì'},\n           {'date': '2024-08-28', 'weekday': 'Mercoledì'},\n           {'date': '2024-08-29', 'weekday': 'Giovedì'},\n           {'date': '2024-08-30', 'weekday': 'Venerdì'},\n           {'date': '2024-08-31', 'weekday': 'Sabato'},\n           {'date': '2024-09-01', 'weekday': 'Domenica'},\n           {'date': '2024-09-02', 'weekday': 'Lunedì'},\n           {'date': '2024-09-03', 'weekday': 'Martedì'},\n           {'date': '2024-09-04', 'weekday': 'Mercoledì'},\n           {'date': '2024-09-05', 'weekday': 'Giovedì'},\n           {'date': '2024-09-06', 'weekday': 'Venerdì'},\n           {'date': '2024-09-07', 'weekday': 'Sabato'},\n           {'date': '2024-09-08', 'weekday': 'Domenica'},\n           {'date': '2024-09-09', 'weekday': 'Lunedì'},\n           {'date': '2024-09-10', 'weekday': 'Martedì'},\n           {'date': '2024-09-11', 'weekday': 'Mercoledì'},\n           {'date': '2024-09-12', 'weekday': 'Giovedì'},\n           {'date': '2024-09-13', 'weekday': 'Venerdì'},\n           {'date': '2024-09-14', 'weekday': 'Sabato'},\n           {'date': '2024-09-15', 'weekday': 'Domenica'},\n           {'date': '2024-09-16', 'weekday': 'Lunedì'},\n           {'date': '2024-09-17', 'weekday': 'Martedì'},\n           {'date': '2024-09-18', 'weekday': 'Mercoledì'},\n           {'date': '2024-09-19', 'weekday': 'Giovedì'},\n           {'date': '2024-09-20', 'weekday': 'Venerdì'},\n           {'date': '2024-09-21', 'weekday': 'Sabato'},\n           {'date': '2024-09-22', 'weekday': 'Domenica'},\n           {'date': '2024-09-23', 'weekday': 'Lunedì'},\n           {'date': '2024-09-24', 'weekday': 'Martedì'},\n           {'date': '2024-09-25', 'weekday': 'Mercoledì'},\n           {'date': '2024-09-26', 'weekday': 'Giovedì'},\n           {'date': '2024-09-27', 'weekday': 'Venerdì'},\n           {'date': '2024-09-28', 'weekday': 'Sabato'},\n           {'date': '2024-09-29', 'weekday': 'Domenica'},\n           {'date': '2024-09-30', 'weekday': 'Lunedì'},\n           {'date': '2024-10-01', 'weekday': 'Martedì'},\n           {'date': '2024-10-02', 'weekday': 'Mercoledì'},\n           {'date': '2024-10-03', 'weekday': 'Giovedì'},\n           {'date': '2024-10-04', 'weekday': 'Venerdì'},\n           {'date': '2024-10-05', 'weekday': 'Sabato'},\n           {'date': '2024-10-06', 'weekday': 'Domenica'},\n           {'date': '2024-10-07', 'weekday': 'Lunedì'},\n           {'date': '2024-10-08', 'weekday': 'Martedì'},\n           {'date': '2024-10-09', 'weekday': 'Mercoledì'},\n           {'date': '2024-10-10', 'weekday': 'Giovedì'},\n           {'date': '2024-10-11', 'weekday': 'Venerdì'},\n           {'date': '2024-10-12', 'weekday': 'Sabato'},\n           {'date': '2024-10-13', 'weekday': 'Domenica'},\n           {'date': '2024-10-14', 'weekday': 'Lunedì'},\n           {'date': '2024-10-15', 'weekday': 'Martedì'},\n           {'date': '2024-10-16', 'weekday': 'Mercoledì'},\n           {'date': '2024-10-17', 'weekday': 'Giovedì'},\n           {'date': '2024-10-18', 'weekday': 'Venerdì'},\n           {'date': '2024-10-19', 'weekday': 'Sabato'},\n           {'date': '2024-10-20', 'weekday': 'Domenica'},\n           {'date': '2024-10-21', 'weekday': 'Lunedì'},\n           {'date': '2024-10-22', 'weekday': 'Martedì'},\n           {'date': '2024-10-23', 'weekday': 'Mercoledì'},\n           {'date': '2024-10-24', 'weekday': 'Giovedì'},\n           {'date': '2024-10-25', 'weekday': 'Venerdì'},\n           {'date': '2024-10-26', 'weekday': 'Sabato'},\n           {'date': '2024-10-27', 'weekday': 'Domenica'},\n           {'date': '2024-10-28', 'weekday': 'Lunedì'},\n           {'date': '2024-10-29', 'weekday': 'Martedì'},\n           {'date': '2024-10-30', 'weekday': 'Mercoledì'},\n           {'date': '2024-10-31', 'weekday': 'Giovedì'},", 'UnicodeEncodeError', UnicodeEncodeError('utf-8', "\udcac'},\n           {'date': '2023-12-21', 'weekday': 'Giovedì'},\n           {'date': '2023-12-22', 'weekday': 'Venerdì'},\n           {'date': '2023-12-23', 'weekday': 'Sabato'},\n           {'date': '2023-12-24', 'weekday': 'Domenica'},\n           {'date': '2023-12-25', 'weekday': 'Lunedì'},\n           {'date': '2023-12-26', 'weekday': 'Martedì'},\n           {'date': '2023-12-27', 'weekday': 'Mercoledì'},\n           {'date': '2023-12-28', 'weekday': 'Giovedì'},\n           {'date': '2023-12-29', 'weekday': 'Venerdì'},\n           {'date': '2023-12-30', 'weekday': 'Sabato'},\n           {'date': '2023-12-31', 'weekday': 'Domenica'},\n           {'date': '2024-01-01', 'weekday': 'Lunedì'},\n           {'date': '2024-01-02', 'weekday': 'Martedì'},\n           {'date': '2024-01-03', 'weekday': 'Mercoledì'},\n           {'date': '2024-01-04', 'weekday': 'Giovedì'},\n           {'date': '2024-01-05', 'weekday': 'Venerdì'},\n           {'date': '2024-01-06', 'weekday': 'Sabato'},\n           {'date': '2024-01-07', 'weekday': 'Domenica'},\n           {'date': '2024-01-08', 'weekday': 'Lunedì'},\n           {'date': '2024-01-09', 'weekday': 'Martedì'},\n           {'date': '2024-01-10', 'weekday': 'Mercoledì'},\n           {'date': '2024-01-11', 'weekday': 'Giovedì'},\n           {'date': '2024-01-12', 'weekday': 'Venerdì'},\n           {'date': '2024-01-13', 'weekday': 'Sabato'},\n           {'date': '2024-01-14', 'weekday': 'Domenica'},\n           {'date': '2024-01-15', 'weekday': 'Lunedì'},\n           {'date': '2024-01-16', 'weekday': 'Martedì'},\n           {'date': '2024-01-17', 'weekday': 'Mercoledì'},\n           {'date': '2024-01-18', 'weekday': 'Giovedì'},\n           {'date': '2024-01-19', 'weekday': 'Venerdì'},\n           {'date': '2024-01-20', 'weekday': 'Sabato'},\n           {'date': '2024-01-21', 'weekday': 'Domenica'},\n           {'date': '2024-01-22', 'weekday': 'Lunedì'},\n           {'date': '2024-01-23', 'weekday': 'Martedì'},\n           {'date': '2024-01-24', 'weekday': 'Mercoledì'},\n           {'date': '2024-01-25', 'weekday': 'Giovedì'},\n           {'date': '2024-01-26', 'weekday': 'Venerdì'},\n           {'date': '2024-01-27', 'weekday': 'Sabato'},\n           {'date': '2024-01-28', 'weekday': 'Domenica'},\n           {'date': '2024-01-29', 'weekday': 'Lunedì'},\n           {'date': '2024-01-30', 'weekday': 'Martedì'},\n           {'date': '2024-01-31', 'weekday': 'Mercoledì'},\n           {'date': '2024-02-01', 'weekday': 'Giovedì'},\n           {'date': '2024-02-02', 'weekday': 'Venerdì'},\n           {'date': '2024-02-03', 'weekday': 'Sabato'},\n           {'date': '2024-02-04', 'weekday': 'Domenica'},\n           {'date': '2024-02-05', 'weekday': 'Lunedì'},\n           {'date': '2024-02-06', 'weekday': 'Martedì'},\n           {'date': '2024-02-07', 'weekday': 'Mercoledì'},\n           {'date': '2024-02-08', 'weekday': 'Giovedì'},\n           {'date': '2024-02-09', 'weekday': 'Venerdì'},\n           {'date': '2024-02-10', 'weekday': 'Sabato'},\n           {'date': '2024-02-11', 'weekday': 'Domenica'},\n           {'date': '2024-02-12', 'weekday': 'Lunedì'},\n           {'date': '2024-02-13', 'weekday': 'Martedì'},\n           {'date': '2024-02-14', 'weekday': 'Mercoledì'},\n           {'date': '2024-02-15', 'weekday': 'Giovedì'},\n           {'date': '2024-02-16', 'weekday': 'Venerdì'},\n           {'date': '2024-02-17', 'weekday': 'Sabato'},\n           {'date': '2024-02-18', 'weekday': 'Domenica'},\n           {'date': '2024-02-19', 'weekday': 'Lunedì'},\n           {'date': '2024-02-20', 'weekday': 'Martedì'},\n           {'date': '2024-02-21', 'weekday': 'Mercoledì'},\n           {'date': '2024-02-22', 'weekday': 'Giovedì'},\n           {'date': '2024-02-23', 'weekday': 'Venerdì'},\n           {'date': '2024-02-24', 'weekday': 'Sabato'},\n           {'date': '2024-02-25', 'weekday': 'Domenica'},\n           {'date': '2024-02-26', 'weekday': 'Lunedì'},\n           {'date': '2024-02-27', 'weekday': 'Martedì'},\n           {'date': '2024-02-28', 'weekday': 'Mercoledì'},\n           {'date': '2024-02-29', 'weekday': 'Giovedì'},\n           {'date': '2024-03-01', 'weekday': 'Venerdì'},\n           {'date': '2024-03-02', 'weekday': 'Sabato'},\n           {'date': '2024-03-03', 'weekday': 'Domenica'},\n           {'date': '2024-03-04', 'weekday': 'Lunedì'},\n           {'date': '2024-03-05', 'weekday': 'Martedì'},\n           {'date': '2024-03-06', 'weekday': 'Mercoledì'},\n           {'date': '2024-03-07', 'weekday': 'Giovedì'},\n           {'date': '2024-03-08', 'weekday': 'Venerdì'},\n           {'date': '2024-03-09', 'weekday': 'Sabato'},\n           {'date': '2024-03-10', 'weekday': 'Domenica'},\n           {'date': '2024-03-11', 'weekday': 'Lunedì'},\n           {'date': '2024-03-12', 'weekday': 'Martedì'},\n           {'date': '2024-03-13', 'weekday': 'Mercoledì'},\n           {'date': '2024-03-14', 'weekday': 'Giovedì'},\n           {'date': '2024-03-15', 'weekday': 'Venerdì'},\n           {'date': '2024-03-16', 'weekday': 'Sabato'},\n           {'date': '2024-03-17', 'weekday': 'Domenica'},\n           {'date': '2024-03-18', 'weekday': 'Lunedì'},\n           {'date': '2024-03-19', 'weekday': 'Martedì'},\n           {'date': '2024-03-20', 'weekday': 'Mercoledì'},\n           {'date': '2024-03-21', 'weekday': 'Giovedì'},\n           {'date': '2024-03-22', 'weekday': 'Venerdì'},\n           {'date': '2024-03-23', 'weekday': 'Sabato'},\n           {'date': '2024-03-24', 'weekday': 'Domenica'},\n           {'date': '2024-03-25', 'weekday': 'Lunedì'},\n           {'date': '2024-03-26', 'weekday': 'Martedì'},\n           {'date': '2024-03-27', 'weekday': 'Mercoledì'},\n           {'date': '2024-03-28', 'weekday': 'Giovedì'},\n           {'date': '2024-03-29', 'weekday': 'Venerdì'},\n           {'date': '2024-03-30', 'weekday': 'Sabato'},\n           {'date': '2024-03-31', 'weekday': 'Domenica'},\n           {'date': '2024-04-01', 'weekday': 'Lunedì'},\n           {'date': '2024-04-02', 'weekday': 'Martedì'},\n           {'date': '2024-04-03', 'weekday': 'Mercoledì'},\n           {'date': '2024-04-04', 'weekday': 'Giovedì'},\n           {'date': '2024-04-05', 'weekday': 'Venerdì'},\n           {'date': '2024-04-06', 'weekday': 'Sabato'},\n           {'date': '2024-04-07', 'weekday': 'Domenica'},\n           {'date': '2024-04-08', 'weekday': 'Lunedì'},\n           {'date': '2024-04-09', 'weekday': 'Martedì'},\n           {'date': '2024-04-10', 'weekday': 'Mercoledì'},\n           {'date': '2024-04-11', 'weekday': 'Giovedì'},\n           {'date': '2024-04-12', 'weekday': 'Venerdì'},\n           {'date': '2024-04-13', 'weekday': 'Sabato'},\n           {'date': '2024-04-14', 'weekday': 'Domenica'},\n           {'date': '2024-04-15', 'weekday': 'Lunedì'},\n           {'date': '2024-04-16', 'weekday': 'Martedì'},\n           {'date': '2024-04-17', 'weekday': 'Mercoledì'},\n           {'date': '2024-04-18', 'weekday': 'Giovedì'},\n           {'date': '2024-04-19', 'weekday': 'Venerdì'},\n           {'date': '2024-04-20', 'weekday': 'Sabato'},\n           {'date': '2024-04-21', 'weekday': 'Domenica'},\n           {'date': '2024-04-22', 'weekday': 'Lunedì'},\n           {'date': '2024-04-23', 'weekday': 'Martedì'},\n           {'date': '2024-04-24', 'weekday': 'Mercoledì'},\n           {'date': '2024-04-25', 'weekday': 'Giovedì'},\n           {'date': '2024-04-26', 'weekday': 'Venerdì'},\n           {'date': '2024-04-27', 'weekday': 'Sabato'},\n           {'date': '2024-04-28', 'weekday': 'Domenica'},\n           {'date': '2024-04-29', 'weekday': 'Lunedì'},\n           {'date': '2024-04-30', 'weekday': 'Martedì'},\n           {'date': '2024-05-01', 'weekday': 'Mercoledì'},\n           {'date': '2024-05-02', 'weekday': 'Giovedì'},\n           {'date': '2024-05-03', 'weekday': 'Venerdì'},\n           {'date': '2024-05-04', 'weekday': 'Sabato'},\n           {'date': '2024-05-05', 'weekday': 'Domenica'},\n           {'date': '2024-05-06', 'weekday': 'Lunedì'},\n           {'date': '2024-05-07', 'weekday': 'Martedì'},\n           {'date': '2024-05-08', 'weekday': 'Mercoledì'},\n           {'date': '2024-05-09', 'weekday': 'Giovedì'},\n           {'date': '2024-05-10', 'weekday': 'Venerdì'},\n           {'date': '2024-05-11', 'weekday': 'Sabato'},\n           {'date': '2024-05-12', 'weekday': 'Domenica'},\n           {'date': '2024-05-13', 'weekday': 'Lunedì'},\n           {'date': '2024-05-14', 'weekday': 'Martedì'},\n           {'date': '2024-05-15', 'weekday': 'Mercoledì'},\n           {'date': '2024-05-16', 'weekday': 'Giovedì'},\n           {'date': '2024-05-17', 'weekday': 'Venerdì'},\n           {'date': '2024-05-18', 'weekday': 'Sabato'},\n           {'date': '2024-05-19', 'weekday': 'Domenica'},\n           {'date': '2024-05-20', 'weekday': 'Lunedì'},\n           {'date': '2024-05-21', 'weekday': 'Martedì'},\n           {'date': '2024-05-22', 'weekday': 'Mercoledì'},\n           {'date': '2024-05-23', 'weekday': 'Giovedì'},\n           {'date': '2024-05-24', 'weekday': 'Venerdì'},\n           {'date': '2024-05-25', 'weekday': 'Sabato'},\n           {'date': '2024-05-26', 'weekday': 'Domenica'},\n           {'date': '2024-05-27', 'weekday': 'Lunedì'},\n           {'date': '2024-05-28', 'weekday': 'Martedì'},\n           {'date': '2024-05-29', 'weekday': 'Mercoledì'},\n           {'date': '2024-05-30', 'weekday': 'Giovedì'},\n           {'date': '2024-05-31', 'weekday': 'Venerdì'},\n           {'date': '2024-06-01', 'weekday': 'Sabato'},\n           {'date': '2024-06-02', 'weekday': 'Domenica'},\n           {'date': '2024-06-03', 'weekday': 'Lunedì'},\n           {'date': '2024-06-04', 'weekday': 'Martedì'},\n           {'date': '2024-06-05', 'weekday': 'Mercoledì'},\n           {'date': '2024-06-06', 'weekday': 'Giovedì'},\n           {'date': '2024-06-07', 'weekday': 'Venerdì'},\n           {'date': '2024-06-08', 'weekday': 'Sabato'},\n           {'date': '2024-06-09', 'weekday': 'Domenica'},\n           {'date': '2024-06-10', 'weekday': 'Lunedì'},\n           {'date': '2024-06-11', 'weekday': 'Martedì'},\n           {'date': '2024-06-12', 'weekday': 'Mercoledì'},\n           {'date': '2024-06-13', 'weekday': 'Giovedì'},\n           {'date': '2024-06-14', 'weekday': 'Venerdì'},\n           {'date': '2024-06-15', 'weekday': 'Sabato'},\n           {'date': '2024-06-16', 'weekday': 'Domenica'},\n           {'date': '2024-06-17', 'weekday': 'Lunedì'},\n           {'date': '2024-06-18', 'weekday': 'Martedì'},\n           {'date': '2024-06-19', 'weekday': 'Mercoledì'},\n           {'date': '2024-06-20', 'weekday': 'Giovedì'},\n           {'date': '2024-06-21', 'weekday': 'Venerdì'},\n           {'date': '2024-06-22', 'weekday': 'Sabato'},\n           {'date': '2024-06-23', 'weekday': 'Domenica'},\n           {'date': '2024-06-24', 'weekday': 'Lunedì'},\n           {'date': '2024-06-25', 'weekday': 'Martedì'},\n           {'date': '2024-06-26', 'weekday': 'Mercoledì'},\n           {'date': '2024-06-27', 'weekday': 'Giovedì'},\n           {'date': '2024-06-28', 'weekday': 'Venerdì'},\n           {'date': '2024-06-29', 'weekday': 'Sabato'},\n           {'date': '2024-06-30', 'weekday': 'Domenica'},\n           {'date': '2024-07-01', 'weekday': 'Lunedì'},\n           {'date': '2024-07-02', 'weekday': 'Martedì'},\n           {'date': '2024-07-03', 'weekday': 'Mercoledì'},\n           {'date': '2024-07-04', 'weekday': 'Giovedì'},\n           {'date': '2024-07-05', 'weekday': 'Venerdì'},\n           {'date': '2024-07-06', 'weekday': 'Sabato'},\n           {'date': '2024-07-07', 'weekday': 'Domenica'},\n           {'date': '2024-07-08', 'weekday': 'Lunedì'},\n           {'date': '2024-07-09', 'weekday': 'Martedì'},\n           {'date': '2024-07-10', 'weekday': 'Mercoledì'},\n           {'date': '2024-07-11', 'weekday': 'Giovedì'},\n           {'date': '2024-07-12', 'weekday': 'Venerdì'},\n           {'date': '2024-07-13', 'weekday': 'Sabato'},\n           {'date': '2024-07-14', 'weekday': 'Domenica'},\n           {'date': '2024-07-15', 'weekday': 'Lunedì'},\n           {'date': '2024-07-16', 'weekday': 'Martedì'},\n           {'date': '2024-07-17', 'weekday': 'Mercoledì'},\n           {'date': '2024-07-18', 'weekday': 'Giovedì'},\n           {'date': '2024-07-19', 'weekday': 'Venerdì'},\n           {'date': '2024-07-20', 'weekday': 'Sabato'},\n           {'date': '2024-07-21', 'weekday': 'Domenica'},\n           {'date': '2024-07-22', 'weekday': 'Lunedì'},\n           {'date': '2024-07-23', 'weekday': 'Martedì'},\n           {'date': '2024-07-24', 'weekday': 'Mercoledì'},\n           {'date': '2024-07-25', 'weekday': 'Giovedì'},\n           {'date': '2024-07-26', 'weekday': 'Venerdì'},\n           {'date': '2024-07-27', 'weekday': 'Sabato'},\n           {'date': '2024-07-28', 'weekday': 'Domenica'},\n           {'date': '2024-07-29', 'weekday': 'Lunedì'},\n           {'date': '2024-07-30', 'weekday': 'Martedì'},\n           {'date': '2024-07-31', 'weekday': 'Mercoledì'},\n           {'date': '2024-08-01', 'weekday': 'Giovedì'},\n           {'date': '2024-08-02', 'weekday': 'Venerdì'},\n           {'date': '2024-08-03', 'weekday': 'Sabato'},\n           {'date': '2024-08-04', 'weekday': 'Domenica'},\n           {'date': '2024-08-05', 'weekday': 'Lunedì'},\n           {'date': '2024-08-06', 'weekday': 'Martedì'},\n           {'date': '2024-08-07', 'weekday': 'Mercoledì'},\n           {'date': '2024-08-08', 'weekday': 'Giovedì'},\n           {'date': '2024-08-09', 'weekday': 'Venerdì'},\n           {'date': '2024-08-10', 'weekday': 'Sabato'},\n           {'date': '2024-08-11', 'weekday': 'Domenica'},\n           {'date': '2024-08-12', 'weekday': 'Lunedì'},\n           {'date': '2024-08-13', 'weekday': 'Martedì'},\n           {'date': '2024-08-14', 'weekday': 'Mercoledì'},\n           {'date': '2024-08-15', 'weekday': 'Giovedì'},\n           {'date': '2024-08-16', 'weekday': 'Venerdì'},\n           {'date': '2024-08-17', 'weekday': 'Sabato'},\n           {'date': '2024-08-18', 'weekday': 'Domenica'},\n           {'date': '2024-08-19', 'weekday': 'Lunedì'},\n           {'date': '2024-08-20', 'weekday': 'Martedì'},\n           {'date': '2024-08-21', 'weekday': 'Mercoledì'},\n           {'date': '2024-08-22', 'weekday': 'Giovedì'},\n           {'date': '2024-08-23', 'weekday': 'Venerdì'},\n           {'date': '2024-08-24', 'weekday': 'Sabato'},\n           {'date': '2024-08-25', 'weekday': 'Domenica'},\n           {'date': '2024-08-26', 'weekday': 'Lunedì'},\n           {'date': '2024-08-27', 'weekday': 'Martedì'},\n           {'date': '2024-08-28', 'weekday': 'Mercoledì'},\n           {'date': '2024-08-29', 'weekday': 'Giovedì'},\n           {'date': '2024-08-30', 'weekday': 'Venerdì'},\n           {'date': '2024-08-31', 'weekday': 'Sabato'},\n           {'date': '2024-09-01', 'weekday': 'Domenica'},\n           {'date': '2024-09-02', 'weekday': 'Lunedì'},\n           {'date': '2024-09-03', 'weekday': 'Martedì'},\n           {'date': '2024-09-04', 'weekday': 'Mercoledì'},\n           {'date': '2024-09-05', 'weekday': 'Giovedì'},\n           {'date': '2024-09-06', 'weekday': 'Venerdì'},\n           {'date': '2024-09-07', 'weekday': 'Sabato'},\n           {'date': '2024-09-08', 'weekday': 'Domenica'},\n           {'date': '2024-09-09', 'weekday': 'Lunedì'},\n           {'date': '2024-09-10', 'weekday': 'Martedì'},\n           {'date': '2024-09-11', 'weekday': 'Mercoledì'},\n           {'date': '2024-09-12', 'weekday': 'Giovedì'},\n           {'date': '2024-09-13', 'weekday': 'Venerdì'},\n           {'date': '2024-09-14', 'weekday': 'Sabato'},\n           {'date': '2024-09-15', 'weekday': 'Domenica'},\n           {'date': '2024-09-16', 'weekday': 'Lunedì'},\n           {'date': '2024-09-17', 'weekday': 'Martedì'},\n           {'date': '2024-09-18', 'weekday': 'Mercoledì'},\n           {'date': '2024-09-19', 'weekday': 'Giovedì'},\n           {'date': '2024-09-20', 'weekday': 'Venerdì'},\n           {'date': '2024-09-21', 'weekday': 'Sabato'},\n           {'date': '2024-09-22', 'weekday': 'Domenica'},\n           {'date': '2024-09-23', 'weekday': 'Lunedì'},\n           {'date': '2024-09-24', 'weekday': 'Martedì'},\n           {'date': '2024-09-25', 'weekday': 'Mercoledì'},\n           {'date': '2024-09-26', 'weekday': 'Giovedì'},\n           {'date': '2024-09-27', 'weekday': 'Venerdì'},\n           {'date': '2024-09-28', 'weekday': 'Sabato'},\n           {'date': '2024-09-29', 'weekday': 'Domenica'},\n           {'date': '2024-09-30', 'weekday': 'Lunedì'},\n           {'date': '2024-10-01', 'weekday': 'Martedì'},\n           {'date': '2024-10-02', 'weekday': 'Mercoledì'},\n           {'date': '2024-10-03', 'weekday': 'Giovedì'},\n           {'date': '2024-10-04', 'weekday': 'Venerdì'},\n           {'date': '2024-10-05', 'weekday': 'Sabato'},\n           {'date': '2024-10-06', 'weekday': 'Domenica'},\n           {'date': '2024-10-07', 'weekday': 'Lunedì'},\n           {'date': '2024-10-08', 'weekday': 'Martedì'},\n           {'date': '2024-10-09', 'weekday': 'Mercoledì'},\n           {'date': '2024-10-10', 'weekday': 'Giovedì'},\n           {'date': '2024-10-11', 'weekday': 'Venerdì'},\n           {'date': '2024-10-12', 'weekday': 'Sabato'},\n           {'date': '2024-10-13', 'weekday': 'Domenica'},\n           {'date': '2024-10-14', 'weekday': 'Lunedì'},\n           {'date': '2024-10-15', 'weekday': 'Martedì'},\n           {'date': '2024-10-16', 'weekday': 'Mercoledì'},\n           {'date': '2024-10-17', 'weekday': 'Giovedì'},\n           {'date': '2024-10-18', 'weekday': 'Venerdì'},\n           {'date': '2024-10-19', 'weekday': 'Sabato'},\n           {'date': '2024-10-20', 'weekday': 'Domenica'},\n           {'date': '2024-10-21', 'weekday': 'Lunedì'},\n           {'date': '2024-10-22', 'weekday': 'Martedì'},\n           {'date': '2024-10-23', 'weekday': 'Mercoledì'},\n           {'date': '2024-10-24', 'weekday': 'Giovedì'},\n           {'date': '2024-10-25', 'weekday': 'Venerdì'},\n           {'date': '2024-10-26', 'weekday': 'Sabato'},\n           {'date': '2024-10-27', 'weekday': 'Domenica'},\n           {'date': '2024-10-28', 'weekday': 'Lunedì'},\n           {'date': '2024-10-29', 'weekday': 'Martedì'},\n           {'date': '2024-10-30', 'weekday': 'Mercoledì'},\n           {'date': '2024-10-31', 'weekday': 'Giovedì'},", 0, 1, 'surrogates not allowed'))
[2026-01-28T20:47:12.841+0000] {logging_mixin.py:188} WARNING - --- Logging error ---
[2026-01-28T20:47:12.842+0000] {logging_mixin.py:188} WARNING - Traceback (most recent call last):
[2026-01-28T20:47:12.842+0000] {logging_mixin.py:188} WARNING -   File "/home/airflow/.local/lib/python3.11/site-packages/docker/api/client.py", line 265, in _raise_for_status
    response.raise_for_status()
[2026-01-28T20:47:12.842+0000] {logging_mixin.py:188} WARNING -   File "/home/airflow/.local/lib/python3.11/site-packages/requests/models.py", line 1021, in raise_for_status
    raise HTTPError(http_error_msg, response=self)
[2026-01-28T20:47:12.843+0000] {logging_mixin.py:188} WARNING - requests.exceptions.HTTPError: 400 Client Error: Bad Request for url: http+docker://localhost/v1.52/containers/create
[2026-01-28T20:47:12.843+0000] {logging_mixin.py:188} WARNING - 
The above exception was the direct cause of the following exception:
[2026-01-28T20:47:12.843+0000] {logging_mixin.py:188} WARNING - Traceback (most recent call last):
[2026-01-28T20:47:12.843+0000] {logging_mixin.py:188} WARNING -   File "/home/airflow/.local/lib/python3.11/site-packages/airflow/providers/docker/operators/docker.py", line 364, in _run_image
    return self._run_image_with_mounts([*self.mounts, tmp_mount], add_tmp_variable=True)
           ^^^^^^^^^^^^^^^^^^^^^^^^^^^^^^^^^^^^^^^^^^^^^^^^^^^^^^^^^^^^^^^^^^^^^^^^^^^^^
[2026-01-28T20:47:12.843+0000] {logging_mixin.py:188} WARNING -   File "/home/airflow/.local/lib/python3.11/site-packages/airflow/providers/docker/operators/docker.py", line 391, in _run_image_with_mounts
    self.container = self.cli.create_container(
                     ^^^^^^^^^^^^^^^^^^^^^^^^^^
[2026-01-28T20:47:12.844+0000] {logging_mixin.py:188} WARNING -   File "/home/airflow/.local/lib/python3.11/site-packages/docker/api/container.py", line 439, in create_container
    return self.create_container_from_config(config, name, platform)
           ^^^^^^^^^^^^^^^^^^^^^^^^^^^^^^^^^^^^^^^^^^^^^^^^^^^^^^^^^
[2026-01-28T20:47:12.844+0000] {logging_mixin.py:188} WARNING -   File "/home/airflow/.local/lib/python3.11/site-packages/docker/api/container.py", line 456, in create_container_from_config
    return self._result(res, True)
           ^^^^^^^^^^^^^^^^^^^^^^^
[2026-01-28T20:47:12.844+0000] {logging_mixin.py:188} WARNING -   File "/home/airflow/.local/lib/python3.11/site-packages/docker/api/client.py", line 271, in _result
    self._raise_for_status(response)
[2026-01-28T20:47:12.844+0000] {logging_mixin.py:188} WARNING -   File "/home/airflow/.local/lib/python3.11/site-packages/docker/api/client.py", line 267, in _raise_for_status
    raise create_api_error_from_http_exception(e) from e
          ^^^^^^^^^^^^^^^^^^^^^^^^^^^^^^^^^^^^^^^
[2026-01-28T20:47:12.844+0000] {logging_mixin.py:188} WARNING -   File "/home/airflow/.local/lib/python3.11/site-packages/docker/errors.py", line 39, in create_api_error_from_http_exception
    raise cls(e, response=response, explanation=explanation) from e
[2026-01-28T20:47:12.845+0000] {logging_mixin.py:188} WARNING - docker.errors.APIError: 400 Client Error for http+docker://localhost/v1.52/containers/create: Bad Request ("invalid mount config for type "bind": bind source path does not exist: /host_mnt/private/tmp/airflowtmptx0u303w")
[2026-01-28T20:47:12.845+0000] {logging_mixin.py:188} WARNING - 
During handling of the above exception, another exception occurred:
[2026-01-28T20:47:12.845+0000] {logging_mixin.py:188} WARNING - Traceback (most recent call last):
[2026-01-28T20:47:12.846+0000] {logging_mixin.py:188} WARNING -   File "/usr/local/lib/python3.11/logging/__init__.py", line 1113, in emit
    stream.write(msg + self.terminator)
[2026-01-28T20:47:12.846+0000] {logging_mixin.py:188} WARNING - UnicodeEncodeError: 'utf-8' codec can't encode character '\udcac' in position 54: surrogates not allowed
[2026-01-28T20:47:12.846+0000] {logging_mixin.py:188} WARNING - Call stack:
[2026-01-28T20:47:12.847+0000] {logging_mixin.py:188} WARNING -   File "/home/airflow/.local/bin/airflow", line 8, in <module>
    sys.exit(main())
[2026-01-28T20:47:12.847+0000] {logging_mixin.py:188} WARNING -   File "/home/airflow/.local/lib/python3.11/site-packages/airflow/__main__.py", line 57, in main
    args.func(args)
[2026-01-28T20:47:12.847+0000] {logging_mixin.py:188} WARNING -   File "/home/airflow/.local/lib/python3.11/site-packages/airflow/cli/cli_config.py", line 49, in command
    return func(*args, **kwargs)
[2026-01-28T20:47:12.847+0000] {logging_mixin.py:188} WARNING -   File "/home/airflow/.local/lib/python3.11/site-packages/airflow/utils/cli.py", line 114, in wrapper
    return f(*args, **kwargs)
[2026-01-28T20:47:12.847+0000] {logging_mixin.py:188} WARNING -   File "/home/airflow/.local/lib/python3.11/site-packages/airflow/utils/providers_configuration_loader.py", line 55, in wrapped_function
    return func(*args, **kwargs)
[2026-01-28T20:47:12.848+0000] {logging_mixin.py:188} WARNING -   File "/home/airflow/.local/lib/python3.11/site-packages/airflow/cli/commands/scheduler_command.py", line 67, in scheduler
    run_command_with_daemon_option(
[2026-01-28T20:47:12.848+0000] {logging_mixin.py:188} WARNING -   File "/home/airflow/.local/lib/python3.11/site-packages/airflow/cli/commands/daemon_utils.py", line 86, in run_command_with_daemon_option
    callback()
[2026-01-28T20:47:12.848+0000] {logging_mixin.py:188} WARNING -   File "/home/airflow/.local/lib/python3.11/site-packages/airflow/cli/commands/scheduler_command.py", line 70, in <lambda>
    callback=lambda: _run_scheduler_job(args),
[2026-01-28T20:47:12.848+0000] {logging_mixin.py:188} WARNING -   File "/home/airflow/.local/lib/python3.11/site-packages/airflow/cli/commands/scheduler_command.py", line 52, in _run_scheduler_job
    run_job(job=job_runner.job, execute_callable=job_runner._execute)
[2026-01-28T20:47:12.849+0000] {logging_mixin.py:188} WARNING -   File "/home/airflow/.local/lib/python3.11/site-packages/airflow/utils/session.py", line 79, in wrapper
    return func(*args, session=session, **kwargs)
[2026-01-28T20:47:12.849+0000] {logging_mixin.py:188} WARNING -   File "/home/airflow/.local/lib/python3.11/site-packages/airflow/jobs/job.py", line 393, in run_job
    return execute_job(job, execute_callable=execute_callable)
[2026-01-28T20:47:12.849+0000] {logging_mixin.py:188} WARNING -   File "/home/airflow/.local/lib/python3.11/site-packages/airflow/jobs/job.py", line 422, in execute_job
    ret = execute_callable()
[2026-01-28T20:47:12.849+0000] {logging_mixin.py:188} WARNING -   File "/home/airflow/.local/lib/python3.11/site-packages/airflow/jobs/scheduler_job_runner.py", line 846, in _execute
    self.job.executor.start()
[2026-01-28T20:47:12.849+0000] {logging_mixin.py:188} WARNING -   File "/home/airflow/.local/lib/python3.11/site-packages/airflow/executors/local_executor.py", line 372, in start
    self.impl.start()
[2026-01-28T20:47:12.850+0000] {logging_mixin.py:188} WARNING -   File "/home/airflow/.local/lib/python3.11/site-packages/airflow/executors/local_executor.py", line 311, in start
    worker.start()
[2026-01-28T20:47:12.850+0000] {logging_mixin.py:188} WARNING -   File "/usr/local/lib/python3.11/multiprocessing/process.py", line 121, in start
    self._popen = self._Popen(self)
[2026-01-28T20:47:12.850+0000] {logging_mixin.py:188} WARNING -   File "/usr/local/lib/python3.11/multiprocessing/context.py", line 224, in _Popen
    return _default_context.get_context().Process._Popen(process_obj)
[2026-01-28T20:47:12.850+0000] {logging_mixin.py:188} WARNING -   File "/usr/local/lib/python3.11/multiprocessing/context.py", line 281, in _Popen
    return Popen(process_obj)
[2026-01-28T20:47:12.851+0000] {logging_mixin.py:188} WARNING -   File "/usr/local/lib/python3.11/multiprocessing/popen_fork.py", line 19, in __init__
    self._launch(process_obj)
[2026-01-28T20:47:12.851+0000] {logging_mixin.py:188} WARNING -   File "/usr/local/lib/python3.11/multiprocessing/popen_fork.py", line 71, in _launch
    code = process_obj._bootstrap(parent_sentinel=child_r)
[2026-01-28T20:47:12.851+0000] {logging_mixin.py:188} WARNING -   File "/usr/local/lib/python3.11/multiprocessing/process.py", line 314, in _bootstrap
    self.run()
[2026-01-28T20:47:12.851+0000] {logging_mixin.py:188} WARNING -   File "/home/airflow/.local/lib/python3.11/site-packages/airflow/executors/local_executor.py", line 77, in run
    return super().run()
[2026-01-28T20:47:12.851+0000] {logging_mixin.py:188} WARNING -   File "/usr/local/lib/python3.11/multiprocessing/process.py", line 108, in run
    self._target(*self._args, **self._kwargs)
[2026-01-28T20:47:12.852+0000] {logging_mixin.py:188} WARNING -   File "/home/airflow/.local/lib/python3.11/site-packages/airflow/executors/local_executor.py", line 201, in do_work
    self.execute_work(key=key, command=command)
[2026-01-28T20:47:12.852+0000] {logging_mixin.py:188} WARNING -   File "/home/airflow/.local/lib/python3.11/site-packages/airflow/executors/local_executor.py", line 94, in execute_work
    state = self._execute_work_in_fork(command)
[2026-01-28T20:47:12.852+0000] {logging_mixin.py:188} WARNING -   File "/home/airflow/.local/lib/python3.11/site-packages/airflow/executors/local_executor.py", line 134, in _execute_work_in_fork
    args.func(args)
[2026-01-28T20:47:12.852+0000] {logging_mixin.py:188} WARNING -   File "/home/airflow/.local/lib/python3.11/site-packages/airflow/cli/cli_config.py", line 49, in command
    return func(*args, **kwargs)
[2026-01-28T20:47:12.852+0000] {logging_mixin.py:188} WARNING -   File "/home/airflow/.local/lib/python3.11/site-packages/airflow/utils/cli.py", line 114, in wrapper
    return f(*args, **kwargs)
[2026-01-28T20:47:12.853+0000] {logging_mixin.py:188} WARNING -   File "/home/airflow/.local/lib/python3.11/site-packages/airflow/cli/commands/task_command.py", line 438, in task_run
    task_return_code = _run_task_by_selected_method(args, _dag, ti)
[2026-01-28T20:47:12.853+0000] {logging_mixin.py:188} WARNING -   File "/home/airflow/.local/lib/python3.11/site-packages/airflow/cli/commands/task_command.py", line 216, in _run_task_by_selected_method
    return _run_task_by_local_task_job(args, ti)
[2026-01-28T20:47:12.853+0000] {logging_mixin.py:188} WARNING -   File "/home/airflow/.local/lib/python3.11/site-packages/airflow/cli/commands/task_command.py", line 278, in _run_task_by_local_task_job
    ret = run_job(job=job_runner.job, execute_callable=job_runner._execute)
[2026-01-28T20:47:12.853+0000] {logging_mixin.py:188} WARNING -   File "/home/airflow/.local/lib/python3.11/site-packages/airflow/utils/session.py", line 79, in wrapper
    return func(*args, session=session, **kwargs)
[2026-01-28T20:47:12.853+0000] {logging_mixin.py:188} WARNING -   File "/home/airflow/.local/lib/python3.11/site-packages/airflow/jobs/job.py", line 393, in run_job
    return execute_job(job, execute_callable=execute_callable)
[2026-01-28T20:47:12.854+0000] {logging_mixin.py:188} WARNING -   File "/home/airflow/.local/lib/python3.11/site-packages/airflow/jobs/job.py", line 422, in execute_job
    ret = execute_callable()
[2026-01-28T20:47:12.854+0000] {logging_mixin.py:188} WARNING -   File "/home/airflow/.local/lib/python3.11/site-packages/airflow/jobs/local_task_job_runner.py", line 165, in _execute
    self.task_runner.start()
[2026-01-28T20:47:12.854+0000] {logging_mixin.py:188} WARNING -   File "/home/airflow/.local/lib/python3.11/site-packages/airflow/task/task_runner/standard_task_runner.py", line 48, in start
    self.process = self._start_by_fork()
[2026-01-28T20:47:12.854+0000] {logging_mixin.py:188} WARNING -   File "/home/airflow/.local/lib/python3.11/site-packages/airflow/task/task_runner/standard_task_runner.py", line 100, in _start_by_fork
    ret = args.func(args, dag=self.dag)
[2026-01-28T20:47:12.854+0000] {logging_mixin.py:188} WARNING -   File "/home/airflow/.local/lib/python3.11/site-packages/airflow/cli/cli_config.py", line 49, in command
    return func(*args, **kwargs)
[2026-01-28T20:47:12.855+0000] {logging_mixin.py:188} WARNING -   File "/home/airflow/.local/lib/python3.11/site-packages/airflow/utils/cli.py", line 114, in wrapper
    return f(*args, **kwargs)
[2026-01-28T20:47:12.855+0000] {logging_mixin.py:188} WARNING -   File "/home/airflow/.local/lib/python3.11/site-packages/airflow/cli/commands/task_command.py", line 438, in task_run
    task_return_code = _run_task_by_selected_method(args, _dag, ti)
[2026-01-28T20:47:12.855+0000] {logging_mixin.py:188} WARNING -   File "/home/airflow/.local/lib/python3.11/site-packages/airflow/cli/commands/task_command.py", line 218, in _run_task_by_selected_method
    return _run_raw_task(args, ti)
[2026-01-28T20:47:12.855+0000] {logging_mixin.py:188} WARNING -   File "/home/airflow/.local/lib/python3.11/site-packages/airflow/cli/commands/task_command.py", line 297, in _run_raw_task
    return ti._run_raw_task(
[2026-01-28T20:47:12.856+0000] {logging_mixin.py:188} WARNING -   File "/home/airflow/.local/lib/python3.11/site-packages/airflow/utils/session.py", line 79, in wrapper
    return func(*args, session=session, **kwargs)
[2026-01-28T20:47:12.856+0000] {logging_mixin.py:188} WARNING -   File "/home/airflow/.local/lib/python3.11/site-packages/airflow/models/taskinstance.py", line 2334, in _run_raw_task
    self._execute_task_with_callbacks(context, test_mode, session=session)
[2026-01-28T20:47:12.856+0000] {logging_mixin.py:188} WARNING -   File "/home/airflow/.local/lib/python3.11/site-packages/airflow/models/taskinstance.py", line 2499, in _execute_task_with_callbacks
    result = self._execute_task(context, task_orig)
[2026-01-28T20:47:12.856+0000] {logging_mixin.py:188} WARNING -   File "/home/airflow/.local/lib/python3.11/site-packages/airflow/models/taskinstance.py", line 2516, in _execute_task
    return _execute_task(self, context, task_orig)
[2026-01-28T20:47:12.857+0000] {logging_mixin.py:188} WARNING -   File "/home/airflow/.local/lib/python3.11/site-packages/airflow/models/taskinstance.py", line 433, in _execute_task
    result = execute_callable(context=context, **execute_callable_kwargs)
[2026-01-28T20:47:12.857+0000] {logging_mixin.py:188} WARNING -   File "/opt/airflow/dags/scrape_events.py", line 92, in execute
    return super().execute(context)
[2026-01-28T20:47:12.857+0000] {logging_mixin.py:188} WARNING -   File "/home/airflow/.local/lib/python3.11/site-packages/airflow/providers/docker/operators/docker.py", line 502, in execute
    return self._run_image()
[2026-01-28T20:47:12.857+0000] {logging_mixin.py:188} WARNING -   File "/home/airflow/.local/lib/python3.11/site-packages/airflow/providers/docker/operators/docker.py", line 373, in _run_image
    return self._run_image_with_mounts(self.mounts, add_tmp_variable=False)
[2026-01-28T20:47:12.858+0000] {logging_mixin.py:188} WARNING -   File "/home/airflow/.local/lib/python3.11/site-packages/airflow/providers/docker/operators/docker.py", line 429, in _run_image_with_mounts
    self.log.info("%s", log_chunk)
[2026-01-28T20:47:12.858+0000] {logging_mixin.py:188} WARNING -   File "/usr/local/lib/python3.11/logging/__init__.py", line 1489, in info
    self._log(INFO, msg, args, **kwargs)
[2026-01-28T20:47:12.858+0000] {logging_mixin.py:188} WARNING -   File "/usr/local/lib/python3.11/logging/__init__.py", line 1634, in _log
    self.handle(record)
[2026-01-28T20:47:12.858+0000] {logging_mixin.py:188} WARNING -   File "/usr/local/lib/python3.11/logging/__init__.py", line 1644, in handle
    self.callHandlers(record)
[2026-01-28T20:47:12.859+0000] {logging_mixin.py:188} WARNING -   File "/usr/local/lib/python3.11/logging/__init__.py", line 1706, in callHandlers
    hdlr.handle(record)
[2026-01-28T20:47:12.859+0000] {logging_mixin.py:188} WARNING -   File "/usr/local/lib/python3.11/logging/__init__.py", line 978, in handle
    self.emit(record)
[2026-01-28T20:47:12.859+0000] {logging_mixin.py:188} WARNING -   File "/home/airflow/.local/lib/python3.11/site-packages/airflow/utils/log/file_task_handler.py", line 247, in emit
    self.handler.emit(record)
[2026-01-28T20:47:12.859+0000] {logging_mixin.py:188} WARNING - Message: '%s'
Arguments: ("\udcac'},\n           {'date': '2023-12-21', 'weekday': 'Giovedì'},\n           {'date': '2023-12-22', 'weekday': 'Venerdì'},\n           {'date': '2023-12-23', 'weekday': 'Sabato'},\n           {'date': '2023-12-24', 'weekday': 'Domenica'},\n           {'date': '2023-12-25', 'weekday': 'Lunedì'},\n           {'date': '2023-12-26', 'weekday': 'Martedì'},\n           {'date': '2023-12-27', 'weekday': 'Mercoledì'},\n           {'date': '2023-12-28', 'weekday': 'Giovedì'},\n           {'date': '2023-12-29', 'weekday': 'Venerdì'},\n           {'date': '2023-12-30', 'weekday': 'Sabato'},\n           {'date': '2023-12-31', 'weekday': 'Domenica'},\n           {'date': '2024-01-01', 'weekday': 'Lunedì'},\n           {'date': '2024-01-02', 'weekday': 'Martedì'},\n           {'date': '2024-01-03', 'weekday': 'Mercoledì'},\n           {'date': '2024-01-04', 'weekday': 'Giovedì'},\n           {'date': '2024-01-05', 'weekday': 'Venerdì'},\n           {'date': '2024-01-06', 'weekday': 'Sabato'},\n           {'date': '2024-01-07', 'weekday': 'Domenica'},\n           {'date': '2024-01-08', 'weekday': 'Lunedì'},\n           {'date': '2024-01-09', 'weekday': 'Martedì'},\n           {'date': '2024-01-10', 'weekday': 'Mercoledì'},\n           {'date': '2024-01-11', 'weekday': 'Giovedì'},\n           {'date': '2024-01-12', 'weekday': 'Venerdì'},\n           {'date': '2024-01-13', 'weekday': 'Sabato'},\n           {'date': '2024-01-14', 'weekday': 'Domenica'},\n           {'date': '2024-01-15', 'weekday': 'Lunedì'},\n           {'date': '2024-01-16', 'weekday': 'Martedì'},\n           {'date': '2024-01-17', 'weekday': 'Mercoledì'},\n           {'date': '2024-01-18', 'weekday': 'Giovedì'},\n           {'date': '2024-01-19', 'weekday': 'Venerdì'},\n           {'date': '2024-01-20', 'weekday': 'Sabato'},\n           {'date': '2024-01-21', 'weekday': 'Domenica'},\n           {'date': '2024-01-22', 'weekday': 'Lunedì'},\n           {'date': '2024-01-23', 'weekday': 'Martedì'},\n           {'date': '2024-01-24', 'weekday': 'Mercoledì'},\n           {'date': '2024-01-25', 'weekday': 'Giovedì'},\n           {'date': '2024-01-26', 'weekday': 'Venerdì'},\n           {'date': '2024-01-27', 'weekday': 'Sabato'},\n           {'date': '2024-01-28', 'weekday': 'Domenica'},\n           {'date': '2024-01-29', 'weekday': 'Lunedì'},\n           {'date': '2024-01-30', 'weekday': 'Martedì'},\n           {'date': '2024-01-31', 'weekday': 'Mercoledì'},\n           {'date': '2024-02-01', 'weekday': 'Giovedì'},\n           {'date': '2024-02-02', 'weekday': 'Venerdì'},\n           {'date': '2024-02-03', 'weekday': 'Sabato'},\n           {'date': '2024-02-04', 'weekday': 'Domenica'},\n           {'date': '2024-02-05', 'weekday': 'Lunedì'},\n           {'date': '2024-02-06', 'weekday': 'Martedì'},\n           {'date': '2024-02-07', 'weekday': 'Mercoledì'},\n           {'date': '2024-02-08', 'weekday': 'Giovedì'},\n           {'date': '2024-02-09', 'weekday': 'Venerdì'},\n           {'date': '2024-02-10', 'weekday': 'Sabato'},\n           {'date': '2024-02-11', 'weekday': 'Domenica'},\n           {'date': '2024-02-12', 'weekday': 'Lunedì'},\n           {'date': '2024-02-13', 'weekday': 'Martedì'},\n           {'date': '2024-02-14', 'weekday': 'Mercoledì'},\n           {'date': '2024-02-15', 'weekday': 'Giovedì'},\n           {'date': '2024-02-16', 'weekday': 'Venerdì'},\n           {'date': '2024-02-17', 'weekday': 'Sabato'},\n           {'date': '2024-02-18', 'weekday': 'Domenica'},\n           {'date': '2024-02-19', 'weekday': 'Lunedì'},\n           {'date': '2024-02-20', 'weekday': 'Martedì'},\n           {'date': '2024-02-21', 'weekday': 'Mercoledì'},\n           {'date': '2024-02-22', 'weekday': 'Giovedì'},\n           {'date': '2024-02-23', 'weekday': 'Venerdì'},\n           {'date': '2024-02-24', 'weekday': 'Sabato'},\n           {'date': '2024-02-25', 'weekday': 'Domenica'},\n           {'date': '2024-02-26', 'weekday': 'Lunedì'},\n           {'date': '2024-02-27', 'weekday': 'Martedì'},\n           {'date': '2024-02-28', 'weekday': 'Mercoledì'},\n           {'date': '2024-02-29', 'weekday': 'Giovedì'},\n           {'date': '2024-03-01', 'weekday': 'Venerdì'},\n           {'date': '2024-03-02', 'weekday': 'Sabato'},\n           {'date': '2024-03-03', 'weekday': 'Domenica'},\n           {'date': '2024-03-04', 'weekday': 'Lunedì'},\n           {'date': '2024-03-05', 'weekday': 'Martedì'},\n           {'date': '2024-03-06', 'weekday': 'Mercoledì'},\n           {'date': '2024-03-07', 'weekday': 'Giovedì'},\n           {'date': '2024-03-08', 'weekday': 'Venerdì'},\n           {'date': '2024-03-09', 'weekday': 'Sabato'},\n           {'date': '2024-03-10', 'weekday': 'Domenica'},\n           {'date': '2024-03-11', 'weekday': 'Lunedì'},\n           {'date': '2024-03-12', 'weekday': 'Martedì'},\n           {'date': '2024-03-13', 'weekday': 'Mercoledì'},\n           {'date': '2024-03-14', 'weekday': 'Giovedì'},\n           {'date': '2024-03-15', 'weekday': 'Venerdì'},\n           {'date': '2024-03-16', 'weekday': 'Sabato'},\n           {'date': '2024-03-17', 'weekday': 'Domenica'},\n           {'date': '2024-03-18', 'weekday': 'Lunedì'},\n           {'date': '2024-03-19', 'weekday': 'Martedì'},\n           {'date': '2024-03-20', 'weekday': 'Mercoledì'},\n           {'date': '2024-03-21', 'weekday': 'Giovedì'},\n           {'date': '2024-03-22', 'weekday': 'Venerdì'},\n           {'date': '2024-03-23', 'weekday': 'Sabato'},\n           {'date': '2024-03-24', 'weekday': 'Domenica'},\n           {'date': '2024-03-25', 'weekday': 'Lunedì'},\n           {'date': '2024-03-26', 'weekday': 'Martedì'},\n           {'date': '2024-03-27', 'weekday': 'Mercoledì'},\n           {'date': '2024-03-28', 'weekday': 'Giovedì'},\n           {'date': '2024-03-29', 'weekday': 'Venerdì'},\n           {'date': '2024-03-30', 'weekday': 'Sabato'},\n           {'date': '2024-03-31', 'weekday': 'Domenica'},\n           {'date': '2024-04-01', 'weekday': 'Lunedì'},\n           {'date': '2024-04-02', 'weekday': 'Martedì'},\n           {'date': '2024-04-03', 'weekday': 'Mercoledì'},\n           {'date': '2024-04-04', 'weekday': 'Giovedì'},\n           {'date': '2024-04-05', 'weekday': 'Venerdì'},\n           {'date': '2024-04-06', 'weekday': 'Sabato'},\n           {'date': '2024-04-07', 'weekday': 'Domenica'},\n           {'date': '2024-04-08', 'weekday': 'Lunedì'},\n           {'date': '2024-04-09', 'weekday': 'Martedì'},\n           {'date': '2024-04-10', 'weekday': 'Mercoledì'},\n           {'date': '2024-04-11', 'weekday': 'Giovedì'},\n           {'date': '2024-04-12', 'weekday': 'Venerdì'},\n           {'date': '2024-04-13', 'weekday': 'Sabato'},\n           {'date': '2024-04-14', 'weekday': 'Domenica'},\n           {'date': '2024-04-15', 'weekday': 'Lunedì'},\n           {'date': '2024-04-16', 'weekday': 'Martedì'},\n           {'date': '2024-04-17', 'weekday': 'Mercoledì'},\n           {'date': '2024-04-18', 'weekday': 'Giovedì'},\n           {'date': '2024-04-19', 'weekday': 'Venerdì'},\n           {'date': '2024-04-20', 'weekday': 'Sabato'},\n           {'date': '2024-04-21', 'weekday': 'Domenica'},\n           {'date': '2024-04-22', 'weekday': 'Lunedì'},\n           {'date': '2024-04-23', 'weekday': 'Martedì'},\n           {'date': '2024-04-24', 'weekday': 'Mercoledì'},\n           {'date': '2024-04-25', 'weekday': 'Giovedì'},\n           {'date': '2024-04-26', 'weekday': 'Venerdì'},\n           {'date': '2024-04-27', 'weekday': 'Sabato'},\n           {'date': '2024-04-28', 'weekday': 'Domenica'},\n           {'date': '2024-04-29', 'weekday': 'Lunedì'},\n           {'date': '2024-04-30', 'weekday': 'Martedì'},\n           {'date': '2024-05-01', 'weekday': 'Mercoledì'},\n           {'date': '2024-05-02', 'weekday': 'Giovedì'},\n           {'date': '2024-05-03', 'weekday': 'Venerdì'},\n           {'date': '2024-05-04', 'weekday': 'Sabato'},\n           {'date': '2024-05-05', 'weekday': 'Domenica'},\n           {'date': '2024-05-06', 'weekday': 'Lunedì'},\n           {'date': '2024-05-07', 'weekday': 'Martedì'},\n           {'date': '2024-05-08', 'weekday': 'Mercoledì'},\n           {'date': '2024-05-09', 'weekday': 'Giovedì'},\n           {'date': '2024-05-10', 'weekday': 'Venerdì'},\n           {'date': '2024-05-11', 'weekday': 'Sabato'},\n           {'date': '2024-05-12', 'weekday': 'Domenica'},\n           {'date': '2024-05-13', 'weekday': 'Lunedì'},\n           {'date': '2024-05-14', 'weekday': 'Martedì'},\n           {'date': '2024-05-15', 'weekday': 'Mercoledì'},\n           {'date': '2024-05-16', 'weekday': 'Giovedì'},\n           {'date': '2024-05-17', 'weekday': 'Venerdì'},\n           {'date': '2024-05-18', 'weekday': 'Sabato'},\n           {'date': '2024-05-19', 'weekday': 'Domenica'},\n           {'date': '2024-05-20', 'weekday': 'Lunedì'},\n           {'date': '2024-05-21', 'weekday': 'Martedì'},\n           {'date': '2024-05-22', 'weekday': 'Mercoledì'},\n           {'date': '2024-05-23', 'weekday': 'Giovedì'},\n           {'date': '2024-05-24', 'weekday': 'Venerdì'},\n           {'date': '2024-05-25', 'weekday': 'Sabato'},\n           {'date': '2024-05-26', 'weekday': 'Domenica'},\n           {'date': '2024-05-27', 'weekday': 'Lunedì'},\n           {'date': '2024-05-28', 'weekday': 'Martedì'},\n           {'date': '2024-05-29', 'weekday': 'Mercoledì'},\n           {'date': '2024-05-30', 'weekday': 'Giovedì'},\n           {'date': '2024-05-31', 'weekday': 'Venerdì'},\n           {'date': '2024-06-01', 'weekday': 'Sabato'},\n           {'date': '2024-06-02', 'weekday': 'Domenica'},\n           {'date': '2024-06-03', 'weekday': 'Lunedì'},\n           {'date': '2024-06-04', 'weekday': 'Martedì'},\n           {'date': '2024-06-05', 'weekday': 'Mercoledì'},\n           {'date': '2024-06-06', 'weekday': 'Giovedì'},\n           {'date': '2024-06-07', 'weekday': 'Venerdì'},\n           {'date': '2024-06-08', 'weekday': 'Sabato'},\n           {'date': '2024-06-09', 'weekday': 'Domenica'},\n           {'date': '2024-06-10', 'weekday': 'Lunedì'},\n           {'date': '2024-06-11', 'weekday': 'Martedì'},\n           {'date': '2024-06-12', 'weekday': 'Mercoledì'},\n           {'date': '2024-06-13', 'weekday': 'Giovedì'},\n           {'date': '2024-06-14', 'weekday': 'Venerdì'},\n           {'date': '2024-06-15', 'weekday': 'Sabato'},\n           {'date': '2024-06-16', 'weekday': 'Domenica'},\n           {'date': '2024-06-17', 'weekday': 'Lunedì'},\n           {'date': '2024-06-18', 'weekday': 'Martedì'},\n           {'date': '2024-06-19', 'weekday': 'Mercoledì'},\n           {'date': '2024-06-20', 'weekday': 'Giovedì'},\n           {'date': '2024-06-21', 'weekday': 'Venerdì'},\n           {'date': '2024-06-22', 'weekday': 'Sabato'},\n           {'date': '2024-06-23', 'weekday': 'Domenica'},\n           {'date': '2024-06-24', 'weekday': 'Lunedì'},\n           {'date': '2024-06-25', 'weekday': 'Martedì'},\n           {'date': '2024-06-26', 'weekday': 'Mercoledì'},\n           {'date': '2024-06-27', 'weekday': 'Giovedì'},\n           {'date': '2024-06-28', 'weekday': 'Venerdì'},\n           {'date': '2024-06-29', 'weekday': 'Sabato'},\n           {'date': '2024-06-30', 'weekday': 'Domenica'},\n           {'date': '2024-07-01', 'weekday': 'Lunedì'},\n           {'date': '2024-07-02', 'weekday': 'Martedì'},\n           {'date': '2024-07-03', 'weekday': 'Mercoledì'},\n           {'date': '2024-07-04', 'weekday': 'Giovedì'},\n           {'date': '2024-07-05', 'weekday': 'Venerdì'},\n           {'date': '2024-07-06', 'weekday': 'Sabato'},\n           {'date': '2024-07-07', 'weekday': 'Domenica'},\n           {'date': '2024-07-08', 'weekday': 'Lunedì'},\n           {'date': '2024-07-09', 'weekday': 'Martedì'},\n           {'date': '2024-07-10', 'weekday': 'Mercoledì'},\n           {'date': '2024-07-11', 'weekday': 'Giovedì'},\n           {'date': '2024-07-12', 'weekday': 'Venerdì'},\n           {'date': '2024-07-13', 'weekday': 'Sabato'},\n           {'date': '2024-07-14', 'weekday': 'Domenica'},\n           {'date': '2024-07-15', 'weekday': 'Lunedì'},\n           {'date': '2024-07-16', 'weekday': 'Martedì'},\n           {'date': '2024-07-17', 'weekday': 'Mercoledì'},\n           {'date': '2024-07-18', 'weekday': 'Giovedì'},\n           {'date': '2024-07-19', 'weekday': 'Venerdì'},\n           {'date': '2024-07-20', 'weekday': 'Sabato'},\n           {'date': '2024-07-21', 'weekday': 'Domenica'},\n           {'date': '2024-07-22', 'weekday': 'Lunedì'},\n           {'date': '2024-07-23', 'weekday': 'Martedì'},\n           {'date': '2024-07-24', 'weekday': 'Mercoledì'},\n           {'date': '2024-07-25', 'weekday': 'Giovedì'},\n           {'date': '2024-07-26', 'weekday': 'Venerdì'},\n           {'date': '2024-07-27', 'weekday': 'Sabato'},\n           {'date': '2024-07-28', 'weekday': 'Domenica'},\n           {'date': '2024-07-29', 'weekday': 'Lunedì'},\n           {'date': '2024-07-30', 'weekday': 'Martedì'},\n           {'date': '2024-07-31', 'weekday': 'Mercoledì'},\n           {'date': '2024-08-01', 'weekday': 'Giovedì'},\n           {'date': '2024-08-02', 'weekday': 'Venerdì'},\n           {'date': '2024-08-03', 'weekday': 'Sabato'},\n           {'date': '2024-08-04', 'weekday': 'Domenica'},\n           {'date': '2024-08-05', 'weekday': 'Lunedì'},\n           {'date': '2024-08-06', 'weekday': 'Martedì'},\n           {'date': '2024-08-07', 'weekday': 'Mercoledì'},\n           {'date': '2024-08-08', 'weekday': 'Giovedì'},\n           {'date': '2024-08-09', 'weekday': 'Venerdì'},\n           {'date': '2024-08-10', 'weekday': 'Sabato'},\n           {'date': '2024-08-11', 'weekday': 'Domenica'},\n           {'date': '2024-08-12', 'weekday': 'Lunedì'},\n           {'date': '2024-08-13', 'weekday': 'Martedì'},\n           {'date': '2024-08-14', 'weekday': 'Mercoledì'},\n           {'date': '2024-08-15', 'weekday': 'Giovedì'},\n           {'date': '2024-08-16', 'weekday': 'Venerdì'},\n           {'date': '2024-08-17', 'weekday': 'Sabato'},\n           {'date': '2024-08-18', 'weekday': 'Domenica'},\n           {'date': '2024-08-19', 'weekday': 'Lunedì'},\n           {'date': '2024-08-20', 'weekday': 'Martedì'},\n           {'date': '2024-08-21', 'weekday': 'Mercoledì'},\n           {'date': '2024-08-22', 'weekday': 'Giovedì'},\n           {'date': '2024-08-23', 'weekday': 'Venerdì'},\n           {'date': '2024-08-24', 'weekday': 'Sabato'},\n           {'date': '2024-08-25', 'weekday': 'Domenica'},\n           {'date': '2024-08-26', 'weekday': 'Lunedì'},\n           {'date': '2024-08-27', 'weekday': 'Martedì'},\n           {'date': '2024-08-28', 'weekday': 'Mercoledì'},\n           {'date': '2024-08-29', 'weekday': 'Giovedì'},\n           {'date': '2024-08-30', 'weekday': 'Venerdì'},\n           {'date': '2024-08-31', 'weekday': 'Sabato'},\n           {'date': '2024-09-01', 'weekday': 'Domenica'},\n           {'date': '2024-09-02', 'weekday': 'Lunedì'},\n           {'date': '2024-09-03', 'weekday': 'Martedì'},\n           {'date': '2024-09-04', 'weekday': 'Mercoledì'},\n           {'date': '2024-09-05', 'weekday': 'Giovedì'},\n           {'date': '2024-09-06', 'weekday': 'Venerdì'},\n           {'date': '2024-09-07', 'weekday': 'Sabato'},\n           {'date': '2024-09-08', 'weekday': 'Domenica'},\n           {'date': '2024-09-09', 'weekday': 'Lunedì'},\n           {'date': '2024-09-10', 'weekday': 'Martedì'},\n           {'date': '2024-09-11', 'weekday': 'Mercoledì'},\n           {'date': '2024-09-12', 'weekday': 'Giovedì'},\n           {'date': '2024-09-13', 'weekday': 'Venerdì'},\n           {'date': '2024-09-14', 'weekday': 'Sabato'},\n           {'date': '2024-09-15', 'weekday': 'Domenica'},\n           {'date': '2024-09-16', 'weekday': 'Lunedì'},\n           {'date': '2024-09-17', 'weekday': 'Martedì'},\n           {'date': '2024-09-18', 'weekday': 'Mercoledì'},\n           {'date': '2024-09-19', 'weekday': 'Giovedì'},\n           {'date': '2024-09-20', 'weekday': 'Venerdì'},\n           {'date': '2024-09-21', 'weekday': 'Sabato'},\n           {'date': '2024-09-22', 'weekday': 'Domenica'},\n           {'date': '2024-09-23', 'weekday': 'Lunedì'},\n           {'date': '2024-09-24', 'weekday': 'Martedì'},\n           {'date': '2024-09-25', 'weekday': 'Mercoledì'},\n           {'date': '2024-09-26', 'weekday': 'Giovedì'},\n           {'date': '2024-09-27', 'weekday': 'Venerdì'},\n           {'date': '2024-09-28', 'weekday': 'Sabato'},\n           {'date': '2024-09-29', 'weekday': 'Domenica'},\n           {'date': '2024-09-30', 'weekday': 'Lunedì'},\n           {'date': '2024-10-01', 'weekday': 'Martedì'},\n           {'date': '2024-10-02', 'weekday': 'Mercoledì'},\n           {'date': '2024-10-03', 'weekday': 'Giovedì'},\n           {'date': '2024-10-04', 'weekday': 'Venerdì'},\n           {'date': '2024-10-05', 'weekday': 'Sabato'},\n           {'date': '2024-10-06', 'weekday': 'Domenica'},\n           {'date': '2024-10-07', 'weekday': 'Lunedì'},\n           {'date': '2024-10-08', 'weekday': 'Martedì'},\n           {'date': '2024-10-09', 'weekday': 'Mercoledì'},\n           {'date': '2024-10-10', 'weekday': 'Giovedì'},\n           {'date': '2024-10-11', 'weekday': 'Venerdì'},\n           {'date': '2024-10-12', 'weekday': 'Sabato'},\n           {'date': '2024-10-13', 'weekday': 'Domenica'},\n           {'date': '2024-10-14', 'weekday': 'Lunedì'},\n           {'date': '2024-10-15', 'weekday': 'Martedì'},\n           {'date': '2024-10-16', 'weekday': 'Mercoledì'},\n           {'date': '2024-10-17', 'weekday': 'Giovedì'},\n           {'date': '2024-10-18', 'weekday': 'Venerdì'},\n           {'date': '2024-10-19', 'weekday': 'Sabato'},\n           {'date': '2024-10-20', 'weekday': 'Domenica'},\n           {'date': '2024-10-21', 'weekday': 'Lunedì'},\n           {'date': '2024-10-22', 'weekday': 'Martedì'},\n           {'date': '2024-10-23', 'weekday': 'Mercoledì'},\n           {'date': '2024-10-24', 'weekday': 'Giovedì'},\n           {'date': '2024-10-25', 'weekday': 'Venerdì'},\n           {'date': '2024-10-26', 'weekday': 'Sabato'},\n           {'date': '2024-10-27', 'weekday': 'Domenica'},\n           {'date': '2024-10-28', 'weekday': 'Lunedì'},\n           {'date': '2024-10-29', 'weekday': 'Martedì'},\n           {'date': '2024-10-30', 'weekday': 'Mercoledì'},\n           {'date': '2024-10-31', 'weekday': 'Giovedì'},",)
[2026-01-28T20:47:12.860+0000] {docker.py:429} INFO - {'date': '2024-11-01', 'weekday': 'Venerdì'},
           {'date': '2024-11-02', 'weekday': 'Sabato'},
           {'date': '2024-11-03', 'weekday': 'Domenica'},
           {'date': '2024-11-04', 'weekday': 'Lunedì'},
           {'date': '2024-11-05', 'weekday': 'Martedì'},
           {'date': '2024-11-06', 'weekday': 'Mercoledì'},
           {'date': '2024-11-07', 'weekday': 'Giovedì'},
           {'date': '2024-11-08', 'weekday': 'Venerdì'},
           {'date': '2024-11-09', 'weekday': 'Sabato'},
           {'date': '2024-11-10', 'weekday': 'Domenica'},
           {'date': '2024-11-11', 'weekday': 'Lunedì'},
           {'date': '2024-11-12', 'weekday': 'Martedì'},
           {'date': '2024-11-13', 'weekday': 'Mercoledì'},
           {'date': '2024-11-14', 'weekday': 'Giovedì'},
           {'date': '2024-11-15', 'weekday': 'Venerdì'},
           {'date': '2024-11-16', 'weekday': 'Sabato'},
           {'date': '2024-11-17', 'weekday': 'Domenica'},
           {'date': '2024-11-18', 'weekday': 'Lunedì'},
           {'date': '2024-11-19', 'weekday': 'Martedì'},
           {'date': '2024-11-20', 'weekday': 'Mercoledì'},
           {'date': '2024-11-21', 'weekday': 'Giovedì'},
           {'date': '2024-11-22', 'weekday': 'Venerdì'},
           {'date': '2024-11-23', 'weekday': 'Sabato'},
           {'date': '2024-11-24', 'weekday': 'Domenica'},
           {'date': '2024-11-25', 'weekday': 'Lunedì'},
           {'date': '2024-11-26', 'weekday': 'Martedì'},
           {'date': '2024-11-27', 'weekday': 'Mercoledì'},
           {'date': '2024-11-28', 'weekday': 'Giovedì'},
           {'date': '2024-11-29', 'weekday': 'Venerdì'},
           {'date': '2024-11-30', 'weekday': 'Sabato'},
           {'date': '2024-12-01', 'weekday': 'Domenica'},
           {'date': '2024-12-02', 'weekday': 'Lunedì'},
           {'date': '2024-12-03', 'weekday': 'Martedì'},
           {'date': '2024-12-04', 'weekday': 'Mercoledì'},
           {'date': '2024-12-05', 'weekday': 'Giovedì'},
           {'date': '2024-12-06', 'weekday': 'Venerdì'},
           {'date': '2024-12-07', 'weekday': 'Sabato'},
           {'date': '2024-12-08', 'weekday': 'Domenica'},
           {'date': '2024-12-09', 'weekday': 'Lunedì'},
           {'date': '2024-12-10', 'weekday': 'Martedì'},
           {'date': '2024-12-11', 'weekday': 'Mercoledì'},
           {'date': '2024-12-12', 'weekday': 'Giovedì'},
           {'date': '2024-12-13', 'weekday': 'Venerdì'},
           {'date': '2024-12-14', 'weekday': 'Sabato'},
           {'date': '2024-12-15', 'weekday': 'Domenica'},
           {'date': '2024-12-16', 'weekday': 'Lunedì'},
           {'date': '2024-12-17', 'weekday': 'Martedì'},
           {'date': '2024-12-18', 'weekday': 'Mercoledì'},
           {'date': '2024-12-19', 'weekday': 'Giovedì'},
           {'date': '2024-12-20', 'weekday': 'Venerdì'},
           {'date': '2024-12-21', 'weekday': 'Sabato'},
           {'date': '2024-12-22', 'weekday': 'Domenica'},
           {'date': '2024-12-23', 'weekday': 'Lunedì'},
           {'date': '2024-12-24', 'weekday': 'Martedì'},
           {'date': '2024-12-25', 'weekday': 'Mercoledì'},
           {'date': '2024-12-26', 'weekday': 'Giovedì'},
           {'date': '2024-12-27', 'weekday': 'Venerdì'},
           {'date': '2024-12-28', 'weekday': 'Sabato'},
           {'date': '2024-12-29', 'weekday': 'Domenica'},
           {'date': '2024-12-30', 'weekday': 'Lunedì'},
           {'date': '2024-12-31', 'weekday': 'Martedì'},
           {'date': '2025-01-01', 'weekday': 'Mercoledì'},
           {'date': '2025-01-02', 'weekday': 'Giovedì'},
           {'date': '2025-01-03', 'weekday': 'Venerdì'},
           {'date': '2025-01-04', 'weekday': 'Sabato'},
           {'date': '2025-01-05', 'weekday': 'Domenica'},
           {'date': '2025-01-06', 'weekday': 'Lunedì'},
           {'date': '2025-01-07', 'weekday': 'Martedì'},
           {'date': '2025-01-08', 'weekday': 'Mercoledì'},
           {'date': '2025-01-09', 'weekday': 'Giovedì'},
           {'date': '2025-01-10', 'weekday': 'Venerdì'},
           {'date': '2025-01-11', 'weekday': 'Sabato'},
           {'date': '2025-01-12', 'weekday': 'Domenica'},
           {'date': '2025-01-13', 'weekday': 'Lunedì'},
           {'date': '2025-01-14', 'weekday': 'Martedì'},
           {'date': '2025-01-15', 'weekday': 'Mercoledì'},
           {'date': '2025-01-16', 'weekday': 'Giovedì'},
           {'date': '2025-01-17', 'weekday': 'Venerdì'},
           {'date': '2025-01-18', 'weekday': 'Sabato'},
           {'date': '2025-01-19', 'weekday': 'Domenica'},
           {'date': '2025-01-20', 'weekday': 'Lunedì'},
           {'date': '2025-01-21', 'weekday': 'Martedì'},
           {'date': '2025-01-22', 'weekday': 'Mercoledì'},
           {'date': '2025-01-23', 'weekday': 'Giovedì'},
           {'date': '2025-01-24', 'weekday': 'Venerdì'},
           {'date': '2025-01-25', 'weekday': 'Sabato'},
           {'date': '2025-01-26', 'weekday': 'Domenica'},
           {'date': '2025-01-27', 'weekday': 'Lunedì'},
           {'date': '2025-01-28', 'weekday': 'Martedì'},
           {'date': '2025-01-29', 'weekday': 'Mercoledì'},
           {'date': '2025-01-30', 'weekday': 'Giovedì'},
           {'date': '2025-01-31', 'weekday': 'Venerdì'},
           {'date': '2025-02-01', 'weekday': 'Sabato'},
           {'date': '2025-02-02', 'weekday': 'Domenica'},
           {'date': '2025-02-03', 'weekday': 'Lunedì'},
           {'date': '2025-02-04', 'weekday': 'Martedì'},
           {'date': '2025-02-05', 'weekday': 'Mercoledì'},
           {'date': '2025-02-06', 'weekday': 'Giovedì'},
           {'date': '2025-02-07', 'weekday': 'Venerdì'},
           {'date': '2025-02-08', 'weekday': 'Sabato'},
           {'date': '2025-02-09', 'weekday': 'Domenica'},
           {'date': '2025-02-10', 'weekday': 'Lunedì'},
           {'date': '2025-02-11', 'weekday': 'Martedì'},
           {'date': '2025-02-12', 'weekday': 'Mercoledì'},
           {'date': '2025-02-13', 'weekday': 'Giovedì'},
           {'date': '2025-02-14', 'weekday': 'Venerdì'},
           {'date': '2025-02-15', 'weekday': 'Sabato'},
           {'date': '2025-02-16', 'weekday': 'Domenica'},
           {'date': '2025-02-17', 'weekday': 'Lunedì'},
           {'date': '2025-02-18', 'weekday': 'Martedì'},
           {'date': '2025-02-19', 'weekday': 'Mercoledì'},
           {'date': '2025-02-20', 'weekday': 'Giovedì'},
           {'date': '2025-02-21', 'weekday': 'Venerdì'},
           {'date': '2025-02-22', 'weekday': 'Sabato'},
           {'date': '2025-02-23', 'weekday': 'Domenica'},
           {'date': '2025-02-24', 'weekday': 'Lunedì'},
           {'date': '2025-02-25', 'weekday': 'Martedì'},
           {'date': '2025-02-26', 'weekday': 'Mercoledì'},
           {'date': '2025-02-27', 'weekday': 'Giovedì'},
           {'date': '2025-02-28', 'weekday': 'Venerdì'},
           {'date': '2025-03-01', 'weekday': 'Sabato'},
           {'date': '2025-03-02', 'weekday': 'Domenica'},
           {'date': '2025-03-03', 'weekday': 'Lunedì'},
           {'date': '2025-03-04', 'weekday': 'Martedì'},
           {'date': '2025-03-05', 'weekday': 'Mercoledì'},
           {'date': '2025-03-06', 'weekday': 'Giovedì'},
           {'date': '2025-03-07', 'weekday': 'Venerdì'},
           {'date': '2025-03-08', 'weekday': 'Sabato'},
           {'date': '2025-03-09', 'weekday': 'Domenica'},
           {'date': '2025-03-10', 'weekday': 'Lunedì'},
           {'date': '2025-03-11', 'weekday': 'Martedì'},
           {'date': '2025-03-12', 'weekday': 'Mercoledì'},
           {'date': '2025-03-13', 'weekday': 'Giovedì'},
           {'date': '2025-03-14', 'weekday': 'Venerdì'},
           {'date': '2025-03-15', 'weekday': 'Sabato'},
           {'date': '2025-03-16', 'weekday': 'Domenica'},
           {'date': '2025-03-17', 'weekday': 'Lunedì'},
           {'date': '2025-03-18', 'weekday': 'Martedì'},
           {'date': '2025-03-19', 'weekday': 'Mercoledì'},
           {'date': '2025-03-20', 'weekday': 'Giovedì'},
           {'date': '2025-03-21', 'weekday': 'Venerdì'},
           {'date': '2025-03-22', 'weekday': 'Sabato'},
           {'date': '2025-03-23', 'weekday': 'Domenica'},
           {'date': '2025-03-24', 'weekday': 'Lunedì'},
           {'date': '2025-03-25', 'weekday': 'Martedì'},
           {'date': '2025-03-26', 'weekday': 'Mercoledì'},
           {'date': '2025-03-27', 'weekday': 'Giovedì'},
           {'date': '2025-03-28', 'weekday': 'Venerdì'},
           {'date': '2025-03-29', 'weekday': 'Sabato'},
           {'date': '2025-03-30', 'weekday': 'Domenica'},
           {'date': '2025-03-31', 'weekday': 'Lunedì'},
           {'date': '2025-04-01', 'weekday': 'Martedì'},
           {'date': '2025-04-02', 'weekday': 'Mercoledì'},
           {'date': '2025-04-03', 'weekday': 'Giovedì'},
           {'date': '2025-04-04', 'weekday': 'Venerdì'},
           {'date': '2025-04-05', 'weekday': 'Sabato'},
           {'date': '2025-04-06', 'weekday': 'Domenica'},
           {'date': '2025-04-07', 'weekday': 'Lunedì'},
           {'date': '2025-04-08', 'weekday': 'Martedì'},
           {'date': '2025-04-09', 'weekday': 'Mercoledì'},
           {'date': '2025-04-10', 'weekday': 'Giovedì'},
           {'date': '2025-04-11', 'weekday': 'Venerdì'},
           {'date': '2025-04-12', 'weekday': 'Sabato'},
           {'date': '2025-04-13', 'weekday': 'Domenica'},
           {'date': '2025-04-14', 'weekday': 'Lunedì'},
           {'date': '2025-04-15', 'weekday': 'Martedì'},
           {'date': '2025-04-16', 'weekday': 'Mercoledì'},
           {'date': '2025-04-17', 'weekday': 'Giovedì'},
           {'date': '2025-04-18', 'weekday': 'Venerdì'},
           {'date': '2025-04-19', 'weekday': 'Sabato'},
           {'date': '2025-04-20', 'weekday': 'Domenica'},
           {'date': '2025-04-21', 'weekday': 'Lunedì'},
           {'date': '2025-04-22', 'weekday': 'Martedì'},
           {'date': '2025-04-23', 'weekday': 'Mercoledì'},
           {'date': '2025-04-24', 'weekday': 'Giovedì'},
           {'date': '2025-04-25', 'weekday': 'Venerdì'},
           {'date': '2025-04-26', 'weekday': 'Sabato'},
           {'date': '2025-04-27', 'weekday': 'Domenica'},
           {'date': '2025-04-28', 'weekday': 'Lunedì'},
           {'date': '2025-04-29', 'weekday': 'Martedì'},
           {'date': '2025-04-30', 'weekday': 'Mercoledì'},
           {'date': '2025-05-01', 'weekday': 'Giovedì'},
           {'date': '2025-05-02', 'weekday': 'Venerdì'},
           {'date': '2025-05-03', 'weekday': 'Sabato'},
           {'date': '2025-05-04', 'weekday': 'Domenica'},
           {'date': '2025-05-05', 'weekday': 'Lunedì'},
           {'date': '2025-05-06', 'weekday': 'Martedì'},
           {'date': '2025-05-07', 'weekday': 'Mercoledì'},
           {'date': '2025-05-08', 'weekday': 'Giovedì'},
           {'date': '2025-05-09', 'weekday': 'Venerdì'},
           {'date': '2025-05-10', 'weekday': 'Sabato'},
           {'date': '2025-05-11', 'weekday': 'Domenica'},
           {'date': '2025-05-12', 'weekday': 'Lunedì'},
           {'date': '2025-05-13', 'weekday': 'Martedì'},
           {'date': '2025-05-14', 'weekday': 'Mercoledì'},
           {'date': '2025-05-15', 'weekday': 'Giovedì'},
           {'date': '2025-05-16', 'weekday': 'Venerdì'},
           {'date': '2025-05-17', 'weekday': 'Sabato'},
           {'date': '2025-05-18', 'weekday': 'Domenica'},
           {'date': '2025-05-19', 'weekday': 'Lunedì'},
           {'date': '2025-05-20', 'weekday': 'Martedì'},
           {'date': '2025-05-21', 'weekday': 'Mercoledì'},
           {'date': '2025-05-22', 'weekday': 'Giovedì'},
           {'date': '2025-05-23', 'weekday': 'Venerdì'},
           {'date': '2025-05-24', 'weekday': 'Sabato'},
           {'date': '2025-05-25', 'weekday': 'Domenica'},
           {'date': '2025-05-26', 'weekday': 'Lunedì'},
           {'date': '2025-05-27', 'weekday': 'Martedì'},
           {'date': '2025-05-28', 'weekday': 'Mercoledì'},
           {'date': '2025-05-29', 'weekday': 'Giovedì'},
           {'date': '2025-05-30', 'weekday': 'Venerdì'},
           {'date': '2025-05-31', 'weekday': 'Sabato'},
           {'date': '2025-06-01', 'weekday': 'Domenica'},
           {'date': '2025-06-02', 'weekday': 'Lunedì'},
           {'date': '2025-06-03', 'weekday': 'Martedì'},
           {'date': '2025-06-04', 'weekday': 'Mercoledì'},
           {'date': '2025-06-05', 'weekday': 'Giovedì'},
           {'date': '2025-06-06', 'weekday': 'Venerdì'},
           {'date': '2025-06-07', 'weekday': 'Sabato'},
           {'date': '2025-06-08', 'weekday': 'Domenica'},
           {'date': '2025-06-09', 'weekday': 'Lunedì'},
           {'date': '2025-06-10', 'weekday': 'Martedì'},
           {'date': '2025-06-11', 'weekday': 'Mercoledì'},
           {'date': '2025-06-12', 'weekday': 'Giovedì'},
           {'date': '2025-06-13', 'weekday': 'Venerdì'},
           {'date': '2025-06-14', 'weekday': 'Sabato'},
           {'date': '2025-06-15', 'weekday': 'Domenica'},
           {'date': '2025-06-16', 'weekday': 'Lunedì'},
           {'date': '2025-06-17', 'weekday': 'Martedì'},
           {'date': '2025-06-18', 'weekday': 'Mercoledì'},
           {'date': '2025-06-19', 'weekday': 'Giovedì'},
           {'date': '2025-06-20', 'weekday': 'Venerdì'},
           {'date': '2025-06-21', 'weekday': 'Sabato'},
           {'date': '2025-06-22', 'weekday': 'Domenica'},
           {'date': '2025-06-23', 'weekday': 'Lunedì'},
           {'date': '2025-06-24', 'weekday': 'Martedì'},
           {'date': '2025-06-25', 'weekday': 'Mercoledì'},
           {'date': '2025-06-26', 'weekday': 'Giovedì'},
           {'date': '2025-06-27', 'weekday': 'Venerdì'},
           {'date': '2025-06-28', 'weekday': 'Sabato'},
           {'date': '2025-06-29', 'weekday': 'Domenica'},
           {'date': '2025-06-30', 'weekday': 'Lunedì'},
           {'date': '2025-07-01', 'weekday': 'Martedì'},
           {'date': '2025-07-02', 'weekday': 'Mercoledì'},
           {'date': '2025-07-03', 'weekday': 'Giovedì'},
           {'date': '2025-07-04', 'weekday': 'Venerdì'},
           {'date': '2025-07-05', 'weekday': 'Sabato'},
           {'date': '2025-07-06', 'weekday': 'Domenica'},
           {'date': '2025-07-07', 'weekday': 'Lunedì'},
           {'date': '2025-07-08', 'weekday': 'Martedì'},
           {'date': '2025-07-09', 'weekday': 'Mercoledì'},
           {'date': '2025-07-10', 'weekday': 'Giovedì'},
           {'date': '2025-07-11', 'weekday': 'Venerdì'},
           {'date': '2025-07-12', 'weekday': 'Sabato'},
           {'date': '2025-07-13', 'weekday': 'Domenica'},
           {'date': '2025-07-14', 'weekday': 'Lunedì'},
           {'date': '2025-07-15', 'weekday': 'Martedì'},
           {'date': '2025-07-16', 'weekday': 'Mercoledì'},
           {'date': '2025-07-17', 'weekday': 'Giovedì'},
           {'date': '2025-07-18', 'weekday': 'Venerdì'},
           {'date': '2025-07-19', 'weekday': 'Sabato'},
           {'date': '2025-07-20', 'weekday': 'Domenica'},
           {'date': '2025-07-21', 'weekday': 'Lunedì'},
           {'date': '2025-07-22', 'weekday': 'Martedì'},
           {'date': '2025-07-23', 'weekday': 'Mercoledì'},
           {'date': '2025-07-24', 'weekday': 'Giovedì'},
           {'date': '2025-07-25', 'weekday': 'Venerdì'},
           {'date': '2025-07-26', 'weekday': 'Sabato'},
           {'date': '2025-07-27', 'weekday': 'Domenica'},
           {'date': '2025-07-28', 'weekday': 'Lunedì'},
           {'date': '2025-07-29', 'weekday': 'Martedì'},
           {'date': '2025-07-30', 'weekday': 'Mercoledì'},
           {'date': '2025-07-31', 'weekday': 'Giovedì'},
           {'date': '2025-08-01', 'weekday': 'Venerdì'},
           {'date': '2025-08-02', 'weekday': 'Sabato'},
           {'date': '2025-08-03', 'weekday': 'Domenica'},
           {'date': '2025-08-04', 'weekday': 'Lunedì'},
           {'date': '2025-08-05', 'weekday': 'Martedì'},
           {'date': '2025-08-06', 'weekday': 'Mercoledì'},
           {'date': '2025-08-07', 'weekday': 'Giovedì'},
           {'date': '2025-08-08', 'weekday': 'Venerdì'},
           {'date': '2025-08-09', 'weekday': 'Sabato'},
           {'date': '2025-08-10', 'weekday': 'Domenica'},
           {'date': '2025-08-11', 'weekday': 'Lunedì'},
           {'date': '2025-08-12', 'weekday': 'Martedì'},
           {'date': '2025-08-13', 'weekday': 'Mercoledì'},
           {'date': '2025-08-14', 'weekday': 'Giovedì'},
           {'date': '2025-08-15', 'weekday': 'Venerdì'},
           {'date': '2025-08-16', 'weekday': 'Sabato'},
           {'date': '2025-08-17', 'weekday': 'Domenica'},
           {'date': '2025-08-18', 'weekday': 'Lunedì'},
           {'date': '2025-08-19', 'weekday': 'Martedì'},
           {'date': '2025-08-20', 'weekday': 'Mercoledì'},
           {'date': '2025-08-21', 'weekday': 'Giovedì'},
           {'date': '2025-08-22', 'weekday': 'Venerdì'},
           {'date': '2025-08-23', 'weekday': 'Sabato'},
           {'date': '2025-08-24', 'weekday': 'Domenica'},
           {'date': '2025-08-25', 'weekday': 'Lunedì'},
           {'date': '2025-08-26', 'weekday': 'Martedì'},
           {'date': '2025-08-27', 'weekday': 'Mercoledì'},
           {'date': '2025-08-28', 'weekday': 'Giovedì'},
           {'date': '2025-08-29', 'weekday': 'Venerdì'},
           {'date': '2025-08-30', 'weekday': 'Sabato'},
           {'date': '2025-08-31', 'weekday': 'Domenica'},
           {'date': '2025-09-01', 'weekday': 'Lunedì'},
           {'date': '2025-09-02', 'weekday': 'Martedì'},
           {'date': '2025-09-03', 'weekday': 'Mercoledì'},
           {'date': '2025-09-04', 'weekday': 'Giovedì'},
           {'date': '2025-09-05', 'weekday': 'Venerdì'},
           {'date': '2025-09-06', 'weekday': 'Sabato'},
           {'date': '2025-09-07', 'weekday': 'Domenica'},
           {'date': '2025-09-08', 'weekday': 'Lunedì'},
           {'date': '2025-09-09', 'weekday': 'Martedì'},
           {'date': '2025-09-10', 'weekday': 'Mercoledì'},
           {'date': '2025-09-11', 'weekday': 'Giovedì'},
           {'date': '2025-09-12', 'weekday': 'Venerdì'},
           {'date': '2025-09-13', 'weekday': 'Sabato'},
           {'date': '2025-09-14', 'weekday': 'Domenica'},
           {'date': '2025-09-15', 'weekday': 'Lunedì'},
           {'date': '2025-09-16', 'weekday': 'Martedì'},
           {'date': '2025-09-17', 'weekday': 'Mercoledì'},
           {'date': '2025-09-18', 'weekday': 'Giovedì'},
           {'date': '2025-09-19', 'weekday': 'Venerdì'},
           {'date': '2025-09-20', 'weekday': 'Sabato'},
           {'date': '2025-09-21', 'weekday': 'Domenica'},
           {'date': '2025-09-22', 'weekday': 'Lunedì'},
           {'date': '2025-09-23', 'weekday': 'Martedì'},
           {'date': '2025-09-24', 'weekday': 'Mercoledì'},
           {'date': '2025-09-25', 'weekday': 'Giovedì'},
           {'date': '2025-09-26', 'weekday': 'Venerdì'},
           {'date': '2025-09-27', 'weekday': 'Sabato'},
           {'date': '2025-09-28', 'weekday': 'Domenica'},
           {'date': '2025-09-29', 'weekday': 'Lunedì'},
           {'date': '2025-09-30', 'weekday': 'Martedì'},
           {'date': '2025-10-01', 'weekday': 'Mercoledì'},
           {'date': '2025-10-02', 'weekday': 'Giovedì'},
           {'date': '2025-10-03', 'weekday': 'Venerdì'},
           {'date': '2025-10-04', 'weekday': 'Sabato'},
           {'date': '2025-10-05', 'weekday': 'Domenica'},
           {'date': '2025-10-06', 'weekday': 'Lunedì'},
           {'date': '2025-10-07', 'weekday': 'Martedì'},
           {'date': '2025-10-08', 'weekday': 'Mercoledì'},
           {'date': '2025-10-09', 'weekday': 'Giovedì'},
           {'date': '2025-10-10', 'weekday': 'Venerdì'},
           {'date': '2025-10-11', 'weekday': 'Sabato'},
           {'date': '2025-10-12', 'weekday': 'Domenica'},
           {'date': '2025-10-13', 'weekday': 'Lunedì'},
           {'date': '2025-10-14', 'weekday': 'Martedì'},
           {'date': '2025-10-15', 'weekday': 'Mercoledì'},
           {'date': '2025-10-16', 'weekday': 'Giovedì'},
           {'date': '2025-10-17', 'weekday': 'Venerdì'},
           {'date': '2025-10-18', 'weekday': 'Sabato'},
           {'date': '2025-10-19', 'weekday': 'Domenica'},
           {'date': '2025-10-20', 'weekday': 'Lunedì'},
           {'date': '2025-10-21', 'weekday': 'Martedì'},
           {'date': '2025-10-22', 'weekday': 'Mercoledì'},
           {'date': '2025-10-23', 'weekday': 'Giovedì'},
           {'date': '2025-10-24', 'weekday': 'Venerdì'},
           {'date': '2025-10-25', 'weekday': 'Sabato'},
           {'date': '2025-10-26', 'weekday': 'Domenica'},
           {'date': '2025-10-27', 'weekday': 'Lunedì'},
           {'date': '2025-10-28', 'weekday': 'Martedì'},
           {'date': '2025-10-29', 'weekday': 'Mercoledì'},
           {'date': '2025-10-30', 'weekday': 'Giovedì'},
           {'date': '2025-10-31', 'weekday': 'Venerdì'},
           {'date': '2025-11-01', 'weekday': 'Sabato'},
           {'date': '2025-11-02', 'weekday': 'Domenica'},
           {'date': '2025-11-03', 'weekday': 'Lunedì'},
           {'date': '2025-11-04', 'weekday': 'Martedì'},
           {'date': '2025-11-05', 'weekday': 'Mercoledì'},
           {'date': '2025-11-06', 'weekday': 'Giovedì'},
           {'date': '2025-11-07', 'weekday': 'Venerdì'},
           {'date': '2025-11-08', 'weekday': 'Sabato'},
           {'date': '2025-11-09', 'weekday': 'Domenica'},
           {'date': '2025-11-10', 'weekday': 'Lunedì'},
           {'date': '2025-11-11', 'weekday': 'Martedì'},
           {'date': '2025-11-12', 'weekday': 'Mercoledì'},
           {'date': '2025-11-13', 'weekday': 'Giovedì'},
           {'date': '2025-11-14', 'weekday': 'Venerdì'},
           {'date': '2025-11-15', 'weekday': 'Sabato'},
           {'date': '2025-11-16', 'weekday': 'Domenica'},
           {'date': '2025-11-17', 'weekday': 'Lunedì'},
           {'date': '2025-11-18', 'weekday': 'Martedì'},
           {'date': '2025-11-19', 'weekday': 'Mercoledì'},
           {'date': '2025-11-20', 'weekday': 'Giovedì'},
           {'date': '2025-11-21', 'weekday': 'Venerdì'},
           {'date': '2025-11-22', 'weekday': 'Sabato'},
           {'date': '2025-11-23', 'weekday': 'Domenica'},
           {'date': '2025-11-24', 'weekday': 'Lunedì'},
           {'date': '2025-11-25', 'weekday': 'Martedì'},
           {'date': '2025-11-26', 'weekday': 'Mercoledì'},
           {'date': '2025-11-27', 'weekday': 'Giovedì'},
           {'date': '2025-11-28', 'weekday': 'Venerdì'},
           {'date': '2025-11-29', 'weekday': 'Sabato'},
           {'date': '2025-11-30', 'weekday': 'Domenica'},
           {'date': '2025-12-01', 'weekday': 'Lunedì'},
           {'date': '2025-12-02', 'weekday': 'Martedì'},
           {'date': '2025-12-03', 'weekday': 'Mercoledì'},
           {'date': '2025-12-04', 'weekday': 'Giovedì'},
           {'date': '2025-12-05', 'weekday': 'Venerdì'},
           {'date': '2025-12-06', 'weekday': 'Sabato'},
           {'date': '2025-12-07', 'weekday': 'Domenica'},
           {'date': '2025-12-08', 'weekday': 'Lunedì'},
           {'date': '2025-12-09', 'weekday': 'Martedì'},
           {'date': '2025-12-10', 'weekday': 'Mercoledì'},
           {'date': '2025-12-11', 'weekday': 'Giovedì'},
           {'date': '2025-12-12', 'weekday': 'Venerdì'},
           {'date': '2025-12-13', 'weekday': 'Sabato'},
           {'date': '2025-12-14', 'weekday': 'Domenica'},
           {'date': '2025-12-15', 'weekday': 'Lunedì'},
           {'date': '2025-12-16', 'weekday': 'Martedì'},
           {'date': '2025-12-17', 'weekday': 'Mercoledì'},
           {'date': '2025-12-18', 'weekday': 'Giovedì'},
           {'date': '2025-12-19', 'weekday': 'Venerdì'},
           {'date': '2025-12-20', 'weekday': 'Sabato'},
           {'date': '2025-12-21', 'weekday': 'Domenica'},
           {'date': '2025-12-22', 'weekday': 'Lunedì'},
           {'date': '2025-12-23', 'weekday': 'Martedì'},
           {'date': '2025-12-24', 'weekday': 'Mercoledì'},
           {'date': '2025-12-25', 'weekday': 'Giovedì'},
           {'date': '2025-12-26', 'weekday': 'Venerdì'},
           {'date': '2025-12-27', 'weekday': 'Sabato'},
           {'date': '2025-12-28', 'weekday': 'Domenica'},
           {'date': '2025-12-29', 'weekday': 'Lunedì'},
           {'date': '2025-12-30', 'weekday': 'Martedì'},
           {'date': '2025-12-31', 'weekday': 'Mercoledì'},
           {'date': '2026-01-01', 'weekday': 'Giovedì'},
           {'date': '2026-01-02', 'weekday': 'Venerdì'},
           {'date': '2026-01-03', 'weekday': 'Sabato'},
           {'date': '2026-01-04', 'weekday': 'Domenica'},
           {'date': '2026-01-05', 'weekday': 'Lunedì'},
           {'date': '2026-01-06', 'weekday': 'Martedì'},
           {'date': '2026-01-07', 'weekday': 'Mercoledì'},
           {'date': '2026-01-08', 'weekday': 'Giovedì'},
           {'date': '2026-01-09', 'weekday': 'Venerdì'},
           {'date': '2026-01-10', 'weekday': 'Sabato'},
           {'date': '2026-01-11', 'weekday': 'Domenica'},
           {'date': '2026-01-12', 'weekday': 'Lunedì'},
           {'date': '2026-01-13', 'weekday': 'Martedì'},
           {'date': '2026-01-14', 'weekday': 'Mercoledì'},
           {'date': '2026-01-15', 'weekday': 'Giovedì'},
           {'date': '2026-01-16', 'weekday': 'Venerdì'},
           {'date': '2026-01-17', 'weekday': 'Sabato'},
           {'date': '2026-01-18', 'weekday': 'Domenica'},
           {'date': '2026-01-19', 'weekday': 'Lunedì'},
           {'date': '2026-01-20', 'weekday': 'Martedì'},
           {'date': '2026-01-21', 'weekday': 'Mercoledì'},
           {'date': '2026-01-22', 'weekday': 'Giovedì'},
           {'date': '2026-01-23', 'weekday': 'Venerdì'},
           {'date': '2026-01-24', 'weekday': 'Sabato'},
           {'date': '2026-01-25', 'weekday': 'Domenica'},
           {'date': '2026-01-26', 'weekday': 'Lunedì'},
           {'date': '2026-01-27', 'weekday': 'Martedì'},
           {'date': '2026-01-28', 'weekday': 'Mercoledì'},
           {'date': '2026-01-29', 'weekday': 'Giovedì'},
           {'date': '2026-01-30', 'weekday': 'Venerdì'},
           {'date': '2026-01-31', 'weekday': 'Sabato'},
           {'date': '2026-02-01', 'weekday': 'Domenica'},
           {'date': '2026-02-02', 'weekday': 'Lunedì'},
           {'date': '2026-02-03', 'weekday': 'Martedì'},
           {'date': '2026-02-04', 'weekday': 'Mercoledì'},
           {'date': '2026-02-05', 'weekday': 'Giovedì'},
           {'date': '2026-02-06', 'weekday': 'Venerdì'},
           {'date': '2026-02-07', 'weekday': 'Sabato'},
           {'date': '2026-02-08', 'weekday': 'Domenica'},
           {'date': '2026-02-09', 'weekday': 'Lunedì'},
           {'date': '2026-02-10', 'weekday': 'Martedì'},
           {'date': '2026-02-11', 'weekday': 'Mercoledì'},
           {'date': '2026-02-12', 'weekday': 'Giovedì'},
           {'date': '2026-02-13', 'weekday': 'Venerdì'},
           {'date': '2026-02-14', 'weekday': 'Sabato'},
           {'date': '2026-02-15', 'weekday': 'Domenica'},
           {'date': '2026-02-16', 'weekday': 'Lunedì'},
           {'date': '2026-02-17', 'weekday': 'Martedì'},
           {'date': '2026-02-18', 'weekday': 'Mercoledì'},
           {'date': '2026-02-19', 'weekday': 'Giovedì'},
           {'date': '2026-02-20', 'weekday': 'Venerdì'},
           {'date': '2026-02-21', 'weekday': 'Sabato'},
           {'date': '2026-02-22', 'weekday': 'Domenica'},
           {'date': '2026-02-23', 'weekday': 'Lunedì'},
           {'date': '2026-02-24', 'weekday': 'Martedì'},
           {'date': '2026-02-25', 'weekday': 'Mercoledì'},
           {'date': '2026-02-26', 'weekday': 'Giovedì'},
           {'date': '2026-02-27', 'weekday': 'Venerdì'},
           {'date': '2026-02-28', 'weekday': 'Sabato'},
           {'date': '2026-03-01', 'weekday': 'Domenica'},
           {'date': '2026-03-02', 'weekday': 'Lunedì'},
           {'date': '2026-03-03', 'weekday': 'Martedì'},
           {'date': '2026-03-04', 'weekday': 'Mercoledì'},
           {'date': '2026-03-05', 'weekday': 'Giovedì'},
           {'date': '2026-03-06', 'weekday': 'Venerdì'},
           {'date': '2026-03-07', 'weekday': 'Sabato'},
           {'date': '2026-03-08', 'weekday': 'Domenica'},
           {'date': '2026-03-09', 'weekday': 'Lunedì'},
           {'date': '2026-03-10', 'weekday': 'Martedì'},
           {'date': '2026-03-11', 'weekday': 'Mercoledì'},
           {'date': '2026-03-12', 'weekday': 'Giovedì'},
           {'date': '2026-03-13', 'weekday': 'Venerdì'},
           {'date': '2026-03-14', 'weekday': 'Sabato'},
           {'date': '2026-03-15', 'weekday': 'Domenica'},
           {'date': '2026-03-16', 'weekday': 'Lunedì'},
           {'date': '2026-03-17', 'weekday': 'Martedì'},
           {'date': '2026-03-18', 'weekday': 'Mercoledì'},
           {'date': '2026-03-19', 'weekday': 'Giovedì'},
           {'date': '2026-03-20', 'weekday': 'Venerdì'},
           {'date': '2026-03-21', 'weekday': 'Sabato'},
           {'date': '2026-03-22', 'weekday': 'Domenica'},
           {'date': '2026-03-23', 'weekday': 'Lunedì'},
           {'date': '2026-03-24', 'weekday': 'Martedì'},
           {'date': '2026-03-25', 'weekday': 'Mercoledì'},
           {'date': '2026-03-26', 'weekday': 'Giovedì'},
           {'date': '2026-03-27', 'weekday': 'Venerdì'},
           {'date': '2026-03-28', 'weekday': 'Sabato'},
           {'date': '2026-03-29', 'weekday': 'Domenica'},
           {'date': '2026-03-30', 'weekday': 'Lunedì'},
           {'date': '2026-03-31', 'weekday': 'Martedì'},
           {'date': '2026-04-01', 'weekday': 'Mercoledì'},
           {'date': '2026-04-02', 'weekday': 'Giovedì'},
           {'date': '2026-04-03', 'weekday': 'Venerdì'},
           {'date': '2026-04-04', 'weekday': 'Sabato'},
           {'date': '2026-04-05', 'weekday': 'Domenica'},
           {'date': '2026-04-06', 'weekday': 'Lunedì'},
           {'date': '2026-04-07', 'weekday': 'Martedì'},
           {'date': '2026-04-08', 'weekday': 'Mercoledì'},
           {'date': '2026-04-09', 'weekday': 'Giovedì'},
           {'date': '2026-04-10', 'weekday': 'Venerdì'},
           {'date': '2026-04-11', 'weekday': 'Sabato'},
           {'date': '2026-04-12', 'weekday': 'Domenica'},
           {'date': '2026-04-13', 'weekday': 'Lunedì'},
           {'date': '2026-04-14', 'weekday': 'Martedì'},
           {'date': '2026-04-15', 'weekday': 'Mercoledì'},
           {'date': '2026-04-16', 'weekday': 'Giovedì'},
           {'date': '2026-04-17', 'weekday': 'Venerdì'},
           {'date': '2026-04-18', 'weekday': 'Sabato'},
           {'date': '2026-04-19', 'weekday': 'Domenica'},
           {'date': '2026-04-20', 'weekday': 'Lunedì'},
           {'date': '2026-04-21', 'weekday': 'Martedì'},
           {'date': '2026-04-22', 'weekday': 'Mercoledì'},
           {'date': '2026-04-23', 'weekday': 'Giovedì'},
           {'date': '2026-04-24', 'weekday': 'Venerdì'},
           {'date': '2026-04-25', 'weekday': 'Sabato'},
           {'date': '2026-04-26', 'weekday': 'Domenica'},
           {'date': '2026-04-27', 'weekday': 'Lunedì'},
           {'date': '2026-04-28', 'weekday': 'Martedì'},
           {'date': '2026-04-29', 'weekday': 'Mercoledì'},
           {'date': '2026-04-30', 'weekday': 'Giovedì'},
           {'date': '2026-05-01', 'weekday': 'Venerdì'},
           {'date': '2026-05-02', 'weekday': 'Sabato'},
           {'date': '2026-05-03', 'weekday': 'Domenica'},
           {'date': '2026-05-04', 'weekday': 'Lunedì'},
           {'date': '2026-05-05', 'weekday': 'Martedì'},
           {'date': '2026-05-06', 'weekday': 'Mercoledì'},
           {'date': '2026-05-07', 'weekday': 'Giovedì'},
           {'date': '2026-05-08', 'weekday': 'Venerdì'},
           {'date': '2026-05-09', 'weekday': 'Sabato'},
           {'date': '2026-05-10', 'weekday': 'Domenica'},
           {'date': '2026-05-11', 'weekday': 'Lunedì'},
           {'date': '2026-05-12', 'weekday': 'Martedì'},
           {'date': '2026-05-13', 'weekday': 'Mercoledì'},
           {'date': '2026-05-14', 'weekday': 'Giovedì'},
           {'date': '2026-05-15', 'weekday': 'Venerdì'},
           {'date': '2026-05-16', 'weekday': 'Sabato'},
           {'date': '2026-05-17', 'weekday': 'Domenica'},
           {'date': '2026-05-18', 'weekday': 'Lunedì'},
           {'date': '2026-05-19', 'weekday': 'Martedì'},
           {'date': '2026-05-20', 'weekday': 'Mercoledì'},
           {'date': '2026-05-
[2026-01-28T20:47:12.861+0000] {docker.py:429} INFO - 21', 'weekday': 'Giovedì'},
           {'date': '2026-05-22', 'weekday': 'Venerdì'},
           {'date': '2026-05-23', 'weekday': 'Sabato'},
           {'date': '2026-05-24', 'weekday': 'Domenica'},
           {'date': '2026-05-25', 'weekday': 'Lunedì'},
           {'date': '2026-05-26', 'weekday': 'Martedì'},
           {'date': '2026-05-27', 'weekday': 'Mercoledì'},
           {'date': '2026-05-28', 'weekday': 'Giovedì'},
           {'date': '2026-05-29', 'weekday': 'Venerdì'},
           {'date': '2026-05-30', 'weekday': 'Sabato'},
           {'date': '2026-05-31', 'weekday': 'Domenica'},
           {'date': '2026-06-01', 'weekday': 'Lunedì'},
           {'date': '2026-06-02', 'weekday': 'Martedì'},
           {'date': '2026-06-03', 'weekday': 'Mercoledì'},
           {'date': '2026-06-04', 'weekday': 'Giovedì'},
           {'date': '2026-06-05', 'weekday': 'Venerdì'},
           {'date': '2026-06-06', 'weekday': 'Sabato'},
           {'date': '2026-06-07', 'weekday': 'Domenica'},
           {'date': '2026-06-08', 'weekday': 'Lunedì'},
           {'date': '2026-06-09', 'weekday': 'Martedì'},
           {'date': '2026-06-10', 'weekday': 'Mercoledì'},
           {'date': '2026-06-11', 'weekday': 'Giovedì'},
           {'date': '2026-06-12', 'weekday': 'Venerdì'},
           {'date': '2026-06-13', 'weekday': 'Sabato'},
           {'date': '2026-06-14', 'weekday': 'Domenica'},
           {'date': '2026-06-15', 'weekday': 'Lunedì'},
           {'date': '2026-06-16', 'weekday': 'Martedì'},
           {'date': '2026-06-17', 'weekday': 'Mercoledì'},
           {'date': '2026-06-18', 'weekday': 'Giovedì'},
           {'date': '2026-06-19', 'weekday': 'Venerdì'},
           {'date': '2026-06-20', 'weekday': 'Sabato'},
           {'date': '2026-06-21', 'weekday': 'Domenica'},
           {'date': '2026-06-22', 'weekday': 'Lunedì'},
           {'date': '2026-06-23', 'weekday': 'Martedì'},
           {'date': '2026-06-24', 'weekday': 'Mercoledì'},
           {'date': '2026-06-25', 'weekday': 'Giovedì'},
           {'date': '2026-06-26', 'weekday': 'Venerdì'},
           {'date': '2026-06-27', 'weekday': 'Sabato'},
           {'date': '2026-06-28', 'weekday': 'Domenica'},
           {'date': '2026-06-29', 'weekday': 'Lunedì'},
           {'date': '2026-06-30', 'weekday': 'Martedì'},
           {'date': '2026-07-01', 'weekday': 'Mercoledì'},
           {'date': '2026-07-02', 'weekday': 'Giovedì'},
           {'date': '2026-07-03', 'weekday': 'Venerdì'},
           {'date': '2026-07-04', 'weekday': 'Sabato'},
           {'date': '2026-07-05', 'weekday': 'Domenica'},
           {'date': '2026-07-06', 'weekday': 'Lunedì'},
           {'date': '2026-07-07', 'weekday': 'Martedì'},
           {'date': '2026-07-08', 'weekday': 'Mercoledì'},
           {'date': '2026-07-09', 'weekday': 'Giovedì'},
           {'date': '2026-07-10', 'weekday': 'Venerdì'},
           {'date': '2026-07-11', 'weekday': 'Sabato'},
           {'date': '2026-07-12', 'weekday': 'Domenica'},
           {'date': '2026-07-13', 'weekday': 'Lunedì'},
           {'date': '2026-07-14', 'weekday': 'Martedì'},
           {'date': '2026-07-15', 'weekday': 'Mercoledì'},
           {'date': '2026-07-16', 'weekday': 'Giovedì'},
           {'date': '2026-07-17', 'weekday': 'Venerdì'},
           {'date': '2026-07-18', 'weekday': 'Sabato'},
           {'date': '2026-07-19', 'weekday': 'Domenica'},
           {'date': '2026-07-20', 'weekday': 'Lunedì'},
           {'date': '2026-07-21', 'weekday': 'Martedì'},
           {'date': '2026-07-22', 'weekday': 'Mercoledì'},
           {'date': '2026-07-23', 'weekday': 'Giovedì'},
           {'date': '2026-07-24', 'weekday': 'Venerdì'},
           {'date': '2026-07-25', 'weekday': 'Sabato'},
           {'date': '2026-07-26', 'weekday': 'Domenica'},
           {'date': '2026-07-27', 'weekday': 'Lunedì'},
           {'date': '2026-07-28', 'weekday': 'Martedì'},
           {'date': '2026-07-29', 'weekday': 'Mercoledì'},
           {'date': '2026-07-30', 'weekday': 'Giovedì'},
           {'date': '2026-07-31', 'weekday': 'Venerdì'},
           {'date': '2026-08-01', 'weekday': 'Sabato'},
           {'date': '2026-08-02', 'weekday': 'Domenica'},
           {'date': '2026-08-03', 'weekday': 'Lunedì'},
           {'date': '2026-08-04', 'weekday': 'Martedì'},
           {'date': '2026-08-05', 'weekday': 'Mercoledì'},
           {'date': '2026-08-06', 'weekday': 'Giovedì'},
           {'date': '2026-08-07', 'weekday': 'Venerdì'},
           {'date': '2026-08-08', 'weekday': 'Sabato'},
           {'date': '2026-08-09', 'weekday': 'Domenica'},
           {'date': '2026-08-10', 'weekday': 'Lunedì'},
           {'date': '2026-08-11', 'weekday': 'Martedì'},
           {'date': '2026-08-12', 'weekday': 'Mercoledì'},
           {'date': '2026-08-13', 'weekday': 'Giovedì'},
           {'date': '2026-08-14', 'weekday': 'Venerdì'},
           {'date': '2026-08-15', 'weekday': 'Sabato'},
           {'date': '2026-08-16', 'weekday': 'Domenica'},
           {'date': '2026-08-17', 'weekday': 'Lunedì'},
           {'date': '2026-08-18', 'weekday': 'Martedì'},
           {'date': '2026-08-19', 'weekday': 'Mercoledì'},
           {'date': '2026-08-20', 'weekday': 'Giovedì'},
           {'date': '2026-08-21', 'weekday': 'Venerdì'},
           {'date': '2026-08-22', 'weekday': 'Sabato'},
           {'date': '2026-08-23', 'weekday': 'Domenica'},
           {'date': '2026-08-24', 'weekday': 'Lunedì'},
           {'date': '2026-08-25', 'weekday': 'Martedì'},
           {'date': '2026-08-26', 'weekday': 'Mercoledì'},
           {'date': '2026-08-27', 'weekday': 'Giovedì'},
           {'date': '2026-08-28', 'weekday': 'Venerdì'},
           {'date': '2026-08-29', 'weekday': 'Sabato'},
           {'date': '2026-08-30', 'weekday': 'Domenica'},
           {'date': '2026-08-31', 'weekday': 'Lunedì'},
           {'date': '2026-09-01', 'weekday': 'Martedì'},
           {'date': '2026-09-02', 'weekday': 'Mercoledì'},
           {'date': '2026-09-03', 'weekday': 'Giovedì'},
           {'date': '2026-09-04', 'weekday': 'Venerdì'},
           {'date': '2026-09-05', 'weekday': 'Sabato'},
           {'date': '2026-09-06', 'weekday': 'Domenica'},
           {'date': '2026-09-07', 'weekday': 'Lunedì'},
           {'date': '2026-09-08', 'weekday': 'Martedì'},
           {'date': '2026-09-09', 'weekday': 'Mercoledì'},
           {'date': '2026-09-10', 'weekday': 'Giovedì'},
           {'date': '2026-09-11', 'weekday': 'Venerdì'},
           {'date': '2026-09-12', 'weekday': 'Sabato'},
           {'date': '2026-09-13', 'weekday': 'Domenica'},
           {'date': '2026-09-14', 'weekday': 'Lunedì'},
           {'date': '2026-09-15', 'weekday': 'Martedì'},
           {'date': '2026-09-16', 'weekday': 'Mercoledì'},
           {'date': '2026-09-17', 'weekday': 'Giovedì'},
           {'date': '2026-09-18', 'weekday': 'Venerdì'},
           {'date': '2026-09-19', 'weekday': 'Sabato'},
           {'date': '2026-09-20', 'weekday': 'Domenica'},
           {'date': '2026-09-21', 'weekday': 'Lunedì'},
           {'date': '2026-09-22', 'weekday': 'Martedì'},
           {'date': '2026-09-23', 'weekday': 'Mercoledì'},
           {'date': '2026-09-24', 'weekday': 'Giovedì'},
           {'date': '2026-09-25', 'weekday': 'Venerdì'},
           {'date': '2026-09-26', 'weekday': 'Sabato'},
           {'date': '2026-09-27', 'weekday': 'Domenica'},
           {'date': '2026-09-28', 'weekday': 'Lunedì'},
           {'date': '2026-09-29', 'weekday': 'Martedì'},
           {'date': '2026-09-30', 'weekday': 'Mercoledì'},
           {'date': '2026-10-01', 'weekday': 'Giovedì'},
           {'date': '2026-10-02', 'weekday': 'Venerdì'},
           {'date': '2026-10-03', 'weekday': 'Sabato'},
           {'date': '2026-10-04', 'weekday': 'Domenica'},
           {'date': '2026-10-05', 'weekday': 'Lunedì'},
           {'date': '2026-10-06', 'weekday': 'Martedì'},
           {'date': '2026-10-07', 'weekday': 'Mercoledì'},
           {'date': '2026-10-08', 'weekday': 'Giovedì'},
           {'date': '2026-10-09', 'weekday': 'Venerdì'},
           {'date': '2026-10-10', 'weekday': 'Sabato'},
           {'date': '2026-10-11', 'weekday': 'Domenica'},
           {'date': '2026-10-12', 'weekday': 'Lunedì'},
           {'date': '2026-10-13', 'weekday': 'Martedì'},
           {'date': '2026-10-14', 'weekday': 'Mercoledì'},
           {'date': '2026-10-15', 'weekday': 'Giovedì'},
           {'date': '2026-10-16', 'weekday': 'Venerdì'},
           {'date': '2026-10-17', 'weekday': 'Sabato'},
           {'date': '2026-10-18', 'weekday': 'Domenica'},
           {'date': '2026-10-19', 'weekday': 'Lunedì'},
           {'date': '2026-10-20', 'weekday': 'Martedì'},
           {'date': '2026-10-21', 'weekday': 'Mercoledì'},
           {'date': '2026-10-22', 'weekday': 'Giovedì'},
           {'date': '2026-10-23', 'weekday': 'Venerdì'},
           {'date': '2026-10-24', 'weekday': 'Sabato'},
           {'date': '2026-10-25', 'weekday': 'Domenica'},
           {'date': '2026-10-26', 'weekday': 'Lunedì'},
           {'date': '2026-10-27', 'weekday': 'Martedì'},
           {'date': '2026-10-28', 'weekday': 'Mercoledì'},
           {'date': '2026-10-29', 'weekday': 'Giovedì'},
           {'date': '2026-10-30', 'weekday': 'Venerdì'},
           {'date': '2026-10-31', 'weekday': 'Sabato'},
           {'date': '2026-11-01', 'weekday': 'Domenica'},
           {'date': '2026-11-02', 'weekday': 'Lunedì'},
           {'date': '2026-11-03', 'weekday': 'Martedì'},
           {'date': '2026-11-04', 'weekday': 'Mercoledì'},
           {'date': '2026-11-05', 'weekday': 'Giovedì'},
           {'date': '2026-11-06', 'weekday': 'Venerdì'},
           {'date': '2026-11-07', 'weekday': 'Sabato'},
           {'date': '2026-11-08', 'weekday': 'Domenica'},
           {'date': '2026-11-09', 'weekday': 'Lunedì'},
           {'date': '2026-11-10', 'weekday': 'Martedì'},
           {'date': '2026-11-11', 'weekday': 'Mercoledì'},
           {'date': '2026-11-12', 'weekday': 'Giovedì'},
           {'date': '2026-11-13', 'weekday': 'Venerdì'},
           {'date': '2026-11-14', 'weekday': 'Sabato'},
           {'date': '2026-11-15', 'weekday': 'Domenica'},
           {'date': '2026-11-16', 'weekday': 'Lunedì'},
           {'date': '2026-11-17', 'weekday': 'Martedì'},
           {'date': '2026-11-18', 'weekday': 'Mercoledì'},
           {'date': '2026-11-19', 'weekday': 'Giovedì'},
           {'date': '2026-11-20', 'weekday': 'Venerdì'},
           {'date': '2026-11-21', 'weekday': 'Sabato'},
           {'date': '2026-11-22', 'weekday': 'Domenica'},
           {'date': '2026-11-23', 'weekday': 'Lunedì'},
           {'date': '2026-11-24', 'weekday': 'Martedì'},
           {'date': '2026-11-25', 'weekday': 'Mercoledì'},
           {'date': '2026-11-26', 'weekday': 'Giovedì'},
           {'date': '2026-11-27', 'weekday': 'Venerdì'},
           {'date': '2026-11-28', 'weekday': 'Sabato'},
           {'date': '2026-11-29', 'weekday': 'Domenica'},
           {'date': '2026-11-30', 'weekday': 'Lunedì'},
           {'date': '2026-12-01', 'weekday': 'Martedì'},
           {'date': '2026-12-02', 'weekday': 'Mercoledì'},
           {'date': '2026-12-03', 'weekday': 'Giovedì'},
           {'date': '2026-12-04', 'weekday': 'Venerdì'},
           {'date': '2026-12-05', 'weekday': 'Sabato'},
           {'date': '2026-12-06', 'weekday': 'Domenica'},
           {'date': '2026-12-07', 'weekday': 'Lunedì'},
           {'date': '2026-12-08', 'weekday': 'Martedì'},
           {'date': '2026-12-09', 'weekday': 'Mercoledì'},
           {'date': '2026-12-10', 'weekday': 'Giovedì'},
           {'date': '2026-12-11', 'weekday': 'Venerdì'},
           {'date': '2026-12-12', 'weekday': 'Sabato'},
           {'date': '2026-12-13', 'weekday': 'Domenica'},
           {'date': '2026-12-14', 'weekday': 'Lunedì'},
           {'date': '2026-12-15', 'weekday': 'Martedì'},
           {'date': '2026-12-16', 'weekday': 'Mercoledì'},
           {'date': '2026-12-17', 'weekday': 'Giovedì'},
           {'date': '2026-12-18', 'weekday': 'Venerdì'},
           {'date': '2026-12-19', 'weekday': 'Sabato'},
           {'date': '2026-12-20', 'weekday': 'Domenica'},
           {'date': '2026-12-21', 'weekday': 'Lunedì'},
           {'date': '2026-12-22', 'weekday': 'Martedì'},
           {'date': '2026-12-23', 'weekday': 'Mercoledì'},
           {'date': '2026-12-24', 'weekday': 'Giovedì'},
           {'date': '2026-12-25', 'weekday': 'Venerdì'},
           {'date': '2026-12-26', 'weekday': 'Sabato'},
           {'date': '2026-12-27', 'weekday': 'Domenica'},
           {'date': '2026-12-28', 'weekday': 'Lunedì'},
           {'date': '2026-12-29', 'weekday': 'Martedì'},
           {'date': '2026-12-30', 'weekday': 'Mercoledì'},
           {'date': '2026-12-31', 'weekday': 'Giovedì'},
           {'date': '2027-01-01', 'weekday': 'Venerdì'},
           {'date': '2027-01-02', 'weekday': 'Sabato'},
           {'date': '2027-01-03', 'weekday': 'Domenica'},
           {'date': '2027-01-04', 'weekday': 'Lunedì'},
           {'date': '2027-01-05', 'weekday': 'Martedì'},
           {'date': '2027-01-06', 'weekday': 'Mercoledì'},
           {'date': '2027-01-07', 'weekday': 'Giovedì'},
           {'date': '2027-01-08', 'weekday': 'Venerdì'},
           {'date': '2027-01-09', 'weekday': 'Sabato'},
           {'date': '2027-01-10', 'weekday': 'Domenica'},
           {'date': '2027-01-11', 'weekday': 'Lunedì'},
           {'date': '2027-01-12', 'weekday': 'Martedì'},
           {'date': '2027-01-13', 'weekday': 'Mercoledì'},
           {'date': '2027-01-14', 'weekday': 'Giovedì'},
           {'date': '2027-01-15', 'weekday': 'Venerdì'},
           {'date': '2027-01-16', 'weekday': 'Sabato'},
           {'date': '2027-01-17', 'weekday': 'Domenica'},
           {'date': '2027-01-18', 'weekday': 'Lunedì'},
           {'date': '2027-01-19', 'weekday': 'Martedì'},
           {'date': '2027-01-20', 'weekday': 'Mercoledì'},
           {'date': '2027-01-21', 'weekday': 'Giovedì'},
           {'date': '2027-01-22', 'weekday': 'Venerdì'},
           {'date': '2027-01-23', 'weekday': 'Sabato'},
           {'date': '2027-01-24', 'weekday': 'Domenica'},
           {'date': '2027-01-25', 'weekday': 'Lunedì'},
           {'date': '2027-01-26', 'weekday': 'Martedì'},
           {'date': '2027-01-27', 'weekday': 'Mercoledì'},
           {'date': '2027-01-28', 'weekday': 'Giovedì'},
           {'date': '2027-01-29', 'weekday': 'Venerdì'},
           {'date': '2027-01-30', 'weekday': 'Sabato'},
           {'date': '2027-01-31', 'weekday': 'Domenica'},
           {'date': '2027-02-01', 'weekday': 'Lunedì'},
           {'date': '2027-02-02', 'weekday': 'Martedì'},
           {'date': '2027-02-03', 'weekday': 'Mercoledì'},
           {'date': '2027-02-04', 'weekday': 'Giovedì'},
           {'date': '2027-02-05', 'weekday': 'Venerdì'},
           {'date': '2027-02-06', 'weekday': 'Sabato'},
           {'date': '2027-02-07', 'weekday': 'Domenica'},
           {'date': '2027-02-08', 'weekday': 'Lunedì'},
           {'date': '2027-02-09', 'weekday': 'Martedì'},
           {'date': '2027-02-10', 'weekday': 'Mercoledì'},
           {'date': '2027-02-11', 'weekday': 'Giovedì'},
           {'date': '2027-02-12', 'weekday': 'Venerdì'},
           {'date': '2027-02-13', 'weekday': 'Sabato'},
           {'date': '2027-02-14', 'weekday': 'Domenica'},
           {'date': '2027-02-15', 'weekday': 'Lunedì'},
           {'date': '2027-02-16', 'weekday': 'Martedì'},
           {'date': '2027-02-17', 'weekday': 'Mercoledì'},
           {'date': '2027-02-18', 'weekday': 'Giovedì'},
           {'date': '2027-02-19', 'weekday': 'Venerdì'},
           {'date': '2027-02-20', 'weekday': 'Sabato'},
           {'date': '2027-02-21', 'weekday': 'Domenica'},
           {'date': '2027-02-22', 'weekday': 'Lunedì'},
           {'date': '2027-02-23', 'weekday': 'Martedì'},
           {'date': '2027-02-24', 'weekday': 'Mercoledì'},
           {'date': '2027-02-25', 'weekday': 'Giovedì'},
           {'date': '2027-02-26', 'weekday': 'Venerdì'},
           {'date': '2027-02-27', 'weekday': 'Sabato'},
           {'date': '2027-02-28', 'weekday': 'Domenica'},
           {'date': '2027-03-01', 'weekday': 'Lunedì'},
           {'date': '2027-03-02', 'weekday': 'Martedì'},
           {'date': '2027-03-03', 'weekday': 'Mercoledì'},
           {'date': '2027-03-04', 'weekday': 'Giovedì'},
           {'date': '2027-03-05', 'weekday': 'Venerdì'},
           {'date': '2027-03-06', 'weekday': 'Sabato'},
           {'date': '2027-03-07', 'weekday': 'Domenica'},
           {'date': '2027-03-08', 'weekday': 'Lunedì'},
           {'date': '2027-03-09', 'weekday': 'Martedì'},
           {'date': '2027-03-10', 'weekday': 'Mercoledì'},
           {'date': '2027-03-11', 'weekday': 'Giovedì'},
           {'date': '2027-03-12', 'weekday': 'Venerdì'},
           {'date': '2027-03-13', 'weekday': 'Sabato'},
           {'date': '2027-03-14', 'weekday': 'Domenica'},
           {'date': '2027-03-15', 'weekday': 'Lunedì'},
           {'date': '2027-03-16', 'weekday': 'Martedì'},
           {'date': '2027-03-17', 'weekday': 'Mercoledì'},
           {'date': '2027-03-18', 'weekday': 'Giovedì'},
           {'date': '2027-03-19', 'weekday': 'Venerdì'},
           {'date': '2027-03-20', 'weekday': 'Sabato'},
           {'date': '2027-03-21', 'weekday': 'Domenica'},
           {'date': '2027-03-22', 'weekday': 'Lunedì'},
           {'date': '2027-03-23', 'weekday': 'Martedì'},
           {'date': '2027-03-24', 'weekday': 'Mercoledì'},
           {'date': '2027-03-25', 'weekday': 'Giovedì'},
           {'date': '2027-03-26', 'weekday': 'Venerdì'},
           {'date': '2027-03-27', 'weekday': 'Sabato'},
           {'date': '2027-03-28', 'weekday': 'Domenica'},
           {'date': '2027-03-29', 'weekday': 'Lunedì'},
           {'date': '2027-03-30', 'weekday': 'Martedì'},
           {'date': '2027-03-31', 'weekday': 'Mercoledì'},
           {'date': '2027-04-01', 'weekday': 'Giovedì'},
           {'date': '2027-04-02', 'weekday': 'Venerdì'},
           {'date': '2027-04-03', 'weekday': 'Sabato'},
           {'date': '2027-04-04', 'weekday': 'Domenica'},
           {'date': '2027-04-05', 'weekday': 'Lunedì'},
           {'date': '2027-04-06', 'weekday': 'Martedì'},
           {'date': '2027-04-07', 'weekday': 'Mercoledì'},
           {'date': '2027-04-08', 'weekday': 'Giovedì'},
           {'date': '2027-04-09', 'weekday': 'Venerdì'},
           {'date': '2027-04-10', 'weekday': 'Sabato'},
           {'date': '2027-04-11', 'weekday': 'Domenica'},
           {'date': '2027-04-12', 'weekday': 'Lunedì'},
           {'date': '2027-04-13', 'weekday': 'Martedì'},
           {'date': '2027-04-14', 'weekday': 'Mercoledì'},
           {'date': '2027-04-15', 'weekday': 'Giovedì'},
           {'date': '2027-04-16', 'weekday': 'Venerdì'},
           {'date': '2027-04-17', 'weekday': 'Sabato'},
           {'date': '2027-04-18', 'weekday': 'Domenica'},
           {'date': '2027-04-19', 'weekday': 'Lunedì'},
           {'date': '2027-04-20', 'weekday': 'Martedì'},
           {'date': '2027-04-21', 'weekday': 'Mercoledì'},
           {'date': '2027-04-22', 'weekday': 'Giovedì'},
           {'date': '2027-04-23', 'weekday': 'Venerdì'},
           {'date': '2027-04-24', 'weekday': 'Sabato'},
           {'date': '2027-04-25', 'weekday': 'Domenica'},
           {'date': '2027-04-26', 'weekday': 'Lunedì'},
           {'date': '2027-04-27', 'weekday': 'Martedì'},
           {'date': '2027-04-28', 'weekday': 'Mercoledì'},
           {'date': '2027-04-29', 'weekday': 'Giovedì'},
           {'date': '2027-04-30', 'weekday': 'Venerdì'},
           {'date': '2027-05-01', 'weekday': 'Sabato'},
           {'date': '2027-05-02', 'weekday': 'Domenica'},
           {'date': '2027-05-03', 'weekday': 'Lunedì'},
           {'date': '2027-05-04', 'weekday': 'Martedì'}],
 'description': 'Tre appuntamenti dedicati a Lucio Dalla e agli amanti del '
                'trekking urbano. Si chiama "I Luoghi di Lucio", il nuovo '
                "evento targato Sorrento Walks, promosso nell'ambito della "
                'rassegna "I colori di Lucio", ideata dall’associazione Nemesi '
                'e promossa dalla Città di Sorrento, in collaborazione con la '
                'Fondazione Sorrento, Penisolaverde e con la partecipazione '
                'degli altri Comuni della penisola sorrentina per celebrare '
                'gli 80 anni della nascita del grande cantautore bolognese. Le '
                'date fissate sono nei giorni 20 e 27 aprile e il 4 maggio, '
                'prima partenza alle ore 18 e seconda alle ore 18,20 con '
                'ritrovo in piazza De Curtis, nei pressi nel murale di Jorit '
                'che ritrae Dalla. Le passeggiate, tutte gratuite e da '
                'prenotare sul sito www.icoloridilucio.it, propongono '
                "itinerari che vogliono far rivivere il legame tra l'artista e "
                'la sua Sorrento, esaltando al contempo le tradizioni del '
                "territorio. A fine itinerario, della durata di circa un'ora e "
                'mezza, è previsto un momento animato da compagnie teatrali '
                'locali',
 'image_url': '//citynews-napolitoday.stgy.ovh/~media/horizontal-mid/64115626970713/49561678-e119-4697-8434-6b994f09abae-2.jpeg',
 'location_address': 'piazza De Curtis',
 'location_name': 'piazza De Curtis',
 'price': 'Gratis',
 'scraped_at': '2026-01-28T20:46:37.968259',
 'time_info': '20 e 27 aprile e il 4 maggio - prima partenza alle ore 18 e '
              'seconda alle ore 18,20',
 'title': 'A Sorrento su "I luoghi di Lucio": passeggiate tra cultura e '
          'tradizione nel segno di Dalla',
 'url': 'https://www.napolitoday.it/eventi/sorrento-luoghi-di-lucio-passeggiate-aprile-maggio-2023.html',
 'uuid': '92584027663edcd4'}
[2026-01-28T20:47:14.220+0000] {docker.py:429} INFO - 2026-01-28 20:47:14 [scrapy.core.engine] DEBUG: Crawled (200) <GET https://www.napolitoday.it/eventi/teatro-augusteo-spettacoli-stagione-2025-2026.html> (referer: https://www.napolitoday.it/eventi/dal/2026-01-28/al/2026-02-01/)
[2026-01-28T20:47:14.330+0000] {docker.py:429} INFO - 2026-01-28 20:47:14 [scrapy.core.scraper] DEBUG: Scraped from <200 https://www.napolitoday.it/eventi/teatro-augusteo-spettacoli-stagione-2025-2026.html>
{'category': 'Teatri',
 'city': 'Napoli',
 'content_hash': '6d803016aae95ce6',
 'date_end': '2026-04-10',
 'date_start': '2025-10-24',
 'dates': [{'date': '2025-10-24', 'weekday': 'Venerdì'},
           {'date': '2025-10-25', 'weekday': 'Sabato'},
           {'date': '2025-10-26', 'weekday': 'Domenica'},
           {'date': '2025-10-27', 'weekday': 'Lunedì'},
           {'date': '2025-10-28', 'weekday': 'Martedì'},
           {'date': '2025-10-29', 'weekday': 'Mercoledì'},
           {'date': '2025-10-30', 'weekday': 'Giovedì'},
           {'date': '2025-10-31', 'weekday': 'Venerdì'},
           {'date': '2025-11-01', 'weekday': 'Sabato'},
           {'date': '2025-11-02', 'weekday': 'Domenica'},
           {'date': '2025-11-03', 'weekday': 'Lunedì'},
           {'date': '2025-11-04', 'weekday': 'Martedì'},
           {'date': '2025-11-05', 'weekday': 'Mercoledì'},
           {'date': '2025-11-06', 'weekday': 'Giovedì'},
           {'date': '2025-11-07', 'weekday': 'Venerdì'},
           {'date': '2025-11-08', 'weekday': 'Sabato'},
           {'date': '2025-11-09', 'weekday': 'Domenica'},
           {'date': '2025-11-10', 'weekday': 'Lunedì'},
           {'date': '2025-11-11', 'weekday': 'Martedì'},
           {'date': '2025-11-12', 'weekday': 'Mercoledì'},
           {'date': '2025-11-13', 'weekday': 'Giovedì'},
           {'date': '2025-11-14', 'weekday': 'Venerdì'},
           {'date': '2025-11-15', 'weekday': 'Sabato'},
           {'date': '2025-11-16', 'weekday': 'Domenica'},
           {'date': '2025-11-17', 'weekday': 'Lunedì'},
           {'date': '2025-11-18', 'weekday': 'Martedì'},
           {'date': '2025-11-19', 'weekday': 'Mercoledì'},
           {'date': '2025-11-20', 'weekday': 'Giovedì'},
           {'date': '2025-11-21', 'weekday': 'Venerdì'},
           {'date': '2025-11-22', 'weekday': 'Sabato'},
           {'date': '2025-11-23', 'weekday': 'Domenica'},
           {'date': '2025-11-24', 'weekday': 'Lunedì'},
           {'date': '2025-11-25', 'weekday': 'Martedì'},
           {'date': '2025-11-26', 'weekday': 'Mercoledì'},
           {'date': '2025-11-27', 'weekday': 'Giovedì'},
           {'date': '2025-11-28', 'weekday': 'Venerdì'},
           {'date': '2025-11-29', 'weekday': 'Sabato'},
           {'date': '2025-11-30', 'weekday': 'Domenica'},
           {'date': '2025-12-01', 'weekday': 'Lunedì'},
           {'date': '2025-12-02', 'weekday': 'Martedì'},
           {'date': '2025-12-03', 'weekday': 'Mercoledì'},
           {'date': '2025-12-04', 'weekday': 'Giovedì'},
           {'date': '2025-12-05', 'weekday': 'Venerdì'},
           {'date': '2025-12-06', 'weekday': 'Sabato'},
           {'date': '2025-12-07', 'weekday': 'Domenica'},
           {'date': '2025-12-08', 'weekday': 'Lunedì'},
           {'date': '2025-12-09', 'weekday': 'Martedì'},
           {'date': '2025-12-10', 'weekday': 'Mercoledì'},
           {'date': '2025-12-11', 'weekday': 'Giovedì'},
           {'date': '2025-12-12', 'weekday': 'Venerdì'},
           {'date': '2025-12-13', 'weekday': 'Sabato'},
           {'date': '2025-12-14', 'weekday': 'Domenica'},
           {'date': '2025-12-15', 'weekday': 'Lunedì'},
           {'date': '2025-12-16', 'weekday': 'Martedì'},
           {'date': '2025-12-17', 'weekday': 'Mercoledì'},
           {'date': '2025-12-18', 'weekday': 'Giovedì'},
           {'date': '2025-12-19', 'weekday': 'Venerdì'},
           {'date': '2025-12-20', 'weekday': 'Sabato'},
           {'date': '2025-12-21', 'weekday': 'Domenica'},
           {'date': '2025-12-22', 'weekday': 'Lunedì'},
           {'date': '2025-12-23', 'weekday': 'Martedì'},
           {'date': '2025-12-24', 'weekday': 'Mercoledì'},
           {'date': '2025-12-25', 'weekday': 'Giovedì'},
           {'date': '2025-12-26', 'weekday': 'Venerdì'},
           {'date': '2025-12-27', 'weekday': 'Sabato'},
           {'date': '2025-12-28', 'weekday': 'Domenica'},
           {'date': '2025-12-29', 'weekday': 'Lunedì'},
           {'date': '2025-12-30', 'weekday': 'Martedì'},
           {'date': '2025-12-31', 'weekday': 'Mercoledì'},
           {'date': '2026-01-01', 'weekday': 'Giovedì'},
           {'date': '2026-01-02', 'weekday': 'Venerdì'},
           {'date': '2026-01-03', 'weekday': 'Sabato'},
           {'date': '2026-01-04', 'weekday': 'Domenica'},
           {'date': '2026-01-05', 'weekday': 'Lunedì'},
           {'date': '2026-01-06', 'weekday': 'Martedì'},
           {'date': '2026-01-07', 'weekday': 'Mercoledì'},
           {'date': '2026-01-08', 'weekday': 'Giovedì'},
           {'date': '2026-01-09', 'weekday': 'Venerdì'},
           {'date': '2026-01-10', 'weekday': 'Sabato'},
           {'date': '2026-01-11', 'weekday': 'Domenica'},
           {'date': '2026-01-12', 'weekday': 'Lunedì'},
           {'date': '2026-01-13', 'weekday': 'Martedì'},
           {'date': '2026-01-14', 'weekday': 'Mercoledì'},
           {'date': '2026-01-15', 'weekday': 'Giovedì'},
           {'date': '2026-01-16', 'weekday': 'Venerdì'},
           {'date': '2026-01-17', 'weekday': 'Sabato'},
           {'date': '2026-01-18', 'weekday': 'Domenica'},
           {'date': '2026-01-19', 'weekday': 'Lunedì'},
           {'date': '2026-01-20', 'weekday': 'Martedì'},
           {'date': '2026-01-21', 'weekday': 'Mercoledì'},
           {'date': '2026-01-22', 'weekday': 'Giovedì'},
           {'date': '2026-01-23', 'weekday': 'Venerdì'},
           {'date': '2026-01-24', 'weekday': 'Sabato'},
           {'date': '2026-01-25', 'weekday': 'Domenica'},
           {'date': '2026-01-26', 'weekday': 'Lunedì'},
           {'date': '2026-01-27', 'weekday': 'Martedì'},
           {'date': '2026-01-28', 'weekday': 'Mercoledì'},
           {'date': '2026-01-29', 'weekday': 'Giovedì'},
           {'date': '2026-01-30', 'weekday': 'Venerdì'},
           {'date': '2026-01-31', 'weekday': 'Sabato'},
           {'date': '2026-02-01', 'weekday': 'Domenica'},
           {'date': '2026-02-02', 'weekday': 'Lunedì'},
           {'date': '2026-02-03', 'weekday': 'Martedì'},
           {'date': '2026-02-04', 'weekday': 'Mercoledì'},
           {'date': '2026-02-05', 'weekday': 'Giovedì'},
           {'date': '2026-02-06', 'weekday': 'Venerdì'},
           {'date': '2026-02-07', 'weekday': 'Sabato'},
           {'date': '2026-02-08', 'weekday': 'Domenica'},
           {'date': '2026-02-09', 'weekday': 'Lunedì'},
           {'date': '2026-02-10', 'weekday': 'Martedì'},
           {'date': '2026-02-11', 'weekday': 'Mercoledì'},
           {'date': '2026-02-12', 'weekday': 'Giovedì'},
           {'date': '2026-02-13', 'weekday': 'Venerdì'},
           {'date': '2026-02-14', 'weekday': 'Sabato'},
           {'date': '2026-02-15', 'weekday': 'Domenica'},
           {'date': '2026-02-16', 'weekday': 'Lunedì'},
           {'date': '2026-02-17', 'weekday': 'Martedì'},
           {'date': '2026-02-18', 'weekday': 'Mercoledì'},
           {'date': '2026-02-19', 'weekday': 'Giovedì'},
           {'date': '2026-02-20', 'weekday': 'Venerdì'},
           {'date': '2026-02-21', 'weekday': 'Sabato'},
           {'date': '2026-02-22', 'weekday': 'Domenica'},
           {'date': '2026-02-23', 'weekday': 'Lunedì'},
           {'date': '2026-02-24', 'weekday': 'Martedì'},
           {'date': '2026-02-25', 'weekday': 'Mercoledì'},
           {'date': '2026-02-26', 'weekday': 'Giovedì'},
           {'date': '2026-02-27', 'weekday': 'Venerdì'},
           {'date': '2026-02-28', 'weekday': 'Sabato'},
           {'date': '2026-03-01', 'weekday': 'Domenica'},
           {'date': '2026-03-02', 'weekday': 'Lunedì'},
           {'date': '2026-03-03', 'weekday': 'Martedì'},
           {'date': '2026-03-04', 'weekday': 'Mercoledì'},
           {'date': '2026-03-05', 'weekday': 'Giovedì'},
           {'date': '2026-03-06', 'weekday': 'Venerdì'},
           {'date': '2026-03-07', 'weekday': 'Sabato'},
           {'date': '2026-03-08', 'weekday': 'Domenica'},
           {'date': '2026-03-09', 'weekday': 'Lunedì'},
           {'date': '2026-03-10', 'weekday': 'Martedì'},
           {'date': '2026-03-11', 'weekday': 'Mercoledì'},
           {'date': '2026-03-12', 'weekday': 'Giovedì'},
           {'date': '2026-03-13', 'weekday': 'Venerdì'},
           {'date': '2026-03-14', 'weekday': 'Sabato'},
           {'date': '2026-03-15', 'weekday': 'Domenica'},
           {'date': '2026-03-16', 'weekday': 'Lunedì'},
           {'date': '2026-03-17', 'weekday': 'Martedì'},
           {'date': '2026-03-18', 'weekday': 'Mercoledì'},
           {'date': '2026-03-19', 'weekday': 'Giovedì'},
           {'date': '2026-03-20', 'weekday': 'Venerdì'},
           {'date': '2026-03-21', 'weekday': 'Sabato'},
           {'date': '2026-03-22', 'weekday': 'Domenica'},
           {'date': '2026-03-23', 'weekday': 'Lunedì'},
           {'date': '2026-03-24', 'weekday': 'Martedì'},
           {'date': '2026-03-25', 'weekday': 'Mercoledì'},
           {'date': '2026-03-26', 'weekday': 'Giovedì'},
           {'date': '2026-03-27', 'weekday': 'Venerdì'},
           {'date': '2026-03-28', 'weekday': 'Sabato'},
           {'date': '2026-03-29', 'weekday': 'Domenica'},
           {'date': '2026-03-30', 'weekday': 'Lunedì'},
           {'date': '2026-03-31', 'weekday': 'Martedì'},
           {'date': '2026-04-01', 'weekday': 'Mercoledì'},
           {'date': '2026-04-02', 'weekday': 'Giovedì'},
           {'date': '2026-04-03', 'weekday': 'Venerdì'},
           {'date': '2026-04-04', 'weekday': 'Sabato'},
           {'date': '2026-04-05', 'weekday': 'Domenica'},
           {'date': '2026-04-06', 'weekday': 'Lunedì'},
           {'date': '2026-04-07', 'weekday': 'Martedì'},
           {'date': '2026-04-08', 'weekday': 'Mercoledì'},
           {'date': '2026-04-09', 'weekday': 'Giovedì'},
           {'date': '2026-04-10', 'weekday': 'Venerdì'}],
 'description': 'Giuseppe Caccavale e Roberta Starace Caccavale annunciano la '
                'nuova stagione 2025//26 del teatro Augusteo : “Un cartellone '
                'che promette emozioni forti con un ricco programma di '
                'spettacoli coinvolgenti. Abbiamo scelto Napoli che con la sua '
                'anima e la sua musica sarà la vera protagonista, grazie alla '
                'presenza di artisti partenopei di fama nazionale e al '
                'ritorno, in una nuova edizione, dell’attesissimo spettacolo '
                'cult “C’era una volta… Scugnizzi” di Claudio Mattone, '
                'un’opera che ha segnato un’epoca, emozionato generazioni e ha '
                'fatto nascere stelle. Sal da Vinci, Serena Rossi, Andrea '
                'Sannino, artisti di successo di oggi, tra le presenze nella '
                'nuova stagione teatrale, sono gli scugnizzi di ieri che '
                'incanteranno il nostro pubblico insieme ai giovani artisti, '
                'come le Ebbanesis e Ivan Granatino, e al grande Massimo '
                'Ranieri, che artista lo è da sempre. E ancora Napoli con il '
                'suo talento sarà nella prosa con Giovanni Esposito, Nunzia '
                'Schiano, Peppe Lanzetta, e Geppy Gleijeses alla regia di uno '
                'spettacolo con Euridice Axen, Giulio Corso e Gianluca '
                'Ferrato. Un cartellone che ci farà cantare, ridere e '
                'riflettere. Ci auguriamo di confermare gli eccezionali '
                'risultati di pubblico delle precedenti stagioni, rinnovando '
                'giorno dopo giorno quella magia tra artisti e pubblico che il '
                'Teatro e Napoli sanno offrire”. In abbonamento 9 spettacoli, '
                '8 più 1 in omaggio, tra musical, commedie e concerti con '
                'grandi interpreti e artisti, ai quali si aggiunge una '
                'commedia musicale in opzione agli abbonati. Si parte subito '
                'con lo spettacolo in omaggio, ai primi di ottobre 2025 in '
                'scena al Politeama, “Napoli canta…” di Leonardo Ippolito, con '
                'un cast in via di definizione, un omaggio raffinato alla '
                'canzone napoletana con l’intento di tutelarne la memoria, '
                'promuoverne la conoscenza e trasmetterne la vitalità alle '
                'nuove generazioni. A fine ottobre "Benvenuti in Casa '
                'Esposito”, commedia in due atti scritta da Alessandro Siani, '
                'Pino Imperatore, Paolo Caiazzo e liberamente tratta dal '
                'romanzo bestseller “Benvenuti in casa Esposito” di Pino '
                'Imperatore, con le musiche di Andrea Sannino e Mauro '
                'Spenillo. Un insieme di dialoghi irresistibili, colpi di '
                'scena e messaggi di grande valore etico, che riporta gli '
                'aspetti più ridicoli della criminalità rispolverando la '
                'grande tradizione comica napoletana. Protagonisti Giovanni '
                'Esposito, Nunzia Schiano, Susy Del Giudice, Salvatore '
                'Misticone, Gennaro Silvestro, Carmen Pommella, Giampiero '
                'Schiano, Aurora Benitozzi. Regia di Alessandro Siani. A '
                'novembre "Opera di periferia”, musical di e con Peppe '
                'Lanzetta. Uno spettacolo dal grande impatto emozionale con '
                'Ivan Granatino, Maria Rosaria Virgili, le Ebbanesis, Maurizio '
                'Capone & Bungtbangt, e oltre 20 artisti in scena. Musiche di '
                'Maurizio Capone. Scene e regia di Bruno Garofalo. A fine '
                'novembre "Semplicemente Andrè”, concerto recital di Andrea '
                'Sannino, che ne scrive i testi con Gennaro Scarpato. '
                'Direzione musicale di Mauro Spenillo. Un viaggio intimo e '
                'coinvolgente tra i ricordi dell’artista, che apre per la '
                'prima volta il sipario sulla sua storia personale, i suoi '
                'sogni di ragazzo e le emozioni di chi ha creduto nella musica '
                'come voce dell’anima. Dall’11 al 14 dicembre, in opzione agli '
                'abbonati, il musical “Sapore di mare”, tratto dal celebre '
                'film dei fratelli Vanzina,
[2026-01-28T20:47:14.331+0000] {docker.py:429} INFO - arriva per la prima volta a teatro '
                'con le più belle canzoni italiane dei favolosi anni ’60. Da '
                'metà dicembre lo spettacolo delle feste: Sal Da Vinci e il '
                'suo nuovo spettacolo, il cui titolo e cast sono in via di '
                'definizione, promettono di far emozionare, divertire e '
                'riflettere il pubblico con tanta musica. Tra fine gennaio e '
                'inizio febbraio Massimo Ranieri e il suo acclamatissimo show '
                '"Tutti i Sogni ancora in volo ...e continuano a volare”, '
                'spettacolo ideato e scritto da Edoardo Falcone e Massimo '
                'Ranieri. Un’altra straordinaria avventura del più amato '
                'artista italiano, tra canto, recitazione, brani celebri, '
                'sketch divertenti e racconti di vita privata, con il meglio '
                'del suo repertorio e bellissimi brani inediti scritti per lui '
                'da grandi cantautori italiani. A marzo un adattamento '
                'teatrale di un classico del cinema: "A qualcuno piace caldo” '
                'di Mario Moretti, liberamente tratto dalla trama del film di '
                'Billy Wilder, con Euridice Axen, Giulio Corso, Gianluca '
                'Ferrato e la regia di Geppy Gleijeses. Ancora a marzo una '
                'partenopea di successo, Serena Rossi in "SereNata a Napoli”, '
                'da un’idea di Serena Rossi, scritto con Maria Sole Limodio e '
                'Pamela Maffioli. Racconti e musica sono stretti come amanti, '
                'una canzone apre una storia che riporta a una musica, che '
                'rimanda a una leggenda, che arriva a una ninna nanna con al '
                'centro la città più misteriosa del mondo. Direzione musicale '
                'e arrangiamenti del M° Valeriano Chiaravalle. Regia di M. '
                'Cristina Redini. Aprile sarà il mese del grande e attesissimo '
                'ritorno di “C’era una volta…Scugnizzi”, il musical dei record '
                'in una nuova edizione, scritto e diretto da Claudio Mattone, '
                'che racconta la storia di Don Saverio e un gruppo di '
                'scugnizzi napoletani. Cast in via di definizione e webcasting '
                'in corso. E ancora eventi, spettacoli e concerti: Umberto '
                'Tozzi, Arte Cinema, Alessandro Cattelan, Rkomi, Niccolò Fabi, '
                'Giorgio Panariello, Francesco De Gregori, Carmen Consoli, '
                'Marco Masini, Raf, Gigi Finizio, Noemi, la PFM, il musical We '
                'will rock you, Roberto Saviano, Gianrico Carofiglio, Umberto '
                'Galimberti, Aldo Cazzullo & Angelo Branduardi. Tanti altri '
                'verranno annunciati successivamente. Info e abbonamenti a '
                'teatro: 081414243 botteghinoaugusteo@gmail.com Info messaggi '
                'whatsapp: 3332651481 teatroaugusteo.it',
 'image_url': '//citynews-napolitoday.stgy.ovh/~media/horizontal-mid/12774846086446/locandina-1-14.jpg',
 'location_address': "Piazzetta Duca D'Aosta, 263",
 'location_name': 'Teatro Augusteo',
 'price': 'Prezzo non disponibile',
 'scraped_at': '2026-01-28T20:46:37.967835',
 'time_info': 'Orario non disponibile',
 'title': '"Un posto alle Emozioni": la Stagione 2025/26 del teatro Augusteo',
 'url': 'https://www.napolitoday.it/eventi/teatro-augusteo-spettacoli-stagione-2025-2026.html',
 'uuid': '08c3f52919cd5050',
 'website': 'https://www.teatroaugusteo.it/'}
[2026-01-28T20:47:15.004+0000] {docker.py:429} INFO - 2026-01-28 20:47:15 [scrapy.core.engine] DEBUG: Crawled (200) <GET https://www.napolitoday.it/eventi/eleganza-riccio-pozzo-pendolo-teatro-30-gennaio-1-febbraio-2026.html> (referer: https://www.napolitoday.it/eventi/dal/2026-01-28/al/2026-02-01/)
[2026-01-28T20:47:15.112+0000] {docker.py:429} INFO - 2026-01-28 20:47:15 [scrapy.core.scraper] DEBUG: Scraped from <200 https://www.napolitoday.it/eventi/eleganza-riccio-pozzo-pendolo-teatro-30-gennaio-1-febbraio-2026.html>
{'category': 'Teatri',
 'city': 'Napoli',
 'content_hash': '64d014ce856f06cb',
 'date_end': '2026-02-01',
 'date_start': '2026-01-30',
 'dates': [{'date': '2026-01-30', 'time_start': '21:00', 'weekday': 'Venerdì'},
           {'date': '2026-01-31', 'time_start': '21:00', 'weekday': 'Sabato'},
           {'date': '2026-02-01',
            'time_start': '21:00',
            'weekday': 'Domenica'}],
 'description': 'È un invito a guardare fino in fondo ogni piccola cosa che '
                'ogni giorno ci passa davanti agli occhi, un monito che invita '
                'a interrogarsi sulla superficialità con cui ci relazioniamo '
                'con gli altri L’eleganza del riccio di Muriel Barbery, che '
                'Annamaria Russo porta in scena, da venerdì 30 gennaio 2026 '
                'alle ore 21.00 (repliche fino a domenica 1 febbraio) al Pozzo '
                'e il Pendolo Teatro di Napoli. Presentato dallo stesso '
                'palcoscenico partenopeo, l’allestimento vede interpreti '
                'Rosaria De Cicco, Nico Ciliberti e Sabrina Bruno, le scene di '
                'Giorgia Lauro, regia di Annamaria Russo. Parigi, rue de '
                'Grenelle numero 7, un elegante palazzo abitato da famiglie '
                'dell’alta borghesia fa da sfondo alla storia. Dalla sua '
                'guardiola assiste allo scorrere di questa vita di lussuosa '
                'vacuità la portinaia Renée, colta autodidatta che si adopera '
                'per incarnare al meglio lo stereotipo della portinaia. Poi '
                'c’è Paloma, la figlia di un ministro ottuso, dodicenne '
                'geniale che finge di essere una ragazzina mediocre come tutte '
                'le altre. Due personaggi in incognito, diversi eppure '
                'accomunati dallo sguardo ironicamente disincantato, che si '
                'incontreranno solo grazie all’arrivo di monsieur Ozu, il solo '
                'che saprà smascherare Renée. Il racconto, procede attraverso '
                'le riflessioni e le dissertazioni delle due protagoniste, '
                'all’interno di questo condominio ricco e snob, che non sa '
                'riconoscere, dietro lo stereotipo di facciata, la ricchezza '
                'd’animo e l’eleganza di Renée e Paloma. L’eleganza del riccio '
                'è un romanzo a sfoglia di cipolla, fatto da strati, dove il '
                'tema pirandelliano della maschera si declina attraverso '
                'elucubrazioni filosofiche ardite e ricette di cucina, dove '
                'l’insofferenza per un modo incapace di guardare oltre le '
                'apparenze si coniuga con l’amore in ogni sua espressione: un '
                'amico, un figlio, un uomo, un’opera d’arte, un gatto, una '
                'betulla, un libro, una fantasia. L’amore è forse l’ultimo '
                'strato di questo testo affascinante, quello ben protetto '
                'dagli stati urticanti. Ma a sfogliarlo piano questo testo si '
                'arriva all’amore: delicato timido e introverso, che si '
                'concede solo a chi avrà la pazienza di aspettare che il '
                'riccio ritiri, coi tempi propri ad ogni riccio, i suoi aculei '
                'pungenti. Questa storia poetica è un vero e proprio inno alla '
                'bellezza insita nelle piccole cose. Renée e Paloma, per '
                'quanto stanche del vuoto e dell’ipocrisia che vedono intorno '
                'a loro, non si stancano mai di cercare qualcosa per cui valga '
                'la pena di sorridere ed essere felici, il piccolo miracolo '
                'che rende ogni giorno unico, meraviglioso e degno di essere '
                'vissuto. Info 0815422088, 3473607913, '
                'info@ilpozzoeilpendolo.it prenotazioni '
                "www.ilpozzoeilpendolo.it IN FOTO: L'eleganza del riccio (ph "
                'Flavio Scuotto)',
 'image_url': '//citynews-napolitoday.stgy.ovh/~media/horizontal-mid/26209836194403/l-eleganza_del_riccio_-ph_flavioscuotto-_03.jpg',
 'location_address': 'Piazza San Domenico Maggiore, 3',
 'location_name': 'Il Pozzo e il Pendolo Teatro Napoli',
 'price': 'Prezzo non disponibile',
 'schedule': 'Ore 21.00 (venerdì), ore 19.30 (sabato) e ore 18.30 (domenica)',
 'scraped_at': '2026-01-28T20:46:37.967373',
 'title': '"L’eleganza del riccio" in scena a Il Pozzo e il Pendolo',
 'url': 'https://www.napolitoday.it/eventi/eleganza-riccio-pozzo-pendolo-teatro-30-gennaio-1-febbraio-2026.html',
 'uuid': '5c0eaa6090ea3871',
 'website': 'https://www.ilpozzoeilpendolo.it',
 'weekdays': 'Venerdì, Sabato, Domenica'}
[2026-01-28T20:47:16.228+0000] {docker.py:429} INFO - 2026-01-28 20:47:16 [scrapy.core.engine] DEBUG: Crawled (200) <GET https://www.napolitoday.it/eventi/teatro-trianon-viviani-gino-rivieccio-marco-zurzolo.html> (referer: https://www.napolitoday.it/eventi/dal/2026-01-28/al/2026-02-01/)
[2026-01-28T20:47:16.336+0000] {docker.py:429} INFO - 2026-01-28 20:47:16 [scrapy.core.scraper] DEBUG: Scraped from <200 https://www.napolitoday.it/eventi/teatro-trianon-viviani-gino-rivieccio-marco-zurzolo.html>
{'category': 'Teatri',
 'city': 'Napoli',
 'content_hash': 'd95d32dc412c00f7',
 'date_end': '2026-02-01',
 'date_start': '2026-01-30',
 'dates': [{'date': '2026-01-30', 'weekday': 'Venerdì'},
           {'date': '2026-01-31', 'weekday': 'Sabato'},
           {'date': '2026-02-01', 'weekday': 'Domenica'}],
 'description': 'Gino Rivieccio e Marco Zurzolo animano i due prossimi '
                'appuntamenti del Trianon Viviani , in un racconto di Napoli, '
                'tra la leggerezza di canzoni e “ fattarielli ” e il ricordo '
                'delle Quattro giornate. Venerdì 30 gennaio , alle 21, Gino '
                'Rivieccio debutta nel teatro pubblico di Forcella con Inciuci '
                'del Golfo in salsa piccante , uno spettacolo di cui è anche '
                'autore e regista. Nella replica di sabato 31 gennaio, sempre '
                'alle 21, il comico festeggia il proprio compleanno con il '
                'pubblico. Rivieccio, che ha iniziato la propria carriera in '
                'teatro nella compagnia del Sannazaro, al fianco di Nino '
                'Taranto e Luisa Conte, racconta la sua Napoli attraverso le '
                'canzoni, i “ fattarielli ”, gli aneddoti, le contraddizioni, '
                'gli inciuci e i personaggi che l’hanno resa una grande '
                'capitale europea. Accompagnano Rivieccio il pianista Marco '
                'Ciardiello e le vocalists Vanda Palma e Angelica Parisi . '
                'L’altro appuntamento è con Marco Zurzolo , che, domenica 1° '
                'febbraio , alle 21, ritorna sul palco di Forcella con Dint’ '
                '‘o scuro. A Napoli si sono arrubbati il sole – Le Quattro '
                'giornate di Napoli . Attraverso la musica, le parole e '
                'l’antica arte delle guarrattelle, il sassofonista col suo '
                'ensemble rappresenta l’atmosfera delle quattro giornate di '
                'Napoli. Un vero e proprio viaggio nella memoria per '
                'riflettere su quanto sia importante essere uniti in una sola '
                'voce per combattere contro le ingiustizie. Con Zurzolo '
                'suonano Gabriella Grossi (sax baritono), Vittorio Riva '
                '(batteria), Gigi De Rienzo (basso), Carlo Fimiani (chitarra) '
                'e Alessandro Tedesco (trombone), accompagnati dalla cantante '
                'Marianita Carfora , con la voce narrante di Francesco '
                'Amoretti e le guarattelle di Selvaggia Filippelli . Inoltre, '
                'al Trianon Viviani è ripresa l’attività della Stanza delle '
                'Meraviglie e della neonata Stanza della Memoria , due '
                'realizzazioni innovative che, adottando le moderne tecnologie '
                'digitali, consentono una fruizione emozionale del ricco e '
                'variegato patrimonio della Canzone napoletana. Le Stanze '
                'fanno parte dell’ Ecosistema digitale per la Cultura , il '
                'programma di digitalizzazione dei beni culturali, materiali e '
                'immateriali, finanziato e promosso dalla Regione Campania e '
                'attuato da Scabec . Sono visitabili dal martedì al sabato, '
                'dalle 10 alle 13 e dalle 14:30 alle 17:30; la domenica, dalle '
                '10 alle 13, con prenotazione obbligatoria tramite email a '
                'prenotazioni.trianon@scabec.it .',
 'image_url': '//citynews-napolitoday.stgy.ovh/~media/horizontal-mid/69512507377030/1_gino-rivieccio.jpg',
 'location_address': 'Piazza Vincenzo Calenda',
 'location_name': 'Teatro Trianon Viviani',
 'price': 'Prezzo non disponibile',
 'scraped_at': '2026-01-28T20:46:37.966936',
 'time_info': 'Orario non disponibile',
 'title': 'Al Trianon Viviani, gli “inciuci” di Gino Rivieccio e la musica di '
          'Marco Zurzolo',
 'url': 'https://www.napolitoday.it/eventi/teatro-trianon-viviani-gino-rivieccio-marco-zurzolo.html',
 'uuid': 'b016f68b40bbb37b',
 'website': 'https://www.teatrotrianon.org/'}
[2026-01-28T20:47:17.017+0000] {docker.py:429} INFO - 2026-01-28 20:47:17 [scrapy.core.engine] DEBUG: Crawled (200) <GET https://www.napolitoday.it/eventi/giorno-memoria-2026-musei-nazionali-vomero.html> (referer: https://www.napolitoday.it/eventi/dal/2026-01-28/al/2026-02-01/)
[2026-01-28T20:47:17.125+0000] {docker.py:429} INFO - 2026-01-28 20:47:17 [scrapy.core.scraper] DEBUG: Scraped from <200 https://www.napolitoday.it/eventi/giorno-memoria-2026-musei-nazionali-vomero.html>
{'category': 'Concerti',
 'city': 'Napoli',
 'content_hash': '05dfc9bfcb31b87e',
 'date_end': '2026-01-29',
 'date_start': '2026-01-27',
 'dates': [{'date': '2026-01-27', 'weekday': 'Martedì'},
           {'date': '2026-01-28', 'weekday': 'Mercoledì'},
           {'date': '2026-01-29', 'weekday': 'Giovedì'}],
 'description': 'In occasione del Giorno della Memoria 2026 , i Musei '
                'Nazionali del Vomero scelgono la musica come linguaggio di '
                'riflessione, ascolto e partecipazione civile. Due concerti, '
                'affidati a giovani musicisti dei licei musicali di Napoli, '
                'trasformano i musei in luoghi di incontro e consapevolezza, '
                'in cui il ricordo della Shoah si fa esperienza condivisa. '
                'Ricordare attraverso la musica significa dare voce a ciò che '
                'la storia ha tentato di cancellare e rinnovare, nel presente, '
                'un impegno che rifiuta ogni forma di odio, violenza e '
                'discriminazione. Un gesto semplice e potente, affidato alle '
                'nuove generazioni, chiamate a confrontarsi con una memoria '
                'che non appartiene solo al passato ma interroga il nostro '
                'tempo. I concerti vedranno protagonisti ensemble da camera '
                'composti da studenti dei licei musicali cittadini: Martedì 27 '
                'gennaio , ore 11.00 Certosa di San Martino Concerto degli '
                'allievi del Liceo Musicale “Margherita di Savoia” Giovedì 29 '
                'gennaio , ore 11.00 Villa Floridiana – Museo Duca di Martina '
                'Concerto degli allievi dell’ IS Polo delle Arti '
                '“Caselli-Palizzi” Il senso più profondo dell’iniziativa è '
                'racchiuso nelle parole del compositore Dmitrij Šostakovič , '
                'che affidava alla musica il compito di farsi memoria per chi '
                'è rimasto senza voce e senza nome: « Provo eterno dolore per '
                'coloro che furono uccisi da Hitler, ma non sono meno turbato '
                'nei confronti di chi morì su comando di Stalin. Soffro per '
                'tutti coloro che furono torturati, fucilati, o lasciati '
                'morire di fame. Molte delle mie Sinfonie sono pietre tombali. '
                'Troppi della nostra gente sono morti e sono stati sepolti in '
                'posti ignoti a chiunque, persino ai loro parenti. Dove '
                'mettere le lapidi? Solo la musica può farlo per loro. Vorrei '
                'scrivere una composizione per ciascuno dei caduti, ma non '
                'sono in grado di farlo, ed è per questo che dedico la mia '
                'musica a tutti loro .» È a questa idea di memoria affidata al '
                'suono che si ispirano gli appuntamenti dei Musei Nazionali '
                'del Vomero: un ricordo che non si esaurisce nella '
                'commemorazione, ma diventa gesto presente di responsabilità, '
                'rispetto e apertura. In queste giornate, i musei si fanno '
                'spazi aperti, in cui l’ascolto diventa esperienza e la musica '
                'strumento di dialogo. La partecipazione ai concerti è '
                'compresa nel biglietto di ingresso al museo .',
 'image_url': '//citynews-napolitoday.stgy.ovh/~media/horizontal-mid/31610068578513/1-72.jpg',
 'location_address': None,
 'location_name': 'Certosa di San Martino e Villa Floridiana – Museo Duca di '
                  'Martina',
 'price': 'La partecipazione ai concerti è compresa nel biglietto di ingresso '
          'al museo',
 'scraped_at': '2026-01-28T20:46:37.966444',
 'time_info': 'Orario non disponibile',
 'title': "'Note per la memoria. La musica per il Giorno della Memoria' ai "
          'Musei Nazionali del Vomero',
 'url': 'https://www.napolitoday.it/eventi/giorno-memoria-2026-musei-nazionali-vomero.html',
 'uuid': '0884d4570f305869',
 'website': 'https://museinazionalivomero.cultura.gov.it'}
[2026-01-28T20:47:18.609+0000] {docker.py:429} INFO - 2026-01-28 20:47:18 [scrapy.core.engine] DEBUG: Crawled (200) <GET https://www.napolitoday.it/eventi/mystic-keys-live-kay-teatro-cortese.html> (referer: https://www.napolitoday.it/eventi/dal/2026-01-28/al/2026-02-01/)
[2026-01-28T20:47:18.716+0000] {docker.py:429} INFO - 2026-01-28 20:47:18 [scrapy.core.scraper] DEBUG: Scraped from <200 https://www.napolitoday.it/eventi/mystic-keys-live-kay-teatro-cortese.html>
{'category': 'Concerti',
 'city': 'Napoli',
 'content_hash': '143f83ea91c6387c',
 'date_end': '2026-01-31',
 'date_start': '2026-01-31',
 'dates': [{'date': '2026-01-31', 'time_start': '20:30', 'weekday': 'Sabato'}],
 'description': 'Sabato 31 gennaio, alle 20.30, il Teatro CortéSe dei Colli '
                'Aminei accoglie Kay , progetto musicale che si muove con '
                'disinvoltura tra elettronica, rock e synthwave, nato dalla '
                'scrittura e dalla visione di Claudia Ardito, voce solista e '
                'autrice dei testi, e di Emiliano Russo, compositore, '
                'arrangiatore, tastierista e programmatore. È qui che prende '
                'corpo Mystic Keys , album d’esordio e vera architrave '
                'concettuale dell’intero progetto, pensato come un itinerario '
                'iniziatico, un attraversamento simbolico di stanze interiori '
                'che interrogano l’identità, il rapporto con un sacro svuotato '
                'dai dogmi e la tensione irrisolta tra razionalità e istinto, '
                'tra ordine e caos. La musica di Kay alterna sequenze '
                'elettroniche ipnotiche a improvvise deflagrazioni rock, fonde '
                'l’estetica synth degli anni Ottanta con una scrittura sonora '
                'contemporanea, capace di destabilizzare le forme consuete del '
                'pop senza rinnegarne l’accessibilità. Al CortéSe, in Mystic '
                'Keys Live questo universo trova una dimensione scenica '
                'compiuta: sul palco, accanto a Claudia Ardito ed Emiliano '
                'Russo, una band affiatata dà corpo e respiro al progetto, con '
                'Gian Paolo Costantini e Antonio Vitale alle chitarre, Danilo '
                'Angeli al basso, Enzo Servo alla batteria e le voci di Anna '
                'Russo e Ginevra Balestrieri ai cori, costruendo dal vivo un '
                'equilibrio potente tra materia elettronica ed energia '
                'organica, capace di trasformare il concerto in un rito laico, '
                'emotivo, condiviso. La voce non è semplice strumento '
                'melodico, ma guida narrativa e presenza simbolica, mentre '
                'luci e dinamiche seguono l’evoluzione dei brani, disegnando '
                'un paesaggio sensoriale che alterna sospensioni intime a '
                'esplosioni liberatorie. Il palco, spogliato di ogni orpello '
                'scenografico, diventa uno spazio da abitare attraverso il '
                'suono e la luce, in un dialogo costante che rende visibile la '
                'musica e abbatte la distanza tra chi suona e chi ascolta. Ad '
                'arricchire la serata, alcuni ospiti speciali: i Tape 88, '
                'formazione synthwave che proporrà i brani Crazy Love e Byte & '
                'Bite , quest’ultimo colonna sonora della serie Cose da Patsy '
                ', e Andrea Russo, pianista e cantante, atteso in un momento '
                'di incontro vocale dal forte valore emotivo. Mystic Keys Live '
                'si configura così come un invito consapevole a perdersi, per '
                'ritrovarsi, attraversando il suono come esperienza e non come '
                'semplice ascolto.',
 'image_url': '//citynews-napolitoday.stgy.ovh/~media/horizontal-mid/64101807492748/antonio-vitale-e-claudia-ardito-kay-foto-1-ok.jpg',
 'location_address': 'Viale del Capricorno, 4',
 'location_name': 'Teatro CortéSe',
 'price': 'Prezzo non disponibile',
 'scraped_at': '2026-01-28T20:46:37.966004',
 'time_info': 'Ore 20.30',
 'title': 'Mystic Keys Live, il rito sonoro di Kay al Teatro CortéSe',
 'url': 'https://www.napolitoday.it/eventi/mystic-keys-live-kay-teatro-cortese.html',
 'uuid': 'aa94b36db18f0e7d'}
[2026-01-28T20:47:19.466+0000] {docker.py:429} INFO - 2026-01-28 20:47:19 [scrapy.core.engine] DEBUG: Crawled (200) <GET https://www.napolitoday.it/eventi/teatro-sannazaro-tartufo-27-28-gennaio-2026.html> (referer: https://www.napolitoday.it/eventi/dal/2026-01-28/al/2026-02-01/)
[2026-01-28T20:47:19.574+0000] {docker.py:429} INFO - 2026-01-28 20:47:19 [scrapy.core.scraper] DEBUG: Scraped from <200 https://www.napolitoday.it/eventi/teatro-sannazaro-tartufo-27-28-gennaio-2026.html>
{'category': 'Teatri',
 'city': 'Napoli',
 'content_hash': '3fee027d8599aef1',
 'date_end': '2026-01-28',
 'date_start': '2026-01-27',
 'dates': [{'date': '2026-01-27', 'weekday': 'Martedì'},
           {'date': '2026-01-28', 'weekday': 'Mercoledì'}],
 'description': 'Il Teatro Sannazaro, martedì 27 e mercoledì 28 gennaio alle '
                'ore 21, ospita Tartufo , rielaborazione contemporanea del '
                'celebre testo di Molière firmata da Michele Sinisi, che ne '
                'cura drammaturgia e regia. Uno spettacolo che attraversa il '
                'classico per interrogarne la violenta attualità, mettendo a '
                'fuoco il tema della manipolazione, del potere e della fede '
                'cieca. In scena Stefano Braschi, Gianni D’Addario, Sara '
                'Drago, Marisa Grimaldo, Donato Paternoster, Bianca Ponzio, '
                'Marco Ripoldi, Michele Sinisi, Adele Tirante. La scenografia '
                'è di Federico Biancalani, che firma anche il disegno luci '
                'insieme a Michele Sinisi. I costumi sono di Cloe Tommasin. '
                'Aiuto regia: Nicolò Valandro. Produzione Elsinor Centro di '
                'Produzione Teatrale, Solares Fondazione delle Arti, Teatri di '
                'Bari, Tradizione e Turismo – Centro di Produzione Teatrale, '
                'Viola Produzioni. Note di regia: Chi è Tartufo? Un truffatore '
                'o un eroe? Un attore o un politico? Un prete o un guaritore? '
                'Un sant’uomo, come crede il padrone di casa, o un impostore, '
                'come sostiene il resto della famiglia che lo ospita? Un '
                'mistificatore o un uomo capace di smascherare le '
                'mistificazioni altrui? Il suo ingresso in scena, all’inizio '
                'del terzo atto, ha l’effetto di un’apparizione: zittisce '
                'l’intera casa, arresta il ritmo della commedia. Lo spazio '
                'scenico sembra improvvisamente dilatarsi per contenere, '
                'insieme alla nostra curiosità, le poche e lente sillabe di un '
                'personaggio che non abbiamo mai visto, ma che è stato '
                'preceduto da un’enorme quantità di parole. In questa '
                'rielaborazione, Tartufo non è soltanto un personaggio, ma una '
                'presenza oscura e necessaria, forse l’essenza stessa – ultima '
                'e malata – del male. Un male che non agisce solo '
                'dall’esterno, ma trova terreno fertile nella fragilità, nel '
                'bisogno di credere, nella paura. Per cogliere davvero la '
                'natura di Tartufo, sembra suggerire lo spettacolo, non resta '
                'che cercarla dentro di noi.',
 'image_url': '//citynews-napolitoday.stgy.ovh/~media/horizontal-mid/65929722063343/tartufo2.jpg',
 'location_address': 'Via Chiaia, 157',
 'location_name': 'Teatro Sannazaro',
 'price': 'Prezzo non disponibile',
 'scraped_at': '2026-01-28T20:46:37.965524',
 'time_info': 'Ore 21',
 'title': 'Al Sannazaro in scena "Tartufo"',
 'url': 'https://www.napolitoday.it/eventi/teatro-sannazaro-tartufo-27-28-gennaio-2026.html',
 'uuid': '526e95d7b36bcb1c'}
[2026-01-28T20:47:21.494+0000] {docker.py:429} INFO - 2026-01-28 20:47:21 [scrapy.core.engine] DEBUG: Crawled (200) <GET https://www.napolitoday.it/eventi/teatro-cilea-eduardo-tartaglia-veronica-mazza-31-gennaio-2026.html> (referer: https://www.napolitoday.it/eventi/dal/2026-01-28/al/2026-02-01/)
[2026-01-28T20:47:21.603+0000] {docker.py:429} INFO - 2026-01-28 20:47:21 [scrapy.core.scraper] DEBUG: Scraped from <200 https://www.napolitoday.it/eventi/teatro-cilea-eduardo-tartaglia-veronica-mazza-31-gennaio-2026.html>
{'category': 'Teatri',
 'city': 'Napoli',
 'content_hash': 'd347bee1e1b06bf7',
 'date_end': '2026-01-31',
 'date_start': '2026-01-31',
 'dates': [{'date': '2026-01-31', 'weekday': 'Sabato'}],
 'image_url': '//citynews-napolitoday.stgy.ovh/~media/horizontal-mid/67234150092258/tartaglia2526-cover.jpg',
 'location_address': 'Via San Domenico, 11',
 'location_name': 'Teatro Cilea',
 'price': 'Platea 25 euro, galleria 20 euro. Gli abbonati hanno il diritto di '
          'prelazione e possono acquistare direttamente al botteghino del '
          'teatro con uno sconto di euro 17.',
 'scraped_at': '2026-01-28T20:46:37.964735',
 'time_info': 'Ore 21',
 'title': 'Al Cilea, la commedia “Questo Bimbo A Chi Lo Do?” di Eduardo '
          'Tartaglia con Veronica Mazza',
 'url': 'https://www.napolitoday.it/eventi/teatro-cilea-eduardo-tartaglia-veronica-mazza-31-gennaio-2026.html',
 'uuid': '038ed132c34c6f12',
 'website': 'https://www.teatrocilea.it'}
[2026-01-28T20:47:22.504+0000] {docker.py:429} INFO - 2026-01-28 20:47:22 [scrapy.core.engine] DEBUG: Crawled (200) <GET https://www.napolitoday.it/eventi/sasio-auditorium-novecento-napoli-30-gennaio-2026.html> (referer: https://www.napolitoday.it/eventi/dal/2026-01-28/al/2026-02-01/)
[2026-01-28T20:47:22.618+0000] {docker.py:429} INFO - 2026-01-28 20:47:22 [scrapy.core.scraper] DEBUG: Scraped from <200 https://www.napolitoday.it/eventi/sasio-auditorium-novecento-napoli-30-gennaio-2026.html>
{'category': 'Concerti',
 'city': 'Napoli',
 'content_hash': '3fad9e0a5c6820e0',
 'date_end': '2026-01-30',
 'date_start': '2026-01-30',
 'dates': [{'date': '2026-01-30', 'time_start': '21:30', 'weekday': 'Venerdì'}],
 'description': 'Venerdì 30 gennaio , all’Auditorium Novecento di Napoli, '
                'appuntamento con il concerto di SASIO per la presentazione '
                'del suo album di debutto omonimo , pubblicato lo scorso 24 '
                'ottobre da La Tempesta Dischi. Il live in trio, con Sasio '
                'alla voce, Giuseppe Cataldo alla chitarra e ai cori e Valerio '
                'De Martino alla batteria e synth, porterà sul palco per la '
                'prima volta tutti i brani del disco, in un appuntamento che '
                'segna l’esordio ufficiale della musica di SASIO dal vivo, '
                'dopo la lunga esperienza con i Sula Ventrebianco. Articolato '
                'in undici brani, l’album scava a fondo nell’esperienza '
                'personale di Sasio: il mestiere di muratore, il rapporto '
                'contraddittorio con Napoli, la vita nella penisola flegrea e '
                'la passione viscerale per la musica. Tra italiano e '
                'napoletano, l’artista dà voce a rabbia, assenza e desiderio '
                'di riscatto. Un canto di resistenza immerso in un mondo di '
                'contrasti, capace di toccare corde intime nei momenti più '
                'introspettivi e di esplodere in un grido collettivo nei brani '
                'più diretti. Il disco, scritto e prodotto insieme a Giulio '
                'Ragno Favero , segna l’inizio di una nuova fase creativa. '
                'Dopo quattro album pubblicati con i Sula Ventrebianco tra il '
                '2007 e il 2017 e una ricca attività live nei principali '
                'festival e club italiani, con riconoscimenti come Italia '
                'Wave, Primo Maggio Taranto e MarteLive Italia, Sasio '
                'intraprende un percorso più intimo e radicale. L’album '
                'esplora territori sonori inediti: dalle trame elettroniche '
                'più ruvide alle atmosfere dal respiro cinematografico, fino '
                'agli echi degli anni ’90 riletti con una sensibilità '
                'contemporanea. Un album potente e diretto, fatto di carne e '
                'coscienza: un viaggio dentro la parte più nuda, ferita e '
                "tenace dell’essere umano. L'uscita è stata accompagnata dalla "
                'pubblicazione del video di "Invincibile" , focus track del '
                'disco. INFO: Inizio ore 21.30; ingresso € 11.50 Info e '
                'biglietti: '
                'https://www.etes.it/sale/event/95596/sasio?idProdotto=95596 '
                'IN FOTO: Sasio ph. Gennaro Cimmino',
 'image_url': '//citynews-napolitoday.stgy.ovh/~media/horizontal-mid/48081149334472/sasio_ph-gennaro-cimmino_img_9862_web.jpg',
 'location_address': None,
 'location_name': 'Auditorium Novecento di Napoli',
 'price': '€ 11.50',
 'scraped_at': '2026-01-28T20:46:37.964372',
 'time_info': 'Ore 21.30',
 'title': 'Sasio in concerto all’Auditorium Novecento per la presentazione '
          "ufficiale dell'album omonimo",
 'url': 'https://www.napolitoday.it/eventi/sasio-auditorium-novecento-napoli-30-gennaio-2026.html',
 'uuid': '4a47860030da9e9b',
 'website': 'https://www.etes.it/sale/event/95596/sasio?idProdotto=95596'}
[2026-01-28T20:47:23.252+0000] {docker.py:429} INFO - 2026-01-28 20:47:23 [scrapy.core.engine] DEBUG: Crawled (200) <GET https://www.napolitoday.it/eventi/teatro-nuovo-napoli-modo-minore-30-31-gennaio-2026.html> (referer: https://www.napolitoday.it/eventi/dal/2026-01-28/al/2026-02-01/)
[2026-01-28T20:47:23.368+0000] {docker.py:429} INFO - 2026-01-28 20:47:23 [scrapy.core.scraper] DEBUG: Scraped from <200 https://www.napolitoday.it/eventi/teatro-nuovo-napoli-modo-minore-30-31-gennaio-2026.html>
{'category': 'Teatri',
 'city': 'Napoli',
 'content_hash': 'a028f1378056c9b2',
 'date_end': '2026-01-31',
 'date_start': '2026-01-30',
 'dates': [{'date': '2026-01-30', 'time_start': '21:00', 'weekday': 'Venerdì'},
           {'date': '2026-01-31', 'time_start': '21:00', 'weekday': 'Sabato'}],
 'description': 'Ci sono voci che non smettono di risuonare, nemmeno quando il '
                'tempo sembra allontanarle. Voci che continuano a farsi '
                'ascoltare nei dettagli, nei margini, nelle pieghe più intime '
                'del ricordo. Enzo Moscato è una di queste, e a lui è dedicato '
                'Modo Minore , lo spettacolo in scena, da venerdì 30 gennaio '
                '2026 alle ore 21.00 (in replica sabato 31), al Teatro Nuovo '
                'di Napoli, nell’ambito della quarta edizione di We Love Enzo '
                ', rassegna che ne custodisce e rinnova l’eredità poetica. '
                'Presentato da Compagnia Teatrale Enzo Moscato/Casa del '
                'Contemporaneo, Modo Minore è un attraversamento lieve e '
                'profondissimo, un gesto di ascolto più che di celebrazione, '
                'che indaga il territorio fragile e fertile in cui la canzone '
                'incontra il teatro, dove la parola si fa suono e il suono '
                'diventa racconto. È un percorso che si muove per frammenti, '
                'per accensioni improvvise, per memorie che affiorano come '
                'conchiglie sulla riva. Al centro della scena, Lalla Esposito, '
                'interprete capace di abitare le zone dell’ombra e della luce '
                'con la stessa naturalezza. La sua voce diventa corpo '
                'narrante, attraversando un repertorio musicale che va da '
                'Carosone a Tenco, da Dalida a Pino Mauro, fino a canzoni '
                'quasi smarrite, come Serenata arraggiata o Mandolino d’’o '
                'Texas : brani che portano con sé il peso e la grazia di '
                'un’epoca, di una città, di un sentire collettivo. La '
                'direzione musicale è affidata a Pasquale Scialò, ideatore del '
                'progetto e compagno di lungo corso di Moscato, che costruisce '
                'un paesaggio sonoro intimo, da camera, cesellato con cura '
                'artigianale. Accanto a lui, un ensemble raffinato — Claudio '
                'Romano alle chitarre e al mandolino, Antonio Colica al '
                'violino, Antonio Pepe al contrabbasso, Paolo Cimmino alle '
                'percussioni — accompagna la voce in un dialogo continuo, '
                'fatto di sospensioni, respiri, improvvise accensioni emotive. '
                'Napoli è ovunque, mai come cartolina, nei vicoli interiori, '
                'nei bar notturni, nelle luci stanche dei night club, nei '
                'luoghi dove la malinconia convive con l’ironia e il dolore si '
                'traveste da canto. È una Napoli mentale, sonora, '
                'stratificata, che Moscato ha sempre raccontato scegliendo il '
                'modo minore : quello delle storie laterali, delle esistenze '
                'fragili, delle verità sussurrate. Modo Minore è un atto di '
                'fedeltà poetica, un gesto di cura, un canto sommesso che '
                'continua a far vivere Enzo Moscato là dove la sua voce ha '
                'sempre abitato: nei margini, nelle crepe, nelle emozioni che '
                'resistono al silenzio. info 0814976267 email '
                'botteghino@teatronuovonapoli. it IN FOTO: Modo Minore ph.Pino '
                'Miraglia',
 'image_url': '//citynews-napolitoday.stgy.ovh/~media/horizontal-mid/22462041335862/modominore_ph-pinomiraglia_03.jpg',
 'location_address': 'Via Montecalvario, 16',
 'location_name': 'Teatro Nuovo Napoli',
 'price': 'Prezzo non disponibile',
 'schedule': 'Venerdì ore 21.00, sabato ore 19.00',
 'scraped_at': '2026-01-28T20:46:37.963991',
 'title': 'Al Teatro Nuovo Napoli, Lalla Esposito in "Modo Minore" di Enzo '
          'Moscato per la rassegna "We Love Enzo"',
 'url': 'https://www.napolitoday.it/eventi/teatro-nuovo-napoli-modo-minore-30-31-gennaio-2026.html',
 'uuid': '317d934011e4a0f3',
 'weekdays': 'Venerdì, Sabato'}
[2026-01-28T20:47:24.174+0000] {docker.py:429} INFO - 2026-01-28 20:47:24 [scrapy.core.engine] DEBUG: Crawled (200) <GET https://www.napolitoday.it/eventi/bellezza-come-cura-incontro-fondazione-santobono-pausilipon.html> (referer: https://www.napolitoday.it/eventi/dal/2026-01-28/al/2026-02-01/)
[2026-01-28T20:47:24.289+0000] {docker.py:429} INFO - 2026-01-28 20:47:24 [scrapy.core.scraper] DEBUG: Scraped from <200 https://www.napolitoday.it/eventi/bellezza-come-cura-incontro-fondazione-santobono-pausilipon.html>
{'category': 'Incontri',
 'city': 'Napoli',
 'content_hash': 'bcaa526947b1a272',
 'date_end': '2026-01-29',
 'date_start': '2026-01-29',
 'dates': [{'date': '2026-01-29', 'weekday': 'Giovedì'}],
 'image_url': '//citynews-napolitoday.stgy.ovh/~media/horizontal-mid/16344916316172/img-20260116-wa0000.jpg',
 'location_address': 'Riviera di Chiaia, 126',
 'location_name': 'Fondazione Santobono Pausilipon',
 'price': 'Prezzo non disponibile',
 'scraped_at': '2026-01-28T20:46:37.963615',
 'time_info': 'Ore 17',
 'title': 'La bellezza come cura: incontro tra scienza, arte e solidarietà '
          'alla Fondazione Santobono Pausilipon',
 'url': 'https://www.napolitoday.it/eventi/bellezza-come-cura-incontro-fondazione-santobono-pausilipon.html',
 'uuid': '798355718214bd76'}
[2026-01-28T20:47:24.290+0000] {docker.py:429} INFO - 2026-01-28 20:47:24 [scrapy.core.engine] INFO: Closing spider (finished)
[2026-01-28T20:47:24.290+0000] {docker.py:429} INFO - 2026-01-28 20:47:24 [scrapy.extensions.feedexport] INFO: Stored json feed (39 items) in: /app/city_today/output/eventi_napoli_questa-settimana_20260128_204633.json
[2026-01-28T20:47:24.291+0000] {docker.py:429} INFO - 2026-01-28 20:47:24 [scrapy.statscollectors] INFO: Dumping Scrapy stats:
{'downloader/request_bytes': 17773,
 'downloader/request_count': 41,
 'downloader/request_method_count/GET': 41,
 'downloader/response_bytes': 6353582,
 'downloader/response_count': 41,
 'downloader/response_status_count/200': 41,
 'elapsed_time_seconds': 50.111299,
 'feedexport/success_count/FileFeedStorage': 1,
 'finish_reason': 'finished',
 'finish_time': datetime.datetime(2026, 1, 28, 20, 47, 24, 289487, tzinfo=datetime.timezone.utc),
 'httpcompression/response_bytes': 34315269,
 'httpcompression/response_count': 41,
 'item_scraped_count': 39,
 'items_per_city/Napoli': 39,
 'items_per_minute': 46.8,
 'log_count/DEBUG': 80,
 'log_count/INFO': 3,
 'memusage/max': 69091328,
 'memusage/startup': 69091328,
 'request_depth_max': 1,
 'response_received_count': 41,
 'responses_per_minute': 49.199999999999996,
 'robotstxt/request_count': 1,
 'robotstxt/response_count': 1,
 'robotstxt/response_status_count/200': 1,
 'scheduler/dequeued': 40,
 'scheduler/dequeued/memory': 40,
 'scheduler/enqueued': 40,
 'scheduler/enqueued/memory': 40,
 'start_time': datetime.datetime(2026, 1, 28, 20, 46, 34, 178188, tzinfo=datetime.timezone.utc)}
2026-01-28 20:47:24 [scrapy.core.engine] INFO: Spider closed (finished)
[2026-01-28T20:47:24.346+0000] {docker.py:429} INFO - Scraping completato. File: /app/city_today/output/eventi_napoli_questa-settimana_20260128_204633.json
[2026-01-28T20:47:24.656+0000] {taskinstance.py:1138} INFO - Marking task as SUCCESS. dag_id=etl_events_daily, task_id=process_napoli.scrape_city_today, execution_date=20260128T204423, start_date=20260128T204631, end_date=20260128T204724
[2026-01-28T20:47:24.698+0000] {local_task_job_runner.py:234} INFO - Task exited with return code 0
[2026-01-28T20:47:24.733+0000] {taskinstance.py:3280} INFO - 0 downstream tasks scheduled from follow-on schedule check
