[2026-01-28T22:21:13.353+0000] {taskinstance.py:1956} INFO - Dependencies all met for dep_context=non-requeueable deps ti=<TaskInstance: etl_events_daily.process_torino.scrape_zero_eu manual__2026-01-28T22:19:44.377550+00:00 [queued]>
[2026-01-28T22:21:13.362+0000] {taskinstance.py:1956} INFO - Dependencies all met for dep_context=requeueable deps ti=<TaskInstance: etl_events_daily.process_torino.scrape_zero_eu manual__2026-01-28T22:19:44.377550+00:00 [queued]>
[2026-01-28T22:21:13.363+0000] {taskinstance.py:2170} INFO - Starting attempt 1 of 4
[2026-01-28T22:21:13.374+0000] {taskinstance.py:2191} INFO - Executing <Task(FilterableDockerOperator): process_torino.scrape_zero_eu> on 2026-01-28 22:19:44.377550+00:00
[2026-01-28T22:21:13.379+0000] {standard_task_runner.py:60} INFO - Started process 2600 to run task
[2026-01-28T22:21:13.381+0000] {standard_task_runner.py:87} INFO - Running: ['airflow', 'tasks', 'run', 'etl_events_daily', 'process_torino.scrape_zero_eu', 'manual__2026-01-28T22:19:44.377550+00:00', '--job-id', '195', '--raw', '--subdir', 'DAGS_FOLDER/scrape_events.py', '--cfg-path', '/tmp/tmp6tvm_0rf']
[2026-01-28T22:21:13.383+0000] {standard_task_runner.py:88} INFO - Job 195: Subtask process_torino.scrape_zero_eu
[2026-01-28T22:21:13.401+0000] {logging_mixin.py:188} WARNING - /home/airflow/.local/lib/python3.11/site-packages/airflow/settings.py:194 DeprecationWarning: The sql_alchemy_conn option in [core] has been moved to the sql_alchemy_conn option in [database] - the old setting has been used, but please update your config.
[2026-01-28T22:21:13.448+0000] {task_command.py:423} INFO - Running <TaskInstance: etl_events_daily.process_torino.scrape_zero_eu manual__2026-01-28T22:19:44.377550+00:00 [running]> on host a9aac56aef94
[2026-01-28T22:21:13.550+0000] {taskinstance.py:2480} INFO - Exporting env vars: AIRFLOW_CTX_DAG_OWNER='airflow' AIRFLOW_CTX_DAG_ID='etl_events_daily' AIRFLOW_CTX_TASK_ID='process_torino.scrape_zero_eu' AIRFLOW_CTX_EXECUTION_DATE='2026-01-28T22:19:44.377550+00:00' AIRFLOW_CTX_TRY_NUMBER='1' AIRFLOW_CTX_DAG_RUN_ID='manual__2026-01-28T22:19:44.377550+00:00'
[2026-01-28T22:21:13.568+0000] {docker.py:359} INFO - Starting docker container from image scrapy-events:latest
[2026-01-28T22:21:13.574+0000] {docker.py:367} WARNING - Using remote engine or docker-in-docker and mounting temporary volume from host is not supported. Falling back to `mount_tmp_dir=False` mode. You can set `mount_tmp_dir` parameter to False to disable mounting and remove the warning
[2026-01-28T22:21:14.070+0000] {docker.py:429} INFO - Avvio scraping Zero.eu per: Torino
[2026-01-28T22:21:14.072+0000] {docker.py:429} INFO - 2026-01-28 22:21:14 [scrapy.utils.log] INFO: Scrapy 2.14.1 started (bot: zero_scraper)
[2026-01-28T22:21:14.077+0000] {docker.py:429} INFO - 2026-01-28 22:21:14 [scrapy.utils.log] INFO: Versions:
{'lxml': '6.0.2',
 'libxml2': '2.14.6',
 'cssselect': '1.3.0',
 'parsel': '1.10.0',
 'w3lib': '2.3.1',
 'Twisted': '25.5.0',
 'Python': '3.11.14 (main, Jan 13 2026, 03:12:14) [GCC 14.2.0]',
 'pyOpenSSL': '25.3.0 (OpenSSL 3.5.4 30 Sep 2025)',
 'cryptography': '46.0.3',
 'Platform': 'Linux-6.12.54-linuxkit-x86_64-with-glibc2.41'}
2026-01-28 22:21:14 [scrapy.crawler] DEBUG: Using CrawlerProcess
[2026-01-28T22:21:14.078+0000] {docker.py:429} INFO - 2026-01-28 22:21:14 [scrapy.addons] INFO: Enabled addons:
[]
[2026-01-28T22:21:14.080+0000] {docker.py:429} INFO - 2026-01-28 22:21:14 [asyncio] DEBUG: Using selector: EpollSelector
[2026-01-28T22:21:14.080+0000] {docker.py:429} INFO - 2026-01-28 22:21:14 [scrapy.utils.log] DEBUG: Using reactor: twisted.internet.asyncioreactor.AsyncioSelectorReactor
2026-01-28 22:21:14 [scrapy.utils.log] DEBUG: Using asyncio event loop: asyncio.unix_events._UnixSelectorEventLoop
[2026-01-28T22:21:14.083+0000] {docker.py:429} INFO - 2026-01-28 22:21:14 [scrapy.extensions.telnet] INFO: Telnet Password: 84621722cfb0132e
[2026-01-28T22:21:14.123+0000] {docker.py:429} INFO - 2026-01-28 22:21:14 [scrapy.middleware] INFO: Enabled extensions:
['scrapy.extensions.corestats.CoreStats',
 'scrapy.extensions.logcount.LogCount',
 'scrapy.extensions.telnet.TelnetConsole',
 'scrapy.extensions.memusage.MemoryUsage',
 'scrapy.extensions.feedexport.FeedExporter',
 'scrapy.extensions.logstats.LogStats']
[2026-01-28T22:21:14.123+0000] {docker.py:429} INFO - 2026-01-28 22:21:14 [scrapy.crawler] INFO: Overridden settings:
{'BOT_NAME': 'zero_scraper',
 'CONCURRENT_REQUESTS': 2,
 'CONCURRENT_REQUESTS_PER_DOMAIN': 1,
 'DOWNLOAD_DELAY': 0.5,
 'FEED_EXPORT_ENCODING': 'utf-8',
 'NEWSPIDER_MODULE': 'zero_scraper.spiders',
 'SPIDER_MODULES': ['zero_scraper.spiders'],
 'USER_AGENT': 'Mozilla/5.0 (Macintosh; Intel Mac OS X 10_15_7) '
               'AppleWebKit/537.36 (KHTML, like Gecko) Chrome/120.0.0.0 '
               'Safari/537.36'}
[2026-01-28T22:21:14.168+0000] {docker.py:429} INFO - 2026-01-28 22:21:14 [scrapy.middleware] INFO: Enabled downloader middlewares:
['scrapy.downloadermiddlewares.offsite.OffsiteMiddleware',
 'scrapy.downloadermiddlewares.httpauth.HttpAuthMiddleware',
 'scrapy.downloadermiddlewares.downloadtimeout.DownloadTimeoutMiddleware',
 'scrapy.downloadermiddlewares.defaultheaders.DefaultHeadersMiddleware',
 'scrapy.downloadermiddlewares.useragent.UserAgentMiddleware',
 'scrapy.downloadermiddlewares.retry.RetryMiddleware',
 'scrapy.downloadermiddlewares.redirect.MetaRefreshMiddleware',
 'scrapy.downloadermiddlewares.httpcompression.HttpCompressionMiddleware',
 'scrapy.downloadermiddlewares.redirect.RedirectMiddleware',
 'scrapy.downloadermiddlewares.cookies.CookiesMiddleware',
 'scrapy.downloadermiddlewares.httpproxy.HttpProxyMiddleware',
 'scrapy.downloadermiddlewares.stats.DownloaderStats']
[2026-01-28T22:21:14.170+0000] {docker.py:429} INFO - 2026-01-28 22:21:14 [scrapy.middleware] INFO: Enabled spider middlewares:
['scrapy.spidermiddlewares.start.StartSpiderMiddleware',
 'scrapy.spidermiddlewares.httperror.HttpErrorMiddleware',
 'scrapy.spidermiddlewares.referer.RefererMiddleware',
 'scrapy.spidermiddlewares.urllength.UrlLengthMiddleware',
 'scrapy.spidermiddlewares.depth.DepthMiddleware']
[2026-01-28T22:21:14.171+0000] {docker.py:429} INFO - 2026-01-28 22:21:14 [scrapy.middleware] INFO: Enabled item pipelines:
[]
[2026-01-28T22:21:14.171+0000] {docker.py:429} INFO - Output file: /app/zero_eu/output/eventi_zero_torino_20260128_222114.json
[2026-01-28T22:21:14.172+0000] {docker.py:429} INFO - 2026-01-28 22:21:14 [scrapy.core.engine] INFO: Spider opened
[2026-01-28T22:21:14.177+0000] {docker.py:429} INFO - 2026-01-28 22:21:14 [py.warnings] WARNING: /usr/local/lib/python3.11/site-packages/scrapy/core/spidermw.py:490: ScrapyDeprecationWarning: zero_scraper.spiders.events_spider.EventsSpider defines the deprecated start_requests() method. start_requests() has been deprecated in favor of a new method, start(), to support asynchronous code execution. start_requests() will stop being called in a future version of Scrapy. If you use Scrapy 2.13 or higher only, replace start_requests() with start(); note that start() is a coroutine (async def). If you need to maintain compatibility with lower Scrapy versions, when overriding start_requests() in a spider class, override start() as well; you can use super() to reuse the inherited start() implementation without copy-pasting. See the release notes of Scrapy 2.13 for details: https://docs.scrapy.org/en/2.13/news.html
  warn(
[2026-01-28T22:21:14.178+0000] {docker.py:429} INFO - 2026-01-28 22:21:14 [scrapy.extensions.logstats] INFO: Crawled 0 pages (at 0 pages/min), scraped 0 items (at 0 items/min)
[2026-01-28T22:21:14.179+0000] {docker.py:429} INFO - 2026-01-28 22:21:14 [scrapy.extensions.telnet] INFO: Telnet console listening on 127.0.0.1:6023
[2026-01-28T22:21:27.712+0000] {docker.py:429} INFO - 2026-01-28 22:21:27 [scrapy.core.engine] DEBUG: Crawled (200) <GET https://zero.eu/api/wp/v2/citta?per_page=100> (referer: None)
[2026-01-28T22:21:27.830+0000] {docker.py:429} INFO - 2026-01-28 22:21:27 [events] INFO: Found city ID for 'torino': 12
[2026-01-28T22:21:30.691+0000] {docker.py:429} INFO - 2026-01-28 22:21:30 [scrapy.core.engine] DEBUG: Crawled (200) <GET https://zero.eu/api/v2/events?per_page=100&citta=12&_embed=true> (referer: https://zero.eu/api/wp/v2/citta?per_page=100)
[2026-01-28T22:21:32.927+0000] {docker.py:429} INFO - 2026-01-28 22:21:32 [scrapy.core.engine] DEBUG: Crawled (200) <GET https://zero.eu/it/eventi/355740-slavas-snowshow-teatro-strehler,milano/> (referer: https://zero.eu/api/v2/events?per_page=100&citta=12&_embed=true)
[2026-01-28T22:21:33.033+0000] {docker.py:429} INFO - 2026-01-28 22:21:33 [scrapy.core.scraper] ERROR: Spider error processing <GET https://zero.eu/it/eventi/355740-slavas-snowshow-teatro-strehler,milano/> (referer: https://zero.eu/api/v2/events?per_page=100&citta=12&_embed=true)
Traceback (most recent call last):
  File "/usr/local/lib/python3.11/site-packages/scrapy/utils/defer.py", line 355, in iter_errback
    yield next(it)
          ^^^^^^^^
  File "/usr/local/lib/python3.11/site-packages/scrapy/utils/python.py", line 311, in __next__
    return next(self.data)
           ^^^^^^^^^^^^^^^
  File "/usr/local/lib/python3.11/site-packages/scrapy/utils/python.py", line 311, in __next__
    return next(self.data)
           ^^^^^^^^^^^^^^^
  File "/usr/local/lib/python3.11/site-packages/scrapy/core/spidermw.py", line 183, in process_sync
    self._process_spider_exception(
  File "/usr/local/lib/python3.11/site-packages/scrapy/core/spidermw.py", line 256, in _process_spider_exception
    raise exception
  File "/usr/local/lib/python3.11/site-packages/scrapy/core/spidermw.py", line 179, in process_sync
    yield from iterable
  File "/usr/local/lib/python3.11/site-packages/scrapy/spidermiddlewares/base.py", line 60, in process_spider_output
    for o in result:
  File "/usr/local/lib/python3.11/site-packages/scrapy/core/spidermw.py", line 183, in process_sync
    self._process_spider_exception(
  File "/usr/local/lib/python3.11/site-packages/scrapy/core/spidermw.py", line 256, in _process_spider_exception
    raise exception
  File "/usr/local/lib/python3.11/site-packages/scrapy/core/spidermw.py", line 179, in process_sync
    yield from iterable
  File "/usr/local/lib/python3.11/site-packages/scrapy/spidermiddlewares/base.py", line 60, in process_spider_output
    for o in result:
  File "/usr/local/lib/python3.11/site-packages/scrapy/core/spidermw.py", line 183, in process_sync
    self._process_spider_exception(
  File "/usr/local/lib/python3.11/site-packages/scrapy/core/spidermw.py", line 256, in _process_spider_exception
    raise exception
  File "/usr/local/lib/python3.11/site-packages/scrapy/core/spidermw.py", line 179, in process_sync
    yield from iterable
  File "/usr/local/lib/python3.11/site-packages/scrapy/spidermiddlewares/base.py", line 60, in process_spider_output
    for o in result:
  File "/usr/local/lib/python3.11/site-packages/scrapy/core/spidermw.py", line 183, in process_sync
    self._process_spider_exception(
  File "/usr/local/lib/python3.11/site-packages/scrapy/core/spidermw.py", line 256, in _process_spider_exception
    raise exception
  File "/usr/local/lib/python3.11/site-packages/scrapy/core/spidermw.py", line 179, in process_sync
    yield from iterable
  File "/usr/local/lib/python3.11/site-packages/scrapy/spidermiddlewares/depth.py", line 61, in process_spider_output
    yield from super().process_spider_output(response, result)
  File "/usr/local/lib/python3.11/site-packages/scrapy/spidermiddlewares/base.py", line 60, in process_spider_output
    for o in result:
  File "/usr/local/lib/python3.11/site-packages/scrapy/core/spidermw.py", line 183, in process_sync
    self._process_spider_exception(
  File "/usr/local/lib/python3.11/site-packages/scrapy/core/spidermw.py", line 256, in _process_spider_exception
    raise exception
  File "/usr/local/lib/python3.11/site-packages/scrapy/core/spidermw.py", line 179, in process_sync
    yield from iterable
  File "/app/zero_eu/zero_scraper/spiders/events_spider.py", line 227, in parse_event_page
    item["uuid"] = hashlib.sha256(uuid_string.encode('utf-8')).hexdigest()[:16]
    ~~~~^^^^^^^^
  File "/usr/local/lib/python3.11/site-packages/scrapy/item.py", line 98, in __setitem__
    raise KeyError(f"{self.__class__.__name__} does not support field: {key}")
KeyError: 'EventItem does not support field: uuid'
[2026-01-28T22:21:34.691+0000] {docker.py:429} INFO - 2026-01-28 22:21:34 [scrapy.core.engine] DEBUG: Crawled (200) <GET https://zero.eu/it/eventi/356761-silvia-camporesi-uno-strappo-nel-cielo-di-carta,roma/> (referer: https://zero.eu/api/v2/events?per_page=100&citta=12&_embed=true)
[2026-01-28T22:21:34.796+0000] {docker.py:429} INFO - 2026-01-28 22:21:34 [scrapy.core.scraper] ERROR: Spider error processing <GET https://zero.eu/it/eventi/356761-silvia-camporesi-uno-strappo-nel-cielo-di-carta,roma/> (referer: https://zero.eu/api/v2/events?per_page=100&citta=12&_embed=true)
Traceback (most recent call last):
  File "/usr/local/lib/python3.11/site-packages/scrapy/utils/defer.py", line 355, in iter_errback
    yield next(it)
          ^^^^^^^^
  File "/usr/local/lib/python3.11/site-packages/scrapy/utils/python.py", line 311, in __next__
    return next(self.data)
           ^^^^^^^^^^^^^^^
  File "/usr/local/lib/python3.11/site-packages/scrapy/utils/python.py", line 311, in __next__
    return next(self.data)
           ^^^^^^^^^^^^^^^
  File "/usr/local/lib/python3.11/site-packages/scrapy/core/spidermw.py", line 183, in process_sync
    self._process_spider_exception(
  File "/usr/local/lib/python3.11/site-packages/scrapy/core/spidermw.py", line 256, in _process_spider_exception
    raise exception
  File "/usr/local/lib/python3.11/site-packages/scrapy/core/spidermw.py", line 179, in process_sync
    yield from iterable
  File "/usr/local/lib/python3.11/site-packages/scrapy/spidermiddlewares/base.py", line 60, in process_spider_output
    for o in result:
  File "/usr/local/lib/python3.11/site-packages/scrapy/core/spidermw.py", line 183, in process_sync
    self._process_spider_exception(
  File "/usr/local/lib/python3.11/site-packages/scrapy/core/spidermw.py", line 256, in _process_spider_exception
    raise exception
  File "/usr/local/lib/python3.11/site-packages/scrapy/core/spidermw.py", line 179, in process_sync
    yield from iterable
  File "/usr/local/lib/python3.11/site-packages/scrapy/spidermiddlewares/base.py", line 60, in process_spider_output
    for o in result:
  File "/usr/local/lib/python3.11/site-packages/scrapy/core/spidermw.py", line 183, in process_sync
    self._process_spider_exception(
  File "/usr/local/lib/python3.11/site-packages/scrapy/core/spidermw.py", line 256, in _process_spider_exception
    raise exception
  File "/usr/local/lib/python3.11/site-packages/scrapy/core/spidermw.py", line 179, in process_sync
    yield from iterable
  File "/usr/local/lib/python3.11/site-packages/scrapy/spidermiddlewares/base.py", line 60, in process_spider_output
    for o in result:
  File "/usr/local/lib/python3.11/site-packages/scrapy/core/spidermw.py", line 183, in process_sync
    self._process_spider_exception(
  File "/usr/local/lib/python3.11/site-packages/scrapy/core/spidermw.py", line 256, in _process_spider_exception
    raise exception
  File "/usr/local/lib/python3.11/site-packages/scrapy/core/spidermw.py", line 179, in process_sync
    yield from iterable
  File "/usr/local/lib/python3.11/site-packages/scrapy/spidermiddlewares/depth.py", line 61, in process_spider_output
    yield from super().process_spider_output(response, result)
  File "/usr/local/lib/python3.11/site-packages/scrapy/spidermiddlewares/base.py", line 60, in process_spider_output
    for o in result:
  File "/usr/local/lib/python3.11/site-packages/scrapy/core/spidermw.py", line 183, in process_sync
    self._process_spider_exception(
  File "/usr/local/lib/python3.11/site-packages/scrapy/core/spidermw.py", line 256, in _process_spider_exception
    raise exception
  File "/usr/local/lib/python3.11/site-packages/scrapy/core/spidermw.py", line 179, in process_sync
    yield from iterable
  File "/app/zero_eu/zero_scraper/spiders/events_spider.py", line 227, in parse_event_page
    item["uuid"] = hashlib.sha256(uuid_string.encode('utf-8')).hexdigest()[:16]
    ~~~~^^^^^^^^
  File "/usr/local/lib/python3.11/site-packages/scrapy/item.py", line 98, in __setitem__
    raise KeyError(f"{self.__class__.__name__} does not support field: {key}")
KeyError: 'EventItem does not support field: uuid'
[2026-01-28T22:21:35.892+0000] {docker.py:429} INFO - 2026-01-28 22:21:35 [scrapy.core.engine] DEBUG: Crawled (200) <GET https://zero.eu/it/eventi/356814-ned-ensemble-fanfulla-gennaio-2026,roma/> (referer: https://zero.eu/api/v2/events?per_page=100&citta=12&_embed=true)
[2026-01-28T22:21:35.996+0000] {docker.py:429} INFO - 2026-01-28 22:21:35 [scrapy.core.scraper] ERROR: Spider error processing <GET https://zero.eu/it/eventi/356814-ned-ensemble-fanfulla-gennaio-2026,roma/> (referer: https://zero.eu/api/v2/events?per_page=100&citta=12&_embed=true)
Traceback (most recent call last):
  File "/usr/local/lib/python3.11/site-packages/scrapy/utils/defer.py", line 355, in iter_errback
    yield next(it)
          ^^^^^^^^
  File "/usr/local/lib/python3.11/site-packages/scrapy/utils/python.py", line 311, in __next__
    return next(self.data)
           ^^^^^^^^^^^^^^^
  File "/usr/local/lib/python3.11/site-packages/scrapy/utils/python.py", line 311, in __next__
    return next(self.data)
           ^^^^^^^^^^^^^^^
  File "/usr/local/lib/python3.11/site-packages/scrapy/core/spidermw.py", line 183, in process_sync
    self._process_spider_exception(
  File "/usr/local/lib/python3.11/site-packages/scrapy/core/spidermw.py", line 256, in _process_spider_exception
    raise exception
  File "/usr/local/lib/python3.11/site-packages/scrapy/core/spidermw.py", line 179, in process_sync
    yield from iterable
  File "/usr/local/lib/python3.11/site-packages/scrapy/spidermiddlewares/base.py", line 60, in process_spider_output
    for o in result:
  File "/usr/local/lib/python3.11/site-packages/scrapy/core/spidermw.py", line 183, in process_sync
    self._process_spider_exception(
  File "/usr/local/lib/python3.11/site-packages/scrapy/core/spidermw.py", line 256, in _process_spider_exception
    raise exception
  File "/usr/local/lib/python3.11/site-packages/scrapy/core/spidermw.py", line 179, in process_sync
    yield from iterable
  File "/usr/local/lib/python3.11/site-packages/scrapy/spidermiddlewares/base.py", line 60, in process_spider_output
    for o in result:
  File "/usr/local/lib/python3.11/site-packages/scrapy/core/spidermw.py", line 183, in process_sync
    self._process_spider_exception(
  File "/usr/local/lib/python3.11/site-packages/scrapy/core/spidermw.py", line 256, in _process_spider_exception
    raise exception
  File "/usr/local/lib/python3.11/site-packages/scrapy/core/spidermw.py", line 179, in process_sync
    yield from iterable
  File "/usr/local/lib/python3.11/site-packages/scrapy/spidermiddlewares/base.py", line 60, in process_spider_output
    for o in result:
  File "/usr/local/lib/python3.11/site-packages/scrapy/core/spidermw.py", line 183, in process_sync
    self._process_spider_exception(
  File "/usr/local/lib/python3.11/site-packages/scrapy/core/spidermw.py", line 256, in _process_spider_exception
    raise exception
  File "/usr/local/lib/python3.11/site-packages/scrapy/core/spidermw.py", line 179, in process_sync
    yield from iterable
  File "/usr/local/lib/python3.11/site-packages/scrapy/spidermiddlewares/depth.py", line 61, in process_spider_output
    yield from super().process_spider_output(response, result)
  File "/usr/local/lib/python3.11/site-packages/scrapy/spidermiddlewares/base.py", line 60, in process_spider_output
    for o in result:
  File "/usr/local/lib/python3.11/site-packages/scrapy/core/spidermw.py", line 183, in process_sync
    self._process_spider_exception(
  File "/usr/local/lib/python3.11/site-packages/scrapy/core/spidermw.py", line 256, in _process_spider_exception
    raise exception
  File "/usr/local/lib/python3.11/site-packages/scrapy/core/spidermw.py", line 179, in process_sync
    yield from iterable
  File "/app/zero_eu/zero_scraper/spiders/events_spider.py", line 227, in parse_event_page
    item["uuid"] = hashlib.sha256(uuid_string.encode('utf-8')).hexdigest()[:16]
    ~~~~^^^^^^^^
  File "/usr/local/lib/python3.11/site-packages/scrapy/item.py", line 98, in __setitem__
    raise KeyError(f"{self.__class__.__name__} does not support field: {key}")
KeyError: 'EventItem does not support field: uuid'
[2026-01-28T22:21:37.076+0000] {docker.py:429} INFO - 2026-01-28 22:21:37 [scrapy.core.engine] DEBUG: Crawled (200) <GET https://zero.eu/it/eventi/356945-saverio-la-ruina-miracolo-a-crotone,roma/> (referer: https://zero.eu/api/v2/events?per_page=100&citta=12&_embed=true)
[2026-01-28T22:21:37.181+0000] {docker.py:429} INFO - 2026-01-28 22:21:37 [scrapy.core.scraper] ERROR: Spider error processing <GET https://zero.eu/it/eventi/356945-saverio-la-ruina-miracolo-a-crotone,roma/> (referer: https://zero.eu/api/v2/events?per_page=100&citta=12&_embed=true)
Traceback (most recent call last):
  File "/usr/local/lib/python3.11/site-packages/scrapy/utils/defer.py", line 355, in iter_errback
    yield next(it)
          ^^^^^^^^
  File "/usr/local/lib/python3.11/site-packages/scrapy/utils/python.py", line 311, in __next__
    return next(self.data)
           ^^^^^^^^^^^^^^^
  File "/usr/local/lib/python3.11/site-packages/scrapy/utils/python.py", line 311, in __next__
    return next(self.data)
           ^^^^^^^^^^^^^^^
  File "/usr/local/lib/python3.11/site-packages/scrapy/core/spidermw.py", line 183, in process_sync
    self._process_spider_exception(
  File "/usr/local/lib/python3.11/site-packages/scrapy/core/spidermw.py", line 256, in _process_spider_exception
    raise exception
  File "/usr/local/lib/python3.11/site-packages/scrapy/core/spidermw.py", line 179, in process_sync
    yield from iterable
  File "/usr/local/lib/python3.11/site-packages/scrapy/spidermiddlewares/base.py", line 60, in process_spider_output
    for o in result:
  File "/usr/local/lib/python3.11/site-packages/scrapy/core/spidermw.py", line 183, in process_sync
    self._process_spider_exception(
  File "/usr/local/lib/python3.11/site-packages/scrapy/core/spidermw.py", line 256, in _process_spider_exception
    raise exception
  File "/usr/local/lib/python3.11/site-packages/scrapy/core/spidermw.py", line 179, in process_sync
    yield from iterable
  File "/usr/local/lib/python3.11/site-packages/scrapy/spidermiddlewares/base.py", line 60, in process_spider_output
    for o in result:
  File "/usr/local/lib/python3.11/site-packages/scrapy/core/spidermw.py", line 183, in process_sync
    self._process_spider_exception(
  File "/usr/local/lib/python3.11/site-packages/scrapy/core/spidermw.py", line 256, in _process_spider_exception
    raise exception
  File "/usr/local/lib/python3.11/site-packages/scrapy/core/spidermw.py", line 179, in process_sync
    yield from iterable
  File "/usr/local/lib/python3.11/site-packages/scrapy/spidermiddlewares/base.py", line 60, in process_spider_output
    for o in result:
  File "/usr/local/lib/python3.11/site-packages/scrapy/core/spidermw.py", line 183, in process_sync
    self._process_spider_exception(
  File "/usr/local/lib/python3.11/site-packages/scrapy/core/spidermw.py", line 256, in _process_spider_exception
    raise exception
  File "/usr/local/lib/python3.11/site-packages/scrapy/core/spidermw.py", line 179, in process_sync
    yield from iterable
  File "/usr/local/lib/python3.11/site-packages/scrapy/spidermiddlewares/depth.py", line 61, in process_spider_output
    yield from super().process_spider_output(response, result)
  File "/usr/local/lib/python3.11/site-packages/scrapy/spidermiddlewares/base.py", line 60, in process_spider_output
    for o in result:
  File "/usr/local/lib/python3.11/site-packages/scrapy/core/spidermw.py", line 183, in process_sync
    self._process_spider_exception(
  File "/usr/local/lib/python3.11/site-packages/scrapy/core/spidermw.py", line 256, in _process_spider_exception
    raise exception
  File "/usr/local/lib/python3.11/site-packages/scrapy/core/spidermw.py", line 179, in process_sync
    yield from iterable
  File "/app/zero_eu/zero_scraper/spiders/events_spider.py", line 227, in parse_event_page
    item["uuid"] = hashlib.sha256(uuid_string.encode('utf-8')).hexdigest()[:16]
    ~~~~^^^^^^^^
  File "/usr/local/lib/python3.11/site-packages/scrapy/item.py", line 98, in __setitem__
    raise KeyError(f"{self.__class__.__name__} does not support field: {key}")
KeyError: 'EventItem does not support field: uuid'
[2026-01-28T22:21:38.685+0000] {docker.py:429} INFO - 2026-01-28 22:21:38 [scrapy.core.engine] DEBUG: Crawled (200) <GET https://zero.eu/it/eventi/357076-sona-gennaio-2026-3,roma/> (referer: https://zero.eu/api/v2/events?per_page=100&citta=12&_embed=true)
[2026-01-28T22:21:38.806+0000] {docker.py:429} INFO - 2026-01-28 22:21:38 [scrapy.core.scraper] ERROR: Spider error processing <GET https://zero.eu/it/eventi/357076-sona-gennaio-2026-3,roma/> (referer: https://zero.eu/api/v2/events?per_page=100&citta=12&_embed=true)
Traceback (most recent call last):
  File "/usr/local/lib/python3.11/site-packages/scrapy/utils/defer.py", line 355, in iter_errback
    yield next(it)
          ^^^^^^^^
  File "/usr/local/lib/python3.11/site-packages/scrapy/utils/python.py", line 311, in __next__
    return next(self.data)
           ^^^^^^^^^^^^^^^
  File "/usr/local/lib/python3.11/site-packages/scrapy/utils/python.py", line 311, in __next__
    return next(self.data)
           ^^^^^^^^^^^^^^^
  File "/usr/local/lib/python3.11/site-packages/scrapy/core/spidermw.py", line 183, in process_sync
    self._process_spider_exception(
  File "/usr/local/lib/python3.11/site-packages/scrapy/core/spidermw.py", line 256, in _process_spider_exception
    raise exception
  File "/usr/local/lib/python3.11/site-packages/scrapy/core/spidermw.py", line 179, in process_sync
    yield from iterable
  File "/usr/local/lib/python3.11/site-packages/scrapy/spidermiddlewares/base.py", line 60, in process_spider_output
    for o in result:
  File "/usr/local/lib/python3.11/site-packages/scrapy/core/spidermw.py", line 183, in process_sync
    self._process_spider_exception(
  File "/usr/local/lib/python3.11/site-packages/scrapy/core/spidermw.py", line 256, in _process_spider_exception
    raise exception
  File "/usr/local/lib/python3.11/site-packages/scrapy/core/spidermw.py", line 179, in process_sync
    yield from iterable
  File "/usr/local/lib/python3.11/site-packages/scrapy/spidermiddlewares/base.py", line 60, in process_spider_output
    for o in result:
  File "/usr/local/lib/python3.11/site-packages/scrapy/core/spidermw.py", line 183, in process_sync
    self._process_spider_exception(
  File "/usr/local/lib/python3.11/site-packages/scrapy/core/spidermw.py", line 256, in _process_spider_exception
    raise exception
  File "/usr/local/lib/python3.11/site-packages/scrapy/core/spidermw.py", line 179, in process_sync
    yield from iterable
  File "/usr/local/lib/python3.11/site-packages/scrapy/spidermiddlewares/base.py", line 60, in process_spider_output
    for o in result:
  File "/usr/local/lib/python3.11/site-packages/scrapy/core/spidermw.py", line 183, in process_sync
    self._process_spider_exception(
  File "/usr/local/lib/python3.11/site-packages/scrapy/core/spidermw.py", line 256, in _process_spider_exception
    raise exception
  File "/usr/local/lib/python3.11/site-packages/scrapy/core/spidermw.py", line 179, in process_sync
    yield from iterable
  File "/usr/local/lib/python3.11/site-packages/scrapy/spidermiddlewares/depth.py", line 61, in process_spider_output
    yield from super().process_spider_output(response, result)
  File "/usr/local/lib/python3.11/site-packages/scrapy/spidermiddlewares/base.py", line 60, in process_spider_output
    for o in result:
  File "/usr/local/lib/python3.11/site-packages/scrapy/core/spidermw.py", line 183, in process_sync
    self._process_spider_exception(
  File "/usr/local/lib/python3.11/site-packages/scrapy/core/spidermw.py", line 256, in _process_spider_exception
    raise exception
  File "/usr/local/lib/python3.11/site-packages/scrapy/core/spidermw.py", line 179, in process_sync
    yield from iterable
  File "/app/zero_eu/zero_scraper/spiders/events_spider.py", line 227, in parse_event_page
    item["uuid"] = hashlib.sha256(uuid_string.encode('utf-8')).hexdigest()[:16]
    ~~~~^^^^^^^^
  File "/usr/local/lib/python3.11/site-packages/scrapy/item.py", line 98, in __setitem__
    raise KeyError(f"{self.__class__.__name__} does not support field: {key}")
KeyError: 'EventItem does not support field: uuid'
[2026-01-28T22:21:39.724+0000] {docker.py:429} INFO - 2026-01-28 22:21:39 [scrapy.core.engine] DEBUG: Crawled (200) <GET https://zero.eu/it/eventi/357088-rebel-rebel-nuovo-olimpia-4,roma/> (referer: https://zero.eu/api/v2/events?per_page=100&citta=12&_embed=true)
[2026-01-28T22:21:39.829+0000] {docker.py:429} INFO - 2026-01-28 22:21:39 [scrapy.core.scraper] ERROR: Spider error processing <GET https://zero.eu/it/eventi/357088-rebel-rebel-nuovo-olimpia-4,roma/> (referer: https://zero.eu/api/v2/events?per_page=100&citta=12&_embed=true)
Traceback (most recent call last):
  File "/usr/local/lib/python3.11/site-packages/scrapy/utils/defer.py", line 355, in iter_errback
    yield next(it)
          ^^^^^^^^
  File "/usr/local/lib/python3.11/site-packages/scrapy/utils/python.py", line 311, in __next__
    return next(self.data)
           ^^^^^^^^^^^^^^^
  File "/usr/local/lib/python3.11/site-packages/scrapy/utils/python.py", line 311, in __next__
    return next(self.data)
           ^^^^^^^^^^^^^^^
  File "/usr/local/lib/python3.11/site-packages/scrapy/core/spidermw.py", line 183, in process_sync
    self._process_spider_exception(
  File "/usr/local/lib/python3.11/site-packages/scrapy/core/spidermw.py", line 256, in _process_spider_exception
    raise exception
  File "/usr/local/lib/python3.11/site-packages/scrapy/core/spidermw.py", line 179, in process_sync
    yield from iterable
  File "/usr/local/lib/python3.11/site-packages/scrapy/spidermiddlewares/base.py", line 60, in process_spider_output
    for o in result:
  File "/usr/local/lib/python3.11/site-packages/scrapy/core/spidermw.py", line 183, in process_sync
    self._process_spider_exception(
  File "/usr/local/lib/python3.11/site-packages/scrapy/core/spidermw.py", line 256, in _process_spider_exception
    raise exception
  File "/usr/local/lib/python3.11/site-packages/scrapy/core/spidermw.py", line 179, in process_sync
    yield from iterable
  File "/usr/local/lib/python3.11/site-packages/scrapy/spidermiddlewares/base.py", line 60, in process_spider_output
    for o in result:
  File "/usr/local/lib/python3.11/site-packages/scrapy/core/spidermw.py", line 183, in process_sync
    self._process_spider_exception(
  File "/usr/local/lib/python3.11/site-packages/scrapy/core/spidermw.py", line 256, in _process_spider_exception
    raise exception
  File "/usr/local/lib/python3.11/site-packages/scrapy/core/spidermw.py", line 179, in process_sync
    yield from iterable
  File "/usr/local/lib/python3.11/site-packages/scrapy/spidermiddlewares/base.py", line 60, in process_spider_output
    for o in result:
  File "/usr/local/lib/python3.11/site-packages/scrapy/core/spidermw.py", line 183, in process_sync
    self._process_spider_exception(
  File "/usr/local/lib/python3.11/site-packages/scrapy/core/spidermw.py", line 256, in _process_spider_exception
    raise exception
  File "/usr/local/lib/python3.11/site-packages/scrapy/core/spidermw.py", line 179, in process_sync
    yield from iterable
  File "/usr/local/lib/python3.11/site-packages/scrapy/spidermiddlewares/depth.py", line 61, in process_spider_output
    yield from super().process_spider_output(response, result)
  File "/usr/local/lib/python3.11/site-packages/scrapy/spidermiddlewares/base.py", line 60, in process_spider_output
    for o in result:
  File "/usr/local/lib/python3.11/site-packages/scrapy/core/spidermw.py", line 183, in process_sync
    self._process_spider_exception(
  File "/usr/local/lib/python3.11/site-packages/scrapy/core/spidermw.py", line 256, in _process_spider_exception
    raise exception
  File "/usr/local/lib/python3.11/site-packages/scrapy/core/spidermw.py", line 179, in process_sync
    yield from iterable
  File "/app/zero_eu/zero_scraper/spiders/events_spider.py", line 227, in parse_event_page
    item["uuid"] = hashlib.sha256(uuid_string.encode('utf-8')).hexdigest()[:16]
    ~~~~^^^^^^^^
  File "/usr/local/lib/python3.11/site-packages/scrapy/item.py", line 98, in __setitem__
    raise KeyError(f"{self.__class__.__name__} does not support field: {key}")
KeyError: 'EventItem does not support field: uuid'
[2026-01-28T22:21:40.721+0000] {docker.py:429} INFO - 2026-01-28 22:21:40 [scrapy.core.engine] DEBUG: Crawled (200) <GET https://zero.eu/it/eventi/357315-fatur-monk,roma/> (referer: https://zero.eu/api/v2/events?per_page=100&citta=12&_embed=true)
[2026-01-28T22:21:40.825+0000] {docker.py:429} INFO - 2026-01-28 22:21:40 [scrapy.core.scraper] ERROR: Spider error processing <GET https://zero.eu/it/eventi/357315-fatur-monk,roma/> (referer: https://zero.eu/api/v2/events?per_page=100&citta=12&_embed=true)
Traceback (most recent call last):
  File "/usr/local/lib/python3.11/site-packages/scrapy/utils/defer.py", line 355, in iter_errback
    yield next(it)
          ^^^^^^^^
  File "/usr/local/lib/python3.11/site-packages/scrapy/utils/python.py", line 311, in __next__
    return next(self.data)
           ^^^^^^^^^^^^^^^
  File "/usr/local/lib/python3.11/site-packages/scrapy/utils/python.py", line 311, in __next__
    return next(self.data)
           ^^^^^^^^^^^^^^^
  File "/usr/local/lib/python3.11/site-packages/scrapy/core/spidermw.py", line 183, in process_sync
    self._process_spider_exception(
  File "/usr/local/lib/python3.11/site-packages/scrapy/core/spidermw.py", line 256, in _process_spider_exception
    raise exception
  File "/usr/local/lib/python3.11/site-packages/scrapy/core/spidermw.py", line 179, in process_sync
    yield from iterable
  File "/usr/local/lib/python3.11/site-packages/scrapy/spidermiddlewares/base.py", line 60, in process_spider_output
    for o in result:
  File "/usr/local/lib/python3.11/site-packages/scrapy/core/spidermw.py", line 183, in process_sync
    self._process_spider_exception(
  File "/usr/local/lib/python3.11/site-packages/scrapy/core/spidermw.py", line 256, in _process_spider_exception
    raise exception
  File "/usr/local/lib/python3.11/site-packages/scrapy/core/spidermw.py", line 179, in process_sync
    yield from iterable
  File "/usr/local/lib/python3.11/site-packages/scrapy/spidermiddlewares/base.py", line 60, in process_spider_output
    for o in result:
  File "/usr/local/lib/python3.11/site-packages/scrapy/core/spidermw.py", line 183, in process_sync
    self._process_spider_exception(
  File "/usr/local/lib/python3.11/site-packages/scrapy/core/spidermw.py", line 256, in _process_spider_exception
    raise exception
  File "/usr/local/lib/python3.11/site-packages/scrapy/core/spidermw.py", line 179, in process_sync
    yield from iterable
  File "/usr/local/lib/python3.11/site-packages/scrapy/spidermiddlewares/base.py", line 60, in process_spider_output
    for o in result:
  File "/usr/local/lib/python3.11/site-packages/scrapy/core/spidermw.py", line 183, in process_sync
    self._process_spider_exception(
  File "/usr/local/lib/python3.11/site-packages/scrapy/core/spidermw.py", line 256, in _process_spider_exception
    raise exception
  File "/usr/local/lib/python3.11/site-packages/scrapy/core/spidermw.py", line 179, in process_sync
    yield from iterable
  File "/usr/local/lib/python3.11/site-packages/scrapy/spidermiddlewares/depth.py", line 61, in process_spider_output
    yield from super().process_spider_output(response, result)
  File "/usr/local/lib/python3.11/site-packages/scrapy/spidermiddlewares/base.py", line 60, in process_spider_output
    for o in result:
  File "/usr/local/lib/python3.11/site-packages/scrapy/core/spidermw.py", line 183, in process_sync
    self._process_spider_exception(
  File "/usr/local/lib/python3.11/site-packages/scrapy/core/spidermw.py", line 256, in _process_spider_exception
    raise exception
  File "/usr/local/lib/python3.11/site-packages/scrapy/core/spidermw.py", line 179, in process_sync
    yield from iterable
  File "/app/zero_eu/zero_scraper/spiders/events_spider.py", line 227, in parse_event_page
    item["uuid"] = hashlib.sha256(uuid_string.encode('utf-8')).hexdigest()[:16]
    ~~~~^^^^^^^^
  File "/usr/local/lib/python3.11/site-packages/scrapy/item.py", line 98, in __setitem__
    raise KeyError(f"{self.__class__.__name__} does not support field: {key}")
KeyError: 'EventItem does not support field: uuid'
[2026-01-28T22:21:41.920+0000] {docker.py:429} INFO - 2026-01-28 22:21:41 [scrapy.core.engine] DEBUG: Crawled (200) <GET https://zero.eu/it/eventi/357307-gianni-berengo-gardin-lo-studio-di-giorgio-di-morandi,milano/> (referer: https://zero.eu/api/v2/events?per_page=100&citta=12&_embed=true)
[2026-01-28T22:21:42.026+0000] {docker.py:429} INFO - 2026-01-28 22:21:42 [scrapy.core.scraper] ERROR: Spider error processing <GET https://zero.eu/it/eventi/357307-gianni-berengo-gardin-lo-studio-di-giorgio-di-morandi,milano/> (referer: https://zero.eu/api/v2/events?per_page=100&citta=12&_embed=true)
Traceback (most recent call last):
  File "/usr/local/lib/python3.11/site-packages/scrapy/utils/defer.py", line 355, in iter_errback
    yield next(it)
          ^^^^^^^^
  File "/usr/local/lib/python3.11/site-packages/scrapy/utils/python.py", line 311, in __next__
    return next(self.data)
           ^^^^^^^^^^^^^^^
  File "/usr/local/lib/python3.11/site-packages/scrapy/utils/python.py", line 311, in __next__
    return next(self.data)
           ^^^^^^^^^^^^^^^
  File "/usr/local/lib/python3.11/site-packages/scrapy/core/spidermw.py", line 183, in process_sync
    self._process_spider_exception(
  File "/usr/local/lib/python3.11/site-packages/scrapy/core/spidermw.py", line 256, in _process_spider_exception
    raise exception
  File "/usr/local/lib/python3.11/site-packages/scrapy/core/spidermw.py", line 179, in process_sync
    yield from iterable
  File "/usr/local/lib/python3.11/site-packages/scrapy/spidermiddlewares/base.py", line 60, in process_spider_output
    for o in result:
  File "/usr/local/lib/python3.11/site-packages/scrapy/core/spidermw.py", line 183, in process_sync
    self._process_spider_exception(
  File "/usr/local/lib/python3.11/site-packages/scrapy/core/spidermw.py", line 256, in _process_spider_exception
    raise exception
  File "/usr/local/lib/python3.11/site-packages/scrapy/core/spidermw.py", line 179, in process_sync
    yield from iterable
  File "/usr/local/lib/python3.11/site-packages/scrapy/spidermiddlewares/base.py", line 60, in process_spider_output
    for o in result:
  File "/usr/local/lib/python3.11/site-packages/scrapy/core/spidermw.py", line 183, in process_sync
    self._process_spider_exception(
  File "/usr/local/lib/python3.11/site-packages/scrapy/core/spidermw.py", line 256, in _process_spider_exception
    raise exception
  File "/usr/local/lib/python3.11/site-packages/scrapy/core/spidermw.py", line 179, in process_sync
    yield from iterable
  File "/usr/local/lib/python3.11/site-packages/scrapy/spidermiddlewares/base.py", line 60, in process_spider_output
    for o in result:
  File "/usr/local/lib/python3.11/site-packages/scrapy/core/spidermw.py", line 183, in process_sync
    self._process_spider_exception(
  File "/usr/local/lib/python3.11/site-packages/scrapy/core/spidermw.py", line 256, in _process_spider_exception
    raise exception
  File "/usr/local/lib/python3.11/site-packages/scrapy/core/spidermw.py", line 179, in process_sync
    yield from iterable
  File "/usr/local/lib/python3.11/site-packages/scrapy/spidermiddlewares/depth.py", line 61, in process_spider_output
    yield from super().process_spider_output(response, result)
  File "/usr/local/lib/python3.11/site-packages/scrapy/spidermiddlewares/base.py", line 60, in process_spider_output
    for o in result:
  File "/usr/local/lib/python3.11/site-packages/scrapy/core/spidermw.py", line 183, in process_sync
    self._process_spider_exception(
  File "/usr/local/lib/python3.11/site-packages/scrapy/core/spidermw.py", line 256, in _process_spider_exception
    raise exception
  File "/usr/local/lib/python3.11/site-packages/scrapy/core/spidermw.py", line 179, in process_sync
    yield from iterable
  File "/app/zero_eu/zero_scraper/spiders/events_spider.py", line 227, in parse_event_page
    item["uuid"] = hashlib.sha256(uuid_string.encode('utf-8')).hexdigest()[:16]
    ~~~~^^^^^^^^
  File "/usr/local/lib/python3.11/site-packages/scrapy/item.py", line 98, in __setitem__
    raise KeyError(f"{self.__class__.__name__} does not support field: {key}")
KeyError: 'EventItem does not support field: uuid'
[2026-01-28T22:21:43.178+0000] {docker.py:429} INFO - 2026-01-28 22:21:43 [scrapy.core.engine] DEBUG: Crawled (200) <GET https://zero.eu/it/eventi/357639-oltre-teatro-studio-melato,milano/> (referer: https://zero.eu/api/v2/events?per_page=100&citta=12&_embed=true)
[2026-01-28T22:21:43.283+0000] {docker.py:429} INFO - 2026-01-28 22:21:43 [scrapy.core.scraper] ERROR: Spider error processing <GET https://zero.eu/it/eventi/357639-oltre-teatro-studio-melato,milano/> (referer: https://zero.eu/api/v2/events?per_page=100&citta=12&_embed=true)
Traceback (most recent call last):
  File "/usr/local/lib/python3.11/site-packages/scrapy/utils/defer.py", line 355, in iter_errback
    yield next(it)
          ^^^^^^^^
  File "/usr/local/lib/python3.11/site-packages/scrapy/utils/python.py", line 311, in __next__
    return next(self.data)
           ^^^^^^^^^^^^^^^
  File "/usr/local/lib/python3.11/site-packages/scrapy/utils/python.py", line 311, in __next__
    return next(self.data)
           ^^^^^^^^^^^^^^^
  File "/usr/local/lib/python3.11/site-packages/scrapy/core/spidermw.py", line 183, in process_sync
    self._process_spider_exception(
  File "/usr/local/lib/python3.11/site-packages/scrapy/core/spidermw.py", line 256, in _process_spider_exception
    raise exception
  File "/usr/local/lib/python3.11/site-packages/scrapy/core/spidermw.py", line 179, in process_sync
    yield from iterable
  File "/usr/local/lib/python3.11/site-packages/scrapy/spidermiddlewares/base.py", line 60, in process_spider_output
    for o in result:
  File "/usr/local/lib/python3.11/site-packages/scrapy/core/spidermw.py", line 183, in process_sync
    self._process_spider_exception(
  File "/usr/local/lib/python3.11/site-packages/scrapy/core/spidermw.py", line 256, in _process_spider_exception
    raise exception
  File "/usr/local/lib/python3.11/site-packages/scrapy/core/spidermw.py", line 179, in process_sync
    yield from iterable
  File "/usr/local/lib/python3.11/site-packages/scrapy/spidermiddlewares/base.py", line 60, in process_spider_output
    for o in result:
  File "/usr/local/lib/python3.11/site-packages/scrapy/core/spidermw.py", line 183, in process_sync
    self._process_spider_exception(
  File "/usr/local/lib/python3.11/site-packages/scrapy/core/spidermw.py", line 256, in _process_spider_exception
    raise exception
  File "/usr/local/lib/python3.11/site-packages/scrapy/core/spidermw.py", line 179, in process_sync
    yield from iterable
  File "/usr/local/lib/python3.11/site-packages/scrapy/spidermiddlewares/base.py", line 60, in process_spider_output
    for o in result:
  File "/usr/local/lib/python3.11/site-packages/scrapy/core/spidermw.py", line 183, in process_sync
    self._process_spider_exception(
  File "/usr/local/lib/python3.11/site-packages/scrapy/core/spidermw.py", line 256, in _process_spider_exception
    raise exception
  File "/usr/local/lib/python3.11/site-packages/scrapy/core/spidermw.py", line 179, in process_sync
    yield from iterable
  File "/usr/local/lib/python3.11/site-packages/scrapy/spidermiddlewares/depth.py", line 61, in process_spider_output
    yield from super().process_spider_output(response, result)
  File "/usr/local/lib/python3.11/site-packages/scrapy/spidermiddlewares/base.py", line 60, in process_spider_output
    for o in result:
  File "/usr/local/lib/python3.11/site-packages/scrapy/core/spidermw.py", line 183, in process_sync
    self._process_spider_exception(
  File "/usr/local/lib/python3.11/site-packages/scrapy/core/spidermw.py", line 256, in _process_spider_exception
    raise exception
  File "/usr/local/lib/python3.11/site-packages/scrapy/core/spidermw.py", line 179, in process_sync
    yield from iterable
  File "/app/zero_eu/zero_scraper/spiders/events_spider.py", line 227, in parse_event_page
    item["uuid"] = hashlib.sha256(uuid_string.encode('utf-8')).hexdigest()[:16]
    ~~~~^^^^^^^^
  File "/usr/local/lib/python3.11/site-packages/scrapy/item.py", line 98, in __setitem__
    raise KeyError(f"{self.__class__.__name__} does not support field: {key}")
KeyError: 'EventItem does not support field: uuid'
[2026-01-28T22:21:44.061+0000] {docker.py:429} INFO - 2026-01-28 22:21:44 [scrapy.core.engine] DEBUG: Crawled (200) <GET https://zero.eu/it/eventi/357973-metafisica-metafisiche-milano-metafisica,milano/> (referer: https://zero.eu/api/v2/events?per_page=100&citta=12&_embed=true)
[2026-01-28T22:21:44.166+0000] {docker.py:429} INFO - 2026-01-28 22:21:44 [scrapy.core.scraper] ERROR: Spider error processing <GET https://zero.eu/it/eventi/357973-metafisica-metafisiche-milano-metafisica,milano/> (referer: https://zero.eu/api/v2/events?per_page=100&citta=12&_embed=true)
Traceback (most recent call last):
  File "/usr/local/lib/python3.11/site-packages/scrapy/utils/defer.py", line 355, in iter_errback
    yield next(it)
          ^^^^^^^^
  File "/usr/local/lib/python3.11/site-packages/scrapy/utils/python.py", line 311, in __next__
    return next(self.data)
           ^^^^^^^^^^^^^^^
  File "/usr/local/lib/python3.11/site-packages/scrapy/utils/python.py", line 311, in __next__
    return next(self.data)
           ^^^^^^^^^^^^^^^
  File "/usr/local/lib/python3.11/site-packages/scrapy/core/spidermw.py", line 183, in process_sync
    self._process_spider_exception(
  File "/usr/local/lib/python3.11/site-packages/scrapy/core/spidermw.py", line 256, in _process_spider_exception
    raise exception
  File "/usr/local/lib/python3.11/site-packages/scrapy/core/spidermw.py", line 179, in process_sync
    yield from iterable
  File "/usr/local/lib/python3.11/site-packages/scrapy/spidermiddlewares/base.py", line 60, in process_spider_output
    for o in result:
  File "/usr/local/lib/python3.11/site-packages/scrapy/core/spidermw.py", line 183, in process_sync
    self._process_spider_exception(
  File "/usr/local/lib/python3.11/site-packages/scrapy/core/spidermw.py", line 256, in _process_spider_exception
    raise exception
  File "/usr/local/lib/python3.11/site-packages/scrapy/core/spidermw.py", line 179, in process_sync
    yield from iterable
  File "/usr/local/lib/python3.11/site-packages/scrapy/spidermiddlewares/base.py", line 60, in process_spider_output
    for o in result:
  File "/usr/local/lib/python3.11/site-packages/scrapy/core/spidermw.py", line 183, in process_sync
    self._process_spider_exception(
  File "/usr/local/lib/python3.11/site-packages/scrapy/core/spidermw.py", line 256, in _process_spider_exception
    raise exception
  File "/usr/local/lib/python3.11/site-packages/scrapy/core/spidermw.py", line 179, in process_sync
    yield from iterable
  File "/usr/local/lib/python3.11/site-packages/scrapy/spidermiddlewares/base.py", line 60, in process_spider_output
    for o in result:
  File "/usr/local/lib/python3.11/site-packages/scrapy/core/spidermw.py", line 183, in process_sync
    self._process_spider_exception(
  File "/usr/local/lib/python3.11/site-packages/scrapy/core/spidermw.py", line 256, in _process_spider_exception
    raise exception
  File "/usr/local/lib/python3.11/site-packages/scrapy/core/spidermw.py", line 179, in process_sync
    yield from iterable
  File "/usr/local/lib/python3.11/site-packages/scrapy/spidermiddlewares/depth.py", line 61, in process_spider_output
    yield from super().process_spider_output(response, result)
  File "/usr/local/lib/python3.11/site-packages/scrapy/spidermiddlewares/base.py", line 60, in process_spider_output
    for o in result:
  File "/usr/local/lib/python3.11/site-packages/scrapy/core/spidermw.py", line 183, in process_sync
    self._process_spider_exception(
  File "/usr/local/lib/python3.11/site-packages/scrapy/core/spidermw.py", line 256, in _process_spider_exception
    raise exception
  File "/usr/local/lib/python3.11/site-packages/scrapy/core/spidermw.py", line 179, in process_sync
    yield from iterable
  File "/app/zero_eu/zero_scraper/spiders/events_spider.py", line 227, in parse_event_page
    item["uuid"] = hashlib.sha256(uuid_string.encode('utf-8')).hexdigest()[:16]
    ~~~~^^^^^^^^
  File "/usr/local/lib/python3.11/site-packages/scrapy/item.py", line 98, in __setitem__
    raise KeyError(f"{self.__class__.__name__} does not support field: {key}")
KeyError: 'EventItem does not support field: uuid'
[2026-01-28T22:21:44.946+0000] {docker.py:429} INFO - 2026-01-28 22:21:44 [scrapy.core.engine] DEBUG: Crawled (200) <GET https://zero.eu/it/eventi/357975-white-out-the-future-of-winter-sports,milano/> (referer: https://zero.eu/api/v2/events?per_page=100&citta=12&_embed=true)
[2026-01-28T22:21:45.051+0000] {docker.py:429} INFO - 2026-01-28 22:21:45 [scrapy.core.scraper] ERROR: Spider error processing <GET https://zero.eu/it/eventi/357975-white-out-the-future-of-winter-sports,milano/> (referer: https://zero.eu/api/v2/events?per_page=100&citta=12&_embed=true)
Traceback (most recent call last):
  File "/usr/local/lib/python3.11/site-packages/scrapy/utils/defer.py", line 355, in iter_errback
    yield next(it)
          ^^^^^^^^
  File "/usr/local/lib/python3.11/site-packages/scrapy/utils/python.py", line 311, in __next__
    return next(self.data)
           ^^^^^^^^^^^^^^^
  File "/usr/local/lib/python3.11/site-packages/scrapy/utils/python.py", line 311, in __next__
    return next(self.data)
           ^^^^^^^^^^^^^^^
  File "/usr/local/lib/python3.11/site-packages/scrapy/core/spidermw.py", line 183, in process_sync
    self._process_spider_exception(
  File "/usr/local/lib/python3.11/site-packages/scrapy/core/spidermw.py", line 256, in _process_spider_exception
    raise exception
  File "/usr/local/lib/python3.11/site-packages/scrapy/core/spidermw.py", line 179, in process_sync
    yield from iterable
  File "/usr/local/lib/python3.11/site-packages/scrapy/spidermiddlewares/base.py", line 60, in process_spider_output
    for o in result:
  File "/usr/local/lib/python3.11/site-packages/scrapy/core/spidermw.py", line 183, in process_sync
    self._process_spider_exception(
  File "/usr/local/lib/python3.11/site-packages/scrapy/core/spidermw.py", line 256, in _process_spider_exception
    raise exception
  File "/usr/local/lib/python3.11/site-packages/scrapy/core/spidermw.py", line 179, in process_sync
    yield from iterable
  File "/usr/local/lib/python3.11/site-packages/scrapy/spidermiddlewares/base.py", line 60, in process_spider_output
    for o in result:
  File "/usr/local/lib/python3.11/site-packages/scrapy/core/spidermw.py", line 183, in process_sync
    self._process_spider_exception(
  File "/usr/local/lib/python3.11/site-packages/scrapy/core/spidermw.py", line 256, in _process_spider_exception
    raise exception
  File "/usr/local/lib/python3.11/site-packages/scrapy/core/spidermw.py", line 179, in process_sync
    yield from iterable
  File "/usr/local/lib/python3.11/site-packages/scrapy/spidermiddlewares/base.py", line 60, in process_spider_output
    for o in result:
  File "/usr/local/lib/python3.11/site-packages/scrapy/core/spidermw.py", line 183, in process_sync
    self._process_spider_exception(
  File "/usr/local/lib/python3.11/site-packages/scrapy/core/spidermw.py", line 256, in _process_spider_exception
    raise exception
  File "/usr/local/lib/python3.11/site-packages/scrapy/core/spidermw.py", line 179, in process_sync
    yield from iterable
  File "/usr/local/lib/python3.11/site-packages/scrapy/spidermiddlewares/depth.py", line 61, in process_spider_output
    yield from super().process_spider_output(response, result)
  File "/usr/local/lib/python3.11/site-packages/scrapy/spidermiddlewares/base.py", line 60, in process_spider_output
    for o in result:
  File "/usr/local/lib/python3.11/site-packages/scrapy/core/spidermw.py", line 183, in process_sync
    self._process_spider_exception(
  File "/usr/local/lib/python3.11/site-packages/scrapy/core/spidermw.py", line 256, in _process_spider_exception
    raise exception
  File "/usr/local/lib/python3.11/site-packages/scrapy/core/spidermw.py", line 179, in process_sync
    yield from iterable
  File "/app/zero_eu/zero_scraper/spiders/events_spider.py", line 227, in parse_event_page
    item["uuid"] = hashlib.sha256(uuid_string.encode('utf-8')).hexdigest()[:16]
    ~~~~^^^^^^^^
  File "/usr/local/lib/python3.11/site-packages/scrapy/item.py", line 98, in __setitem__
    raise KeyError(f"{self.__class__.__name__} does not support field: {key}")
KeyError: 'EventItem does not support field: uuid'
[2026-01-28T22:21:45.811+0000] {docker.py:429} INFO - 2026-01-28 22:21:45 [scrapy.core.engine] DEBUG: Crawled (200) <GET https://zero.eu/it/eventi/358231-stand-up-comedy-roma-2026-b-folk-2,roma/> (referer: https://zero.eu/api/v2/events?per_page=100&citta=12&_embed=true)
[2026-01-28T22:21:45.915+0000] {docker.py:429} INFO - 2026-01-28 22:21:45 [scrapy.core.scraper] ERROR: Spider error processing <GET https://zero.eu/it/eventi/358231-stand-up-comedy-roma-2026-b-folk-2,roma/> (referer: https://zero.eu/api/v2/events?per_page=100&citta=12&_embed=true)
Traceback (most recent call last):
  File "/usr/local/lib/python3.11/site-packages/scrapy/utils/defer.py", line 355, in iter_errback
    yield next(it)
          ^^^^^^^^
  File "/usr/local/lib/python3.11/site-packages/scrapy/utils/python.py", line 311, in __next__
    return next(self.data)
           ^^^^^^^^^^^^^^^
  File "/usr/local/lib/python3.11/site-packages/scrapy/utils/python.py", line 311, in __next__
    return next(self.data)
           ^^^^^^^^^^^^^^^
  File "/usr/local/lib/python3.11/site-packages/scrapy/core/spidermw.py", line 183, in process_sync
    self._process_spider_exception(
  File "/usr/local/lib/python3.11/site-packages/scrapy/core/spidermw.py", line 256, in _process_spider_exception
    raise exception
  File "/usr/local/lib/python3.11/site-packages/scrapy/core/spidermw.py", line 179, in process_sync
    yield from iterable
  File "/usr/local/lib/python3.11/site-packages/scrapy/spidermiddlewares/base.py", line 60, in process_spider_output
    for o in result:
  File "/usr/local/lib/python3.11/site-packages/scrapy/core/spidermw.py", line 183, in process_sync
    self._process_spider_exception(
  File "/usr/local/lib/python3.11/site-packages/scrapy/core/spidermw.py", line 256, in _process_spider_exception
    raise exception
  File "/usr/local/lib/python3.11/site-packages/scrapy/core/spidermw.py", line 179, in process_sync
    yield from iterable
  File "/usr/local/lib/python3.11/site-packages/scrapy/spidermiddlewares/base.py", line 60, in process_spider_output
    for o in result:
  File "/usr/local/lib/python3.11/site-packages/scrapy/core/spidermw.py", line 183, in process_sync
    self._process_spider_exception(
  File "/usr/local/lib/python3.11/site-packages/scrapy/core/spidermw.py", line 256, in _process_spider_exception
    raise exception
  File "/usr/local/lib/python3.11/site-packages/scrapy/core/spidermw.py", line 179, in process_sync
    yield from iterable
  File "/usr/local/lib/python3.11/site-packages/scrapy/spidermiddlewares/base.py", line 60, in process_spider_output
    for o in result:
  File "/usr/local/lib/python3.11/site-packages/scrapy/core/spidermw.py", line 183, in process_sync
    self._process_spider_exception(
  File "/usr/local/lib/python3.11/site-packages/scrapy/core/spidermw.py", line 256, in _process_spider_exception
    raise exception
  File "/usr/local/lib/python3.11/site-packages/scrapy/core/spidermw.py", line 179, in process_sync
    yield from iterable
  File "/usr/local/lib/python3.11/site-packages/scrapy/spidermiddlewares/depth.py", line 61, in process_spider_output
    yield from super().process_spider_output(response, result)
  File "/usr/local/lib/python3.11/site-packages/scrapy/spidermiddlewares/base.py", line 60, in process_spider_output
    for o in result:
  File "/usr/local/lib/python3.11/site-packages/scrapy/core/spidermw.py", line 183, in process_sync
    self._process_spider_exception(
  File "/usr/local/lib/python3.11/site-packages/scrapy/core/spidermw.py", line 256, in _process_spider_exception
    raise exception
  File "/usr/local/lib/python3.11/site-packages/scrapy/core/spidermw.py", line 179, in process_sync
    yield from iterable
  File "/app/zero_eu/zero_scraper/spiders/events_spider.py", line 227, in parse_event_page
    item["uuid"] = hashlib.sha256(uuid_string.encode('utf-8')).hexdigest()[:16]
    ~~~~^^^^^^^^
  File "/usr/local/lib/python3.11/site-packages/scrapy/item.py", line 98, in __setitem__
    raise KeyError(f"{self.__class__.__name__} does not support field: {key}")
KeyError: 'EventItem does not support field: uuid'
[2026-01-28T22:21:46.706+0000] {docker.py:429} INFO - 2026-01-28 22:21:46 [scrapy.core.engine] DEBUG: Crawled (200) <GET https://zero.eu/it/eventi/359172-alien-alien-piano,roma/> (referer: https://zero.eu/api/v2/events?per_page=100&citta=12&_embed=true)
[2026-01-28T22:21:46.813+0000] {docker.py:429} INFO - 2026-01-28 22:21:46 [scrapy.core.scraper] ERROR: Spider error processing <GET https://zero.eu/it/eventi/359172-alien-alien-piano,roma/> (referer: https://zero.eu/api/v2/events?per_page=100&citta=12&_embed=true)
Traceback (most recent call last):
  File "/usr/local/lib/python3.11/site-packages/scrapy/utils/defer.py", line 355, in iter_errback
    yield next(it)
          ^^^^^^^^
  File "/usr/local/lib/python3.11/site-packages/scrapy/utils/python.py", line 311, in __next__
    return next(self.data)
           ^^^^^^^^^^^^^^^
  File "/usr/local/lib/python3.11/site-packages/scrapy/utils/python.py", line 311, in __next__
    return next(self.data)
           ^^^^^^^^^^^^^^^
  File "/usr/local/lib/python3.11/site-packages/scrapy/core/spidermw.py", line 183, in process_sync
    self._process_spider_exception(
  File "/usr/local/lib/python3.11/site-packages/scrapy/core/spidermw.py", line 256, in _process_spider_exception
    raise exception
  File "/usr/local/lib/python3.11/site-packages/scrapy/core/spidermw.py", line 179, in process_sync
    yield from iterable
  File "/usr/local/lib/python3.11/site-packages/scrapy/spidermiddlewares/base.py", line 60, in process_spider_output
    for o in result:
  File "/usr/local/lib/python3.11/site-packages/scrapy/core/spidermw.py", line 183, in process_sync
    self._process_spider_exception(
  File "/usr/local/lib/python3.11/site-packages/scrapy/core/spidermw.py", line 256, in _process_spider_exception
    raise exception
  File "/usr/local/lib/python3.11/site-packages/scrapy/core/spidermw.py", line 179, in process_sync
    yield from iterable
  File "/usr/local/lib/python3.11/site-packages/scrapy/spidermiddlewares/base.py", line 60, in process_spider_output
    for o in result:
  File "/usr/local/lib/python3.11/site-packages/scrapy/core/spidermw.py", line 183, in process_sync
    self._process_spider_exception(
  File "/usr/local/lib/python3.11/site-packages/scrapy/core/spidermw.py", line 256, in _process_spider_exception
    raise exception
  File "/usr/local/lib/python3.11/site-packages/scrapy/core/spidermw.py", line 179, in process_sync
    yield from iterable
  File "/usr/local/lib/python3.11/site-packages/scrapy/spidermiddlewares/base.py", line 60, in process_spider_output
    for o in result:
  File "/usr/local/lib/python3.11/site-packages/scrapy/core/spidermw.py", line 183, in process_sync
    self._process_spider_exception(
  File "/usr/local/lib/python3.11/site-packages/scrapy/core/spidermw.py", line 256, in _process_spider_exception
    raise exception
  File "/usr/local/lib/python3.11/site-packages/scrapy/core/spidermw.py", line 179, in process_sync
    yield from iterable
  File "/usr/local/lib/python3.11/site-packages/scrapy/spidermiddlewares/depth.py", line 61, in process_spider_output
    yield from super().process_spider_output(response, result)
  File "/usr/local/lib/python3.11/site-packages/scrapy/spidermiddlewares/base.py", line 60, in process_spider_output
    for o in result:
  File "/usr/local/lib/python3.11/site-packages/scrapy/core/spidermw.py", line 183, in process_sync
    self._process_spider_exception(
  File "/usr/local/lib/python3.11/site-packages/scrapy/core/spidermw.py", line 256, in _process_spider_exception
    raise exception
  File "/usr/local/lib/python3.11/site-packages/scrapy/core/spidermw.py", line 179, in process_sync
    yield from iterable
  File "/app/zero_eu/zero_scraper/spiders/events_spider.py", line 227, in parse_event_page
    item["uuid"] = hashlib.sha256(uuid_string.encode('utf-8')).hexdigest()[:16]
    ~~~~^^^^^^^^
  File "/usr/local/lib/python3.11/site-packages/scrapy/item.py", line 98, in __setitem__
    raise KeyError(f"{self.__class__.__name__} does not support field: {key}")
KeyError: 'EventItem does not support field: uuid'
[2026-01-28T22:21:47.713+0000] {docker.py:429} INFO - 2026-01-28 22:21:47 [scrapy.core.engine] DEBUG: Crawled (200) <GET https://zero.eu/it/eventi/358417-rome-as-you-are,roma/> (referer: https://zero.eu/api/v2/events?per_page=100&citta=12&_embed=true)
[2026-01-28T22:21:47.818+0000] {docker.py:429} INFO - 2026-01-28 22:21:47 [scrapy.core.scraper] ERROR: Spider error processing <GET https://zero.eu/it/eventi/358417-rome-as-you-are,roma/> (referer: https://zero.eu/api/v2/events?per_page=100&citta=12&_embed=true)
Traceback (most recent call last):
  File "/usr/local/lib/python3.11/site-packages/scrapy/utils/defer.py", line 355, in iter_errback
    yield next(it)
          ^^^^^^^^
  File "/usr/local/lib/python3.11/site-packages/scrapy/utils/python.py", line 311, in __next__
    return next(self.data)
           ^^^^^^^^^^^^^^^
  File "/usr/local/lib/python3.11/site-packages/scrapy/utils/python.py", line 311, in __next__
    return next(self.data)
           ^^^^^^^^^^^^^^^
  File "/usr/local/lib/python3.11/site-packages/scrapy/core/spidermw.py", line 183, in process_sync
    self._process_spider_exception(
  File "/usr/local/lib/python3.11/site-packages/scrapy/core/spidermw.py", line 256, in _process_spider_exception
    raise exception
  File "/usr/local/lib/python3.11/site-packages/scrapy/core/spidermw.py", line 179, in process_sync
    yield from iterable
  File "/usr/local/lib/python3.11/site-packages/scrapy/spidermiddlewares/base.py", line 60, in process_spider_output
    for o in result:
  File "/usr/local/lib/python3.11/site-packages/scrapy/core/spidermw.py", line 183, in process_sync
    self._process_spider_exception(
  File "/usr/local/lib/python3.11/site-packages/scrapy/core/spidermw.py", line 256, in _process_spider_exception
    raise exception
  File "/usr/local/lib/python3.11/site-packages/scrapy/core/spidermw.py", line 179, in process_sync
    yield from iterable
  File "/usr/local/lib/python3.11/site-packages/scrapy/spidermiddlewares/base.py", line 60, in process_spider_output
    for o in result:
  File "/usr/local/lib/python3.11/site-packages/scrapy/core/spidermw.py", line 183, in process_sync
    self._process_spider_exception(
  File "/usr/local/lib/python3.11/site-packages/scrapy/core/spidermw.py", line 256, in _process_spider_exception
    raise exception
  File "/usr/local/lib/python3.11/site-packages/scrapy/core/spidermw.py", line 179, in process_sync
    yield from iterable
  File "/usr/local/lib/python3.11/site-packages/scrapy/spidermiddlewares/base.py", line 60, in process_spider_output
    for o in result:
  File "/usr/local/lib/python3.11/site-packages/scrapy/core/spidermw.py", line 183, in process_sync
    self._process_spider_exception(
  File "/usr/local/lib/python3.11/site-packages/scrapy/core/spidermw.py", line 256, in _process_spider_exception
    raise exception
  File "/usr/local/lib/python3.11/site-packages/scrapy/core/spidermw.py", line 179, in process_sync
    yield from iterable
  File "/usr/local/lib/python3.11/site-packages/scrapy/spidermiddlewares/depth.py", line 61, in process_spider_output
    yield from super().process_spider_output(response, result)
  File "/usr/local/lib/python3.11/site-packages/scrapy/spidermiddlewares/base.py", line 60, in process_spider_output
    for o in result:
  File "/usr/local/lib/python3.11/site-packages/scrapy/core/spidermw.py", line 183, in process_sync
    self._process_spider_exception(
  File "/usr/local/lib/python3.11/site-packages/scrapy/core/spidermw.py", line 256, in _process_spider_exception
    raise exception
  File "/usr/local/lib/python3.11/site-packages/scrapy/core/spidermw.py", line 179, in process_sync
    yield from iterable
  File "/app/zero_eu/zero_scraper/spiders/events_spider.py", line 227, in parse_event_page
    item["uuid"] = hashlib.sha256(uuid_string.encode('utf-8')).hexdigest()[:16]
    ~~~~^^^^^^^^
  File "/usr/local/lib/python3.11/site-packages/scrapy/item.py", line 98, in __setitem__
    raise KeyError(f"{self.__class__.__name__} does not support field: {key}")
KeyError: 'EventItem does not support field: uuid'
[2026-01-28T22:21:48.615+0000] {docker.py:429} INFO - 2026-01-28 22:21:48 [scrapy.core.engine] DEBUG: Crawled (200) <GET https://zero.eu/it/eventi/358434-zu-santeria-toscana-2,milano/> (referer: https://zero.eu/api/v2/events?per_page=100&citta=12&_embed=true)
[2026-01-28T22:21:48.720+0000] {docker.py:429} INFO - 2026-01-28 22:21:48 [scrapy.core.scraper] ERROR: Spider error processing <GET https://zero.eu/it/eventi/358434-zu-santeria-toscana-2,milano/> (referer: https://zero.eu/api/v2/events?per_page=100&citta=12&_embed=true)
Traceback (most recent call last):
  File "/usr/local/lib/python3.11/site-packages/scrapy/utils/defer.py", line 355, in iter_errback
    yield next(it)
          ^^^^^^^^
  File "/usr/local/lib/python3.11/site-packages/scrapy/utils/python.py", line 311, in __next__
    return next(self.data)
           ^^^^^^^^^^^^^^^
  File "/usr/local/lib/python3.11/site-packages/scrapy/utils/python.py", line 311, in __next__
    return next(self.data)
           ^^^^^^^^^^^^^^^
  File "/usr/local/lib/python3.11/site-packages/scrapy/core/spidermw.py", line 183, in process_sync
    self._process_spider_exception(
  File "/usr/local/lib/python3.11/site-packages/scrapy/core/spidermw.py", line 256, in _process_spider_exception
    raise exception
  File "/usr/local/lib/python3.11/site-packages/scrapy/core/spidermw.py", line 179, in process_sync
    yield from iterable
  File "/usr/local/lib/python3.11/site-packages/scrapy/spidermiddlewares/base.py", line 60, in process_spider_output
    for o in result:
  File "/usr/local/lib/python3.11/site-packages/scrapy/core/spidermw.py", line 183, in process_sync
    self._process_spider_exception(
  File "/usr/local/lib/python3.11/site-packages/scrapy/core/spidermw.py", line 256, in _process_spider_exception
    raise exception
  File "/usr/local/lib/python3.11/site-packages/scrapy/core/spidermw.py", line 179, in process_sync
    yield from iterable
  File "/usr/local/lib/python3.11/site-packages/scrapy/spidermiddlewares/base.py", line 60, in process_spider_output
    for o in result:
  File "/usr/local/lib/python3.11/site-packages/scrapy/core/spidermw.py", line 183, in process_sync
    self._process_spider_exception(
  File "/usr/local/lib/python3.11/site-packages/scrapy/core/spidermw.py", line 256, in _process_spider_exception
    raise exception
  File "/usr/local/lib/python3.11/site-packages/scrapy/core/spidermw.py", line 179, in process_sync
    yield from iterable
  File "/usr/local/lib/python3.11/site-packages/scrapy/spidermiddlewares/base.py", line 60, in process_spider_output
    for o in result:
  File "/usr/local/lib/python3.11/site-packages/scrapy/core/spidermw.py", line 183, in process_sync
    self._process_spider_exception(
  File "/usr/local/lib/python3.11/site-packages/scrapy/core/spidermw.py", line 256, in _process_spider_exception
    raise exception
  File "/usr/local/lib/python3.11/site-packages/scrapy/core/spidermw.py", line 179, in process_sync
    yield from iterable
  File "/usr/local/lib/python3.11/site-packages/scrapy/spidermiddlewares/depth.py", line 61, in process_spider_output
    yield from super().process_spider_output(response, result)
  File "/usr/local/lib/python3.11/site-packages/scrapy/spidermiddlewares/base.py", line 60, in process_spider_output
    for o in result:
  File "/usr/local/lib/python3.11/site-packages/scrapy/core/spidermw.py", line 183, in process_sync
    self._process_spider_exception(
  File "/usr/local/lib/python3.11/site-packages/scrapy/core/spidermw.py", line 256, in _process_spider_exception
    raise exception
  File "/usr/local/lib/python3.11/site-packages/scrapy/core/spidermw.py", line 179, in process_sync
    yield from iterable
  File "/app/zero_eu/zero_scraper/spiders/events_spider.py", line 227, in parse_event_page
    item["uuid"] = hashlib.sha256(uuid_string.encode('utf-8')).hexdigest()[:16]
    ~~~~^^^^^^^^
  File "/usr/local/lib/python3.11/site-packages/scrapy/item.py", line 98, in __setitem__
    raise KeyError(f"{self.__class__.__name__} does not support field: {key}")
KeyError: 'EventItem does not support field: uuid'
[2026-01-28T22:21:49.359+0000] {docker.py:429} INFO - 2026-01-28 22:21:49 [scrapy.core.engine] DEBUG: Crawled (200) <GET https://zero.eu/it/eventi/358483-sport-design-talk-interni-triennale,milano/> (referer: https://zero.eu/api/v2/events?per_page=100&citta=12&_embed=true)
[2026-01-28T22:21:49.463+0000] {docker.py:429} INFO - 2026-01-28 22:21:49 [scrapy.core.scraper] ERROR: Spider error processing <GET https://zero.eu/it/eventi/358483-sport-design-talk-interni-triennale,milano/> (referer: https://zero.eu/api/v2/events?per_page=100&citta=12&_embed=true)
Traceback (most recent call last):
  File "/usr/local/lib/python3.11/site-packages/scrapy/utils/defer.py", line 355, in iter_errback
    yield next(it)
          ^^^^^^^^
  File "/usr/local/lib/python3.11/site-packages/scrapy/utils/python.py", line 311, in __next__
    return next(self.data)
           ^^^^^^^^^^^^^^^
  File "/usr/local/lib/python3.11/site-packages/scrapy/utils/python.py", line 311, in __next__
    return next(self.data)
           ^^^^^^^^^^^^^^^
  File "/usr/local/lib/python3.11/site-packages/scrapy/core/spidermw.py", line 183, in process_sync
    self._process_spider_exception(
  File "/usr/local/lib/python3.11/site-packages/scrapy/core/spidermw.py", line 256, in _process_spider_exception
    raise exception
  File "/usr/local/lib/python3.11/site-packages/scrapy/core/spidermw.py", line 179, in process_sync
    yield from iterable
  File "/usr/local/lib/python3.11/site-packages/scrapy/spidermiddlewares/base.py", line 60, in process_spider_output
    for o in result:
  File "/usr/local/lib/python3.11/site-packages/scrapy/core/spidermw.py", line 183, in process_sync
    self._process_spider_exception(
  File "/usr/local/lib/python3.11/site-packages/scrapy/core/spidermw.py", line 256, in _process_spider_exception
    raise exception
  File "/usr/local/lib/python3.11/site-packages/scrapy/core/spidermw.py", line 179, in process_sync
    yield from iterable
  File "/usr/local/lib/python3.11/site-packages/scrapy/spidermiddlewares/base.py", line 60, in process_spider_output
    for o in result:
  File "/usr/local/lib/python3.11/site-packages/scrapy/core/spidermw.py", line 183, in process_sync
    self._process_spider_exception(
  File "/usr/local/lib/python3.11/site-packages/scrapy/core/spidermw.py", line 256, in _process_spider_exception
    raise exception
  File "/usr/local/lib/python3.11/site-packages/scrapy/core/spidermw.py", line 179, in process_sync
    yield from iterable
  File "/usr/local/lib/python3.11/site-packages/scrapy/spidermiddlewares/base.py", line 60, in process_spider_output
    for o in result:
  File "/usr/local/lib/python3.11/site-packages/scrapy/core/spidermw.py", line 183, in process_sync
    self._process_spider_exception(
  File "/usr/local/lib/python3.11/site-packages/scrapy/core/spidermw.py", line 256, in _process_spider_exception
    raise exception
  File "/usr/local/lib/python3.11/site-packages/scrapy/core/spidermw.py", line 179, in process_sync
    yield from iterable
  File "/usr/local/lib/python3.11/site-packages/scrapy/spidermiddlewares/depth.py", line 61, in process_spider_output
    yield from super().process_spider_output(response, result)
  File "/usr/local/lib/python3.11/site-packages/scrapy/spidermiddlewares/base.py", line 60, in process_spider_output
    for o in result:
  File "/usr/local/lib/python3.11/site-packages/scrapy/core/spidermw.py", line 183, in process_sync
    self._process_spider_exception(
  File "/usr/local/lib/python3.11/site-packages/scrapy/core/spidermw.py", line 256, in _process_spider_exception
    raise exception
  File "/usr/local/lib/python3.11/site-packages/scrapy/core/spidermw.py", line 179, in process_sync
    yield from iterable
  File "/app/zero_eu/zero_scraper/spiders/events_spider.py", line 227, in parse_event_page
    item["uuid"] = hashlib.sha256(uuid_string.encode('utf-8')).hexdigest()[:16]
    ~~~~^^^^^^^^
  File "/usr/local/lib/python3.11/site-packages/scrapy/item.py", line 98, in __setitem__
    raise KeyError(f"{self.__class__.__name__} does not support field: {key}")
KeyError: 'EventItem does not support field: uuid'
[2026-01-28T22:21:50.436+0000] {docker.py:429} INFO - 2026-01-28 22:21:50 [scrapy.core.engine] DEBUG: Crawled (200) <GET https://zero.eu/it/eventi/358577-earth-circolo-magnolia-2026,segrate/> (referer: https://zero.eu/api/v2/events?per_page=100&citta=12&_embed=true)
[2026-01-28T22:21:50.541+0000] {docker.py:429} INFO - 2026-01-28 22:21:50 [scrapy.core.scraper] ERROR: Spider error processing <GET https://zero.eu/it/eventi/358577-earth-circolo-magnolia-2026,segrate/> (referer: https://zero.eu/api/v2/events?per_page=100&citta=12&_embed=true)
Traceback (most recent call last):
  File "/usr/local/lib/python3.11/site-packages/scrapy/utils/defer.py", line 355, in iter_errback
    yield next(it)
          ^^^^^^^^
  File "/usr/local/lib/python3.11/site-packages/scrapy/utils/python.py", line 311, in __next__
    return next(self.data)
           ^^^^^^^^^^^^^^^
  File "/usr/local/lib/python3.11/site-packages/scrapy/utils/python.py", line 311, in __next__
    return next(self.data)
           ^^^^^^^^^^^^^^^
  File "/usr/local/lib/python3.11/site-packages/scrapy/core/spidermw.py", line 183, in process_sync
    self._process_spider_exception(
  File "/usr/local/lib/python3.11/site-packages/scrapy/core/spidermw.py", line 256, in _process_spider_exception
    raise exception
  File "/usr/local/lib/python3.11/site-packages/scrapy/core/spidermw.py", line 179, in process_sync
    yield from iterable
  File "/usr/local/lib/python3.11/site-packages/scrapy/spidermiddlewares/base.py", line 60, in process_spider_output
    for o in result:
  File "/usr/local/lib/python3.11/site-packages/scrapy/core/spidermw.py", line 183, in process_sync
    self._process_spider_exception(
  File "/usr/local/lib/python3.11/site-packages/scrapy/core/spidermw.py", line 256, in _process_spider_exception
    raise exception
  File "/usr/local/lib/python3.11/site-packages/scrapy/core/spidermw.py", line 179, in process_sync
    yield from iterable
  File "/usr/local/lib/python3.11/site-packages/scrapy/spidermiddlewares/base.py", line 60, in process_spider_output
    for o in result:
  File "/usr/local/lib/python3.11/site-packages/scrapy/core/spidermw.py", line 183, in process_sync
    self._process_spider_exception(
  File "/usr/local/lib/python3.11/site-packages/scrapy/core/spidermw.py", line 256, in _process_spider_exception
    raise exception
  File "/usr/local/lib/python3.11/site-packages/scrapy/core/spidermw.py", line 179, in process_sync
    yield from iterable
  File "/usr/local/lib/python3.11/site-packages/scrapy/spidermiddlewares/base.py", line 60, in process_spider_output
    for o in result:
  File "/usr/local/lib/python3.11/site-packages/scrapy/core/spidermw.py", line 183, in process_sync
    self._process_spider_exception(
  File "/usr/local/lib/python3.11/site-packages/scrapy/core/spidermw.py", line 256, in _process_spider_exception
    raise exception
  File "/usr/local/lib/python3.11/site-packages/scrapy/core/spidermw.py", line 179, in process_sync
    yield from iterable
  File "/usr/local/lib/python3.11/site-packages/scrapy/spidermiddlewares/depth.py", line 61, in process_spider_output
    yield from super().process_spider_output(response, result)
  File "/usr/local/lib/python3.11/site-packages/scrapy/spidermiddlewares/base.py", line 60, in process_spider_output
    for o in result:
  File "/usr/local/lib/python3.11/site-packages/scrapy/core/spidermw.py", line 183, in process_sync
    self._process_spider_exception(
  File "/usr/local/lib/python3.11/site-packages/scrapy/core/spidermw.py", line 256, in _process_spider_exception
    raise exception
  File "/usr/local/lib/python3.11/site-packages/scrapy/core/spidermw.py", line 179, in process_sync
    yield from iterable
  File "/app/zero_eu/zero_scraper/spiders/events_spider.py", line 227, in parse_event_page
    item["uuid"] = hashlib.sha256(uuid_string.encode('utf-8')).hexdigest()[:16]
    ~~~~^^^^^^^^
  File "/usr/local/lib/python3.11/site-packages/scrapy/item.py", line 98, in __setitem__
    raise KeyError(f"{self.__class__.__name__} does not support field: {key}")
KeyError: 'EventItem does not support field: uuid'
[2026-01-28T22:21:51.244+0000] {docker.py:429} INFO - 2026-01-28 22:21:51 [scrapy.core.engine] DEBUG: Crawled (200) <GET https://zero.eu/it/eventi/358679-ilan-manouach-tarwar,roma/> (referer: https://zero.eu/api/v2/events?per_page=100&citta=12&_embed=true)
[2026-01-28T22:21:51.350+0000] {docker.py:429} INFO - 2026-01-28 22:21:51 [scrapy.core.scraper] ERROR: Spider error processing <GET https://zero.eu/it/eventi/358679-ilan-manouach-tarwar,roma/> (referer: https://zero.eu/api/v2/events?per_page=100&citta=12&_embed=true)
Traceback (most recent call last):
  File "/usr/local/lib/python3.11/site-packages/scrapy/utils/defer.py", line 355, in iter_errback
    yield next(it)
          ^^^^^^^^
  File "/usr/local/lib/python3.11/site-packages/scrapy/utils/python.py", line 311, in __next__
    return next(self.data)
           ^^^^^^^^^^^^^^^
  File "/usr/local/lib/python3.11/site-packages/scrapy/utils/python.py", line 311, in __next__
    return next(self.data)
           ^^^^^^^^^^^^^^^
  File "/usr/local/lib/python3.11/site-packages/scrapy/core/spidermw.py", line 183, in process_sync
    self._process_spider_exception(
  File "/usr/local/lib/python3.11/site-packages/scrapy/core/spidermw.py", line 256, in _process_spider_exception
    raise exception
  File "/usr/local/lib/python3.11/site-packages/scrapy/core/spidermw.py", line 179, in process_sync
    yield from iterable
  File "/usr/local/lib/python3.11/site-packages/scrapy/spidermiddlewares/base.py", line 60, in process_spider_output
    for o in result:
  File "/usr/local/lib/python3.11/site-packages/scrapy/core/spidermw.py", line 183, in process_sync
    self._process_spider_exception(
  File "/usr/local/lib/python3.11/site-packages/scrapy/core/spidermw.py", line 256, in _process_spider_exception
    raise exception
  File "/usr/local/lib/python3.11/site-packages/scrapy/core/spidermw.py", line 179, in process_sync
    yield from iterable
  File "/usr/local/lib/python3.11/site-packages/scrapy/spidermiddlewares/base.py", line 60, in process_spider_output
    for o in result:
  File "/usr/local/lib/python3.11/site-packages/scrapy/core/spidermw.py", line 183, in process_sync
    self._process_spider_exception(
  File "/usr/local/lib/python3.11/site-packages/scrapy/core/spidermw.py", line 256, in _process_spider_exception
    raise exception
  File "/usr/local/lib/python3.11/site-packages/scrapy/core/spidermw.py", line 179, in process_sync
    yield from iterable
  File "/usr/local/lib/python3.11/site-packages/scrapy/spidermiddlewares/base.py", line 60, in process_spider_output
    for o in result:
  File "/usr/local/lib/python3.11/site-packages/scrapy/core/spidermw.py", line 183, in process_sync
    self._process_spider_exception(
  File "/usr/local/lib/python3.11/site-packages/scrapy/core/spidermw.py", line 256, in _process_spider_exception
    raise exception
  File "/usr/local/lib/python3.11/site-packages/scrapy/core/spidermw.py", line 179, in process_sync
    yield from iterable
  File "/usr/local/lib/python3.11/site-packages/scrapy/spidermiddlewares/depth.py", line 61, in process_spider_output
    yield from super().process_spider_output(response, result)
  File "/usr/local/lib/python3.11/site-packages/scrapy/spidermiddlewares/base.py", line 60, in process_spider_output
    for o in result:
  File "/usr/local/lib/python3.11/site-packages/scrapy/core/spidermw.py", line 183, in process_sync
    self._process_spider_exception(
  File "/usr/local/lib/python3.11/site-packages/scrapy/core/spidermw.py", line 256, in _process_spider_exception
    raise exception
  File "/usr/local/lib/python3.11/site-packages/scrapy/core/spidermw.py", line 179, in process_sync
    yield from iterable
  File "/app/zero_eu/zero_scraper/spiders/events_spider.py", line 227, in parse_event_page
    item["uuid"] = hashlib.sha256(uuid_string.encode('utf-8')).hexdigest()[:16]
    ~~~~^^^^^^^^
  File "/usr/local/lib/python3.11/site-packages/scrapy/item.py", line 98, in __setitem__
    raise KeyError(f"{self.__class__.__name__} does not support field: {key}")
KeyError: 'EventItem does not support field: uuid'
[2026-01-28T22:21:52.145+0000] {docker.py:429} INFO - 2026-01-28 22:21:52 [scrapy.core.engine] DEBUG: Crawled (200) <GET https://zero.eu/it/eventi/359045-federico-ferrari-ritratti,milano/> (referer: https://zero.eu/api/v2/events?per_page=100&citta=12&_embed=true)
[2026-01-28T22:21:52.249+0000] {docker.py:429} INFO - 2026-01-28 22:21:52 [scrapy.core.scraper] ERROR: Spider error processing <GET https://zero.eu/it/eventi/359045-federico-ferrari-ritratti,milano/> (referer: https://zero.eu/api/v2/events?per_page=100&citta=12&_embed=true)
Traceback (most recent call last):
  File "/usr/local/lib/python3.11/site-packages/scrapy/utils/defer.py", line 355, in iter_errback
    yield next(it)
          ^^^^^^^^
  File "/usr/local/lib/python3.11/site-packages/scrapy/utils/python.py", line 311, in __next__
    return next(self.data)
           ^^^^^^^^^^^^^^^
  File "/usr/local/lib/python3.11/site-packages/scrapy/utils/python.py", line 311, in __next__
    return next(self.data)
           ^^^^^^^^^^^^^^^
  File "/usr/local/lib/python3.11/site-packages/scrapy/core/spidermw.py", line 183, in process_sync
    self._process_spider_exception(
  File "/usr/local/lib/python3.11/site-packages/scrapy/core/spidermw.py", line 256, in _process_spider_exception
    raise exception
  File "/usr/local/lib/python3.11/site-packages/scrapy/core/spidermw.py", line 179, in process_sync
    yield from iterable
  File "/usr/local/lib/python3.11/site-packages/scrapy/spidermiddlewares/base.py", line 60, in process_spider_output
    for o in result:
  File "/usr/local/lib/python3.11/site-packages/scrapy/core/spidermw.py", line 183, in process_sync
    self._process_spider_exception(
  File "/usr/local/lib/python3.11/site-packages/scrapy/core/spidermw.py", line 256, in _process_spider_exception
    raise exception
  File "/usr/local/lib/python3.11/site-packages/scrapy/core/spidermw.py", line 179, in process_sync
    yield from iterable
  File "/usr/local/lib/python3.11/site-packages/scrapy/spidermiddlewares/base.py", line 60, in process_spider_output
    for o in result:
  File "/usr/local/lib/python3.11/site-packages/scrapy/core/spidermw.py", line 183, in process_sync
    self._process_spider_exception(
  File "/usr/local/lib/python3.11/site-packages/scrapy/core/spidermw.py", line 256, in _process_spider_exception
    raise exception
  File "/usr/local/lib/python3.11/site-packages/scrapy/core/spidermw.py", line 179, in process_sync
    yield from iterable
  File "/usr/local/lib/python3.11/site-packages/scrapy/spidermiddlewares/base.py", line 60, in process_spider_output
    for o in result:
  File "/usr/local/lib/python3.11/site-packages/scrapy/core/spidermw.py", line 183, in process_sync
    self._process_spider_exception(
  File "/usr/local/lib/python3.11/site-packages/scrapy/core/spidermw.py", line 256, in _process_spider_exception
    raise exception
  File "/usr/local/lib/python3.11/site-packages/scrapy/core/spidermw.py", line 179, in process_sync
    yield from iterable
  File "/usr/local/lib/python3.11/site-packages/scrapy/spidermiddlewares/depth.py", line 61, in process_spider_output
    yield from super().process_spider_output(response, result)
  File "/usr/local/lib/python3.11/site-packages/scrapy/spidermiddlewares/base.py", line 60, in process_spider_output
    for o in result:
  File "/usr/local/lib/python3.11/site-packages/scrapy/core/spidermw.py", line 183, in process_sync
    self._process_spider_exception(
  File "/usr/local/lib/python3.11/site-packages/scrapy/core/spidermw.py", line 256, in _process_spider_exception
    raise exception
  File "/usr/local/lib/python3.11/site-packages/scrapy/core/spidermw.py", line 179, in process_sync
    yield from iterable
  File "/app/zero_eu/zero_scraper/spiders/events_spider.py", line 227, in parse_event_page
    item["uuid"] = hashlib.sha256(uuid_string.encode('utf-8')).hexdigest()[:16]
    ~~~~^^^^^^^^
  File "/usr/local/lib/python3.11/site-packages/scrapy/item.py", line 98, in __setitem__
    raise KeyError(f"{self.__class__.__name__} does not support field: {key}")
KeyError: 'EventItem does not support field: uuid'
[2026-01-28T22:21:52.963+0000] {docker.py:429} INFO - 2026-01-28 22:21:52 [scrapy.core.engine] DEBUG: Crawled (200) <GET https://zero.eu/it/eventi/358982-collettivo-unterbahn-vocodia,bologna/> (referer: https://zero.eu/api/v2/events?per_page=100&citta=12&_embed=true)
[2026-01-28T22:21:53.067+0000] {docker.py:429} INFO - 2026-01-28 22:21:53 [scrapy.core.scraper] ERROR: Spider error processing <GET https://zero.eu/it/eventi/358982-collettivo-unterbahn-vocodia,bologna/> (referer: https://zero.eu/api/v2/events?per_page=100&citta=12&_embed=true)
Traceback (most recent call last):
  File "/usr/local/lib/python3.11/site-packages/scrapy/utils/defer.py", line 355, in iter_errback
    yield next(it)
          ^^^^^^^^
  File "/usr/local/lib/python3.11/site-packages/scrapy/utils/python.py", line 311, in __next__
    return next(self.data)
           ^^^^^^^^^^^^^^^
  File "/usr/local/lib/python3.11/site-packages/scrapy/utils/python.py", line 311, in __next__
    return next(self.data)
           ^^^^^^^^^^^^^^^
  File "/usr/local/lib/python3.11/site-packages/scrapy/core/spidermw.py", line 183, in process_sync
    self._process_spider_exception(
  File "/usr/local/lib/python3.11/site-packages/scrapy/core/spidermw.py", line 256, in _process_spider_exception
    raise exception
  File "/usr/local/lib/python3.11/site-packages/scrapy/core/spidermw.py", line 179, in process_sync
    yield from iterable
  File "/usr/local/lib/python3.11/site-packages/scrapy/spidermiddlewares/base.py", line 60, in process_spider_output
    for o in result:
  File "/usr/local/lib/python3.11/site-packages/scrapy/core/spidermw.py", line 183, in process_sync
    self._process_spider_exception(
  File "/usr/local/lib/python3.11/site-packages/scrapy/core/spidermw.py", line 256, in _process_spider_exception
    raise exception
  File "/usr/local/lib/python3.11/site-packages/scrapy/core/spidermw.py", line 179, in process_sync
    yield from iterable
  File "/usr/local/lib/python3.11/site-packages/scrapy/spidermiddlewares/base.py", line 60, in process_spider_output
    for o in result:
  File "/usr/local/lib/python3.11/site-packages/scrapy/core/spidermw.py", line 183, in process_sync
    self._process_spider_exception(
  File "/usr/local/lib/python3.11/site-packages/scrapy/core/spidermw.py", line 256, in _process_spider_exception
    raise exception
  File "/usr/local/lib/python3.11/site-packages/scrapy/core/spidermw.py", line 179, in process_sync
    yield from iterable
  File "/usr/local/lib/python3.11/site-packages/scrapy/spidermiddlewares/base.py", line 60, in process_spider_output
    for o in result:
  File "/usr/local/lib/python3.11/site-packages/scrapy/core/spidermw.py", line 183, in process_sync
    self._process_spider_exception(
  File "/usr/local/lib/python3.11/site-packages/scrapy/core/spidermw.py", line 256, in _process_spider_exception
    raise exception
  File "/usr/local/lib/python3.11/site-packages/scrapy/core/spidermw.py", line 179, in process_sync
    yield from iterable
  File "/usr/local/lib/python3.11/site-packages/scrapy/spidermiddlewares/depth.py", line 61, in process_spider_output
    yield from super().process_spider_output(response, result)
  File "/usr/local/lib/python3.11/site-packages/scrapy/spidermiddlewares/base.py", line 60, in process_spider_output
    for o in result:
  File "/usr/local/lib/python3.11/site-packages/scrapy/core/spidermw.py", line 183, in process_sync
    self._process_spider_exception(
  File "/usr/local/lib/python3.11/site-packages/scrapy/core/spidermw.py", line 256, in _process_spider_exception
    raise exception
  File "/usr/local/lib/python3.11/site-packages/scrapy/core/spidermw.py", line 179, in process_sync
    yield from iterable
  File "/app/zero_eu/zero_scraper/spiders/events_spider.py", line 227, in parse_event_page
    item["uuid"] = hashlib.sha256(uuid_string.encode('utf-8')).hexdigest()[:16]
    ~~~~^^^^^^^^
  File "/usr/local/lib/python3.11/site-packages/scrapy/item.py", line 98, in __setitem__
    raise KeyError(f"{self.__class__.__name__} does not support field: {key}")
KeyError: 'EventItem does not support field: uuid'
[2026-01-28T22:21:53.742+0000] {docker.py:429} INFO - 2026-01-28 22:21:53 [scrapy.core.engine] DEBUG: Crawled (200) <GET https://zero.eu/it/eventi/356757-carrozzeria-orfeo-misurare-il-salto-delle-rane,roma/> (referer: https://zero.eu/api/v2/events?per_page=100&citta=12&_embed=true)
[2026-01-28T22:21:53.847+0000] {docker.py:429} INFO - 2026-01-28 22:21:53 [scrapy.core.scraper] ERROR: Spider error processing <GET https://zero.eu/it/eventi/356757-carrozzeria-orfeo-misurare-il-salto-delle-rane,roma/> (referer: https://zero.eu/api/v2/events?per_page=100&citta=12&_embed=true)
Traceback (most recent call last):
  File "/usr/local/lib/python3.11/site-packages/scrapy/utils/defer.py", line 355, in iter_errback
    yield next(it)
          ^^^^^^^^
  File "/usr/local/lib/python3.11/site-packages/scrapy/utils/python.py", line 311, in __next__
    return next(self.data)
           ^^^^^^^^^^^^^^^
  File "/usr/local/lib/python3.11/site-packages/scrapy/utils/python.py", line 311, in __next__
    return next(self.data)
           ^^^^^^^^^^^^^^^
  File "/usr/local/lib/python3.11/site-packages/scrapy/core/spidermw.py", line 183, in process_sync
    self._process_spider_exception(
  File "/usr/local/lib/python3.11/site-packages/scrapy/core/spidermw.py", line 256, in _process_spider_exception
    raise exception
  File "/usr/local/lib/python3.11/site-packages/scrapy/core/spidermw.py", line 179, in process_sync
    yield from iterable
  File "/usr/local/lib/python3.11/site-packages/scrapy/spidermiddlewares/base.py", line 60, in process_spider_output
    for o in result:
  File "/usr/local/lib/python3.11/site-packages/scrapy/core/spidermw.py", line 183, in process_sync
    self._process_spider_exception(
  File "/usr/local/lib/python3.11/site-packages/scrapy/core/spidermw.py", line 256, in _process_spider_exception
    raise exception
  File "/usr/local/lib/python3.11/site-packages/scrapy/core/spidermw.py", line 179, in process_sync
    yield from iterable
  File "/usr/local/lib/python3.11/site-packages/scrapy/spidermiddlewares/base.py", line 60, in process_spider_output
    for o in result:
  File "/usr/local/lib/python3.11/site-packages/scrapy/core/spidermw.py", line 183, in process_sync
    self._process_spider_exception(
  File "/usr/local/lib/python3.11/site-packages/scrapy/core/spidermw.py", line 256, in _process_spider_exception
    raise exception
  File "/usr/local/lib/python3.11/site-packages/scrapy/core/spidermw.py", line 179, in process_sync
    yield from iterable
  File "/usr/local/lib/python3.11/site-packages/scrapy/spidermiddlewares/base.py", line 60, in process_spider_output
    for o in result:
  File "/usr/local/lib/python3.11/site-packages/scrapy/core/spidermw.py", line 183, in process_sync
    self._process_spider_exception(
  File "/usr/local/lib/python3.11/site-packages/scrapy/core/spidermw.py", line 256, in _process_spider_exception
    raise exception
  File "/usr/local/lib/python3.11/site-packages/scrapy/core/spidermw.py", line 179, in process_sync
    yield from iterable
  File "/usr/local/lib/python3.11/site-packages/scrapy/spidermiddlewares/depth.py", line 61, in process_spider_output
    yield from super().process_spider_output(response, result)
  File "/usr/local/lib/python3.11/site-packages/scrapy/spidermiddlewares/base.py", line 60, in process_spider_output
    for o in result:
  File "/usr/local/lib/python3.11/site-packages/scrapy/core/spidermw.py", line 183, in process_sync
    self._process_spider_exception(
  File "/usr/local/lib/python3.11/site-packages/scrapy/core/spidermw.py", line 256, in _process_spider_exception
    raise exception
  File "/usr/local/lib/python3.11/site-packages/scrapy/core/spidermw.py", line 179, in process_sync
    yield from iterable
  File "/app/zero_eu/zero_scraper/spiders/events_spider.py", line 227, in parse_event_page
    item["uuid"] = hashlib.sha256(uuid_string.encode('utf-8')).hexdigest()[:16]
    ~~~~^^^^^^^^
  File "/usr/local/lib/python3.11/site-packages/scrapy/item.py", line 98, in __setitem__
    raise KeyError(f"{self.__class__.__name__} does not support field: {key}")
KeyError: 'EventItem does not support field: uuid'
[2026-01-28T22:21:54.621+0000] {docker.py:429} INFO - 2026-01-28 22:21:54 [scrapy.core.engine] DEBUG: Crawled (200) <GET https://zero.eu/it/eventi/356774-gruppo-della-creta-la-stanza-di-julio-cortazar,roma/> (referer: https://zero.eu/api/v2/events?per_page=100&citta=12&_embed=true)
[2026-01-28T22:21:54.725+0000] {docker.py:429} INFO - 2026-01-28 22:21:54 [scrapy.core.scraper] ERROR: Spider error processing <GET https://zero.eu/it/eventi/356774-gruppo-della-creta-la-stanza-di-julio-cortazar,roma/> (referer: https://zero.eu/api/v2/events?per_page=100&citta=12&_embed=true)
Traceback (most recent call last):
  File "/usr/local/lib/python3.11/site-packages/scrapy/utils/defer.py", line 355, in iter_errback
    yield next(it)
          ^^^^^^^^
  File "/usr/local/lib/python3.11/site-packages/scrapy/utils/python.py", line 311, in __next__
    return next(self.data)
           ^^^^^^^^^^^^^^^
  File "/usr/local/lib/python3.11/site-packages/scrapy/utils/python.py", line 311, in __next__
    return next(self.data)
           ^^^^^^^^^^^^^^^
  File "/usr/local/lib/python3.11/site-packages/scrapy/core/spidermw.py", line 183, in process_sync
    self._process_spider_exception(
  File "/usr/local/lib/python3.11/site-packages/scrapy/core/spidermw.py", line 256, in _process_spider_exception
    raise exception
  File "/usr/local/lib/python3.11/site-packages/scrapy/core/spidermw.py", line 179, in process_sync
    yield from iterable
  File "/usr/local/lib/python3.11/site-packages/scrapy/spidermiddlewares/base.py", line 60, in process_spider_output
    for o in result:
  File "/usr/local/lib/python3.11/site-packages/scrapy/core/spidermw.py", line 183, in process_sync
    self._process_spider_exception(
  File "/usr/local/lib/python3.11/site-packages/scrapy/core/spidermw.py", line 256, in _process_spider_exception
    raise exception
  File "/usr/local/lib/python3.11/site-packages/scrapy/core/spidermw.py", line 179, in process_sync
    yield from iterable
  File "/usr/local/lib/python3.11/site-packages/scrapy/spidermiddlewares/base.py", line 60, in process_spider_output
    for o in result:
  File "/usr/local/lib/python3.11/site-packages/scrapy/core/spidermw.py", line 183, in process_sync
    self._process_spider_exception(
  File "/usr/local/lib/python3.11/site-packages/scrapy/core/spidermw.py", line 256, in _process_spider_exception
    raise exception
  File "/usr/local/lib/python3.11/site-packages/scrapy/core/spidermw.py", line 179, in process_sync
    yield from iterable
  File "/usr/local/lib/python3.11/site-packages/scrapy/spidermiddlewares/base.py", line 60, in process_spider_output
    for o in result:
  File "/usr/local/lib/python3.11/site-packages/scrapy/core/spidermw.py", line 183, in process_sync
    self._process_spider_exception(
  File "/usr/local/lib/python3.11/site-packages/scrapy/core/spidermw.py", line 256, in _process_spider_exception
    raise exception
  File "/usr/local/lib/python3.11/site-packages/scrapy/core/spidermw.py", line 179, in process_sync
    yield from iterable
  File "/usr/local/lib/python3.11/site-packages/scrapy/spidermiddlewares/depth.py", line 61, in process_spider_output
    yield from super().process_spider_output(response, result)
  File "/usr/local/lib/python3.11/site-packages/scrapy/spidermiddlewares/base.py", line 60, in process_spider_output
    for o in result:
  File "/usr/local/lib/python3.11/site-packages/scrapy/core/spidermw.py", line 183, in process_sync
    self._process_spider_exception(
  File "/usr/local/lib/python3.11/site-packages/scrapy/core/spidermw.py", line 256, in _process_spider_exception
    raise exception
  File "/usr/local/lib/python3.11/site-packages/scrapy/core/spidermw.py", line 179, in process_sync
    yield from iterable
  File "/app/zero_eu/zero_scraper/spiders/events_spider.py", line 227, in parse_event_page
    item["uuid"] = hashlib.sha256(uuid_string.encode('utf-8')).hexdigest()[:16]
    ~~~~^^^^^^^^
  File "/usr/local/lib/python3.11/site-packages/scrapy/item.py", line 98, in __setitem__
    raise KeyError(f"{self.__class__.__name__} does not support field: {key}")
KeyError: 'EventItem does not support field: uuid'
[2026-01-28T22:21:55.432+0000] {docker.py:429} INFO - 2026-01-28 22:21:55 [scrapy.core.engine] DEBUG: Crawled (200) <GET https://zero.eu/it/eventi/356997-paolo-maria-congi-il-gigante,roma/> (referer: https://zero.eu/api/v2/events?per_page=100&citta=12&_embed=true)
[2026-01-28T22:21:55.539+0000] {docker.py:429} INFO - 2026-01-28 22:21:55 [scrapy.core.scraper] ERROR: Spider error processing <GET https://zero.eu/it/eventi/356997-paolo-maria-congi-il-gigante,roma/> (referer: https://zero.eu/api/v2/events?per_page=100&citta=12&_embed=true)
Traceback (most recent call last):
  File "/usr/local/lib/python3.11/site-packages/scrapy/utils/defer.py", line 355, in iter_errback
    yield next(it)
          ^^^^^^^^
  File "/usr/local/lib/python3.11/site-packages/scrapy/utils/python.py", line 311, in __next__
    return next(self.data)
           ^^^^^^^^^^^^^^^
  File "/usr/local/lib/python3.11/site-packages/scrapy/utils/python.py", line 311, in __next__
    return next(self.data)
           ^^^^^^^^^^^^^^^
  File "/usr/local/lib/python3.11/site-packages/scrapy/core/spidermw.py", line 183, in process_sync
    self._process_spider_exception(
  File "/usr/local/lib/python3.11/site-packages/scrapy/core/spidermw.py", line 256, in _process_spider_exception
    raise exception
  File "/usr/local/lib/python3.11/site-packages/scrapy/core/spidermw.py", line 179, in process_sync
    yield from iterable
  File "/usr/local/lib/python3.11/site-packages/scrapy/spidermiddlewares/base.py", line 60, in process_spider_output
    for o in result:
  File "/usr/local/lib/python3.11/site-packages/scrapy/core/spidermw.py", line 183, in process_sync
    self._process_spider_exception(
  File "/usr/local/lib/python3.11/site-packages/scrapy/core/spidermw.py", line 256, in _process_spider_exception
    raise exception
  File "/usr/local/lib/python3.11/site-packages/scrapy/core/spidermw.py", line 179, in process_sync
    yield from iterable
  File "/usr/local/lib/python3.11/site-packages/scrapy/spidermiddlewares/base.py", line 60, in process_spider_output
    for o in result:
  File "/usr/local/lib/python3.11/site-packages/scrapy/core/spidermw.py", line 183, in process_sync
    self._process_spider_exception(
  File "/usr/local/lib/python3.11/site-packages/scrapy/core/spidermw.py", line 256, in _process_spider_exception
    raise exception
  File "/usr/local/lib/python3.11/site-packages/scrapy/core/spidermw.py", line 179, in process_sync
    yield from iterable
  File "/usr/local/lib/python3.11/site-packages/scrapy/spidermiddlewares/base.py", line 60, in process_spider_output
    for o in result:
  File "/usr/local/lib/python3.11/site-packages/scrapy/core/spidermw.py", line 183, in process_sync
    self._process_spider_exception(
  File "/usr/local/lib/python3.11/site-packages/scrapy/core/spidermw.py", line 256, in _process_spider_exception
    raise exception
  File "/usr/local/lib/python3.11/site-packages/scrapy/core/spidermw.py", line 179, in process_sync
    yield from iterable
  File "/usr/local/lib/python3.11/site-packages/scrapy/spidermiddlewares/depth.py", line 61, in process_spider_output
    yield from super().process_spider_output(response, result)
  File "/usr/local/lib/python3.11/site-packages/scrapy/spidermiddlewares/base.py", line 60, in process_spider_output
    for o in result:
  File "/usr/local/lib/python3.11/site-packages/scrapy/core/spidermw.py", line 183, in process_sync
    self._process_spider_exception(
  File "/usr/local/lib/python3.11/site-packages/scrapy/core/spidermw.py", line 256, in _process_spider_exception
    raise exception
  File "/usr/local/lib/python3.11/site-packages/scrapy/core/spidermw.py", line 179, in process_sync
    yield from iterable
  File "/app/zero_eu/zero_scraper/spiders/events_spider.py", line 227, in parse_event_page
    item["uuid"] = hashlib.sha256(uuid_string.encode('utf-8')).hexdigest()[:16]
    ~~~~^^^^^^^^
  File "/usr/local/lib/python3.11/site-packages/scrapy/item.py", line 98, in __setitem__
    raise KeyError(f"{self.__class__.__name__} does not support field: {key}")
KeyError: 'EventItem does not support field: uuid'
[2026-01-28T22:21:56.245+0000] {docker.py:429} INFO - 2026-01-28 22:21:56 [scrapy.core.engine] DEBUG: Crawled (200) <GET https://zero.eu/it/eventi/357022-compagnia-licia-lanera-con-la-carabina-ottobre-2023-spazio-diamante-2026,roma/> (referer: https://zero.eu/api/v2/events?per_page=100&citta=12&_embed=true)
[2026-01-28T22:21:56.349+0000] {docker.py:429} INFO - 2026-01-28 22:21:56 [scrapy.core.scraper] ERROR: Spider error processing <GET https://zero.eu/it/eventi/357022-compagnia-licia-lanera-con-la-carabina-ottobre-2023-spazio-diamante-2026,roma/> (referer: https://zero.eu/api/v2/events?per_page=100&citta=12&_embed=true)
Traceback (most recent call last):
  File "/usr/local/lib/python3.11/site-packages/scrapy/utils/defer.py", line 355, in iter_errback
    yield next(it)
          ^^^^^^^^
  File "/usr/local/lib/python3.11/site-packages/scrapy/utils/python.py", line 311, in __next__
    return next(self.data)
           ^^^^^^^^^^^^^^^
  File "/usr/local/lib/python3.11/site-packages/scrapy/utils/python.py", line 311, in __next__
    return next(self.data)
           ^^^^^^^^^^^^^^^
  File "/usr/local/lib/python3.11/site-packages/scrapy/core/spidermw.py", line 183, in process_sync
    self._process_spider_exception(
  File "/usr/local/lib/python3.11/site-packages/scrapy/core/spidermw.py", line 256, in _process_spider_exception
    raise exception
  File "/usr/local/lib/python3.11/site-packages/scrapy/core/spidermw.py", line 179, in process_sync
    yield from iterable
  File "/usr/local/lib/python3.11/site-packages/scrapy/spidermiddlewares/base.py", line 60, in process_spider_output
    for o in result:
  File "/usr/local/lib/python3.11/site-packages/scrapy/core/spidermw.py", line 183, in process_sync
    self._process_spider_exception(
  File "/usr/local/lib/python3.11/site-packages/scrapy/core/spidermw.py", line 256, in _process_spider_exception
    raise exception
  File "/usr/local/lib/python3.11/site-packages/scrapy/core/spidermw.py", line 179, in process_sync
    yield from iterable
  File "/usr/local/lib/python3.11/site-packages/scrapy/spidermiddlewares/base.py", line 60, in process_spider_output
    for o in result:
  File "/usr/local/lib/python3.11/site-packages/scrapy/core/spidermw.py", line 183, in process_sync
    self._process_spider_exception(
  File "/usr/local/lib/python3.11/site-packages/scrapy/core/spidermw.py", line 256, in _process_spider_exception
    raise exception
  File "/usr/local/lib/python3.11/site-packages/scrapy/core/spidermw.py", line 179, in process_sync
    yield from iterable
  File "/usr/local/lib/python3.11/site-packages/scrapy/spidermiddlewares/base.py", line 60, in process_spider_output
    for o in result:
  File "/usr/local/lib/python3.11/site-packages/scrapy/core/spidermw.py", line 183, in process_sync
    self._process_spider_exception(
  File "/usr/local/lib/python3.11/site-packages/scrapy/core/spidermw.py", line 256, in _process_spider_exception
    raise exception
  File "/usr/local/lib/python3.11/site-packages/scrapy/core/spidermw.py", line 179, in process_sync
    yield from iterable
  File "/usr/local/lib/python3.11/site-packages/scrapy/spidermiddlewares/depth.py", line 61, in process_spider_output
    yield from super().process_spider_output(response, result)
  File "/usr/local/lib/python3.11/site-packages/scrapy/spidermiddlewares/base.py", line 60, in process_spider_output
    for o in result:
  File "/usr/local/lib/python3.11/site-packages/scrapy/core/spidermw.py", line 183, in process_sync
    self._process_spider_exception(
  File "/usr/local/lib/python3.11/site-packages/scrapy/core/spidermw.py", line 256, in _process_spider_exception
    raise exception
  File "/usr/local/lib/python3.11/site-packages/scrapy/core/spidermw.py", line 179, in process_sync
    yield from iterable
  File "/app/zero_eu/zero_scraper/spiders/events_spider.py", line 227, in parse_event_page
    item["uuid"] = hashlib.sha256(uuid_string.encode('utf-8')).hexdigest()[:16]
    ~~~~^^^^^^^^
  File "/usr/local/lib/python3.11/site-packages/scrapy/item.py", line 98, in __setitem__
    raise KeyError(f"{self.__class__.__name__} does not support field: {key}")
KeyError: 'EventItem does not support field: uuid'
[2026-01-28T22:21:57.184+0000] {docker.py:429} INFO - 2026-01-28 22:21:57 [scrapy.core.engine] DEBUG: Crawled (200) <GET https://zero.eu/it/eventi/357925-tre-studi-per-una-crocifissione,milano/> (referer: https://zero.eu/api/v2/events?per_page=100&citta=12&_embed=true)
[2026-01-28T22:21:57.292+0000] {docker.py:429} INFO - 2026-01-28 22:21:57 [scrapy.core.scraper] ERROR: Spider error processing <GET https://zero.eu/it/eventi/357925-tre-studi-per-una-crocifissione,milano/> (referer: https://zero.eu/api/v2/events?per_page=100&citta=12&_embed=true)
Traceback (most recent call last):
  File "/usr/local/lib/python3.11/site-packages/scrapy/utils/defer.py", line 355, in iter_errback
    yield next(it)
          ^^^^^^^^
  File "/usr/local/lib/python3.11/site-packages/scrapy/utils/python.py", line 311, in __next__
    return next(self.data)
           ^^^^^^^^^^^^^^^
  File "/usr/local/lib/python3.11/site-packages/scrapy/utils/python.py", line 311, in __next__
    return next(self.data)
           ^^^^^^^^^^^^^^^
  File "/usr/local/lib/python3.11/site-packages/scrapy/core/spidermw.py", line 183, in process_sync
    self._process_spider_exception(
  File "/usr/local/lib/python3.11/site-packages/scrapy/core/spidermw.py", line 256, in _process_spider_exception
    raise exception
  File "/usr/local/lib/python3.11/site-packages/scrapy/core/spidermw.py", line 179, in process_sync
    yield from iterable
  File "/usr/local/lib/python3.11/site-packages/scrapy/spidermiddlewares/base.py", line 60, in process_spider_output
    for o in result:
  File "/usr/local/lib/python3.11/site-packages/scrapy/core/spidermw.py", line 183, in process_sync
    self._process_spider_exception(
  File "/usr/local/lib/python3.11/site-packages/scrapy/core/spidermw.py", line 256, in _process_spider_exception
    raise exception
  File "/usr/local/lib/python3.11/site-packages/scrapy/core/spidermw.py", line 179, in process_sync
    yield from iterable
  File "/usr/local/lib/python3.11/site-packages/scrapy/spidermiddlewares/base.py", line 60, in process_spider_output
    for o in result:
  File "/usr/local/lib/python3.11/site-packages/scrapy/core/spidermw.py", line 183, in process_sync
    self._process_spider_exception(
  File "/usr/local/lib/python3.11/site-packages/scrapy/core/spidermw.py", line 256, in _process_spider_exception
    raise exception
  File "/usr/local/lib/python3.11/site-packages/scrapy/core/spidermw.py", line 179, in process_sync
    yield from iterable
  File "/usr/local/lib/python3.11/site-packages/scrapy/spidermiddlewares/base.py", line 60, in process_spider_output
    for o in result:
  File "/usr/local/lib/python3.11/site-packages/scrapy/core/spidermw.py", line 183, in process_sync
    self._process_spider_exception(
  File "/usr/local/lib/python3.11/site-packages/scrapy/core/spidermw.py", line 256, in _process_spider_exception
    raise exception
  File "/usr/local/lib/python3.11/site-packages/scrapy/core/spidermw.py", line 179, in process_sync
    yield from iterable
  File "/usr/local/lib/python3.11/site-packages/scrapy/spidermiddlewares/depth.py", line 61, in process_spider_output
    yield from super().process_spider_output(response, result)
  File "/usr/local/lib/python3.11/site-packages/scrapy/spidermiddlewares/base.py", line 60, in process_spider_output
    for o in result:
  File "/usr/local/lib/python3.11/site-packages/scrapy/core/spidermw.py", line 183, in process_sync
    self._process_spider_exception(
  File "/usr/local/lib/python3.11/site-packages/scrapy/core/spidermw.py", line 256, in _process_spider_exception
    raise exception
  File "/usr/local/lib/python3.11/site-packages/scrapy/core/spidermw.py", line 179, in process_sync
    yield from iterable
  File "/app/zero_eu/zero_scraper/spiders/events_spider.py", line 227, in parse_event_page
    item["uuid"] = hashlib.sha256(uuid_string.encode('utf-8')).hexdigest()[:16]
    ~~~~^^^^^^^^
  File "/usr/local/lib/python3.11/site-packages/scrapy/item.py", line 98, in __setitem__
    raise KeyError(f"{self.__class__.__name__} does not support field: {key}")
KeyError: 'EventItem does not support field: uuid'
[2026-01-28T22:21:58.049+0000] {docker.py:429} INFO - 2026-01-28 22:21:58 [scrapy.core.engine] DEBUG: Crawled (200) <GET https://zero.eu/it/eventi/325253-baronato-quattro-bellezze-week,roma/> (referer: https://zero.eu/api/v2/events?per_page=100&citta=12&_embed=true)
[2026-01-28T22:21:58.154+0000] {docker.py:429} INFO - 2026-01-28 22:21:58 [scrapy.core.scraper] ERROR: Spider error processing <GET https://zero.eu/it/eventi/325253-baronato-quattro-bellezze-week,roma/> (referer: https://zero.eu/api/v2/events?per_page=100&citta=12&_embed=true)
Traceback (most recent call last):
  File "/usr/local/lib/python3.11/site-packages/scrapy/utils/defer.py", line 355, in iter_errback
    yield next(it)
          ^^^^^^^^
  File "/usr/local/lib/python3.11/site-packages/scrapy/utils/python.py", line 311, in __next__
    return next(self.data)
           ^^^^^^^^^^^^^^^
  File "/usr/local/lib/python3.11/site-packages/scrapy/utils/python.py", line 311, in __next__
    return next(self.data)
           ^^^^^^^^^^^^^^^
  File "/usr/local/lib/python3.11/site-packages/scrapy/core/spidermw.py", line 183, in process_sync
    self._process_spider_exception(
  File "/usr/local/lib/python3.11/site-packages/scrapy/core/spidermw.py", line 256, in _process_spider_exception
    raise exception
  File "/usr/local/lib/python3.11/site-packages/scrapy/core/spidermw.py", line 179, in process_sync
    yield from iterable
  File "/usr/local/lib/python3.11/site-packages/scrapy/spidermiddlewares/base.py", line 60, in process_spider_output
    for o in result:
  File "/usr/local/lib/python3.11/site-packages/scrapy/core/spidermw.py", line 183, in process_sync
    self._process_spider_exception(
  File "/usr/local/lib/python3.11/site-packages/scrapy/core/spidermw.py", line 256, in _process_spider_exception
    raise exception
  File "/usr/local/lib/python3.11/site-packages/scrapy/core/spidermw.py", line 179, in process_sync
    yield from iterable
  File "/usr/local/lib/python3.11/site-packages/scrapy/spidermiddlewares/base.py", line 60, in process_spider_output
    for o in result:
  File "/usr/local/lib/python3.11/site-packages/scrapy/core/spidermw.py", line 183, in process_sync
    self._process_spider_exception(
  File "/usr/local/lib/python3.11/site-packages/scrapy/core/spidermw.py", line 256, in _process_spider_exception
    raise exception
  File "/usr/local/lib/python3.11/site-packages/scrapy/core/spidermw.py", line 179, in process_sync
    yield from iterable
  File "/usr/local/lib/python3.11/site-packages/scrapy/spidermiddlewares/base.py", line 60, in process_spider_output
    for o in result:
  File "/usr/local/lib/python3.11/site-packages/scrapy/core/spidermw.py", line 183, in process_sync
    self._process_spider_exception(
  File "/usr/local/lib/python3.11/site-packages/scrapy/core/spidermw.py", line 256, in _process_spider_exception
    raise exception
  File "/usr/local/lib/python3.11/site-packages/scrapy/core/spidermw.py", line 179, in process_sync
    yield from iterable
  File "/usr/local/lib/python3.11/site-packages/scrapy/spidermiddlewares/depth.py", line 61, in process_spider_output
    yield from super().process_spider_output(response, result)
  File "/usr/local/lib/python3.11/site-packages/scrapy/spidermiddlewares/base.py", line 60, in process_spider_output
    for o in result:
  File "/usr/local/lib/python3.11/site-packages/scrapy/core/spidermw.py", line 183, in process_sync
    self._process_spider_exception(
  File "/usr/local/lib/python3.11/site-packages/scrapy/core/spidermw.py", line 256, in _process_spider_exception
    raise exception
  File "/usr/local/lib/python3.11/site-packages/scrapy/core/spidermw.py", line 179, in process_sync
    yield from iterable
  File "/app/zero_eu/zero_scraper/spiders/events_spider.py", line 227, in parse_event_page
    item["uuid"] = hashlib.sha256(uuid_string.encode('utf-8')).hexdigest()[:16]
    ~~~~^^^^^^^^
  File "/usr/local/lib/python3.11/site-packages/scrapy/item.py", line 98, in __setitem__
    raise KeyError(f"{self.__class__.__name__} does not support field: {key}")
KeyError: 'EventItem does not support field: uuid'
[2026-01-28T22:21:58.798+0000] {docker.py:429} INFO - 2026-01-28 22:21:58 [scrapy.core.engine] DEBUG: Crawled (200) <GET https://zero.eu/it/eventi/347268-rhizome-week,roma/> (referer: https://zero.eu/api/v2/events?per_page=100&citta=12&_embed=true)
[2026-01-28T22:21:58.903+0000] {docker.py:429} INFO - 2026-01-28 22:21:58 [scrapy.core.scraper] ERROR: Spider error processing <GET https://zero.eu/it/eventi/347268-rhizome-week,roma/> (referer: https://zero.eu/api/v2/events?per_page=100&citta=12&_embed=true)
Traceback (most recent call last):
  File "/usr/local/lib/python3.11/site-packages/scrapy/utils/defer.py", line 355, in iter_errback
    yield next(it)
          ^^^^^^^^
  File "/usr/local/lib/python3.11/site-packages/scrapy/utils/python.py", line 311, in __next__
    return next(self.data)
           ^^^^^^^^^^^^^^^
  File "/usr/local/lib/python3.11/site-packages/scrapy/utils/python.py", line 311, in __next__
    return next(self.data)
           ^^^^^^^^^^^^^^^
  File "/usr/local/lib/python3.11/site-packages/scrapy/core/spidermw.py", line 183, in process_sync
    self._process_spider_exception(
  File "/usr/local/lib/python3.11/site-packages/scrapy/core/spidermw.py", line 256, in _process_spider_exception
    raise exception
  File "/usr/local/lib/python3.11/site-packages/scrapy/core/spidermw.py", line 179, in process_sync
    yield from iterable
  File "/usr/local/lib/python3.11/site-packages/scrapy/spidermiddlewares/base.py", line 60, in process_spider_output
    for o in result:
  File "/usr/local/lib/python3.11/site-packages/scrapy/core/spidermw.py", line 183, in process_sync
    self._process_spider_exception(
  File "/usr/local/lib/python3.11/site-packages/scrapy/core/spidermw.py", line 256, in _process_spider_exception
    raise exception
  File "/usr/local/lib/python3.11/site-packages/scrapy/core/spidermw.py", line 179, in process_sync
    yield from iterable
  File "/usr/local/lib/python3.11/site-packages/scrapy/spidermiddlewares/base.py", line 60, in process_spider_output
    for o in result:
  File "/usr/local/lib/python3.11/site-packages/scrapy/core/spidermw.py", line 183, in process_sync
    self._process_spider_exception(
  File "/usr/local/lib/python3.11/site-packages/scrapy/core/spidermw.py", line 256, in _process_spider_exception
    raise exception
  File "/usr/local/lib/python3.11/site-packages/scrapy/core/spidermw.py", line 179, in process_sync
    yield from iterable
  File "/usr/local/lib/python3.11/site-packages/scrapy/spidermiddlewares/base.py", line 60, in process_spider_output
    for o in result:
  File "/usr/local/lib/python3.11/site-packages/scrapy/core/spidermw.py", line 183, in process_sync
    self._process_spider_exception(
  File "/usr/local/lib/python3.11/site-packages/scrapy/core/spidermw.py", line 256, in _process_spider_exception
    raise exception
  File "/usr/local/lib/python3.11/site-packages/scrapy/core/spidermw.py", line 179, in process_sync
    yield from iterable
  File "/usr/local/lib/python3.11/site-packages/scrapy/spidermiddlewares/depth.py", line 61, in process_spider_output
    yield from super().process_spider_output(response, result)
  File "/usr/local/lib/python3.11/site-packages/scrapy/spidermiddlewares/base.py", line 60, in process_spider_output
    for o in result:
  File "/usr/local/lib/python3.11/site-packages/scrapy/core/spidermw.py", line 183, in process_sync
    self._process_spider_exception(
  File "/usr/local/lib/python3.11/site-packages/scrapy/core/spidermw.py", line 256, in _process_spider_exception
    raise exception
  File "/usr/local/lib/python3.11/site-packages/scrapy/core/spidermw.py", line 179, in process_sync
    yield from iterable
  File "/app/zero_eu/zero_scraper/spiders/events_spider.py", line 227, in parse_event_page
    item["uuid"] = hashlib.sha256(uuid_string.encode('utf-8')).hexdigest()[:16]
    ~~~~^^^^^^^^
  File "/usr/local/lib/python3.11/site-packages/scrapy/item.py", line 98, in __setitem__
    raise KeyError(f"{self.__class__.__name__} does not support field: {key}")
KeyError: 'EventItem does not support field: uuid'
[2026-01-28T22:21:59.534+0000] {docker.py:429} INFO - 2026-01-28 22:21:59 [scrapy.core.engine] DEBUG: Crawled (200) <GET https://zero.eu/it/eventi/356966-life-is-life-espisodio-3,roma/> (referer: https://zero.eu/api/v2/events?per_page=100&citta=12&_embed=true)
[2026-01-28T22:21:59.641+0000] {docker.py:429} INFO - 2026-01-28 22:21:59 [scrapy.core.scraper] ERROR: Spider error processing <GET https://zero.eu/it/eventi/356966-life-is-life-espisodio-3,roma/> (referer: https://zero.eu/api/v2/events?per_page=100&citta=12&_embed=true)
Traceback (most recent call last):
  File "/usr/local/lib/python3.11/site-packages/scrapy/utils/defer.py", line 355, in iter_errback
    yield next(it)
          ^^^^^^^^
  File "/usr/local/lib/python3.11/site-packages/scrapy/utils/python.py", line 311, in __next__
    return next(self.data)
           ^^^^^^^^^^^^^^^
  File "/usr/local/lib/python3.11/site-packages/scrapy/utils/python.py", line 311, in __next__
    return next(self.data)
           ^^^^^^^^^^^^^^^
  File "/usr/local/lib/python3.11/site-packages/scrapy/core/spidermw.py", line 183, in process_sync
    self._process_spider_exception(
  File "/usr/local/lib/python3.11/site-packages/scrapy/core/spidermw.py", line 256, in _process_spider_exception
    raise exception
  File "/usr/local/lib/python3.11/site-packages/scrapy/core/spidermw.py", line 179, in process_sync
    yield from iterable
  File "/usr/local/lib/python3.11/site-packages/scrapy/spidermiddlewares/base.py", line 60, in process_spider_output
    for o in result:
  File "/usr/local/lib/python3.11/site-packages/scrapy/core/spidermw.py", line 183, in process_sync
    self._process_spider_exception(
  File "/usr/local/lib/python3.11/site-packages/scrapy/core/spidermw.py", line 256, in _process_spider_exception
    raise exception
  File "/usr/local/lib/python3.11/site-packages/scrapy/core/spidermw.py", line 179, in process_sync
    yield from iterable
  File "/usr/local/lib/python3.11/site-packages/scrapy/spidermiddlewares/base.py", line 60, in process_spider_output
    for o in result:
  File "/usr/local/lib/python3.11/site-packages/scrapy/core/spidermw.py", line 183, in process_sync
    self._process_spider_exception(
  File "/usr/local/lib/python3.11/site-packages/scrapy/core/spidermw.py", line 256, in _process_spider_exception
    raise exception
  File "/usr/local/lib/python3.11/site-packages/scrapy/core/spidermw.py", line 179, in process_sync
    yield from iterable
  File "/usr/local/lib/python3.11/site-packages/scrapy/spidermiddlewares/base.py", line 60, in process_spider_output
    for o in result:
  File "/usr/local/lib/python3.11/site-packages/scrapy/core/spidermw.py", line 183, in process_sync
    self._process_spider_exception(
  File "/usr/local/lib/python3.11/site-packages/scrapy/core/spidermw.py", line 256, in _process_spider_exception
    raise exception
  File "/usr/local/lib/python3.11/site-packages/scrapy/core/spidermw.py", line 179, in process_sync
    yield from iterable
  File "/usr/local/lib/python3.11/site-packages/scrapy/spidermiddlewares/depth.py", line 61, in process_spider_output
    yield from super().process_spider_output(response, result)
  File "/usr/local/lib/python3.11/site-packages/scrapy/spidermiddlewares/base.py", line 60, in process_spider_output
    for o in result:
  File "/usr/local/lib/python3.11/site-packages/scrapy/core/spidermw.py", line 183, in process_sync
    self._process_spider_exception(
  File "/usr/local/lib/python3.11/site-packages/scrapy/core/spidermw.py", line 256, in _process_spider_exception
    raise exception
  File "/usr/local/lib/python3.11/site-packages/scrapy/core/spidermw.py", line 179, in process_sync
    yield from iterable
  File "/app/zero_eu/zero_scraper/spiders/events_spider.py", line 227, in parse_event_page
    item["uuid"] = hashlib.sha256(uuid_string.encode('utf-8')).hexdigest()[:16]
    ~~~~^^^^^^^^
  File "/usr/local/lib/python3.11/site-packages/scrapy/item.py", line 98, in __setitem__
    raise KeyError(f"{self.__class__.__name__} does not support field: {key}")
KeyError: 'EventItem does not support field: uuid'
[2026-01-28T22:22:00.631+0000] {docker.py:429} INFO - 2026-01-28 22:22:00 [scrapy.core.engine] DEBUG: Crawled (200) <GET https://zero.eu/it/eventi/358687-sentimental-value,milano/> (referer: https://zero.eu/api/v2/events?per_page=100&citta=12&_embed=true)
[2026-01-28T22:22:00.735+0000] {docker.py:429} INFO - 2026-01-28 22:22:00 [scrapy.core.scraper] ERROR: Spider error processing <GET https://zero.eu/it/eventi/358687-sentimental-value,milano/> (referer: https://zero.eu/api/v2/events?per_page=100&citta=12&_embed=true)
Traceback (most recent call last):
  File "/usr/local/lib/python3.11/site-packages/scrapy/utils/defer.py", line 355, in iter_errback
    yield next(it)
          ^^^^^^^^
  File "/usr/local/lib/python3.11/site-packages/scrapy/utils/python.py", line 311, in __next__
    return next(self.data)
           ^^^^^^^^^^^^^^^
  File "/usr/local/lib/python3.11/site-packages/scrapy/utils/python.py", line 311, in __next__
    return next(self.data)
           ^^^^^^^^^^^^^^^
  File "/usr/local/lib/python3.11/site-packages/scrapy/core/spidermw.py", line 183, in process_sync
    self._process_spider_exception(
  File "/usr/local/lib/python3.11/site-packages/scrapy/core/spidermw.py", line 256, in _process_spider_exception
    raise exception
  File "/usr/local/lib/python3.11/site-packages/scrapy/core/spidermw.py", line 179, in process_sync
    yield from iterable
  File "/usr/local/lib/python3.11/site-packages/scrapy/spidermiddlewares/base.py", line 60, in process_spider_output
    for o in result:
  File "/usr/local/lib/python3.11/site-packages/scrapy/core/spidermw.py", line 183, in process_sync
    self._process_spider_exception(
  File "/usr/local/lib/python3.11/site-packages/scrapy/core/spidermw.py", line 256, in _process_spider_exception
    raise exception
  File "/usr/local/lib/python3.11/site-packages/scrapy/core/spidermw.py", line 179, in process_sync
    yield from iterable
  File "/usr/local/lib/python3.11/site-packages/scrapy/spidermiddlewares/base.py", line 60, in process_spider_output
    for o in result:
  File "/usr/local/lib/python3.11/site-packages/scrapy/core/spidermw.py", line 183, in process_sync
    self._process_spider_exception(
  File "/usr/local/lib/python3.11/site-packages/scrapy/core/spidermw.py", line 256, in _process_spider_exception
    raise exception
  File "/usr/local/lib/python3.11/site-packages/scrapy/core/spidermw.py", line 179, in process_sync
    yield from iterable
  File "/usr/local/lib/python3.11/site-packages/scrapy/spidermiddlewares/base.py", line 60, in process_spider_output
    for o in result:
  File "/usr/local/lib/python3.11/site-packages/scrapy/core/spidermw.py", line 183, in process_sync
    self._process_spider_exception(
  File "/usr/local/lib/python3.11/site-packages/scrapy/core/spidermw.py", line 256, in _process_spider_exception
    raise exception
  File "/usr/local/lib/python3.11/site-packages/scrapy/core/spidermw.py", line 179, in process_sync
    yield from iterable
  File "/usr/local/lib/python3.11/site-packages/scrapy/spidermiddlewares/depth.py", line 61, in process_spider_output
    yield from super().process_spider_output(response, result)
  File "/usr/local/lib/python3.11/site-packages/scrapy/spidermiddlewares/base.py", line 60, in process_spider_output
    for o in result:
  File "/usr/local/lib/python3.11/site-packages/scrapy/core/spidermw.py", line 183, in process_sync
    self._process_spider_exception(
  File "/usr/local/lib/python3.11/site-packages/scrapy/core/spidermw.py", line 256, in _process_spider_exception
    raise exception
  File "/usr/local/lib/python3.11/site-packages/scrapy/core/spidermw.py", line 179, in process_sync
    yield from iterable
  File "/app/zero_eu/zero_scraper/spiders/events_spider.py", line 227, in parse_event_page
    item["uuid"] = hashlib.sha256(uuid_string.encode('utf-8')).hexdigest()[:16]
    ~~~~^^^^^^^^
  File "/usr/local/lib/python3.11/site-packages/scrapy/item.py", line 98, in __setitem__
    raise KeyError(f"{self.__class__.__name__} does not support field: {key}")
KeyError: 'EventItem does not support field: uuid'
[2026-01-28T22:22:01.526+0000] {docker.py:429} INFO - 2026-01-28 22:22:01 [scrapy.core.engine] DEBUG: Crawled (200) <GET https://zero.eu/it/eventi/356983-migliore-2026,roma/> (referer: https://zero.eu/api/v2/events?per_page=100&citta=12&_embed=true)
[2026-01-28T22:22:01.631+0000] {docker.py:429} INFO - 2026-01-28 22:22:01 [scrapy.core.scraper] ERROR: Spider error processing <GET https://zero.eu/it/eventi/356983-migliore-2026,roma/> (referer: https://zero.eu/api/v2/events?per_page=100&citta=12&_embed=true)
Traceback (most recent call last):
  File "/usr/local/lib/python3.11/site-packages/scrapy/utils/defer.py", line 355, in iter_errback
    yield next(it)
          ^^^^^^^^
  File "/usr/local/lib/python3.11/site-packages/scrapy/utils/python.py", line 311, in __next__
    return next(self.data)
           ^^^^^^^^^^^^^^^
  File "/usr/local/lib/python3.11/site-packages/scrapy/utils/python.py", line 311, in __next__
    return next(self.data)
           ^^^^^^^^^^^^^^^
  File "/usr/local/lib/python3.11/site-packages/scrapy/core/spidermw.py", line 183, in process_sync
    self._process_spider_exception(
  File "/usr/local/lib/python3.11/site-packages/scrapy/core/spidermw.py", line 256, in _process_spider_exception
    raise exception
  File "/usr/local/lib/python3.11/site-packages/scrapy/core/spidermw.py", line 179, in process_sync
    yield from iterable
  File "/usr/local/lib/python3.11/site-packages/scrapy/spidermiddlewares/base.py", line 60, in process_spider_output
    for o in result:
  File "/usr/local/lib/python3.11/site-packages/scrapy/core/spidermw.py", line 183, in process_sync
    self._process_spider_exception(
  File "/usr/local/lib/python3.11/site-packages/scrapy/core/spidermw.py", line 256, in _process_spider_exception
    raise exception
  File "/usr/local/lib/python3.11/site-packages/scrapy/core/spidermw.py", line 179, in process_sync
    yield from iterable
  File "/usr/local/lib/python3.11/site-packages/scrapy/spidermiddlewares/base.py", line 60, in process_spider_output
    for o in result:
  File "/usr/local/lib/python3.11/site-packages/scrapy/core/spidermw.py", line 183, in process_sync
    self._process_spider_exception(
  File "/usr/local/lib/python3.11/site-packages/scrapy/core/spidermw.py", line 256, in _process_spider_exception
    raise exception
  File "/usr/local/lib/python3.11/site-packages/scrapy/core/spidermw.py", line 179, in process_sync
    yield from iterable
  File "/usr/local/lib/python3.11/site-packages/scrapy/spidermiddlewares/base.py", line 60, in process_spider_output
    for o in result:
  File "/usr/local/lib/python3.11/site-packages/scrapy/core/spidermw.py", line 183, in process_sync
    self._process_spider_exception(
  File "/usr/local/lib/python3.11/site-packages/scrapy/core/spidermw.py", line 256, in _process_spider_exception
    raise exception
  File "/usr/local/lib/python3.11/site-packages/scrapy/core/spidermw.py", line 179, in process_sync
    yield from iterable
  File "/usr/local/lib/python3.11/site-packages/scrapy/spidermiddlewares/depth.py", line 61, in process_spider_output
    yield from super().process_spider_output(response, result)
  File "/usr/local/lib/python3.11/site-packages/scrapy/spidermiddlewares/base.py", line 60, in process_spider_output
    for o in result:
  File "/usr/local/lib/python3.11/site-packages/scrapy/core/spidermw.py", line 183, in process_sync
    self._process_spider_exception(
  File "/usr/local/lib/python3.11/site-packages/scrapy/core/spidermw.py", line 256, in _process_spider_exception
    raise exception
  File "/usr/local/lib/python3.11/site-packages/scrapy/core/spidermw.py", line 179, in process_sync
    yield from iterable
  File "/app/zero_eu/zero_scraper/spiders/events_spider.py", line 227, in parse_event_page
    item["uuid"] = hashlib.sha256(uuid_string.encode('utf-8')).hexdigest()[:16]
    ~~~~^^^^^^^^
  File "/usr/local/lib/python3.11/site-packages/scrapy/item.py", line 98, in __setitem__
    raise KeyError(f"{self.__class__.__name__} does not support field: {key}")
KeyError: 'EventItem does not support field: uuid'
[2026-01-28T22:22:02.454+0000] {docker.py:429} INFO - 2026-01-28 22:22:02 [scrapy.core.engine] DEBUG: Crawled (200) <GET https://zero.eu/it/eventi/358294-niccolo-fettarappa-orgasmo,bologna/> (referer: https://zero.eu/api/v2/events?per_page=100&citta=12&_embed=true)
[2026-01-28T22:22:02.559+0000] {docker.py:429} INFO - 2026-01-28 22:22:02 [scrapy.core.scraper] ERROR: Spider error processing <GET https://zero.eu/it/eventi/358294-niccolo-fettarappa-orgasmo,bologna/> (referer: https://zero.eu/api/v2/events?per_page=100&citta=12&_embed=true)
Traceback (most recent call last):
  File "/usr/local/lib/python3.11/site-packages/scrapy/utils/defer.py", line 355, in iter_errback
    yield next(it)
          ^^^^^^^^
  File "/usr/local/lib/python3.11/site-packages/scrapy/utils/python.py", line 311, in __next__
    return next(self.data)
           ^^^^^^^^^^^^^^^
  File "/usr/local/lib/python3.11/site-packages/scrapy/utils/python.py", line 311, in __next__
    return next(self.data)
           ^^^^^^^^^^^^^^^
  File "/usr/local/lib/python3.11/site-packages/scrapy/core/spidermw.py", line 183, in process_sync
    self._process_spider_exception(
  File "/usr/local/lib/python3.11/site-packages/scrapy/core/spidermw.py", line 256, in _process_spider_exception
    raise exception
  File "/usr/local/lib/python3.11/site-packages/scrapy/core/spidermw.py", line 179, in process_sync
    yield from iterable
  File "/usr/local/lib/python3.11/site-packages/scrapy/spidermiddlewares/base.py", line 60, in process_spider_output
    for o in result:
  File "/usr/local/lib/python3.11/site-packages/scrapy/core/spidermw.py", line 183, in process_sync
    self._process_spider_exception(
  File "/usr/local/lib/python3.11/site-packages/scrapy/core/spidermw.py", line 256, in _process_spider_exception
    raise exception
  File "/usr/local/lib/python3.11/site-packages/scrapy/core/spidermw.py", line 179, in process_sync
    yield from iterable
  File "/usr/local/lib/python3.11/site-packages/scrapy/spidermiddlewares/base.py", line 60, in process_spider_output
    for o in result:
  File "/usr/local/lib/python3.11/site-packages/scrapy/core/spidermw.py", line 183, in process_sync
    self._process_spider_exception(
  File "/usr/local/lib/python3.11/site-packages/scrapy/core/spidermw.py", line 256, in _process_spider_exception
    raise exception
  File "/usr/local/lib/python3.11/site-packages/scrapy/core/spidermw.py", line 179, in process_sync
    yield from iterable
  File "/usr/local/lib/python3.11/site-packages/scrapy/spidermiddlewares/base.py", line 60, in process_spider_output
    for o in result:
  File "/usr/local/lib/python3.11/site-packages/scrapy/core/spidermw.py", line 183, in process_sync
    self._process_spider_exception(
  File "/usr/local/lib/python3.11/site-packages/scrapy/core/spidermw.py", line 256, in _process_spider_exception
    raise exception
  File "/usr/local/lib/python3.11/site-packages/scrapy/core/spidermw.py", line 179, in process_sync
    yield from iterable
  File "/usr/local/lib/python3.11/site-packages/scrapy/spidermiddlewares/depth.py", line 61, in process_spider_output
    yield from super().process_spider_output(response, result)
  File "/usr/local/lib/python3.11/site-packages/scrapy/spidermiddlewares/base.py", line 60, in process_spider_output
    for o in result:
  File "/usr/local/lib/python3.11/site-packages/scrapy/core/spidermw.py", line 183, in process_sync
    self._process_spider_exception(
  File "/usr/local/lib/python3.11/site-packages/scrapy/core/spidermw.py", line 256, in _process_spider_exception
    raise exception
  File "/usr/local/lib/python3.11/site-packages/scrapy/core/spidermw.py", line 179, in process_sync
    yield from iterable
  File "/app/zero_eu/zero_scraper/spiders/events_spider.py", line 227, in parse_event_page
    item["uuid"] = hashlib.sha256(uuid_string.encode('utf-8')).hexdigest()[:16]
    ~~~~^^^^^^^^
  File "/usr/local/lib/python3.11/site-packages/scrapy/item.py", line 98, in __setitem__
    raise KeyError(f"{self.__class__.__name__} does not support field: {key}")
KeyError: 'EventItem does not support field: uuid'
[2026-01-28T22:22:03.376+0000] {docker.py:429} INFO - 2026-01-28 22:22:03 [scrapy.core.engine] DEBUG: Crawled (200) <GET https://zero.eu/it/eventi/50502-cineclub-alphaville-la-programmazione,roma/> (referer: https://zero.eu/api/v2/events?per_page=100&citta=12&_embed=true)
[2026-01-28T22:22:03.481+0000] {docker.py:429} INFO - 2026-01-28 22:22:03 [scrapy.core.scraper] ERROR: Spider error processing <GET https://zero.eu/it/eventi/50502-cineclub-alphaville-la-programmazione,roma/> (referer: https://zero.eu/api/v2/events?per_page=100&citta=12&_embed=true)
Traceback (most recent call last):
  File "/usr/local/lib/python3.11/site-packages/scrapy/utils/defer.py", line 355, in iter_errback
    yield next(it)
          ^^^^^^^^
  File "/usr/local/lib/python3.11/site-packages/scrapy/utils/python.py", line 311, in __next__
    return next(self.data)
           ^^^^^^^^^^^^^^^
  File "/usr/local/lib/python3.11/site-packages/scrapy/utils/python.py", line 311, in __next__
    return next(self.data)
           ^^^^^^^^^^^^^^^
  File "/usr/local/lib/python3.11/site-packages/scrapy/core/spidermw.py", line 183, in process_sync
    self._process_spider_exception(
  File "/usr/local/lib/python3.11/site-packages/scrapy/core/spidermw.py", line 256, in _process_spider_exception
    raise exception
  File "/usr/local/lib/python3.11/site-packages/scrapy/core/spidermw.py", line 179, in process_sync
    yield from iterable
  File "/usr/local/lib/python3.11/site-packages/scrapy/spidermiddlewares/base.py", line 60, in process_spider_output
    for o in result:
  File "/usr/local/lib/python3.11/site-packages/scrapy/core/spidermw.py", line 183, in process_sync
    self._process_spider_exception(
  File "/usr/local/lib/python3.11/site-packages/scrapy/core/spidermw.py", line 256, in _process_spider_exception
    raise exception
  File "/usr/local/lib/python3.11/site-packages/scrapy/core/spidermw.py", line 179, in process_sync
    yield from iterable
  File "/usr/local/lib/python3.11/site-packages/scrapy/spidermiddlewares/base.py", line 60, in process_spider_output
    for o in result:
  File "/usr/local/lib/python3.11/site-packages/scrapy/core/spidermw.py", line 183, in process_sync
    self._process_spider_exception(
  File "/usr/local/lib/python3.11/site-packages/scrapy/core/spidermw.py", line 256, in _process_spider_exception
    raise exception
  File "/usr/local/lib/python3.11/site-packages/scrapy/core/spidermw.py", line 179, in process_sync
    yield from iterable
  File "/usr/local/lib/python3.11/site-packages/scrapy/spidermiddlewares/base.py", line 60, in process_spider_output
    for o in result:
  File "/usr/local/lib/python3.11/site-packages/scrapy/core/spidermw.py", line 183, in process_sync
    self._process_spider_exception(
  File "/usr/local/lib/python3.11/site-packages/scrapy/core/spidermw.py", line 256, in _process_spider_exception
    raise exception
  File "/usr/local/lib/python3.11/site-packages/scrapy/core/spidermw.py", line 179, in process_sync
    yield from iterable
  File "/usr/local/lib/python3.11/site-packages/scrapy/spidermiddlewares/depth.py", line 61, in process_spider_output
    yield from super().process_spider_output(response, result)
  File "/usr/local/lib/python3.11/site-packages/scrapy/spidermiddlewares/base.py", line 60, in process_spider_output
    for o in result:
  File "/usr/local/lib/python3.11/site-packages/scrapy/core/spidermw.py", line 183, in process_sync
    self._process_spider_exception(
  File "/usr/local/lib/python3.11/site-packages/scrapy/core/spidermw.py", line 256, in _process_spider_exception
    raise exception
  File "/usr/local/lib/python3.11/site-packages/scrapy/core/spidermw.py", line 179, in process_sync
    yield from iterable
  File "/app/zero_eu/zero_scraper/spiders/events_spider.py", line 227, in parse_event_page
    item["uuid"] = hashlib.sha256(uuid_string.encode('utf-8')).hexdigest()[:16]
    ~~~~^^^^^^^^
  File "/usr/local/lib/python3.11/site-packages/scrapy/item.py", line 98, in __setitem__
    raise KeyError(f"{self.__class__.__name__} does not support field: {key}")
KeyError: 'EventItem does not support field: uuid'
[2026-01-28T22:22:04.248+0000] {docker.py:429} INFO - 2026-01-28 22:22:04 [scrapy.core.engine] DEBUG: Crawled (200) <GET https://zero.eu/it/eventi/281973-casa-del-cinema-la-programmazione,roma/> (referer: https://zero.eu/api/v2/events?per_page=100&citta=12&_embed=true)
[2026-01-28T22:22:04.352+0000] {docker.py:429} INFO - 2026-01-28 22:22:04 [scrapy.core.scraper] ERROR: Spider error processing <GET https://zero.eu/it/eventi/281973-casa-del-cinema-la-programmazione,roma/> (referer: https://zero.eu/api/v2/events?per_page=100&citta=12&_embed=true)
Traceback (most recent call last):
  File "/usr/local/lib/python3.11/site-packages/scrapy/utils/defer.py", line 355, in iter_errback
    yield next(it)
          ^^^^^^^^
  File "/usr/local/lib/python3.11/site-packages/scrapy/utils/python.py", line 311, in __next__
    return next(self.data)
           ^^^^^^^^^^^^^^^
  File "/usr/local/lib/python3.11/site-packages/scrapy/utils/python.py", line 311, in __next__
    return next(self.data)
           ^^^^^^^^^^^^^^^
  File "/usr/local/lib/python3.11/site-packages/scrapy/core/spidermw.py", line 183, in process_sync
    self._process_spider_exception(
  File "/usr/local/lib/python3.11/site-packages/scrapy/core/spidermw.py", line 256, in _process_spider_exception
    raise exception
  File "/usr/local/lib/python3.11/site-packages/scrapy/core/spidermw.py", line 179, in process_sync
    yield from iterable
  File "/usr/local/lib/python3.11/site-packages/scrapy/spidermiddlewares/base.py", line 60, in process_spider_output
    for o in result:
  File "/usr/local/lib/python3.11/site-packages/scrapy/core/spidermw.py", line 183, in process_sync
    self._process_spider_exception(
  File "/usr/local/lib/python3.11/site-packages/scrapy/core/spidermw.py", line 256, in _process_spider_exception
    raise exception
  File "/usr/local/lib/python3.11/site-packages/scrapy/core/spidermw.py", line 179, in process_sync
    yield from iterable
  File "/usr/local/lib/python3.11/site-packages/scrapy/spidermiddlewares/base.py", line 60, in process_spider_output
    for o in result:
  File "/usr/local/lib/python3.11/site-packages/scrapy/core/spidermw.py", line 183, in process_sync
    self._process_spider_exception(
  File "/usr/local/lib/python3.11/site-packages/scrapy/core/spidermw.py", line 256, in _process_spider_exception
    raise exception
  File "/usr/local/lib/python3.11/site-packages/scrapy/core/spidermw.py", line 179, in process_sync
    yield from iterable
  File "/usr/local/lib/python3.11/site-packages/scrapy/spidermiddlewares/base.py", line 60, in process_spider_output
    for o in result:
  File "/usr/local/lib/python3.11/site-packages/scrapy/core/spidermw.py", line 183, in process_sync
    self._process_spider_exception(
  File "/usr/local/lib/python3.11/site-packages/scrapy/core/spidermw.py", line 256, in _process_spider_exception
    raise exception
  File "/usr/local/lib/python3.11/site-packages/scrapy/core/spidermw.py", line 179, in process_sync
    yield from iterable
  File "/usr/local/lib/python3.11/site-packages/scrapy/spidermiddlewares/depth.py", line 61, in process_spider_output
    yield from super().process_spider_output(response, result)
  File "/usr/local/lib/python3.11/site-packages/scrapy/spidermiddlewares/base.py", line 60, in process_spider_output
    for o in result:
  File "/usr/local/lib/python3.11/site-packages/scrapy/core/spidermw.py", line 183, in process_sync
    self._process_spider_exception(
  File "/usr/local/lib/python3.11/site-packages/scrapy/core/spidermw.py", line 256, in _process_spider_exception
    raise exception
  File "/usr/local/lib/python3.11/site-packages/scrapy/core/spidermw.py", line 179, in process_sync
    yield from iterable
  File "/app/zero_eu/zero_scraper/spiders/events_spider.py", line 227, in parse_event_page
    item["uuid"] = hashlib.sha256(uuid_string.encode('utf-8')).hexdigest()[:16]
    ~~~~^^^^^^^^
  File "/usr/local/lib/python3.11/site-packages/scrapy/item.py", line 98, in __setitem__
    raise KeyError(f"{self.__class__.__name__} does not support field: {key}")
KeyError: 'EventItem does not support field: uuid'
[2026-01-28T22:22:05.144+0000] {docker.py:429} INFO - 2026-01-28 22:22:05 [scrapy.core.engine] DEBUG: Crawled (200) <GET https://zero.eu/it/eventi/230437-cinema-torisi-la-programmazione,roma/> (referer: https://zero.eu/api/v2/events?per_page=100&citta=12&_embed=true)
[2026-01-28T22:22:05.249+0000] {docker.py:429} INFO - 2026-01-28 22:22:05 [scrapy.core.scraper] ERROR: Spider error processing <GET https://zero.eu/it/eventi/230437-cinema-torisi-la-programmazione,roma/> (referer: https://zero.eu/api/v2/events?per_page=100&citta=12&_embed=true)
Traceback (most recent call last):
  File "/usr/local/lib/python3.11/site-packages/scrapy/utils/defer.py", line 355, in iter_errback
    yield next(it)
          ^^^^^^^^
  File "/usr/local/lib/python3.11/site-packages/scrapy/utils/python.py", line 311, in __next__
    return next(self.data)
           ^^^^^^^^^^^^^^^
  File "/usr/local/lib/python3.11/site-packages/scrapy/utils/python.py", line 311, in __next__
    return next(self.data)
           ^^^^^^^^^^^^^^^
  File "/usr/local/lib/python3.11/site-packages/scrapy/core/spidermw.py", line 183, in process_sync
    self._process_spider_exception(
  File "/usr/local/lib/python3.11/site-packages/scrapy/core/spidermw.py", line 256, in _process_spider_exception
    raise exception
  File "/usr/local/lib/python3.11/site-packages/scrapy/core/spidermw.py", line 179, in process_sync
    yield from iterable
  File "/usr/local/lib/python3.11/site-packages/scrapy/spidermiddlewares/base.py", line 60, in process_spider_output
    for o in result:
  File "/usr/local/lib/python3.11/site-packages/scrapy/core/spidermw.py", line 183, in process_sync
    self._process_spider_exception(
  File "/usr/local/lib/python3.11/site-packages/scrapy/core/spidermw.py", line 256, in _process_spider_exception
    raise exception
  File "/usr/local/lib/python3.11/site-packages/scrapy/core/spidermw.py", line 179, in process_sync
    yield from iterable
  File "/usr/local/lib/python3.11/site-packages/scrapy/spidermiddlewares/base.py", line 60, in process_spider_output
    for o in result:
  File "/usr/local/lib/python3.11/site-packages/scrapy/core/spidermw.py", line 183, in process_sync
    self._process_spider_exception(
  File "/usr/local/lib/python3.11/site-packages/scrapy/core/spidermw.py", line 256, in _process_spider_exception
    raise exception
  File "/usr/local/lib/python3.11/site-packages/scrapy/core/spidermw.py", line 179, in process_sync
    yield from iterable
  File "/usr/local/lib/python3.11/site-packages/scrapy/spidermiddlewares/base.py", line 60, in process_spider_output
    for o in result:
  File "/usr/local/lib/python3.11/site-packages/scrapy/core/spidermw.py", line 183, in process_sync
    self._process_spider_exception(
  File "/usr/local/lib/python3.11/site-packages/scrapy/core/spidermw.py", line 256, in _process_spider_exception
    raise exception
  File "/usr/local/lib/python3.11/site-packages/scrapy/core/spidermw.py", line 179, in process_sync
    yield from iterable
  File "/usr/local/lib/python3.11/site-packages/scrapy/spidermiddlewares/depth.py", line 61, in process_spider_output
    yield from super().process_spider_output(response, result)
  File "/usr/local/lib/python3.11/site-packages/scrapy/spidermiddlewares/base.py", line 60, in process_spider_output
    for o in result:
  File "/usr/local/lib/python3.11/site-packages/scrapy/core/spidermw.py", line 183, in process_sync
    self._process_spider_exception(
  File "/usr/local/lib/python3.11/site-packages/scrapy/core/spidermw.py", line 256, in _process_spider_exception
    raise exception
  File "/usr/local/lib/python3.11/site-packages/scrapy/core/spidermw.py", line 179, in process_sync
    yield from iterable
  File "/app/zero_eu/zero_scraper/spiders/events_spider.py", line 227, in parse_event_page
    item["uuid"] = hashlib.sha256(uuid_string.encode('utf-8')).hexdigest()[:16]
    ~~~~^^^^^^^^
  File "/usr/local/lib/python3.11/site-packages/scrapy/item.py", line 98, in __setitem__
    raise KeyError(f"{self.__class__.__name__} does not support field: {key}")
KeyError: 'EventItem does not support field: uuid'
[2026-01-28T22:22:05.901+0000] {docker.py:429} INFO - 2026-01-28 22:22:05 [scrapy.core.engine] DEBUG: Crawled (200) <GET https://zero.eu/it/eventi/125944-cinema-aquila-la-programmazione,roma/> (referer: https://zero.eu/api/v2/events?per_page=100&citta=12&_embed=true)
[2026-01-28T22:22:06.007+0000] {docker.py:429} INFO - 2026-01-28 22:22:06 [scrapy.core.scraper] ERROR: Spider error processing <GET https://zero.eu/it/eventi/125944-cinema-aquila-la-programmazione,roma/> (referer: https://zero.eu/api/v2/events?per_page=100&citta=12&_embed=true)
Traceback (most recent call last):
  File "/usr/local/lib/python3.11/site-packages/scrapy/utils/defer.py", line 355, in iter_errback
    yield next(it)
          ^^^^^^^^
  File "/usr/local/lib/python3.11/site-packages/scrapy/utils/python.py", line 311, in __next__
    return next(self.data)
           ^^^^^^^^^^^^^^^
  File "/usr/local/lib/python3.11/site-packages/scrapy/utils/python.py", line 311, in __next__
    return next(self.data)
           ^^^^^^^^^^^^^^^
  File "/usr/local/lib/python3.11/site-packages/scrapy/core/spidermw.py", line 183, in process_sync
    self._process_spider_exception(
  File "/usr/local/lib/python3.11/site-packages/scrapy/core/spidermw.py", line 256, in _process_spider_exception
    raise exception
  File "/usr/local/lib/python3.11/site-packages/scrapy/core/spidermw.py", line 179, in process_sync
    yield from iterable
  File "/usr/local/lib/python3.11/site-packages/scrapy/spidermiddlewares/base.py", line 60, in process_spider_output
    for o in result:
  File "/usr/local/lib/python3.11/site-packages/scrapy/core/spidermw.py", line 183, in process_sync
    self._process_spider_exception(
  File "/usr/local/lib/python3.11/site-packages/scrapy/core/spidermw.py", line 256, in _process_spider_exception
    raise exception
  File "/usr/local/lib/python3.11/site-packages/scrapy/core/spidermw.py", line 179, in process_sync
    yield from iterable
  File "/usr/local/lib/python3.11/site-packages/scrapy/spidermiddlewares/base.py", line 60, in process_spider_output
    for o in result:
  File "/usr/local/lib/python3.11/site-packages/scrapy/core/spidermw.py", line 183, in process_sync
    self._process_spider_exception(
  File "/usr/local/lib/python3.11/site-packages/scrapy/core/spidermw.py", line 256, in _process_spider_exception
    raise exception
  File "/usr/local/lib/python3.11/site-packages/scrapy/core/spidermw.py", line 179, in process_sync
    yield from iterable
  File "/usr/local/lib/python3.11/site-packages/scrapy/spidermiddlewares/base.py", line 60, in process_spider_output
    for o in result:
  File "/usr/local/lib/python3.11/site-packages/scrapy/core/spidermw.py", line 183, in process_sync
    self._process_spider_exception(
  File "/usr/local/lib/python3.11/site-packages/scrapy/core/spidermw.py", line 256, in _process_spider_exception
    raise exception
  File "/usr/local/lib/python3.11/site-packages/scrapy/core/spidermw.py", line 179, in process_sync
    yield from iterable
  File "/usr/local/lib/python3.11/site-packages/scrapy/spidermiddlewares/depth.py", line 61, in process_spider_output
    yield from super().process_spider_output(response, result)
  File "/usr/local/lib/python3.11/site-packages/scrapy/spidermiddlewares/base.py", line 60, in process_spider_output
    for o in result:
  File "/usr/local/lib/python3.11/site-packages/scrapy/core/spidermw.py", line 183, in process_sync
    self._process_spider_exception(
  File "/usr/local/lib/python3.11/site-packages/scrapy/core/spidermw.py", line 256, in _process_spider_exception
    raise exception
  File "/usr/local/lib/python3.11/site-packages/scrapy/core/spidermw.py", line 179, in process_sync
    yield from iterable
  File "/app/zero_eu/zero_scraper/spiders/events_spider.py", line 227, in parse_event_page
    item["uuid"] = hashlib.sha256(uuid_string.encode('utf-8')).hexdigest()[:16]
    ~~~~^^^^^^^^
  File "/usr/local/lib/python3.11/site-packages/scrapy/item.py", line 98, in __setitem__
    raise KeyError(f"{self.__class__.__name__} does not support field: {key}")
KeyError: 'EventItem does not support field: uuid'
[2026-01-28T22:22:07.287+0000] {docker.py:429} INFO - 2026-01-28 22:22:07 [scrapy.core.engine] DEBUG: Crawled (200) <GET https://zero.eu/it/eventi/90720-nuovo-sacher-la-programmazione,roma/> (referer: https://zero.eu/api/v2/events?per_page=100&citta=12&_embed=true)
[2026-01-28T22:22:07.392+0000] {docker.py:429} INFO - 2026-01-28 22:22:07 [scrapy.core.scraper] ERROR: Spider error processing <GET https://zero.eu/it/eventi/90720-nuovo-sacher-la-programmazione,roma/> (referer: https://zero.eu/api/v2/events?per_page=100&citta=12&_embed=true)
Traceback (most recent call last):
  File "/usr/local/lib/python3.11/site-packages/scrapy/utils/defer.py", line 355, in iter_errback
    yield next(it)
          ^^^^^^^^
  File "/usr/local/lib/python3.11/site-packages/scrapy/utils/python.py", line 311, in __next__
    return next(self.data)
           ^^^^^^^^^^^^^^^
  File "/usr/local/lib/python3.11/site-packages/scrapy/utils/python.py", line 311, in __next__
    return next(self.data)
           ^^^^^^^^^^^^^^^
  File "/usr/local/lib/python3.11/site-packages/scrapy/core/spidermw.py", line 183, in process_sync
    self._process_spider_exception(
  File "/usr/local/lib/python3.11/site-packages/scrapy/core/spidermw.py", line 256, in _process_spider_exception
    raise exception
  File "/usr/local/lib/python3.11/site-packages/scrapy/core/spidermw.py", line 179, in process_sync
    yield from iterable
  File "/usr/local/lib/python3.11/site-packages/scrapy/spidermiddlewares/base.py", line 60, in process_spider_output
    for o in result:
  File "/usr/local/lib/python3.11/site-packages/scrapy/core/spidermw.py", line 183, in process_sync
    self._process_spider_exception(
  File "/usr/local/lib/python3.11/site-packages/scrapy/core/spidermw.py", line 256, in _process_spider_exception
    raise exception
  File "/usr/local/lib/python3.11/site-packages/scrapy/core/spidermw.py", line 179, in process_sync
    yield from iterable
  File "/usr/local/lib/python3.11/site-packages/scrapy/spidermiddlewares/base.py", line 60, in process_spider_output
    for o in result:
  File "/usr/local/lib/python3.11/site-packages/scrapy/core/spidermw.py", line 183, in process_sync
    self._process_spider_exception(
  File "/usr/local/lib/python3.11/site-packages/scrapy/core/spidermw.py", line 256, in _process_spider_exception
    raise exception
  File "/usr/local/lib/python3.11/site-packages/scrapy/core/spidermw.py", line 179, in process_sync
    yield from iterable
  File "/usr/local/lib/python3.11/site-packages/scrapy/spidermiddlewares/base.py", line 60, in process_spider_output
    for o in result:
  File "/usr/local/lib/python3.11/site-packages/scrapy/core/spidermw.py", line 183, in process_sync
    self._process_spider_exception(
  File "/usr/local/lib/python3.11/site-packages/scrapy/core/spidermw.py", line 256, in _process_spider_exception
    raise exception
  File "/usr/local/lib/python3.11/site-packages/scrapy/core/spidermw.py", line 179, in process_sync
    yield from iterable
  File "/usr/local/lib/python3.11/site-packages/scrapy/spidermiddlewares/depth.py", line 61, in process_spider_output
    yield from super().process_spider_output(response, result)
  File "/usr/local/lib/python3.11/site-packages/scrapy/spidermiddlewares/base.py", line 60, in process_spider_output
    for o in result:
  File "/usr/local/lib/python3.11/site-packages/scrapy/core/spidermw.py", line 183, in process_sync
    self._process_spider_exception(
  File "/usr/local/lib/python3.11/site-packages/scrapy/core/spidermw.py", line 256, in _process_spider_exception
    raise exception
  File "/usr/local/lib/python3.11/site-packages/scrapy/core/spidermw.py", line 179, in process_sync
    yield from iterable
  File "/app/zero_eu/zero_scraper/spiders/events_spider.py", line 227, in parse_event_page
    item["uuid"] = hashlib.sha256(uuid_string.encode('utf-8')).hexdigest()[:16]
    ~~~~^^^^^^^^
  File "/usr/local/lib/python3.11/site-packages/scrapy/item.py", line 98, in __setitem__
    raise KeyError(f"{self.__class__.__name__} does not support field: {key}")
KeyError: 'EventItem does not support field: uuid'
[2026-01-28T22:22:07.995+0000] {docker.py:429} INFO - 2026-01-28 22:22:07 [scrapy.core.engine] DEBUG: Crawled (200) <GET https://zero.eu/it/eventi/75053-cinema-farnese-persol-la-programmazione,roma/> (referer: https://zero.eu/api/v2/events?per_page=100&citta=12&_embed=true)
[2026-01-28T22:22:08.104+0000] {docker.py:429} INFO - 2026-01-28 22:22:08 [scrapy.core.scraper] ERROR: Spider error processing <GET https://zero.eu/it/eventi/75053-cinema-farnese-persol-la-programmazione,roma/> (referer: https://zero.eu/api/v2/events?per_page=100&citta=12&_embed=true)
Traceback (most recent call last):
  File "/usr/local/lib/python3.11/site-packages/scrapy/utils/defer.py", line 355, in iter_errback
    yield next(it)
          ^^^^^^^^
  File "/usr/local/lib/python3.11/site-packages/scrapy/utils/python.py", line 311, in __next__
    return next(self.data)
           ^^^^^^^^^^^^^^^
  File "/usr/local/lib/python3.11/site-packages/scrapy/utils/python.py", line 311, in __next__
    return next(self.data)
           ^^^^^^^^^^^^^^^
  File "/usr/local/lib/python3.11/site-packages/scrapy/core/spidermw.py", line 183, in process_sync
    self._process_spider_exception(
  File "/usr/local/lib/python3.11/site-packages/scrapy/core/spidermw.py", line 256, in _process_spider_exception
    raise exception
  File "/usr/local/lib/python3.11/site-packages/scrapy/core/spidermw.py", line 179, in process_sync
    yield from iterable
  File "/usr/local/lib/python3.11/site-packages/scrapy/spidermiddlewares/base.py", line 60, in process_spider_output
    for o in result:
  File "/usr/local/lib/python3.11/site-packages/scrapy/core/spidermw.py", line 183, in process_sync
    self._process_spider_exception(
  File "/usr/local/lib/python3.11/site-packages/scrapy/core/spidermw.py", line 256, in _process_spider_exception
    raise exception
  File "/usr/local/lib/python3.11/site-packages/scrapy/core/spidermw.py", line 179, in process_sync
    yield from iterable
  File "/usr/local/lib/python3.11/site-packages/scrapy/spidermiddlewares/base.py", line 60, in process_spider_output
    for o in result:
  File "/usr/local/lib/python3.11/site-packages/scrapy/core/spidermw.py", line 183, in process_sync
    self._process_spider_exception(
  File "/usr/local/lib/python3.11/site-packages/scrapy/core/spidermw.py", line 256, in _process_spider_exception
    raise exception
  File "/usr/local/lib/python3.11/site-packages/scrapy/core/spidermw.py", line 179, in process_sync
    yield from iterable
  File "/usr/local/lib/python3.11/site-packages/scrapy/spidermiddlewares/base.py", line 60, in process_spider_output
    for o in result:
  File "/usr/local/lib/python3.11/site-packages/scrapy/core/spidermw.py", line 183, in process_sync
    self._process_spider_exception(
  File "/usr/local/lib/python3.11/site-packages/scrapy/core/spidermw.py", line 256, in _process_spider_exception
    raise exception
  File "/usr/local/lib/python3.11/site-packages/scrapy/core/spidermw.py", line 179, in process_sync
    yield from iterable
  File "/usr/local/lib/python3.11/site-packages/scrapy/spidermiddlewares/depth.py", line 61, in process_spider_output
    yield from super().process_spider_output(response, result)
  File "/usr/local/lib/python3.11/site-packages/scrapy/spidermiddlewares/base.py", line 60, in process_spider_output
    for o in result:
  File "/usr/local/lib/python3.11/site-packages/scrapy/core/spidermw.py", line 183, in process_sync
    self._process_spider_exception(
  File "/usr/local/lib/python3.11/site-packages/scrapy/core/spidermw.py", line 256, in _process_spider_exception
    raise exception
  File "/usr/local/lib/python3.11/site-packages/scrapy/core/spidermw.py", line 179, in process_sync
    yield from iterable
  File "/app/zero_eu/zero_scraper/spiders/events_spider.py", line 227, in parse_event_page
    item["uuid"] = hashlib.sha256(uuid_string.encode('utf-8')).hexdigest()[:16]
    ~~~~^^^^^^^^
  File "/usr/local/lib/python3.11/site-packages/scrapy/item.py", line 98, in __setitem__
    raise KeyError(f"{self.__class__.__name__} does not support field: {key}")
KeyError: 'EventItem does not support field: uuid'
[2026-01-28T22:22:08.104+0000] {docker.py:429} INFO - 2026-01-28 22:22:08 [scrapy.core.engine] INFO: Closing spider (finished)
[2026-01-28T22:22:08.106+0000] {docker.py:429} INFO - 2026-01-28 22:22:08 [scrapy.extensions.feedexport] INFO: Stored json feed (0 items) in: /app/zero_eu/output/eventi_zero_torino_20260128_222114.json
[2026-01-28T22:22:08.107+0000] {docker.py:429} INFO - 2026-01-28 22:22:08 [scrapy.statscollectors] INFO: Dumping Scrapy stats:
{'downloader/request_bytes': 17403,
 'downloader/request_count': 39,
 'downloader/request_method_count/GET': 39,
 'downloader/response_bytes': 3101262,
 'downloader/response_count': 39,
 'downloader/response_status_count/200': 39,
 'elapsed_time_seconds': 53.92674,
 'feedexport/success_count/FileFeedStorage': 1,
 'finish_reason': 'finished',
 'finish_time': datetime.datetime(2026, 1, 28, 22, 22, 8, 103978, tzinfo=datetime.timezone.utc),
 'httpcompression/response_bytes': 3011687,
 'httpcompression/response_count': 37,
 'items_per_minute': 0.0,
 'log_count/DEBUG': 39,
 'log_count/ERROR': 37,
 'log_count/INFO': 4,
 'memusage/max': 68677632,
 'memusage/startup': 68677632,
 'request_depth_max': 2,
 'response_received_count': 39,
 'responses_per_minute': 44.15094339622642,
 'scheduler/dequeued': 39,
 'scheduler/dequeued/memory': 39,
 'scheduler/enqueued': 39,
 'scheduler/enqueued/memory': 39,
 'spider_exceptions/KeyError': 37,
 'spider_exceptions/count': 37,
 'start_time': datetime.datetime(2026, 1, 28, 22, 21, 14, 177238, tzinfo=datetime.timezone.utc)}
2026-01-28 22:22:08 [scrapy.core.engine] INFO: Spider closed (finished)
[2026-01-28T22:22:08.176+0000] {docker.py:429} INFO - ========================================
            REPORT SCRAPING             
========================================
Città scaricate: Torino
File: /app/zero_eu/output/eventi_zero_torino_20260128_222114.json
========================================
[2026-01-28T22:22:08.420+0000] {taskinstance.py:1138} INFO - Marking task as SUCCESS. dag_id=etl_events_daily, task_id=process_torino.scrape_zero_eu, execution_date=20260128T221944, start_date=20260128T222113, end_date=20260128T222208
[2026-01-28T22:22:08.455+0000] {local_task_job_runner.py:234} INFO - Task exited with return code 0
[2026-01-28T22:22:08.492+0000] {taskinstance.py:3280} INFO - 0 downstream tasks scheduled from follow-on schedule check
