[2026-01-30T14:23:17.819+0000] {taskinstance.py:1956} INFO - Dependencies all met for dep_context=non-requeueable deps ti=<TaskInstance: etl_events_daily.process_bologna.scrape_zero_eu scheduled__2026-01-29T06:00:00+00:00 [queued]>
[2026-01-30T14:23:17.825+0000] {taskinstance.py:1956} INFO - Dependencies all met for dep_context=requeueable deps ti=<TaskInstance: etl_events_daily.process_bologna.scrape_zero_eu scheduled__2026-01-29T06:00:00+00:00 [queued]>
[2026-01-30T14:23:17.826+0000] {taskinstance.py:2170} INFO - Starting attempt 1 of 4
[2026-01-30T14:23:17.836+0000] {taskinstance.py:2191} INFO - Executing <Task(FilterableDockerOperator): process_bologna.scrape_zero_eu> on 2026-01-29 06:00:00+00:00
[2026-01-30T14:23:17.843+0000] {standard_task_runner.py:60} INFO - Started process 254 to run task
[2026-01-30T14:23:17.845+0000] {standard_task_runner.py:87} INFO - Running: ['airflow', 'tasks', 'run', 'etl_events_daily', 'process_bologna.scrape_zero_eu', 'scheduled__2026-01-29T06:00:00+00:00', '--job-id', '303', '--raw', '--subdir', 'DAGS_FOLDER/scrape_events.py', '--cfg-path', '/tmp/tmp8icti1_x']
[2026-01-30T14:23:17.847+0000] {standard_task_runner.py:88} INFO - Job 303: Subtask process_bologna.scrape_zero_eu
[2026-01-30T14:23:17.865+0000] {logging_mixin.py:188} WARNING - /home/airflow/.local/lib/python3.11/site-packages/airflow/settings.py:194 DeprecationWarning: The sql_alchemy_conn option in [core] has been moved to the sql_alchemy_conn option in [database] - the old setting has been used, but please update your config.
[2026-01-30T14:23:17.915+0000] {task_command.py:423} INFO - Running <TaskInstance: etl_events_daily.process_bologna.scrape_zero_eu scheduled__2026-01-29T06:00:00+00:00 [running]> on host a9aac56aef94
[2026-01-30T14:23:18.031+0000] {taskinstance.py:2480} INFO - Exporting env vars: AIRFLOW_CTX_DAG_OWNER='airflow' AIRFLOW_CTX_DAG_ID='etl_events_daily' AIRFLOW_CTX_TASK_ID='process_bologna.scrape_zero_eu' AIRFLOW_CTX_EXECUTION_DATE='2026-01-29T06:00:00+00:00' AIRFLOW_CTX_TRY_NUMBER='1' AIRFLOW_CTX_DAG_RUN_ID='scheduled__2026-01-29T06:00:00+00:00'
[2026-01-30T14:23:18.058+0000] {docker.py:359} INFO - Starting docker container from image scrapy-events:latest
[2026-01-30T14:23:18.066+0000] {docker.py:367} WARNING - Using remote engine or docker-in-docker and mounting temporary volume from host is not supported. Falling back to `mount_tmp_dir=False` mode. You can set `mount_tmp_dir` parameter to False to disable mounting and remove the warning
[2026-01-30T14:23:18.844+0000] {docker.py:429} INFO - Avvio scraping Zero.eu per: Bologna
[2026-01-30T14:23:18.848+0000] {docker.py:429} INFO - 2026-01-30 14:23:18 [scrapy.utils.log] INFO: Scrapy 2.14.1 started (bot: zero_scraper)
[2026-01-30T14:23:18.858+0000] {docker.py:429} INFO - 2026-01-30 14:23:18 [scrapy.utils.log] INFO: Versions:
{'lxml': '6.0.2',
 'libxml2': '2.14.6',
 'cssselect': '1.3.0',
 'parsel': '1.10.0',
 'w3lib': '2.3.1',
 'Twisted': '25.5.0',
 'Python': '3.11.14 (main, Jan 13 2026, 03:12:14) [GCC 14.2.0]',
 'pyOpenSSL': '25.3.0 (OpenSSL 3.5.4 30 Sep 2025)',
 'cryptography': '46.0.3',
 'Platform': 'Linux-6.12.54-linuxkit-x86_64-with-glibc2.41'}
2026-01-30 14:23:18 [scrapy.crawler] DEBUG: Using CrawlerProcess
[2026-01-30T14:23:18.860+0000] {docker.py:429} INFO - 2026-01-30 14:23:18 [scrapy.addons] INFO: Enabled addons:
[]
[2026-01-30T14:23:18.863+0000] {docker.py:429} INFO - 2026-01-30 14:23:18 [asyncio] DEBUG: Using selector: EpollSelector
[2026-01-30T14:23:18.863+0000] {docker.py:429} INFO - 2026-01-30 14:23:18 [scrapy.utils.log] DEBUG: Using reactor: twisted.internet.asyncioreactor.AsyncioSelectorReactor
2026-01-30 14:23:18 [scrapy.utils.log] DEBUG: Using asyncio event loop: asyncio.unix_events._UnixSelectorEventLoop
[2026-01-30T14:23:18.869+0000] {docker.py:429} INFO - 2026-01-30 14:23:18 [scrapy.extensions.telnet] INFO: Telnet Password: ad2f6708fcc9edb4
[2026-01-30T14:23:18.937+0000] {docker.py:429} INFO - 2026-01-30 14:23:18 [scrapy.middleware] INFO: Enabled extensions:
['scrapy.extensions.corestats.CoreStats',
 'scrapy.extensions.logcount.LogCount',
 'scrapy.extensions.telnet.TelnetConsole',
 'scrapy.extensions.memusage.MemoryUsage',
 'scrapy.extensions.feedexport.FeedExporter',
 'scrapy.extensions.logstats.LogStats']
[2026-01-30T14:23:18.938+0000] {docker.py:429} INFO - 2026-01-30 14:23:18 [scrapy.crawler] INFO: Overridden settings:
{'BOT_NAME': 'zero_scraper',
 'CONCURRENT_REQUESTS': 2,
 'CONCURRENT_REQUESTS_PER_DOMAIN': 1,
 'DOWNLOAD_DELAY': 0.5,
 'FEED_EXPORT_ENCODING': 'utf-8',
 'NEWSPIDER_MODULE': 'zero_scraper.spiders',
 'SPIDER_MODULES': ['zero_scraper.spiders'],
 'USER_AGENT': 'Mozilla/5.0 (Macintosh; Intel Mac OS X 10_15_7) '
               'AppleWebKit/537.36 (KHTML, like Gecko) Chrome/120.0.0.0 '
               'Safari/537.36'}
[2026-01-30T14:23:19.004+0000] {docker.py:429} INFO - 2026-01-30 14:23:19 [scrapy.middleware] INFO: Enabled downloader middlewares:
['scrapy.downloadermiddlewares.offsite.OffsiteMiddleware',
 'scrapy.downloadermiddlewares.httpauth.HttpAuthMiddleware',
 'scrapy.downloadermiddlewares.downloadtimeout.DownloadTimeoutMiddleware',
 'scrapy.downloadermiddlewares.defaultheaders.DefaultHeadersMiddleware',
 'scrapy.downloadermiddlewares.useragent.UserAgentMiddleware',
 'scrapy.downloadermiddlewares.retry.RetryMiddleware',
 'scrapy.downloadermiddlewares.redirect.MetaRefreshMiddleware',
 'scrapy.downloadermiddlewares.httpcompression.HttpCompressionMiddleware',
 'scrapy.downloadermiddlewares.redirect.RedirectMiddleware',
 'scrapy.downloadermiddlewares.cookies.CookiesMiddleware',
 'scrapy.downloadermiddlewares.httpproxy.HttpProxyMiddleware',
 'scrapy.downloadermiddlewares.stats.DownloaderStats']
[2026-01-30T14:23:19.009+0000] {docker.py:429} INFO - 2026-01-30 14:23:19 [scrapy.middleware] INFO: Enabled spider middlewares:
['scrapy.spidermiddlewares.start.StartSpiderMiddleware',
 'scrapy.spidermiddlewares.httperror.HttpErrorMiddleware',
 'scrapy.spidermiddlewares.referer.RefererMiddleware',
 'scrapy.spidermiddlewares.urllength.UrlLengthMiddleware',
 'scrapy.spidermiddlewares.depth.DepthMiddleware']
[2026-01-30T14:23:19.009+0000] {docker.py:429} INFO - 2026-01-30 14:23:19 [scrapy.middleware] INFO: Enabled item pipelines:
[]
[2026-01-30T14:23:19.010+0000] {docker.py:429} INFO - Output file: /app/zero_eu/output/eventi_zero_bologna_20260130_142318.json
[2026-01-30T14:23:19.010+0000] {docker.py:429} INFO - 2026-01-30 14:23:19 [scrapy.core.engine] INFO: Spider opened
[2026-01-30T14:23:19.021+0000] {docker.py:429} INFO - 2026-01-30 14:23:19 [py.warnings] WARNING: /usr/local/lib/python3.11/site-packages/scrapy/core/spidermw.py:490: ScrapyDeprecationWarning: zero_scraper.spiders.events_spider.EventsSpider defines the deprecated start_requests() method. start_requests() has been deprecated in favor of a new method, start(), to support asynchronous code execution. start_requests() will stop being called in a future version of Scrapy. If you use Scrapy 2.13 or higher only, replace start_requests() with start(); note that start() is a coroutine (async def). If you need to maintain compatibility with lower Scrapy versions, when overriding start_requests() in a spider class, override start() as well; you can use super() to reuse the inherited start() implementation without copy-pasting. See the release notes of Scrapy 2.13 for details: https://docs.scrapy.org/en/2.13/news.html
  warn(
[2026-01-30T14:23:19.022+0000] {docker.py:429} INFO - 2026-01-30 14:23:19 [scrapy.extensions.logstats] INFO: Crawled 0 pages (at 0 pages/min), scraped 0 items (at 0 items/min)
[2026-01-30T14:23:19.023+0000] {docker.py:429} INFO - 2026-01-30 14:23:19 [scrapy.extensions.telnet] INFO: Telnet console listening on 127.0.0.1:6023
[2026-01-30T14:23:39.701+0000] {docker.py:429} INFO - 2026-01-30 14:23:39 [scrapy.core.engine] DEBUG: Crawled (200) <GET https://zero.eu/api/wp/v2/citta?per_page=100> (referer: None)
[2026-01-30T14:23:39.818+0000] {docker.py:429} INFO - 2026-01-30 14:23:39 [events] INFO: Found city ID for 'bologna': 13
[2026-01-30T14:23:51.680+0000] {docker.py:429} INFO - 2026-01-30 14:23:51 [scrapy.core.engine] DEBUG: Crawled (200) <GET https://zero.eu/api/v2/events?per_page=100&citta=13&_embed=true> (referer: https://zero.eu/api/wp/v2/citta?per_page=100)
[2026-01-30T14:23:53.309+0000] {docker.py:429} INFO - 2026-01-30 14:23:53 [scrapy.core.engine] DEBUG: Crawled (200) <GET https://zero.eu/it/eventi/358319-b-a-n,roma/> (referer: https://zero.eu/api/v2/events?per_page=100&citta=13&_embed=true)
[2026-01-30T14:23:53.415+0000] {docker.py:429} INFO - 2026-01-30 14:23:53 [scrapy.core.scraper] ERROR: Spider error processing <GET https://zero.eu/it/eventi/358319-b-a-n,roma/> (referer: https://zero.eu/api/v2/events?per_page=100&citta=13&_embed=true)
Traceback (most recent call last):
  File "/usr/local/lib/python3.11/site-packages/scrapy/utils/defer.py", line 355, in iter_errback
    yield next(it)
          ^^^^^^^^
  File "/usr/local/lib/python3.11/site-packages/scrapy/utils/python.py", line 311, in __next__
    return next(self.data)
           ^^^^^^^^^^^^^^^
  File "/usr/local/lib/python3.11/site-packages/scrapy/utils/python.py", line 311, in __next__
    return next(self.data)
           ^^^^^^^^^^^^^^^
  File "/usr/local/lib/python3.11/site-packages/scrapy/core/spidermw.py", line 183, in process_sync
    self._process_spider_exception(
  File "/usr/local/lib/python3.11/site-packages/scrapy/core/spidermw.py", line 256, in _process_spider_exception
    raise exception
  File "/usr/local/lib/python3.11/site-packages/scrapy/core/spidermw.py", line 179, in process_sync
    yield from iterable
  File "/usr/local/lib/python3.11/site-packages/scrapy/spidermiddlewares/base.py", line 60, in process_spider_output
    for o in result:
  File "/usr/local/lib/python3.11/site-packages/scrapy/core/spidermw.py", line 183, in process_sync
    self._process_spider_exception(
  File "/usr/local/lib/python3.11/site-packages/scrapy/core/spidermw.py", line 256, in _process_spider_exception
    raise exception
  File "/usr/local/lib/python3.11/site-packages/scrapy/core/spidermw.py", line 179, in process_sync
    yield from iterable
  File "/usr/local/lib/python3.11/site-packages/scrapy/spidermiddlewares/base.py", line 60, in process_spider_output
    for o in result:
  File "/usr/local/lib/python3.11/site-packages/scrapy/core/spidermw.py", line 183, in process_sync
    self._process_spider_exception(
  File "/usr/local/lib/python3.11/site-packages/scrapy/core/spidermw.py", line 256, in _process_spider_exception
    raise exception
  File "/usr/local/lib/python3.11/site-packages/scrapy/core/spidermw.py", line 179, in process_sync
    yield from iterable
  File "/usr/local/lib/python3.11/site-packages/scrapy/spidermiddlewares/base.py", line 60, in process_spider_output
    for o in result:
  File "/usr/local/lib/python3.11/site-packages/scrapy/core/spidermw.py", line 183, in process_sync
    self._process_spider_exception(
  File "/usr/local/lib/python3.11/site-packages/scrapy/core/spidermw.py", line 256, in _process_spider_exception
    raise exception
  File "/usr/local/lib/python3.11/site-packages/scrapy/core/spidermw.py", line 179, in process_sync
    yield from iterable
  File "/usr/local/lib/python3.11/site-packages/scrapy/spidermiddlewares/depth.py", line 61, in process_spider_output
    yield from super().process_spider_output(response, result)
  File "/usr/local/lib/python3.11/site-packages/scrapy/spidermiddlewares/base.py", line 60, in process_spider_output
    for o in result:
  File "/usr/local/lib/python3.11/site-packages/scrapy/core/spidermw.py", line 183, in process_sync
    self._process_spider_exception(
  File "/usr/local/lib/python3.11/site-packages/scrapy/core/spidermw.py", line 256, in _process_spider_exception
    raise exception
  File "/usr/local/lib/python3.11/site-packages/scrapy/core/spidermw.py", line 179, in process_sync
    yield from iterable
  File "/app/zero_eu/zero_scraper/spiders/events_spider.py", line 227, in parse_event_page
    item["uuid"] = hashlib.sha256(uuid_string.encode('utf-8')).hexdigest()[:16]
    ~~~~^^^^^^^^
  File "/usr/local/lib/python3.11/site-packages/scrapy/item.py", line 98, in __setitem__
    raise KeyError(f"{self.__class__.__name__} does not support field: {key}")
KeyError: 'EventItem does not support field: uuid'
[2026-01-30T14:23:54.337+0000] {docker.py:429} INFO - 2026-01-30 14:23:54 [scrapy.core.engine] DEBUG: Crawled (200) <GET https://zero.eu/it/eventi/327513-sciccherie-2026,roma/> (referer: https://zero.eu/api/v2/events?per_page=100&citta=13&_embed=true)
[2026-01-30T14:23:54.442+0000] {docker.py:429} INFO - 2026-01-30 14:23:54 [scrapy.core.scraper] ERROR: Spider error processing <GET https://zero.eu/it/eventi/327513-sciccherie-2026,roma/> (referer: https://zero.eu/api/v2/events?per_page=100&citta=13&_embed=true)
Traceback (most recent call last):
  File "/usr/local/lib/python3.11/site-packages/scrapy/utils/defer.py", line 355, in iter_errback
    yield next(it)
          ^^^^^^^^
  File "/usr/local/lib/python3.11/site-packages/scrapy/utils/python.py", line 311, in __next__
    return next(self.data)
           ^^^^^^^^^^^^^^^
  File "/usr/local/lib/python3.11/site-packages/scrapy/utils/python.py", line 311, in __next__
    return next(self.data)
           ^^^^^^^^^^^^^^^
  File "/usr/local/lib/python3.11/site-packages/scrapy/core/spidermw.py", line 183, in process_sync
    self._process_spider_exception(
  File "/usr/local/lib/python3.11/site-packages/scrapy/core/spidermw.py", line 256, in _process_spider_exception
    raise exception
  File "/usr/local/lib/python3.11/site-packages/scrapy/core/spidermw.py", line 179, in process_sync
    yield from iterable
  File "/usr/local/lib/python3.11/site-packages/scrapy/spidermiddlewares/base.py", line 60, in process_spider_output
    for o in result:
  File "/usr/local/lib/python3.11/site-packages/scrapy/core/spidermw.py", line 183, in process_sync
    self._process_spider_exception(
  File "/usr/local/lib/python3.11/site-packages/scrapy/core/spidermw.py", line 256, in _process_spider_exception
    raise exception
  File "/usr/local/lib/python3.11/site-packages/scrapy/core/spidermw.py", line 179, in process_sync
    yield from iterable
  File "/usr/local/lib/python3.11/site-packages/scrapy/spidermiddlewares/base.py", line 60, in process_spider_output
    for o in result:
  File "/usr/local/lib/python3.11/site-packages/scrapy/core/spidermw.py", line 183, in process_sync
    self._process_spider_exception(
  File "/usr/local/lib/python3.11/site-packages/scrapy/core/spidermw.py", line 256, in _process_spider_exception
    raise exception
  File "/usr/local/lib/python3.11/site-packages/scrapy/core/spidermw.py", line 179, in process_sync
    yield from iterable
  File "/usr/local/lib/python3.11/site-packages/scrapy/spidermiddlewares/base.py", line 60, in process_spider_output
    for o in result:
  File "/usr/local/lib/python3.11/site-packages/scrapy/core/spidermw.py", line 183, in process_sync
    self._process_spider_exception(
  File "/usr/local/lib/python3.11/site-packages/scrapy/core/spidermw.py", line 256, in _process_spider_exception
    raise exception
  File "/usr/local/lib/python3.11/site-packages/scrapy/core/spidermw.py", line 179, in process_sync
    yield from iterable
  File "/usr/local/lib/python3.11/site-packages/scrapy/spidermiddlewares/depth.py", line 61, in process_spider_output
    yield from super().process_spider_output(response, result)
  File "/usr/local/lib/python3.11/site-packages/scrapy/spidermiddlewares/base.py", line 60, in process_spider_output
    for o in result:
  File "/usr/local/lib/python3.11/site-packages/scrapy/core/spidermw.py", line 183, in process_sync
    self._process_spider_exception(
  File "/usr/local/lib/python3.11/site-packages/scrapy/core/spidermw.py", line 256, in _process_spider_exception
    raise exception
  File "/usr/local/lib/python3.11/site-packages/scrapy/core/spidermw.py", line 179, in process_sync
    yield from iterable
  File "/app/zero_eu/zero_scraper/spiders/events_spider.py", line 227, in parse_event_page
    item["uuid"] = hashlib.sha256(uuid_string.encode('utf-8')).hexdigest()[:16]
    ~~~~^^^^^^^^
  File "/usr/local/lib/python3.11/site-packages/scrapy/item.py", line 98, in __setitem__
    raise KeyError(f"{self.__class__.__name__} does not support field: {key}")
KeyError: 'EventItem does not support field: uuid'
[2026-01-30T14:23:55.905+0000] {docker.py:429} INFO - 2026-01-30 14:23:55 [scrapy.core.engine] DEBUG: Crawled (200) <GET https://zero.eu/it/eventi/358189-rbsn-devra-arci-biko,milano/> (referer: https://zero.eu/api/v2/events?per_page=100&citta=13&_embed=true)
[2026-01-30T14:23:56.009+0000] {docker.py:429} INFO - 2026-01-30 14:23:56 [scrapy.core.scraper] ERROR: Spider error processing <GET https://zero.eu/it/eventi/358189-rbsn-devra-arci-biko,milano/> (referer: https://zero.eu/api/v2/events?per_page=100&citta=13&_embed=true)
Traceback (most recent call last):
  File "/usr/local/lib/python3.11/site-packages/scrapy/utils/defer.py", line 355, in iter_errback
    yield next(it)
          ^^^^^^^^
  File "/usr/local/lib/python3.11/site-packages/scrapy/utils/python.py", line 311, in __next__
    return next(self.data)
           ^^^^^^^^^^^^^^^
  File "/usr/local/lib/python3.11/site-packages/scrapy/utils/python.py", line 311, in __next__
    return next(self.data)
           ^^^^^^^^^^^^^^^
  File "/usr/local/lib/python3.11/site-packages/scrapy/core/spidermw.py", line 183, in process_sync
    self._process_spider_exception(
  File "/usr/local/lib/python3.11/site-packages/scrapy/core/spidermw.py", line 256, in _process_spider_exception
    raise exception
  File "/usr/local/lib/python3.11/site-packages/scrapy/core/spidermw.py", line 179, in process_sync
    yield from iterable
  File "/usr/local/lib/python3.11/site-packages/scrapy/spidermiddlewares/base.py", line 60, in process_spider_output
    for o in result:
  File "/usr/local/lib/python3.11/site-packages/scrapy/core/spidermw.py", line 183, in process_sync
    self._process_spider_exception(
  File "/usr/local/lib/python3.11/site-packages/scrapy/core/spidermw.py", line 256, in _process_spider_exception
    raise exception
  File "/usr/local/lib/python3.11/site-packages/scrapy/core/spidermw.py", line 179, in process_sync
    yield from iterable
  File "/usr/local/lib/python3.11/site-packages/scrapy/spidermiddlewares/base.py", line 60, in process_spider_output
    for o in result:
  File "/usr/local/lib/python3.11/site-packages/scrapy/core/spidermw.py", line 183, in process_sync
    self._process_spider_exception(
  File "/usr/local/lib/python3.11/site-packages/scrapy/core/spidermw.py", line 256, in _process_spider_exception
    raise exception
  File "/usr/local/lib/python3.11/site-packages/scrapy/core/spidermw.py", line 179, in process_sync
    yield from iterable
  File "/usr/local/lib/python3.11/site-packages/scrapy/spidermiddlewares/base.py", line 60, in process_spider_output
    for o in result:
  File "/usr/local/lib/python3.11/site-packages/scrapy/core/spidermw.py", line 183, in process_sync
    self._process_spider_exception(
  File "/usr/local/lib/python3.11/site-packages/scrapy/core/spidermw.py", line 256, in _process_spider_exception
    raise exception
  File "/usr/local/lib/python3.11/site-packages/scrapy/core/spidermw.py", line 179, in process_sync
    yield from iterable
  File "/usr/local/lib/python3.11/site-packages/scrapy/spidermiddlewares/depth.py", line 61, in process_spider_output
    yield from super().process_spider_output(response, result)
  File "/usr/local/lib/python3.11/site-packages/scrapy/spidermiddlewares/base.py", line 60, in process_spider_output
    for o in result:
  File "/usr/local/lib/python3.11/site-packages/scrapy/core/spidermw.py", line 183, in process_sync
    self._process_spider_exception(
  File "/usr/local/lib/python3.11/site-packages/scrapy/core/spidermw.py", line 256, in _process_spider_exception
    raise exception
  File "/usr/local/lib/python3.11/site-packages/scrapy/core/spidermw.py", line 179, in process_sync
    yield from iterable
  File "/app/zero_eu/zero_scraper/spiders/events_spider.py", line 227, in parse_event_page
    item["uuid"] = hashlib.sha256(uuid_string.encode('utf-8')).hexdigest()[:16]
    ~~~~^^^^^^^^
  File "/usr/local/lib/python3.11/site-packages/scrapy/item.py", line 98, in __setitem__
    raise KeyError(f"{self.__class__.__name__} does not support field: {key}")
KeyError: 'EventItem does not support field: uuid'
[2026-01-30T14:23:57.733+0000] {docker.py:429} INFO - 2026-01-30 14:23:57 [scrapy.core.engine] DEBUG: Crawled (200) <GET https://zero.eu/it/eventi/358126-assalto-alle-piattaforme,roma/> (referer: https://zero.eu/api/v2/events?per_page=100&citta=13&_embed=true)
[2026-01-30T14:23:57.837+0000] {docker.py:429} INFO - 2026-01-30 14:23:57 [scrapy.core.scraper] ERROR: Spider error processing <GET https://zero.eu/it/eventi/358126-assalto-alle-piattaforme,roma/> (referer: https://zero.eu/api/v2/events?per_page=100&citta=13&_embed=true)
Traceback (most recent call last):
  File "/usr/local/lib/python3.11/site-packages/scrapy/utils/defer.py", line 355, in iter_errback
    yield next(it)
          ^^^^^^^^
  File "/usr/local/lib/python3.11/site-packages/scrapy/utils/python.py", line 311, in __next__
    return next(self.data)
           ^^^^^^^^^^^^^^^
  File "/usr/local/lib/python3.11/site-packages/scrapy/utils/python.py", line 311, in __next__
    return next(self.data)
           ^^^^^^^^^^^^^^^
  File "/usr/local/lib/python3.11/site-packages/scrapy/core/spidermw.py", line 183, in process_sync
    self._process_spider_exception(
  File "/usr/local/lib/python3.11/site-packages/scrapy/core/spidermw.py", line 256, in _process_spider_exception
    raise exception
  File "/usr/local/lib/python3.11/site-packages/scrapy/core/spidermw.py", line 179, in process_sync
    yield from iterable
  File "/usr/local/lib/python3.11/site-packages/scrapy/spidermiddlewares/base.py", line 60, in process_spider_output
    for o in result:
  File "/usr/local/lib/python3.11/site-packages/scrapy/core/spidermw.py", line 183, in process_sync
    self._process_spider_exception(
  File "/usr/local/lib/python3.11/site-packages/scrapy/core/spidermw.py", line 256, in _process_spider_exception
    raise exception
  File "/usr/local/lib/python3.11/site-packages/scrapy/core/spidermw.py", line 179, in process_sync
    yield from iterable
  File "/usr/local/lib/python3.11/site-packages/scrapy/spidermiddlewares/base.py", line 60, in process_spider_output
    for o in result:
  File "/usr/local/lib/python3.11/site-packages/scrapy/core/spidermw.py", line 183, in process_sync
    self._process_spider_exception(
  File "/usr/local/lib/python3.11/site-packages/scrapy/core/spidermw.py", line 256, in _process_spider_exception
    raise exception
  File "/usr/local/lib/python3.11/site-packages/scrapy/core/spidermw.py", line 179, in process_sync
    yield from iterable
  File "/usr/local/lib/python3.11/site-packages/scrapy/spidermiddlewares/base.py", line 60, in process_spider_output
    for o in result:
  File "/usr/local/lib/python3.11/site-packages/scrapy/core/spidermw.py", line 183, in process_sync
    self._process_spider_exception(
  File "/usr/local/lib/python3.11/site-packages/scrapy/core/spidermw.py", line 256, in _process_spider_exception
    raise exception
  File "/usr/local/lib/python3.11/site-packages/scrapy/core/spidermw.py", line 179, in process_sync
    yield from iterable
  File "/usr/local/lib/python3.11/site-packages/scrapy/spidermiddlewares/depth.py", line 61, in process_spider_output
    yield from super().process_spider_output(response, result)
  File "/usr/local/lib/python3.11/site-packages/scrapy/spidermiddlewares/base.py", line 60, in process_spider_output
    for o in result:
  File "/usr/local/lib/python3.11/site-packages/scrapy/core/spidermw.py", line 183, in process_sync
    self._process_spider_exception(
  File "/usr/local/lib/python3.11/site-packages/scrapy/core/spidermw.py", line 256, in _process_spider_exception
    raise exception
  File "/usr/local/lib/python3.11/site-packages/scrapy/core/spidermw.py", line 179, in process_sync
    yield from iterable
  File "/app/zero_eu/zero_scraper/spiders/events_spider.py", line 227, in parse_event_page
    item["uuid"] = hashlib.sha256(uuid_string.encode('utf-8')).hexdigest()[:16]
    ~~~~^^^^^^^^
  File "/usr/local/lib/python3.11/site-packages/scrapy/item.py", line 98, in __setitem__
    raise KeyError(f"{self.__class__.__name__} does not support field: {key}")
KeyError: 'EventItem does not support field: uuid'
[2026-01-30T14:23:58.928+0000] {docker.py:429} INFO - 2026-01-30 14:23:58 [scrapy.core.engine] DEBUG: Crawled (200) <GET https://zero.eu/it/eventi/358035-enter-the-oblivion,roma/> (referer: https://zero.eu/api/v2/events?per_page=100&citta=13&_embed=true)
[2026-01-30T14:23:59.033+0000] {docker.py:429} INFO - 2026-01-30 14:23:59 [scrapy.core.scraper] ERROR: Spider error processing <GET https://zero.eu/it/eventi/358035-enter-the-oblivion,roma/> (referer: https://zero.eu/api/v2/events?per_page=100&citta=13&_embed=true)
Traceback (most recent call last):
  File "/usr/local/lib/python3.11/site-packages/scrapy/utils/defer.py", line 355, in iter_errback
    yield next(it)
          ^^^^^^^^
  File "/usr/local/lib/python3.11/site-packages/scrapy/utils/python.py", line 311, in __next__
    return next(self.data)
           ^^^^^^^^^^^^^^^
  File "/usr/local/lib/python3.11/site-packages/scrapy/utils/python.py", line 311, in __next__
    return next(self.data)
           ^^^^^^^^^^^^^^^
  File "/usr/local/lib/python3.11/site-packages/scrapy/core/spidermw.py", line 183, in process_sync
    self._process_spider_exception(
  File "/usr/local/lib/python3.11/site-packages/scrapy/core/spidermw.py", line 256, in _process_spider_exception
    raise exception
  File "/usr/local/lib/python3.11/site-packages/scrapy/core/spidermw.py", line 179, in process_sync
    yield from iterable
  File "/usr/local/lib/python3.11/site-packages/scrapy/spidermiddlewares/base.py", line 60, in process_spider_output
    for o in result:
  File "/usr/local/lib/python3.11/site-packages/scrapy/core/spidermw.py", line 183, in process_sync
    self._process_spider_exception(
  File "/usr/local/lib/python3.11/site-packages/scrapy/core/spidermw.py", line 256, in _process_spider_exception
    raise exception
  File "/usr/local/lib/python3.11/site-packages/scrapy/core/spidermw.py", line 179, in process_sync
    yield from iterable
  File "/usr/local/lib/python3.11/site-packages/scrapy/spidermiddlewares/base.py", line 60, in process_spider_output
    for o in result:
  File "/usr/local/lib/python3.11/site-packages/scrapy/core/spidermw.py", line 183, in process_sync
    self._process_spider_exception(
  File "/usr/local/lib/python3.11/site-packages/scrapy/core/spidermw.py", line 256, in _process_spider_exception
    raise exception
  File "/usr/local/lib/python3.11/site-packages/scrapy/core/spidermw.py", line 179, in process_sync
    yield from iterable
  File "/usr/local/lib/python3.11/site-packages/scrapy/spidermiddlewares/base.py", line 60, in process_spider_output
    for o in result:
  File "/usr/local/lib/python3.11/site-packages/scrapy/core/spidermw.py", line 183, in process_sync
    self._process_spider_exception(
  File "/usr/local/lib/python3.11/site-packages/scrapy/core/spidermw.py", line 256, in _process_spider_exception
    raise exception
  File "/usr/local/lib/python3.11/site-packages/scrapy/core/spidermw.py", line 179, in process_sync
    yield from iterable
  File "/usr/local/lib/python3.11/site-packages/scrapy/spidermiddlewares/depth.py", line 61, in process_spider_output
    yield from super().process_spider_output(response, result)
  File "/usr/local/lib/python3.11/site-packages/scrapy/spidermiddlewares/base.py", line 60, in process_spider_output
    for o in result:
  File "/usr/local/lib/python3.11/site-packages/scrapy/core/spidermw.py", line 183, in process_sync
    self._process_spider_exception(
  File "/usr/local/lib/python3.11/site-packages/scrapy/core/spidermw.py", line 256, in _process_spider_exception
    raise exception
  File "/usr/local/lib/python3.11/site-packages/scrapy/core/spidermw.py", line 179, in process_sync
    yield from iterable
  File "/app/zero_eu/zero_scraper/spiders/events_spider.py", line 227, in parse_event_page
    item["uuid"] = hashlib.sha256(uuid_string.encode('utf-8')).hexdigest()[:16]
    ~~~~^^^^^^^^
  File "/usr/local/lib/python3.11/site-packages/scrapy/item.py", line 98, in __setitem__
    raise KeyError(f"{self.__class__.__name__} does not support field: {key}")
KeyError: 'EventItem does not support field: uuid'
[2026-01-30T14:24:00.172+0000] {docker.py:429} INFO - 2026-01-30 14:24:00 [scrapy.core.engine] DEBUG: Crawled (200) <GET https://zero.eu/it/eventi/357996-michele-massarenti-ideale-e-miraggio,bologna/> (referer: https://zero.eu/api/v2/events?per_page=100&citta=13&_embed=true)
[2026-01-30T14:24:00.277+0000] {docker.py:429} INFO - 2026-01-30 14:24:00 [scrapy.core.scraper] ERROR: Spider error processing <GET https://zero.eu/it/eventi/357996-michele-massarenti-ideale-e-miraggio,bologna/> (referer: https://zero.eu/api/v2/events?per_page=100&citta=13&_embed=true)
Traceback (most recent call last):
  File "/usr/local/lib/python3.11/site-packages/scrapy/utils/defer.py", line 355, in iter_errback
    yield next(it)
          ^^^^^^^^
  File "/usr/local/lib/python3.11/site-packages/scrapy/utils/python.py", line 311, in __next__
    return next(self.data)
           ^^^^^^^^^^^^^^^
  File "/usr/local/lib/python3.11/site-packages/scrapy/utils/python.py", line 311, in __next__
    return next(self.data)
           ^^^^^^^^^^^^^^^
  File "/usr/local/lib/python3.11/site-packages/scrapy/core/spidermw.py", line 183, in process_sync
    self._process_spider_exception(
  File "/usr/local/lib/python3.11/site-packages/scrapy/core/spidermw.py", line 256, in _process_spider_exception
    raise exception
  File "/usr/local/lib/python3.11/site-packages/scrapy/core/spidermw.py", line 179, in process_sync
    yield from iterable
  File "/usr/local/lib/python3.11/site-packages/scrapy/spidermiddlewares/base.py", line 60, in process_spider_output
    for o in result:
  File "/usr/local/lib/python3.11/site-packages/scrapy/core/spidermw.py", line 183, in process_sync
    self._process_spider_exception(
  File "/usr/local/lib/python3.11/site-packages/scrapy/core/spidermw.py", line 256, in _process_spider_exception
    raise exception
  File "/usr/local/lib/python3.11/site-packages/scrapy/core/spidermw.py", line 179, in process_sync
    yield from iterable
  File "/usr/local/lib/python3.11/site-packages/scrapy/spidermiddlewares/base.py", line 60, in process_spider_output
    for o in result:
  File "/usr/local/lib/python3.11/site-packages/scrapy/core/spidermw.py", line 183, in process_sync
    self._process_spider_exception(
  File "/usr/local/lib/python3.11/site-packages/scrapy/core/spidermw.py", line 256, in _process_spider_exception
    raise exception
  File "/usr/local/lib/python3.11/site-packages/scrapy/core/spidermw.py", line 179, in process_sync
    yield from iterable
  File "/usr/local/lib/python3.11/site-packages/scrapy/spidermiddlewares/base.py", line 60, in process_spider_output
    for o in result:
  File "/usr/local/lib/python3.11/site-packages/scrapy/core/spidermw.py", line 183, in process_sync
    self._process_spider_exception(
  File "/usr/local/lib/python3.11/site-packages/scrapy/core/spidermw.py", line 256, in _process_spider_exception
    raise exception
  File "/usr/local/lib/python3.11/site-packages/scrapy/core/spidermw.py", line 179, in process_sync
    yield from iterable
  File "/usr/local/lib/python3.11/site-packages/scrapy/spidermiddlewares/depth.py", line 61, in process_spider_output
    yield from super().process_spider_output(response, result)
  File "/usr/local/lib/python3.11/site-packages/scrapy/spidermiddlewares/base.py", line 60, in process_spider_output
    for o in result:
  File "/usr/local/lib/python3.11/site-packages/scrapy/core/spidermw.py", line 183, in process_sync
    self._process_spider_exception(
  File "/usr/local/lib/python3.11/site-packages/scrapy/core/spidermw.py", line 256, in _process_spider_exception
    raise exception
  File "/usr/local/lib/python3.11/site-packages/scrapy/core/spidermw.py", line 179, in process_sync
    yield from iterable
  File "/app/zero_eu/zero_scraper/spiders/events_spider.py", line 227, in parse_event_page
    item["uuid"] = hashlib.sha256(uuid_string.encode('utf-8')).hexdigest()[:16]
    ~~~~^^^^^^^^
  File "/usr/local/lib/python3.11/site-packages/scrapy/item.py", line 98, in __setitem__
    raise KeyError(f"{self.__class__.__name__} does not support field: {key}")
KeyError: 'EventItem does not support field: uuid'
[2026-01-30T14:24:01.448+0000] {docker.py:429} INFO - 2026-01-30 14:24:01 [scrapy.core.engine] DEBUG: Crawled (200) <GET https://zero.eu/it/eventi/357980-festival-di-meltemi-editore,milano/> (referer: https://zero.eu/api/v2/events?per_page=100&citta=13&_embed=true)
[2026-01-30T14:24:01.552+0000] {docker.py:429} INFO - 2026-01-30 14:24:01 [scrapy.core.scraper] ERROR: Spider error processing <GET https://zero.eu/it/eventi/357980-festival-di-meltemi-editore,milano/> (referer: https://zero.eu/api/v2/events?per_page=100&citta=13&_embed=true)
Traceback (most recent call last):
  File "/usr/local/lib/python3.11/site-packages/scrapy/utils/defer.py", line 355, in iter_errback
    yield next(it)
          ^^^^^^^^
  File "/usr/local/lib/python3.11/site-packages/scrapy/utils/python.py", line 311, in __next__
    return next(self.data)
           ^^^^^^^^^^^^^^^
  File "/usr/local/lib/python3.11/site-packages/scrapy/utils/python.py", line 311, in __next__
    return next(self.data)
           ^^^^^^^^^^^^^^^
  File "/usr/local/lib/python3.11/site-packages/scrapy/core/spidermw.py", line 183, in process_sync
    self._process_spider_exception(
  File "/usr/local/lib/python3.11/site-packages/scrapy/core/spidermw.py", line 256, in _process_spider_exception
    raise exception
  File "/usr/local/lib/python3.11/site-packages/scrapy/core/spidermw.py", line 179, in process_sync
    yield from iterable
  File "/usr/local/lib/python3.11/site-packages/scrapy/spidermiddlewares/base.py", line 60, in process_spider_output
    for o in result:
  File "/usr/local/lib/python3.11/site-packages/scrapy/core/spidermw.py", line 183, in process_sync
    self._process_spider_exception(
  File "/usr/local/lib/python3.11/site-packages/scrapy/core/spidermw.py", line 256, in _process_spider_exception
    raise exception
  File "/usr/local/lib/python3.11/site-packages/scrapy/core/spidermw.py", line 179, in process_sync
    yield from iterable
  File "/usr/local/lib/python3.11/site-packages/scrapy/spidermiddlewares/base.py", line 60, in process_spider_output
    for o in result:
  File "/usr/local/lib/python3.11/site-packages/scrapy/core/spidermw.py", line 183, in process_sync
    self._process_spider_exception(
  File "/usr/local/lib/python3.11/site-packages/scrapy/core/spidermw.py", line 256, in _process_spider_exception
    raise exception
  File "/usr/local/lib/python3.11/site-packages/scrapy/core/spidermw.py", line 179, in process_sync
    yield from iterable
  File "/usr/local/lib/python3.11/site-packages/scrapy/spidermiddlewares/base.py", line 60, in process_spider_output
    for o in result:
  File "/usr/local/lib/python3.11/site-packages/scrapy/core/spidermw.py", line 183, in process_sync
    self._process_spider_exception(
  File "/usr/local/lib/python3.11/site-packages/scrapy/core/spidermw.py", line 256, in _process_spider_exception
    raise exception
  File "/usr/local/lib/python3.11/site-packages/scrapy/core/spidermw.py", line 179, in process_sync
    yield from iterable
  File "/usr/local/lib/python3.11/site-packages/scrapy/spidermiddlewares/depth.py", line 61, in process_spider_output
    yield from super().process_spider_output(response, result)
  File "/usr/local/lib/python3.11/site-packages/scrapy/spidermiddlewares/base.py", line 60, in process_spider_output
    for o in result:
  File "/usr/local/lib/python3.11/site-packages/scrapy/core/spidermw.py", line 183, in process_sync
    self._process_spider_exception(
  File "/usr/local/lib/python3.11/site-packages/scrapy/core/spidermw.py", line 256, in _process_spider_exception
    raise exception
  File "/usr/local/lib/python3.11/site-packages/scrapy/core/spidermw.py", line 179, in process_sync
    yield from iterable
  File "/app/zero_eu/zero_scraper/spiders/events_spider.py", line 227, in parse_event_page
    item["uuid"] = hashlib.sha256(uuid_string.encode('utf-8')).hexdigest()[:16]
    ~~~~^^^^^^^^
  File "/usr/local/lib/python3.11/site-packages/scrapy/item.py", line 98, in __setitem__
    raise KeyError(f"{self.__class__.__name__} does not support field: {key}")
KeyError: 'EventItem does not support field: uuid'
[2026-01-30T14:24:03.388+0000] {docker.py:429} INFO - 2026-01-30 14:24:03 [scrapy.core.engine] DEBUG: Crawled (200) <GET https://zero.eu/it/eventi/357943-cari-spettatori-teatro-menotti,milano/> (referer: https://zero.eu/api/v2/events?per_page=100&citta=13&_embed=true)
[2026-01-30T14:24:03.493+0000] {docker.py:429} INFO - 2026-01-30 14:24:03 [scrapy.core.scraper] ERROR: Spider error processing <GET https://zero.eu/it/eventi/357943-cari-spettatori-teatro-menotti,milano/> (referer: https://zero.eu/api/v2/events?per_page=100&citta=13&_embed=true)
Traceback (most recent call last):
  File "/usr/local/lib/python3.11/site-packages/scrapy/utils/defer.py", line 355, in iter_errback
    yield next(it)
          ^^^^^^^^
  File "/usr/local/lib/python3.11/site-packages/scrapy/utils/python.py", line 311, in __next__
    return next(self.data)
           ^^^^^^^^^^^^^^^
  File "/usr/local/lib/python3.11/site-packages/scrapy/utils/python.py", line 311, in __next__
    return next(self.data)
           ^^^^^^^^^^^^^^^
  File "/usr/local/lib/python3.11/site-packages/scrapy/core/spidermw.py", line 183, in process_sync
    self._process_spider_exception(
  File "/usr/local/lib/python3.11/site-packages/scrapy/core/spidermw.py", line 256, in _process_spider_exception
    raise exception
  File "/usr/local/lib/python3.11/site-packages/scrapy/core/spidermw.py", line 179, in process_sync
    yield from iterable
  File "/usr/local/lib/python3.11/site-packages/scrapy/spidermiddlewares/base.py", line 60, in process_spider_output
    for o in result:
  File "/usr/local/lib/python3.11/site-packages/scrapy/core/spidermw.py", line 183, in process_sync
    self._process_spider_exception(
  File "/usr/local/lib/python3.11/site-packages/scrapy/core/spidermw.py", line 256, in _process_spider_exception
    raise exception
  File "/usr/local/lib/python3.11/site-packages/scrapy/core/spidermw.py", line 179, in process_sync
    yield from iterable
  File "/usr/local/lib/python3.11/site-packages/scrapy/spidermiddlewares/base.py", line 60, in process_spider_output
    for o in result:
  File "/usr/local/lib/python3.11/site-packages/scrapy/core/spidermw.py", line 183, in process_sync
    self._process_spider_exception(
  File "/usr/local/lib/python3.11/site-packages/scrapy/core/spidermw.py", line 256, in _process_spider_exception
    raise exception
  File "/usr/local/lib/python3.11/site-packages/scrapy/core/spidermw.py", line 179, in process_sync
    yield from iterable
  File "/usr/local/lib/python3.11/site-packages/scrapy/spidermiddlewares/base.py", line 60, in process_spider_output
    for o in result:
  File "/usr/local/lib/python3.11/site-packages/scrapy/core/spidermw.py", line 183, in process_sync
    self._process_spider_exception(
  File "/usr/local/lib/python3.11/site-packages/scrapy/core/spidermw.py", line 256, in _process_spider_exception
    raise exception
  File "/usr/local/lib/python3.11/site-packages/scrapy/core/spidermw.py", line 179, in process_sync
    yield from iterable
  File "/usr/local/lib/python3.11/site-packages/scrapy/spidermiddlewares/depth.py", line 61, in process_spider_output
    yield from super().process_spider_output(response, result)
  File "/usr/local/lib/python3.11/site-packages/scrapy/spidermiddlewares/base.py", line 60, in process_spider_output
    for o in result:
  File "/usr/local/lib/python3.11/site-packages/scrapy/core/spidermw.py", line 183, in process_sync
    self._process_spider_exception(
  File "/usr/local/lib/python3.11/site-packages/scrapy/core/spidermw.py", line 256, in _process_spider_exception
    raise exception
  File "/usr/local/lib/python3.11/site-packages/scrapy/core/spidermw.py", line 179, in process_sync
    yield from iterable
  File "/app/zero_eu/zero_scraper/spiders/events_spider.py", line 227, in parse_event_page
    item["uuid"] = hashlib.sha256(uuid_string.encode('utf-8')).hexdigest()[:16]
    ~~~~^^^^^^^^
  File "/usr/local/lib/python3.11/site-packages/scrapy/item.py", line 98, in __setitem__
    raise KeyError(f"{self.__class__.__name__} does not support field: {key}")
KeyError: 'EventItem does not support field: uuid'
[2026-01-30T14:24:05.468+0000] {docker.py:429} INFO - 2026-01-30 14:24:05 [scrapy.core.engine] DEBUG: Crawled (200) <GET https://zero.eu/it/eventi/357900-hi-fi-weekends-rich-medina-turbojazz,milano/> (referer: https://zero.eu/api/v2/events?per_page=100&citta=13&_embed=true)
[2026-01-30T14:24:05.573+0000] {docker.py:429} INFO - 2026-01-30 14:24:05 [scrapy.core.scraper] ERROR: Spider error processing <GET https://zero.eu/it/eventi/357900-hi-fi-weekends-rich-medina-turbojazz,milano/> (referer: https://zero.eu/api/v2/events?per_page=100&citta=13&_embed=true)
Traceback (most recent call last):
  File "/usr/local/lib/python3.11/site-packages/scrapy/utils/defer.py", line 355, in iter_errback
    yield next(it)
          ^^^^^^^^
  File "/usr/local/lib/python3.11/site-packages/scrapy/utils/python.py", line 311, in __next__
    return next(self.data)
           ^^^^^^^^^^^^^^^
  File "/usr/local/lib/python3.11/site-packages/scrapy/utils/python.py", line 311, in __next__
    return next(self.data)
           ^^^^^^^^^^^^^^^
  File "/usr/local/lib/python3.11/site-packages/scrapy/core/spidermw.py", line 183, in process_sync
    self._process_spider_exception(
  File "/usr/local/lib/python3.11/site-packages/scrapy/core/spidermw.py", line 256, in _process_spider_exception
    raise exception
  File "/usr/local/lib/python3.11/site-packages/scrapy/core/spidermw.py", line 179, in process_sync
    yield from iterable
  File "/usr/local/lib/python3.11/site-packages/scrapy/spidermiddlewares/base.py", line 60, in process_spider_output
    for o in result:
  File "/usr/local/lib/python3.11/site-packages/scrapy/core/spidermw.py", line 183, in process_sync
    self._process_spider_exception(
  File "/usr/local/lib/python3.11/site-packages/scrapy/core/spidermw.py", line 256, in _process_spider_exception
    raise exception
  File "/usr/local/lib/python3.11/site-packages/scrapy/core/spidermw.py", line 179, in process_sync
    yield from iterable
  File "/usr/local/lib/python3.11/site-packages/scrapy/spidermiddlewares/base.py", line 60, in process_spider_output
    for o in result:
  File "/usr/local/lib/python3.11/site-packages/scrapy/core/spidermw.py", line 183, in process_sync
    self._process_spider_exception(
  File "/usr/local/lib/python3.11/site-packages/scrapy/core/spidermw.py", line 256, in _process_spider_exception
    raise exception
  File "/usr/local/lib/python3.11/site-packages/scrapy/core/spidermw.py", line 179, in process_sync
    yield from iterable
  File "/usr/local/lib/python3.11/site-packages/scrapy/spidermiddlewares/base.py", line 60, in process_spider_output
    for o in result:
  File "/usr/local/lib/python3.11/site-packages/scrapy/core/spidermw.py", line 183, in process_sync
    self._process_spider_exception(
  File "/usr/local/lib/python3.11/site-packages/scrapy/core/spidermw.py", line 256, in _process_spider_exception
    raise exception
  File "/usr/local/lib/python3.11/site-packages/scrapy/core/spidermw.py", line 179, in process_sync
    yield from iterable
  File "/usr/local/lib/python3.11/site-packages/scrapy/spidermiddlewares/depth.py", line 61, in process_spider_output
    yield from super().process_spider_output(response, result)
  File "/usr/local/lib/python3.11/site-packages/scrapy/spidermiddlewares/base.py", line 60, in process_spider_output
    for o in result:
  File "/usr/local/lib/python3.11/site-packages/scrapy/core/spidermw.py", line 183, in process_sync
    self._process_spider_exception(
  File "/usr/local/lib/python3.11/site-packages/scrapy/core/spidermw.py", line 256, in _process_spider_exception
    raise exception
  File "/usr/local/lib/python3.11/site-packages/scrapy/core/spidermw.py", line 179, in process_sync
    yield from iterable
  File "/app/zero_eu/zero_scraper/spiders/events_spider.py", line 227, in parse_event_page
    item["uuid"] = hashlib.sha256(uuid_string.encode('utf-8')).hexdigest()[:16]
    ~~~~^^^^^^^^
  File "/usr/local/lib/python3.11/site-packages/scrapy/item.py", line 98, in __setitem__
    raise KeyError(f"{self.__class__.__name__} does not support field: {key}")
KeyError: 'EventItem does not support field: uuid'
[2026-01-30T14:24:07.841+0000] {docker.py:429} INFO - 2026-01-30 14:24:07 [scrapy.core.engine] DEBUG: Crawled (200) <GET https://zero.eu/it/eventi/357644-wattstax-cinema-godard,milano/> (referer: https://zero.eu/api/v2/events?per_page=100&citta=13&_embed=true)
[2026-01-30T14:24:07.951+0000] {docker.py:429} INFO - 2026-01-30 14:24:07 [scrapy.core.scraper] ERROR: Spider error processing <GET https://zero.eu/it/eventi/357644-wattstax-cinema-godard,milano/> (referer: https://zero.eu/api/v2/events?per_page=100&citta=13&_embed=true)
Traceback (most recent call last):
  File "/usr/local/lib/python3.11/site-packages/scrapy/utils/defer.py", line 355, in iter_errback
    yield next(it)
          ^^^^^^^^
  File "/usr/local/lib/python3.11/site-packages/scrapy/utils/python.py", line 311, in __next__
    return next(self.data)
           ^^^^^^^^^^^^^^^
  File "/usr/local/lib/python3.11/site-packages/scrapy/utils/python.py", line 311, in __next__
    return next(self.data)
           ^^^^^^^^^^^^^^^
  File "/usr/local/lib/python3.11/site-packages/scrapy/core/spidermw.py", line 183, in process_sync
    self._process_spider_exception(
  File "/usr/local/lib/python3.11/site-packages/scrapy/core/spidermw.py", line 256, in _process_spider_exception
    raise exception
  File "/usr/local/lib/python3.11/site-packages/scrapy/core/spidermw.py", line 179, in process_sync
    yield from iterable
  File "/usr/local/lib/python3.11/site-packages/scrapy/spidermiddlewares/base.py", line 60, in process_spider_output
    for o in result:
  File "/usr/local/lib/python3.11/site-packages/scrapy/core/spidermw.py", line 183, in process_sync
    self._process_spider_exception(
  File "/usr/local/lib/python3.11/site-packages/scrapy/core/spidermw.py", line 256, in _process_spider_exception
    raise exception
  File "/usr/local/lib/python3.11/site-packages/scrapy/core/spidermw.py", line 179, in process_sync
    yield from iterable
  File "/usr/local/lib/python3.11/site-packages/scrapy/spidermiddlewares/base.py", line 60, in process_spider_output
    for o in result:
  File "/usr/local/lib/python3.11/site-packages/scrapy/core/spidermw.py", line 183, in process_sync
    self._process_spider_exception(
  File "/usr/local/lib/python3.11/site-packages/scrapy/core/spidermw.py", line 256, in _process_spider_exception
    raise exception
  File "/usr/local/lib/python3.11/site-packages/scrapy/core/spidermw.py", line 179, in process_sync
    yield from iterable
  File "/usr/local/lib/python3.11/site-packages/scrapy/spidermiddlewares/base.py", line 60, in process_spider_output
    for o in result:
  File "/usr/local/lib/python3.11/site-packages/scrapy/core/spidermw.py", line 183, in process_sync
    self._process_spider_exception(
  File "/usr/local/lib/python3.11/site-packages/scrapy/core/spidermw.py", line 256, in _process_spider_exception
    raise exception
  File "/usr/local/lib/python3.11/site-packages/scrapy/core/spidermw.py", line 179, in process_sync
    yield from iterable
  File "/usr/local/lib/python3.11/site-packages/scrapy/spidermiddlewares/depth.py", line 61, in process_spider_output
    yield from super().process_spider_output(response, result)
  File "/usr/local/lib/python3.11/site-packages/scrapy/spidermiddlewares/base.py", line 60, in process_spider_output
    for o in result:
  File "/usr/local/lib/python3.11/site-packages/scrapy/core/spidermw.py", line 183, in process_sync
    self._process_spider_exception(
  File "/usr/local/lib/python3.11/site-packages/scrapy/core/spidermw.py", line 256, in _process_spider_exception
    raise exception
  File "/usr/local/lib/python3.11/site-packages/scrapy/core/spidermw.py", line 179, in process_sync
    yield from iterable
  File "/app/zero_eu/zero_scraper/spiders/events_spider.py", line 227, in parse_event_page
    item["uuid"] = hashlib.sha256(uuid_string.encode('utf-8')).hexdigest()[:16]
    ~~~~^^^^^^^^
  File "/usr/local/lib/python3.11/site-packages/scrapy/item.py", line 98, in __setitem__
    raise KeyError(f"{self.__class__.__name__} does not support field: {key}")
KeyError: 'EventItem does not support field: uuid'
[2026-01-30T14:24:09.780+0000] {docker.py:429} INFO - 2026-01-30 14:24:09 [scrapy.core.engine] DEBUG: Crawled (200) <GET https://zero.eu/it/eventi/356905-visionarie-ancora-piu-eretiche,roma/> (referer: https://zero.eu/api/v2/events?per_page=100&citta=13&_embed=true)
[2026-01-30T14:24:09.886+0000] {docker.py:429} INFO - 2026-01-30 14:24:09 [scrapy.core.scraper] ERROR: Spider error processing <GET https://zero.eu/it/eventi/356905-visionarie-ancora-piu-eretiche,roma/> (referer: https://zero.eu/api/v2/events?per_page=100&citta=13&_embed=true)
Traceback (most recent call last):
  File "/usr/local/lib/python3.11/site-packages/scrapy/utils/defer.py", line 355, in iter_errback
    yield next(it)
          ^^^^^^^^
  File "/usr/local/lib/python3.11/site-packages/scrapy/utils/python.py", line 311, in __next__
    return next(self.data)
           ^^^^^^^^^^^^^^^
  File "/usr/local/lib/python3.11/site-packages/scrapy/utils/python.py", line 311, in __next__
    return next(self.data)
           ^^^^^^^^^^^^^^^
  File "/usr/local/lib/python3.11/site-packages/scrapy/core/spidermw.py", line 183, in process_sync
    self._process_spider_exception(
  File "/usr/local/lib/python3.11/site-packages/scrapy/core/spidermw.py", line 256, in _process_spider_exception
    raise exception
  File "/usr/local/lib/python3.11/site-packages/scrapy/core/spidermw.py", line 179, in process_sync
    yield from iterable
  File "/usr/local/lib/python3.11/site-packages/scrapy/spidermiddlewares/base.py", line 60, in process_spider_output
    for o in result:
  File "/usr/local/lib/python3.11/site-packages/scrapy/core/spidermw.py", line 183, in process_sync
    self._process_spider_exception(
  File "/usr/local/lib/python3.11/site-packages/scrapy/core/spidermw.py", line 256, in _process_spider_exception
    raise exception
  File "/usr/local/lib/python3.11/site-packages/scrapy/core/spidermw.py", line 179, in process_sync
    yield from iterable
  File "/usr/local/lib/python3.11/site-packages/scrapy/spidermiddlewares/base.py", line 60, in process_spider_output
    for o in result:
  File "/usr/local/lib/python3.11/site-packages/scrapy/core/spidermw.py", line 183, in process_sync
    self._process_spider_exception(
  File "/usr/local/lib/python3.11/site-packages/scrapy/core/spidermw.py", line 256, in _process_spider_exception
    raise exception
  File "/usr/local/lib/python3.11/site-packages/scrapy/core/spidermw.py", line 179, in process_sync
    yield from iterable
  File "/usr/local/lib/python3.11/site-packages/scrapy/spidermiddlewares/base.py", line 60, in process_spider_output
    for o in result:
  File "/usr/local/lib/python3.11/site-packages/scrapy/core/spidermw.py", line 183, in process_sync
    self._process_spider_exception(
  File "/usr/local/lib/python3.11/site-packages/scrapy/core/spidermw.py", line 256, in _process_spider_exception
    raise exception
  File "/usr/local/lib/python3.11/site-packages/scrapy/core/spidermw.py", line 179, in process_sync
    yield from iterable
  File "/usr/local/lib/python3.11/site-packages/scrapy/spidermiddlewares/depth.py", line 61, in process_spider_output
    yield from super().process_spider_output(response, result)
  File "/usr/local/lib/python3.11/site-packages/scrapy/spidermiddlewares/base.py", line 60, in process_spider_output
    for o in result:
  File "/usr/local/lib/python3.11/site-packages/scrapy/core/spidermw.py", line 183, in process_sync
    self._process_spider_exception(
  File "/usr/local/lib/python3.11/site-packages/scrapy/core/spidermw.py", line 256, in _process_spider_exception
    raise exception
  File "/usr/local/lib/python3.11/site-packages/scrapy/core/spidermw.py", line 179, in process_sync
    yield from iterable
  File "/app/zero_eu/zero_scraper/spiders/events_spider.py", line 227, in parse_event_page
    item["uuid"] = hashlib.sha256(uuid_string.encode('utf-8')).hexdigest()[:16]
    ~~~~^^^^^^^^
  File "/usr/local/lib/python3.11/site-packages/scrapy/item.py", line 98, in __setitem__
    raise KeyError(f"{self.__class__.__name__} does not support field: {key}")
KeyError: 'EventItem does not support field: uuid'
[2026-01-30T14:24:11.584+0000] {docker.py:429} INFO - 2026-01-30 14:24:11 [scrapy.core.engine] DEBUG: Crawled (200) <GET https://zero.eu/it/eventi/357454-silvia-camporesi-ce-un-tempo-e-un-luogo,roma/> (referer: https://zero.eu/api/v2/events?per_page=100&citta=13&_embed=true)
[2026-01-30T14:24:11.688+0000] {docker.py:429} INFO - 2026-01-30 14:24:11 [scrapy.core.scraper] ERROR: Spider error processing <GET https://zero.eu/it/eventi/357454-silvia-camporesi-ce-un-tempo-e-un-luogo,roma/> (referer: https://zero.eu/api/v2/events?per_page=100&citta=13&_embed=true)
Traceback (most recent call last):
  File "/usr/local/lib/python3.11/site-packages/scrapy/utils/defer.py", line 355, in iter_errback
    yield next(it)
          ^^^^^^^^
  File "/usr/local/lib/python3.11/site-packages/scrapy/utils/python.py", line 311, in __next__
    return next(self.data)
           ^^^^^^^^^^^^^^^
  File "/usr/local/lib/python3.11/site-packages/scrapy/utils/python.py", line 311, in __next__
    return next(self.data)
           ^^^^^^^^^^^^^^^
  File "/usr/local/lib/python3.11/site-packages/scrapy/core/spidermw.py", line 183, in process_sync
    self._process_spider_exception(
  File "/usr/local/lib/python3.11/site-packages/scrapy/core/spidermw.py", line 256, in _process_spider_exception
    raise exception
  File "/usr/local/lib/python3.11/site-packages/scrapy/core/spidermw.py", line 179, in process_sync
    yield from iterable
  File "/usr/local/lib/python3.11/site-packages/scrapy/spidermiddlewares/base.py", line 60, in process_spider_output
    for o in result:
  File "/usr/local/lib/python3.11/site-packages/scrapy/core/spidermw.py", line 183, in process_sync
    self._process_spider_exception(
  File "/usr/local/lib/python3.11/site-packages/scrapy/core/spidermw.py", line 256, in _process_spider_exception
    raise exception
  File "/usr/local/lib/python3.11/site-packages/scrapy/core/spidermw.py", line 179, in process_sync
    yield from iterable
  File "/usr/local/lib/python3.11/site-packages/scrapy/spidermiddlewares/base.py", line 60, in process_spider_output
    for o in result:
  File "/usr/local/lib/python3.11/site-packages/scrapy/core/spidermw.py", line 183, in process_sync
    self._process_spider_exception(
  File "/usr/local/lib/python3.11/site-packages/scrapy/core/spidermw.py", line 256, in _process_spider_exception
    raise exception
  File "/usr/local/lib/python3.11/site-packages/scrapy/core/spidermw.py", line 179, in process_sync
    yield from iterable
  File "/usr/local/lib/python3.11/site-packages/scrapy/spidermiddlewares/base.py", line 60, in process_spider_output
    for o in result:
  File "/usr/local/lib/python3.11/site-packages/scrapy/core/spidermw.py", line 183, in process_sync
    self._process_spider_exception(
  File "/usr/local/lib/python3.11/site-packages/scrapy/core/spidermw.py", line 256, in _process_spider_exception
    raise exception
  File "/usr/local/lib/python3.11/site-packages/scrapy/core/spidermw.py", line 179, in process_sync
    yield from iterable
  File "/usr/local/lib/python3.11/site-packages/scrapy/spidermiddlewares/depth.py", line 61, in process_spider_output
    yield from super().process_spider_output(response, result)
  File "/usr/local/lib/python3.11/site-packages/scrapy/spidermiddlewares/base.py", line 60, in process_spider_output
    for o in result:
  File "/usr/local/lib/python3.11/site-packages/scrapy/core/spidermw.py", line 183, in process_sync
    self._process_spider_exception(
  File "/usr/local/lib/python3.11/site-packages/scrapy/core/spidermw.py", line 256, in _process_spider_exception
    raise exception
  File "/usr/local/lib/python3.11/site-packages/scrapy/core/spidermw.py", line 179, in process_sync
    yield from iterable
  File "/app/zero_eu/zero_scraper/spiders/events_spider.py", line 227, in parse_event_page
    item["uuid"] = hashlib.sha256(uuid_string.encode('utf-8')).hexdigest()[:16]
    ~~~~^^^^^^^^
  File "/usr/local/lib/python3.11/site-packages/scrapy/item.py", line 98, in __setitem__
    raise KeyError(f"{self.__class__.__name__} does not support field: {key}")
KeyError: 'EventItem does not support field: uuid'
[2026-01-30T14:24:12.685+0000] {docker.py:429} INFO - 2026-01-30 14:24:12 [scrapy.core.engine] DEBUG: Crawled (200) <GET https://zero.eu/it/eventi/357430-cine-citta-11,roma/> (referer: https://zero.eu/api/v2/events?per_page=100&citta=13&_embed=true)
[2026-01-30T14:24:12.789+0000] {docker.py:429} INFO - 2026-01-30 14:24:12 [scrapy.core.scraper] ERROR: Spider error processing <GET https://zero.eu/it/eventi/357430-cine-citta-11,roma/> (referer: https://zero.eu/api/v2/events?per_page=100&citta=13&_embed=true)
Traceback (most recent call last):
  File "/usr/local/lib/python3.11/site-packages/scrapy/utils/defer.py", line 355, in iter_errback
    yield next(it)
          ^^^^^^^^
  File "/usr/local/lib/python3.11/site-packages/scrapy/utils/python.py", line 311, in __next__
    return next(self.data)
           ^^^^^^^^^^^^^^^
  File "/usr/local/lib/python3.11/site-packages/scrapy/utils/python.py", line 311, in __next__
    return next(self.data)
           ^^^^^^^^^^^^^^^
  File "/usr/local/lib/python3.11/site-packages/scrapy/core/spidermw.py", line 183, in process_sync
    self._process_spider_exception(
  File "/usr/local/lib/python3.11/site-packages/scrapy/core/spidermw.py", line 256, in _process_spider_exception
    raise exception
  File "/usr/local/lib/python3.11/site-packages/scrapy/core/spidermw.py", line 179, in process_sync
    yield from iterable
  File "/usr/local/lib/python3.11/site-packages/scrapy/spidermiddlewares/base.py", line 60, in process_spider_output
    for o in result:
  File "/usr/local/lib/python3.11/site-packages/scrapy/core/spidermw.py", line 183, in process_sync
    self._process_spider_exception(
  File "/usr/local/lib/python3.11/site-packages/scrapy/core/spidermw.py", line 256, in _process_spider_exception
    raise exception
  File "/usr/local/lib/python3.11/site-packages/scrapy/core/spidermw.py", line 179, in process_sync
    yield from iterable
  File "/usr/local/lib/python3.11/site-packages/scrapy/spidermiddlewares/base.py", line 60, in process_spider_output
    for o in result:
  File "/usr/local/lib/python3.11/site-packages/scrapy/core/spidermw.py", line 183, in process_sync
    self._process_spider_exception(
  File "/usr/local/lib/python3.11/site-packages/scrapy/core/spidermw.py", line 256, in _process_spider_exception
    raise exception
  File "/usr/local/lib/python3.11/site-packages/scrapy/core/spidermw.py", line 179, in process_sync
    yield from iterable
  File "/usr/local/lib/python3.11/site-packages/scrapy/spidermiddlewares/base.py", line 60, in process_spider_output
    for o in result:
  File "/usr/local/lib/python3.11/site-packages/scrapy/core/spidermw.py", line 183, in process_sync
    self._process_spider_exception(
  File "/usr/local/lib/python3.11/site-packages/scrapy/core/spidermw.py", line 256, in _process_spider_exception
    raise exception
  File "/usr/local/lib/python3.11/site-packages/scrapy/core/spidermw.py", line 179, in process_sync
    yield from iterable
  File "/usr/local/lib/python3.11/site-packages/scrapy/spidermiddlewares/depth.py", line 61, in process_spider_output
    yield from super().process_spider_output(response, result)
  File "/usr/local/lib/python3.11/site-packages/scrapy/spidermiddlewares/base.py", line 60, in process_spider_output
    for o in result:
  File "/usr/local/lib/python3.11/site-packages/scrapy/core/spidermw.py", line 183, in process_sync
    self._process_spider_exception(
  File "/usr/local/lib/python3.11/site-packages/scrapy/core/spidermw.py", line 256, in _process_spider_exception
    raise exception
  File "/usr/local/lib/python3.11/site-packages/scrapy/core/spidermw.py", line 179, in process_sync
    yield from iterable
  File "/app/zero_eu/zero_scraper/spiders/events_spider.py", line 227, in parse_event_page
    item["uuid"] = hashlib.sha256(uuid_string.encode('utf-8')).hexdigest()[:16]
    ~~~~^^^^^^^^
  File "/usr/local/lib/python3.11/site-packages/scrapy/item.py", line 98, in __setitem__
    raise KeyError(f"{self.__class__.__name__} does not support field: {key}")
KeyError: 'EventItem does not support field: uuid'
[2026-01-30T14:24:14.453+0000] {docker.py:429} INFO - 2026-01-30 14:24:14 [scrapy.core.engine] DEBUG: Crawled (200) <GET https://zero.eu/it/eventi/357366-michael-e-smith-c-c,bologna/> (referer: https://zero.eu/api/v2/events?per_page=100&citta=13&_embed=true)
[2026-01-30T14:24:14.558+0000] {docker.py:429} INFO - 2026-01-30 14:24:14 [scrapy.core.scraper] ERROR: Spider error processing <GET https://zero.eu/it/eventi/357366-michael-e-smith-c-c,bologna/> (referer: https://zero.eu/api/v2/events?per_page=100&citta=13&_embed=true)
Traceback (most recent call last):
  File "/usr/local/lib/python3.11/site-packages/scrapy/utils/defer.py", line 355, in iter_errback
    yield next(it)
          ^^^^^^^^
  File "/usr/local/lib/python3.11/site-packages/scrapy/utils/python.py", line 311, in __next__
    return next(self.data)
           ^^^^^^^^^^^^^^^
  File "/usr/local/lib/python3.11/site-packages/scrapy/utils/python.py", line 311, in __next__
    return next(self.data)
           ^^^^^^^^^^^^^^^
  File "/usr/local/lib/python3.11/site-packages/scrapy/core/spidermw.py", line 183, in process_sync
    self._process_spider_exception(
  File "/usr/local/lib/python3.11/site-packages/scrapy/core/spidermw.py", line 256, in _process_spider_exception
    raise exception
  File "/usr/local/lib/python3.11/site-packages/scrapy/core/spidermw.py", line 179, in process_sync
    yield from iterable
  File "/usr/local/lib/python3.11/site-packages/scrapy/spidermiddlewares/base.py", line 60, in process_spider_output
    for o in result:
  File "/usr/local/lib/python3.11/site-packages/scrapy/core/spidermw.py", line 183, in process_sync
    self._process_spider_exception(
  File "/usr/local/lib/python3.11/site-packages/scrapy/core/spidermw.py", line 256, in _process_spider_exception
    raise exception
  File "/usr/local/lib/python3.11/site-packages/scrapy/core/spidermw.py", line 179, in process_sync
    yield from iterable
  File "/usr/local/lib/python3.11/site-packages/scrapy/spidermiddlewares/base.py", line 60, in process_spider_output
    for o in result:
  File "/usr/local/lib/python3.11/site-packages/scrapy/core/spidermw.py", line 183, in process_sync
    self._process_spider_exception(
  File "/usr/local/lib/python3.11/site-packages/scrapy/core/spidermw.py", line 256, in _process_spider_exception
    raise exception
  File "/usr/local/lib/python3.11/site-packages/scrapy/core/spidermw.py", line 179, in process_sync
    yield from iterable
  File "/usr/local/lib/python3.11/site-packages/scrapy/spidermiddlewares/base.py", line 60, in process_spider_output
    for o in result:
  File "/usr/local/lib/python3.11/site-packages/scrapy/core/spidermw.py", line 183, in process_sync
    self._process_spider_exception(
  File "/usr/local/lib/python3.11/site-packages/scrapy/core/spidermw.py", line 256, in _process_spider_exception
    raise exception
  File "/usr/local/lib/python3.11/site-packages/scrapy/core/spidermw.py", line 179, in process_sync
    yield from iterable
  File "/usr/local/lib/python3.11/site-packages/scrapy/spidermiddlewares/depth.py", line 61, in process_spider_output
    yield from super().process_spider_output(response, result)
  File "/usr/local/lib/python3.11/site-packages/scrapy/spidermiddlewares/base.py", line 60, in process_spider_output
    for o in result:
  File "/usr/local/lib/python3.11/site-packages/scrapy/core/spidermw.py", line 183, in process_sync
    self._process_spider_exception(
  File "/usr/local/lib/python3.11/site-packages/scrapy/core/spidermw.py", line 256, in _process_spider_exception
    raise exception
  File "/usr/local/lib/python3.11/site-packages/scrapy/core/spidermw.py", line 179, in process_sync
    yield from iterable
  File "/app/zero_eu/zero_scraper/spiders/events_spider.py", line 227, in parse_event_page
    item["uuid"] = hashlib.sha256(uuid_string.encode('utf-8')).hexdigest()[:16]
    ~~~~^^^^^^^^
  File "/usr/local/lib/python3.11/site-packages/scrapy/item.py", line 98, in __setitem__
    raise KeyError(f"{self.__class__.__name__} does not support field: {key}")
KeyError: 'EventItem does not support field: uuid'
[2026-01-30T14:24:17.397+0000] {docker.py:429} INFO - 2026-01-30 14:24:17 [scrapy.core.engine] DEBUG: Crawled (200) <GET https://zero.eu/it/eventi/357337-vladimir-ivkovic-3,bologna/> (referer: https://zero.eu/api/v2/events?per_page=100&citta=13&_embed=true)
[2026-01-30T14:24:17.501+0000] {docker.py:429} INFO - 2026-01-30 14:24:17 [scrapy.core.scraper] ERROR: Spider error processing <GET https://zero.eu/it/eventi/357337-vladimir-ivkovic-3,bologna/> (referer: https://zero.eu/api/v2/events?per_page=100&citta=13&_embed=true)
Traceback (most recent call last):
  File "/usr/local/lib/python3.11/site-packages/scrapy/utils/defer.py", line 355, in iter_errback
    yield next(it)
          ^^^^^^^^
  File "/usr/local/lib/python3.11/site-packages/scrapy/utils/python.py", line 311, in __next__
    return next(self.data)
           ^^^^^^^^^^^^^^^
  File "/usr/local/lib/python3.11/site-packages/scrapy/utils/python.py", line 311, in __next__
    return next(self.data)
           ^^^^^^^^^^^^^^^
  File "/usr/local/lib/python3.11/site-packages/scrapy/core/spidermw.py", line 183, in process_sync
    self._process_spider_exception(
  File "/usr/local/lib/python3.11/site-packages/scrapy/core/spidermw.py", line 256, in _process_spider_exception
    raise exception
  File "/usr/local/lib/python3.11/site-packages/scrapy/core/spidermw.py", line 179, in process_sync
    yield from iterable
  File "/usr/local/lib/python3.11/site-packages/scrapy/spidermiddlewares/base.py", line 60, in process_spider_output
    for o in result:
  File "/usr/local/lib/python3.11/site-packages/scrapy/core/spidermw.py", line 183, in process_sync
    self._process_spider_exception(
  File "/usr/local/lib/python3.11/site-packages/scrapy/core/spidermw.py", line 256, in _process_spider_exception
    raise exception
  File "/usr/local/lib/python3.11/site-packages/scrapy/core/spidermw.py", line 179, in process_sync
    yield from iterable
  File "/usr/local/lib/python3.11/site-packages/scrapy/spidermiddlewares/base.py", line 60, in process_spider_output
    for o in result:
  File "/usr/local/lib/python3.11/site-packages/scrapy/core/spidermw.py", line 183, in process_sync
    self._process_spider_exception(
  File "/usr/local/lib/python3.11/site-packages/scrapy/core/spidermw.py", line 256, in _process_spider_exception
    raise exception
  File "/usr/local/lib/python3.11/site-packages/scrapy/core/spidermw.py", line 179, in process_sync
    yield from iterable
  File "/usr/local/lib/python3.11/site-packages/scrapy/spidermiddlewares/base.py", line 60, in process_spider_output
    for o in result:
  File "/usr/local/lib/python3.11/site-packages/scrapy/core/spidermw.py", line 183, in process_sync
    self._process_spider_exception(
  File "/usr/local/lib/python3.11/site-packages/scrapy/core/spidermw.py", line 256, in _process_spider_exception
    raise exception
  File "/usr/local/lib/python3.11/site-packages/scrapy/core/spidermw.py", line 179, in process_sync
    yield from iterable
  File "/usr/local/lib/python3.11/site-packages/scrapy/spidermiddlewares/depth.py", line 61, in process_spider_output
    yield from super().process_spider_output(response, result)
  File "/usr/local/lib/python3.11/site-packages/scrapy/spidermiddlewares/base.py", line 60, in process_spider_output
    for o in result:
  File "/usr/local/lib/python3.11/site-packages/scrapy/core/spidermw.py", line 183, in process_sync
    self._process_spider_exception(
  File "/usr/local/lib/python3.11/site-packages/scrapy/core/spidermw.py", line 256, in _process_spider_exception
    raise exception
  File "/usr/local/lib/python3.11/site-packages/scrapy/core/spidermw.py", line 179, in process_sync
    yield from iterable
  File "/app/zero_eu/zero_scraper/spiders/events_spider.py", line 227, in parse_event_page
    item["uuid"] = hashlib.sha256(uuid_string.encode('utf-8')).hexdigest()[:16]
    ~~~~^^^^^^^^
  File "/usr/local/lib/python3.11/site-packages/scrapy/item.py", line 98, in __setitem__
    raise KeyError(f"{self.__class__.__name__} does not support field: {key}")
KeyError: 'EventItem does not support field: uuid'
[2026-01-30T14:24:19.021+0000] {docker.py:429} INFO - 2026-01-30 14:24:19 [scrapy.extensions.logstats] INFO: Crawled 17 pages (at 17 pages/min), scraped 0 items (at 0 items/min)
[2026-01-30T14:24:19.024+0000] {docker.py:429} INFO - 2026-01-30 14:24:19 [scrapy.extensions.logstats] INFO: Crawled 17 pages (at 0 pages/min), scraped 0 items (at 0 items/min)
[2026-01-30T14:24:19.671+0000] {docker.py:429} INFO - 2026-01-30 14:24:19 [scrapy.core.engine] DEBUG: Crawled (200) <GET https://zero.eu/it/eventi/357333-the-underground-freakout,bologna/> (referer: https://zero.eu/api/v2/events?per_page=100&citta=13&_embed=true)
[2026-01-30T14:24:19.775+0000] {docker.py:429} INFO - 2026-01-30 14:24:19 [scrapy.core.scraper] ERROR: Spider error processing <GET https://zero.eu/it/eventi/357333-the-underground-freakout,bologna/> (referer: https://zero.eu/api/v2/events?per_page=100&citta=13&_embed=true)
Traceback (most recent call last):
  File "/usr/local/lib/python3.11/site-packages/scrapy/utils/defer.py", line 355, in iter_errback
    yield next(it)
          ^^^^^^^^
  File "/usr/local/lib/python3.11/site-packages/scrapy/utils/python.py", line 311, in __next__
    return next(self.data)
           ^^^^^^^^^^^^^^^
  File "/usr/local/lib/python3.11/site-packages/scrapy/utils/python.py", line 311, in __next__
    return next(self.data)
           ^^^^^^^^^^^^^^^
  File "/usr/local/lib/python3.11/site-packages/scrapy/core/spidermw.py", line 183, in process_sync
    self._process_spider_exception(
  File "/usr/local/lib/python3.11/site-packages/scrapy/core/spidermw.py", line 256, in _process_spider_exception
    raise exception
  File "/usr/local/lib/python3.11/site-packages/scrapy/core/spidermw.py", line 179, in process_sync
    yield from iterable
  File "/usr/local/lib/python3.11/site-packages/scrapy/spidermiddlewares/base.py", line 60, in process_spider_output
    for o in result:
  File "/usr/local/lib/python3.11/site-packages/scrapy/core/spidermw.py", line 183, in process_sync
    self._process_spider_exception(
  File "/usr/local/lib/python3.11/site-packages/scrapy/core/spidermw.py", line 256, in _process_spider_exception
    raise exception
  File "/usr/local/lib/python3.11/site-packages/scrapy/core/spidermw.py", line 179, in process_sync
    yield from iterable
  File "/usr/local/lib/python3.11/site-packages/scrapy/spidermiddlewares/base.py", line 60, in process_spider_output
    for o in result:
  File "/usr/local/lib/python3.11/site-packages/scrapy/core/spidermw.py", line 183, in process_sync
    self._process_spider_exception(
  File "/usr/local/lib/python3.11/site-packages/scrapy/core/spidermw.py", line 256, in _process_spider_exception
    raise exception
  File "/usr/local/lib/python3.11/site-packages/scrapy/core/spidermw.py", line 179, in process_sync
    yield from iterable
  File "/usr/local/lib/python3.11/site-packages/scrapy/spidermiddlewares/base.py", line 60, in process_spider_output
    for o in result:
  File "/usr/local/lib/python3.11/site-packages/scrapy/core/spidermw.py", line 183, in process_sync
    self._process_spider_exception(
  File "/usr/local/lib/python3.11/site-packages/scrapy/core/spidermw.py", line 256, in _process_spider_exception
    raise exception
  File "/usr/local/lib/python3.11/site-packages/scrapy/core/spidermw.py", line 179, in process_sync
    yield from iterable
  File "/usr/local/lib/python3.11/site-packages/scrapy/spidermiddlewares/depth.py", line 61, in process_spider_output
    yield from super().process_spider_output(response, result)
  File "/usr/local/lib/python3.11/site-packages/scrapy/spidermiddlewares/base.py", line 60, in process_spider_output
    for o in result:
  File "/usr/local/lib/python3.11/site-packages/scrapy/core/spidermw.py", line 183, in process_sync
    self._process_spider_exception(
  File "/usr/local/lib/python3.11/site-packages/scrapy/core/spidermw.py", line 256, in _process_spider_exception
    raise exception
  File "/usr/local/lib/python3.11/site-packages/scrapy/core/spidermw.py", line 179, in process_sync
    yield from iterable
  File "/app/zero_eu/zero_scraper/spiders/events_spider.py", line 227, in parse_event_page
    item["uuid"] = hashlib.sha256(uuid_string.encode('utf-8')).hexdigest()[:16]
    ~~~~^^^^^^^^
  File "/usr/local/lib/python3.11/site-packages/scrapy/item.py", line 98, in __setitem__
    raise KeyError(f"{self.__class__.__name__} does not support field: {key}")
KeyError: 'EventItem does not support field: uuid'
[2026-01-30T14:24:21.065+0000] {docker.py:429} INFO - 2026-01-30 14:24:21 [scrapy.core.engine] DEBUG: Crawled (200) <GET https://zero.eu/it/eventi/357329-the-benefits-2,bologna/> (referer: https://zero.eu/api/v2/events?per_page=100&citta=13&_embed=true)
[2026-01-30T14:24:21.171+0000] {docker.py:429} INFO - 2026-01-30 14:24:21 [scrapy.core.scraper] ERROR: Spider error processing <GET https://zero.eu/it/eventi/357329-the-benefits-2,bologna/> (referer: https://zero.eu/api/v2/events?per_page=100&citta=13&_embed=true)
Traceback (most recent call last):
  File "/usr/local/lib/python3.11/site-packages/scrapy/utils/defer.py", line 355, in iter_errback
    yield next(it)
          ^^^^^^^^
  File "/usr/local/lib/python3.11/site-packages/scrapy/utils/python.py", line 311, in __next__
    return next(self.data)
           ^^^^^^^^^^^^^^^
  File "/usr/local/lib/python3.11/site-packages/scrapy/utils/python.py", line 311, in __next__
    return next(self.data)
           ^^^^^^^^^^^^^^^
  File "/usr/local/lib/python3.11/site-packages/scrapy/core/spidermw.py", line 183, in process_sync
    self._process_spider_exception(
  File "/usr/local/lib/python3.11/site-packages/scrapy/core/spidermw.py", line 256, in _process_spider_exception
    raise exception
  File "/usr/local/lib/python3.11/site-packages/scrapy/core/spidermw.py", line 179, in process_sync
    yield from iterable
  File "/usr/local/lib/python3.11/site-packages/scrapy/spidermiddlewares/base.py", line 60, in process_spider_output
    for o in result:
  File "/usr/local/lib/python3.11/site-packages/scrapy/core/spidermw.py", line 183, in process_sync
    self._process_spider_exception(
  File "/usr/local/lib/python3.11/site-packages/scrapy/core/spidermw.py", line 256, in _process_spider_exception
    raise exception
  File "/usr/local/lib/python3.11/site-packages/scrapy/core/spidermw.py", line 179, in process_sync
    yield from iterable
  File "/usr/local/lib/python3.11/site-packages/scrapy/spidermiddlewares/base.py", line 60, in process_spider_output
    for o in result:
  File "/usr/local/lib/python3.11/site-packages/scrapy/core/spidermw.py", line 183, in process_sync
    self._process_spider_exception(
  File "/usr/local/lib/python3.11/site-packages/scrapy/core/spidermw.py", line 256, in _process_spider_exception
    raise exception
  File "/usr/local/lib/python3.11/site-packages/scrapy/core/spidermw.py", line 179, in process_sync
    yield from iterable
  File "/usr/local/lib/python3.11/site-packages/scrapy/spidermiddlewares/base.py", line 60, in process_spider_output
    for o in result:
  File "/usr/local/lib/python3.11/site-packages/scrapy/core/spidermw.py", line 183, in process_sync
    self._process_spider_exception(
  File "/usr/local/lib/python3.11/site-packages/scrapy/core/spidermw.py", line 256, in _process_spider_exception
    raise exception
  File "/usr/local/lib/python3.11/site-packages/scrapy/core/spidermw.py", line 179, in process_sync
    yield from iterable
  File "/usr/local/lib/python3.11/site-packages/scrapy/spidermiddlewares/depth.py", line 61, in process_spider_output
    yield from super().process_spider_output(response, result)
  File "/usr/local/lib/python3.11/site-packages/scrapy/spidermiddlewares/base.py", line 60, in process_spider_output
    for o in result:
  File "/usr/local/lib/python3.11/site-packages/scrapy/core/spidermw.py", line 183, in process_sync
    self._process_spider_exception(
  File "/usr/local/lib/python3.11/site-packages/scrapy/core/spidermw.py", line 256, in _process_spider_exception
    raise exception
  File "/usr/local/lib/python3.11/site-packages/scrapy/core/spidermw.py", line 179, in process_sync
    yield from iterable
  File "/app/zero_eu/zero_scraper/spiders/events_spider.py", line 227, in parse_event_page
    item["uuid"] = hashlib.sha256(uuid_string.encode('utf-8')).hexdigest()[:16]
    ~~~~^^^^^^^^
  File "/usr/local/lib/python3.11/site-packages/scrapy/item.py", line 98, in __setitem__
    raise KeyError(f"{self.__class__.__name__} does not support field: {key}")
KeyError: 'EventItem does not support field: uuid'
[2026-01-30T14:24:22.720+0000] {docker.py:429} INFO - 2026-01-30 14:24:22 [scrapy.core.engine] DEBUG: Crawled (200) <GET https://zero.eu/it/eventi/357327-messa-3,bologna/> (referer: https://zero.eu/api/v2/events?per_page=100&citta=13&_embed=true)
[2026-01-30T14:24:22.828+0000] {docker.py:429} INFO - 2026-01-30 14:24:22 [scrapy.core.scraper] ERROR: Spider error processing <GET https://zero.eu/it/eventi/357327-messa-3,bologna/> (referer: https://zero.eu/api/v2/events?per_page=100&citta=13&_embed=true)
Traceback (most recent call last):
  File "/usr/local/lib/python3.11/site-packages/scrapy/utils/defer.py", line 355, in iter_errback
    yield next(it)
          ^^^^^^^^
  File "/usr/local/lib/python3.11/site-packages/scrapy/utils/python.py", line 311, in __next__
    return next(self.data)
           ^^^^^^^^^^^^^^^
  File "/usr/local/lib/python3.11/site-packages/scrapy/utils/python.py", line 311, in __next__
    return next(self.data)
           ^^^^^^^^^^^^^^^
  File "/usr/local/lib/python3.11/site-packages/scrapy/core/spidermw.py", line 183, in process_sync
    self._process_spider_exception(
  File "/usr/local/lib/python3.11/site-packages/scrapy/core/spidermw.py", line 256, in _process_spider_exception
    raise exception
  File "/usr/local/lib/python3.11/site-packages/scrapy/core/spidermw.py", line 179, in process_sync
    yield from iterable
  File "/usr/local/lib/python3.11/site-packages/scrapy/spidermiddlewares/base.py", line 60, in process_spider_output
    for o in result:
  File "/usr/local/lib/python3.11/site-packages/scrapy/core/spidermw.py", line 183, in process_sync
    self._process_spider_exception(
  File "/usr/local/lib/python3.11/site-packages/scrapy/core/spidermw.py", line 256, in _process_spider_exception
    raise exception
  File "/usr/local/lib/python3.11/site-packages/scrapy/core/spidermw.py", line 179, in process_sync
    yield from iterable
  File "/usr/local/lib/python3.11/site-packages/scrapy/spidermiddlewares/base.py", line 60, in process_spider_output
    for o in result:
  File "/usr/local/lib/python3.11/site-packages/scrapy/core/spidermw.py", line 183, in process_sync
    self._process_spider_exception(
  File "/usr/local/lib/python3.11/site-packages/scrapy/core/spidermw.py", line 256, in _process_spider_exception
    raise exception
  File "/usr/local/lib/python3.11/site-packages/scrapy/core/spidermw.py", line 179, in process_sync
    yield from iterable
  File "/usr/local/lib/python3.11/site-packages/scrapy/spidermiddlewares/base.py", line 60, in process_spider_output
    for o in result:
  File "/usr/local/lib/python3.11/site-packages/scrapy/core/spidermw.py", line 183, in process_sync
    self._process_spider_exception(
  File "/usr/local/lib/python3.11/site-packages/scrapy/core/spidermw.py", line 256, in _process_spider_exception
    raise exception
  File "/usr/local/lib/python3.11/site-packages/scrapy/core/spidermw.py", line 179, in process_sync
    yield from iterable
  File "/usr/local/lib/python3.11/site-packages/scrapy/spidermiddlewares/depth.py", line 61, in process_spider_output
    yield from super().process_spider_output(response, result)
  File "/usr/local/lib/python3.11/site-packages/scrapy/spidermiddlewares/base.py", line 60, in process_spider_output
    for o in result:
  File "/usr/local/lib/python3.11/site-packages/scrapy/core/spidermw.py", line 183, in process_sync
    self._process_spider_exception(
  File "/usr/local/lib/python3.11/site-packages/scrapy/core/spidermw.py", line 256, in _process_spider_exception
    raise exception
  File "/usr/local/lib/python3.11/site-packages/scrapy/core/spidermw.py", line 179, in process_sync
    yield from iterable
  File "/app/zero_eu/zero_scraper/spiders/events_spider.py", line 227, in parse_event_page
    item["uuid"] = hashlib.sha256(uuid_string.encode('utf-8')).hexdigest()[:16]
    ~~~~^^^^^^^^
  File "/usr/local/lib/python3.11/site-packages/scrapy/item.py", line 98, in __setitem__
    raise KeyError(f"{self.__class__.__name__} does not support field: {key}")
KeyError: 'EventItem does not support field: uuid'
[2026-01-30T14:24:24.267+0000] {docker.py:429} INFO - 2026-01-30 14:24:24 [scrapy.core.engine] DEBUG: Crawled (200) <GET https://zero.eu/it/eventi/357211-rebel-rebel-w-ryan-elliott-sanctuary,roma/> (referer: https://zero.eu/api/v2/events?per_page=100&citta=13&_embed=true)
[2026-01-30T14:24:24.371+0000] {docker.py:429} INFO - 2026-01-30 14:24:24 [scrapy.core.scraper] ERROR: Spider error processing <GET https://zero.eu/it/eventi/357211-rebel-rebel-w-ryan-elliott-sanctuary,roma/> (referer: https://zero.eu/api/v2/events?per_page=100&citta=13&_embed=true)
Traceback (most recent call last):
  File "/usr/local/lib/python3.11/site-packages/scrapy/utils/defer.py", line 355, in iter_errback
    yield next(it)
          ^^^^^^^^
  File "/usr/local/lib/python3.11/site-packages/scrapy/utils/python.py", line 311, in __next__
    return next(self.data)
           ^^^^^^^^^^^^^^^
  File "/usr/local/lib/python3.11/site-packages/scrapy/utils/python.py", line 311, in __next__
    return next(self.data)
           ^^^^^^^^^^^^^^^
  File "/usr/local/lib/python3.11/site-packages/scrapy/core/spidermw.py", line 183, in process_sync
    self._process_spider_exception(
  File "/usr/local/lib/python3.11/site-packages/scrapy/core/spidermw.py", line 256, in _process_spider_exception
    raise exception
  File "/usr/local/lib/python3.11/site-packages/scrapy/core/spidermw.py", line 179, in process_sync
    yield from iterable
  File "/usr/local/lib/python3.11/site-packages/scrapy/spidermiddlewares/base.py", line 60, in process_spider_output
    for o in result:
  File "/usr/local/lib/python3.11/site-packages/scrapy/core/spidermw.py", line 183, in process_sync
    self._process_spider_exception(
  File "/usr/local/lib/python3.11/site-packages/scrapy/core/spidermw.py", line 256, in _process_spider_exception
    raise exception
  File "/usr/local/lib/python3.11/site-packages/scrapy/core/spidermw.py", line 179, in process_sync
    yield from iterable
  File "/usr/local/lib/python3.11/site-packages/scrapy/spidermiddlewares/base.py", line 60, in process_spider_output
    for o in result:
  File "/usr/local/lib/python3.11/site-packages/scrapy/core/spidermw.py", line 183, in process_sync
    self._process_spider_exception(
  File "/usr/local/lib/python3.11/site-packages/scrapy/core/spidermw.py", line 256, in _process_spider_exception
    raise exception
  File "/usr/local/lib/python3.11/site-packages/scrapy/core/spidermw.py", line 179, in process_sync
    yield from iterable
  File "/usr/local/lib/python3.11/site-packages/scrapy/spidermiddlewares/base.py", line 60, in process_spider_output
    for o in result:
  File "/usr/local/lib/python3.11/site-packages/scrapy/core/spidermw.py", line 183, in process_sync
    self._process_spider_exception(
  File "/usr/local/lib/python3.11/site-packages/scrapy/core/spidermw.py", line 256, in _process_spider_exception
    raise exception
  File "/usr/local/lib/python3.11/site-packages/scrapy/core/spidermw.py", line 179, in process_sync
    yield from iterable
  File "/usr/local/lib/python3.11/site-packages/scrapy/spidermiddlewares/depth.py", line 61, in process_spider_output
    yield from super().process_spider_output(response, result)
  File "/usr/local/lib/python3.11/site-packages/scrapy/spidermiddlewares/base.py", line 60, in process_spider_output
    for o in result:
  File "/usr/local/lib/python3.11/site-packages/scrapy/core/spidermw.py", line 183, in process_sync
    self._process_spider_exception(
  File "/usr/local/lib/python3.11/site-packages/scrapy/core/spidermw.py", line 256, in _process_spider_exception
    raise exception
  File "/usr/local/lib/python3.11/site-packages/scrapy/core/spidermw.py", line 179, in process_sync
    yield from iterable
  File "/app/zero_eu/zero_scraper/spiders/events_spider.py", line 227, in parse_event_page
    item["uuid"] = hashlib.sha256(uuid_string.encode('utf-8')).hexdigest()[:16]
    ~~~~^^^^^^^^
  File "/usr/local/lib/python3.11/site-packages/scrapy/item.py", line 98, in __setitem__
    raise KeyError(f"{self.__class__.__name__} does not support field: {key}")
KeyError: 'EventItem does not support field: uuid'
[2026-01-30T14:24:25.641+0000] {docker.py:429} INFO - 2026-01-30 14:24:25 [scrapy.core.engine] DEBUG: Crawled (200) <GET https://zero.eu/it/eventi/357048-la-possibilita-di-unisola,roma/> (referer: https://zero.eu/api/v2/events?per_page=100&citta=13&_embed=true)
[2026-01-30T14:24:25.745+0000] {docker.py:429} INFO - 2026-01-30 14:24:25 [scrapy.core.scraper] ERROR: Spider error processing <GET https://zero.eu/it/eventi/357048-la-possibilita-di-unisola,roma/> (referer: https://zero.eu/api/v2/events?per_page=100&citta=13&_embed=true)
Traceback (most recent call last):
  File "/usr/local/lib/python3.11/site-packages/scrapy/utils/defer.py", line 355, in iter_errback
    yield next(it)
          ^^^^^^^^
  File "/usr/local/lib/python3.11/site-packages/scrapy/utils/python.py", line 311, in __next__
    return next(self.data)
           ^^^^^^^^^^^^^^^
  File "/usr/local/lib/python3.11/site-packages/scrapy/utils/python.py", line 311, in __next__
    return next(self.data)
           ^^^^^^^^^^^^^^^
  File "/usr/local/lib/python3.11/site-packages/scrapy/core/spidermw.py", line 183, in process_sync
    self._process_spider_exception(
  File "/usr/local/lib/python3.11/site-packages/scrapy/core/spidermw.py", line 256, in _process_spider_exception
    raise exception
  File "/usr/local/lib/python3.11/site-packages/scrapy/core/spidermw.py", line 179, in process_sync
    yield from iterable
  File "/usr/local/lib/python3.11/site-packages/scrapy/spidermiddlewares/base.py", line 60, in process_spider_output
    for o in result:
  File "/usr/local/lib/python3.11/site-packages/scrapy/core/spidermw.py", line 183, in process_sync
    self._process_spider_exception(
  File "/usr/local/lib/python3.11/site-packages/scrapy/core/spidermw.py", line 256, in _process_spider_exception
    raise exception
  File "/usr/local/lib/python3.11/site-packages/scrapy/core/spidermw.py", line 179, in process_sync
    yield from iterable
  File "/usr/local/lib/python3.11/site-packages/scrapy/spidermiddlewares/base.py", line 60, in process_spider_output
    for o in result:
  File "/usr/local/lib/python3.11/site-packages/scrapy/core/spidermw.py", line 183, in process_sync
    self._process_spider_exception(
  File "/usr/local/lib/python3.11/site-packages/scrapy/core/spidermw.py", line 256, in _process_spider_exception
    raise exception
  File "/usr/local/lib/python3.11/site-packages/scrapy/core/spidermw.py", line 179, in process_sync
    yield from iterable
  File "/usr/local/lib/python3.11/site-packages/scrapy/spidermiddlewares/base.py", line 60, in process_spider_output
    for o in result:
  File "/usr/local/lib/python3.11/site-packages/scrapy/core/spidermw.py", line 183, in process_sync
    self._process_spider_exception(
  File "/usr/local/lib/python3.11/site-packages/scrapy/core/spidermw.py", line 256, in _process_spider_exception
    raise exception
  File "/usr/local/lib/python3.11/site-packages/scrapy/core/spidermw.py", line 179, in process_sync
    yield from iterable
  File "/usr/local/lib/python3.11/site-packages/scrapy/spidermiddlewares/depth.py", line 61, in process_spider_output
    yield from super().process_spider_output(response, result)
  File "/usr/local/lib/python3.11/site-packages/scrapy/spidermiddlewares/base.py", line 60, in process_spider_output
    for o in result:
  File "/usr/local/lib/python3.11/site-packages/scrapy/core/spidermw.py", line 183, in process_sync
    self._process_spider_exception(
  File "/usr/local/lib/python3.11/site-packages/scrapy/core/spidermw.py", line 256, in _process_spider_exception
    raise exception
  File "/usr/local/lib/python3.11/site-packages/scrapy/core/spidermw.py", line 179, in process_sync
    yield from iterable
  File "/app/zero_eu/zero_scraper/spiders/events_spider.py", line 227, in parse_event_page
    item["uuid"] = hashlib.sha256(uuid_string.encode('utf-8')).hexdigest()[:16]
    ~~~~^^^^^^^^
  File "/usr/local/lib/python3.11/site-packages/scrapy/item.py", line 98, in __setitem__
    raise KeyError(f"{self.__class__.__name__} does not support field: {key}")
KeyError: 'EventItem does not support field: uuid'
[2026-01-30T14:24:27.947+0000] {docker.py:429} INFO - 2026-01-30 14:24:27 [scrapy.core.engine] DEBUG: Crawled (200) <GET https://zero.eu/it/eventi/357044-senza-tregua-fest-4,roma/> (referer: https://zero.eu/api/v2/events?per_page=100&citta=13&_embed=true)
[2026-01-30T14:24:28.051+0000] {docker.py:429} INFO - 2026-01-30 14:24:28 [scrapy.core.scraper] ERROR: Spider error processing <GET https://zero.eu/it/eventi/357044-senza-tregua-fest-4,roma/> (referer: https://zero.eu/api/v2/events?per_page=100&citta=13&_embed=true)
Traceback (most recent call last):
  File "/usr/local/lib/python3.11/site-packages/scrapy/utils/defer.py", line 355, in iter_errback
    yield next(it)
          ^^^^^^^^
  File "/usr/local/lib/python3.11/site-packages/scrapy/utils/python.py", line 311, in __next__
    return next(self.data)
           ^^^^^^^^^^^^^^^
  File "/usr/local/lib/python3.11/site-packages/scrapy/utils/python.py", line 311, in __next__
    return next(self.data)
           ^^^^^^^^^^^^^^^
  File "/usr/local/lib/python3.11/site-packages/scrapy/core/spidermw.py", line 183, in process_sync
    self._process_spider_exception(
  File "/usr/local/lib/python3.11/site-packages/scrapy/core/spidermw.py", line 256, in _process_spider_exception
    raise exception
  File "/usr/local/lib/python3.11/site-packages/scrapy/core/spidermw.py", line 179, in process_sync
    yield from iterable
  File "/usr/local/lib/python3.11/site-packages/scrapy/spidermiddlewares/base.py", line 60, in process_spider_output
    for o in result:
  File "/usr/local/lib/python3.11/site-packages/scrapy/core/spidermw.py", line 183, in process_sync
    self._process_spider_exception(
  File "/usr/local/lib/python3.11/site-packages/scrapy/core/spidermw.py", line 256, in _process_spider_exception
    raise exception
  File "/usr/local/lib/python3.11/site-packages/scrapy/core/spidermw.py", line 179, in process_sync
    yield from iterable
  File "/usr/local/lib/python3.11/site-packages/scrapy/spidermiddlewares/base.py", line 60, in process_spider_output
    for o in result:
  File "/usr/local/lib/python3.11/site-packages/scrapy/core/spidermw.py", line 183, in process_sync
    self._process_spider_exception(
  File "/usr/local/lib/python3.11/site-packages/scrapy/core/spidermw.py", line 256, in _process_spider_exception
    raise exception
  File "/usr/local/lib/python3.11/site-packages/scrapy/core/spidermw.py", line 179, in process_sync
    yield from iterable
  File "/usr/local/lib/python3.11/site-packages/scrapy/spidermiddlewares/base.py", line 60, in process_spider_output
    for o in result:
  File "/usr/local/lib/python3.11/site-packages/scrapy/core/spidermw.py", line 183, in process_sync
    self._process_spider_exception(
  File "/usr/local/lib/python3.11/site-packages/scrapy/core/spidermw.py", line 256, in _process_spider_exception
    raise exception
  File "/usr/local/lib/python3.11/site-packages/scrapy/core/spidermw.py", line 179, in process_sync
    yield from iterable
  File "/usr/local/lib/python3.11/site-packages/scrapy/spidermiddlewares/depth.py", line 61, in process_spider_output
    yield from super().process_spider_output(response, result)
  File "/usr/local/lib/python3.11/site-packages/scrapy/spidermiddlewares/base.py", line 60, in process_spider_output
    for o in result:
  File "/usr/local/lib/python3.11/site-packages/scrapy/core/spidermw.py", line 183, in process_sync
    self._process_spider_exception(
  File "/usr/local/lib/python3.11/site-packages/scrapy/core/spidermw.py", line 256, in _process_spider_exception
    raise exception
  File "/usr/local/lib/python3.11/site-packages/scrapy/core/spidermw.py", line 179, in process_sync
    yield from iterable
  File "/app/zero_eu/zero_scraper/spiders/events_spider.py", line 227, in parse_event_page
    item["uuid"] = hashlib.sha256(uuid_string.encode('utf-8')).hexdigest()[:16]
    ~~~~^^^^^^^^
  File "/usr/local/lib/python3.11/site-packages/scrapy/item.py", line 98, in __setitem__
    raise KeyError(f"{self.__class__.__name__} does not support field: {key}")
KeyError: 'EventItem does not support field: uuid'
[2026-01-30T14:24:29.299+0000] {docker.py:429} INFO - 2026-01-30 14:24:29 [scrapy.core.engine] DEBUG: Crawled (200) <GET https://zero.eu/it/eventi/356165-tito-paesaggi-e-nature-morte-1955-1973,roma/> (referer: https://zero.eu/api/v2/events?per_page=100&citta=13&_embed=true)
[2026-01-30T14:24:29.406+0000] {docker.py:429} INFO - 2026-01-30 14:24:29 [scrapy.core.scraper] ERROR: Spider error processing <GET https://zero.eu/it/eventi/356165-tito-paesaggi-e-nature-morte-1955-1973,roma/> (referer: https://zero.eu/api/v2/events?per_page=100&citta=13&_embed=true)
Traceback (most recent call last):
  File "/usr/local/lib/python3.11/site-packages/scrapy/utils/defer.py", line 355, in iter_errback
    yield next(it)
          ^^^^^^^^
  File "/usr/local/lib/python3.11/site-packages/scrapy/utils/python.py", line 311, in __next__
    return next(self.data)
           ^^^^^^^^^^^^^^^
  File "/usr/local/lib/python3.11/site-packages/scrapy/utils/python.py", line 311, in __next__
    return next(self.data)
           ^^^^^^^^^^^^^^^
  File "/usr/local/lib/python3.11/site-packages/scrapy/core/spidermw.py", line 183, in process_sync
    self._process_spider_exception(
  File "/usr/local/lib/python3.11/site-packages/scrapy/core/spidermw.py", line 256, in _process_spider_exception
    raise exception
  File "/usr/local/lib/python3.11/site-packages/scrapy/core/spidermw.py", line 179, in process_sync
    yield from iterable
  File "/usr/local/lib/python3.11/site-packages/scrapy/spidermiddlewares/base.py", line 60, in process_spider_output
    for o in result:
  File "/usr/local/lib/python3.11/site-packages/scrapy/core/spidermw.py", line 183, in process_sync
    self._process_spider_exception(
  File "/usr/local/lib/python3.11/site-packages/scrapy/core/spidermw.py", line 256, in _process_spider_exception
    raise exception
  File "/usr/local/lib/python3.11/site-packages/scrapy/core/spidermw.py", line 179, in process_sync
    yield from iterable
  File "/usr/local/lib/python3.11/site-packages/scrapy/spidermiddlewares/base.py", line 60, in process_spider_output
    for o in result:
  File "/usr/local/lib/python3.11/site-packages/scrapy/core/spidermw.py", line 183, in process_sync
    self._process_spider_exception(
  File "/usr/local/lib/python3.11/site-packages/scrapy/core/spidermw.py", line 256, in _process_spider_exception
    raise exception
  File "/usr/local/lib/python3.11/site-packages/scrapy/core/spidermw.py", line 179, in process_sync
    yield from iterable
  File "/usr/local/lib/python3.11/site-packages/scrapy/spidermiddlewares/base.py", line 60, in process_spider_output
    for o in result:
  File "/usr/local/lib/python3.11/site-packages/scrapy/core/spidermw.py", line 183, in process_sync
    self._process_spider_exception(
  File "/usr/local/lib/python3.11/site-packages/scrapy/core/spidermw.py", line 256, in _process_spider_exception
    raise exception
  File "/usr/local/lib/python3.11/site-packages/scrapy/core/spidermw.py", line 179, in process_sync
    yield from iterable
  File "/usr/local/lib/python3.11/site-packages/scrapy/spidermiddlewares/depth.py", line 61, in process_spider_output
    yield from super().process_spider_output(response, result)
  File "/usr/local/lib/python3.11/site-packages/scrapy/spidermiddlewares/base.py", line 60, in process_spider_output
    for o in result:
  File "/usr/local/lib/python3.11/site-packages/scrapy/core/spidermw.py", line 183, in process_sync
    self._process_spider_exception(
  File "/usr/local/lib/python3.11/site-packages/scrapy/core/spidermw.py", line 256, in _process_spider_exception
    raise exception
  File "/usr/local/lib/python3.11/site-packages/scrapy/core/spidermw.py", line 179, in process_sync
    yield from iterable
  File "/app/zero_eu/zero_scraper/spiders/events_spider.py", line 227, in parse_event_page
    item["uuid"] = hashlib.sha256(uuid_string.encode('utf-8')).hexdigest()[:16]
    ~~~~^^^^^^^^
  File "/usr/local/lib/python3.11/site-packages/scrapy/item.py", line 98, in __setitem__
    raise KeyError(f"{self.__class__.__name__} does not support field: {key}")
KeyError: 'EventItem does not support field: uuid'
[2026-01-30T14:24:30.585+0000] {docker.py:429} INFO - 2026-01-30 14:24:30 [scrapy.core.engine] DEBUG: Crawled (200) <GET https://zero.eu/it/eventi/356525-millesuoni-voce-triennale,milano/> (referer: https://zero.eu/api/v2/events?per_page=100&citta=13&_embed=true)
[2026-01-30T14:24:30.690+0000] {docker.py:429} INFO - 2026-01-30 14:24:30 [scrapy.core.scraper] ERROR: Spider error processing <GET https://zero.eu/it/eventi/356525-millesuoni-voce-triennale,milano/> (referer: https://zero.eu/api/v2/events?per_page=100&citta=13&_embed=true)
Traceback (most recent call last):
  File "/usr/local/lib/python3.11/site-packages/scrapy/utils/defer.py", line 355, in iter_errback
    yield next(it)
          ^^^^^^^^
  File "/usr/local/lib/python3.11/site-packages/scrapy/utils/python.py", line 311, in __next__
    return next(self.data)
           ^^^^^^^^^^^^^^^
  File "/usr/local/lib/python3.11/site-packages/scrapy/utils/python.py", line 311, in __next__
    return next(self.data)
           ^^^^^^^^^^^^^^^
  File "/usr/local/lib/python3.11/site-packages/scrapy/core/spidermw.py", line 183, in process_sync
    self._process_spider_exception(
  File "/usr/local/lib/python3.11/site-packages/scrapy/core/spidermw.py", line 256, in _process_spider_exception
    raise exception
  File "/usr/local/lib/python3.11/site-packages/scrapy/core/spidermw.py", line 179, in process_sync
    yield from iterable
  File "/usr/local/lib/python3.11/site-packages/scrapy/spidermiddlewares/base.py", line 60, in process_spider_output
    for o in result:
  File "/usr/local/lib/python3.11/site-packages/scrapy/core/spidermw.py", line 183, in process_sync
    self._process_spider_exception(
  File "/usr/local/lib/python3.11/site-packages/scrapy/core/spidermw.py", line 256, in _process_spider_exception
    raise exception
  File "/usr/local/lib/python3.11/site-packages/scrapy/core/spidermw.py", line 179, in process_sync
    yield from iterable
  File "/usr/local/lib/python3.11/site-packages/scrapy/spidermiddlewares/base.py", line 60, in process_spider_output
    for o in result:
  File "/usr/local/lib/python3.11/site-packages/scrapy/core/spidermw.py", line 183, in process_sync
    self._process_spider_exception(
  File "/usr/local/lib/python3.11/site-packages/scrapy/core/spidermw.py", line 256, in _process_spider_exception
    raise exception
  File "/usr/local/lib/python3.11/site-packages/scrapy/core/spidermw.py", line 179, in process_sync
    yield from iterable
  File "/usr/local/lib/python3.11/site-packages/scrapy/spidermiddlewares/base.py", line 60, in process_spider_output
    for o in result:
  File "/usr/local/lib/python3.11/site-packages/scrapy/core/spidermw.py", line 183, in process_sync
    self._process_spider_exception(
  File "/usr/local/lib/python3.11/site-packages/scrapy/core/spidermw.py", line 256, in _process_spider_exception
    raise exception
  File "/usr/local/lib/python3.11/site-packages/scrapy/core/spidermw.py", line 179, in process_sync
    yield from iterable
  File "/usr/local/lib/python3.11/site-packages/scrapy/spidermiddlewares/depth.py", line 61, in process_spider_output
    yield from super().process_spider_output(response, result)
  File "/usr/local/lib/python3.11/site-packages/scrapy/spidermiddlewares/base.py", line 60, in process_spider_output
    for o in result:
  File "/usr/local/lib/python3.11/site-packages/scrapy/core/spidermw.py", line 183, in process_sync
    self._process_spider_exception(
  File "/usr/local/lib/python3.11/site-packages/scrapy/core/spidermw.py", line 256, in _process_spider_exception
    raise exception
  File "/usr/local/lib/python3.11/site-packages/scrapy/core/spidermw.py", line 179, in process_sync
    yield from iterable
  File "/app/zero_eu/zero_scraper/spiders/events_spider.py", line 227, in parse_event_page
    item["uuid"] = hashlib.sha256(uuid_string.encode('utf-8')).hexdigest()[:16]
    ~~~~^^^^^^^^
  File "/usr/local/lib/python3.11/site-packages/scrapy/item.py", line 98, in __setitem__
    raise KeyError(f"{self.__class__.__name__} does not support field: {key}")
KeyError: 'EventItem does not support field: uuid'
[2026-01-30T14:24:31.598+0000] {docker.py:429} INFO - 2026-01-30 14:24:31 [scrapy.core.engine] DEBUG: Crawled (200) <GET https://zero.eu/it/eventi/356201-giovanni-insaudo-dancehaus-piu-nostalgia,roma/> (referer: https://zero.eu/api/v2/events?per_page=100&citta=13&_embed=true)
[2026-01-30T14:24:31.703+0000] {docker.py:429} INFO - 2026-01-30 14:24:31 [scrapy.core.scraper] ERROR: Spider error processing <GET https://zero.eu/it/eventi/356201-giovanni-insaudo-dancehaus-piu-nostalgia,roma/> (referer: https://zero.eu/api/v2/events?per_page=100&citta=13&_embed=true)
Traceback (most recent call last):
  File "/usr/local/lib/python3.11/site-packages/scrapy/utils/defer.py", line 355, in iter_errback
    yield next(it)
          ^^^^^^^^
  File "/usr/local/lib/python3.11/site-packages/scrapy/utils/python.py", line 311, in __next__
    return next(self.data)
           ^^^^^^^^^^^^^^^
  File "/usr/local/lib/python3.11/site-packages/scrapy/utils/python.py", line 311, in __next__
    return next(self.data)
           ^^^^^^^^^^^^^^^
  File "/usr/local/lib/python3.11/site-packages/scrapy/core/spidermw.py", line 183, in process_sync
    self._process_spider_exception(
  File "/usr/local/lib/python3.11/site-packages/scrapy/core/spidermw.py", line 256, in _process_spider_exception
    raise exception
  File "/usr/local/lib/python3.11/site-packages/scrapy/core/spidermw.py", line 179, in process_sync
    yield from iterable
  File "/usr/local/lib/python3.11/site-packages/scrapy/spidermiddlewares/base.py", line 60, in process_spider_output
    for o in result:
  File "/usr/local/lib/python3.11/site-packages/scrapy/core/spidermw.py", line 183, in process_sync
    self._process_spider_exception(
  File "/usr/local/lib/python3.11/site-packages/scrapy/core/spidermw.py", line 256, in _process_spider_exception
    raise exception
  File "/usr/local/lib/python3.11/site-packages/scrapy/core/spidermw.py", line 179, in process_sync
    yield from iterable
  File "/usr/local/lib/python3.11/site-packages/scrapy/spidermiddlewares/base.py", line 60, in process_spider_output
    for o in result:
  File "/usr/local/lib/python3.11/site-packages/scrapy/core/spidermw.py", line 183, in process_sync
    self._process_spider_exception(
  File "/usr/local/lib/python3.11/site-packages/scrapy/core/spidermw.py", line 256, in _process_spider_exception
    raise exception
  File "/usr/local/lib/python3.11/site-packages/scrapy/core/spidermw.py", line 179, in process_sync
    yield from iterable
  File "/usr/local/lib/python3.11/site-packages/scrapy/spidermiddlewares/base.py", line 60, in process_spider_output
    for o in result:
  File "/usr/local/lib/python3.11/site-packages/scrapy/core/spidermw.py", line 183, in process_sync
    self._process_spider_exception(
  File "/usr/local/lib/python3.11/site-packages/scrapy/core/spidermw.py", line 256, in _process_spider_exception
    raise exception
  File "/usr/local/lib/python3.11/site-packages/scrapy/core/spidermw.py", line 179, in process_sync
    yield from iterable
  File "/usr/local/lib/python3.11/site-packages/scrapy/spidermiddlewares/depth.py", line 61, in process_spider_output
    yield from super().process_spider_output(response, result)
  File "/usr/local/lib/python3.11/site-packages/scrapy/spidermiddlewares/base.py", line 60, in process_spider_output
    for o in result:
  File "/usr/local/lib/python3.11/site-packages/scrapy/core/spidermw.py", line 183, in process_sync
    self._process_spider_exception(
  File "/usr/local/lib/python3.11/site-packages/scrapy/core/spidermw.py", line 256, in _process_spider_exception
    raise exception
  File "/usr/local/lib/python3.11/site-packages/scrapy/core/spidermw.py", line 179, in process_sync
    yield from iterable
  File "/app/zero_eu/zero_scraper/spiders/events_spider.py", line 227, in parse_event_page
    item["uuid"] = hashlib.sha256(uuid_string.encode('utf-8')).hexdigest()[:16]
    ~~~~^^^^^^^^
  File "/usr/local/lib/python3.11/site-packages/scrapy/item.py", line 98, in __setitem__
    raise KeyError(f"{self.__class__.__name__} does not support field: {key}")
KeyError: 'EventItem does not support field: uuid'
[2026-01-30T14:24:32.903+0000] {docker.py:429} INFO - 2026-01-30 14:24:32 [scrapy.core.engine] DEBUG: Crawled (200) <GET https://zero.eu/it/eventi/356979-la-banalita-del-male-2026-teatro-belli,roma/> (referer: https://zero.eu/api/v2/events?per_page=100&citta=13&_embed=true)
[2026-01-30T14:24:33.008+0000] {docker.py:429} INFO - 2026-01-30 14:24:33 [scrapy.core.scraper] ERROR: Spider error processing <GET https://zero.eu/it/eventi/356979-la-banalita-del-male-2026-teatro-belli,roma/> (referer: https://zero.eu/api/v2/events?per_page=100&citta=13&_embed=true)
Traceback (most recent call last):
  File "/usr/local/lib/python3.11/site-packages/scrapy/utils/defer.py", line 355, in iter_errback
    yield next(it)
          ^^^^^^^^
  File "/usr/local/lib/python3.11/site-packages/scrapy/utils/python.py", line 311, in __next__
    return next(self.data)
           ^^^^^^^^^^^^^^^
  File "/usr/local/lib/python3.11/site-packages/scrapy/utils/python.py", line 311, in __next__
    return next(self.data)
           ^^^^^^^^^^^^^^^
  File "/usr/local/lib/python3.11/site-packages/scrapy/core/spidermw.py", line 183, in process_sync
    self._process_spider_exception(
  File "/usr/local/lib/python3.11/site-packages/scrapy/core/spidermw.py", line 256, in _process_spider_exception
    raise exception
  File "/usr/local/lib/python3.11/site-packages/scrapy/core/spidermw.py", line 179, in process_sync
    yield from iterable
  File "/usr/local/lib/python3.11/site-packages/scrapy/spidermiddlewares/base.py", line 60, in process_spider_output
    for o in result:
  File "/usr/local/lib/python3.11/site-packages/scrapy/core/spidermw.py", line 183, in process_sync
    self._process_spider_exception(
  File "/usr/local/lib/python3.11/site-packages/scrapy/core/spidermw.py", line 256, in _process_spider_exception
    raise exception
  File "/usr/local/lib/python3.11/site-packages/scrapy/core/spidermw.py", line 179, in process_sync
    yield from iterable
  File "/usr/local/lib/python3.11/site-packages/scrapy/spidermiddlewares/base.py", line 60, in process_spider_output
    for o in result:
  File "/usr/local/lib/python3.11/site-packages/scrapy/core/spidermw.py", line 183, in process_sync
    self._process_spider_exception(
  File "/usr/local/lib/python3.11/site-packages/scrapy/core/spidermw.py", line 256, in _process_spider_exception
    raise exception
  File "/usr/local/lib/python3.11/site-packages/scrapy/core/spidermw.py", line 179, in process_sync
    yield from iterable
  File "/usr/local/lib/python3.11/site-packages/scrapy/spidermiddlewares/base.py", line 60, in process_spider_output
    for o in result:
  File "/usr/local/lib/python3.11/site-packages/scrapy/core/spidermw.py", line 183, in process_sync
    self._process_spider_exception(
  File "/usr/local/lib/python3.11/site-packages/scrapy/core/spidermw.py", line 256, in _process_spider_exception
    raise exception
  File "/usr/local/lib/python3.11/site-packages/scrapy/core/spidermw.py", line 179, in process_sync
    yield from iterable
  File "/usr/local/lib/python3.11/site-packages/scrapy/spidermiddlewares/depth.py", line 61, in process_spider_output
    yield from super().process_spider_output(response, result)
  File "/usr/local/lib/python3.11/site-packages/scrapy/spidermiddlewares/base.py", line 60, in process_spider_output
    for o in result:
  File "/usr/local/lib/python3.11/site-packages/scrapy/core/spidermw.py", line 183, in process_sync
    self._process_spider_exception(
  File "/usr/local/lib/python3.11/site-packages/scrapy/core/spidermw.py", line 256, in _process_spider_exception
    raise exception
  File "/usr/local/lib/python3.11/site-packages/scrapy/core/spidermw.py", line 179, in process_sync
    yield from iterable
  File "/app/zero_eu/zero_scraper/spiders/events_spider.py", line 227, in parse_event_page
    item["uuid"] = hashlib.sha256(uuid_string.encode('utf-8')).hexdigest()[:16]
    ~~~~^^^^^^^^
  File "/usr/local/lib/python3.11/site-packages/scrapy/item.py", line 98, in __setitem__
    raise KeyError(f"{self.__class__.__name__} does not support field: {key}")
KeyError: 'EventItem does not support field: uuid'
[2026-01-30T14:24:36.524+0000] {docker.py:429} INFO - 2026-01-30 14:24:36 [scrapy.core.engine] DEBUG: Crawled (200) <GET https://zero.eu/it/eventi/357449-irving-penn-photographs-1939-2007,roma/> (referer: https://zero.eu/api/v2/events?per_page=100&citta=13&_embed=true)
[2026-01-30T14:24:36.629+0000] {docker.py:429} INFO - 2026-01-30 14:24:36 [scrapy.core.scraper] ERROR: Spider error processing <GET https://zero.eu/it/eventi/357449-irving-penn-photographs-1939-2007,roma/> (referer: https://zero.eu/api/v2/events?per_page=100&citta=13&_embed=true)
Traceback (most recent call last):
  File "/usr/local/lib/python3.11/site-packages/scrapy/utils/defer.py", line 355, in iter_errback
    yield next(it)
          ^^^^^^^^
  File "/usr/local/lib/python3.11/site-packages/scrapy/utils/python.py", line 311, in __next__
    return next(self.data)
           ^^^^^^^^^^^^^^^
  File "/usr/local/lib/python3.11/site-packages/scrapy/utils/python.py", line 311, in __next__
    return next(self.data)
           ^^^^^^^^^^^^^^^
  File "/usr/local/lib/python3.11/site-packages/scrapy/core/spidermw.py", line 183, in process_sync
    self._process_spider_exception(
  File "/usr/local/lib/python3.11/site-packages/scrapy/core/spidermw.py", line 256, in _process_spider_exception
    raise exception
  File "/usr/local/lib/python3.11/site-packages/scrapy/core/spidermw.py", line 179, in process_sync
    yield from iterable
  File "/usr/local/lib/python3.11/site-packages/scrapy/spidermiddlewares/base.py", line 60, in process_spider_output
    for o in result:
  File "/usr/local/lib/python3.11/site-packages/scrapy/core/spidermw.py", line 183, in process_sync
    self._process_spider_exception(
  File "/usr/local/lib/python3.11/site-packages/scrapy/core/spidermw.py", line 256, in _process_spider_exception
    raise exception
  File "/usr/local/lib/python3.11/site-packages/scrapy/core/spidermw.py", line 179, in process_sync
    yield from iterable
  File "/usr/local/lib/python3.11/site-packages/scrapy/spidermiddlewares/base.py", line 60, in process_spider_output
    for o in result:
  File "/usr/local/lib/python3.11/site-packages/scrapy/core/spidermw.py", line 183, in process_sync
    self._process_spider_exception(
  File "/usr/local/lib/python3.11/site-packages/scrapy/core/spidermw.py", line 256, in _process_spider_exception
    raise exception
  File "/usr/local/lib/python3.11/site-packages/scrapy/core/spidermw.py", line 179, in process_sync
    yield from iterable
  File "/usr/local/lib/python3.11/site-packages/scrapy/spidermiddlewares/base.py", line 60, in process_spider_output
    for o in result:
  File "/usr/local/lib/python3.11/site-packages/scrapy/core/spidermw.py", line 183, in process_sync
    self._process_spider_exception(
  File "/usr/local/lib/python3.11/site-packages/scrapy/core/spidermw.py", line 256, in _process_spider_exception
    raise exception
  File "/usr/local/lib/python3.11/site-packages/scrapy/core/spidermw.py", line 179, in process_sync
    yield from iterable
  File "/usr/local/lib/python3.11/site-packages/scrapy/spidermiddlewares/depth.py", line 61, in process_spider_output
    yield from super().process_spider_output(response, result)
  File "/usr/local/lib/python3.11/site-packages/scrapy/spidermiddlewares/base.py", line 60, in process_spider_output
    for o in result:
  File "/usr/local/lib/python3.11/site-packages/scrapy/core/spidermw.py", line 183, in process_sync
    self._process_spider_exception(
  File "/usr/local/lib/python3.11/site-packages/scrapy/core/spidermw.py", line 256, in _process_spider_exception
    raise exception
  File "/usr/local/lib/python3.11/site-packages/scrapy/core/spidermw.py", line 179, in process_sync
    yield from iterable
  File "/app/zero_eu/zero_scraper/spiders/events_spider.py", line 227, in parse_event_page
    item["uuid"] = hashlib.sha256(uuid_string.encode('utf-8')).hexdigest()[:16]
    ~~~~^^^^^^^^
  File "/usr/local/lib/python3.11/site-packages/scrapy/item.py", line 98, in __setitem__
    raise KeyError(f"{self.__class__.__name__} does not support field: {key}")
KeyError: 'EventItem does not support field: uuid'
[2026-01-30T14:24:37.638+0000] {docker.py:429} INFO - 2026-01-30 14:24:37 [scrapy.core.engine] DEBUG: Crawled (200) <GET https://zero.eu/it/eventi/356817-kelan-fanfulla,roma/> (referer: https://zero.eu/api/v2/events?per_page=100&citta=13&_embed=true)
[2026-01-30T14:24:37.742+0000] {docker.py:429} INFO - 2026-01-30 14:24:37 [scrapy.core.scraper] ERROR: Spider error processing <GET https://zero.eu/it/eventi/356817-kelan-fanfulla,roma/> (referer: https://zero.eu/api/v2/events?per_page=100&citta=13&_embed=true)
Traceback (most recent call last):
  File "/usr/local/lib/python3.11/site-packages/scrapy/utils/defer.py", line 355, in iter_errback
    yield next(it)
          ^^^^^^^^
  File "/usr/local/lib/python3.11/site-packages/scrapy/utils/python.py", line 311, in __next__
    return next(self.data)
           ^^^^^^^^^^^^^^^
  File "/usr/local/lib/python3.11/site-packages/scrapy/utils/python.py", line 311, in __next__
    return next(self.data)
           ^^^^^^^^^^^^^^^
  File "/usr/local/lib/python3.11/site-packages/scrapy/core/spidermw.py", line 183, in process_sync
    self._process_spider_exception(
  File "/usr/local/lib/python3.11/site-packages/scrapy/core/spidermw.py", line 256, in _process_spider_exception
    raise exception
  File "/usr/local/lib/python3.11/site-packages/scrapy/core/spidermw.py", line 179, in process_sync
    yield from iterable
  File "/usr/local/lib/python3.11/site-packages/scrapy/spidermiddlewares/base.py", line 60, in process_spider_output
    for o in result:
  File "/usr/local/lib/python3.11/site-packages/scrapy/core/spidermw.py", line 183, in process_sync
    self._process_spider_exception(
  File "/usr/local/lib/python3.11/site-packages/scrapy/core/spidermw.py", line 256, in _process_spider_exception
    raise exception
  File "/usr/local/lib/python3.11/site-packages/scrapy/core/spidermw.py", line 179, in process_sync
    yield from iterable
  File "/usr/local/lib/python3.11/site-packages/scrapy/spidermiddlewares/base.py", line 60, in process_spider_output
    for o in result:
  File "/usr/local/lib/python3.11/site-packages/scrapy/core/spidermw.py", line 183, in process_sync
    self._process_spider_exception(
  File "/usr/local/lib/python3.11/site-packages/scrapy/core/spidermw.py", line 256, in _process_spider_exception
    raise exception
  File "/usr/local/lib/python3.11/site-packages/scrapy/core/spidermw.py", line 179, in process_sync
    yield from iterable
  File "/usr/local/lib/python3.11/site-packages/scrapy/spidermiddlewares/base.py", line 60, in process_spider_output
    for o in result:
  File "/usr/local/lib/python3.11/site-packages/scrapy/core/spidermw.py", line 183, in process_sync
    self._process_spider_exception(
  File "/usr/local/lib/python3.11/site-packages/scrapy/core/spidermw.py", line 256, in _process_spider_exception
    raise exception
  File "/usr/local/lib/python3.11/site-packages/scrapy/core/spidermw.py", line 179, in process_sync
    yield from iterable
  File "/usr/local/lib/python3.11/site-packages/scrapy/spidermiddlewares/depth.py", line 61, in process_spider_output
    yield from super().process_spider_output(response, result)
  File "/usr/local/lib/python3.11/site-packages/scrapy/spidermiddlewares/base.py", line 60, in process_spider_output
    for o in result:
  File "/usr/local/lib/python3.11/site-packages/scrapy/core/spidermw.py", line 183, in process_sync
    self._process_spider_exception(
  File "/usr/local/lib/python3.11/site-packages/scrapy/core/spidermw.py", line 256, in _process_spider_exception
    raise exception
  File "/usr/local/lib/python3.11/site-packages/scrapy/core/spidermw.py", line 179, in process_sync
    yield from iterable
  File "/app/zero_eu/zero_scraper/spiders/events_spider.py", line 227, in parse_event_page
    item["uuid"] = hashlib.sha256(uuid_string.encode('utf-8')).hexdigest()[:16]
    ~~~~^^^^^^^^
  File "/usr/local/lib/python3.11/site-packages/scrapy/item.py", line 98, in __setitem__
    raise KeyError(f"{self.__class__.__name__} does not support field: {key}")
KeyError: 'EventItem does not support field: uuid'
[2026-01-30T14:24:38.752+0000] {docker.py:429} INFO - 2026-01-30 14:24:38 [scrapy.core.engine] DEBUG: Crawled (200) <GET https://zero.eu/it/eventi/359256-blaze-x-arciliuto,roma/> (referer: https://zero.eu/api/v2/events?per_page=100&citta=13&_embed=true)
[2026-01-30T14:24:38.857+0000] {docker.py:429} INFO - 2026-01-30 14:24:38 [scrapy.core.scraper] ERROR: Spider error processing <GET https://zero.eu/it/eventi/359256-blaze-x-arciliuto,roma/> (referer: https://zero.eu/api/v2/events?per_page=100&citta=13&_embed=true)
Traceback (most recent call last):
  File "/usr/local/lib/python3.11/site-packages/scrapy/utils/defer.py", line 355, in iter_errback
    yield next(it)
          ^^^^^^^^
  File "/usr/local/lib/python3.11/site-packages/scrapy/utils/python.py", line 311, in __next__
    return next(self.data)
           ^^^^^^^^^^^^^^^
  File "/usr/local/lib/python3.11/site-packages/scrapy/utils/python.py", line 311, in __next__
    return next(self.data)
           ^^^^^^^^^^^^^^^
  File "/usr/local/lib/python3.11/site-packages/scrapy/core/spidermw.py", line 183, in process_sync
    self._process_spider_exception(
  File "/usr/local/lib/python3.11/site-packages/scrapy/core/spidermw.py", line 256, in _process_spider_exception
    raise exception
  File "/usr/local/lib/python3.11/site-packages/scrapy/core/spidermw.py", line 179, in process_sync
    yield from iterable
  File "/usr/local/lib/python3.11/site-packages/scrapy/spidermiddlewares/base.py", line 60, in process_spider_output
    for o in result:
  File "/usr/local/lib/python3.11/site-packages/scrapy/core/spidermw.py", line 183, in process_sync
    self._process_spider_exception(
  File "/usr/local/lib/python3.11/site-packages/scrapy/core/spidermw.py", line 256, in _process_spider_exception
    raise exception
  File "/usr/local/lib/python3.11/site-packages/scrapy/core/spidermw.py", line 179, in process_sync
    yield from iterable
  File "/usr/local/lib/python3.11/site-packages/scrapy/spidermiddlewares/base.py", line 60, in process_spider_output
    for o in result:
  File "/usr/local/lib/python3.11/site-packages/scrapy/core/spidermw.py", line 183, in process_sync
    self._process_spider_exception(
  File "/usr/local/lib/python3.11/site-packages/scrapy/core/spidermw.py", line 256, in _process_spider_exception
    raise exception
  File "/usr/local/lib/python3.11/site-packages/scrapy/core/spidermw.py", line 179, in process_sync
    yield from iterable
  File "/usr/local/lib/python3.11/site-packages/scrapy/spidermiddlewares/base.py", line 60, in process_spider_output
    for o in result:
  File "/usr/local/lib/python3.11/site-packages/scrapy/core/spidermw.py", line 183, in process_sync
    self._process_spider_exception(
  File "/usr/local/lib/python3.11/site-packages/scrapy/core/spidermw.py", line 256, in _process_spider_exception
    raise exception
  File "/usr/local/lib/python3.11/site-packages/scrapy/core/spidermw.py", line 179, in process_sync
    yield from iterable
  File "/usr/local/lib/python3.11/site-packages/scrapy/spidermiddlewares/depth.py", line 61, in process_spider_output
    yield from super().process_spider_output(response, result)
  File "/usr/local/lib/python3.11/site-packages/scrapy/spidermiddlewares/base.py", line 60, in process_spider_output
    for o in result:
  File "/usr/local/lib/python3.11/site-packages/scrapy/core/spidermw.py", line 183, in process_sync
    self._process_spider_exception(
  File "/usr/local/lib/python3.11/site-packages/scrapy/core/spidermw.py", line 256, in _process_spider_exception
    raise exception
  File "/usr/local/lib/python3.11/site-packages/scrapy/core/spidermw.py", line 179, in process_sync
    yield from iterable
  File "/app/zero_eu/zero_scraper/spiders/events_spider.py", line 227, in parse_event_page
    item["uuid"] = hashlib.sha256(uuid_string.encode('utf-8')).hexdigest()[:16]
    ~~~~^^^^^^^^
  File "/usr/local/lib/python3.11/site-packages/scrapy/item.py", line 98, in __setitem__
    raise KeyError(f"{self.__class__.__name__} does not support field: {key}")
KeyError: 'EventItem does not support field: uuid'
[2026-01-30T14:24:40.007+0000] {docker.py:429} INFO - 2026-01-30 14:24:40 [scrapy.core.engine] DEBUG: Crawled (200) <GET https://zero.eu/it/eventi/359255-kebab-completo-2,milano/> (referer: https://zero.eu/api/v2/events?per_page=100&citta=13&_embed=true)
[2026-01-30T14:24:40.111+0000] {docker.py:429} INFO - 2026-01-30 14:24:40 [scrapy.core.scraper] ERROR: Spider error processing <GET https://zero.eu/it/eventi/359255-kebab-completo-2,milano/> (referer: https://zero.eu/api/v2/events?per_page=100&citta=13&_embed=true)
Traceback (most recent call last):
  File "/usr/local/lib/python3.11/site-packages/scrapy/utils/defer.py", line 355, in iter_errback
    yield next(it)
          ^^^^^^^^
  File "/usr/local/lib/python3.11/site-packages/scrapy/utils/python.py", line 311, in __next__
    return next(self.data)
           ^^^^^^^^^^^^^^^
  File "/usr/local/lib/python3.11/site-packages/scrapy/utils/python.py", line 311, in __next__
    return next(self.data)
           ^^^^^^^^^^^^^^^
  File "/usr/local/lib/python3.11/site-packages/scrapy/core/spidermw.py", line 183, in process_sync
    self._process_spider_exception(
  File "/usr/local/lib/python3.11/site-packages/scrapy/core/spidermw.py", line 256, in _process_spider_exception
    raise exception
  File "/usr/local/lib/python3.11/site-packages/scrapy/core/spidermw.py", line 179, in process_sync
    yield from iterable
  File "/usr/local/lib/python3.11/site-packages/scrapy/spidermiddlewares/base.py", line 60, in process_spider_output
    for o in result:
  File "/usr/local/lib/python3.11/site-packages/scrapy/core/spidermw.py", line 183, in process_sync
    self._process_spider_exception(
  File "/usr/local/lib/python3.11/site-packages/scrapy/core/spidermw.py", line 256, in _process_spider_exception
    raise exception
  File "/usr/local/lib/python3.11/site-packages/scrapy/core/spidermw.py", line 179, in process_sync
    yield from iterable
  File "/usr/local/lib/python3.11/site-packages/scrapy/spidermiddlewares/base.py", line 60, in process_spider_output
    for o in result:
  File "/usr/local/lib/python3.11/site-packages/scrapy/core/spidermw.py", line 183, in process_sync
    self._process_spider_exception(
  File "/usr/local/lib/python3.11/site-packages/scrapy/core/spidermw.py", line 256, in _process_spider_exception
    raise exception
  File "/usr/local/lib/python3.11/site-packages/scrapy/core/spidermw.py", line 179, in process_sync
    yield from iterable
  File "/usr/local/lib/python3.11/site-packages/scrapy/spidermiddlewares/base.py", line 60, in process_spider_output
    for o in result:
  File "/usr/local/lib/python3.11/site-packages/scrapy/core/spidermw.py", line 183, in process_sync
    self._process_spider_exception(
  File "/usr/local/lib/python3.11/site-packages/scrapy/core/spidermw.py", line 256, in _process_spider_exception
    raise exception
  File "/usr/local/lib/python3.11/site-packages/scrapy/core/spidermw.py", line 179, in process_sync
    yield from iterable
  File "/usr/local/lib/python3.11/site-packages/scrapy/spidermiddlewares/depth.py", line 61, in process_spider_output
    yield from super().process_spider_output(response, result)
  File "/usr/local/lib/python3.11/site-packages/scrapy/spidermiddlewares/base.py", line 60, in process_spider_output
    for o in result:
  File "/usr/local/lib/python3.11/site-packages/scrapy/core/spidermw.py", line 183, in process_sync
    self._process_spider_exception(
  File "/usr/local/lib/python3.11/site-packages/scrapy/core/spidermw.py", line 256, in _process_spider_exception
    raise exception
  File "/usr/local/lib/python3.11/site-packages/scrapy/core/spidermw.py", line 179, in process_sync
    yield from iterable
  File "/app/zero_eu/zero_scraper/spiders/events_spider.py", line 227, in parse_event_page
    item["uuid"] = hashlib.sha256(uuid_string.encode('utf-8')).hexdigest()[:16]
    ~~~~^^^^^^^^
  File "/usr/local/lib/python3.11/site-packages/scrapy/item.py", line 98, in __setitem__
    raise KeyError(f"{self.__class__.__name__} does not support field: {key}")
KeyError: 'EventItem does not support field: uuid'
[2026-01-30T14:24:47.805+0000] {docker.py:429} INFO - 2026-01-30 14:24:47 [scrapy.core.engine] DEBUG: Crawled (200) <GET https://zero.eu/it/eventi/359249-tek-hole-ottobre-2025-2,roma/> (referer: https://zero.eu/api/v2/events?per_page=100&citta=13&_embed=true)
[2026-01-30T14:24:47.910+0000] {docker.py:429} INFO - 2026-01-30 14:24:47 [scrapy.core.scraper] ERROR: Spider error processing <GET https://zero.eu/it/eventi/359249-tek-hole-ottobre-2025-2,roma/> (referer: https://zero.eu/api/v2/events?per_page=100&citta=13&_embed=true)
Traceback (most recent call last):
  File "/usr/local/lib/python3.11/site-packages/scrapy/utils/defer.py", line 355, in iter_errback
    yield next(it)
          ^^^^^^^^
  File "/usr/local/lib/python3.11/site-packages/scrapy/utils/python.py", line 311, in __next__
    return next(self.data)
           ^^^^^^^^^^^^^^^
  File "/usr/local/lib/python3.11/site-packages/scrapy/utils/python.py", line 311, in __next__
    return next(self.data)
           ^^^^^^^^^^^^^^^
  File "/usr/local/lib/python3.11/site-packages/scrapy/core/spidermw.py", line 183, in process_sync
    self._process_spider_exception(
  File "/usr/local/lib/python3.11/site-packages/scrapy/core/spidermw.py", line 256, in _process_spider_exception
    raise exception
  File "/usr/local/lib/python3.11/site-packages/scrapy/core/spidermw.py", line 179, in process_sync
    yield from iterable
  File "/usr/local/lib/python3.11/site-packages/scrapy/spidermiddlewares/base.py", line 60, in process_spider_output
    for o in result:
  File "/usr/local/lib/python3.11/site-packages/scrapy/core/spidermw.py", line 183, in process_sync
    self._process_spider_exception(
  File "/usr/local/lib/python3.11/site-packages/scrapy/core/spidermw.py", line 256, in _process_spider_exception
    raise exception
  File "/usr/local/lib/python3.11/site-packages/scrapy/core/spidermw.py", line 179, in process_sync
    yield from iterable
  File "/usr/local/lib/python3.11/site-packages/scrapy/spidermiddlewares/base.py", line 60, in process_spider_output
    for o in result:
  File "/usr/local/lib/python3.11/site-packages/scrapy/core/spidermw.py", line 183, in process_sync
    self._process_spider_exception(
  File "/usr/local/lib/python3.11/site-packages/scrapy/core/spidermw.py", line 256, in _process_spider_exception
    raise exception
  File "/usr/local/lib/python3.11/site-packages/scrapy/core/spidermw.py", line 179, in process_sync
    yield from iterable
  File "/usr/local/lib/python3.11/site-packages/scrapy/spidermiddlewares/base.py", line 60, in process_spider_output
    for o in result:
  File "/usr/local/lib/python3.11/site-packages/scrapy/core/spidermw.py", line 183, in process_sync
    self._process_spider_exception(
  File "/usr/local/lib/python3.11/site-packages/scrapy/core/spidermw.py", line 256, in _process_spider_exception
    raise exception
  File "/usr/local/lib/python3.11/site-packages/scrapy/core/spidermw.py", line 179, in process_sync
    yield from iterable
  File "/usr/local/lib/python3.11/site-packages/scrapy/spidermiddlewares/depth.py", line 61, in process_spider_output
    yield from super().process_spider_output(response, result)
  File "/usr/local/lib/python3.11/site-packages/scrapy/spidermiddlewares/base.py", line 60, in process_spider_output
    for o in result:
  File "/usr/local/lib/python3.11/site-packages/scrapy/core/spidermw.py", line 183, in process_sync
    self._process_spider_exception(
  File "/usr/local/lib/python3.11/site-packages/scrapy/core/spidermw.py", line 256, in _process_spider_exception
    raise exception
  File "/usr/local/lib/python3.11/site-packages/scrapy/core/spidermw.py", line 179, in process_sync
    yield from iterable
  File "/app/zero_eu/zero_scraper/spiders/events_spider.py", line 227, in parse_event_page
    item["uuid"] = hashlib.sha256(uuid_string.encode('utf-8')).hexdigest()[:16]
    ~~~~^^^^^^^^
  File "/usr/local/lib/python3.11/site-packages/scrapy/item.py", line 98, in __setitem__
    raise KeyError(f"{self.__class__.__name__} does not support field: {key}")
KeyError: 'EventItem does not support field: uuid'
[2026-01-30T14:24:50.070+0000] {docker.py:429} INFO - 2026-01-30 14:24:50 [scrapy.core.engine] DEBUG: Crawled (200) <GET https://zero.eu/it/eventi/359239-ambivalent-showcase,roma/> (referer: https://zero.eu/api/v2/events?per_page=100&citta=13&_embed=true)
[2026-01-30T14:24:50.174+0000] {docker.py:429} INFO - 2026-01-30 14:24:50 [scrapy.core.scraper] ERROR: Spider error processing <GET https://zero.eu/it/eventi/359239-ambivalent-showcase,roma/> (referer: https://zero.eu/api/v2/events?per_page=100&citta=13&_embed=true)
Traceback (most recent call last):
  File "/usr/local/lib/python3.11/site-packages/scrapy/utils/defer.py", line 355, in iter_errback
    yield next(it)
          ^^^^^^^^
  File "/usr/local/lib/python3.11/site-packages/scrapy/utils/python.py", line 311, in __next__
    return next(self.data)
           ^^^^^^^^^^^^^^^
  File "/usr/local/lib/python3.11/site-packages/scrapy/utils/python.py", line 311, in __next__
    return next(self.data)
           ^^^^^^^^^^^^^^^
  File "/usr/local/lib/python3.11/site-packages/scrapy/core/spidermw.py", line 183, in process_sync
    self._process_spider_exception(
  File "/usr/local/lib/python3.11/site-packages/scrapy/core/spidermw.py", line 256, in _process_spider_exception
    raise exception
  File "/usr/local/lib/python3.11/site-packages/scrapy/core/spidermw.py", line 179, in process_sync
    yield from iterable
  File "/usr/local/lib/python3.11/site-packages/scrapy/spidermiddlewares/base.py", line 60, in process_spider_output
    for o in result:
  File "/usr/local/lib/python3.11/site-packages/scrapy/core/spidermw.py", line 183, in process_sync
    self._process_spider_exception(
  File "/usr/local/lib/python3.11/site-packages/scrapy/core/spidermw.py", line 256, in _process_spider_exception
    raise exception
  File "/usr/local/lib/python3.11/site-packages/scrapy/core/spidermw.py", line 179, in process_sync
    yield from iterable
  File "/usr/local/lib/python3.11/site-packages/scrapy/spidermiddlewares/base.py", line 60, in process_spider_output
    for o in result:
  File "/usr/local/lib/python3.11/site-packages/scrapy/core/spidermw.py", line 183, in process_sync
    self._process_spider_exception(
  File "/usr/local/lib/python3.11/site-packages/scrapy/core/spidermw.py", line 256, in _process_spider_exception
    raise exception
  File "/usr/local/lib/python3.11/site-packages/scrapy/core/spidermw.py", line 179, in process_sync
    yield from iterable
  File "/usr/local/lib/python3.11/site-packages/scrapy/spidermiddlewares/base.py", line 60, in process_spider_output
    for o in result:
  File "/usr/local/lib/python3.11/site-packages/scrapy/core/spidermw.py", line 183, in process_sync
    self._process_spider_exception(
  File "/usr/local/lib/python3.11/site-packages/scrapy/core/spidermw.py", line 256, in _process_spider_exception
    raise exception
  File "/usr/local/lib/python3.11/site-packages/scrapy/core/spidermw.py", line 179, in process_sync
    yield from iterable
  File "/usr/local/lib/python3.11/site-packages/scrapy/spidermiddlewares/depth.py", line 61, in process_spider_output
    yield from super().process_spider_output(response, result)
  File "/usr/local/lib/python3.11/site-packages/scrapy/spidermiddlewares/base.py", line 60, in process_spider_output
    for o in result:
  File "/usr/local/lib/python3.11/site-packages/scrapy/core/spidermw.py", line 183, in process_sync
    self._process_spider_exception(
  File "/usr/local/lib/python3.11/site-packages/scrapy/core/spidermw.py", line 256, in _process_spider_exception
    raise exception
  File "/usr/local/lib/python3.11/site-packages/scrapy/core/spidermw.py", line 179, in process_sync
    yield from iterable
  File "/app/zero_eu/zero_scraper/spiders/events_spider.py", line 227, in parse_event_page
    item["uuid"] = hashlib.sha256(uuid_string.encode('utf-8')).hexdigest()[:16]
    ~~~~^^^^^^^^
  File "/usr/local/lib/python3.11/site-packages/scrapy/item.py", line 98, in __setitem__
    raise KeyError(f"{self.__class__.__name__} does not support field: {key}")
KeyError: 'EventItem does not support field: uuid'
[2026-01-30T14:24:51.876+0000] {docker.py:429} INFO - 2026-01-30 14:24:51 [scrapy.core.engine] DEBUG: Crawled (200) <GET https://zero.eu/it/eventi/359187-bella-musica-italiana-da-ballare,roma/> (referer: https://zero.eu/api/v2/events?per_page=100&citta=13&_embed=true)
[2026-01-30T14:24:51.981+0000] {docker.py:429} INFO - 2026-01-30 14:24:51 [scrapy.core.scraper] ERROR: Spider error processing <GET https://zero.eu/it/eventi/359187-bella-musica-italiana-da-ballare,roma/> (referer: https://zero.eu/api/v2/events?per_page=100&citta=13&_embed=true)
Traceback (most recent call last):
  File "/usr/local/lib/python3.11/site-packages/scrapy/utils/defer.py", line 355, in iter_errback
    yield next(it)
          ^^^^^^^^
  File "/usr/local/lib/python3.11/site-packages/scrapy/utils/python.py", line 311, in __next__
    return next(self.data)
           ^^^^^^^^^^^^^^^
  File "/usr/local/lib/python3.11/site-packages/scrapy/utils/python.py", line 311, in __next__
    return next(self.data)
           ^^^^^^^^^^^^^^^
  File "/usr/local/lib/python3.11/site-packages/scrapy/core/spidermw.py", line 183, in process_sync
    self._process_spider_exception(
  File "/usr/local/lib/python3.11/site-packages/scrapy/core/spidermw.py", line 256, in _process_spider_exception
    raise exception
  File "/usr/local/lib/python3.11/site-packages/scrapy/core/spidermw.py", line 179, in process_sync
    yield from iterable
  File "/usr/local/lib/python3.11/site-packages/scrapy/spidermiddlewares/base.py", line 60, in process_spider_output
    for o in result:
  File "/usr/local/lib/python3.11/site-packages/scrapy/core/spidermw.py", line 183, in process_sync
    self._process_spider_exception(
  File "/usr/local/lib/python3.11/site-packages/scrapy/core/spidermw.py", line 256, in _process_spider_exception
    raise exception
  File "/usr/local/lib/python3.11/site-packages/scrapy/core/spidermw.py", line 179, in process_sync
    yield from iterable
  File "/usr/local/lib/python3.11/site-packages/scrapy/spidermiddlewares/base.py", line 60, in process_spider_output
    for o in result:
  File "/usr/local/lib/python3.11/site-packages/scrapy/core/spidermw.py", line 183, in process_sync
    self._process_spider_exception(
  File "/usr/local/lib/python3.11/site-packages/scrapy/core/spidermw.py", line 256, in _process_spider_exception
    raise exception
  File "/usr/local/lib/python3.11/site-packages/scrapy/core/spidermw.py", line 179, in process_sync
    yield from iterable
  File "/usr/local/lib/python3.11/site-packages/scrapy/spidermiddlewares/base.py", line 60, in process_spider_output
    for o in result:
  File "/usr/local/lib/python3.11/site-packages/scrapy/core/spidermw.py", line 183, in process_sync
    self._process_spider_exception(
  File "/usr/local/lib/python3.11/site-packages/scrapy/core/spidermw.py", line 256, in _process_spider_exception
    raise exception
  File "/usr/local/lib/python3.11/site-packages/scrapy/core/spidermw.py", line 179, in process_sync
    yield from iterable
  File "/usr/local/lib/python3.11/site-packages/scrapy/spidermiddlewares/depth.py", line 61, in process_spider_output
    yield from super().process_spider_output(response, result)
  File "/usr/local/lib/python3.11/site-packages/scrapy/spidermiddlewares/base.py", line 60, in process_spider_output
    for o in result:
  File "/usr/local/lib/python3.11/site-packages/scrapy/core/spidermw.py", line 183, in process_sync
    self._process_spider_exception(
  File "/usr/local/lib/python3.11/site-packages/scrapy/core/spidermw.py", line 256, in _process_spider_exception
    raise exception
  File "/usr/local/lib/python3.11/site-packages/scrapy/core/spidermw.py", line 179, in process_sync
    yield from iterable
  File "/app/zero_eu/zero_scraper/spiders/events_spider.py", line 227, in parse_event_page
    item["uuid"] = hashlib.sha256(uuid_string.encode('utf-8')).hexdigest()[:16]
    ~~~~^^^^^^^^
  File "/usr/local/lib/python3.11/site-packages/scrapy/item.py", line 98, in __setitem__
    raise KeyError(f"{self.__class__.__name__} does not support field: {key}")
KeyError: 'EventItem does not support field: uuid'
[2026-01-30T14:24:53.290+0000] {docker.py:429} INFO - 2026-01-30 14:24:53 [scrapy.core.engine] DEBUG: Crawled (200) <GET https://zero.eu/it/eventi/359085-jazz-allinferno-febbraio-2026,roma/> (referer: https://zero.eu/api/v2/events?per_page=100&citta=13&_embed=true)
[2026-01-30T14:24:53.394+0000] {docker.py:429} INFO - 2026-01-30 14:24:53 [scrapy.core.scraper] ERROR: Spider error processing <GET https://zero.eu/it/eventi/359085-jazz-allinferno-febbraio-2026,roma/> (referer: https://zero.eu/api/v2/events?per_page=100&citta=13&_embed=true)
Traceback (most recent call last):
  File "/usr/local/lib/python3.11/site-packages/scrapy/utils/defer.py", line 355, in iter_errback
    yield next(it)
          ^^^^^^^^
  File "/usr/local/lib/python3.11/site-packages/scrapy/utils/python.py", line 311, in __next__
    return next(self.data)
           ^^^^^^^^^^^^^^^
  File "/usr/local/lib/python3.11/site-packages/scrapy/utils/python.py", line 311, in __next__
    return next(self.data)
           ^^^^^^^^^^^^^^^
  File "/usr/local/lib/python3.11/site-packages/scrapy/core/spidermw.py", line 183, in process_sync
    self._process_spider_exception(
  File "/usr/local/lib/python3.11/site-packages/scrapy/core/spidermw.py", line 256, in _process_spider_exception
    raise exception
  File "/usr/local/lib/python3.11/site-packages/scrapy/core/spidermw.py", line 179, in process_sync
    yield from iterable
  File "/usr/local/lib/python3.11/site-packages/scrapy/spidermiddlewares/base.py", line 60, in process_spider_output
    for o in result:
  File "/usr/local/lib/python3.11/site-packages/scrapy/core/spidermw.py", line 183, in process_sync
    self._process_spider_exception(
  File "/usr/local/lib/python3.11/site-packages/scrapy/core/spidermw.py", line 256, in _process_spider_exception
    raise exception
  File "/usr/local/lib/python3.11/site-packages/scrapy/core/spidermw.py", line 179, in process_sync
    yield from iterable
  File "/usr/local/lib/python3.11/site-packages/scrapy/spidermiddlewares/base.py", line 60, in process_spider_output
    for o in result:
  File "/usr/local/lib/python3.11/site-packages/scrapy/core/spidermw.py", line 183, in process_sync
    self._process_spider_exception(
  File "/usr/local/lib/python3.11/site-packages/scrapy/core/spidermw.py", line 256, in _process_spider_exception
    raise exception
  File "/usr/local/lib/python3.11/site-packages/scrapy/core/spidermw.py", line 179, in process_sync
    yield from iterable
  File "/usr/local/lib/python3.11/site-packages/scrapy/spidermiddlewares/base.py", line 60, in process_spider_output
    for o in result:
  File "/usr/local/lib/python3.11/site-packages/scrapy/core/spidermw.py", line 183, in process_sync
    self._process_spider_exception(
  File "/usr/local/lib/python3.11/site-packages/scrapy/core/spidermw.py", line 256, in _process_spider_exception
    raise exception
  File "/usr/local/lib/python3.11/site-packages/scrapy/core/spidermw.py", line 179, in process_sync
    yield from iterable
  File "/usr/local/lib/python3.11/site-packages/scrapy/spidermiddlewares/depth.py", line 61, in process_spider_output
    yield from super().process_spider_output(response, result)
  File "/usr/local/lib/python3.11/site-packages/scrapy/spidermiddlewares/base.py", line 60, in process_spider_output
    for o in result:
  File "/usr/local/lib/python3.11/site-packages/scrapy/core/spidermw.py", line 183, in process_sync
    self._process_spider_exception(
  File "/usr/local/lib/python3.11/site-packages/scrapy/core/spidermw.py", line 256, in _process_spider_exception
    raise exception
  File "/usr/local/lib/python3.11/site-packages/scrapy/core/spidermw.py", line 179, in process_sync
    yield from iterable
  File "/app/zero_eu/zero_scraper/spiders/events_spider.py", line 227, in parse_event_page
    item["uuid"] = hashlib.sha256(uuid_string.encode('utf-8')).hexdigest()[:16]
    ~~~~^^^^^^^^
  File "/usr/local/lib/python3.11/site-packages/scrapy/item.py", line 98, in __setitem__
    raise KeyError(f"{self.__class__.__name__} does not support field: {key}")
KeyError: 'EventItem does not support field: uuid'
[2026-01-30T14:24:54.610+0000] {docker.py:429} INFO - 2026-01-30 14:24:54 [scrapy.core.engine] DEBUG: Crawled (200) <GET https://zero.eu/it/eventi/359048-celebrita-di-internet-e-studiosi-di-meme-cosa-sanno-sanno-cose-scopriamolo-insieme,roma/> (referer: https://zero.eu/api/v2/events?per_page=100&citta=13&_embed=true)
[2026-01-30T14:24:54.717+0000] {docker.py:429} INFO - 2026-01-30 14:24:54 [scrapy.core.scraper] ERROR: Spider error processing <GET https://zero.eu/it/eventi/359048-celebrita-di-internet-e-studiosi-di-meme-cosa-sanno-sanno-cose-scopriamolo-insieme,roma/> (referer: https://zero.eu/api/v2/events?per_page=100&citta=13&_embed=true)
Traceback (most recent call last):
  File "/usr/local/lib/python3.11/site-packages/scrapy/utils/defer.py", line 355, in iter_errback
    yield next(it)
          ^^^^^^^^
  File "/usr/local/lib/python3.11/site-packages/scrapy/utils/python.py", line 311, in __next__
    return next(self.data)
           ^^^^^^^^^^^^^^^
  File "/usr/local/lib/python3.11/site-packages/scrapy/utils/python.py", line 311, in __next__
    return next(self.data)
           ^^^^^^^^^^^^^^^
  File "/usr/local/lib/python3.11/site-packages/scrapy/core/spidermw.py", line 183, in process_sync
    self._process_spider_exception(
  File "/usr/local/lib/python3.11/site-packages/scrapy/core/spidermw.py", line 256, in _process_spider_exception
    raise exception
  File "/usr/local/lib/python3.11/site-packages/scrapy/core/spidermw.py", line 179, in process_sync
    yield from iterable
  File "/usr/local/lib/python3.11/site-packages/scrapy/spidermiddlewares/base.py", line 60, in process_spider_output
    for o in result:
  File "/usr/local/lib/python3.11/site-packages/scrapy/core/spidermw.py", line 183, in process_sync
    self._process_spider_exception(
  File "/usr/local/lib/python3.11/site-packages/scrapy/core/spidermw.py", line 256, in _process_spider_exception
    raise exception
  File "/usr/local/lib/python3.11/site-packages/scrapy/core/spidermw.py", line 179, in process_sync
    yield from iterable
  File "/usr/local/lib/python3.11/site-packages/scrapy/spidermiddlewares/base.py", line 60, in process_spider_output
    for o in result:
  File "/usr/local/lib/python3.11/site-packages/scrapy/core/spidermw.py", line 183, in process_sync
    self._process_spider_exception(
  File "/usr/local/lib/python3.11/site-packages/scrapy/core/spidermw.py", line 256, in _process_spider_exception
    raise exception
  File "/usr/local/lib/python3.11/site-packages/scrapy/core/spidermw.py", line 179, in process_sync
    yield from iterable
  File "/usr/local/lib/python3.11/site-packages/scrapy/spidermiddlewares/base.py", line 60, in process_spider_output
    for o in result:
  File "/usr/local/lib/python3.11/site-packages/scrapy/core/spidermw.py", line 183, in process_sync
    self._process_spider_exception(
  File "/usr/local/lib/python3.11/site-packages/scrapy/core/spidermw.py", line 256, in _process_spider_exception
    raise exception
  File "/usr/local/lib/python3.11/site-packages/scrapy/core/spidermw.py", line 179, in process_sync
    yield from iterable
  File "/usr/local/lib/python3.11/site-packages/scrapy/spidermiddlewares/depth.py", line 61, in process_spider_output
    yield from super().process_spider_output(response, result)
  File "/usr/local/lib/python3.11/site-packages/scrapy/spidermiddlewares/base.py", line 60, in process_spider_output
    for o in result:
  File "/usr/local/lib/python3.11/site-packages/scrapy/core/spidermw.py", line 183, in process_sync
    self._process_spider_exception(
  File "/usr/local/lib/python3.11/site-packages/scrapy/core/spidermw.py", line 256, in _process_spider_exception
    raise exception
  File "/usr/local/lib/python3.11/site-packages/scrapy/core/spidermw.py", line 179, in process_sync
    yield from iterable
  File "/app/zero_eu/zero_scraper/spiders/events_spider.py", line 227, in parse_event_page
    item["uuid"] = hashlib.sha256(uuid_string.encode('utf-8')).hexdigest()[:16]
    ~~~~^^^^^^^^
  File "/usr/local/lib/python3.11/site-packages/scrapy/item.py", line 98, in __setitem__
    raise KeyError(f"{self.__class__.__name__} does not support field: {key}")
KeyError: 'EventItem does not support field: uuid'
[2026-01-30T14:24:55.919+0000] {docker.py:429} INFO - 2026-01-30 14:24:55 [scrapy.core.engine] DEBUG: Crawled (200) <GET https://zero.eu/it/eventi/359039-spectrum-of-sound,roma/> (referer: https://zero.eu/api/v2/events?per_page=100&citta=13&_embed=true)
[2026-01-30T14:24:56.023+0000] {docker.py:429} INFO - 2026-01-30 14:24:56 [scrapy.core.scraper] ERROR: Spider error processing <GET https://zero.eu/it/eventi/359039-spectrum-of-sound,roma/> (referer: https://zero.eu/api/v2/events?per_page=100&citta=13&_embed=true)
Traceback (most recent call last):
  File "/usr/local/lib/python3.11/site-packages/scrapy/utils/defer.py", line 355, in iter_errback
    yield next(it)
          ^^^^^^^^
  File "/usr/local/lib/python3.11/site-packages/scrapy/utils/python.py", line 311, in __next__
    return next(self.data)
           ^^^^^^^^^^^^^^^
  File "/usr/local/lib/python3.11/site-packages/scrapy/utils/python.py", line 311, in __next__
    return next(self.data)
           ^^^^^^^^^^^^^^^
  File "/usr/local/lib/python3.11/site-packages/scrapy/core/spidermw.py", line 183, in process_sync
    self._process_spider_exception(
  File "/usr/local/lib/python3.11/site-packages/scrapy/core/spidermw.py", line 256, in _process_spider_exception
    raise exception
  File "/usr/local/lib/python3.11/site-packages/scrapy/core/spidermw.py", line 179, in process_sync
    yield from iterable
  File "/usr/local/lib/python3.11/site-packages/scrapy/spidermiddlewares/base.py", line 60, in process_spider_output
    for o in result:
  File "/usr/local/lib/python3.11/site-packages/scrapy/core/spidermw.py", line 183, in process_sync
    self._process_spider_exception(
  File "/usr/local/lib/python3.11/site-packages/scrapy/core/spidermw.py", line 256, in _process_spider_exception
    raise exception
  File "/usr/local/lib/python3.11/site-packages/scrapy/core/spidermw.py", line 179, in process_sync
    yield from iterable
  File "/usr/local/lib/python3.11/site-packages/scrapy/spidermiddlewares/base.py", line 60, in process_spider_output
    for o in result:
  File "/usr/local/lib/python3.11/site-packages/scrapy/core/spidermw.py", line 183, in process_sync
    self._process_spider_exception(
  File "/usr/local/lib/python3.11/site-packages/scrapy/core/spidermw.py", line 256, in _process_spider_exception
    raise exception
  File "/usr/local/lib/python3.11/site-packages/scrapy/core/spidermw.py", line 179, in process_sync
    yield from iterable
  File "/usr/local/lib/python3.11/site-packages/scrapy/spidermiddlewares/base.py", line 60, in process_spider_output
    for o in result:
  File "/usr/local/lib/python3.11/site-packages/scrapy/core/spidermw.py", line 183, in process_sync
    self._process_spider_exception(
  File "/usr/local/lib/python3.11/site-packages/scrapy/core/spidermw.py", line 256, in _process_spider_exception
    raise exception
  File "/usr/local/lib/python3.11/site-packages/scrapy/core/spidermw.py", line 179, in process_sync
    yield from iterable
  File "/usr/local/lib/python3.11/site-packages/scrapy/spidermiddlewares/depth.py", line 61, in process_spider_output
    yield from super().process_spider_output(response, result)
  File "/usr/local/lib/python3.11/site-packages/scrapy/spidermiddlewares/base.py", line 60, in process_spider_output
    for o in result:
  File "/usr/local/lib/python3.11/site-packages/scrapy/core/spidermw.py", line 183, in process_sync
    self._process_spider_exception(
  File "/usr/local/lib/python3.11/site-packages/scrapy/core/spidermw.py", line 256, in _process_spider_exception
    raise exception
  File "/usr/local/lib/python3.11/site-packages/scrapy/core/spidermw.py", line 179, in process_sync
    yield from iterable
  File "/app/zero_eu/zero_scraper/spiders/events_spider.py", line 227, in parse_event_page
    item["uuid"] = hashlib.sha256(uuid_string.encode('utf-8')).hexdigest()[:16]
    ~~~~^^^^^^^^
  File "/usr/local/lib/python3.11/site-packages/scrapy/item.py", line 98, in __setitem__
    raise KeyError(f"{self.__class__.__name__} does not support field: {key}")
KeyError: 'EventItem does not support field: uuid'
[2026-01-30T14:24:57.208+0000] {docker.py:429} INFO - 2026-01-30 14:24:57 [scrapy.core.engine] DEBUG: Crawled (200) <GET https://zero.eu/it/eventi/359040-bookclub-il-mostruoso-femminile,roma/> (referer: https://zero.eu/api/v2/events?per_page=100&citta=13&_embed=true)
[2026-01-30T14:24:57.311+0000] {docker.py:429} INFO - 2026-01-30 14:24:57 [scrapy.core.scraper] ERROR: Spider error processing <GET https://zero.eu/it/eventi/359040-bookclub-il-mostruoso-femminile,roma/> (referer: https://zero.eu/api/v2/events?per_page=100&citta=13&_embed=true)
Traceback (most recent call last):
  File "/usr/local/lib/python3.11/site-packages/scrapy/utils/defer.py", line 355, in iter_errback
    yield next(it)
          ^^^^^^^^
  File "/usr/local/lib/python3.11/site-packages/scrapy/utils/python.py", line 311, in __next__
    return next(self.data)
           ^^^^^^^^^^^^^^^
  File "/usr/local/lib/python3.11/site-packages/scrapy/utils/python.py", line 311, in __next__
    return next(self.data)
           ^^^^^^^^^^^^^^^
  File "/usr/local/lib/python3.11/site-packages/scrapy/core/spidermw.py", line 183, in process_sync
    self._process_spider_exception(
  File "/usr/local/lib/python3.11/site-packages/scrapy/core/spidermw.py", line 256, in _process_spider_exception
    raise exception
  File "/usr/local/lib/python3.11/site-packages/scrapy/core/spidermw.py", line 179, in process_sync
    yield from iterable
  File "/usr/local/lib/python3.11/site-packages/scrapy/spidermiddlewares/base.py", line 60, in process_spider_output
    for o in result:
  File "/usr/local/lib/python3.11/site-packages/scrapy/core/spidermw.py", line 183, in process_sync
    self._process_spider_exception(
  File "/usr/local/lib/python3.11/site-packages/scrapy/core/spidermw.py", line 256, in _process_spider_exception
    raise exception
  File "/usr/local/lib/python3.11/site-packages/scrapy/core/spidermw.py", line 179, in process_sync
    yield from iterable
  File "/usr/local/lib/python3.11/site-packages/scrapy/spidermiddlewares/base.py", line 60, in process_spider_output
    for o in result:
  File "/usr/local/lib/python3.11/site-packages/scrapy/core/spidermw.py", line 183, in process_sync
    self._process_spider_exception(
  File "/usr/local/lib/python3.11/site-packages/scrapy/core/spidermw.py", line 256, in _process_spider_exception
    raise exception
  File "/usr/local/lib/python3.11/site-packages/scrapy/core/spidermw.py", line 179, in process_sync
    yield from iterable
  File "/usr/local/lib/python3.11/site-packages/scrapy/spidermiddlewares/base.py", line 60, in process_spider_output
    for o in result:
  File "/usr/local/lib/python3.11/site-packages/scrapy/core/spidermw.py", line 183, in process_sync
    self._process_spider_exception(
  File "/usr/local/lib/python3.11/site-packages/scrapy/core/spidermw.py", line 256, in _process_spider_exception
    raise exception
  File "/usr/local/lib/python3.11/site-packages/scrapy/core/spidermw.py", line 179, in process_sync
    yield from iterable
  File "/usr/local/lib/python3.11/site-packages/scrapy/spidermiddlewares/depth.py", line 61, in process_spider_output
    yield from super().process_spider_output(response, result)
  File "/usr/local/lib/python3.11/site-packages/scrapy/spidermiddlewares/base.py", line 60, in process_spider_output
    for o in result:
  File "/usr/local/lib/python3.11/site-packages/scrapy/core/spidermw.py", line 183, in process_sync
    self._process_spider_exception(
  File "/usr/local/lib/python3.11/site-packages/scrapy/core/spidermw.py", line 256, in _process_spider_exception
    raise exception
  File "/usr/local/lib/python3.11/site-packages/scrapy/core/spidermw.py", line 179, in process_sync
    yield from iterable
  File "/app/zero_eu/zero_scraper/spiders/events_spider.py", line 227, in parse_event_page
    item["uuid"] = hashlib.sha256(uuid_string.encode('utf-8')).hexdigest()[:16]
    ~~~~^^^^^^^^
  File "/usr/local/lib/python3.11/site-packages/scrapy/item.py", line 98, in __setitem__
    raise KeyError(f"{self.__class__.__name__} does not support field: {key}")
KeyError: 'EventItem does not support field: uuid'
[2026-01-30T14:24:58.222+0000] {docker.py:429} INFO - 2026-01-30 14:24:58 [scrapy.core.engine] DEBUG: Crawled (200) <GET https://zero.eu/it/eventi/359024-backyard-30-gennaio-2026,roma/> (referer: https://zero.eu/api/v2/events?per_page=100&citta=13&_embed=true)
[2026-01-30T14:24:58.327+0000] {docker.py:429} INFO - 2026-01-30 14:24:58 [scrapy.core.scraper] ERROR: Spider error processing <GET https://zero.eu/it/eventi/359024-backyard-30-gennaio-2026,roma/> (referer: https://zero.eu/api/v2/events?per_page=100&citta=13&_embed=true)
Traceback (most recent call last):
  File "/usr/local/lib/python3.11/site-packages/scrapy/utils/defer.py", line 355, in iter_errback
    yield next(it)
          ^^^^^^^^
  File "/usr/local/lib/python3.11/site-packages/scrapy/utils/python.py", line 311, in __next__
    return next(self.data)
           ^^^^^^^^^^^^^^^
  File "/usr/local/lib/python3.11/site-packages/scrapy/utils/python.py", line 311, in __next__
    return next(self.data)
           ^^^^^^^^^^^^^^^
  File "/usr/local/lib/python3.11/site-packages/scrapy/core/spidermw.py", line 183, in process_sync
    self._process_spider_exception(
  File "/usr/local/lib/python3.11/site-packages/scrapy/core/spidermw.py", line 256, in _process_spider_exception
    raise exception
  File "/usr/local/lib/python3.11/site-packages/scrapy/core/spidermw.py", line 179, in process_sync
    yield from iterable
  File "/usr/local/lib/python3.11/site-packages/scrapy/spidermiddlewares/base.py", line 60, in process_spider_output
    for o in result:
  File "/usr/local/lib/python3.11/site-packages/scrapy/core/spidermw.py", line 183, in process_sync
    self._process_spider_exception(
  File "/usr/local/lib/python3.11/site-packages/scrapy/core/spidermw.py", line 256, in _process_spider_exception
    raise exception
  File "/usr/local/lib/python3.11/site-packages/scrapy/core/spidermw.py", line 179, in process_sync
    yield from iterable
  File "/usr/local/lib/python3.11/site-packages/scrapy/spidermiddlewares/base.py", line 60, in process_spider_output
    for o in result:
  File "/usr/local/lib/python3.11/site-packages/scrapy/core/spidermw.py", line 183, in process_sync
    self._process_spider_exception(
  File "/usr/local/lib/python3.11/site-packages/scrapy/core/spidermw.py", line 256, in _process_spider_exception
    raise exception
  File "/usr/local/lib/python3.11/site-packages/scrapy/core/spidermw.py", line 179, in process_sync
    yield from iterable
  File "/usr/local/lib/python3.11/site-packages/scrapy/spidermiddlewares/base.py", line 60, in process_spider_output
    for o in result:
  File "/usr/local/lib/python3.11/site-packages/scrapy/core/spidermw.py", line 183, in process_sync
    self._process_spider_exception(
  File "/usr/local/lib/python3.11/site-packages/scrapy/core/spidermw.py", line 256, in _process_spider_exception
    raise exception
  File "/usr/local/lib/python3.11/site-packages/scrapy/core/spidermw.py", line 179, in process_sync
    yield from iterable
  File "/usr/local/lib/python3.11/site-packages/scrapy/spidermiddlewares/depth.py", line 61, in process_spider_output
    yield from super().process_spider_output(response, result)
  File "/usr/local/lib/python3.11/site-packages/scrapy/spidermiddlewares/base.py", line 60, in process_spider_output
    for o in result:
  File "/usr/local/lib/python3.11/site-packages/scrapy/core/spidermw.py", line 183, in process_sync
    self._process_spider_exception(
  File "/usr/local/lib/python3.11/site-packages/scrapy/core/spidermw.py", line 256, in _process_spider_exception
    raise exception
  File "/usr/local/lib/python3.11/site-packages/scrapy/core/spidermw.py", line 179, in process_sync
    yield from iterable
  File "/app/zero_eu/zero_scraper/spiders/events_spider.py", line 227, in parse_event_page
    item["uuid"] = hashlib.sha256(uuid_string.encode('utf-8')).hexdigest()[:16]
    ~~~~^^^^^^^^
  File "/usr/local/lib/python3.11/site-packages/scrapy/item.py", line 98, in __setitem__
    raise KeyError(f"{self.__class__.__name__} does not support field: {key}")
KeyError: 'EventItem does not support field: uuid'
[2026-01-30T14:24:59.188+0000] {docker.py:429} INFO - 2026-01-30 14:24:59 [scrapy.core.engine] DEBUG: Crawled (200) <GET https://zero.eu/it/eventi/359011-mecna-2026,bologna/> (referer: https://zero.eu/api/v2/events?per_page=100&citta=13&_embed=true)
[2026-01-30T14:24:59.293+0000] {docker.py:429} INFO - 2026-01-30 14:24:59 [scrapy.core.scraper] ERROR: Spider error processing <GET https://zero.eu/it/eventi/359011-mecna-2026,bologna/> (referer: https://zero.eu/api/v2/events?per_page=100&citta=13&_embed=true)
Traceback (most recent call last):
  File "/usr/local/lib/python3.11/site-packages/scrapy/utils/defer.py", line 355, in iter_errback
    yield next(it)
          ^^^^^^^^
  File "/usr/local/lib/python3.11/site-packages/scrapy/utils/python.py", line 311, in __next__
    return next(self.data)
           ^^^^^^^^^^^^^^^
  File "/usr/local/lib/python3.11/site-packages/scrapy/utils/python.py", line 311, in __next__
    return next(self.data)
           ^^^^^^^^^^^^^^^
  File "/usr/local/lib/python3.11/site-packages/scrapy/core/spidermw.py", line 183, in process_sync
    self._process_spider_exception(
  File "/usr/local/lib/python3.11/site-packages/scrapy/core/spidermw.py", line 256, in _process_spider_exception
    raise exception
  File "/usr/local/lib/python3.11/site-packages/scrapy/core/spidermw.py", line 179, in process_sync
    yield from iterable
  File "/usr/local/lib/python3.11/site-packages/scrapy/spidermiddlewares/base.py", line 60, in process_spider_output
    for o in result:
  File "/usr/local/lib/python3.11/site-packages/scrapy/core/spidermw.py", line 183, in process_sync
    self._process_spider_exception(
  File "/usr/local/lib/python3.11/site-packages/scrapy/core/spidermw.py", line 256, in _process_spider_exception
    raise exception
  File "/usr/local/lib/python3.11/site-packages/scrapy/core/spidermw.py", line 179, in process_sync
    yield from iterable
  File "/usr/local/lib/python3.11/site-packages/scrapy/spidermiddlewares/base.py", line 60, in process_spider_output
    for o in result:
  File "/usr/local/lib/python3.11/site-packages/scrapy/core/spidermw.py", line 183, in process_sync
    self._process_spider_exception(
  File "/usr/local/lib/python3.11/site-packages/scrapy/core/spidermw.py", line 256, in _process_spider_exception
    raise exception
  File "/usr/local/lib/python3.11/site-packages/scrapy/core/spidermw.py", line 179, in process_sync
    yield from iterable
  File "/usr/local/lib/python3.11/site-packages/scrapy/spidermiddlewares/base.py", line 60, in process_spider_output
    for o in result:
  File "/usr/local/lib/python3.11/site-packages/scrapy/core/spidermw.py", line 183, in process_sync
    self._process_spider_exception(
  File "/usr/local/lib/python3.11/site-packages/scrapy/core/spidermw.py", line 256, in _process_spider_exception
    raise exception
  File "/usr/local/lib/python3.11/site-packages/scrapy/core/spidermw.py", line 179, in process_sync
    yield from iterable
  File "/usr/local/lib/python3.11/site-packages/scrapy/spidermiddlewares/depth.py", line 61, in process_spider_output
    yield from super().process_spider_output(response, result)
  File "/usr/local/lib/python3.11/site-packages/scrapy/spidermiddlewares/base.py", line 60, in process_spider_output
    for o in result:
  File "/usr/local/lib/python3.11/site-packages/scrapy/core/spidermw.py", line 183, in process_sync
    self._process_spider_exception(
  File "/usr/local/lib/python3.11/site-packages/scrapy/core/spidermw.py", line 256, in _process_spider_exception
    raise exception
  File "/usr/local/lib/python3.11/site-packages/scrapy/core/spidermw.py", line 179, in process_sync
    yield from iterable
  File "/app/zero_eu/zero_scraper/spiders/events_spider.py", line 227, in parse_event_page
    item["uuid"] = hashlib.sha256(uuid_string.encode('utf-8')).hexdigest()[:16]
    ~~~~^^^^^^^^
  File "/usr/local/lib/python3.11/site-packages/scrapy/item.py", line 98, in __setitem__
    raise KeyError(f"{self.__class__.__name__} does not support field: {key}")
KeyError: 'EventItem does not support field: uuid'
[2026-01-30T14:25:00.603+0000] {docker.py:429} INFO - 2026-01-30 14:25:00 [scrapy.core.engine] DEBUG: Crawled (200) <GET https://zero.eu/it/eventi/358987-3-x-la-scultura-quinto-ghermandi-marco-di-giovanni-giulia-poppi,bologna/> (referer: https://zero.eu/api/v2/events?per_page=100&citta=13&_embed=true)
[2026-01-30T14:25:00.708+0000] {docker.py:429} INFO - 2026-01-30 14:25:00 [scrapy.core.scraper] ERROR: Spider error processing <GET https://zero.eu/it/eventi/358987-3-x-la-scultura-quinto-ghermandi-marco-di-giovanni-giulia-poppi,bologna/> (referer: https://zero.eu/api/v2/events?per_page=100&citta=13&_embed=true)
Traceback (most recent call last):
  File "/usr/local/lib/python3.11/site-packages/scrapy/utils/defer.py", line 355, in iter_errback
    yield next(it)
          ^^^^^^^^
  File "/usr/local/lib/python3.11/site-packages/scrapy/utils/python.py", line 311, in __next__
    return next(self.data)
           ^^^^^^^^^^^^^^^
  File "/usr/local/lib/python3.11/site-packages/scrapy/utils/python.py", line 311, in __next__
    return next(self.data)
           ^^^^^^^^^^^^^^^
  File "/usr/local/lib/python3.11/site-packages/scrapy/core/spidermw.py", line 183, in process_sync
    self._process_spider_exception(
  File "/usr/local/lib/python3.11/site-packages/scrapy/core/spidermw.py", line 256, in _process_spider_exception
    raise exception
  File "/usr/local/lib/python3.11/site-packages/scrapy/core/spidermw.py", line 179, in process_sync
    yield from iterable
  File "/usr/local/lib/python3.11/site-packages/scrapy/spidermiddlewares/base.py", line 60, in process_spider_output
    for o in result:
  File "/usr/local/lib/python3.11/site-packages/scrapy/core/spidermw.py", line 183, in process_sync
    self._process_spider_exception(
  File "/usr/local/lib/python3.11/site-packages/scrapy/core/spidermw.py", line 256, in _process_spider_exception
    raise exception
  File "/usr/local/lib/python3.11/site-packages/scrapy/core/spidermw.py", line 179, in process_sync
    yield from iterable
  File "/usr/local/lib/python3.11/site-packages/scrapy/spidermiddlewares/base.py", line 60, in process_spider_output
    for o in result:
  File "/usr/local/lib/python3.11/site-packages/scrapy/core/spidermw.py", line 183, in process_sync
    self._process_spider_exception(
  File "/usr/local/lib/python3.11/site-packages/scrapy/core/spidermw.py", line 256, in _process_spider_exception
    raise exception
  File "/usr/local/lib/python3.11/site-packages/scrapy/core/spidermw.py", line 179, in process_sync
    yield from iterable
  File "/usr/local/lib/python3.11/site-packages/scrapy/spidermiddlewares/base.py", line 60, in process_spider_output
    for o in result:
  File "/usr/local/lib/python3.11/site-packages/scrapy/core/spidermw.py", line 183, in process_sync
    self._process_spider_exception(
  File "/usr/local/lib/python3.11/site-packages/scrapy/core/spidermw.py", line 256, in _process_spider_exception
    raise exception
  File "/usr/local/lib/python3.11/site-packages/scrapy/core/spidermw.py", line 179, in process_sync
    yield from iterable
  File "/usr/local/lib/python3.11/site-packages/scrapy/spidermiddlewares/depth.py", line 61, in process_spider_output
    yield from super().process_spider_output(response, result)
  File "/usr/local/lib/python3.11/site-packages/scrapy/spidermiddlewares/base.py", line 60, in process_spider_output
    for o in result:
  File "/usr/local/lib/python3.11/site-packages/scrapy/core/spidermw.py", line 183, in process_sync
    self._process_spider_exception(
  File "/usr/local/lib/python3.11/site-packages/scrapy/core/spidermw.py", line 256, in _process_spider_exception
    raise exception
  File "/usr/local/lib/python3.11/site-packages/scrapy/core/spidermw.py", line 179, in process_sync
    yield from iterable
  File "/app/zero_eu/zero_scraper/spiders/events_spider.py", line 227, in parse_event_page
    item["uuid"] = hashlib.sha256(uuid_string.encode('utf-8')).hexdigest()[:16]
    ~~~~^^^^^^^^
  File "/usr/local/lib/python3.11/site-packages/scrapy/item.py", line 98, in __setitem__
    raise KeyError(f"{self.__class__.__name__} does not support field: {key}")
KeyError: 'EventItem does not support field: uuid'
[2026-01-30T14:25:02.385+0000] {docker.py:429} INFO - 2026-01-30 14:25:02 [scrapy.core.engine] DEBUG: Crawled (200) <GET https://zero.eu/it/eventi/358375-expo-drammaturgia-italiana-contemporanea,roma/> (referer: https://zero.eu/api/v2/events?per_page=100&citta=13&_embed=true)
[2026-01-30T14:25:02.488+0000] {docker.py:429} INFO - 2026-01-30 14:25:02 [scrapy.core.scraper] ERROR: Spider error processing <GET https://zero.eu/it/eventi/358375-expo-drammaturgia-italiana-contemporanea,roma/> (referer: https://zero.eu/api/v2/events?per_page=100&citta=13&_embed=true)
Traceback (most recent call last):
  File "/usr/local/lib/python3.11/site-packages/scrapy/utils/defer.py", line 355, in iter_errback
    yield next(it)
          ^^^^^^^^
  File "/usr/local/lib/python3.11/site-packages/scrapy/utils/python.py", line 311, in __next__
    return next(self.data)
           ^^^^^^^^^^^^^^^
  File "/usr/local/lib/python3.11/site-packages/scrapy/utils/python.py", line 311, in __next__
    return next(self.data)
           ^^^^^^^^^^^^^^^
  File "/usr/local/lib/python3.11/site-packages/scrapy/core/spidermw.py", line 183, in process_sync
    self._process_spider_exception(
  File "/usr/local/lib/python3.11/site-packages/scrapy/core/spidermw.py", line 256, in _process_spider_exception
    raise exception
  File "/usr/local/lib/python3.11/site-packages/scrapy/core/spidermw.py", line 179, in process_sync
    yield from iterable
  File "/usr/local/lib/python3.11/site-packages/scrapy/spidermiddlewares/base.py", line 60, in process_spider_output
    for o in result:
  File "/usr/local/lib/python3.11/site-packages/scrapy/core/spidermw.py", line 183, in process_sync
    self._process_spider_exception(
  File "/usr/local/lib/python3.11/site-packages/scrapy/core/spidermw.py", line 256, in _process_spider_exception
    raise exception
  File "/usr/local/lib/python3.11/site-packages/scrapy/core/spidermw.py", line 179, in process_sync
    yield from iterable
  File "/usr/local/lib/python3.11/site-packages/scrapy/spidermiddlewares/base.py", line 60, in process_spider_output
    for o in result:
  File "/usr/local/lib/python3.11/site-packages/scrapy/core/spidermw.py", line 183, in process_sync
    self._process_spider_exception(
  File "/usr/local/lib/python3.11/site-packages/scrapy/core/spidermw.py", line 256, in _process_spider_exception
    raise exception
  File "/usr/local/lib/python3.11/site-packages/scrapy/core/spidermw.py", line 179, in process_sync
    yield from iterable
  File "/usr/local/lib/python3.11/site-packages/scrapy/spidermiddlewares/base.py", line 60, in process_spider_output
    for o in result:
  File "/usr/local/lib/python3.11/site-packages/scrapy/core/spidermw.py", line 183, in process_sync
    self._process_spider_exception(
  File "/usr/local/lib/python3.11/site-packages/scrapy/core/spidermw.py", line 256, in _process_spider_exception
    raise exception
  File "/usr/local/lib/python3.11/site-packages/scrapy/core/spidermw.py", line 179, in process_sync
    yield from iterable
  File "/usr/local/lib/python3.11/site-packages/scrapy/spidermiddlewares/depth.py", line 61, in process_spider_output
    yield from super().process_spider_output(response, result)
  File "/usr/local/lib/python3.11/site-packages/scrapy/spidermiddlewares/base.py", line 60, in process_spider_output
    for o in result:
  File "/usr/local/lib/python3.11/site-packages/scrapy/core/spidermw.py", line 183, in process_sync
    self._process_spider_exception(
  File "/usr/local/lib/python3.11/site-packages/scrapy/core/spidermw.py", line 256, in _process_spider_exception
    raise exception
  File "/usr/local/lib/python3.11/site-packages/scrapy/core/spidermw.py", line 179, in process_sync
    yield from iterable
  File "/app/zero_eu/zero_scraper/spiders/events_spider.py", line 227, in parse_event_page
    item["uuid"] = hashlib.sha256(uuid_string.encode('utf-8')).hexdigest()[:16]
    ~~~~^^^^^^^^
  File "/usr/local/lib/python3.11/site-packages/scrapy/item.py", line 98, in __setitem__
    raise KeyError(f"{self.__class__.__name__} does not support field: {key}")
KeyError: 'EventItem does not support field: uuid'
[2026-01-30T14:25:03.764+0000] {docker.py:429} INFO - 2026-01-30 14:25:03 [scrapy.core.engine] DEBUG: Crawled (200) <GET https://zero.eu/it/eventi/358924-janubi-w-kora-hero,roma/> (referer: https://zero.eu/api/v2/events?per_page=100&citta=13&_embed=true)
[2026-01-30T14:25:03.871+0000] {docker.py:429} INFO - 2026-01-30 14:25:03 [scrapy.core.scraper] ERROR: Spider error processing <GET https://zero.eu/it/eventi/358924-janubi-w-kora-hero,roma/> (referer: https://zero.eu/api/v2/events?per_page=100&citta=13&_embed=true)
Traceback (most recent call last):
  File "/usr/local/lib/python3.11/site-packages/scrapy/utils/defer.py", line 355, in iter_errback
    yield next(it)
          ^^^^^^^^
  File "/usr/local/lib/python3.11/site-packages/scrapy/utils/python.py", line 311, in __next__
    return next(self.data)
           ^^^^^^^^^^^^^^^
  File "/usr/local/lib/python3.11/site-packages/scrapy/utils/python.py", line 311, in __next__
    return next(self.data)
           ^^^^^^^^^^^^^^^
  File "/usr/local/lib/python3.11/site-packages/scrapy/core/spidermw.py", line 183, in process_sync
    self._process_spider_exception(
  File "/usr/local/lib/python3.11/site-packages/scrapy/core/spidermw.py", line 256, in _process_spider_exception
    raise exception
  File "/usr/local/lib/python3.11/site-packages/scrapy/core/spidermw.py", line 179, in process_sync
    yield from iterable
  File "/usr/local/lib/python3.11/site-packages/scrapy/spidermiddlewares/base.py", line 60, in process_spider_output
    for o in result:
  File "/usr/local/lib/python3.11/site-packages/scrapy/core/spidermw.py", line 183, in process_sync
    self._process_spider_exception(
  File "/usr/local/lib/python3.11/site-packages/scrapy/core/spidermw.py", line 256, in _process_spider_exception
    raise exception
  File "/usr/local/lib/python3.11/site-packages/scrapy/core/spidermw.py", line 179, in process_sync
    yield from iterable
  File "/usr/local/lib/python3.11/site-packages/scrapy/spidermiddlewares/base.py", line 60, in process_spider_output
    for o in result:
  File "/usr/local/lib/python3.11/site-packages/scrapy/core/spidermw.py", line 183, in process_sync
    self._process_spider_exception(
  File "/usr/local/lib/python3.11/site-packages/scrapy/core/spidermw.py", line 256, in _process_spider_exception
    raise exception
  File "/usr/local/lib/python3.11/site-packages/scrapy/core/spidermw.py", line 179, in process_sync
    yield from iterable
  File "/usr/local/lib/python3.11/site-packages/scrapy/spidermiddlewares/base.py", line 60, in process_spider_output
    for o in result:
  File "/usr/local/lib/python3.11/site-packages/scrapy/core/spidermw.py", line 183, in process_sync
    self._process_spider_exception(
  File "/usr/local/lib/python3.11/site-packages/scrapy/core/spidermw.py", line 256, in _process_spider_exception
    raise exception
  File "/usr/local/lib/python3.11/site-packages/scrapy/core/spidermw.py", line 179, in process_sync
    yield from iterable
  File "/usr/local/lib/python3.11/site-packages/scrapy/spidermiddlewares/depth.py", line 61, in process_spider_output
    yield from super().process_spider_output(response, result)
  File "/usr/local/lib/python3.11/site-packages/scrapy/spidermiddlewares/base.py", line 60, in process_spider_output
    for o in result:
  File "/usr/local/lib/python3.11/site-packages/scrapy/core/spidermw.py", line 183, in process_sync
    self._process_spider_exception(
  File "/usr/local/lib/python3.11/site-packages/scrapy/core/spidermw.py", line 256, in _process_spider_exception
    raise exception
  File "/usr/local/lib/python3.11/site-packages/scrapy/core/spidermw.py", line 179, in process_sync
    yield from iterable
  File "/app/zero_eu/zero_scraper/spiders/events_spider.py", line 227, in parse_event_page
    item["uuid"] = hashlib.sha256(uuid_string.encode('utf-8')).hexdigest()[:16]
    ~~~~^^^^^^^^
  File "/usr/local/lib/python3.11/site-packages/scrapy/item.py", line 98, in __setitem__
    raise KeyError(f"{self.__class__.__name__} does not support field: {key}")
KeyError: 'EventItem does not support field: uuid'
[2026-01-30T14:25:04.892+0000] {docker.py:429} INFO - 2026-01-30 14:25:04 [scrapy.core.engine] DEBUG: Crawled (200) <GET https://zero.eu/it/eventi/358880-sonia-lenzi-unlikely-monuments-excerpt-from-the-catalogue,bologna/> (referer: https://zero.eu/api/v2/events?per_page=100&citta=13&_embed=true)
[2026-01-30T14:25:04.998+0000] {docker.py:429} INFO - 2026-01-30 14:25:04 [scrapy.core.scraper] ERROR: Spider error processing <GET https://zero.eu/it/eventi/358880-sonia-lenzi-unlikely-monuments-excerpt-from-the-catalogue,bologna/> (referer: https://zero.eu/api/v2/events?per_page=100&citta=13&_embed=true)
Traceback (most recent call last):
  File "/usr/local/lib/python3.11/site-packages/scrapy/utils/defer.py", line 355, in iter_errback
    yield next(it)
          ^^^^^^^^
  File "/usr/local/lib/python3.11/site-packages/scrapy/utils/python.py", line 311, in __next__
    return next(self.data)
           ^^^^^^^^^^^^^^^
  File "/usr/local/lib/python3.11/site-packages/scrapy/utils/python.py", line 311, in __next__
    return next(self.data)
           ^^^^^^^^^^^^^^^
  File "/usr/local/lib/python3.11/site-packages/scrapy/core/spidermw.py", line 183, in process_sync
    self._process_spider_exception(
  File "/usr/local/lib/python3.11/site-packages/scrapy/core/spidermw.py", line 256, in _process_spider_exception
    raise exception
  File "/usr/local/lib/python3.11/site-packages/scrapy/core/spidermw.py", line 179, in process_sync
    yield from iterable
  File "/usr/local/lib/python3.11/site-packages/scrapy/spidermiddlewares/base.py", line 60, in process_spider_output
    for o in result:
  File "/usr/local/lib/python3.11/site-packages/scrapy/core/spidermw.py", line 183, in process_sync
    self._process_spider_exception(
  File "/usr/local/lib/python3.11/site-packages/scrapy/core/spidermw.py", line 256, in _process_spider_exception
    raise exception
  File "/usr/local/lib/python3.11/site-packages/scrapy/core/spidermw.py", line 179, in process_sync
    yield from iterable
  File "/usr/local/lib/python3.11/site-packages/scrapy/spidermiddlewares/base.py", line 60, in process_spider_output
    for o in result:
  File "/usr/local/lib/python3.11/site-packages/scrapy/core/spidermw.py", line 183, in process_sync
    self._process_spider_exception(
  File "/usr/local/lib/python3.11/site-packages/scrapy/core/spidermw.py", line 256, in _process_spider_exception
    raise exception
  File "/usr/local/lib/python3.11/site-packages/scrapy/core/spidermw.py", line 179, in process_sync
    yield from iterable
  File "/usr/local/lib/python3.11/site-packages/scrapy/spidermiddlewares/base.py", line 60, in process_spider_output
    for o in result:
  File "/usr/local/lib/python3.11/site-packages/scrapy/core/spidermw.py", line 183, in process_sync
    self._process_spider_exception(
  File "/usr/local/lib/python3.11/site-packages/scrapy/core/spidermw.py", line 256, in _process_spider_exception
    raise exception
  File "/usr/local/lib/python3.11/site-packages/scrapy/core/spidermw.py", line 179, in process_sync
    yield from iterable
  File "/usr/local/lib/python3.11/site-packages/scrapy/spidermiddlewares/depth.py", line 61, in process_spider_output
    yield from super().process_spider_output(response, result)
  File "/usr/local/lib/python3.11/site-packages/scrapy/spidermiddlewares/base.py", line 60, in process_spider_output
    for o in result:
  File "/usr/local/lib/python3.11/site-packages/scrapy/core/spidermw.py", line 183, in process_sync
    self._process_spider_exception(
  File "/usr/local/lib/python3.11/site-packages/scrapy/core/spidermw.py", line 256, in _process_spider_exception
    raise exception
  File "/usr/local/lib/python3.11/site-packages/scrapy/core/spidermw.py", line 179, in process_sync
    yield from iterable
  File "/app/zero_eu/zero_scraper/spiders/events_spider.py", line 227, in parse_event_page
    item["uuid"] = hashlib.sha256(uuid_string.encode('utf-8')).hexdigest()[:16]
    ~~~~^^^^^^^^
  File "/usr/local/lib/python3.11/site-packages/scrapy/item.py", line 98, in __setitem__
    raise KeyError(f"{self.__class__.__name__} does not support field: {key}")
KeyError: 'EventItem does not support field: uuid'
[2026-01-30T14:25:08.100+0000] {docker.py:429} INFO - 2026-01-30 14:25:08 [scrapy.core.engine] DEBUG: Crawled (200) <GET https://zero.eu/it/eventi/358762-tribute-to-bruce-springsteen-2,zurich/> (referer: https://zero.eu/api/v2/events?per_page=100&citta=13&_embed=true)
[2026-01-30T14:25:08.203+0000] {docker.py:429} INFO - 2026-01-30 14:25:08 [scrapy.core.scraper] ERROR: Spider error processing <GET https://zero.eu/it/eventi/358762-tribute-to-bruce-springsteen-2,zurich/> (referer: https://zero.eu/api/v2/events?per_page=100&citta=13&_embed=true)
Traceback (most recent call last):
  File "/usr/local/lib/python3.11/site-packages/scrapy/utils/defer.py", line 355, in iter_errback
    yield next(it)
          ^^^^^^^^
  File "/usr/local/lib/python3.11/site-packages/scrapy/utils/python.py", line 311, in __next__
    return next(self.data)
           ^^^^^^^^^^^^^^^
  File "/usr/local/lib/python3.11/site-packages/scrapy/utils/python.py", line 311, in __next__
    return next(self.data)
           ^^^^^^^^^^^^^^^
  File "/usr/local/lib/python3.11/site-packages/scrapy/core/spidermw.py", line 183, in process_sync
    self._process_spider_exception(
  File "/usr/local/lib/python3.11/site-packages/scrapy/core/spidermw.py", line 256, in _process_spider_exception
    raise exception
  File "/usr/local/lib/python3.11/site-packages/scrapy/core/spidermw.py", line 179, in process_sync
    yield from iterable
  File "/usr/local/lib/python3.11/site-packages/scrapy/spidermiddlewares/base.py", line 60, in process_spider_output
    for o in result:
  File "/usr/local/lib/python3.11/site-packages/scrapy/core/spidermw.py", line 183, in process_sync
    self._process_spider_exception(
  File "/usr/local/lib/python3.11/site-packages/scrapy/core/spidermw.py", line 256, in _process_spider_exception
    raise exception
  File "/usr/local/lib/python3.11/site-packages/scrapy/core/spidermw.py", line 179, in process_sync
    yield from iterable
  File "/usr/local/lib/python3.11/site-packages/scrapy/spidermiddlewares/base.py", line 60, in process_spider_output
    for o in result:
  File "/usr/local/lib/python3.11/site-packages/scrapy/core/spidermw.py", line 183, in process_sync
    self._process_spider_exception(
  File "/usr/local/lib/python3.11/site-packages/scrapy/core/spidermw.py", line 256, in _process_spider_exception
    raise exception
  File "/usr/local/lib/python3.11/site-packages/scrapy/core/spidermw.py", line 179, in process_sync
    yield from iterable
  File "/usr/local/lib/python3.11/site-packages/scrapy/spidermiddlewares/base.py", line 60, in process_spider_output
    for o in result:
  File "/usr/local/lib/python3.11/site-packages/scrapy/core/spidermw.py", line 183, in process_sync
    self._process_spider_exception(
  File "/usr/local/lib/python3.11/site-packages/scrapy/core/spidermw.py", line 256, in _process_spider_exception
    raise exception
  File "/usr/local/lib/python3.11/site-packages/scrapy/core/spidermw.py", line 179, in process_sync
    yield from iterable
  File "/usr/local/lib/python3.11/site-packages/scrapy/spidermiddlewares/depth.py", line 61, in process_spider_output
    yield from super().process_spider_output(response, result)
  File "/usr/local/lib/python3.11/site-packages/scrapy/spidermiddlewares/base.py", line 60, in process_spider_output
    for o in result:
  File "/usr/local/lib/python3.11/site-packages/scrapy/core/spidermw.py", line 183, in process_sync
    self._process_spider_exception(
  File "/usr/local/lib/python3.11/site-packages/scrapy/core/spidermw.py", line 256, in _process_spider_exception
    raise exception
  File "/usr/local/lib/python3.11/site-packages/scrapy/core/spidermw.py", line 179, in process_sync
    yield from iterable
  File "/app/zero_eu/zero_scraper/spiders/events_spider.py", line 227, in parse_event_page
    item["uuid"] = hashlib.sha256(uuid_string.encode('utf-8')).hexdigest()[:16]
    ~~~~^^^^^^^^
  File "/usr/local/lib/python3.11/site-packages/scrapy/item.py", line 98, in __setitem__
    raise KeyError(f"{self.__class__.__name__} does not support field: {key}")
KeyError: 'EventItem does not support field: uuid'
[2026-01-30T14:25:09.172+0000] {docker.py:429} INFO - 2026-01-30 14:25:09 [scrapy.core.engine] DEBUG: Crawled (200) <GET https://zero.eu/it/eventi/358737-william-kentridge-breathe-dissolve-return,roma/> (referer: https://zero.eu/api/v2/events?per_page=100&citta=13&_embed=true)
[2026-01-30T14:25:09.278+0000] {docker.py:429} INFO - 2026-01-30 14:25:09 [scrapy.core.scraper] ERROR: Spider error processing <GET https://zero.eu/it/eventi/358737-william-kentridge-breathe-dissolve-return,roma/> (referer: https://zero.eu/api/v2/events?per_page=100&citta=13&_embed=true)
Traceback (most recent call last):
  File "/usr/local/lib/python3.11/site-packages/scrapy/utils/defer.py", line 355, in iter_errback
    yield next(it)
          ^^^^^^^^
  File "/usr/local/lib/python3.11/site-packages/scrapy/utils/python.py", line 311, in __next__
    return next(self.data)
           ^^^^^^^^^^^^^^^
  File "/usr/local/lib/python3.11/site-packages/scrapy/utils/python.py", line 311, in __next__
    return next(self.data)
           ^^^^^^^^^^^^^^^
  File "/usr/local/lib/python3.11/site-packages/scrapy/core/spidermw.py", line 183, in process_sync
    self._process_spider_exception(
  File "/usr/local/lib/python3.11/site-packages/scrapy/core/spidermw.py", line 256, in _process_spider_exception
    raise exception
  File "/usr/local/lib/python3.11/site-packages/scrapy/core/spidermw.py", line 179, in process_sync
    yield from iterable
  File "/usr/local/lib/python3.11/site-packages/scrapy/spidermiddlewares/base.py", line 60, in process_spider_output
    for o in result:
  File "/usr/local/lib/python3.11/site-packages/scrapy/core/spidermw.py", line 183, in process_sync
    self._process_spider_exception(
  File "/usr/local/lib/python3.11/site-packages/scrapy/core/spidermw.py", line 256, in _process_spider_exception
    raise exception
  File "/usr/local/lib/python3.11/site-packages/scrapy/core/spidermw.py", line 179, in process_sync
    yield from iterable
  File "/usr/local/lib/python3.11/site-packages/scrapy/spidermiddlewares/base.py", line 60, in process_spider_output
    for o in result:
  File "/usr/local/lib/python3.11/site-packages/scrapy/core/spidermw.py", line 183, in process_sync
    self._process_spider_exception(
  File "/usr/local/lib/python3.11/site-packages/scrapy/core/spidermw.py", line 256, in _process_spider_exception
    raise exception
  File "/usr/local/lib/python3.11/site-packages/scrapy/core/spidermw.py", line 179, in process_sync
    yield from iterable
  File "/usr/local/lib/python3.11/site-packages/scrapy/spidermiddlewares/base.py", line 60, in process_spider_output
    for o in result:
  File "/usr/local/lib/python3.11/site-packages/scrapy/core/spidermw.py", line 183, in process_sync
    self._process_spider_exception(
  File "/usr/local/lib/python3.11/site-packages/scrapy/core/spidermw.py", line 256, in _process_spider_exception
    raise exception
  File "/usr/local/lib/python3.11/site-packages/scrapy/core/spidermw.py", line 179, in process_sync
    yield from iterable
  File "/usr/local/lib/python3.11/site-packages/scrapy/spidermiddlewares/depth.py", line 61, in process_spider_output
    yield from super().process_spider_output(response, result)
  File "/usr/local/lib/python3.11/site-packages/scrapy/spidermiddlewares/base.py", line 60, in process_spider_output
    for o in result:
  File "/usr/local/lib/python3.11/site-packages/scrapy/core/spidermw.py", line 183, in process_sync
    self._process_spider_exception(
  File "/usr/local/lib/python3.11/site-packages/scrapy/core/spidermw.py", line 256, in _process_spider_exception
    raise exception
  File "/usr/local/lib/python3.11/site-packages/scrapy/core/spidermw.py", line 179, in process_sync
    yield from iterable
  File "/app/zero_eu/zero_scraper/spiders/events_spider.py", line 227, in parse_event_page
    item["uuid"] = hashlib.sha256(uuid_string.encode('utf-8')).hexdigest()[:16]
    ~~~~^^^^^^^^
  File "/usr/local/lib/python3.11/site-packages/scrapy/item.py", line 98, in __setitem__
    raise KeyError(f"{self.__class__.__name__} does not support field: {key}")
KeyError: 'EventItem does not support field: uuid'
[2026-01-30T14:25:10.197+0000] {docker.py:429} INFO - 2026-01-30 14:25:10 [scrapy.core.engine] DEBUG: Crawled (200) <GET https://zero.eu/it/eventi/358725-nostro-sovversivo-amore-insolente,milano/> (referer: https://zero.eu/api/v2/events?per_page=100&citta=13&_embed=true)
[2026-01-30T14:25:10.301+0000] {docker.py:429} INFO - 2026-01-30 14:25:10 [scrapy.core.scraper] ERROR: Spider error processing <GET https://zero.eu/it/eventi/358725-nostro-sovversivo-amore-insolente,milano/> (referer: https://zero.eu/api/v2/events?per_page=100&citta=13&_embed=true)
Traceback (most recent call last):
  File "/usr/local/lib/python3.11/site-packages/scrapy/utils/defer.py", line 355, in iter_errback
    yield next(it)
          ^^^^^^^^
  File "/usr/local/lib/python3.11/site-packages/scrapy/utils/python.py", line 311, in __next__
    return next(self.data)
           ^^^^^^^^^^^^^^^
  File "/usr/local/lib/python3.11/site-packages/scrapy/utils/python.py", line 311, in __next__
    return next(self.data)
           ^^^^^^^^^^^^^^^
  File "/usr/local/lib/python3.11/site-packages/scrapy/core/spidermw.py", line 183, in process_sync
    self._process_spider_exception(
  File "/usr/local/lib/python3.11/site-packages/scrapy/core/spidermw.py", line 256, in _process_spider_exception
    raise exception
  File "/usr/local/lib/python3.11/site-packages/scrapy/core/spidermw.py", line 179, in process_sync
    yield from iterable
  File "/usr/local/lib/python3.11/site-packages/scrapy/spidermiddlewares/base.py", line 60, in process_spider_output
    for o in result:
  File "/usr/local/lib/python3.11/site-packages/scrapy/core/spidermw.py", line 183, in process_sync
    self._process_spider_exception(
  File "/usr/local/lib/python3.11/site-packages/scrapy/core/spidermw.py", line 256, in _process_spider_exception
    raise exception
  File "/usr/local/lib/python3.11/site-packages/scrapy/core/spidermw.py", line 179, in process_sync
    yield from iterable
  File "/usr/local/lib/python3.11/site-packages/scrapy/spidermiddlewares/base.py", line 60, in process_spider_output
    for o in result:
  File "/usr/local/lib/python3.11/site-packages/scrapy/core/spidermw.py", line 183, in process_sync
    self._process_spider_exception(
  File "/usr/local/lib/python3.11/site-packages/scrapy/core/spidermw.py", line 256, in _process_spider_exception
    raise exception
  File "/usr/local/lib/python3.11/site-packages/scrapy/core/spidermw.py", line 179, in process_sync
    yield from iterable
  File "/usr/local/lib/python3.11/site-packages/scrapy/spidermiddlewares/base.py", line 60, in process_spider_output
    for o in result:
  File "/usr/local/lib/python3.11/site-packages/scrapy/core/spidermw.py", line 183, in process_sync
    self._process_spider_exception(
  File "/usr/local/lib/python3.11/site-packages/scrapy/core/spidermw.py", line 256, in _process_spider_exception
    raise exception
  File "/usr/local/lib/python3.11/site-packages/scrapy/core/spidermw.py", line 179, in process_sync
    yield from iterable
  File "/usr/local/lib/python3.11/site-packages/scrapy/spidermiddlewares/depth.py", line 61, in process_spider_output
    yield from super().process_spider_output(response, result)
  File "/usr/local/lib/python3.11/site-packages/scrapy/spidermiddlewares/base.py", line 60, in process_spider_output
    for o in result:
  File "/usr/local/lib/python3.11/site-packages/scrapy/core/spidermw.py", line 183, in process_sync
    self._process_spider_exception(
  File "/usr/local/lib/python3.11/site-packages/scrapy/core/spidermw.py", line 256, in _process_spider_exception
    raise exception
  File "/usr/local/lib/python3.11/site-packages/scrapy/core/spidermw.py", line 179, in process_sync
    yield from iterable
  File "/app/zero_eu/zero_scraper/spiders/events_spider.py", line 227, in parse_event_page
    item["uuid"] = hashlib.sha256(uuid_string.encode('utf-8')).hexdigest()[:16]
    ~~~~^^^^^^^^
  File "/usr/local/lib/python3.11/site-packages/scrapy/item.py", line 98, in __setitem__
    raise KeyError(f"{self.__class__.__name__} does not support field: {key}")
KeyError: 'EventItem does not support field: uuid'
[2026-01-30T14:25:11.224+0000] {docker.py:429} INFO - 2026-01-30 14:25:11 [scrapy.core.engine] DEBUG: Crawled (200) <GET https://zero.eu/it/eventi/358670-nozoo-branchie,roma/> (referer: https://zero.eu/api/v2/events?per_page=100&citta=13&_embed=true)
[2026-01-30T14:25:11.332+0000] {docker.py:429} INFO - 2026-01-30 14:25:11 [scrapy.core.scraper] ERROR: Spider error processing <GET https://zero.eu/it/eventi/358670-nozoo-branchie,roma/> (referer: https://zero.eu/api/v2/events?per_page=100&citta=13&_embed=true)
Traceback (most recent call last):
  File "/usr/local/lib/python3.11/site-packages/scrapy/utils/defer.py", line 355, in iter_errback
    yield next(it)
          ^^^^^^^^
  File "/usr/local/lib/python3.11/site-packages/scrapy/utils/python.py", line 311, in __next__
    return next(self.data)
           ^^^^^^^^^^^^^^^
  File "/usr/local/lib/python3.11/site-packages/scrapy/utils/python.py", line 311, in __next__
    return next(self.data)
           ^^^^^^^^^^^^^^^
  File "/usr/local/lib/python3.11/site-packages/scrapy/core/spidermw.py", line 183, in process_sync
    self._process_spider_exception(
  File "/usr/local/lib/python3.11/site-packages/scrapy/core/spidermw.py", line 256, in _process_spider_exception
    raise exception
  File "/usr/local/lib/python3.11/site-packages/scrapy/core/spidermw.py", line 179, in process_sync
    yield from iterable
  File "/usr/local/lib/python3.11/site-packages/scrapy/spidermiddlewares/base.py", line 60, in process_spider_output
    for o in result:
  File "/usr/local/lib/python3.11/site-packages/scrapy/core/spidermw.py", line 183, in process_sync
    self._process_spider_exception(
  File "/usr/local/lib/python3.11/site-packages/scrapy/core/spidermw.py", line 256, in _process_spider_exception
    raise exception
  File "/usr/local/lib/python3.11/site-packages/scrapy/core/spidermw.py", line 179, in process_sync
    yield from iterable
  File "/usr/local/lib/python3.11/site-packages/scrapy/spidermiddlewares/base.py", line 60, in process_spider_output
    for o in result:
  File "/usr/local/lib/python3.11/site-packages/scrapy/core/spidermw.py", line 183, in process_sync
    self._process_spider_exception(
  File "/usr/local/lib/python3.11/site-packages/scrapy/core/spidermw.py", line 256, in _process_spider_exception
    raise exception
  File "/usr/local/lib/python3.11/site-packages/scrapy/core/spidermw.py", line 179, in process_sync
    yield from iterable
  File "/usr/local/lib/python3.11/site-packages/scrapy/spidermiddlewares/base.py", line 60, in process_spider_output
    for o in result:
  File "/usr/local/lib/python3.11/site-packages/scrapy/core/spidermw.py", line 183, in process_sync
    self._process_spider_exception(
  File "/usr/local/lib/python3.11/site-packages/scrapy/core/spidermw.py", line 256, in _process_spider_exception
    raise exception
  File "/usr/local/lib/python3.11/site-packages/scrapy/core/spidermw.py", line 179, in process_sync
    yield from iterable
  File "/usr/local/lib/python3.11/site-packages/scrapy/spidermiddlewares/depth.py", line 61, in process_spider_output
    yield from super().process_spider_output(response, result)
  File "/usr/local/lib/python3.11/site-packages/scrapy/spidermiddlewares/base.py", line 60, in process_spider_output
    for o in result:
  File "/usr/local/lib/python3.11/site-packages/scrapy/core/spidermw.py", line 183, in process_sync
    self._process_spider_exception(
  File "/usr/local/lib/python3.11/site-packages/scrapy/core/spidermw.py", line 256, in _process_spider_exception
    raise exception
  File "/usr/local/lib/python3.11/site-packages/scrapy/core/spidermw.py", line 179, in process_sync
    yield from iterable
  File "/app/zero_eu/zero_scraper/spiders/events_spider.py", line 227, in parse_event_page
    item["uuid"] = hashlib.sha256(uuid_string.encode('utf-8')).hexdigest()[:16]
    ~~~~^^^^^^^^
  File "/usr/local/lib/python3.11/site-packages/scrapy/item.py", line 98, in __setitem__
    raise KeyError(f"{self.__class__.__name__} does not support field: {key}")
KeyError: 'EventItem does not support field: uuid'
[2026-01-30T14:25:12.218+0000] {docker.py:429} INFO - 2026-01-30 14:25:12 [scrapy.core.engine] DEBUG: Crawled (200) <GET https://zero.eu/it/eventi/358646-serata-nopani-kimchi-night,milano/> (referer: https://zero.eu/api/v2/events?per_page=100&citta=13&_embed=true)
[2026-01-30T14:25:12.323+0000] {docker.py:429} INFO - 2026-01-30 14:25:12 [scrapy.core.scraper] ERROR: Spider error processing <GET https://zero.eu/it/eventi/358646-serata-nopani-kimchi-night,milano/> (referer: https://zero.eu/api/v2/events?per_page=100&citta=13&_embed=true)
Traceback (most recent call last):
  File "/usr/local/lib/python3.11/site-packages/scrapy/utils/defer.py", line 355, in iter_errback
    yield next(it)
          ^^^^^^^^
  File "/usr/local/lib/python3.11/site-packages/scrapy/utils/python.py", line 311, in __next__
    return next(self.data)
           ^^^^^^^^^^^^^^^
  File "/usr/local/lib/python3.11/site-packages/scrapy/utils/python.py", line 311, in __next__
    return next(self.data)
           ^^^^^^^^^^^^^^^
  File "/usr/local/lib/python3.11/site-packages/scrapy/core/spidermw.py", line 183, in process_sync
    self._process_spider_exception(
  File "/usr/local/lib/python3.11/site-packages/scrapy/core/spidermw.py", line 256, in _process_spider_exception
    raise exception
  File "/usr/local/lib/python3.11/site-packages/scrapy/core/spidermw.py", line 179, in process_sync
    yield from iterable
  File "/usr/local/lib/python3.11/site-packages/scrapy/spidermiddlewares/base.py", line 60, in process_spider_output
    for o in result:
  File "/usr/local/lib/python3.11/site-packages/scrapy/core/spidermw.py", line 183, in process_sync
    self._process_spider_exception(
  File "/usr/local/lib/python3.11/site-packages/scrapy/core/spidermw.py", line 256, in _process_spider_exception
    raise exception
  File "/usr/local/lib/python3.11/site-packages/scrapy/core/spidermw.py", line 179, in process_sync
    yield from iterable
  File "/usr/local/lib/python3.11/site-packages/scrapy/spidermiddlewares/base.py", line 60, in process_spider_output
    for o in result:
  File "/usr/local/lib/python3.11/site-packages/scrapy/core/spidermw.py", line 183, in process_sync
    self._process_spider_exception(
  File "/usr/local/lib/python3.11/site-packages/scrapy/core/spidermw.py", line 256, in _process_spider_exception
    raise exception
  File "/usr/local/lib/python3.11/site-packages/scrapy/core/spidermw.py", line 179, in process_sync
    yield from iterable
  File "/usr/local/lib/python3.11/site-packages/scrapy/spidermiddlewares/base.py", line 60, in process_spider_output
    for o in result:
  File "/usr/local/lib/python3.11/site-packages/scrapy/core/spidermw.py", line 183, in process_sync
    self._process_spider_exception(
  File "/usr/local/lib/python3.11/site-packages/scrapy/core/spidermw.py", line 256, in _process_spider_exception
    raise exception
  File "/usr/local/lib/python3.11/site-packages/scrapy/core/spidermw.py", line 179, in process_sync
    yield from iterable
  File "/usr/local/lib/python3.11/site-packages/scrapy/spidermiddlewares/depth.py", line 61, in process_spider_output
    yield from super().process_spider_output(response, result)
  File "/usr/local/lib/python3.11/site-packages/scrapy/spidermiddlewares/base.py", line 60, in process_spider_output
    for o in result:
  File "/usr/local/lib/python3.11/site-packages/scrapy/core/spidermw.py", line 183, in process_sync
    self._process_spider_exception(
  File "/usr/local/lib/python3.11/site-packages/scrapy/core/spidermw.py", line 256, in _process_spider_exception
    raise exception
  File "/usr/local/lib/python3.11/site-packages/scrapy/core/spidermw.py", line 179, in process_sync
    yield from iterable
  File "/app/zero_eu/zero_scraper/spiders/events_spider.py", line 227, in parse_event_page
    item["uuid"] = hashlib.sha256(uuid_string.encode('utf-8')).hexdigest()[:16]
    ~~~~^^^^^^^^
  File "/usr/local/lib/python3.11/site-packages/scrapy/item.py", line 98, in __setitem__
    raise KeyError(f"{self.__class__.__name__} does not support field: {key}")
KeyError: 'EventItem does not support field: uuid'
[2026-01-30T14:25:13.250+0000] {docker.py:429} INFO - 2026-01-30 14:25:13 [scrapy.core.engine] DEBUG: Crawled (200) <GET https://zero.eu/it/eventi/358642-joe-yorke,roma/> (referer: https://zero.eu/api/v2/events?per_page=100&citta=13&_embed=true)
[2026-01-30T14:25:13.355+0000] {docker.py:429} INFO - 2026-01-30 14:25:13 [scrapy.core.scraper] ERROR: Spider error processing <GET https://zero.eu/it/eventi/358642-joe-yorke,roma/> (referer: https://zero.eu/api/v2/events?per_page=100&citta=13&_embed=true)
Traceback (most recent call last):
  File "/usr/local/lib/python3.11/site-packages/scrapy/utils/defer.py", line 355, in iter_errback
    yield next(it)
          ^^^^^^^^
  File "/usr/local/lib/python3.11/site-packages/scrapy/utils/python.py", line 311, in __next__
    return next(self.data)
           ^^^^^^^^^^^^^^^
  File "/usr/local/lib/python3.11/site-packages/scrapy/utils/python.py", line 311, in __next__
    return next(self.data)
           ^^^^^^^^^^^^^^^
  File "/usr/local/lib/python3.11/site-packages/scrapy/core/spidermw.py", line 183, in process_sync
    self._process_spider_exception(
  File "/usr/local/lib/python3.11/site-packages/scrapy/core/spidermw.py", line 256, in _process_spider_exception
    raise exception
  File "/usr/local/lib/python3.11/site-packages/scrapy/core/spidermw.py", line 179, in process_sync
    yield from iterable
  File "/usr/local/lib/python3.11/site-packages/scrapy/spidermiddlewares/base.py", line 60, in process_spider_output
    for o in result:
  File "/usr/local/lib/python3.11/site-packages/scrapy/core/spidermw.py", line 183, in process_sync
    self._process_spider_exception(
  File "/usr/local/lib/python3.11/site-packages/scrapy/core/spidermw.py", line 256, in _process_spider_exception
    raise exception
  File "/usr/local/lib/python3.11/site-packages/scrapy/core/spidermw.py", line 179, in process_sync
    yield from iterable
  File "/usr/local/lib/python3.11/site-packages/scrapy/spidermiddlewares/base.py", line 60, in process_spider_output
    for o in result:
  File "/usr/local/lib/python3.11/site-packages/scrapy/core/spidermw.py", line 183, in process_sync
    self._process_spider_exception(
  File "/usr/local/lib/python3.11/site-packages/scrapy/core/spidermw.py", line 256, in _process_spider_exception
    raise exception
  File "/usr/local/lib/python3.11/site-packages/scrapy/core/spidermw.py", line 179, in process_sync
    yield from iterable
  File "/usr/local/lib/python3.11/site-packages/scrapy/spidermiddlewares/base.py", line 60, in process_spider_output
    for o in result:
  File "/usr/local/lib/python3.11/site-packages/scrapy/core/spidermw.py", line 183, in process_sync
    self._process_spider_exception(
  File "/usr/local/lib/python3.11/site-packages/scrapy/core/spidermw.py", line 256, in _process_spider_exception
    raise exception
  File "/usr/local/lib/python3.11/site-packages/scrapy/core/spidermw.py", line 179, in process_sync
    yield from iterable
  File "/usr/local/lib/python3.11/site-packages/scrapy/spidermiddlewares/depth.py", line 61, in process_spider_output
    yield from super().process_spider_output(response, result)
  File "/usr/local/lib/python3.11/site-packages/scrapy/spidermiddlewares/base.py", line 60, in process_spider_output
    for o in result:
  File "/usr/local/lib/python3.11/site-packages/scrapy/core/spidermw.py", line 183, in process_sync
    self._process_spider_exception(
  File "/usr/local/lib/python3.11/site-packages/scrapy/core/spidermw.py", line 256, in _process_spider_exception
    raise exception
  File "/usr/local/lib/python3.11/site-packages/scrapy/core/spidermw.py", line 179, in process_sync
    yield from iterable
  File "/app/zero_eu/zero_scraper/spiders/events_spider.py", line 227, in parse_event_page
    item["uuid"] = hashlib.sha256(uuid_string.encode('utf-8')).hexdigest()[:16]
    ~~~~^^^^^^^^
  File "/usr/local/lib/python3.11/site-packages/scrapy/item.py", line 98, in __setitem__
    raise KeyError(f"{self.__class__.__name__} does not support field: {key}")
KeyError: 'EventItem does not support field: uuid'
[2026-01-30T14:25:14.181+0000] {docker.py:429} INFO - 2026-01-30 14:25:14 [scrapy.core.engine] DEBUG: Crawled (200) <GET https://zero.eu/it/eventi/358615-cagnola-notte-elettrica-2,milano/> (referer: https://zero.eu/api/v2/events?per_page=100&citta=13&_embed=true)
[2026-01-30T14:25:14.285+0000] {docker.py:429} INFO - 2026-01-30 14:25:14 [scrapy.core.scraper] ERROR: Spider error processing <GET https://zero.eu/it/eventi/358615-cagnola-notte-elettrica-2,milano/> (referer: https://zero.eu/api/v2/events?per_page=100&citta=13&_embed=true)
Traceback (most recent call last):
  File "/usr/local/lib/python3.11/site-packages/scrapy/utils/defer.py", line 355, in iter_errback
    yield next(it)
          ^^^^^^^^
  File "/usr/local/lib/python3.11/site-packages/scrapy/utils/python.py", line 311, in __next__
    return next(self.data)
           ^^^^^^^^^^^^^^^
  File "/usr/local/lib/python3.11/site-packages/scrapy/utils/python.py", line 311, in __next__
    return next(self.data)
           ^^^^^^^^^^^^^^^
  File "/usr/local/lib/python3.11/site-packages/scrapy/core/spidermw.py", line 183, in process_sync
    self._process_spider_exception(
  File "/usr/local/lib/python3.11/site-packages/scrapy/core/spidermw.py", line 256, in _process_spider_exception
    raise exception
  File "/usr/local/lib/python3.11/site-packages/scrapy/core/spidermw.py", line 179, in process_sync
    yield from iterable
  File "/usr/local/lib/python3.11/site-packages/scrapy/spidermiddlewares/base.py", line 60, in process_spider_output
    for o in result:
  File "/usr/local/lib/python3.11/site-packages/scrapy/core/spidermw.py", line 183, in process_sync
    self._process_spider_exception(
  File "/usr/local/lib/python3.11/site-packages/scrapy/core/spidermw.py", line 256, in _process_spider_exception
    raise exception
  File "/usr/local/lib/python3.11/site-packages/scrapy/core/spidermw.py", line 179, in process_sync
    yield from iterable
  File "/usr/local/lib/python3.11/site-packages/scrapy/spidermiddlewares/base.py", line 60, in process_spider_output
    for o in result:
  File "/usr/local/lib/python3.11/site-packages/scrapy/core/spidermw.py", line 183, in process_sync
    self._process_spider_exception(
  File "/usr/local/lib/python3.11/site-packages/scrapy/core/spidermw.py", line 256, in _process_spider_exception
    raise exception
  File "/usr/local/lib/python3.11/site-packages/scrapy/core/spidermw.py", line 179, in process_sync
    yield from iterable
  File "/usr/local/lib/python3.11/site-packages/scrapy/spidermiddlewares/base.py", line 60, in process_spider_output
    for o in result:
  File "/usr/local/lib/python3.11/site-packages/scrapy/core/spidermw.py", line 183, in process_sync
    self._process_spider_exception(
  File "/usr/local/lib/python3.11/site-packages/scrapy/core/spidermw.py", line 256, in _process_spider_exception
    raise exception
  File "/usr/local/lib/python3.11/site-packages/scrapy/core/spidermw.py", line 179, in process_sync
    yield from iterable
  File "/usr/local/lib/python3.11/site-packages/scrapy/spidermiddlewares/depth.py", line 61, in process_spider_output
    yield from super().process_spider_output(response, result)
  File "/usr/local/lib/python3.11/site-packages/scrapy/spidermiddlewares/base.py", line 60, in process_spider_output
    for o in result:
  File "/usr/local/lib/python3.11/site-packages/scrapy/core/spidermw.py", line 183, in process_sync
    self._process_spider_exception(
  File "/usr/local/lib/python3.11/site-packages/scrapy/core/spidermw.py", line 256, in _process_spider_exception
    raise exception
  File "/usr/local/lib/python3.11/site-packages/scrapy/core/spidermw.py", line 179, in process_sync
    yield from iterable
  File "/app/zero_eu/zero_scraper/spiders/events_spider.py", line 227, in parse_event_page
    item["uuid"] = hashlib.sha256(uuid_string.encode('utf-8')).hexdigest()[:16]
    ~~~~^^^^^^^^
  File "/usr/local/lib/python3.11/site-packages/scrapy/item.py", line 98, in __setitem__
    raise KeyError(f"{self.__class__.__name__} does not support field: {key}")
KeyError: 'EventItem does not support field: uuid'
[2026-01-30T14:25:15.244+0000] {docker.py:429} INFO - 2026-01-30 14:25:15 [scrapy.core.engine] DEBUG: Crawled (200) <GET https://zero.eu/it/eventi/358538-mostri-notturni,roma/> (referer: https://zero.eu/api/v2/events?per_page=100&citta=13&_embed=true)
[2026-01-30T14:25:15.348+0000] {docker.py:429} INFO - 2026-01-30 14:25:15 [scrapy.core.scraper] ERROR: Spider error processing <GET https://zero.eu/it/eventi/358538-mostri-notturni,roma/> (referer: https://zero.eu/api/v2/events?per_page=100&citta=13&_embed=true)
Traceback (most recent call last):
  File "/usr/local/lib/python3.11/site-packages/scrapy/utils/defer.py", line 355, in iter_errback
    yield next(it)
          ^^^^^^^^
  File "/usr/local/lib/python3.11/site-packages/scrapy/utils/python.py", line 311, in __next__
    return next(self.data)
           ^^^^^^^^^^^^^^^
  File "/usr/local/lib/python3.11/site-packages/scrapy/utils/python.py", line 311, in __next__
    return next(self.data)
           ^^^^^^^^^^^^^^^
  File "/usr/local/lib/python3.11/site-packages/scrapy/core/spidermw.py", line 183, in process_sync
    self._process_spider_exception(
  File "/usr/local/lib/python3.11/site-packages/scrapy/core/spidermw.py", line 256, in _process_spider_exception
    raise exception
  File "/usr/local/lib/python3.11/site-packages/scrapy/core/spidermw.py", line 179, in process_sync
    yield from iterable
  File "/usr/local/lib/python3.11/site-packages/scrapy/spidermiddlewares/base.py", line 60, in process_spider_output
    for o in result:
  File "/usr/local/lib/python3.11/site-packages/scrapy/core/spidermw.py", line 183, in process_sync
    self._process_spider_exception(
  File "/usr/local/lib/python3.11/site-packages/scrapy/core/spidermw.py", line 256, in _process_spider_exception
    raise exception
  File "/usr/local/lib/python3.11/site-packages/scrapy/core/spidermw.py", line 179, in process_sync
    yield from iterable
  File "/usr/local/lib/python3.11/site-packages/scrapy/spidermiddlewares/base.py", line 60, in process_spider_output
    for o in result:
  File "/usr/local/lib/python3.11/site-packages/scrapy/core/spidermw.py", line 183, in process_sync
    self._process_spider_exception(
  File "/usr/local/lib/python3.11/site-packages/scrapy/core/spidermw.py", line 256, in _process_spider_exception
    raise exception
  File "/usr/local/lib/python3.11/site-packages/scrapy/core/spidermw.py", line 179, in process_sync
    yield from iterable
  File "/usr/local/lib/python3.11/site-packages/scrapy/spidermiddlewares/base.py", line 60, in process_spider_output
    for o in result:
  File "/usr/local/lib/python3.11/site-packages/scrapy/core/spidermw.py", line 183, in process_sync
    self._process_spider_exception(
  File "/usr/local/lib/python3.11/site-packages/scrapy/core/spidermw.py", line 256, in _process_spider_exception
    raise exception
  File "/usr/local/lib/python3.11/site-packages/scrapy/core/spidermw.py", line 179, in process_sync
    yield from iterable
  File "/usr/local/lib/python3.11/site-packages/scrapy/spidermiddlewares/depth.py", line 61, in process_spider_output
    yield from super().process_spider_output(response, result)
  File "/usr/local/lib/python3.11/site-packages/scrapy/spidermiddlewares/base.py", line 60, in process_spider_output
    for o in result:
  File "/usr/local/lib/python3.11/site-packages/scrapy/core/spidermw.py", line 183, in process_sync
    self._process_spider_exception(
  File "/usr/local/lib/python3.11/site-packages/scrapy/core/spidermw.py", line 256, in _process_spider_exception
    raise exception
  File "/usr/local/lib/python3.11/site-packages/scrapy/core/spidermw.py", line 179, in process_sync
    yield from iterable
  File "/app/zero_eu/zero_scraper/spiders/events_spider.py", line 227, in parse_event_page
    item["uuid"] = hashlib.sha256(uuid_string.encode('utf-8')).hexdigest()[:16]
    ~~~~^^^^^^^^
  File "/usr/local/lib/python3.11/site-packages/scrapy/item.py", line 98, in __setitem__
    raise KeyError(f"{self.__class__.__name__} does not support field: {key}")
KeyError: 'EventItem does not support field: uuid'
[2026-01-30T14:25:17.384+0000] {docker.py:429} INFO - 2026-01-30 14:25:17 [scrapy.core.engine] DEBUG: Crawled (200) <GET https://zero.eu/it/eventi/358498-hi-life-toulous-low-trax,milano/> (referer: https://zero.eu/api/v2/events?per_page=100&citta=13&_embed=true)
[2026-01-30T14:25:17.489+0000] {docker.py:429} INFO - 2026-01-30 14:25:17 [scrapy.core.scraper] ERROR: Spider error processing <GET https://zero.eu/it/eventi/358498-hi-life-toulous-low-trax,milano/> (referer: https://zero.eu/api/v2/events?per_page=100&citta=13&_embed=true)
Traceback (most recent call last):
  File "/usr/local/lib/python3.11/site-packages/scrapy/utils/defer.py", line 355, in iter_errback
    yield next(it)
          ^^^^^^^^
  File "/usr/local/lib/python3.11/site-packages/scrapy/utils/python.py", line 311, in __next__
    return next(self.data)
           ^^^^^^^^^^^^^^^
  File "/usr/local/lib/python3.11/site-packages/scrapy/utils/python.py", line 311, in __next__
    return next(self.data)
           ^^^^^^^^^^^^^^^
  File "/usr/local/lib/python3.11/site-packages/scrapy/core/spidermw.py", line 183, in process_sync
    self._process_spider_exception(
  File "/usr/local/lib/python3.11/site-packages/scrapy/core/spidermw.py", line 256, in _process_spider_exception
    raise exception
  File "/usr/local/lib/python3.11/site-packages/scrapy/core/spidermw.py", line 179, in process_sync
    yield from iterable
  File "/usr/local/lib/python3.11/site-packages/scrapy/spidermiddlewares/base.py", line 60, in process_spider_output
    for o in result:
  File "/usr/local/lib/python3.11/site-packages/scrapy/core/spidermw.py", line 183, in process_sync
    self._process_spider_exception(
  File "/usr/local/lib/python3.11/site-packages/scrapy/core/spidermw.py", line 256, in _process_spider_exception
    raise exception
  File "/usr/local/lib/python3.11/site-packages/scrapy/core/spidermw.py", line 179, in process_sync
    yield from iterable
  File "/usr/local/lib/python3.11/site-packages/scrapy/spidermiddlewares/base.py", line 60, in process_spider_output
    for o in result:
  File "/usr/local/lib/python3.11/site-packages/scrapy/core/spidermw.py", line 183, in process_sync
    self._process_spider_exception(
  File "/usr/local/lib/python3.11/site-packages/scrapy/core/spidermw.py", line 256, in _process_spider_exception
    raise exception
  File "/usr/local/lib/python3.11/site-packages/scrapy/core/spidermw.py", line 179, in process_sync
    yield from iterable
  File "/usr/local/lib/python3.11/site-packages/scrapy/spidermiddlewares/base.py", line 60, in process_spider_output
    for o in result:
  File "/usr/local/lib/python3.11/site-packages/scrapy/core/spidermw.py", line 183, in process_sync
    self._process_spider_exception(
  File "/usr/local/lib/python3.11/site-packages/scrapy/core/spidermw.py", line 256, in _process_spider_exception
    raise exception
  File "/usr/local/lib/python3.11/site-packages/scrapy/core/spidermw.py", line 179, in process_sync
    yield from iterable
  File "/usr/local/lib/python3.11/site-packages/scrapy/spidermiddlewares/depth.py", line 61, in process_spider_output
    yield from super().process_spider_output(response, result)
  File "/usr/local/lib/python3.11/site-packages/scrapy/spidermiddlewares/base.py", line 60, in process_spider_output
    for o in result:
  File "/usr/local/lib/python3.11/site-packages/scrapy/core/spidermw.py", line 183, in process_sync
    self._process_spider_exception(
  File "/usr/local/lib/python3.11/site-packages/scrapy/core/spidermw.py", line 256, in _process_spider_exception
    raise exception
  File "/usr/local/lib/python3.11/site-packages/scrapy/core/spidermw.py", line 179, in process_sync
    yield from iterable
  File "/app/zero_eu/zero_scraper/spiders/events_spider.py", line 227, in parse_event_page
    item["uuid"] = hashlib.sha256(uuid_string.encode('utf-8')).hexdigest()[:16]
    ~~~~^^^^^^^^
  File "/usr/local/lib/python3.11/site-packages/scrapy/item.py", line 98, in __setitem__
    raise KeyError(f"{self.__class__.__name__} does not support field: {key}")
KeyError: 'EventItem does not support field: uuid'
[2026-01-30T14:25:18.469+0000] {docker.py:429} INFO - 2026-01-30 14:25:18 [scrapy.core.engine] DEBUG: Crawled (200) <GET https://zero.eu/it/eventi/358490-invision-x-spite-nama,milano/> (referer: https://zero.eu/api/v2/events?per_page=100&citta=13&_embed=true)
[2026-01-30T14:25:18.575+0000] {docker.py:429} INFO - 2026-01-30 14:25:18 [scrapy.core.scraper] ERROR: Spider error processing <GET https://zero.eu/it/eventi/358490-invision-x-spite-nama,milano/> (referer: https://zero.eu/api/v2/events?per_page=100&citta=13&_embed=true)
Traceback (most recent call last):
  File "/usr/local/lib/python3.11/site-packages/scrapy/utils/defer.py", line 355, in iter_errback
    yield next(it)
          ^^^^^^^^
  File "/usr/local/lib/python3.11/site-packages/scrapy/utils/python.py", line 311, in __next__
    return next(self.data)
           ^^^^^^^^^^^^^^^
  File "/usr/local/lib/python3.11/site-packages/scrapy/utils/python.py", line 311, in __next__
    return next(self.data)
           ^^^^^^^^^^^^^^^
  File "/usr/local/lib/python3.11/site-packages/scrapy/core/spidermw.py", line 183, in process_sync
    self._process_spider_exception(
  File "/usr/local/lib/python3.11/site-packages/scrapy/core/spidermw.py", line 256, in _process_spider_exception
    raise exception
  File "/usr/local/lib/python3.11/site-packages/scrapy/core/spidermw.py", line 179, in process_sync
    yield from iterable
  File "/usr/local/lib/python3.11/site-packages/scrapy/spidermiddlewares/base.py", line 60, in process_spider_output
    for o in result:
  File "/usr/local/lib/python3.11/site-packages/scrapy/core/spidermw.py", line 183, in process_sync
    self._process_spider_exception(
  File "/usr/local/lib/python3.11/site-packages/scrapy/core/spidermw.py", line 256, in _process_spider_exception
    raise exception
  File "/usr/local/lib/python3.11/site-packages/scrapy/core/spidermw.py", line 179, in process_sync
    yield from iterable
  File "/usr/local/lib/python3.11/site-packages/scrapy/spidermiddlewares/base.py", line 60, in process_spider_output
    for o in result:
  File "/usr/local/lib/python3.11/site-packages/scrapy/core/spidermw.py", line 183, in process_sync
    self._process_spider_exception(
  File "/usr/local/lib/python3.11/site-packages/scrapy/core/spidermw.py", line 256, in _process_spider_exception
    raise exception
  File "/usr/local/lib/python3.11/site-packages/scrapy/core/spidermw.py", line 179, in process_sync
    yield from iterable
  File "/usr/local/lib/python3.11/site-packages/scrapy/spidermiddlewares/base.py", line 60, in process_spider_output
    for o in result:
  File "/usr/local/lib/python3.11/site-packages/scrapy/core/spidermw.py", line 183, in process_sync
    self._process_spider_exception(
  File "/usr/local/lib/python3.11/site-packages/scrapy/core/spidermw.py", line 256, in _process_spider_exception
    raise exception
  File "/usr/local/lib/python3.11/site-packages/scrapy/core/spidermw.py", line 179, in process_sync
    yield from iterable
  File "/usr/local/lib/python3.11/site-packages/scrapy/spidermiddlewares/depth.py", line 61, in process_spider_output
    yield from super().process_spider_output(response, result)
  File "/usr/local/lib/python3.11/site-packages/scrapy/spidermiddlewares/base.py", line 60, in process_spider_output
    for o in result:
  File "/usr/local/lib/python3.11/site-packages/scrapy/core/spidermw.py", line 183, in process_sync
    self._process_spider_exception(
  File "/usr/local/lib/python3.11/site-packages/scrapy/core/spidermw.py", line 256, in _process_spider_exception
    raise exception
  File "/usr/local/lib/python3.11/site-packages/scrapy/core/spidermw.py", line 179, in process_sync
    yield from iterable
  File "/app/zero_eu/zero_scraper/spiders/events_spider.py", line 227, in parse_event_page
    item["uuid"] = hashlib.sha256(uuid_string.encode('utf-8')).hexdigest()[:16]
    ~~~~^^^^^^^^
  File "/usr/local/lib/python3.11/site-packages/scrapy/item.py", line 98, in __setitem__
    raise KeyError(f"{self.__class__.__name__} does not support field: {key}")
KeyError: 'EventItem does not support field: uuid'
[2026-01-30T14:25:19.021+0000] {docker.py:429} INFO - 2026-01-30 14:25:19 [scrapy.extensions.logstats] INFO: Crawled 54 pages (at 37 pages/min), scraped 0 items (at 0 items/min)
[2026-01-30T14:25:19.023+0000] {docker.py:429} INFO - 2026-01-30 14:25:19 [scrapy.extensions.logstats] INFO: Crawled 54 pages (at 0 pages/min), scraped 0 items (at 0 items/min)
[2026-01-30T14:25:21.496+0000] {docker.py:429} INFO - 2026-01-30 14:25:21 [scrapy.core.engine] DEBUG: Crawled (200) <GET https://zero.eu/it/eventi/358965-roofbooking-x-sorgente-sonora-francesco-farfa-b2b-gnmr,milano/> (referer: https://zero.eu/api/v2/events?per_page=100&citta=13&_embed=true)
[2026-01-30T14:25:21.602+0000] {docker.py:429} INFO - 2026-01-30 14:25:21 [scrapy.core.scraper] ERROR: Spider error processing <GET https://zero.eu/it/eventi/358965-roofbooking-x-sorgente-sonora-francesco-farfa-b2b-gnmr,milano/> (referer: https://zero.eu/api/v2/events?per_page=100&citta=13&_embed=true)
Traceback (most recent call last):
  File "/usr/local/lib/python3.11/site-packages/scrapy/utils/defer.py", line 355, in iter_errback
    yield next(it)
          ^^^^^^^^
  File "/usr/local/lib/python3.11/site-packages/scrapy/utils/python.py", line 311, in __next__
    return next(self.data)
           ^^^^^^^^^^^^^^^
  File "/usr/local/lib/python3.11/site-packages/scrapy/utils/python.py", line 311, in __next__
    return next(self.data)
           ^^^^^^^^^^^^^^^
  File "/usr/local/lib/python3.11/site-packages/scrapy/core/spidermw.py", line 183, in process_sync
    self._process_spider_exception(
  File "/usr/local/lib/python3.11/site-packages/scrapy/core/spidermw.py", line 256, in _process_spider_exception
    raise exception
  File "/usr/local/lib/python3.11/site-packages/scrapy/core/spidermw.py", line 179, in process_sync
    yield from iterable
  File "/usr/local/lib/python3.11/site-packages/scrapy/spidermiddlewares/base.py", line 60, in process_spider_output
    for o in result:
  File "/usr/local/lib/python3.11/site-packages/scrapy/core/spidermw.py", line 183, in process_sync
    self._process_spider_exception(
  File "/usr/local/lib/python3.11/site-packages/scrapy/core/spidermw.py", line 256, in _process_spider_exception
    raise exception
  File "/usr/local/lib/python3.11/site-packages/scrapy/core/spidermw.py", line 179, in process_sync
    yield from iterable
  File "/usr/local/lib/python3.11/site-packages/scrapy/spidermiddlewares/base.py", line 60, in process_spider_output
    for o in result:
  File "/usr/local/lib/python3.11/site-packages/scrapy/core/spidermw.py", line 183, in process_sync
    self._process_spider_exception(
  File "/usr/local/lib/python3.11/site-packages/scrapy/core/spidermw.py", line 256, in _process_spider_exception
    raise exception
  File "/usr/local/lib/python3.11/site-packages/scrapy/core/spidermw.py", line 179, in process_sync
    yield from iterable
  File "/usr/local/lib/python3.11/site-packages/scrapy/spidermiddlewares/base.py", line 60, in process_spider_output
    for o in result:
  File "/usr/local/lib/python3.11/site-packages/scrapy/core/spidermw.py", line 183, in process_sync
    self._process_spider_exception(
  File "/usr/local/lib/python3.11/site-packages/scrapy/core/spidermw.py", line 256, in _process_spider_exception
    raise exception
  File "/usr/local/lib/python3.11/site-packages/scrapy/core/spidermw.py", line 179, in process_sync
    yield from iterable
  File "/usr/local/lib/python3.11/site-packages/scrapy/spidermiddlewares/depth.py", line 61, in process_spider_output
    yield from super().process_spider_output(response, result)
  File "/usr/local/lib/python3.11/site-packages/scrapy/spidermiddlewares/base.py", line 60, in process_spider_output
    for o in result:
  File "/usr/local/lib/python3.11/site-packages/scrapy/core/spidermw.py", line 183, in process_sync
    self._process_spider_exception(
  File "/usr/local/lib/python3.11/site-packages/scrapy/core/spidermw.py", line 256, in _process_spider_exception
    raise exception
  File "/usr/local/lib/python3.11/site-packages/scrapy/core/spidermw.py", line 179, in process_sync
    yield from iterable
  File "/app/zero_eu/zero_scraper/spiders/events_spider.py", line 227, in parse_event_page
    item["uuid"] = hashlib.sha256(uuid_string.encode('utf-8')).hexdigest()[:16]
    ~~~~^^^^^^^^
  File "/usr/local/lib/python3.11/site-packages/scrapy/item.py", line 98, in __setitem__
    raise KeyError(f"{self.__class__.__name__} does not support field: {key}")
KeyError: 'EventItem does not support field: uuid'
[2026-01-30T14:25:23.281+0000] {docker.py:429} INFO - 2026-01-30 14:25:23 [scrapy.core.engine] DEBUG: Crawled (200) <GET https://zero.eu/it/eventi/356972-eleonora-danco-n-capace,roma/> (referer: https://zero.eu/api/v2/events?per_page=100&citta=13&_embed=true)
[2026-01-30T14:25:23.385+0000] {docker.py:429} INFO - 2026-01-30 14:25:23 [scrapy.core.scraper] ERROR: Spider error processing <GET https://zero.eu/it/eventi/356972-eleonora-danco-n-capace,roma/> (referer: https://zero.eu/api/v2/events?per_page=100&citta=13&_embed=true)
Traceback (most recent call last):
  File "/usr/local/lib/python3.11/site-packages/scrapy/utils/defer.py", line 355, in iter_errback
    yield next(it)
          ^^^^^^^^
  File "/usr/local/lib/python3.11/site-packages/scrapy/utils/python.py", line 311, in __next__
    return next(self.data)
           ^^^^^^^^^^^^^^^
  File "/usr/local/lib/python3.11/site-packages/scrapy/utils/python.py", line 311, in __next__
    return next(self.data)
           ^^^^^^^^^^^^^^^
  File "/usr/local/lib/python3.11/site-packages/scrapy/core/spidermw.py", line 183, in process_sync
    self._process_spider_exception(
  File "/usr/local/lib/python3.11/site-packages/scrapy/core/spidermw.py", line 256, in _process_spider_exception
    raise exception
  File "/usr/local/lib/python3.11/site-packages/scrapy/core/spidermw.py", line 179, in process_sync
    yield from iterable
  File "/usr/local/lib/python3.11/site-packages/scrapy/spidermiddlewares/base.py", line 60, in process_spider_output
    for o in result:
  File "/usr/local/lib/python3.11/site-packages/scrapy/core/spidermw.py", line 183, in process_sync
    self._process_spider_exception(
  File "/usr/local/lib/python3.11/site-packages/scrapy/core/spidermw.py", line 256, in _process_spider_exception
    raise exception
  File "/usr/local/lib/python3.11/site-packages/scrapy/core/spidermw.py", line 179, in process_sync
    yield from iterable
  File "/usr/local/lib/python3.11/site-packages/scrapy/spidermiddlewares/base.py", line 60, in process_spider_output
    for o in result:
  File "/usr/local/lib/python3.11/site-packages/scrapy/core/spidermw.py", line 183, in process_sync
    self._process_spider_exception(
  File "/usr/local/lib/python3.11/site-packages/scrapy/core/spidermw.py", line 256, in _process_spider_exception
    raise exception
  File "/usr/local/lib/python3.11/site-packages/scrapy/core/spidermw.py", line 179, in process_sync
    yield from iterable
  File "/usr/local/lib/python3.11/site-packages/scrapy/spidermiddlewares/base.py", line 60, in process_spider_output
    for o in result:
  File "/usr/local/lib/python3.11/site-packages/scrapy/core/spidermw.py", line 183, in process_sync
    self._process_spider_exception(
  File "/usr/local/lib/python3.11/site-packages/scrapy/core/spidermw.py", line 256, in _process_spider_exception
    raise exception
  File "/usr/local/lib/python3.11/site-packages/scrapy/core/spidermw.py", line 179, in process_sync
    yield from iterable
  File "/usr/local/lib/python3.11/site-packages/scrapy/spidermiddlewares/depth.py", line 61, in process_spider_output
    yield from super().process_spider_output(response, result)
  File "/usr/local/lib/python3.11/site-packages/scrapy/spidermiddlewares/base.py", line 60, in process_spider_output
    for o in result:
  File "/usr/local/lib/python3.11/site-packages/scrapy/core/spidermw.py", line 183, in process_sync
    self._process_spider_exception(
  File "/usr/local/lib/python3.11/site-packages/scrapy/core/spidermw.py", line 256, in _process_spider_exception
    raise exception
  File "/usr/local/lib/python3.11/site-packages/scrapy/core/spidermw.py", line 179, in process_sync
    yield from iterable
  File "/app/zero_eu/zero_scraper/spiders/events_spider.py", line 227, in parse_event_page
    item["uuid"] = hashlib.sha256(uuid_string.encode('utf-8')).hexdigest()[:16]
    ~~~~^^^^^^^^
  File "/usr/local/lib/python3.11/site-packages/scrapy/item.py", line 98, in __setitem__
    raise KeyError(f"{self.__class__.__name__} does not support field: {key}")
KeyError: 'EventItem does not support field: uuid'
[2026-01-30T14:25:25.235+0000] {docker.py:429} INFO - 2026-01-30 14:25:25 [scrapy.core.engine] DEBUG: Crawled (200) <GET https://zero.eu/it/eventi/356988-noemi-francesca-luna-57,roma/> (referer: https://zero.eu/api/v2/events?per_page=100&citta=13&_embed=true)
[2026-01-30T14:25:25.339+0000] {docker.py:429} INFO - 2026-01-30 14:25:25 [scrapy.core.scraper] ERROR: Spider error processing <GET https://zero.eu/it/eventi/356988-noemi-francesca-luna-57,roma/> (referer: https://zero.eu/api/v2/events?per_page=100&citta=13&_embed=true)
Traceback (most recent call last):
  File "/usr/local/lib/python3.11/site-packages/scrapy/utils/defer.py", line 355, in iter_errback
    yield next(it)
          ^^^^^^^^
  File "/usr/local/lib/python3.11/site-packages/scrapy/utils/python.py", line 311, in __next__
    return next(self.data)
           ^^^^^^^^^^^^^^^
  File "/usr/local/lib/python3.11/site-packages/scrapy/utils/python.py", line 311, in __next__
    return next(self.data)
           ^^^^^^^^^^^^^^^
  File "/usr/local/lib/python3.11/site-packages/scrapy/core/spidermw.py", line 183, in process_sync
    self._process_spider_exception(
  File "/usr/local/lib/python3.11/site-packages/scrapy/core/spidermw.py", line 256, in _process_spider_exception
    raise exception
  File "/usr/local/lib/python3.11/site-packages/scrapy/core/spidermw.py", line 179, in process_sync
    yield from iterable
  File "/usr/local/lib/python3.11/site-packages/scrapy/spidermiddlewares/base.py", line 60, in process_spider_output
    for o in result:
  File "/usr/local/lib/python3.11/site-packages/scrapy/core/spidermw.py", line 183, in process_sync
    self._process_spider_exception(
  File "/usr/local/lib/python3.11/site-packages/scrapy/core/spidermw.py", line 256, in _process_spider_exception
    raise exception
  File "/usr/local/lib/python3.11/site-packages/scrapy/core/spidermw.py", line 179, in process_sync
    yield from iterable
  File "/usr/local/lib/python3.11/site-packages/scrapy/spidermiddlewares/base.py", line 60, in process_spider_output
    for o in result:
  File "/usr/local/lib/python3.11/site-packages/scrapy/core/spidermw.py", line 183, in process_sync
    self._process_spider_exception(
  File "/usr/local/lib/python3.11/site-packages/scrapy/core/spidermw.py", line 256, in _process_spider_exception
    raise exception
  File "/usr/local/lib/python3.11/site-packages/scrapy/core/spidermw.py", line 179, in process_sync
    yield from iterable
  File "/usr/local/lib/python3.11/site-packages/scrapy/spidermiddlewares/base.py", line 60, in process_spider_output
    for o in result:
  File "/usr/local/lib/python3.11/site-packages/scrapy/core/spidermw.py", line 183, in process_sync
    self._process_spider_exception(
  File "/usr/local/lib/python3.11/site-packages/scrapy/core/spidermw.py", line 256, in _process_spider_exception
    raise exception
  File "/usr/local/lib/python3.11/site-packages/scrapy/core/spidermw.py", line 179, in process_sync
    yield from iterable
  File "/usr/local/lib/python3.11/site-packages/scrapy/spidermiddlewares/depth.py", line 61, in process_spider_output
    yield from super().process_spider_output(response, result)
  File "/usr/local/lib/python3.11/site-packages/scrapy/spidermiddlewares/base.py", line 60, in process_spider_output
    for o in result:
  File "/usr/local/lib/python3.11/site-packages/scrapy/core/spidermw.py", line 183, in process_sync
    self._process_spider_exception(
  File "/usr/local/lib/python3.11/site-packages/scrapy/core/spidermw.py", line 256, in _process_spider_exception
    raise exception
  File "/usr/local/lib/python3.11/site-packages/scrapy/core/spidermw.py", line 179, in process_sync
    yield from iterable
  File "/app/zero_eu/zero_scraper/spiders/events_spider.py", line 227, in parse_event_page
    item["uuid"] = hashlib.sha256(uuid_string.encode('utf-8')).hexdigest()[:16]
    ~~~~^^^^^^^^
  File "/usr/local/lib/python3.11/site-packages/scrapy/item.py", line 98, in __setitem__
    raise KeyError(f"{self.__class__.__name__} does not support field: {key}")
KeyError: 'EventItem does not support field: uuid'
[2026-01-30T14:25:26.772+0000] {docker.py:429} INFO - 2026-01-30 14:25:26 [scrapy.core.engine] DEBUG: Crawled (200) <GET https://zero.eu/it/eventi/356775-andrea-cosentino-trash-test-teatro-basilica,roma/> (referer: https://zero.eu/api/v2/events?per_page=100&citta=13&_embed=true)
[2026-01-30T14:25:26.876+0000] {docker.py:429} INFO - 2026-01-30 14:25:26 [scrapy.core.scraper] ERROR: Spider error processing <GET https://zero.eu/it/eventi/356775-andrea-cosentino-trash-test-teatro-basilica,roma/> (referer: https://zero.eu/api/v2/events?per_page=100&citta=13&_embed=true)
Traceback (most recent call last):
  File "/usr/local/lib/python3.11/site-packages/scrapy/utils/defer.py", line 355, in iter_errback
    yield next(it)
          ^^^^^^^^
  File "/usr/local/lib/python3.11/site-packages/scrapy/utils/python.py", line 311, in __next__
    return next(self.data)
           ^^^^^^^^^^^^^^^
  File "/usr/local/lib/python3.11/site-packages/scrapy/utils/python.py", line 311, in __next__
    return next(self.data)
           ^^^^^^^^^^^^^^^
  File "/usr/local/lib/python3.11/site-packages/scrapy/core/spidermw.py", line 183, in process_sync
    self._process_spider_exception(
  File "/usr/local/lib/python3.11/site-packages/scrapy/core/spidermw.py", line 256, in _process_spider_exception
    raise exception
  File "/usr/local/lib/python3.11/site-packages/scrapy/core/spidermw.py", line 179, in process_sync
    yield from iterable
  File "/usr/local/lib/python3.11/site-packages/scrapy/spidermiddlewares/base.py", line 60, in process_spider_output
    for o in result:
  File "/usr/local/lib/python3.11/site-packages/scrapy/core/spidermw.py", line 183, in process_sync
    self._process_spider_exception(
  File "/usr/local/lib/python3.11/site-packages/scrapy/core/spidermw.py", line 256, in _process_spider_exception
    raise exception
  File "/usr/local/lib/python3.11/site-packages/scrapy/core/spidermw.py", line 179, in process_sync
    yield from iterable
  File "/usr/local/lib/python3.11/site-packages/scrapy/spidermiddlewares/base.py", line 60, in process_spider_output
    for o in result:
  File "/usr/local/lib/python3.11/site-packages/scrapy/core/spidermw.py", line 183, in process_sync
    self._process_spider_exception(
  File "/usr/local/lib/python3.11/site-packages/scrapy/core/spidermw.py", line 256, in _process_spider_exception
    raise exception
  File "/usr/local/lib/python3.11/site-packages/scrapy/core/spidermw.py", line 179, in process_sync
    yield from iterable
  File "/usr/local/lib/python3.11/site-packages/scrapy/spidermiddlewares/base.py", line 60, in process_spider_output
    for o in result:
  File "/usr/local/lib/python3.11/site-packages/scrapy/core/spidermw.py", line 183, in process_sync
    self._process_spider_exception(
  File "/usr/local/lib/python3.11/site-packages/scrapy/core/spidermw.py", line 256, in _process_spider_exception
    raise exception
  File "/usr/local/lib/python3.11/site-packages/scrapy/core/spidermw.py", line 179, in process_sync
    yield from iterable
  File "/usr/local/lib/python3.11/site-packages/scrapy/spidermiddlewares/depth.py", line 61, in process_spider_output
    yield from super().process_spider_output(response, result)
  File "/usr/local/lib/python3.11/site-packages/scrapy/spidermiddlewares/base.py", line 60, in process_spider_output
    for o in result:
  File "/usr/local/lib/python3.11/site-packages/scrapy/core/spidermw.py", line 183, in process_sync
    self._process_spider_exception(
  File "/usr/local/lib/python3.11/site-packages/scrapy/core/spidermw.py", line 256, in _process_spider_exception
    raise exception
  File "/usr/local/lib/python3.11/site-packages/scrapy/core/spidermw.py", line 179, in process_sync
    yield from iterable
  File "/app/zero_eu/zero_scraper/spiders/events_spider.py", line 227, in parse_event_page
    item["uuid"] = hashlib.sha256(uuid_string.encode('utf-8')).hexdigest()[:16]
    ~~~~^^^^^^^^
  File "/usr/local/lib/python3.11/site-packages/scrapy/item.py", line 98, in __setitem__
    raise KeyError(f"{self.__class__.__name__} does not support field: {key}")
KeyError: 'EventItem does not support field: uuid'
[2026-01-30T14:25:27.739+0000] {docker.py:429} INFO - 2026-01-30 14:25:27 [scrapy.core.engine] DEBUG: Crawled (200) <GET https://zero.eu/it/eventi/356945-saverio-la-ruina-miracolo-a-crotone,roma/> (referer: https://zero.eu/api/v2/events?per_page=100&citta=13&_embed=true)
[2026-01-30T14:25:27.844+0000] {docker.py:429} INFO - 2026-01-30 14:25:27 [scrapy.core.scraper] ERROR: Spider error processing <GET https://zero.eu/it/eventi/356945-saverio-la-ruina-miracolo-a-crotone,roma/> (referer: https://zero.eu/api/v2/events?per_page=100&citta=13&_embed=true)
Traceback (most recent call last):
  File "/usr/local/lib/python3.11/site-packages/scrapy/utils/defer.py", line 355, in iter_errback
    yield next(it)
          ^^^^^^^^
  File "/usr/local/lib/python3.11/site-packages/scrapy/utils/python.py", line 311, in __next__
    return next(self.data)
           ^^^^^^^^^^^^^^^
  File "/usr/local/lib/python3.11/site-packages/scrapy/utils/python.py", line 311, in __next__
    return next(self.data)
           ^^^^^^^^^^^^^^^
  File "/usr/local/lib/python3.11/site-packages/scrapy/core/spidermw.py", line 183, in process_sync
    self._process_spider_exception(
  File "/usr/local/lib/python3.11/site-packages/scrapy/core/spidermw.py", line 256, in _process_spider_exception
    raise exception
  File "/usr/local/lib/python3.11/site-packages/scrapy/core/spidermw.py", line 179, in process_sync
    yield from iterable
  File "/usr/local/lib/python3.11/site-packages/scrapy/spidermiddlewares/base.py", line 60, in process_spider_output
    for o in result:
  File "/usr/local/lib/python3.11/site-packages/scrapy/core/spidermw.py", line 183, in process_sync
    self._process_spider_exception(
  File "/usr/local/lib/python3.11/site-packages/scrapy/core/spidermw.py", line 256, in _process_spider_exception
    raise exception
  File "/usr/local/lib/python3.11/site-packages/scrapy/core/spidermw.py", line 179, in process_sync
    yield from iterable
  File "/usr/local/lib/python3.11/site-packages/scrapy/spidermiddlewares/base.py", line 60, in process_spider_output
    for o in result:
  File "/usr/local/lib/python3.11/site-packages/scrapy/core/spidermw.py", line 183, in process_sync
    self._process_spider_exception(
  File "/usr/local/lib/python3.11/site-packages/scrapy/core/spidermw.py", line 256, in _process_spider_exception
    raise exception
  File "/usr/local/lib/python3.11/site-packages/scrapy/core/spidermw.py", line 179, in process_sync
    yield from iterable
  File "/usr/local/lib/python3.11/site-packages/scrapy/spidermiddlewares/base.py", line 60, in process_spider_output
    for o in result:
  File "/usr/local/lib/python3.11/site-packages/scrapy/core/spidermw.py", line 183, in process_sync
    self._process_spider_exception(
  File "/usr/local/lib/python3.11/site-packages/scrapy/core/spidermw.py", line 256, in _process_spider_exception
    raise exception
  File "/usr/local/lib/python3.11/site-packages/scrapy/core/spidermw.py", line 179, in process_sync
    yield from iterable
  File "/usr/local/lib/python3.11/site-packages/scrapy/spidermiddlewares/depth.py", line 61, in process_spider_output
    yield from super().process_spider_output(response, result)
  File "/usr/local/lib/python3.11/site-packages/scrapy/spidermiddlewares/base.py", line 60, in process_spider_output
    for o in result:
  File "/usr/local/lib/python3.11/site-packages/scrapy/core/spidermw.py", line 183, in process_sync
    self._process_spider_exception(
  File "/usr/local/lib/python3.11/site-packages/scrapy/core/spidermw.py", line 256, in _process_spider_exception
    raise exception
  File "/usr/local/lib/python3.11/site-packages/scrapy/core/spidermw.py", line 179, in process_sync
    yield from iterable
  File "/app/zero_eu/zero_scraper/spiders/events_spider.py", line 227, in parse_event_page
    item["uuid"] = hashlib.sha256(uuid_string.encode('utf-8')).hexdigest()[:16]
    ~~~~^^^^^^^^
  File "/usr/local/lib/python3.11/site-packages/scrapy/item.py", line 98, in __setitem__
    raise KeyError(f"{self.__class__.__name__} does not support field: {key}")
KeyError: 'EventItem does not support field: uuid'
[2026-01-30T14:25:28.745+0000] {docker.py:429} INFO - 2026-01-30 14:25:28 [scrapy.core.engine] DEBUG: Crawled (200) <GET https://zero.eu/it/eventi/357639-oltre-teatro-studio-melato,milano/> (referer: https://zero.eu/api/v2/events?per_page=100&citta=13&_embed=true)
[2026-01-30T14:25:28.853+0000] {docker.py:429} INFO - 2026-01-30 14:25:28 [scrapy.core.scraper] ERROR: Spider error processing <GET https://zero.eu/it/eventi/357639-oltre-teatro-studio-melato,milano/> (referer: https://zero.eu/api/v2/events?per_page=100&citta=13&_embed=true)
Traceback (most recent call last):
  File "/usr/local/lib/python3.11/site-packages/scrapy/utils/defer.py", line 355, in iter_errback
    yield next(it)
          ^^^^^^^^
  File "/usr/local/lib/python3.11/site-packages/scrapy/utils/python.py", line 311, in __next__
    return next(self.data)
           ^^^^^^^^^^^^^^^
  File "/usr/local/lib/python3.11/site-packages/scrapy/utils/python.py", line 311, in __next__
    return next(self.data)
           ^^^^^^^^^^^^^^^
  File "/usr/local/lib/python3.11/site-packages/scrapy/core/spidermw.py", line 183, in process_sync
    self._process_spider_exception(
  File "/usr/local/lib/python3.11/site-packages/scrapy/core/spidermw.py", line 256, in _process_spider_exception
    raise exception
  File "/usr/local/lib/python3.11/site-packages/scrapy/core/spidermw.py", line 179, in process_sync
    yield from iterable
  File "/usr/local/lib/python3.11/site-packages/scrapy/spidermiddlewares/base.py", line 60, in process_spider_output
    for o in result:
  File "/usr/local/lib/python3.11/site-packages/scrapy/core/spidermw.py", line 183, in process_sync
    self._process_spider_exception(
  File "/usr/local/lib/python3.11/site-packages/scrapy/core/spidermw.py", line 256, in _process_spider_exception
    raise exception
  File "/usr/local/lib/python3.11/site-packages/scrapy/core/spidermw.py", line 179, in process_sync
    yield from iterable
  File "/usr/local/lib/python3.11/site-packages/scrapy/spidermiddlewares/base.py", line 60, in process_spider_output
    for o in result:
  File "/usr/local/lib/python3.11/site-packages/scrapy/core/spidermw.py", line 183, in process_sync
    self._process_spider_exception(
  File "/usr/local/lib/python3.11/site-packages/scrapy/core/spidermw.py", line 256, in _process_spider_exception
    raise exception
  File "/usr/local/lib/python3.11/site-packages/scrapy/core/spidermw.py", line 179, in process_sync
    yield from iterable
  File "/usr/local/lib/python3.11/site-packages/scrapy/spidermiddlewares/base.py", line 60, in process_spider_output
    for o in result:
  File "/usr/local/lib/python3.11/site-packages/scrapy/core/spidermw.py", line 183, in process_sync
    self._process_spider_exception(
  File "/usr/local/lib/python3.11/site-packages/scrapy/core/spidermw.py", line 256, in _process_spider_exception
    raise exception
  File "/usr/local/lib/python3.11/site-packages/scrapy/core/spidermw.py", line 179, in process_sync
    yield from iterable
  File "/usr/local/lib/python3.11/site-packages/scrapy/spidermiddlewares/depth.py", line 61, in process_spider_output
    yield from super().process_spider_output(response, result)
  File "/usr/local/lib/python3.11/site-packages/scrapy/spidermiddlewares/base.py", line 60, in process_spider_output
    for o in result:
  File "/usr/local/lib/python3.11/site-packages/scrapy/core/spidermw.py", line 183, in process_sync
    self._process_spider_exception(
  File "/usr/local/lib/python3.11/site-packages/scrapy/core/spidermw.py", line 256, in _process_spider_exception
    raise exception
  File "/usr/local/lib/python3.11/site-packages/scrapy/core/spidermw.py", line 179, in process_sync
    yield from iterable
  File "/app/zero_eu/zero_scraper/spiders/events_spider.py", line 227, in parse_event_page
    item["uuid"] = hashlib.sha256(uuid_string.encode('utf-8')).hexdigest()[:16]
    ~~~~^^^^^^^^
  File "/usr/local/lib/python3.11/site-packages/scrapy/item.py", line 98, in __setitem__
    raise KeyError(f"{self.__class__.__name__} does not support field: {key}")
KeyError: 'EventItem does not support field: uuid'
[2026-01-30T14:25:29.703+0000] {docker.py:429} INFO - 2026-01-30 14:25:29 [scrapy.core.engine] DEBUG: Crawled (200) <GET https://zero.eu/it/eventi/325253-baronato-quattro-bellezze-week,roma/> (referer: https://zero.eu/api/v2/events?per_page=100&citta=13&_embed=true)
[2026-01-30T14:25:29.811+0000] {docker.py:429} INFO - 2026-01-30 14:25:29 [scrapy.core.scraper] ERROR: Spider error processing <GET https://zero.eu/it/eventi/325253-baronato-quattro-bellezze-week,roma/> (referer: https://zero.eu/api/v2/events?per_page=100&citta=13&_embed=true)
Traceback (most recent call last):
  File "/usr/local/lib/python3.11/site-packages/scrapy/utils/defer.py", line 355, in iter_errback
    yield next(it)
          ^^^^^^^^
  File "/usr/local/lib/python3.11/site-packages/scrapy/utils/python.py", line 311, in __next__
    return next(self.data)
           ^^^^^^^^^^^^^^^
  File "/usr/local/lib/python3.11/site-packages/scrapy/utils/python.py", line 311, in __next__
    return next(self.data)
           ^^^^^^^^^^^^^^^
  File "/usr/local/lib/python3.11/site-packages/scrapy/core/spidermw.py", line 183, in process_sync
    self._process_spider_exception(
  File "/usr/local/lib/python3.11/site-packages/scrapy/core/spidermw.py", line 256, in _process_spider_exception
    raise exception
  File "/usr/local/lib/python3.11/site-packages/scrapy/core/spidermw.py", line 179, in process_sync
    yield from iterable
  File "/usr/local/lib/python3.11/site-packages/scrapy/spidermiddlewares/base.py", line 60, in process_spider_output
    for o in result:
  File "/usr/local/lib/python3.11/site-packages/scrapy/core/spidermw.py", line 183, in process_sync
    self._process_spider_exception(
  File "/usr/local/lib/python3.11/site-packages/scrapy/core/spidermw.py", line 256, in _process_spider_exception
    raise exception
  File "/usr/local/lib/python3.11/site-packages/scrapy/core/spidermw.py", line 179, in process_sync
    yield from iterable
  File "/usr/local/lib/python3.11/site-packages/scrapy/spidermiddlewares/base.py", line 60, in process_spider_output
    for o in result:
  File "/usr/local/lib/python3.11/site-packages/scrapy/core/spidermw.py", line 183, in process_sync
    self._process_spider_exception(
  File "/usr/local/lib/python3.11/site-packages/scrapy/core/spidermw.py", line 256, in _process_spider_exception
    raise exception
  File "/usr/local/lib/python3.11/site-packages/scrapy/core/spidermw.py", line 179, in process_sync
    yield from iterable
  File "/usr/local/lib/python3.11/site-packages/scrapy/spidermiddlewares/base.py", line 60, in process_spider_output
    for o in result:
  File "/usr/local/lib/python3.11/site-packages/scrapy/core/spidermw.py", line 183, in process_sync
    self._process_spider_exception(
  File "/usr/local/lib/python3.11/site-packages/scrapy/core/spidermw.py", line 256, in _process_spider_exception
    raise exception
  File "/usr/local/lib/python3.11/site-packages/scrapy/core/spidermw.py", line 179, in process_sync
    yield from iterable
  File "/usr/local/lib/python3.11/site-packages/scrapy/spidermiddlewares/depth.py", line 61, in process_spider_output
    yield from super().process_spider_output(response, result)
  File "/usr/local/lib/python3.11/site-packages/scrapy/spidermiddlewares/base.py", line 60, in process_spider_output
    for o in result:
  File "/usr/local/lib/python3.11/site-packages/scrapy/core/spidermw.py", line 183, in process_sync
    self._process_spider_exception(
  File "/usr/local/lib/python3.11/site-packages/scrapy/core/spidermw.py", line 256, in _process_spider_exception
    raise exception
  File "/usr/local/lib/python3.11/site-packages/scrapy/core/spidermw.py", line 179, in process_sync
    yield from iterable
  File "/app/zero_eu/zero_scraper/spiders/events_spider.py", line 227, in parse_event_page
    item["uuid"] = hashlib.sha256(uuid_string.encode('utf-8')).hexdigest()[:16]
    ~~~~^^^^^^^^
  File "/usr/local/lib/python3.11/site-packages/scrapy/item.py", line 98, in __setitem__
    raise KeyError(f"{self.__class__.__name__} does not support field: {key}")
KeyError: 'EventItem does not support field: uuid'
[2026-01-30T14:25:30.936+0000] {docker.py:429} INFO - 2026-01-30 14:25:30 [scrapy.core.engine] DEBUG: Crawled (200) <GET https://zero.eu/it/eventi/356757-carrozzeria-orfeo-misurare-il-salto-delle-rane,roma/> (referer: https://zero.eu/api/v2/events?per_page=100&citta=13&_embed=true)
[2026-01-30T14:25:31.041+0000] {docker.py:429} INFO - 2026-01-30 14:25:31 [scrapy.core.scraper] ERROR: Spider error processing <GET https://zero.eu/it/eventi/356757-carrozzeria-orfeo-misurare-il-salto-delle-rane,roma/> (referer: https://zero.eu/api/v2/events?per_page=100&citta=13&_embed=true)
Traceback (most recent call last):
  File "/usr/local/lib/python3.11/site-packages/scrapy/utils/defer.py", line 355, in iter_errback
    yield next(it)
          ^^^^^^^^
  File "/usr/local/lib/python3.11/site-packages/scrapy/utils/python.py", line 311, in __next__
    return next(self.data)
           ^^^^^^^^^^^^^^^
  File "/usr/local/lib/python3.11/site-packages/scrapy/utils/python.py", line 311, in __next__
    return next(self.data)
           ^^^^^^^^^^^^^^^
  File "/usr/local/lib/python3.11/site-packages/scrapy/core/spidermw.py", line 183, in process_sync
    self._process_spider_exception(
  File "/usr/local/lib/python3.11/site-packages/scrapy/core/spidermw.py", line 256, in _process_spider_exception
    raise exception
  File "/usr/local/lib/python3.11/site-packages/scrapy/core/spidermw.py", line 179, in process_sync
    yield from iterable
  File "/usr/local/lib/python3.11/site-packages/scrapy/spidermiddlewares/base.py", line 60, in process_spider_output
    for o in result:
  File "/usr/local/lib/python3.11/site-packages/scrapy/core/spidermw.py", line 183, in process_sync
    self._process_spider_exception(
  File "/usr/local/lib/python3.11/site-packages/scrapy/core/spidermw.py", line 256, in _process_spider_exception
    raise exception
  File "/usr/local/lib/python3.11/site-packages/scrapy/core/spidermw.py", line 179, in process_sync
    yield from iterable
  File "/usr/local/lib/python3.11/site-packages/scrapy/spidermiddlewares/base.py", line 60, in process_spider_output
    for o in result:
  File "/usr/local/lib/python3.11/site-packages/scrapy/core/spidermw.py", line 183, in process_sync
    self._process_spider_exception(
  File "/usr/local/lib/python3.11/site-packages/scrapy/core/spidermw.py", line 256, in _process_spider_exception
    raise exception
  File "/usr/local/lib/python3.11/site-packages/scrapy/core/spidermw.py", line 179, in process_sync
    yield from iterable
  File "/usr/local/lib/python3.11/site-packages/scrapy/spidermiddlewares/base.py", line 60, in process_spider_output
    for o in result:
  File "/usr/local/lib/python3.11/site-packages/scrapy/core/spidermw.py", line 183, in process_sync
    self._process_spider_exception(
  File "/usr/local/lib/python3.11/site-packages/scrapy/core/spidermw.py", line 256, in _process_spider_exception
    raise exception
  File "/usr/local/lib/python3.11/site-packages/scrapy/core/spidermw.py", line 179, in process_sync
    yield from iterable
  File "/usr/local/lib/python3.11/site-packages/scrapy/spidermiddlewares/depth.py", line 61, in process_spider_output
    yield from super().process_spider_output(response, result)
  File "/usr/local/lib/python3.11/site-packages/scrapy/spidermiddlewares/base.py", line 60, in process_spider_output
    for o in result:
  File "/usr/local/lib/python3.11/site-packages/scrapy/core/spidermw.py", line 183, in process_sync
    self._process_spider_exception(
  File "/usr/local/lib/python3.11/site-packages/scrapy/core/spidermw.py", line 256, in _process_spider_exception
    raise exception
  File "/usr/local/lib/python3.11/site-packages/scrapy/core/spidermw.py", line 179, in process_sync
    yield from iterable
  File "/app/zero_eu/zero_scraper/spiders/events_spider.py", line 227, in parse_event_page
    item["uuid"] = hashlib.sha256(uuid_string.encode('utf-8')).hexdigest()[:16]
    ~~~~^^^^^^^^
  File "/usr/local/lib/python3.11/site-packages/scrapy/item.py", line 98, in __setitem__
    raise KeyError(f"{self.__class__.__name__} does not support field: {key}")
KeyError: 'EventItem does not support field: uuid'
[2026-01-30T14:25:32.201+0000] {docker.py:429} INFO - 2026-01-30 14:25:32 [scrapy.core.engine] DEBUG: Crawled (200) <GET https://zero.eu/it/eventi/357022-compagnia-licia-lanera-con-la-carabina-ottobre-2023-spazio-diamante-2026,roma/> (referer: https://zero.eu/api/v2/events?per_page=100&citta=13&_embed=true)
[2026-01-30T14:25:32.307+0000] {docker.py:429} INFO - 2026-01-30 14:25:32 [scrapy.core.scraper] ERROR: Spider error processing <GET https://zero.eu/it/eventi/357022-compagnia-licia-lanera-con-la-carabina-ottobre-2023-spazio-diamante-2026,roma/> (referer: https://zero.eu/api/v2/events?per_page=100&citta=13&_embed=true)
Traceback (most recent call last):
  File "/usr/local/lib/python3.11/site-packages/scrapy/utils/defer.py", line 355, in iter_errback
    yield next(it)
          ^^^^^^^^
  File "/usr/local/lib/python3.11/site-packages/scrapy/utils/python.py", line 311, in __next__
    return next(self.data)
           ^^^^^^^^^^^^^^^
  File "/usr/local/lib/python3.11/site-packages/scrapy/utils/python.py", line 311, in __next__
    return next(self.data)
           ^^^^^^^^^^^^^^^
  File "/usr/local/lib/python3.11/site-packages/scrapy/core/spidermw.py", line 183, in process_sync
    self._process_spider_exception(
  File "/usr/local/lib/python3.11/site-packages/scrapy/core/spidermw.py", line 256, in _process_spider_exception
    raise exception
  File "/usr/local/lib/python3.11/site-packages/scrapy/core/spidermw.py", line 179, in process_sync
    yield from iterable
  File "/usr/local/lib/python3.11/site-packages/scrapy/spidermiddlewares/base.py", line 60, in process_spider_output
    for o in result:
  File "/usr/local/lib/python3.11/site-packages/scrapy/core/spidermw.py", line 183, in process_sync
    self._process_spider_exception(
  File "/usr/local/lib/python3.11/site-packages/scrapy/core/spidermw.py", line 256, in _process_spider_exception
    raise exception
  File "/usr/local/lib/python3.11/site-packages/scrapy/core/spidermw.py", line 179, in process_sync
    yield from iterable
  File "/usr/local/lib/python3.11/site-packages/scrapy/spidermiddlewares/base.py", line 60, in process_spider_output
    for o in result:
  File "/usr/local/lib/python3.11/site-packages/scrapy/core/spidermw.py", line 183, in process_sync
    self._process_spider_exception(
  File "/usr/local/lib/python3.11/site-packages/scrapy/core/spidermw.py", line 256, in _process_spider_exception
    raise exception
  File "/usr/local/lib/python3.11/site-packages/scrapy/core/spidermw.py", line 179, in process_sync
    yield from iterable
  File "/usr/local/lib/python3.11/site-packages/scrapy/spidermiddlewares/base.py", line 60, in process_spider_output
    for o in result:
  File "/usr/local/lib/python3.11/site-packages/scrapy/core/spidermw.py", line 183, in process_sync
    self._process_spider_exception(
  File "/usr/local/lib/python3.11/site-packages/scrapy/core/spidermw.py", line 256, in _process_spider_exception
    raise exception
  File "/usr/local/lib/python3.11/site-packages/scrapy/core/spidermw.py", line 179, in process_sync
    yield from iterable
  File "/usr/local/lib/python3.11/site-packages/scrapy/spidermiddlewares/depth.py", line 61, in process_spider_output
    yield from super().process_spider_output(response, result)
  File "/usr/local/lib/python3.11/site-packages/scrapy/spidermiddlewares/base.py", line 60, in process_spider_output
    for o in result:
  File "/usr/local/lib/python3.11/site-packages/scrapy/core/spidermw.py", line 183, in process_sync
    self._process_spider_exception(
  File "/usr/local/lib/python3.11/site-packages/scrapy/core/spidermw.py", line 256, in _process_spider_exception
    raise exception
  File "/usr/local/lib/python3.11/site-packages/scrapy/core/spidermw.py", line 179, in process_sync
    yield from iterable
  File "/app/zero_eu/zero_scraper/spiders/events_spider.py", line 227, in parse_event_page
    item["uuid"] = hashlib.sha256(uuid_string.encode('utf-8')).hexdigest()[:16]
    ~~~~^^^^^^^^
  File "/usr/local/lib/python3.11/site-packages/scrapy/item.py", line 98, in __setitem__
    raise KeyError(f"{self.__class__.__name__} does not support field: {key}")
KeyError: 'EventItem does not support field: uuid'
[2026-01-30T14:25:33.304+0000] {docker.py:429} INFO - 2026-01-30 14:25:33 [scrapy.core.engine] DEBUG: Crawled (200) <GET https://zero.eu/it/eventi/359287-er-box-week,roma/> (referer: https://zero.eu/api/v2/events?per_page=100&citta=13&_embed=true)
[2026-01-30T14:25:33.410+0000] {docker.py:429} INFO - 2026-01-30 14:25:33 [scrapy.core.scraper] ERROR: Spider error processing <GET https://zero.eu/it/eventi/359287-er-box-week,roma/> (referer: https://zero.eu/api/v2/events?per_page=100&citta=13&_embed=true)
Traceback (most recent call last):
  File "/usr/local/lib/python3.11/site-packages/scrapy/utils/defer.py", line 355, in iter_errback
    yield next(it)
          ^^^^^^^^
  File "/usr/local/lib/python3.11/site-packages/scrapy/utils/python.py", line 311, in __next__
    return next(self.data)
           ^^^^^^^^^^^^^^^
  File "/usr/local/lib/python3.11/site-packages/scrapy/utils/python.py", line 311, in __next__
    return next(self.data)
           ^^^^^^^^^^^^^^^
  File "/usr/local/lib/python3.11/site-packages/scrapy/core/spidermw.py", line 183, in process_sync
    self._process_spider_exception(
  File "/usr/local/lib/python3.11/site-packages/scrapy/core/spidermw.py", line 256, in _process_spider_exception
    raise exception
  File "/usr/local/lib/python3.11/site-packages/scrapy/core/spidermw.py", line 179, in process_sync
    yield from iterable
  File "/usr/local/lib/python3.11/site-packages/scrapy/spidermiddlewares/base.py", line 60, in process_spider_output
    for o in result:
  File "/usr/local/lib/python3.11/site-packages/scrapy/core/spidermw.py", line 183, in process_sync
    self._process_spider_exception(
  File "/usr/local/lib/python3.11/site-packages/scrapy/core/spidermw.py", line 256, in _process_spider_exception
    raise exception
  File "/usr/local/lib/python3.11/site-packages/scrapy/core/spidermw.py", line 179, in process_sync
    yield from iterable
  File "/usr/local/lib/python3.11/site-packages/scrapy/spidermiddlewares/base.py", line 60, in process_spider_output
    for o in result:
  File "/usr/local/lib/python3.11/site-packages/scrapy/core/spidermw.py", line 183, in process_sync
    self._process_spider_exception(
  File "/usr/local/lib/python3.11/site-packages/scrapy/core/spidermw.py", line 256, in _process_spider_exception
    raise exception
  File "/usr/local/lib/python3.11/site-packages/scrapy/core/spidermw.py", line 179, in process_sync
    yield from iterable
  File "/usr/local/lib/python3.11/site-packages/scrapy/spidermiddlewares/base.py", line 60, in process_spider_output
    for o in result:
  File "/usr/local/lib/python3.11/site-packages/scrapy/core/spidermw.py", line 183, in process_sync
    self._process_spider_exception(
  File "/usr/local/lib/python3.11/site-packages/scrapy/core/spidermw.py", line 256, in _process_spider_exception
    raise exception
  File "/usr/local/lib/python3.11/site-packages/scrapy/core/spidermw.py", line 179, in process_sync
    yield from iterable
  File "/usr/local/lib/python3.11/site-packages/scrapy/spidermiddlewares/depth.py", line 61, in process_spider_output
    yield from super().process_spider_output(response, result)
  File "/usr/local/lib/python3.11/site-packages/scrapy/spidermiddlewares/base.py", line 60, in process_spider_output
    for o in result:
  File "/usr/local/lib/python3.11/site-packages/scrapy/core/spidermw.py", line 183, in process_sync
    self._process_spider_exception(
  File "/usr/local/lib/python3.11/site-packages/scrapy/core/spidermw.py", line 256, in _process_spider_exception
    raise exception
  File "/usr/local/lib/python3.11/site-packages/scrapy/core/spidermw.py", line 179, in process_sync
    yield from iterable
  File "/app/zero_eu/zero_scraper/spiders/events_spider.py", line 227, in parse_event_page
    item["uuid"] = hashlib.sha256(uuid_string.encode('utf-8')).hexdigest()[:16]
    ~~~~^^^^^^^^
  File "/usr/local/lib/python3.11/site-packages/scrapy/item.py", line 98, in __setitem__
    raise KeyError(f"{self.__class__.__name__} does not support field: {key}")
KeyError: 'EventItem does not support field: uuid'
[2026-01-30T14:25:34.410+0000] {docker.py:429} INFO - 2026-01-30 14:25:34 [scrapy.core.engine] DEBUG: Crawled (200) <GET https://zero.eu/it/eventi/347268-rhizome-week,roma/> (referer: https://zero.eu/api/v2/events?per_page=100&citta=13&_embed=true)
[2026-01-30T14:25:34.515+0000] {docker.py:429} INFO - 2026-01-30 14:25:34 [scrapy.core.scraper] ERROR: Spider error processing <GET https://zero.eu/it/eventi/347268-rhizome-week,roma/> (referer: https://zero.eu/api/v2/events?per_page=100&citta=13&_embed=true)
Traceback (most recent call last):
  File "/usr/local/lib/python3.11/site-packages/scrapy/utils/defer.py", line 355, in iter_errback
    yield next(it)
          ^^^^^^^^
  File "/usr/local/lib/python3.11/site-packages/scrapy/utils/python.py", line 311, in __next__
    return next(self.data)
           ^^^^^^^^^^^^^^^
  File "/usr/local/lib/python3.11/site-packages/scrapy/utils/python.py", line 311, in __next__
    return next(self.data)
           ^^^^^^^^^^^^^^^
  File "/usr/local/lib/python3.11/site-packages/scrapy/core/spidermw.py", line 183, in process_sync
    self._process_spider_exception(
  File "/usr/local/lib/python3.11/site-packages/scrapy/core/spidermw.py", line 256, in _process_spider_exception
    raise exception
  File "/usr/local/lib/python3.11/site-packages/scrapy/core/spidermw.py", line 179, in process_sync
    yield from iterable
  File "/usr/local/lib/python3.11/site-packages/scrapy/spidermiddlewares/base.py", line 60, in process_spider_output
    for o in result:
  File "/usr/local/lib/python3.11/site-packages/scrapy/core/spidermw.py", line 183, in process_sync
    self._process_spider_exception(
  File "/usr/local/lib/python3.11/site-packages/scrapy/core/spidermw.py", line 256, in _process_spider_exception
    raise exception
  File "/usr/local/lib/python3.11/site-packages/scrapy/core/spidermw.py", line 179, in process_sync
    yield from iterable
  File "/usr/local/lib/python3.11/site-packages/scrapy/spidermiddlewares/base.py", line 60, in process_spider_output
    for o in result:
  File "/usr/local/lib/python3.11/site-packages/scrapy/core/spidermw.py", line 183, in process_sync
    self._process_spider_exception(
  File "/usr/local/lib/python3.11/site-packages/scrapy/core/spidermw.py", line 256, in _process_spider_exception
    raise exception
  File "/usr/local/lib/python3.11/site-packages/scrapy/core/spidermw.py", line 179, in process_sync
    yield from iterable
  File "/usr/local/lib/python3.11/site-packages/scrapy/spidermiddlewares/base.py", line 60, in process_spider_output
    for o in result:
  File "/usr/local/lib/python3.11/site-packages/scrapy/core/spidermw.py", line 183, in process_sync
    self._process_spider_exception(
  File "/usr/local/lib/python3.11/site-packages/scrapy/core/spidermw.py", line 256, in _process_spider_exception
    raise exception
  File "/usr/local/lib/python3.11/site-packages/scrapy/core/spidermw.py", line 179, in process_sync
    yield from iterable
  File "/usr/local/lib/python3.11/site-packages/scrapy/spidermiddlewares/depth.py", line 61, in process_spider_output
    yield from super().process_spider_output(response, result)
  File "/usr/local/lib/python3.11/site-packages/scrapy/spidermiddlewares/base.py", line 60, in process_spider_output
    for o in result:
  File "/usr/local/lib/python3.11/site-packages/scrapy/core/spidermw.py", line 183, in process_sync
    self._process_spider_exception(
  File "/usr/local/lib/python3.11/site-packages/scrapy/core/spidermw.py", line 256, in _process_spider_exception
    raise exception
  File "/usr/local/lib/python3.11/site-packages/scrapy/core/spidermw.py", line 179, in process_sync
    yield from iterable
  File "/app/zero_eu/zero_scraper/spiders/events_spider.py", line 227, in parse_event_page
    item["uuid"] = hashlib.sha256(uuid_string.encode('utf-8')).hexdigest()[:16]
    ~~~~^^^^^^^^
  File "/usr/local/lib/python3.11/site-packages/scrapy/item.py", line 98, in __setitem__
    raise KeyError(f"{self.__class__.__name__} does not support field: {key}")
KeyError: 'EventItem does not support field: uuid'
[2026-01-30T14:25:35.503+0000] {docker.py:429} INFO - 2026-01-30 14:25:35 [scrapy.core.engine] DEBUG: Crawled (200) <GET https://zero.eu/it/eventi/356966-life-is-life-espisodio-3,roma/> (referer: https://zero.eu/api/v2/events?per_page=100&citta=13&_embed=true)
[2026-01-30T14:25:35.609+0000] {docker.py:429} INFO - 2026-01-30 14:25:35 [scrapy.core.scraper] ERROR: Spider error processing <GET https://zero.eu/it/eventi/356966-life-is-life-espisodio-3,roma/> (referer: https://zero.eu/api/v2/events?per_page=100&citta=13&_embed=true)
Traceback (most recent call last):
  File "/usr/local/lib/python3.11/site-packages/scrapy/utils/defer.py", line 355, in iter_errback
    yield next(it)
          ^^^^^^^^
  File "/usr/local/lib/python3.11/site-packages/scrapy/utils/python.py", line 311, in __next__
    return next(self.data)
           ^^^^^^^^^^^^^^^
  File "/usr/local/lib/python3.11/site-packages/scrapy/utils/python.py", line 311, in __next__
    return next(self.data)
           ^^^^^^^^^^^^^^^
  File "/usr/local/lib/python3.11/site-packages/scrapy/core/spidermw.py", line 183, in process_sync
    self._process_spider_exception(
  File "/usr/local/lib/python3.11/site-packages/scrapy/core/spidermw.py", line 256, in _process_spider_exception
    raise exception
  File "/usr/local/lib/python3.11/site-packages/scrapy/core/spidermw.py", line 179, in process_sync
    yield from iterable
  File "/usr/local/lib/python3.11/site-packages/scrapy/spidermiddlewares/base.py", line 60, in process_spider_output
    for o in result:
  File "/usr/local/lib/python3.11/site-packages/scrapy/core/spidermw.py", line 183, in process_sync
    self._process_spider_exception(
  File "/usr/local/lib/python3.11/site-packages/scrapy/core/spidermw.py", line 256, in _process_spider_exception
    raise exception
  File "/usr/local/lib/python3.11/site-packages/scrapy/core/spidermw.py", line 179, in process_sync
    yield from iterable
  File "/usr/local/lib/python3.11/site-packages/scrapy/spidermiddlewares/base.py", line 60, in process_spider_output
    for o in result:
  File "/usr/local/lib/python3.11/site-packages/scrapy/core/spidermw.py", line 183, in process_sync
    self._process_spider_exception(
  File "/usr/local/lib/python3.11/site-packages/scrapy/core/spidermw.py", line 256, in _process_spider_exception
    raise exception
  File "/usr/local/lib/python3.11/site-packages/scrapy/core/spidermw.py", line 179, in process_sync
    yield from iterable
  File "/usr/local/lib/python3.11/site-packages/scrapy/spidermiddlewares/base.py", line 60, in process_spider_output
    for o in result:
  File "/usr/local/lib/python3.11/site-packages/scrapy/core/spidermw.py", line 183, in process_sync
    self._process_spider_exception(
  File "/usr/local/lib/python3.11/site-packages/scrapy/core/spidermw.py", line 256, in _process_spider_exception
    raise exception
  File "/usr/local/lib/python3.11/site-packages/scrapy/core/spidermw.py", line 179, in process_sync
    yield from iterable
  File "/usr/local/lib/python3.11/site-packages/scrapy/spidermiddlewares/depth.py", line 61, in process_spider_output
    yield from super().process_spider_output(response, result)
  File "/usr/local/lib/python3.11/site-packages/scrapy/spidermiddlewares/base.py", line 60, in process_spider_output
    for o in result:
  File "/usr/local/lib/python3.11/site-packages/scrapy/core/spidermw.py", line 183, in process_sync
    self._process_spider_exception(
  File "/usr/local/lib/python3.11/site-packages/scrapy/core/spidermw.py", line 256, in _process_spider_exception
    raise exception
  File "/usr/local/lib/python3.11/site-packages/scrapy/core/spidermw.py", line 179, in process_sync
    yield from iterable
  File "/app/zero_eu/zero_scraper/spiders/events_spider.py", line 227, in parse_event_page
    item["uuid"] = hashlib.sha256(uuid_string.encode('utf-8')).hexdigest()[:16]
    ~~~~^^^^^^^^
  File "/usr/local/lib/python3.11/site-packages/scrapy/item.py", line 98, in __setitem__
    raise KeyError(f"{self.__class__.__name__} does not support field: {key}")
KeyError: 'EventItem does not support field: uuid'
[2026-01-30T14:25:37.031+0000] {docker.py:429} INFO - 2026-01-30 14:25:37 [scrapy.core.engine] DEBUG: Crawled (200) <GET https://zero.eu/it/eventi/356983-migliore-2026,roma/> (referer: https://zero.eu/api/v2/events?per_page=100&citta=13&_embed=true)
[2026-01-30T14:25:37.137+0000] {docker.py:429} INFO - 2026-01-30 14:25:37 [scrapy.core.scraper] ERROR: Spider error processing <GET https://zero.eu/it/eventi/356983-migliore-2026,roma/> (referer: https://zero.eu/api/v2/events?per_page=100&citta=13&_embed=true)
Traceback (most recent call last):
  File "/usr/local/lib/python3.11/site-packages/scrapy/utils/defer.py", line 355, in iter_errback
    yield next(it)
          ^^^^^^^^
  File "/usr/local/lib/python3.11/site-packages/scrapy/utils/python.py", line 311, in __next__
    return next(self.data)
           ^^^^^^^^^^^^^^^
  File "/usr/local/lib/python3.11/site-packages/scrapy/utils/python.py", line 311, in __next__
    return next(self.data)
           ^^^^^^^^^^^^^^^
  File "/usr/local/lib/python3.11/site-packages/scrapy/core/spidermw.py", line 183, in process_sync
    self._process_spider_exception(
  File "/usr/local/lib/python3.11/site-packages/scrapy/core/spidermw.py", line 256, in _process_spider_exception
    raise exception
  File "/usr/local/lib/python3.11/site-packages/scrapy/core/spidermw.py", line 179, in process_sync
    yield from iterable
  File "/usr/local/lib/python3.11/site-packages/scrapy/spidermiddlewares/base.py", line 60, in process_spider_output
    for o in result:
  File "/usr/local/lib/python3.11/site-packages/scrapy/core/spidermw.py", line 183, in process_sync
    self._process_spider_exception(
  File "/usr/local/lib/python3.11/site-packages/scrapy/core/spidermw.py", line 256, in _process_spider_exception
    raise exception
  File "/usr/local/lib/python3.11/site-packages/scrapy/core/spidermw.py", line 179, in process_sync
    yield from iterable
  File "/usr/local/lib/python3.11/site-packages/scrapy/spidermiddlewares/base.py", line 60, in process_spider_output
    for o in result:
  File "/usr/local/lib/python3.11/site-packages/scrapy/core/spidermw.py", line 183, in process_sync
    self._process_spider_exception(
  File "/usr/local/lib/python3.11/site-packages/scrapy/core/spidermw.py", line 256, in _process_spider_exception
    raise exception
  File "/usr/local/lib/python3.11/site-packages/scrapy/core/spidermw.py", line 179, in process_sync
    yield from iterable
  File "/usr/local/lib/python3.11/site-packages/scrapy/spidermiddlewares/base.py", line 60, in process_spider_output
    for o in result:
  File "/usr/local/lib/python3.11/site-packages/scrapy/core/spidermw.py", line 183, in process_sync
    self._process_spider_exception(
  File "/usr/local/lib/python3.11/site-packages/scrapy/core/spidermw.py", line 256, in _process_spider_exception
    raise exception
  File "/usr/local/lib/python3.11/site-packages/scrapy/core/spidermw.py", line 179, in process_sync
    yield from iterable
  File "/usr/local/lib/python3.11/site-packages/scrapy/spidermiddlewares/depth.py", line 61, in process_spider_output
    yield from super().process_spider_output(response, result)
  File "/usr/local/lib/python3.11/site-packages/scrapy/spidermiddlewares/base.py", line 60, in process_spider_output
    for o in result:
  File "/usr/local/lib/python3.11/site-packages/scrapy/core/spidermw.py", line 183, in process_sync
    self._process_spider_exception(
  File "/usr/local/lib/python3.11/site-packages/scrapy/core/spidermw.py", line 256, in _process_spider_exception
    raise exception
  File "/usr/local/lib/python3.11/site-packages/scrapy/core/spidermw.py", line 179, in process_sync
    yield from iterable
  File "/app/zero_eu/zero_scraper/spiders/events_spider.py", line 227, in parse_event_page
    item["uuid"] = hashlib.sha256(uuid_string.encode('utf-8')).hexdigest()[:16]
    ~~~~^^^^^^^^
  File "/usr/local/lib/python3.11/site-packages/scrapy/item.py", line 98, in __setitem__
    raise KeyError(f"{self.__class__.__name__} does not support field: {key}")
KeyError: 'EventItem does not support field: uuid'
[2026-01-30T14:25:39.551+0000] {docker.py:429} INFO - 2026-01-30 14:25:39 [scrapy.core.engine] DEBUG: Crawled (200) <GET https://zero.eu/it/eventi/358294-niccolo-fettarappa-orgasmo,bologna/> (referer: https://zero.eu/api/v2/events?per_page=100&citta=13&_embed=true)
[2026-01-30T14:25:39.657+0000] {docker.py:429} INFO - 2026-01-30 14:25:39 [scrapy.core.scraper] ERROR: Spider error processing <GET https://zero.eu/it/eventi/358294-niccolo-fettarappa-orgasmo,bologna/> (referer: https://zero.eu/api/v2/events?per_page=100&citta=13&_embed=true)
Traceback (most recent call last):
  File "/usr/local/lib/python3.11/site-packages/scrapy/utils/defer.py", line 355, in iter_errback
    yield next(it)
          ^^^^^^^^
  File "/usr/local/lib/python3.11/site-packages/scrapy/utils/python.py", line 311, in __next__
    return next(self.data)
           ^^^^^^^^^^^^^^^
  File "/usr/local/lib/python3.11/site-packages/scrapy/utils/python.py", line 311, in __next__
    return next(self.data)
           ^^^^^^^^^^^^^^^
  File "/usr/local/lib/python3.11/site-packages/scrapy/core/spidermw.py", line 183, in process_sync
    self._process_spider_exception(
  File "/usr/local/lib/python3.11/site-packages/scrapy/core/spidermw.py", line 256, in _process_spider_exception
    raise exception
  File "/usr/local/lib/python3.11/site-packages/scrapy/core/spidermw.py", line 179, in process_sync
    yield from iterable
  File "/usr/local/lib/python3.11/site-packages/scrapy/spidermiddlewares/base.py", line 60, in process_spider_output
    for o in result:
  File "/usr/local/lib/python3.11/site-packages/scrapy/core/spidermw.py", line 183, in process_sync
    self._process_spider_exception(
  File "/usr/local/lib/python3.11/site-packages/scrapy/core/spidermw.py", line 256, in _process_spider_exception
    raise exception
  File "/usr/local/lib/python3.11/site-packages/scrapy/core/spidermw.py", line 179, in process_sync
    yield from iterable
  File "/usr/local/lib/python3.11/site-packages/scrapy/spidermiddlewares/base.py", line 60, in process_spider_output
    for o in result:
  File "/usr/local/lib/python3.11/site-packages/scrapy/core/spidermw.py", line 183, in process_sync
    self._process_spider_exception(
  File "/usr/local/lib/python3.11/site-packages/scrapy/core/spidermw.py", line 256, in _process_spider_exception
    raise exception
  File "/usr/local/lib/python3.11/site-packages/scrapy/core/spidermw.py", line 179, in process_sync
    yield from iterable
  File "/usr/local/lib/python3.11/site-packages/scrapy/spidermiddlewares/base.py", line 60, in process_spider_output
    for o in result:
  File "/usr/local/lib/python3.11/site-packages/scrapy/core/spidermw.py", line 183, in process_sync
    self._process_spider_exception(
  File "/usr/local/lib/python3.11/site-packages/scrapy/core/spidermw.py", line 256, in _process_spider_exception
    raise exception
  File "/usr/local/lib/python3.11/site-packages/scrapy/core/spidermw.py", line 179, in process_sync
    yield from iterable
  File "/usr/local/lib/python3.11/site-packages/scrapy/spidermiddlewares/depth.py", line 61, in process_spider_output
    yield from super().process_spider_output(response, result)
  File "/usr/local/lib/python3.11/site-packages/scrapy/spidermiddlewares/base.py", line 60, in process_spider_output
    for o in result:
  File "/usr/local/lib/python3.11/site-packages/scrapy/core/spidermw.py", line 183, in process_sync
    self._process_spider_exception(
  File "/usr/local/lib/python3.11/site-packages/scrapy/core/spidermw.py", line 256, in _process_spider_exception
    raise exception
  File "/usr/local/lib/python3.11/site-packages/scrapy/core/spidermw.py", line 179, in process_sync
    yield from iterable
  File "/app/zero_eu/zero_scraper/spiders/events_spider.py", line 227, in parse_event_page
    item["uuid"] = hashlib.sha256(uuid_string.encode('utf-8')).hexdigest()[:16]
    ~~~~^^^^^^^^
  File "/usr/local/lib/python3.11/site-packages/scrapy/item.py", line 98, in __setitem__
    raise KeyError(f"{self.__class__.__name__} does not support field: {key}")
KeyError: 'EventItem does not support field: uuid'
[2026-01-30T14:25:40.756+0000] {docker.py:429} INFO - 2026-01-30 14:25:40 [scrapy.core.engine] DEBUG: Crawled (200) <GET https://zero.eu/it/eventi/50502-cineclub-alphaville-la-programmazione,roma/> (referer: https://zero.eu/api/v2/events?per_page=100&citta=13&_embed=true)
[2026-01-30T14:25:40.863+0000] {docker.py:429} INFO - 2026-01-30 14:25:40 [scrapy.core.scraper] ERROR: Spider error processing <GET https://zero.eu/it/eventi/50502-cineclub-alphaville-la-programmazione,roma/> (referer: https://zero.eu/api/v2/events?per_page=100&citta=13&_embed=true)
Traceback (most recent call last):
  File "/usr/local/lib/python3.11/site-packages/scrapy/utils/defer.py", line 355, in iter_errback
    yield next(it)
          ^^^^^^^^
  File "/usr/local/lib/python3.11/site-packages/scrapy/utils/python.py", line 311, in __next__
    return next(self.data)
           ^^^^^^^^^^^^^^^
  File "/usr/local/lib/python3.11/site-packages/scrapy/utils/python.py", line 311, in __next__
    return next(self.data)
           ^^^^^^^^^^^^^^^
  File "/usr/local/lib/python3.11/site-packages/scrapy/core/spidermw.py", line 183, in process_sync
    self._process_spider_exception(
  File "/usr/local/lib/python3.11/site-packages/scrapy/core/spidermw.py", line 256, in _process_spider_exception
    raise exception
  File "/usr/local/lib/python3.11/site-packages/scrapy/core/spidermw.py", line 179, in process_sync
    yield from iterable
  File "/usr/local/lib/python3.11/site-packages/scrapy/spidermiddlewares/base.py", line 60, in process_spider_output
    for o in result:
  File "/usr/local/lib/python3.11/site-packages/scrapy/core/spidermw.py", line 183, in process_sync
    self._process_spider_exception(
  File "/usr/local/lib/python3.11/site-packages/scrapy/core/spidermw.py", line 256, in _process_spider_exception
    raise exception
  File "/usr/local/lib/python3.11/site-packages/scrapy/core/spidermw.py", line 179, in process_sync
    yield from iterable
  File "/usr/local/lib/python3.11/site-packages/scrapy/spidermiddlewares/base.py", line 60, in process_spider_output
    for o in result:
  File "/usr/local/lib/python3.11/site-packages/scrapy/core/spidermw.py", line 183, in process_sync
    self._process_spider_exception(
  File "/usr/local/lib/python3.11/site-packages/scrapy/core/spidermw.py", line 256, in _process_spider_exception
    raise exception
  File "/usr/local/lib/python3.11/site-packages/scrapy/core/spidermw.py", line 179, in process_sync
    yield from iterable
  File "/usr/local/lib/python3.11/site-packages/scrapy/spidermiddlewares/base.py", line 60, in process_spider_output
    for o in result:
  File "/usr/local/lib/python3.11/site-packages/scrapy/core/spidermw.py", line 183, in process_sync
    self._process_spider_exception(
  File "/usr/local/lib/python3.11/site-packages/scrapy/core/spidermw.py", line 256, in _process_spider_exception
    raise exception
  File "/usr/local/lib/python3.11/site-packages/scrapy/core/spidermw.py", line 179, in process_sync
    yield from iterable
  File "/usr/local/lib/python3.11/site-packages/scrapy/spidermiddlewares/depth.py", line 61, in process_spider_output
    yield from super().process_spider_output(response, result)
  File "/usr/local/lib/python3.11/site-packages/scrapy/spidermiddlewares/base.py", line 60, in process_spider_output
    for o in result:
  File "/usr/local/lib/python3.11/site-packages/scrapy/core/spidermw.py", line 183, in process_sync
    self._process_spider_exception(
  File "/usr/local/lib/python3.11/site-packages/scrapy/core/spidermw.py", line 256, in _process_spider_exception
    raise exception
  File "/usr/local/lib/python3.11/site-packages/scrapy/core/spidermw.py", line 179, in process_sync
    yield from iterable
  File "/app/zero_eu/zero_scraper/spiders/events_spider.py", line 227, in parse_event_page
    item["uuid"] = hashlib.sha256(uuid_string.encode('utf-8')).hexdigest()[:16]
    ~~~~^^^^^^^^
  File "/usr/local/lib/python3.11/site-packages/scrapy/item.py", line 98, in __setitem__
    raise KeyError(f"{self.__class__.__name__} does not support field: {key}")
KeyError: 'EventItem does not support field: uuid'
[2026-01-30T14:25:41.990+0000] {docker.py:429} INFO - 2026-01-30 14:25:41 [scrapy.core.engine] DEBUG: Crawled (200) <GET https://zero.eu/it/eventi/281973-casa-del-cinema-la-programmazione,roma/> (referer: https://zero.eu/api/v2/events?per_page=100&citta=13&_embed=true)
[2026-01-30T14:25:42.096+0000] {docker.py:429} INFO - 2026-01-30 14:25:42 [scrapy.core.scraper] ERROR: Spider error processing <GET https://zero.eu/it/eventi/281973-casa-del-cinema-la-programmazione,roma/> (referer: https://zero.eu/api/v2/events?per_page=100&citta=13&_embed=true)
Traceback (most recent call last):
  File "/usr/local/lib/python3.11/site-packages/scrapy/utils/defer.py", line 355, in iter_errback
    yield next(it)
          ^^^^^^^^
  File "/usr/local/lib/python3.11/site-packages/scrapy/utils/python.py", line 311, in __next__
    return next(self.data)
           ^^^^^^^^^^^^^^^
  File "/usr/local/lib/python3.11/site-packages/scrapy/utils/python.py", line 311, in __next__
    return next(self.data)
           ^^^^^^^^^^^^^^^
  File "/usr/local/lib/python3.11/site-packages/scrapy/core/spidermw.py", line 183, in process_sync
    self._process_spider_exception(
  File "/usr/local/lib/python3.11/site-packages/scrapy/core/spidermw.py", line 256, in _process_spider_exception
    raise exception
  File "/usr/local/lib/python3.11/site-packages/scrapy/core/spidermw.py", line 179, in process_sync
    yield from iterable
  File "/usr/local/lib/python3.11/site-packages/scrapy/spidermiddlewares/base.py", line 60, in process_spider_output
    for o in result:
  File "/usr/local/lib/python3.11/site-packages/scrapy/core/spidermw.py", line 183, in process_sync
    self._process_spider_exception(
  File "/usr/local/lib/python3.11/site-packages/scrapy/core/spidermw.py", line 256, in _process_spider_exception
    raise exception
  File "/usr/local/lib/python3.11/site-packages/scrapy/core/spidermw.py", line 179, in process_sync
    yield from iterable
  File "/usr/local/lib/python3.11/site-packages/scrapy/spidermiddlewares/base.py", line 60, in process_spider_output
    for o in result:
  File "/usr/local/lib/python3.11/site-packages/scrapy/core/spidermw.py", line 183, in process_sync
    self._process_spider_exception(
  File "/usr/local/lib/python3.11/site-packages/scrapy/core/spidermw.py", line 256, in _process_spider_exception
    raise exception
  File "/usr/local/lib/python3.11/site-packages/scrapy/core/spidermw.py", line 179, in process_sync
    yield from iterable
  File "/usr/local/lib/python3.11/site-packages/scrapy/spidermiddlewares/base.py", line 60, in process_spider_output
    for o in result:
  File "/usr/local/lib/python3.11/site-packages/scrapy/core/spidermw.py", line 183, in process_sync
    self._process_spider_exception(
  File "/usr/local/lib/python3.11/site-packages/scrapy/core/spidermw.py", line 256, in _process_spider_exception
    raise exception
  File "/usr/local/lib/python3.11/site-packages/scrapy/core/spidermw.py", line 179, in process_sync
    yield from iterable
  File "/usr/local/lib/python3.11/site-packages/scrapy/spidermiddlewares/depth.py", line 61, in process_spider_output
    yield from super().process_spider_output(response, result)
  File "/usr/local/lib/python3.11/site-packages/scrapy/spidermiddlewares/base.py", line 60, in process_spider_output
    for o in result:
  File "/usr/local/lib/python3.11/site-packages/scrapy/core/spidermw.py", line 183, in process_sync
    self._process_spider_exception(
  File "/usr/local/lib/python3.11/site-packages/scrapy/core/spidermw.py", line 256, in _process_spider_exception
    raise exception
  File "/usr/local/lib/python3.11/site-packages/scrapy/core/spidermw.py", line 179, in process_sync
    yield from iterable
  File "/app/zero_eu/zero_scraper/spiders/events_spider.py", line 227, in parse_event_page
    item["uuid"] = hashlib.sha256(uuid_string.encode('utf-8')).hexdigest()[:16]
    ~~~~^^^^^^^^
  File "/usr/local/lib/python3.11/site-packages/scrapy/item.py", line 98, in __setitem__
    raise KeyError(f"{self.__class__.__name__} does not support field: {key}")
KeyError: 'EventItem does not support field: uuid'
[2026-01-30T14:25:43.015+0000] {docker.py:429} INFO - 2026-01-30 14:25:43 [scrapy.core.engine] DEBUG: Crawled (200) <GET https://zero.eu/it/eventi/230437-cinema-torisi-la-programmazione,roma/> (referer: https://zero.eu/api/v2/events?per_page=100&citta=13&_embed=true)
[2026-01-30T14:25:43.120+0000] {docker.py:429} INFO - 2026-01-30 14:25:43 [scrapy.core.scraper] ERROR: Spider error processing <GET https://zero.eu/it/eventi/230437-cinema-torisi-la-programmazione,roma/> (referer: https://zero.eu/api/v2/events?per_page=100&citta=13&_embed=true)
Traceback (most recent call last):
  File "/usr/local/lib/python3.11/site-packages/scrapy/utils/defer.py", line 355, in iter_errback
    yield next(it)
          ^^^^^^^^
  File "/usr/local/lib/python3.11/site-packages/scrapy/utils/python.py", line 311, in __next__
    return next(self.data)
           ^^^^^^^^^^^^^^^
  File "/usr/local/lib/python3.11/site-packages/scrapy/utils/python.py", line 311, in __next__
    return next(self.data)
           ^^^^^^^^^^^^^^^
  File "/usr/local/lib/python3.11/site-packages/scrapy/core/spidermw.py", line 183, in process_sync
    self._process_spider_exception(
  File "/usr/local/lib/python3.11/site-packages/scrapy/core/spidermw.py", line 256, in _process_spider_exception
    raise exception
  File "/usr/local/lib/python3.11/site-packages/scrapy/core/spidermw.py", line 179, in process_sync
    yield from iterable
  File "/usr/local/lib/python3.11/site-packages/scrapy/spidermiddlewares/base.py", line 60, in process_spider_output
    for o in result:
  File "/usr/local/lib/python3.11/site-packages/scrapy/core/spidermw.py", line 183, in process_sync
    self._process_spider_exception(
  File "/usr/local/lib/python3.11/site-packages/scrapy/core/spidermw.py", line 256, in _process_spider_exception
    raise exception
  File "/usr/local/lib/python3.11/site-packages/scrapy/core/spidermw.py", line 179, in process_sync
    yield from iterable
  File "/usr/local/lib/python3.11/site-packages/scrapy/spidermiddlewares/base.py", line 60, in process_spider_output
    for o in result:
  File "/usr/local/lib/python3.11/site-packages/scrapy/core/spidermw.py", line 183, in process_sync
    self._process_spider_exception(
  File "/usr/local/lib/python3.11/site-packages/scrapy/core/spidermw.py", line 256, in _process_spider_exception
    raise exception
  File "/usr/local/lib/python3.11/site-packages/scrapy/core/spidermw.py", line 179, in process_sync
    yield from iterable
  File "/usr/local/lib/python3.11/site-packages/scrapy/spidermiddlewares/base.py", line 60, in process_spider_output
    for o in result:
  File "/usr/local/lib/python3.11/site-packages/scrapy/core/spidermw.py", line 183, in process_sync
    self._process_spider_exception(
  File "/usr/local/lib/python3.11/site-packages/scrapy/core/spidermw.py", line 256, in _process_spider_exception
    raise exception
  File "/usr/local/lib/python3.11/site-packages/scrapy/core/spidermw.py", line 179, in process_sync
    yield from iterable
  File "/usr/local/lib/python3.11/site-packages/scrapy/spidermiddlewares/depth.py", line 61, in process_spider_output
    yield from super().process_spider_output(response, result)
  File "/usr/local/lib/python3.11/site-packages/scrapy/spidermiddlewares/base.py", line 60, in process_spider_output
    for o in result:
  File "/usr/local/lib/python3.11/site-packages/scrapy/core/spidermw.py", line 183, in process_sync
    self._process_spider_exception(
  File "/usr/local/lib/python3.11/site-packages/scrapy/core/spidermw.py", line 256, in _process_spider_exception
    raise exception
  File "/usr/local/lib/python3.11/site-packages/scrapy/core/spidermw.py", line 179, in process_sync
    yield from iterable
  File "/app/zero_eu/zero_scraper/spiders/events_spider.py", line 227, in parse_event_page
    item["uuid"] = hashlib.sha256(uuid_string.encode('utf-8')).hexdigest()[:16]
    ~~~~^^^^^^^^
  File "/usr/local/lib/python3.11/site-packages/scrapy/item.py", line 98, in __setitem__
    raise KeyError(f"{self.__class__.__name__} does not support field: {key}")
KeyError: 'EventItem does not support field: uuid'
[2026-01-30T14:25:44.309+0000] {docker.py:429} INFO - 2026-01-30 14:25:44 [scrapy.core.engine] DEBUG: Crawled (200) <GET https://zero.eu/it/eventi/125944-cinema-aquila-la-programmazione,roma/> (referer: https://zero.eu/api/v2/events?per_page=100&citta=13&_embed=true)
[2026-01-30T14:25:44.417+0000] {docker.py:429} INFO - 2026-01-30 14:25:44 [scrapy.core.scraper] ERROR: Spider error processing <GET https://zero.eu/it/eventi/125944-cinema-aquila-la-programmazione,roma/> (referer: https://zero.eu/api/v2/events?per_page=100&citta=13&_embed=true)
Traceback (most recent call last):
  File "/usr/local/lib/python3.11/site-packages/scrapy/utils/defer.py", line 355, in iter_errback
    yield next(it)
          ^^^^^^^^
  File "/usr/local/lib/python3.11/site-packages/scrapy/utils/python.py", line 311, in __next__
    return next(self.data)
           ^^^^^^^^^^^^^^^
  File "/usr/local/lib/python3.11/site-packages/scrapy/utils/python.py", line 311, in __next__
    return next(self.data)
           ^^^^^^^^^^^^^^^
  File "/usr/local/lib/python3.11/site-packages/scrapy/core/spidermw.py", line 183, in process_sync
    self._process_spider_exception(
  File "/usr/local/lib/python3.11/site-packages/scrapy/core/spidermw.py", line 256, in _process_spider_exception
    raise exception
  File "/usr/local/lib/python3.11/site-packages/scrapy/core/spidermw.py", line 179, in process_sync
    yield from iterable
  File "/usr/local/lib/python3.11/site-packages/scrapy/spidermiddlewares/base.py", line 60, in process_spider_output
    for o in result:
  File "/usr/local/lib/python3.11/site-packages/scrapy/core/spidermw.py", line 183, in process_sync
    self._process_spider_exception(
  File "/usr/local/lib/python3.11/site-packages/scrapy/core/spidermw.py", line 256, in _process_spider_exception
    raise exception
  File "/usr/local/lib/python3.11/site-packages/scrapy/core/spidermw.py", line 179, in process_sync
    yield from iterable
  File "/usr/local/lib/python3.11/site-packages/scrapy/spidermiddlewares/base.py", line 60, in process_spider_output
    for o in result:
  File "/usr/local/lib/python3.11/site-packages/scrapy/core/spidermw.py", line 183, in process_sync
    self._process_spider_exception(
  File "/usr/local/lib/python3.11/site-packages/scrapy/core/spidermw.py", line 256, in _process_spider_exception
    raise exception
  File "/usr/local/lib/python3.11/site-packages/scrapy/core/spidermw.py", line 179, in process_sync
    yield from iterable
  File "/usr/local/lib/python3.11/site-packages/scrapy/spidermiddlewares/base.py", line 60, in process_spider_output
    for o in result:
  File "/usr/local/lib/python3.11/site-packages/scrapy/core/spidermw.py", line 183, in process_sync
    self._process_spider_exception(
  File "/usr/local/lib/python3.11/site-packages/scrapy/core/spidermw.py", line 256, in _process_spider_exception
    raise exception
  File "/usr/local/lib/python3.11/site-packages/scrapy/core/spidermw.py", line 179, in process_sync
    yield from iterable
  File "/usr/local/lib/python3.11/site-packages/scrapy/spidermiddlewares/depth.py", line 61, in process_spider_output
    yield from super().process_spider_output(response, result)
  File "/usr/local/lib/python3.11/site-packages/scrapy/spidermiddlewares/base.py", line 60, in process_spider_output
    for o in result:
  File "/usr/local/lib/python3.11/site-packages/scrapy/core/spidermw.py", line 183, in process_sync
    self._process_spider_exception(
  File "/usr/local/lib/python3.11/site-packages/scrapy/core/spidermw.py", line 256, in _process_spider_exception
    raise exception
  File "/usr/local/lib/python3.11/site-packages/scrapy/core/spidermw.py", line 179, in process_sync
    yield from iterable
  File "/app/zero_eu/zero_scraper/spiders/events_spider.py", line 227, in parse_event_page
    item["uuid"] = hashlib.sha256(uuid_string.encode('utf-8')).hexdigest()[:16]
    ~~~~^^^^^^^^
  File "/usr/local/lib/python3.11/site-packages/scrapy/item.py", line 98, in __setitem__
    raise KeyError(f"{self.__class__.__name__} does not support field: {key}")
KeyError: 'EventItem does not support field: uuid'
[2026-01-30T14:25:45.591+0000] {docker.py:429} INFO - 2026-01-30 14:25:45 [scrapy.core.engine] DEBUG: Crawled (200) <GET https://zero.eu/it/eventi/90720-nuovo-sacher-la-programmazione,roma/> (referer: https://zero.eu/api/v2/events?per_page=100&citta=13&_embed=true)
[2026-01-30T14:25:45.696+0000] {docker.py:429} INFO - 2026-01-30 14:25:45 [scrapy.core.scraper] ERROR: Spider error processing <GET https://zero.eu/it/eventi/90720-nuovo-sacher-la-programmazione,roma/> (referer: https://zero.eu/api/v2/events?per_page=100&citta=13&_embed=true)
Traceback (most recent call last):
  File "/usr/local/lib/python3.11/site-packages/scrapy/utils/defer.py", line 355, in iter_errback
    yield next(it)
          ^^^^^^^^
  File "/usr/local/lib/python3.11/site-packages/scrapy/utils/python.py", line 311, in __next__
    return next(self.data)
           ^^^^^^^^^^^^^^^
  File "/usr/local/lib/python3.11/site-packages/scrapy/utils/python.py", line 311, in __next__
    return next(self.data)
           ^^^^^^^^^^^^^^^
  File "/usr/local/lib/python3.11/site-packages/scrapy/core/spidermw.py", line 183, in process_sync
    self._process_spider_exception(
  File "/usr/local/lib/python3.11/site-packages/scrapy/core/spidermw.py", line 256, in _process_spider_exception
    raise exception
  File "/usr/local/lib/python3.11/site-packages/scrapy/core/spidermw.py", line 179, in process_sync
    yield from iterable
  File "/usr/local/lib/python3.11/site-packages/scrapy/spidermiddlewares/base.py", line 60, in process_spider_output
    for o in result:
  File "/usr/local/lib/python3.11/site-packages/scrapy/core/spidermw.py", line 183, in process_sync
    self._process_spider_exception(
  File "/usr/local/lib/python3.11/site-packages/scrapy/core/spidermw.py", line 256, in _process_spider_exception
    raise exception
  File "/usr/local/lib/python3.11/site-packages/scrapy/core/spidermw.py", line 179, in process_sync
    yield from iterable
  File "/usr/local/lib/python3.11/site-packages/scrapy/spidermiddlewares/base.py", line 60, in process_spider_output
    for o in result:
  File "/usr/local/lib/python3.11/site-packages/scrapy/core/spidermw.py", line 183, in process_sync
    self._process_spider_exception(
  File "/usr/local/lib/python3.11/site-packages/scrapy/core/spidermw.py", line 256, in _process_spider_exception
    raise exception
  File "/usr/local/lib/python3.11/site-packages/scrapy/core/spidermw.py", line 179, in process_sync
    yield from iterable
  File "/usr/local/lib/python3.11/site-packages/scrapy/spidermiddlewares/base.py", line 60, in process_spider_output
    for o in result:
  File "/usr/local/lib/python3.11/site-packages/scrapy/core/spidermw.py", line 183, in process_sync
    self._process_spider_exception(
  File "/usr/local/lib/python3.11/site-packages/scrapy/core/spidermw.py", line 256, in _process_spider_exception
    raise exception
  File "/usr/local/lib/python3.11/site-packages/scrapy/core/spidermw.py", line 179, in process_sync
    yield from iterable
  File "/usr/local/lib/python3.11/site-packages/scrapy/spidermiddlewares/depth.py", line 61, in process_spider_output
    yield from super().process_spider_output(response, result)
  File "/usr/local/lib/python3.11/site-packages/scrapy/spidermiddlewares/base.py", line 60, in process_spider_output
    for o in result:
  File "/usr/local/lib/python3.11/site-packages/scrapy/core/spidermw.py", line 183, in process_sync
    self._process_spider_exception(
  File "/usr/local/lib/python3.11/site-packages/scrapy/core/spidermw.py", line 256, in _process_spider_exception
    raise exception
  File "/usr/local/lib/python3.11/site-packages/scrapy/core/spidermw.py", line 179, in process_sync
    yield from iterable
  File "/app/zero_eu/zero_scraper/spiders/events_spider.py", line 227, in parse_event_page
    item["uuid"] = hashlib.sha256(uuid_string.encode('utf-8')).hexdigest()[:16]
    ~~~~^^^^^^^^
  File "/usr/local/lib/python3.11/site-packages/scrapy/item.py", line 98, in __setitem__
    raise KeyError(f"{self.__class__.__name__} does not support field: {key}")
KeyError: 'EventItem does not support field: uuid'
[2026-01-30T14:25:47.148+0000] {docker.py:429} INFO - 2026-01-30 14:25:47 [scrapy.core.engine] DEBUG: Crawled (200) <GET https://zero.eu/it/eventi/75053-cinema-farnese-persol-la-programmazione,roma/> (referer: https://zero.eu/api/v2/events?per_page=100&citta=13&_embed=true)
[2026-01-30T14:25:47.254+0000] {docker.py:429} INFO - 2026-01-30 14:25:47 [scrapy.core.scraper] ERROR: Spider error processing <GET https://zero.eu/it/eventi/75053-cinema-farnese-persol-la-programmazione,roma/> (referer: https://zero.eu/api/v2/events?per_page=100&citta=13&_embed=true)
Traceback (most recent call last):
  File "/usr/local/lib/python3.11/site-packages/scrapy/utils/defer.py", line 355, in iter_errback
    yield next(it)
          ^^^^^^^^
  File "/usr/local/lib/python3.11/site-packages/scrapy/utils/python.py", line 311, in __next__
    return next(self.data)
           ^^^^^^^^^^^^^^^
  File "/usr/local/lib/python3.11/site-packages/scrapy/utils/python.py", line 311, in __next__
    return next(self.data)
           ^^^^^^^^^^^^^^^
  File "/usr/local/lib/python3.11/site-packages/scrapy/core/spidermw.py", line 183, in process_sync
    self._process_spider_exception(
  File "/usr/local/lib/python3.11/site-packages/scrapy/core/spidermw.py", line 256, in _process_spider_exception
    raise exception
  File "/usr/local/lib/python3.11/site-packages/scrapy/core/spidermw.py", line 179, in process_sync
    yield from iterable
  File "/usr/local/lib/python3.11/site-packages/scrapy/spidermiddlewares/base.py", line 60, in process_spider_output
    for o in result:
  File "/usr/local/lib/python3.11/site-packages/scrapy/core/spidermw.py", line 183, in process_sync
    self._process_spider_exception(
  File "/usr/local/lib/python3.11/site-packages/scrapy/core/spidermw.py", line 256, in _process_spider_exception
    raise exception
  File "/usr/local/lib/python3.11/site-packages/scrapy/core/spidermw.py", line 179, in process_sync
    yield from iterable
  File "/usr/local/lib/python3.11/site-packages/scrapy/spidermiddlewares/base.py", line 60, in process_spider_output
    for o in result:
  File "/usr/local/lib/python3.11/site-packages/scrapy/core/spidermw.py", line 183, in process_sync
    self._process_spider_exception(
  File "/usr/local/lib/python3.11/site-packages/scrapy/core/spidermw.py", line 256, in _process_spider_exception
    raise exception
  File "/usr/local/lib/python3.11/site-packages/scrapy/core/spidermw.py", line 179, in process_sync
    yield from iterable
  File "/usr/local/lib/python3.11/site-packages/scrapy/spidermiddlewares/base.py", line 60, in process_spider_output
    for o in result:
  File "/usr/local/lib/python3.11/site-packages/scrapy/core/spidermw.py", line 183, in process_sync
    self._process_spider_exception(
  File "/usr/local/lib/python3.11/site-packages/scrapy/core/spidermw.py", line 256, in _process_spider_exception
    raise exception
  File "/usr/local/lib/python3.11/site-packages/scrapy/core/spidermw.py", line 179, in process_sync
    yield from iterable
  File "/usr/local/lib/python3.11/site-packages/scrapy/spidermiddlewares/depth.py", line 61, in process_spider_output
    yield from super().process_spider_output(response, result)
  File "/usr/local/lib/python3.11/site-packages/scrapy/spidermiddlewares/base.py", line 60, in process_spider_output
    for o in result:
  File "/usr/local/lib/python3.11/site-packages/scrapy/core/spidermw.py", line 183, in process_sync
    self._process_spider_exception(
  File "/usr/local/lib/python3.11/site-packages/scrapy/core/spidermw.py", line 256, in _process_spider_exception
    raise exception
  File "/usr/local/lib/python3.11/site-packages/scrapy/core/spidermw.py", line 179, in process_sync
    yield from iterable
  File "/app/zero_eu/zero_scraper/spiders/events_spider.py", line 227, in parse_event_page
    item["uuid"] = hashlib.sha256(uuid_string.encode('utf-8')).hexdigest()[:16]
    ~~~~^^^^^^^^
  File "/usr/local/lib/python3.11/site-packages/scrapy/item.py", line 98, in __setitem__
    raise KeyError(f"{self.__class__.__name__} does not support field: {key}")
KeyError: 'EventItem does not support field: uuid'
[2026-01-30T14:25:47.254+0000] {docker.py:429} INFO - 2026-01-30 14:25:47 [scrapy.core.engine] INFO: Closing spider (finished)
[2026-01-30T14:25:47.256+0000] {docker.py:429} INFO - 2026-01-30 14:25:47 [scrapy.extensions.feedexport] INFO: Stored json feed (0 items) in: /app/zero_eu/output/eventi_zero_bologna_20260130_142318.json
[2026-01-30T14:25:47.256+0000] {docker.py:429} INFO - 2026-01-30 14:25:47 [scrapy.statscollectors] INFO: Dumping Scrapy stats:
{'downloader/request_bytes': 33027,
 'downloader/request_count': 74,
 'downloader/request_method_count/GET': 74,
 'downloader/response_bytes': 4347755,
 'downloader/response_count': 74,
 'downloader/response_status_count/200': 74,
 'elapsed_time_seconds': 148.233025,
 'feedexport/success_count/FileFeedStorage': 1,
 'finish_reason': 'finished',
 'finish_time': datetime.datetime(2026, 1, 30, 14, 25, 47, 253764, tzinfo=datetime.timezone.utc),
 'httpcompression/response_bytes': 6291423,
 'httpcompression/response_count': 72,
 'items_per_minute': 0.0,
 'log_count/DEBUG': 74,
 'log_count/ERROR': 72,
 'log_count/INFO': 8,
 'memusage/max': 82952192,
 'memusage/startup': 68513792,
 'request_depth_max': 2,
 'response_received_count': 74,
 'responses_per_minute': 30.0,
 'scheduler/dequeued': 74,
 'scheduler/dequeued/memory': 74,
 'scheduler/enqueued': 74,
 'scheduler/enqueued/memory': 74,
 'spider_exceptions/KeyError': 72,
 'spider_exceptions/count': 72,
 'start_time': datetime.datetime(2026, 1, 30, 14, 23, 19, 20739, tzinfo=datetime.timezone.utc)}
2026-01-30 14:25:47 [scrapy.core.engine] INFO: Spider closed (finished)
[2026-01-30T14:25:47.330+0000] {docker.py:429} INFO - ========================================
            REPORT SCRAPING             
========================================
Città scaricate: Bologna
File: /app/zero_eu/output/eventi_zero_bologna_20260130_142318.json
========================================
[2026-01-30T14:25:47.552+0000] {taskinstance.py:1138} INFO - Marking task as SUCCESS. dag_id=etl_events_daily, task_id=process_bologna.scrape_zero_eu, execution_date=20260129T060000, start_date=20260130T142317, end_date=20260130T142547
[2026-01-30T14:25:47.585+0000] {local_task_job_runner.py:234} INFO - Task exited with return code 0
[2026-01-30T14:25:47.623+0000] {taskinstance.py:3280} INFO - 0 downstream tasks scheduled from follow-on schedule check
