[2026-02-02T19:46:18.537+0000] {taskinstance.py:1956} INFO - Dependencies all met for dep_context=non-requeueable deps ti=<TaskInstance: etl_events_daily.process_perugia.scrape_city_today scheduled__2026-02-01T06:00:00+00:00 [queued]>
[2026-02-02T19:46:18.545+0000] {taskinstance.py:1956} INFO - Dependencies all met for dep_context=requeueable deps ti=<TaskInstance: etl_events_daily.process_perugia.scrape_city_today scheduled__2026-02-01T06:00:00+00:00 [queued]>
[2026-02-02T19:46:18.546+0000] {taskinstance.py:2170} INFO - Starting attempt 1 of 4
[2026-02-02T19:46:18.555+0000] {taskinstance.py:2191} INFO - Executing <Task(FilterableDockerOperator): process_perugia.scrape_city_today> on 2026-02-01 06:00:00+00:00
[2026-02-02T19:46:18.559+0000] {standard_task_runner.py:60} INFO - Started process 315 to run task
[2026-02-02T19:46:18.561+0000] {standard_task_runner.py:87} INFO - Running: ['airflow', 'tasks', 'run', 'etl_events_daily', 'process_perugia.scrape_city_today', 'scheduled__2026-02-01T06:00:00+00:00', '--job-id', '423', '--raw', '--subdir', 'DAGS_FOLDER/scrape_events.py', '--cfg-path', '/tmp/tmpsggpi0p8']
[2026-02-02T19:46:18.563+0000] {standard_task_runner.py:88} INFO - Job 423: Subtask process_perugia.scrape_city_today
[2026-02-02T19:46:18.579+0000] {logging_mixin.py:188} WARNING - /home/airflow/.local/lib/python3.11/site-packages/airflow/settings.py:194 DeprecationWarning: The sql_alchemy_conn option in [core] has been moved to the sql_alchemy_conn option in [database] - the old setting has been used, but please update your config.
[2026-02-02T19:46:18.626+0000] {task_command.py:423} INFO - Running <TaskInstance: etl_events_daily.process_perugia.scrape_city_today scheduled__2026-02-01T06:00:00+00:00 [running]> on host d1594f2b36ec
[2026-02-02T19:46:18.729+0000] {taskinstance.py:2480} INFO - Exporting env vars: AIRFLOW_CTX_DAG_OWNER='airflow' AIRFLOW_CTX_DAG_ID='etl_events_daily' AIRFLOW_CTX_TASK_ID='process_perugia.scrape_city_today' AIRFLOW_CTX_EXECUTION_DATE='2026-02-01T06:00:00+00:00' AIRFLOW_CTX_TRY_NUMBER='1' AIRFLOW_CTX_DAG_RUN_ID='scheduled__2026-02-01T06:00:00+00:00'
[2026-02-02T19:46:18.751+0000] {docker.py:359} INFO - Starting docker container from image scrapy-events:latest
[2026-02-02T19:46:18.757+0000] {docker.py:367} WARNING - Using remote engine or docker-in-docker and mounting temporary volume from host is not supported. Falling back to `mount_tmp_dir=False` mode. You can set `mount_tmp_dir` parameter to False to disable mounting and remove the warning
[2026-02-02T19:46:19.336+0000] {docker.py:429} INFO - Avvio scraping per: Perugia
Periodo: questa-settimana
[2026-02-02T19:46:19.339+0000] {docker.py:429} INFO - 2026-02-02 19:46:19 [scrapy.utils.log] INFO: Scrapy 2.14.1 started (bot: events)
[2026-02-02T19:46:19.344+0000] {docker.py:429} INFO - 2026-02-02 19:46:19 [scrapy.utils.log] INFO: Versions:
{'lxml': '6.0.2',
 'libxml2': '2.14.6',
 'cssselect': '1.3.0',
 'parsel': '1.10.0',
 'w3lib': '2.3.1',
 'Twisted': '25.5.0',
 'Python': '3.11.14 (main, Jan 13 2026, 03:12:14) [GCC 14.2.0]',
 'pyOpenSSL': '25.3.0 (OpenSSL 3.5.4 30 Sep 2025)',
 'cryptography': '46.0.3',
 'Platform': 'Linux-6.12.54-linuxkit-x86_64-with-glibc2.41'}
2026-02-02 19:46:19 [scrapy.crawler] DEBUG: Using CrawlerProcess
[2026-02-02T19:46:19.346+0000] {docker.py:429} INFO - 2026-02-02 19:46:19 [events] INFO: Scraping città: Perugia
2026-02-02 19:46:19 [events] INFO: Periodo: questa-settimana (2026-02-02 - 2026-02-08)
[2026-02-02T19:46:19.347+0000] {docker.py:429} INFO - 2026-02-02 19:46:19 [scrapy.addons] INFO: Enabled addons:
[]
[2026-02-02T19:46:19.348+0000] {docker.py:429} INFO - 2026-02-02 19:46:19 [asyncio] DEBUG: Using selector: EpollSelector
[2026-02-02T19:46:19.348+0000] {docker.py:429} INFO - 2026-02-02 19:46:19 [scrapy.utils.log] DEBUG: Using reactor: twisted.internet.asyncioreactor.AsyncioSelectorReactor
2026-02-02 19:46:19 [scrapy.utils.log] DEBUG: Using asyncio event loop: asyncio.unix_events._UnixSelectorEventLoop
[2026-02-02T19:46:19.351+0000] {docker.py:429} INFO - 2026-02-02 19:46:19 [scrapy.extensions.telnet] INFO: Telnet Password: 8ef5e74cf782b1d6
[2026-02-02T19:46:19.399+0000] {docker.py:429} INFO - 2026-02-02 19:46:19 [scrapy.middleware] INFO: Enabled extensions:
['scrapy.extensions.corestats.CoreStats',
 'scrapy.extensions.logcount.LogCount',
 'scrapy.extensions.telnet.TelnetConsole',
 'scrapy.extensions.memusage.MemoryUsage',
 'scrapy.extensions.feedexport.FeedExporter',
 'scrapy.extensions.logstats.LogStats']
[2026-02-02T19:46:19.399+0000] {docker.py:429} INFO - 2026-02-02 19:46:19 [scrapy.crawler] INFO: Overridden settings:
{'BOT_NAME': 'events',
 'CONCURRENT_REQUESTS': 2,
 'CONCURRENT_REQUESTS_PER_DOMAIN': 1,
 'DOWNLOAD_DELAY': 1,
 'FEED_EXPORT_ENCODING': 'utf-8',
 'NEWSPIDER_MODULE': 'events.spiders',
 'ROBOTSTXT_OBEY': True,
 'SPIDER_MODULES': ['events.spiders'],
 'USER_AGENT': 'Mozilla/5.0 (Macintosh; Intel Mac OS X 10_15_7) '
               'AppleWebKit/537.36 (KHTML, like Gecko) Chrome/120.0.0.0 '
               'Safari/537.36'}
[2026-02-02T19:46:19.460+0000] {docker.py:429} INFO - 2026-02-02 19:46:19 [scrapy.middleware] INFO: Enabled downloader middlewares:
['scrapy.downloadermiddlewares.offsite.OffsiteMiddleware',
 'scrapy.downloadermiddlewares.robotstxt.RobotsTxtMiddleware',
 'scrapy.downloadermiddlewares.httpauth.HttpAuthMiddleware',
 'scrapy.downloadermiddlewares.downloadtimeout.DownloadTimeoutMiddleware',
 'scrapy.downloadermiddlewares.defaultheaders.DefaultHeadersMiddleware',
 'scrapy.downloadermiddlewares.useragent.UserAgentMiddleware',
 'scrapy.downloadermiddlewares.retry.RetryMiddleware',
 'scrapy.downloadermiddlewares.redirect.MetaRefreshMiddleware',
 'scrapy.downloadermiddlewares.httpcompression.HttpCompressionMiddleware',
 'scrapy.downloadermiddlewares.redirect.RedirectMiddleware',
 'scrapy.downloadermiddlewares.cookies.CookiesMiddleware',
 'scrapy.downloadermiddlewares.httpproxy.HttpProxyMiddleware',
 'scrapy.downloadermiddlewares.stats.DownloaderStats']
[2026-02-02T19:46:19.462+0000] {docker.py:429} INFO - 2026-02-02 19:46:19 [scrapy.middleware] INFO: Enabled spider middlewares:
['scrapy.spidermiddlewares.start.StartSpiderMiddleware',
 'scrapy.spidermiddlewares.httperror.HttpErrorMiddleware',
 'scrapy.spidermiddlewares.referer.RefererMiddleware',
 'scrapy.spidermiddlewares.urllength.UrlLengthMiddleware',
 'scrapy.spidermiddlewares.depth.DepthMiddleware']
[2026-02-02T19:46:19.463+0000] {docker.py:429} INFO - 2026-02-02 19:46:19 [scrapy.middleware] INFO: Enabled item pipelines:
[]
[2026-02-02T19:46:19.463+0000] {docker.py:429} INFO - Output file: /app/city_today/output/eventi_perugia_questa-settimana_20260202_194619.json
[2026-02-02T19:46:19.463+0000] {docker.py:429} INFO - 
[2026-02-02T19:46:19.464+0000] {docker.py:429} INFO - 2026-02-02 19:46:19 [scrapy.core.engine] INFO: Spider opened
[2026-02-02T19:46:19.470+0000] {docker.py:429} INFO - 2026-02-02 19:46:19 [scrapy.extensions.logstats] INFO: Crawled 0 pages (at 0 pages/min), scraped 0 items (at 0 items/min)
[2026-02-02T19:46:19.471+0000] {docker.py:429} INFO - 2026-02-02 19:46:19 [scrapy.extensions.telnet] INFO: Telnet console listening on 127.0.0.1:6023
[2026-02-02T19:46:19.611+0000] {docker.py:429} INFO - 2026-02-02 19:46:19 [scrapy.core.engine] DEBUG: Crawled (200) <GET https://www.perugiatoday.it/robots.txt> (referer: None)
[2026-02-02T19:46:22.010+0000] {docker.py:429} INFO - 2026-02-02 19:46:22 [scrapy.core.engine] DEBUG: Crawled (200) <GET https://www.perugiatoday.it/eventi/dal/2026-02-02/al/2026-02-08/> (referer: None)
[2026-02-02T19:46:22.207+0000] {docker.py:429} INFO - 2026-02-02 19:46:22 [scrapy.core.engine] DEBUG: Crawled (200) <GET https://www.perugiatoday.it/eventi/societa-del-gotto-perugia-programma-iniziative-2026.html> (referer: https://www.perugiatoday.it/eventi/dal/2026-02-02/al/2026-02-08/)
[2026-02-02T19:46:22.326+0000] {docker.py:429} INFO - 2026-02-02 19:46:22 [scrapy.core.scraper] DEBUG: Scraped from <200 https://www.perugiatoday.it/eventi/societa-del-gotto-perugia-programma-iniziative-2026.html>
{'category': [],
 'city': 'Perugia',
 'city_id': None,
 'content_hash': '280ced9cfd6f7930',
 'date_display': 'dal 7 febbraio al 15 novembre 2026',
 'date_end': '2026-11-15',
 'date_start': '2026-02-07',
 'description': 'Un calendario ricco di iniziative e appuntamenti quello della '
                'Socidetà del Gotto che, anche nel 2026, porpone una serie di '
                "eventi e incontri dedicati alla promozione dell'identità e "
                'della cultura perugina. Il programma, dal titolo '
                '“Conversazioni in città”, prevede ben diciannove appuntamenti '
                "che spazieranno dall'arte alla cultura, dalla conservazione "
                'della tradizione alla promozione del valore storico della '
                'città oltre alle analisi delle esigenze strutturali '
                'contemporanee. Il calendario prenderà il via il 7 febbraio '
                'con la presentazione del libro "La valle delle comete", '
                'romanzo ispirato alla vita di Orazio Antinori, e proseguirà '
                'con una serie di incontri e dibattiti che spazieranno dalla '
                'storia dei patroni di Perugia alle conversazioni dialettali, '
                'dalle ricette della tradizione gastronomica alle esperienze '
                'di lotta antifascista. Particolarmente significativo sarà '
                "l'appuntamento dell'8 marzo, Giornata Internazionale della "
                'Donna, dedicato al "Cammino verso la parità" a 80 anni dal '
                "diritto di voto alle donne nell'Italia repubblicana. "
                "L'evento, organizzato in collaborazione con l'Associazione "
                '"Col cuore in mano", vedrà la partecipazione di esperti e '
                'rappresentanti delle istituzioni locali. Oltre agli incontri '
                'del sabato, il calendario prevede anche alcune assemblee '
                'pubbliche su tematiche di attualità a livello locale e '
                'regionale, come la situazione del centro storico di Perugia, '
                'le prospettive della psichiatria e lo stato della viabilità e '
                'della mobilità urbana. Non mancheranno, infine, i momenti '
                'conviviali con le ricette della tradizione gastronomica '
                'perugina, con l’immancabile pranzo di San Martino del 15 '
                'novembre. "Questo ricco programma di eventi rappresenta '
                "un'importante occasione per valorizzare l'identità e la "
                'storia di Perugia, coinvolgendo attivamente la cittadinanza e '
                'promuovendo un dialogo costruttivo su temi di grande '
                'rilevanza per il futuro della nostra città" è quanto '
                'dichiarato da Lorena Pesaresi, coordinatrice del progetto.',
 'event_id': 'societa-del-gotto-perugia-programma-iniziative-2026',
 'image_url': '//citynews-perugiatoday.stgy.ovh/~media/horizontal-low/62214509089190/societa-del-gotto.jpg',
 'location_address': None,
 'location_name': None,
 'price': 'Prezzo non disponibile',
 'raw_data': {'detail': {'altre_informazioni': {'raw_text': 'Altre '
                                                            'informazioni',
                                                'website': None},
                         'descrizione': 'Un calendario ricco di iniziative e '
                                        'appuntamenti quello della Socidetà '
                                        'del Gotto che, anche nel 2026, '
                                        'porpone una serie di eventi e '
                                        'incontri dedicati alla promozione '
                                        "dell'identità e della cultura "
                                        'perugina. Il programma, dal titolo '
                                        '“Conversazioni in città”, prevede ben '
                                        'diciannove appuntamenti che '
                                        "spazieranno dall'arte alla cultura, "
                                        'dalla conservazione della tradizione '
                                        'alla promozione del valore storico '
                                        'della città oltre alle analisi delle '
                                        'esigenze strutturali contemporanee. '
                                        'Il calendario prenderà il via il 7 '
                                        'febbraio con la presentazione del '
                                        'libro "La valle delle comete", '
                                        'romanzo ispirato alla vita di Orazio '
                                        'Antinori, e proseguirà con una serie '
                                        'di incontri e dibattiti che '
                                        'spazieranno dalla storia dei patroni '
                                        'di Perugia alle conversazioni '
                                        'dialettali, dalle ricette della '
                                        'tradizione gastronomica alle '
                                        'esperienze di lotta antifascista. '
                                        'Particolarmente significativo sarà '
                                        "l'appuntamento dell'8 marzo, Giornata "
                                        'Internazionale della Donna, dedicato '
                                        'al "Cammino verso la parità" a 80 '
                                        'anni dal diritto di voto alle donne '
                                        "nell'Italia repubblicana. L'evento, "
                                        'organizzato in collaborazione con '
                                        'l\'Associazione "Col cuore in mano", '
                                        'vedrà la partecipazione di esperti e '
                                        'rappresentanti delle istituzioni '
                                        'locali. Oltre agli incontri del '
                                        'sabato, il calendario prevede anche '
                                        'alcune assemblee pubbliche su '
                                        'tematiche di attualità a livello '
                                        'locale e regionale, come la '
                                        'situazione del centro storico di '
                                        'Perugia, le prospettive della '
                                        'psichiatria e lo stato della '
                                        'viabilità e della mobilità urbana. '
                                        'Non mancheranno, infine, i momenti '
                                        'conviviali con le ricette della '
                                        'tradizione gastronomica perugina, con '
                                        'l’immancabile pranzo di San Martino '
                                        'del 15 novembre. "Questo ricco '
                                        'programma di eventi rappresenta '
                                        "un'importante occasione per "
                                        "valorizzare l'identità e la storia di "
                                        'Perugia, coinvolgendo attivamente la '
                                        'cittadinanza e promuovendo un dialogo '
                                        'costruttivo su temi di grande '
                                        'rilevanza per il futuro della nostra '
                                        'città" è quanto dichiarato da Lorena '
                                        'Pesaresi, coordinatrice del progetto.',
                         'dove': {'address': None,
                                  'name': None,
                                  'raw_text': 'Dove Indirizzo non disponibile'},
                         'image': '//citynews-perugiatoday.stgy.ovh/~media/horizontal-low/62214509089190/societa-del-gotto.jpg',
                         'prezzo': 'Prezzo non disponibile',
                         'quando': {'date_end': '2026-11-15',
                                    'date_start': '2026-02-07',
                                    'raw_text': 'Quando Dal 07/02/2026 al '
                                                '15/11/2026 Orario non '
                                                'disponibile',
                                    'schedule': 'Orario non disponibile'}},
              'list': {'category': None,
                       'date': 'dal 7 febbraio al 15 novembre 2026',
                       'image': '//citynews-perugiatoday.stgy.ovh/~media/horizontal-mid/62214509089190/societa-del-gotto.jpg',
                       'location': None,
                       'stars': None,
                       'title': 'Società del Gotto, gli appuntamenti del 2026: '
                                'spazio a cultura, arte e tradizione '
                                'perugina'}},
 'scraped_at': '2026-02-02T19:46:22.323806',
 'source': 'city_today',
 'title': 'Società del Gotto, gli appuntamenti del 2026: spazio a cultura, '
          'arte e tradizione perugina',
 'url': 'https://www.perugiatoday.it/eventi/societa-del-gotto-perugia-programma-iniziative-2026.html',
 'uuid': '73093c1a22c13d30',
 'website': None}
[2026-02-02T19:46:24.540+0000] {docker.py:429} INFO - 2026-02-02 19:46:24 [scrapy.core.engine] DEBUG: Crawled (200) <GET https://www.perugiatoday.it/eventi/concerti/gli-inverni-di-riverock-portano-i-ministri-all-urban-con-il-provincia-popolare-tour.html> (referer: https://www.perugiatoday.it/eventi/dal/2026-02-02/al/2026-02-08/)
[2026-02-02T19:46:24.650+0000] {docker.py:429} INFO - 2026-02-02 19:46:24 [scrapy.core.scraper] DEBUG: Scraped from <200 https://www.perugiatoday.it/eventi/concerti/gli-inverni-di-riverock-portano-i-ministri-all-urban-con-il-provincia-popolare-tour.html>
{'category': [],
 'city': 'Perugia',
 'city_id': None,
 'content_hash': 'c3eb1b02d958e804',
 'date_display': '6 febbraio 2026',
 'date_end': '2026-02-06',
 'date_start': '2026-02-06',
 'description': 'Nuovo appuntamento con “Inverni”, rassegna indoor a cura di '
                'Riverock, per l’occasione, in collaborazione con l’Urban Club '
                'di Perugia, che venerdì 6 febbraio (ore 21.30) ospiterà una '
                'tappa del "Provincia popolare tour 2026" dei Ministri, in '
                'trio. Nati a Milano nell’autunno del 2006, I Ministri '
                'irrompono nella scena musicale italiana con un’attitudine '
                'fuori dagli schemi e un rock diretto, politico e viscerale. '
                'L’esordio autoprodotto "I Soldi Sono Finiti" diventa subito '
                'un caso: un disco controcorrente, accompagnato da un’immagine '
                'iconica e da un’intensa attività live che li porta '
                'rapidamente sotto i riflettori nazionali. Da lì in avanti è '
                'una crescita costante fatta di album incisivi ("Tempi Bui", '
                '"Per Un Passato Migliore", "Cultura Generale", "Fidatevi", '
                '"Giuramenti"), tour sold out, collaborazioni prestigiose e '
                'una presenza live che diventa marchio di fabbrica. La band '
                'intreccia rock, urgenza sociale e una narrazione '
                'generazionale capace di parlare al presente, senza sconti. '
                'Negli anni I Ministri calcano palchi italiani ed europei, '
                'partecipano a festival storici, celebrano anniversari '
                'importanti e continuano a rinnovarsi, anche dal punto di '
                'vista visivo, con le ormai celebri giacche disegnate da Nick '
                'Cerioni. Nel 2025 tornano con nuova energia: “Aurora '
                'Popolare” segna un nuovo capitolo, accompagnato da singoli '
                'potenti e da un tour che conferma il trio come una delle '
                'realtà più solide e riconoscibili del rock italiano '
                'contemporaneo: “Per tutti quelli che hanno fatto chilometri e '
                'chilometri per venire a sentire Aurora Popolare nelle grandi '
                'città e per quelli che non ce l’hanno fatta perché troppo '
                'lontani e troppo aggrovigliati negli impegni della vita di '
                'ogni giorno, per i piccoli club che resistono solitari in '
                'zone dove nessuno ti aiuta a fare cultura e per tutti i posti '
                'che si “ostinano” a proporre musica dal vivo originale, per '
                'tutti loro, abbiamo pensato a un tour che potesse restituire '
                'qualcosa di tutto quello che ci è stato dato – dicono – e '
                'abbiamo pensato che, quei chilometri, toccasse di nuovo a noi '
                'farli. Abbiamo pensato a Provincia Popolare, un tour che, '
                'come dice il nome, attraverserà la sconfinata provincia '
                'italiana, fermandosi in club piccoli e meno piccoli, per '
                'portare quello che abbiamo da dire ovunque sia possibile, per '
                'far sentire il nostro nuovo album anche da palchi alti mezzo '
                'metro. E lo faremo tornando alla dimensione con cui '
                'cominciammo a girare ormai 20 anni fa, quella del trio, con '
                'tutta l’urgenza, la crudezza e il sudore che si porta '
                'dietro”.',
 'event_id': 'gli-inverni-di-riverock-portano-i-ministri-all-urban-con-il-provincia-popolare-tour',
 'image_url': '//citynews-perugiatoday.stgy.ovh/~media/horizontal-low/12281839852158/ministri_foto-chiara-mirelli.jpeg',
 'location_address': None,
 'location_name': 'Urban Club',
 'price': 'Prezzo non disponibile',
 'raw_data': {'detail': {'altre_informazioni': {'raw_text': 'Altre '
                                                            'informazioni',
                                                'website': None},
                         'descrizione': 'Nuovo appuntamento con “Inverni”, '
                                        'rassegna indoor a cura di Riverock, '
                                        'per l’occasione, in collaborazione '
                                        'con l’Urban Club di Perugia, che '
                                        'venerdì 6 febbraio (ore 21.30) '
                                        'ospiterà una tappa del "Provincia '
                                        'popolare tour 2026" dei Ministri, in '
                                        'trio. Nati a Milano nell’autunno del '
                                        '2006, I Ministri irrompono nella '
                                        'scena musicale italiana con '
                                        'un’attitudine fuori dagli schemi e un '
                                        'rock diretto, politico e viscerale. '
                                        'L’esordio autoprodotto "I Soldi Sono '
                                        'Finiti" diventa subito un caso: un '
                                        'disco controcorrente, accompagnato da '
                                        'un’immagine iconica e da un’intensa '
                                        'attività live che li porta '
                                        'rapidamente sotto i riflettori '
                                        'nazionali. Da lì in avanti è una '
                                        'crescita costante fatta di album '
                                        'incisivi ("Tempi Bui", "Per Un '
                                        'Passato Migliore", "Cultura '
                                        'Generale", "Fidatevi", "Giuramenti"), '
                                        'tour sold out, collaborazioni '
                                        'prestigiose e una presenza live che '
                                        'diventa marchio di fabbrica. La band '
                                        'intreccia rock, urgenza sociale e una '
                                        'narrazione generazionale capace di '
                                        'parlare al presente, senza sconti. '
                                        'Negli anni I Ministri calcano palchi '
                                        'italiani ed europei, partecipano a '
                                        'festival storici, celebrano '
                                        'anniversari importanti e continuano a '
                                        'rinnovarsi, anche dal punto di vista '
                                        'visivo, con le ormai celebri giacche '
                                        'disegnate da Nick Cerioni. Nel 2025 '
                                        'tornano con nuova energia: “Aurora '
                                        'Popolare” segna un nuovo capitolo, '
                                        'accompagnato da singoli potenti e da '
                                        'un tour che conferma il trio come una '
                                        'delle realtà più solide e '
                                        'riconoscibili del rock italiano '
                                        'contemporaneo: “Per tutti quelli che '
                                        'hanno fatto chilometri e chilometri '
                                        'per venire a sentire Aurora Popolare '
                                        'nelle grandi città e per quelli che '
                                        'non ce l’hanno fatta perché troppo '
                                        'lontani e troppo aggrovigliati negli '
                                        'impegni della vita di ogni giorno, '
                                        'per i piccoli club che resistono '
                                        'solitari in zone dove nessuno ti '
                                        'aiuta a fare cultura e per tutti i '
                                        'posti che si “ostinano” a proporre '
                                        'musica dal vivo originale, per tutti '
                                        'loro, abbiamo pensato a un tour che '
                                        'potesse restituire qualcosa di tutto '
                                        'quello che ci è stato dato – dicono – '
                                        'e abbiamo pensato che, quei '
                                        'chilometri, toccasse di nuovo a noi '
                                        'farli. Abbiamo pensato a Provincia '
                                        'Popolare, un tour che, come dice il '
                                        'nome, attraverserà la sconfinata '
                                        'provincia italiana, fermandosi in '
                                        'club piccoli e meno piccoli, per '
                                        'portare quello che abbiamo da dire '
                                        'ovunque sia possibile, per far '
                                        'sentire il nostro nuovo album anche '
                                        'da palchi alti mezzo metro. E lo '
                                        'faremo tornando alla dimensione con '
                                        'cui cominciammo a girare ormai 20 '
                                        'anni fa, quella del trio, con tutta '
                                        'l’urgenza, la crudezza e il sudore '
                                        'che si porta dietro”.',
                         'dove': {'address': None,
                                  'name': 'Urban Club',
                                  'raw_text': 'Dove Urban Club Indirizzo non '
                                              'disponibile'},
                         'image': '//citynews-perugiatoday.stgy.ovh/~media/horizontal-low/12281839852158/ministri_foto-chiara-mirelli.jpeg',
                         'prezzo': 'Prezzo non disponibile',
                         'quando': {'date_end': '2026-02-06',
                                    'date_start': '2026-02-06',
                                    'raw_text': 'Quando Dal 06/02/2026 al '
                                                '06/02/2026 Orario non '
                                                'disponibile',
                                    'schedule': 'Orario non disponibile'}},
              'list': {'category': None,
                       'date': '6 febbraio 2026',
                       'image': '//citynews-perugiatoday.stgy.ovh/~media/horizontal-mid/12281839852158/ministri_foto-chiara-mirelli.jpeg',
                       'location': 'Urban Club',
                       'stars': None,
                       'title': 'Gli "Inverni" di Riverock portano i Ministri '
                                'all\'Urban con il "Provincia popolare tour"'}},
 'scraped_at': '2026-02-02T19:46:24.647753',
 'source': 'city_today',
 'title': 'Gli "Inverni" di Riverock portano i Ministri all\'Urban con il '
          '"Provincia popolare tour"',
 'url': 'https://www.perugiatoday.it/eventi/concerti/gli-inverni-di-riverock-portano-i-ministri-all-urban-con-il-provincia-popolare-tour.html',
 'uuid': 'dc3dc5bc76c022a7',
 'website': None}
[2026-02-02T19:46:25.178+0000] {docker.py:429} INFO - 2026-02-02 19:46:25 [scrapy.core.engine] DEBUG: Crawled (200) <GET https://www.perugiatoday.it/eventi/concerti/musica-negli-inverni-di-riverock-anche-i-ministri.html> (referer: https://www.perugiatoday.it/eventi/dal/2026-02-02/al/2026-02-08/)
[2026-02-02T19:46:25.287+0000] {docker.py:429} INFO - 2026-02-02 19:46:25 [scrapy.core.scraper] DEBUG: Scraped from <200 https://www.perugiatoday.it/eventi/concerti/musica-negli-inverni-di-riverock-anche-i-ministri.html>
{'category': [],
 'city': 'Perugia',
 'city_id': None,
 'content_hash': '17ee9996278e84cf',
 'date_display': '6 febbraio 2026',
 'date_end': '2026-02-06',
 'date_start': '2026-02-06',
 'description': '"Per tutti quelli che hanno fatto chilometri e chilometri per '
                'venire a sentire Aurora Popolare nelle grandi città e per '
                "quelli che non ce l'hanno fatta perché troppo lontani e "
                'troppo aggrovigliati negli impegni della vita di ogni giorno, '
                'per i club che resistono solitari in zone dove nessuno ti '
                "aiuta a fare cultura e per tutti i posti che si 'ostinano' a "
                'proporre musica dal vivo originale". Così la band milanese '
                'annuncia il tour 2026 che toccherà anche Perugia. Il trio '
                "sarà all'Urban club il 6 febbraio in occasione del cartellone "
                '“Inverni” di Riverock festival “Per tutti loro abbiamo '
                'pensato che quei chilometri toccasse di nuovo a noi farli - '
                'prosegue il gruppo sui suoi profili social - E lo faremo '
                'tornando alla dimensione con cui cominciammo a girare ormai '
                "20 anni fa, in trio, con tutta l'urgenza, la crudezza e il "
                'sudore che si porta dietro”.',
 'event_id': 'musica-negli-inverni-di-riverock-anche-i-ministri',
 'image_url': '//citynews-perugiatoday.stgy.ovh/~media/horizontal-low/54390406809378/screenshot-2025-11-26-alle-17-29-20.jpg',
 'location_address': None,
 'location_name': 'Urban Club',
 'price': 'Prezzo non disponibile',
 'raw_data': {'detail': {'altre_informazioni': {'raw_text': 'Altre '
                                                            'informazioni',
                                                'website': None},
                         'descrizione': '"Per tutti quelli che hanno fatto '
                                        'chilometri e chilometri per venire a '
                                        'sentire Aurora Popolare nelle grandi '
                                        "città e per quelli che non ce l'hanno "
                                        'fatta perché troppo lontani e troppo '
                                        'aggrovigliati negli impegni della '
                                        'vita di ogni giorno, per i club che '
                                        'resistono solitari in zone dove '
                                        'nessuno ti aiuta a fare cultura e per '
                                        "tutti i posti che si 'ostinano' a "
                                        'proporre musica dal vivo originale". '
                                        'Così la band milanese annuncia il '
                                        'tour 2026 che toccherà anche Perugia. '
                                        "Il trio sarà all'Urban club il 6 "
                                        'febbraio in occasione del cartellone '
                                        '“Inverni” di Riverock festival “Per '
                                        'tutti loro abbiamo pensato che quei '
                                        'chilometri toccasse di nuovo a noi '
                                        'farli - prosegue il gruppo sui suoi '
                                        'profili social - E lo faremo tornando '
                                        'alla dimensione con cui cominciammo a '
                                        'girare ormai 20 anni fa, in trio, con '
                                        "tutta l'urgenza, la crudezza e il "
                                        'sudore che si porta dietro”.',
                         'dove': {'address': None,
                                  'name': 'Urban Club',
                                  'raw_text': 'Dove Urban Club Indirizzo non '
                                              'disponibile'},
                         'image': '//citynews-perugiatoday.stgy.ovh/~media/horizontal-low/54390406809378/screenshot-2025-11-26-alle-17-29-20.jpg',
                         'prezzo': 'Prezzo non disponibile',
                         'quando': {'date_end': '2026-02-06',
                                    'date_start': '2026-02-06',
                                    'raw_text': 'Quando Dal 06/02/2026 al '
                                                '06/02/2026 Orario non '
                                                'disponibile',
                                    'schedule': 'Orario non disponibile'}},
              'list': {'category': None,
                       'date': '6 febbraio 2026',
                       'image': '//citynews-perugiatoday.stgy.ovh/~media/horizontal-mid/54390406809378/screenshot-2025-11-26-alle-17-29-20.jpg',
                       'location': 'Urban Club',
                       'stars': None,
                       'title': 'Musica, negli Inverni di Riverock anche i '
                                'Ministri'}},
 'scraped_at': '2026-02-02T19:46:25.285135',
 'source': 'city_today',
 'title': 'Musica, negli Inverni di Riverock anche i Ministri',
 'url': 'https://www.perugiatoday.it/eventi/concerti/musica-negli-inverni-di-riverock-anche-i-ministri.html',
 'uuid': 'ce5cbf8f3e1bf167',
 'website': None}
[2026-02-02T19:46:26.275+0000] {docker.py:429} INFO - 2026-02-02 19:46:26 [scrapy.core.engine] DEBUG: Crawled (200) <GET https://www.perugiatoday.it/eventi/pollicino-sentieri-teatrali-panedentiteatro-panedentiteatro-13131603.html> (referer: https://www.perugiatoday.it/eventi/dal/2026-02-02/al/2026-02-08/)
[2026-02-02T19:46:26.393+0000] {docker.py:429} INFO - 2026-02-02 19:46:26 [scrapy.core.scraper] DEBUG: Scraped from <200 https://www.perugiatoday.it/eventi/pollicino-sentieri-teatrali-panedentiteatro-panedentiteatro-13131603.html>
{'category': [],
 'city': 'Perugia',
 'city_id': None,
 'content_hash': 'c787714f0c0d8020',
 'date_display': 'dal 25 ottobre 2025 al 1 marzo 2026',
 'date_end': '2026-03-01',
 'date_start': '2025-10-25',
 'description': 'La stagione Pollicino – Sentieri Teatrali 2025-2026 prosegue '
                'il suo viaggio tra i teatri e gli spazi più suggestivi del '
                'Trasimeno, portando in scena un ricco calendario di '
                'spettacoli dedicati a bambine, bambini e famiglie. Un '
                'percorso culturale che intreccia arte, territorio e '
                'partecipazione, rendendo il teatro un luogo di incontro e '
                'scoperta condivisa. Dopo i primi appuntamenti, domenica 9 '
                'novembre al Teatro dell’Accademia di Tuoro sul Trasimeno '
                'appuntamento con “Seggioline”, una storia senza parole, '
                'giocata sul linguaggio fisico e sull’immaginazione, che '
                'racconta l’incontro tra due mondi opposti – ordine e '
                'creatività – capaci di completarsi a vicenda. Genere: teatro '
                'd’attore non verbale e clownerie | Età consigliata: dai 3 '
                'anni. “Once upon a time – Museo della fiaba” – Associazione '
                'Micro Macro Domenica 16 novembre, Palazzo della Corgna di '
                'Castiglione del Lago La scienziata Prof.ssa Gallina Cicova '
                'accompagna il pubblico in un insolito museo dove le fiabe si '
                'possono toccare. Tra scarpe di strega, mele avvelenate e '
                'sassolini per non perdersi nel bosco, i bambini vivono '
                'un’esperienza teatrale sensoriale e immersiva. Genere: teatro '
                'd’attore | Età consigliata: dai 4 anni. “Tutto cambia! Il '
                'bruco e la farfalla e altri racconti” – Teatro Gioco Vita '
                'Domenica 23 novembre, Teatro Mengoni di Magione Un viaggio '
                'nel tema della metamorfosi tra mito e natura, dove le '
                'trasformazioni diventano occasione di rinascita e '
                'consapevolezza. Genere: teatro d’ombre e d’attore | Età '
                'consigliata: dai 4 anni. “L’anatroccolo” – Panedentiteatro '
                'Sabato 13 dicembre, Teatro Ex Cinema di Paciano Una delle più '
                'amate fiabe classiche prende vita in scena con origami, '
                'scenografie pop-up e delicate immagini poetiche. A fine '
                'spettacolo, laboratorio di origami per i più piccoli. Genere: '
                'narrazione e teatro di figura | Età consigliata: dai 2 anni. '
                'BIGLIETTI E INFORMAZIONI Ingresso unico: € 6,00 Carta 10 '
                'spettacoli: € 50,00 (non nominativa, convertibile in '
                'biglietti SIAE) Apertura biglietteria: un’ora prima dello '
                'spettacolo Prenotazioni via WhatsApp al numero 347 521 0600 '
                'Maggiori informazioni su panedentiteatro.org INIZIATIVE '
                'SPECIALI Pollicino – Sentieri Teatrali affianca al cartellone '
                'una serie di progetti partecipativi che uniscono arte, '
                'ambiente e creatività: “Sentieri da piantare” Ogni stagione '
                'contribuisce alla creazione del bosco di Pollicino, un’azione '
                'di riforestazione che compensa la CO₂ e sensibilizza al '
                'rispetto dell’ambiente. Partecipare è semplice: per ogni '
                'spettacolo si può simbolicamente “piantare un albero”, '
                'sostenendo il progetto attraverso la rassegna. “Sentieri da '
                'collezionare” Un album di figurine illustrato dedicato agli '
                'spettacoli, alle curiosità sul teatro e alle storie dei '
                'comuni del Trasimeno. L’album si può prenotare inviando un '
                'messaggio WhatsApp al 347 521 0600, e ad ogni spettacolo si '
                'riceveranno nuove figurine da aggiungere, trasformando la '
                'stagione in un viaggio di collezione e memoria. “Vinci un '
                'MONAMÌ di Tiptissù” Un concorso creativo che trasforma i '
                'disegni dei bambini in veri pupazzi artigianali. Per '
                'partecipare basta consegnare in biglietteria uno o più '
                'disegni con nome, e-mail e recapito: a fine stagione sarà '
                'estratto il vincitore di un pupazzo MONAMÌ, simbolo della '
                'fantasia che diventa realtà. Il viaggio di Pollicino continua '
                'tra i sentieri del Trasimeno: borghi, piazze e teatri storici '
                'diventano luoghi di magia condivisa, dove la cultura cresce '
                'insieme ai più piccoli. Il programma completo della stagione '
                'è disponibile su panedentiteatro.org e sui canali social '
                'Pollicino – Sentieri Teatrali.',
 'event_id': 'pollicino-sentieri-teatrali-panedentiteatro-panedentiteatro-13131603',
 'image_url': '//citynews-perugiatoday.stgy.ovh/~media/horizontal-low/4583733067576/pollicino-sentieri-teatrali-panedentiteatro.png',
 'location_address': "Sant'Arcangelo, PG, Italia",
 'location_name': 'Area Sagra - Campo Sportivo',
 'price': '€6',
 'raw_data': {'detail': {'altre_informazioni': {'raw_text': 'Altre '
                                                            'informazioni Sito '
                                                            'web '
                                                            'panedentiteatro.org',
                                                'website': 'https://www.panedentiteatro.org/_files/ugd/06213d_185ad38a8b284a54a28f0ad67ad445fb.pdf'},
                         'descrizione': 'La stagione Pollicino – Sentieri '
                                        'Teatrali 2025-2026 prosegue il suo '
                                        'viaggio tra i teatri e gli spazi più '
                                        'suggestivi del Trasimeno, portando in '
                                        'scena un ricco calendario di '
                                        'spettacoli dedicati a bambine, '
                                        'bambini e famiglie. Un percorso '
                                        'culturale che intreccia arte, '
                                        'territorio e partecipazione, rendendo '
                                        'il teatro un luogo di incontro e '
                                        'scoperta condivisa. Dopo i primi '
                                        'appuntamenti, domenica 9 novembre al '
                                        'Teatro dell’Accademia di Tuoro sul '
                                        'Trasimeno appuntamento con '
                                        '“Seggioline”, una storia senza '
                                        'parole, giocata sul linguaggio fisico '
                                        'e sull’immaginazione, che racconta '
                                        'l’incontro tra due mondi opposti – '
                                        'ordine e creatività – capaci di '
                                        'completarsi a vicenda. Genere: teatro '
                                        'd’attore non verbale e clownerie | '
                                        'Età consigliata: dai 3 anni. “Once '
                                        'upon a time – Museo della fiaba” – '
                                        'Associazione Micro Macro Domenica 16 '
                                        'novembre, Palazzo della Corgna di '
                                        'Castiglione del Lago La scienziata '
                                        'Prof.ssa Gallina Cicova accompagna il '
                                        'pubblico in un insolito museo dove le '
                                        'fiabe si possono toccare. Tra scarpe '
                                        'di strega, mele avvelenate e '
                                        'sassolini per non perdersi nel bosco, '
                                        'i bambini vivono un’esperienza '
                                        'teatrale sensoriale e immersiva. '
                                        'Genere: teatro d’attore | Età '
                                        'consigliata: dai 4 anni. “Tutto '
                                        'cambia! Il bruco e la farfalla e '
                                        'altri racconti” – Teatro Gioco Vita '
                                        'Domenica 23 novembre, Teatro Mengoni '
                                        'di Magione Un viaggio nel tema della '
                                        'metamorfosi tra mito e natura, dove '
                                        'le trasformazioni diventano occasione '
                                        'di rinascita e consapevolezza. '
                                        'Genere: teatro d’ombre e d’attore | '
                                        'Età consigliata: dai 4 anni. '
                                        '“L’anatroccolo” – Panedentiteatro '
                                        'Sabato 13 dicembre, Teatro Ex Cinema '
                                        'di Paciano Una delle più amate fiabe '
                                        'classiche prende vita in scena con '
                                        'origami, scenografie pop-up e '
                                        'delicate immagini poetiche. A fine '
                                        'spettacolo, laboratorio di origami '
                                        'per i più piccoli. Genere: narrazione '
                                        'e teatro di figura | Età consigliata: '
                                        'dai 2 anni. BIGLIETTI E INFORMAZIONI '
                                        'Ingresso unico: € 6,00 Carta 10 '
                                        'spettacoli: € 50,00 (non nominativa, '
                                        'convertibile in biglietti SIAE) '
                                        'Apertura biglietteria: un’ora prima '
                                        'dello spettacolo Prenotazioni via '
                                        'WhatsApp al numero 347 521 0600 '
                                        'Maggiori informazioni su '
                                        'panedentiteatro.org INIZIATIVE '
                                        'SPECIALI Pollicino – Sentieri '
                                        'Teatrali affianca al cartellone una '
                                        'serie di progetti partecipativi che '
                                        'uniscono arte, ambiente e creatività: '
                                        '“Sentieri da piantare” Ogni stagione '
                                        'contribuisce alla creazione del bosco '
                                        'di Pollicino, un’azione di '
                                        'riforestazione che compensa la CO₂ e '
                                        'sensibilizza al rispetto '
                                        'dell’ambiente. Partecipare è '
                                        'semplice: per ogni spettacolo si può '
                                        'simbolicamente “piantare un albero”, '
                                        'sostenendo il progetto attraverso la '
                                        'rassegna. “Sentieri da collezionare” '
                                        'Un album di figurine illustrato '
                                        'dedicato agli spettacoli, alle '
                                        'curiosità sul teatro e alle storie '
                                        'dei comuni del Trasimeno. L’album si '
                                        'può prenotare inviando un messaggio '
                                        'WhatsApp al 347 521 0600, e ad ogni '
                                        'spettacolo si riceveranno nuove '
                                        'figurine da aggiungere, trasformando '
                                        'la stagione in un viaggio di '
                                        'collezione e memoria. “Vinci un '
                                        'MONAMÌ di Tiptissù” Un concorso '
                                        'creativo che trasforma i disegni dei '
                                        'bambini in veri pupazzi artigianali. '
                                        'Per partecipare basta consegnare in '
                                        'biglietteria uno o più disegni con '
                                        'nome, e-mail e recapito: a fine '
                                        'stagione sarà estratto il vincitore '
                                        'di un pupazzo MONAMÌ, simbolo della '
                                        'fantasia che diventa realtà. Il '
                                        'viaggio di Pollicino continua tra i '
                                        'sentieri del Trasimeno: borghi, '
                                        'piazze e teatri storici diventano '
                                        'luoghi di magia condivisa, dove la '
                                        'cultura cresce insieme ai più '
                                        'piccoli. Il programma completo della '
                                        'stagione è disponibile su '
                                        'panedentiteatro.org e sui canali '
                                        'social Pollicino – Sentieri Teatrali.',
                         'dove': {'address': "Sant'Arcangelo, PG, Italia",
                                  'name': 'Area Sagra - Campo Sportivo',
                                  'raw_text': 'Dove Area Sagra - Campo '
                                              "Sportivo Sant'Arcangelo, PG, "
                                              'Italia Magione'},
                         'image': '//citynews-perugiatoday.stgy.ovh/~media/horizontal-low/4583733067576/pollicino-sentieri-teatrali-panedentiteatro.png',
                         'prezzo': '€6',
                         'quando': {'date_end': '2026-03-01',
                                    'date_start': '2025-10-25',
                                    'raw_text': 'Quando Dal 25/10/2025 al '
                                                '01/03/2026 17:00',
                                    'schedule': '17:00'}},
              'list': {'category': None,
                       'date': 'dal 25 ottobre 2025 al 1 marzo 2026',
                       'image': '//citynews-perugiatoday.stgy.ovh/~media/horizontal-mid/4583733067576/pollicino-sentieri-teatrali-panedentiteatro.png',
                       'location': 'Area Sagra - Campo Sportivo',
                       'stars': None,
                       'title': 'Pollicino – Sentieri Teatrali, a Tuoro '
                                'appuntamento con Seggioline'}},
 'scraped_at': '2026-02-02T19:46:26.390030',
 'source': 'city_today',
 'title': 'Pollicino – Sentieri Teatrali, a Tuoro appuntamento con Seggioline',
 'url': 'https://www.perugiatoday.it/eventi/pollicino-sentieri-teatrali-panedentiteatro-panedentiteatro-13131603.html',
 'uuid': '5d31b28f3d72005b',
 'website': 'https://www.panedentiteatro.org/_files/ugd/06213d_185ad38a8b284a54a28f0ad67ad445fb.pdf'}
[2026-02-02T19:46:27.869+0000] {docker.py:429} INFO - 2026-02-02 19:46:27 [scrapy.core.engine] DEBUG: Crawled (200) <GET https://www.perugiatoday.it/eventi/cinema/umbria-legale-e-sicura-il-cinema-per-riflettere-su-immigrazione-sicurezza-e-legalita.html> (referer: https://www.perugiatoday.it/eventi/dal/2026-02-02/al/2026-02-08/)
[2026-02-02T19:46:27.978+0000] {docker.py:429} INFO - 2026-02-02 19:46:27 [scrapy.core.scraper] DEBUG: Scraped from <200 https://www.perugiatoday.it/eventi/cinema/umbria-legale-e-sicura-il-cinema-per-riflettere-su-immigrazione-sicurezza-e-legalita.html>
{'category': [],
 'city': 'Perugia',
 'city_id': None,
 'content_hash': '820d80dd3fe46df1',
 'date_display': 'dal 27 novembre 2025 al 19 febbraio 2026',
 'date_end': '2026-02-19',
 'date_start': '2025-11-27',
 'description': 'Prende il via in Umbria un percorso di sensibilizzazione '
                'dedicato al contrasto dello sfruttamento lavorativo dei '
                'migranti e alla promozione di una cultura della legalità e '
                'della responsabilità sociale d’impresa. L’iniziativa è '
                'promossa da Legacoop Umbria, Confcooperative Umbria, '
                'Confesercenti Umbria e Cooperativa Borgorete, all’interno del '
                'progetto “Umbria Legale e Sicura”, di cui la Regione Umbria è '
                'capofila. L’obiettivo è coinvolgere imprese, istituzioni e '
                'cittadinanza in un percorso condiviso di informazione e '
                'riflessione sul ruolo del lavoro come strumento di inclusione '
                'e dignità, promuovendo al tempo stesso pratiche produttive e '
                'sociali fondate su equità, trasparenza e rispetto dei '
                'diritti. Quattro cineforum per riflettere su lavoro, diritti '
                'e inclusione Tra le attività previste, il partenariato '
                'organizza un ciclo di quattro cineforum pubblici e gratuiti, '
                'che si svolgeranno tra novembre 2025 e febbraio 2026 in '
                'diverse località umbre. Ogni incontro prevede la proiezione '
                'di un film o documentario tematico, preceduta da un dibattito '
                'con rappresentanti del mondo cooperativo, istituzionale e '
                'imprenditoriale, oltre a esperti e testimoni diretti. '
                'Castiglione del Lago, giovedì 27 novembre 2025 – Nuovo Cinema '
                'Caporali Proiezione del docufilm “PIL – Perché l’immigrazione '
                'è lavoro”, regia di Stefano Di Polito Spoleto, giovedì 18 '
                'dicembre 2025 – Cinema Sala Frau Proiezione del corto '
                '“Partire e ripartire”, regia di Jacopo Fioretti e Massimo '
                'Balducci Umbertide, giovedì 15 gennaio 2026 – Cinema '
                'Metropolis Proiezione del film “Care Seekers”, regia di '
                'Teresa Sala Perugia, giovedì 19 febbraio 2026 – Cinema '
                'PostModernissimo Proiezione del film “Anywhere Anytime”, '
                'regia di Milad Tangshir Gli incontri rappresentano '
                'un’occasione preziosa per approfondire il tema della legalità '
                'nel lavoro, condividere esperienze e buone pratiche e '
                'rafforzare l’impegno comune verso un sistema produttivo più '
                'giusto e inclusivo. Il cineforum rappresenta uno strumento '
                'privilegiato per stimolare la riflessione collettiva '
                'attraverso il linguaggio cinematografico, capace di '
                'comunicare in modo immediato ed emotivamente coinvolgente '
                'temi complessi come quello dello sfruttamento lavorativo dei '
                'migranti, favorendo una maggiore consapevolezza del ruolo del '
                'lavoro come strumento di emancipazione, autonomia e coesione, '
                'stimolando comportamenti responsabili e partecipativi '
                'all’interno della comunità.',
 'event_id': 'umbria-legale-e-sicura-il-cinema-per-riflettere-su-immigrazione-sicurezza-e-legalita',
 'image_url': '//citynews-perugiatoday.stgy.ovh/~media/horizontal-low/47586176826365/whatsapp-image-2025-11-13-at-13-34-25.jpeg',
 'location_address': None,
 'location_name': None,
 'price': 'Prezzo non disponibile',
 'raw_data': {'detail': {'altre_informazioni': {'raw_text': 'Altre '
                                                            'informazioni',
                                                'website': None},
                         'descrizione': 'Prende il via in Umbria un percorso '
                                        'di sensibilizzazione dedicato al '
                                        'contrasto dello sfruttamento '
                                        'lavorativo dei migranti e alla '
                                        'promozione di una cultura della '
                                        'legalità e della responsabilità '
                                        'sociale d’impresa. L’iniziativa è '
                                        'promossa da Legacoop Umbria, '
                                        'Confcooperative Umbria, Confesercenti '
                                        'Umbria e Cooperativa Borgorete, '
                                        'all’interno del progetto “Umbria '
                                        'Legale e Sicura”, di cui la Regione '
                                        'Umbria è capofila. L’obiettivo è '
                                        'coinvolgere imprese, istituzioni e '
                                        'cittadinanza in un percorso condiviso '
                                        'di informazione e riflessione sul '
                                        'ruolo del lavoro come strumento di '
                                        'inclusione e dignità, promuovendo al '
                                        'tempo stesso pratiche produttive e '
                                        'sociali fondate su equità, '
                                        'trasparenza e rispetto dei diritti. '
                                        'Quattro cineforum per riflettere su '
                                        'lavoro, diritti e inclusione Tra le '
                                        'attività previste, il partenariato '
                                        'organizza un ciclo di quattro '
                                        'cineforum pubblici e gratuiti, che si '
                                        'svolgeranno tra novembre 2025 e '
                                        'febbraio 2026 in diverse località '
                                        'umbre. Ogni incontro prevede la '
                                        'proiezione di un film o documentario '
                                        'tematico, preceduta da un dibattito '
                                        'con rappresentanti del mondo '
                                        'cooperativo, istituzionale e '
                                        'imprenditoriale, oltre a esperti e '
                                        'testimoni diretti. Castiglione del '
                                        'Lago, giovedì 27 novembre 2025 – '
                                        'Nuovo Cinema Caporali Proiezione del '
                                        'docufilm “PIL – Perché l’immigrazione '
                                        'è lavoro”, regia di Stefano Di Polito '
                                        'Spoleto, giovedì 18 dicembre 2025 – '
                                        'Cinema Sala Frau Proiezione del corto '
                                        '“Partire e ripartire”, regia di '
                                        'Jacopo Fioretti e Massimo Balducci '
                                        'Umbertide, giovedì 15 gennaio 2026 – '
                                        'Cinema Metropolis Proiezione del film '
                                        '“Care Seekers”, regia di Teresa Sala '
                                        'Perugia, giovedì 19 febbraio 2026 – '
                                        'Cinema PostModernissimo Proiezione '
                                        'del film “Anywhere Anytime”, regia di '
                                        'Milad Tangshir Gli incontri '
                                        'rappresentano un’occasione preziosa '
                                        'per approfondire il tema della '
                                        'legalità nel lavoro, condividere '
                                        'esperienze e buone pratiche e '
                                        'rafforzare l’impegno comune verso un '
                                        'sistema produttivo più giusto e '
                                        'inclusivo. Il cineforum rappresenta '
                                        'uno strumento privilegiato per '
                                        'stimolare la riflessione collettiva '
                                        'attraverso il linguaggio '
                                        'cinematografico, capace di comunicare '
                                        'in modo immediato ed emotivamente '
                                        'coinvolgente temi complessi come '
                                        'quello dello sfruttamento lavorativo '
                                        'dei migranti, favorendo una maggiore '
                                        'consapevolezza del ruolo del lavoro '
                                        'come strumento di emancipazione, '
                                        'autonomia e coesione, stimolando '
                                        'comportamenti responsabili e '
                                        'partecipativi all’interno della '
                                        'comunità.',
                         'dove': {'address': None,
                                  'name': None,
                                  'raw_text': 'Dove Indirizzo non disponibile '
                                              'Castiglione del Lago'},
                         'image': '//citynews-perugiatoday.stgy.ovh/~media/horizontal-low/47586176826365/whatsapp-image-2025-11-13-at-13-34-25.jpeg',
                         'prezzo': 'Prezzo non disponibile',
                         'quando': {'date_end': '2026-02-19',
                                    'date_start': '2025-11-27',
                                    'raw_text': 'Quando Dal 27/11/2025 al '
                                                '19/02/2026 Orario non '
                                                'disponibile',
                                    'schedule': 'Orario non disponibile'}},
              'list': {'category': None,
                       'date': 'dal 27 novembre 2025 al 19 febbraio 2026',
                       'image': '//citynews-perugiatoday.stgy.ovh/~media/horizontal-mid/47586176826365/whatsapp-image-2025-11-13-at-13-34-25.jpeg',
                       'location': None,
                       'stars': None,
                       'title': 'Umbria Legale e Sicura, il cinema per '
                                'riflettere su immigrazione, sicurezza e '
                                'legalità'}},
 'scraped_at': '2026-02-02T19:46:27.976700',
 'source': 'city_today',
 'title': 'Umbria Legale e Sicura, il cinema per riflettere su immigrazione, '
          'sicurezza e legalità',
 'url': 'https://www.perugiatoday.it/eventi/cinema/umbria-legale-e-sicura-il-cinema-per-riflettere-su-immigrazione-sicurezza-e-legalita.html',
 'uuid': '91d094f109e6266b',
 'website': None}
[2026-02-02T19:46:29.431+0000] {docker.py:429} INFO - 2026-02-02 19:46:29 [scrapy.core.engine] DEBUG: Crawled (200) <GET https://www.perugiatoday.it/eventi/catechesi-francescana-perugia.html> (referer: https://www.perugiatoday.it/eventi/dal/2026-02-02/al/2026-02-08/)
[2026-02-02T19:46:29.550+0000] {docker.py:429} INFO - 2026-02-02 19:46:29 [scrapy.core.scraper] DEBUG: Scraped from <200 https://www.perugiatoday.it/eventi/catechesi-francescana-perugia.html>
{'category': ['Incontri'],
 'city': 'Perugia',
 'city_id': None,
 'content_hash': 'b427878ff17cf025',
 'date_display': 'dal 11 novembre 2025 al 11 maggio 2026',
 'date_end': '2026-05-11',
 'date_start': '2025-11-11',
 'description': 'Da martedì 11 novembre inizia a Perugia, presso la chiesa dei '
                'Santi Biagio e Savino in via Birago, il percorso di catechesi '
                'che, ormai da diversi anni, dà ai membri delle comunità '
                'parrocchiali dell’Unità pastorale 2 la possibilità di '
                'prendersi un tempo sostenibile di ascolto e successivamente, '
                'per chi vuole, di condivisione. Quotidiano Francesco è il '
                'titolo del percorso, che quest’anno è tracciato sul santo di '
                'Assisi nell’anniversario degli ottocento anni dalla morte. '
                'Alle 18.45 inizieranno gli appuntamenti presenti in '
                'calendario (vedi allegato), per terminare tutti entro le ore '
                '20. Saranno figure francescane che nella nostra Umbria '
                'svolgono diversi apostolati – sottolinea il parroco don Luca '
                'Delunghi – ad accompagnare gli uditori: a novembre suor Katia '
                'Roncalli, responsabile della Fraternità Evangelii Gaudium, '
                'che insegna ad Assisi; nel mese di gennaio ci sarà fra '
                'Daniele Rossi ofm, assistente regionale del Terz’ordine '
                '(ofs); a marzo suor Daniela Cancilla delle Sorelle del '
                'Piccolo Testamento della diocesi di Gubbio; ad aprile padre '
                'Guglielmo Spirito ofmConv., anche lui insegnante ad Assisi; e '
                'infine, nel mese di maggio, suor Cristina Ripamonti delle '
                'Francescane di Gesù Bambino, che insieme alla sua fraternità '
                'svolge diversi apostolati nella nostra diocesi. I mesi di '
                'novembre e di marzo comprenderanno due mezze giornate di '
                'ritiro: sabato 29 novembre per la preparazione all’Avvento, e '
                'sabato 15 febbraio per la preparazione alla Quaresima, '
                'rispettivamente sulla figura di Carlo Carretto e su quella di '
                'Madeleine Delbrêl: due laici che anche da san Francesco si '
                'sono lasciati interrogare e, in qualche maniera, suggerire il '
                'cammino. Per questi due appuntamenti, entrambi nella '
                'parrocchia di San Ferdinando, saranno il giornalista Gianni '
                'di Santo e il professor Mauro Spina ad accompagnare la '
                'riflessione. Le proposte sono aperte a tutti coloro che '
                'desiderano ascoltare; non è obbligatorio frequentare l’intero '
                'percorso. I temi trattati mensilmente saranno indicati nella '
                'pagina Facebook della parrocchia dei Santi Biagio e Savino e '
                'attraverso la Newsletter.',
 'event_id': 'catechesi-francescana-perugia',
 'image_url': '//citynews-perugiatoday.stgy.ovh/~media/horizontal-low/22275959242847/alla-scuola-di-francesco.jpg',
 'location_address': None,
 'location_name': 'Chiesa dei Santi Biagio e Savino',
 'price': 'Prezzo non disponibile',
 'raw_data': {'detail': {'altre_informazioni': {'raw_text': 'Altre '
                                                            'informazioni',
                                                'website': None},
                         'descrizione': 'Da martedì 11 novembre inizia a '
                                        'Perugia, presso la chiesa dei Santi '
                                        'Biagio e Savino in via Birago, il '
                                        'percorso di catechesi che, ormai da '
                                        'diversi anni, dà ai membri delle '
                                        'comunità parrocchiali dell’Unità '
                                        'pastorale 2 la possibilità di '
                                        'prendersi un tempo sostenibile di '
                                        'ascolto e successivamente, per chi '
                                        'vuole, di condivisione. Quotidiano '
                                        'Francesco è il titolo del percorso, '
                                        'che quest’anno è tracciato sul santo '
                                        'di Assisi nell’anniversario degli '
                                        'ottocento anni dalla morte. Alle '
                                        '18.45 inizieranno gli appuntamenti '
                                        'presenti in calendario (vedi '
                                        'allegato), per terminare tutti entro '
                                        'le ore 20. Saranno figure francescane '
                                        'che nella nostra Umbria svolgono '
                                        'diversi apostolati – sottolinea il '
                                        'parroco don Luca Delunghi – ad '
                                        'accompagnare gli uditori: a novembre '
                                        'suor Katia Roncalli, responsabile '
                                        'della Fraternità Evangelii Gaudium, '
                                        'che insegna ad Assisi; nel mese di '
                                        'gennaio ci sarà fra Daniele Rossi '
                                        'ofm, assistente regionale del '
                                        'Terz’ordine (ofs); a marzo suor '
                                        'Daniela Cancilla delle Sorelle del '
                                        'Piccolo Testamento della diocesi di '
                                        'Gubbio; ad aprile padre Guglielmo '
                                        'Spirito ofmConv., anche lui '
                                        'insegnante ad Assisi; e infine, nel '
                                        'mese di maggio, suor Cristina '
                                        'Ripamonti delle Francescane di Gesù '
                                        'Bambino, che insieme alla sua '
                                        'fraternità svolge diversi apostolati '
                                        'nella nostra diocesi. I mesi di '
                                        'novembre e di marzo comprenderanno '
                                        'due mezze giornate di ritiro: sabato '
                                        '29 novembre per la preparazione '
                                        'all’Avvento, e sabato 15 febbraio per '
                                        'la preparazione alla Quaresima, '
                                        'rispettivamente sulla figura di Carlo '
                                        'Carretto e su quella di Madeleine '
                                        'Delbrêl: due laici che anche da san '
                                        'Francesco si sono lasciati '
                                        'interrogare e, in qualche maniera, '
                                        'suggerire il cammino. Per questi due '
                                        'appuntamenti, entrambi nella '
                                        'parrocchia di San Ferdinando, saranno '
                                        'il giornalista Gianni di Santo e il '
                                        'professor Mauro Spina ad accompagnare '
                                        'la riflessione. Le proposte sono '
                                        'aperte a tutti coloro che desiderano '
                                        'ascoltare; non è obbligatorio '
                                        'frequentare l’intero percorso. I temi '
                                        'trattati mensilmente saranno indicati '
                                        'nella pagina Facebook della '
                                        'parrocchia dei Santi Biagio e Savino '
                                        'e attraverso la Newsletter.',
                         'dove': {'address': None,
                                  'name': 'Chiesa dei Santi Biagio e Savino',
                                  'raw_text': 'Dove Chiesa dei Santi Biagio e '
                                              'Savino Indirizzo non '
                                              'disponibile'},
                         'image': '//citynews-perugiatoday.stgy.ovh/~media/horizontal-low/22275959242847/alla-scuola-di-francesco.jpg',
                         'prezzo': 'Prezzo non disponibile',
                         'quando': {'date_end': '2026-05-11',
                                    'date_start': '2025-11-11',
                                    'raw_text': 'Quando Dal 11/11/2025 al '
                                                '11/05/2026 Ore 18.45',
                                    'schedule': 'Ore 18.45'}},
              'list': {'category': 'Incontri',
                       'date': 'dal 11 novembre 2025 al 11 maggio 2026',
                       'image': '//citynews-perugiatoday.stgy.ovh/~media/horizontal-mid/22275959242847/alla-scuola-di-francesco.jpg',
                       'location': 'Chiesa dei Santi Biagio e Savino',
                       'stars': None,
                       'title': '"Alla scuola di Francesco", ciclo di '
                                'catechesi per giovani e adulti presso la '
                                'chiesa dei Santi Biagio e Savino'}},
 'scraped_at': '2026-02-02T19:46:29.546400',
 'source': 'city_today',
 'title': '"Alla scuola di Francesco", ciclo di catechesi per giovani e adulti '
          'presso la chiesa dei Santi Biagio e Savino',
 'url': 'https://www.perugiatoday.it/eventi/catechesi-francescana-perugia.html',
 'uuid': '6f2e4d7c6013300d',
 'website': None}
[2026-02-02T19:46:30.626+0000] {docker.py:429} INFO - 2026-02-02 19:46:30 [scrapy.core.engine] DEBUG: Crawled (200) <GET https://www.perugiatoday.it/eventi/perugia-giornate-del-bartoccio-programma-eventi-2026.html> (referer: https://www.perugiatoday.it/eventi/dal/2026-02-02/al/2026-02-08/)
[2026-02-02T19:46:30.757+0000] {docker.py:429} INFO - 2026-02-02 19:46:30 [scrapy.core.scraper] DEBUG: Scraped from <200 https://www.perugiatoday.it/eventi/perugia-giornate-del-bartoccio-programma-eventi-2026.html>
{'category': [],
 'city': 'Perugia',
 'city_id': None,
 'content_hash': 'fa9cbec0503d8248',
 'date_display': 'dal 5 al 14 febbraio 2026',
 'date_end': '2026-02-14',
 'date_start': '2026-02-05',
 'description': '"Il Bartoccio ha lasciato la sua casetta al Pian del Tevere '
                'per venire in città col suo carico di bartocciate, di lazzi e '
                'scherzi": lo ha annunciato, con l\'arrivo del Carnevale, è la '
                'Società del Bartoccio che, come ogni anno, si incarica di '
                'fargli una degna accoglienza. Cominciano dunque le Giornate '
                'del Bartoccio 2026, una serie di iniziative che uniscono '
                'cultura e divertimento, tradizione e innovazione: è la XV '
                'edizione della manifestazione, che è stata dedicata a Mario '
                'Mirabassi, l’artista delle marionette e dei burattini '
                'scomparso nel dicembre scorso. Anche quest’anno, le '
                'iniziative spaziano sul territorio comunale, da Ripa a Ponte '
                'd’Oddi, da San Sisto al centro città; e comprendono concerti, '
                'gara di bartocciate, cucina perugina, il ballo, la musica. Si '
                'inizia giovedì 5 febbraio alla Biblioteca di Ripa con la '
                'presentazione del volume A tavola nun se ‘nvecchia. 150 '
                'ricette per magna’ a la perugina, con Graziano Vinti, '
                'Francesca Silvestri, Renzo Zuccherini e Roberto Cecchetti '
                'alla fisarmonica . Il venerdì 6 febbraio al Circolo di Ponte '
                'd’Oddi si terrà l’annuale Gara di Bartocciate, condotta dal '
                'Bartoccio (Graziano Vinti): i poeti perugini si sfidano per '
                'la bartocciata più cattiva e tagliente, che sarà proclamata '
                'Bartocciata dell’anno”. A seguire, il Circolo offre un bocon '
                'de damagna’ (ma giusto ‘no stuzzichino), e poi alle 21,00 la '
                'presentazione del volume A tavola nun se ‘nvecchia. 150 '
                'ricette per magna’ a la perugina, con gli stessi '
                'protagonisti. Un momento molto significativo è atteso per '
                'sabato 7 febbraio al Teatro di Figura, ove la Società del '
                'Bartoccio, insieme alla Famiglia Perugina e alll’Associazione '
                'Borgobello, promuove l’incontro: Mario Mirabassi, artista e '
                'maestro, in cui interverranno Piergiorgio Giacchè, Emidio De '
                'Albentiis, Ada Mirabassi, Orfeo Ambrosi, Susanna Cati, '
                'Francesco Parroni, con il coordinamento di Renzo Zuccherini. '
                'In tale occasione, la Famiglia Perugina consegnerà il Grifone '
                'd’onore alla memoria. Quindi Ada Mirabassi, che attualmente '
                'gestisce il Teatro di Figura, accompagnerà i presenti in una '
                'visita al MuMa – Museo delle Marionette. L’atmosfera '
                'carnevalesca si accende poi alle ore 20,00 al Circolo '
                'Dipendenti Perugina, con il Gran Veglione mascherato del '
                'Bartoccio. Una vera sorpresa ci attende il mercoledì 11 '
                'febbraio alla Società di mutuo soccorso con la presentazione '
                'di TeleBartoccio, un video di satira e commenti di attualità, '
                'con Maurizio Modesti. Torna il canto di tradizione orale con '
                'il concerto del Coro dei Pezzenti, venerdì 13 febbraio alla '
                'Sezione Bonfigli Tomovic dell’Anpi, Nostra patria è il mondo '
                'intero, dedicato a canti popolari e di protesta. Il momento '
                'conclusivo del carnevale sarà sabato 14 febbraio con la '
                '“Caminata del Bartoccio”, una camminata allegra e scanzonata '
                'che partirà dal Crocevia di Corso Cavour per salire in centro '
                'lungo corso Vannucci e concludersi in piazza Matteotti, '
                'guidata ovviamente dal Bartoccio, che, alla Loggia dei '
                'Lanari, declamerà la bartocciata p’la Sindaca, la quale gli '
                'consegnerà le chiavi della città, proclamandolo re del '
                'Carnevale; infine si procederà alla premiazione della gara di '
                'Bartocciate.',
 'event_id': 'perugia-giornate-del-bartoccio-programma-eventi-2026',
 'image_url': '//citynews-perugiatoday.stgy.ovh/~media/horizontal-low/36769144095005/giornate-26-1.jpg',
 'location_address': None,
 'location_name': None,
 'price': 'Prezzo non disponibile',
 'raw_data': {'detail': {'altre_informazioni': {'raw_text': 'Altre '
                                                            'informazioni Tema '
                                                            'Carnevale Evento '
                                                            'per bambini',
                                                'website': None},
                         'descrizione': '"Il Bartoccio ha lasciato la sua '
                                        'casetta al Pian del Tevere per venire '
                                        'in città col suo carico di '
                                        'bartocciate, di lazzi e scherzi": lo '
                                        "ha annunciato, con l'arrivo del "
                                        'Carnevale, è la Società del Bartoccio '
                                        'che, come ogni anno, si incarica di '
                                        'fargli una degna accoglienza. '
                                        'Cominciano dunque le Giornate del '
                                        'Bartoccio 2026, una serie di '
                                        'iniziative che uniscono cultura e '
                                        'divertimento, tradizione e '
                                        'innovazione: è la XV edizione della '
                                        'manifestazione, che è stata dedicata '
                                        'a Mario Mirabassi, l’artista delle '
                                        'marionette e dei burattini scomparso '
                                        'nel dicembre scorso. Anche '
                                        'quest’anno, le iniziative spaziano '
                                        'sul territorio comunale, da Ripa a '
                                        'Ponte d’Oddi, da San Sisto al centro '
                                        'città; e comprendono concerti, gara '
                                        'di bartocciate, cucina perugina, il '
                                        'ballo, la musica. Si inizia giovedì 5 '
                                        'febbraio alla Biblioteca di Ripa con '
                                        'la presentazione del volume A tavola '
                                        'nun se ‘nvecchia. 150 ricette per '
                                        'magna’ a la perugina, con Graziano '
                                        'Vinti, Francesca Silvestri, Renzo '
                                        'Zuccherini e Roberto Cecchetti alla '
                                        'fisarmonica . Il venerdì 6 febbraio '
                                        'al Circolo di Ponte d’Oddi si terrà '
                                        'l’annuale Gara di Bartocciate, '
                                        'condotta dal Bartoccio (Graziano '
                                        'Vinti): i poeti perugini si sfidano '
                                        'per la bartocciata più cattiva e '
                                        'tagliente, che sarà proclamata '
                                        'Bartocciata dell’anno”. A seguire, il '
                                        'Circolo offre un bocon de damagna’ '
                                        '(ma giusto ‘no stuzzichino), e poi '
                                        'alle 21,00 la presentazione del '
                                        'volume A tavola nun se ‘nvecchia. 150 '
                                        'ricette per magna’ a la perugina, con '
                                        'gli stessi protagonisti. Un momento '
                                        'molto significativo è atteso per '
                                        'sabato 7 febbraio al Teatro di '
                                        'Figura, ove la Società del Bartoccio, '
                                        'insieme alla Famiglia Perugina e '
                                        'alll’Associazione Borgobello, '
                                        'promuove l’incontro: Mario Mirabassi, '
                                        'artista e maestro, in cui '
                                        'interverranno Piergiorgio Giacchè, '
                                        'Emidio De Albentiis, Ada Mirabassi, '
                                        'Orfeo Ambrosi, Susanna Cati, '
                                        'Francesco Parroni, con il '
                                        'coordinamento di Renzo Zuccherini. In '
                                        'tale occasione, la Famiglia Perugina '
                                        'consegnerà il Grifone d’onore alla '
                                        'memoria. Quindi Ada Mirabassi, che '
                                        'attualmente gestisce il Teatro di '
                                        'Figura, accompagnerà i presenti in '
                                        'una visita al MuMa – Museo delle '
                                        'Marionette. L’atmosfera carnevalesca '
                                        'si accende poi alle ore 20,00 al '
                                        'Circolo Dipendenti Perugina, con il '
                                        'Gran Veglione mascherato del '
                                        'Bartoccio. Una vera sorpresa ci '
                                        'attende il mercoledì 11 febbraio alla '
                                        'Società di mutuo soccorso con la '
                                        'presentazione di TeleBartoccio, un '
                                        'video di satira e commenti di '
                                        'attualità, con Maurizio Modesti. '
                                        'Torna il canto di tradizione orale '
                                        'con il concerto del Coro dei '
                                        'Pezzenti, venerdì 13 febbraio alla '
                                        'Sezione Bonfigli Tomovic dell’Anpi, '
                                        'Nostra patria è il mondo intero, '
                                        'dedicato a canti popolari e di '
                                        'protesta. Il momento conclusivo del '
                                        'carnevale sarà sabato 14 febbraio con '
                                        'la “Caminata del Bartoccio”, una '
                                        'camminata allegra e scanzonata che '
                                        'partirà dal Crocevia di Corso Cavour '
                                        'per salire in centro lungo corso '
                                        'Vannucci e concludersi in piazza '
                                        'Matteotti, guidata ovviamente dal '
                                        'Bartoccio, che, alla Loggia dei '
                                        'Lanari, declamerà la bartocciata p’la '
                                        'Sindaca, la quale gli consegnerà le '
                                        'chiavi della città, proclamandolo re '
                                        'del Carnevale; infine si procederà '
                                        'alla premiazione della gara di '
                                        'Bartocciate.',
                         'dove': {'address': None,
                                  'name': None,
                                  'raw_text': 'Dove Indirizzo non disponibile'},
                         'image': '//citynews-perugiatoday.stgy.ovh/~media/horizontal-low/36769144095005/giornate-26-1.jpg',
                         'prezzo': 'Prezzo non disponibile',
                         'quando': {'date_end': '2026-02-14',
                                    'date_start': '2026-02-05',
                                    'raw_text': 'Quando Dal 05/02/2026 al '
                                                '14/02/2026 Orario non '
                                                'disponibile',
                                    'schedule': 'Orario non disponibile'}},
              'list': {'category': None,
                       'date': 'dal 5 al 14 febbraio 2026',
                       'image': '//citynews-perugiatoday.stgy.ovh/~media/horizontal-mid/36769144095005/giornate-26-1.jpg',
                       'location': None,
                       'stars': None,
                       'title': 'Carnevale, dal 5 al 14 febbraio le giornate '
                                'del Bartoccio: tutto il programma degli '
                                'eventi ludici e culturali'}},
 'scraped_at': '2026-02-02T19:46:30.747437',
 'source': 'city_today',
 'title': 'Carnevale, dal 5 al 14 febbraio le giornate del Bartoccio: tutto il '
          'programma degli eventi ludici e culturali',
 'url': 'https://www.perugiatoday.it/eventi/perugia-giornate-del-bartoccio-programma-eventi-2026.html',
 'uuid': '409d0bd6edd3e562',
 'website': None}
[2026-02-02T19:46:32.083+0000] {docker.py:429} INFO - 2026-02-02 19:46:32 [scrapy.core.engine] DEBUG: Crawled (200) <GET https://www.perugiatoday.it/eventi/factory-fest-le-arti-performative-fanno-festa.html> (referer: https://www.perugiatoday.it/eventi/dal/2026-02-02/al/2026-02-08/)
[2026-02-02T19:46:32.196+0000] {docker.py:429} INFO - 2026-02-02 19:46:32 [scrapy.core.scraper] DEBUG: Scraped from <200 https://www.perugiatoday.it/eventi/factory-fest-le-arti-performative-fanno-festa.html>
{'category': [],
 'city': 'Perugia',
 'city_id': None,
 'content_hash': 'c2bdc9e49a3730d2',
 'date_display': 'dal 2 ottobre 2025 al 5 ottobre 2028',
 'date_end': '2028-10-05',
 'date_start': '2025-10-02',
 'description': 'La grande festa delle arti performative sta per entrare nel '
                'vivo. Factory Fest, evoluzione di Umbria Factory Fest, inizia '
                'il suo percorso di ricostruzione, nel triennio 2025-2027, di '
                'nuove ritualità e nuove forme di condivisione. Dopo le due '
                'anteprime di settembre - al Giardino di Villa Cappuccini a '
                'Cannara la performance di Joe Rehmer & Camilla Branchetti dal '
                'titolo “A Fall Won’t Make a Sound” e al Cantiere Oberdan di '
                'Spoleto “Trickster” la performance all’interno della rassegna '
                '“You Are Here – cartografie di corpi in movimento” di '
                'OperaBianco - Factory Fest presenta ora una serie proposte '
                'legate ai temi e ai contesti del contemporaneo che si snodano '
                'dunque lungo il percorso della vecchia via Flaminia, e alcune '
                'deviazioni lungo il tragitto, in Valnerina e nella Valle del '
                'Menotre. Il Festival, ideato dalla Coop. Ge.Ci.Te. in '
                'collaborazione con La Mama Umbria International, si svolge '
                'dal 2 al 12 ottobre nei comuni di Spoleto, Foligno, Cannara, '
                "Sant'Anatolia di Narco, Spello e Bevagna. Nell’incontro dei "
                'molteplici linguaggi performativi, la programmazione 2025 '
                'propone ancora una volta artisti nazionali e internazionali '
                'che scelgono e sperimentano percorsi originali e '
                'sorprendenti: 24 formazioni artistiche coinvolte, 44 repliche '
                'complessive e 15 nuove produzioni di cui 6 progetti inediti. '
                'Si inizia da Spoleto. “Pinocchio” di Lucia Guarino apre '
                'l’edizione 2025: un percorso sulla fragilità e sull’ambiguità '
                'dell’esser-ci prodotto dal Teatro Stabile dell’Umbria (2 e 3 '
                'ottobre, ore 21, Cantiere Oberdan - Spoleto). Seguono il 3 '
                'ottobre “Di cosa Parliamo quando parliamo d’amore” di Claudio '
                'Cirri/Sotterraneo (ore 17-18.30-20, Palazzo Due Mondi) e la '
                'musica di Bitoi, progetto immersivo in cui la natura diviene '
                'soggetto/oggetto artistico ed estetico (ore 22, Sala Pegasus '
                '- Spoleto). Sabato 4 ottobre, all’interno di SCIE di La MaMa '
                'Umbria International per la Giornata del Contemporaneo, Elia '
                'Pangaro presenta “Bolide / deus ex machina”, spettacolo di '
                'danza che trae ispirazione dal futurismo (ore 18.30, Cortile '
                'Palazzo Collicola - Spoleto). Previsti anche il “DJ Show” di '
                'Sotterraneo (ore 20.30, Palazzo Due Mondi - Spoleto) e “Mutes '
                'alive”, concerto del compositore e polistrumentista francese '
                'Pierre Bastien con strumenti inusuali (ore 22, Cantiere '
                'Oberdan - Spoleto). Domenica 5 ottobre, Castel San Felice '
                '(Sant’Anatolia di Narco) ospiterà “Guado”, performance di '
                'danza di Nanou che prende forma dal luogo (ore 12): il corso '
                'd’acqua di un fiume diventa tempo e spazio per l’atto '
                'coreografico; seguirà lo spettacolo per famiglie “Officina '
                'Prometeo” di Divisoperzero - Vincitore In-Box Verde 2025 (ore '
                '17, Cantiere Oberdan - Spoleto). Il progetto Factory Fest si '
                'sviluppa lungo tre direttrici principali. La prima riguarda i '
                'progetti site specific, che mettono in relazione i processi '
                'creativi con spazi non convenzionali – luoghi pubblici, '
                'musei, chiese sconsacrate, piazze periferiche, spazi privati '
                '– per costruire nuove connessioni con comunità e pubblici '
                'diversi. La seconda, Nuove forme del 2050, raccoglie le '
                'sperimentazioni di artisti e compagnie che indagano linguaggi '
                'e tecnologie innovative, superando schemi consolidati e '
                'affrontando i nodi della contemporaneità con approcci '
                'sperimentali. La terza direttrice invece, La comunità aperta, '
                'punta a rafforzare il dialogo fra arti performative, '
                'territorio e società civile, con particolare attenzione ai '
                'temi dell’accessibilità e dell’inclusione, oltre che a '
                'progettualità rivolte all’infanzia.',
 'event_id': 'factory-fest-le-arti-performative-fanno-festa',
 'image_url': '//citynews-perugiatoday.stgy.ovh/~media/horizontal-low/44555213172097/025-guado-lorenzo-pasini-_dsf3387ok.jpg',
 'location_address': None,
 'location_name': None,
 'price': 'Prezzo non disponibile',
 'raw_data': {'detail': {'altre_informazioni': {'raw_text': 'Altre '
                                                            'informazioni',
                                                'website': None},
                         'descrizione': 'La grande festa delle arti '
                                        'performative sta per entrare nel '
                                        'vivo. Factory Fest, evoluzione di '
                                        'Umbria Factory Fest, inizia il suo '
                                        'percorso di ricostruzione, nel '
                                        'triennio 2025-2027, di nuove '
                                        'ritualità e nuove forme di '
                                        'condivisione. Dopo le due anteprime '
                                        'di settembre - al Giardino di Villa '
                                        'Cappuccini a Cannara la performance '
                                        'di Joe Rehmer & Camilla Branchetti '
                                        'dal titolo “A Fall Won’t Make a '
                                        'Sound” e al Cantiere Oberdan di '
                                        'Spoleto “Trickster” la performance '
                                        'all’interno della rassegna “You Are '
                                        'Here – cartografie di corpi in '
                                        'movimento” di OperaBianco - Factory '
                                        'Fest presenta ora una serie proposte '
                                        'legate ai temi e ai contesti del '
                                        'contemporaneo che si snodano dunque '
                                        'lungo il percorso della vecchia via '
                                        'Flaminia, e alcune deviazioni lungo '
                                        'il tragitto, in Valnerina e nella '
                                        'Valle del Menotre. Il Festival, '
                                        'ideato dalla Coop. Ge.Ci.Te. in '
                                        'collaborazione con La Mama Umbria '
                                        'International, si svolge dal 2 al 12 '
                                        'ottobre nei comuni di Spoleto, '
                                        "Foligno, Cannara, Sant'Anatolia di "
                                        'Narco, Spello e Bevagna. '
                                        'Nell’incontro dei molteplici '
                                        'linguaggi performativi, la '
                                        'programmazione 2025 propone ancora '
                                        'una volta artisti nazionali e '
                                        'internazionali che scelgono e '
                                        'sperimentano percorsi originali e '
                                        'sorprendenti: 24 formazioni '
                                        'artistiche coinvolte, 44 repliche '
                                        'complessive e 15 nuove produzioni di '
                                        'cui 6 progetti inediti. Si inizia da '
                                        'Spoleto. “Pinocchio” di Lucia Guarino '
                                        'apre l’edizione 2025: un percorso '
                                        'sulla fragilità e sull’ambiguità '
                                        'dell’esser-ci prodotto dal Teatro '
                                        'Stabile dell’Umbria (2 e 3 ottobre, '
                                        'ore 21, Cantiere Oberdan - Spoleto). '
                                        'Seguono il 3 ottobre “Di cosa '
                                        'Parliamo quando parliamo d’amore” di '
                                        'Claudio Cirri/Sotterraneo (ore '
                                        '17-18.30-20, Palazzo Due Mondi) e la '
                                        'musica di Bitoi, progetto immersivo '
                                        'in cui la natura diviene '
                                        'soggetto/oggetto artistico ed '
                                        'estetico (ore 22, Sala Pegasus - '
                                        'Spoleto). Sabato 4 ottobre, '
                                        'all’interno di SCIE di La MaMa Umbria '
                                        'International per la Giornata del '
                                        'Contemporaneo, Elia Pangaro presenta '
                                        '“Bolide / deus ex machina”, '
                                        'spettacolo di danza che trae '
                                        'ispirazione dal futurismo (ore 18.30, '
                                        'Cortile Palazzo Collicola - Spoleto). '
                                        'Previsti anche il “DJ Show” di '
                                        'Sotterraneo (ore 20.30, Palazzo Due '
                                        'Mondi - Spoleto) e “Mutes alive”, '
                                        'concerto del compositore e '
                                        'polistrumentista francese Pierre '
                                        'Bastien con strumenti inusuali (ore '
                                        '22, Cantiere Oberdan - Spoleto). '
                                        'Domenica 5 ottobre, Castel San Felice '
                                        '(Sant’Anatolia di Narco) ospiterà '
                                        '“Guado”, performance di danza di '
                                        'Nanou che prende forma dal luogo (ore '
                                        '12): il corso d’acqua di un fiume '
                                        'diventa tempo e spazio per l’atto '
                                        'coreografico; seguirà lo spettacolo '
                                        'per famiglie “Officina Prometeo” di '
                                        'Divisoperzero - Vincitore In-Box '
[2026-02-02T19:46:32.198+0000] {docker.py:429} INFO - 'Verde 2025 (ore 17, Cantiere Oberdan '
                                        '- Spoleto). Il progetto Factory Fest '
                                        'si sviluppa lungo tre direttrici '
                                        'principali. La prima riguarda i '
                                        'progetti site specific, che mettono '
                                        'in relazione i processi creativi con '
                                        'spazi non convenzionali – luoghi '
                                        'pubblici, musei, chiese sconsacrate, '
                                        'piazze periferiche, spazi privati – '
                                        'per costruire nuove connessioni con '
                                        'comunità e pubblici diversi. La '
                                        'seconda, Nuove forme del 2050, '
                                        'raccoglie le sperimentazioni di '
                                        'artisti e compagnie che indagano '
                                        'linguaggi e tecnologie innovative, '
                                        'superando schemi consolidati e '
                                        'affrontando i nodi della '
                                        'contemporaneità con approcci '
                                        'sperimentali. La terza direttrice '
                                        'invece, La comunità aperta, punta a '
                                        'rafforzare il dialogo fra arti '
                                        'performative, territorio e società '
                                        'civile, con particolare attenzione ai '
                                        'temi dell’accessibilità e '
                                        'dell’inclusione, oltre che a '
                                        'progettualità rivolte all’infanzia.',
                         'dove': {'address': None,
                                  'name': None,
                                  'raw_text': 'Dove Indirizzo non disponibile '
                                              'Spoleto'},
                         'image': '//citynews-perugiatoday.stgy.ovh/~media/horizontal-low/44555213172097/025-guado-lorenzo-pasini-_dsf3387ok.jpg',
                         'prezzo': 'Prezzo non disponibile',
                         'quando': {'date_end': '2028-10-05',
                                    'date_start': '2025-10-02',
                                    'raw_text': 'Quando Dal 02/10/2025 al '
                                                '05/10/2028 Orario non '
                                                'disponibile',
                                    'schedule': 'Orario non disponibile'}},
              'list': {'category': None,
                       'date': 'dal 2 ottobre 2025 al 5 ottobre 2028',
                       'image': '//citynews-perugiatoday.stgy.ovh/~media/horizontal-mid/44555213172097/025-guado-lorenzo-pasini-_dsf3387ok.jpg',
                       'location': None,
                       'stars': None,
                       'title': 'Factory Fest, le arti performative fanno '
                                '"festa"'}},
 'scraped_at': '2026-02-02T19:46:32.193878',
 'source': 'city_today',
 'title': 'Factory Fest, le arti performative fanno "festa"',
 'url': 'https://www.perugiatoday.it/eventi/factory-fest-le-arti-performative-fanno-festa.html',
 'uuid': 'f9bebd436015e312',
 'website': None}
[2026-02-02T19:46:33.374+0000] {docker.py:429} INFO - 2026-02-02 19:46:33 [scrapy.core.engine] DEBUG: Crawled (200) <GET https://www.perugiatoday.it/eventi/gino-cecchettin-a-perugia.html> (referer: https://www.perugiatoday.it/eventi/dal/2026-02-02/al/2026-02-08/)
[2026-02-02T19:46:33.482+0000] {docker.py:429} INFO - 2026-02-02 19:46:33 [scrapy.core.scraper] DEBUG: Scraped from <200 https://www.perugiatoday.it/eventi/gino-cecchettin-a-perugia.html>
{'category': ['Incontri'],
 'city': 'Perugia',
 'city_id': None,
 'content_hash': 'ba5ad35297bc3673',
 'date_display': '2 febbraio 2026',
 'date_end': '2026-02-02',
 'date_start': '2026-02-02',
 'description': 'Lunedì 2 febbraio si svolgerà un incontro aperto alla '
                'cittadinanza di Perugia nell’ambito del ciclo di incontri di '
                '“Letteratura Giudiziaria – Dialogo con l’autore”. '
                'Appuntamento alla Sala dei Notari, a partire dalle ore 15.30, '
                'con Gino Cecchettin e il suo libro “Cara Giulia – Quello che '
                'ho imparato da mia figlia”, edito da Rizzoli. L’evento, ad '
                'ingresso libero e aperto a tutti, vuole essere un momento di '
                'condivisione, memoria e approfondimento sul tema della '
                'violenza contro le donne, partendo dalla dolorosa e personale '
                'testimonianza dell’autore, padre di Giulia Cecchettin, la '
                'studentessa uccisa nel novembre 2023, divenuta simbolo della '
                'lotta al femminicidio. Dopo i saluti introduttivi '
                'dell’avvocato Carlo Orlando, presidente dell’Ordine degli '
                'avvocati di Perugia, la parola passerà ai relatori. Accanto a '
                'Gino Cecchettin, interverranno figure di spicco del mondo '
                'giuridico e dell’impegno sociale come Patrizia Mattei, '
                'sostituta procuratrice della Procura della Repubblica di '
                'Perugia, e l’avvocato Nicodemo Gentile, presidente nazionale '
                'dell’associazione Penelope, realtà da tempo in prima linea '
                'sul tema delle persone scomparse e della violenza domestica. '
                'A moderare il dialogo sarà l’avvocata Francesca Pieri, '
                'coordinatrice della commissione consiliare Progetto Donna del '
                'Comune di Perugia, a sottolineare il legame tra la '
                'riflessione nazionale scaturita dal caso di Giulia e le '
                'politiche concrete del territorio. Cuore della giornata sarà '
                'la presentazione del libro, condotta in dialogo con Marco '
                'Franzoso. “Cara Giulia” non è solo un memoir straziante, ma '
                'una potente lettera d’amore di un padre alla propria figlia '
                'e, al tempo stesso, un testamento di speranza e di '
                'insegnamento. Attraverso i ricordi e il dolore elaborato, '
                'Gino Cecchettin racconta cosa significa affrontare una '
                'tragedia così immensa e come da essa possa nascere un impegno '
                'civile per sensibilizzare la società, le istituzioni e i '
                'giovani sul rispetto, sulla prevenzione della violenza e '
                "sulla necessità di un cambiamento culturale. L'incontro è "
                "promosso dall'Ordine degli avvocati di Perugia e dalla "
                "Fondazione forense “Giovanni Dean” di Perugia. L'evento "
                'fornisce crediti professionali.',
 'event_id': 'gino-cecchettin-a-perugia',
 'image_url': '//citynews-perugiatoday.stgy.ovh/~media/horizontal-low/38641247434278/incontro-cecchettin.jpg',
 'location_address': None,
 'location_name': 'Sala dei Notari',
 'price': 'Prezzo non disponibile',
 'raw_data': {'detail': {'altre_informazioni': {'raw_text': 'Altre '
                                                            'informazioni',
                                                'website': None},
                         'descrizione': 'Lunedì 2 febbraio si svolgerà un '
                                        'incontro aperto alla cittadinanza di '
                                        'Perugia nell’ambito del ciclo di '
                                        'incontri di “Letteratura Giudiziaria '
                                        '– Dialogo con l’autore”. Appuntamento '
                                        'alla Sala dei Notari, a partire dalle '
                                        'ore 15.30, con Gino Cecchettin e il '
                                        'suo libro “Cara Giulia – Quello che '
                                        'ho imparato da mia figlia”, edito da '
                                        'Rizzoli. L’evento, ad ingresso libero '
                                        'e aperto a tutti, vuole essere un '
                                        'momento di condivisione, memoria e '
                                        'approfondimento sul tema della '
                                        'violenza contro le donne, partendo '
                                        'dalla dolorosa e personale '
                                        'testimonianza dell’autore, padre di '
                                        'Giulia Cecchettin, la studentessa '
                                        'uccisa nel novembre 2023, divenuta '
                                        'simbolo della lotta al femminicidio. '
                                        'Dopo i saluti introduttivi '
                                        'dell’avvocato Carlo Orlando, '
                                        'presidente dell’Ordine degli avvocati '
                                        'di Perugia, la parola passerà ai '
                                        'relatori. Accanto a Gino Cecchettin, '
                                        'interverranno figure di spicco del '
                                        'mondo giuridico e dell’impegno '
                                        'sociale come Patrizia Mattei, '
                                        'sostituta procuratrice della Procura '
                                        'della Repubblica di Perugia, e '
                                        'l’avvocato Nicodemo Gentile, '
                                        'presidente nazionale '
                                        'dell’associazione Penelope, realtà da '
                                        'tempo in prima linea sul tema delle '
                                        'persone scomparse e della violenza '
                                        'domestica. A moderare il dialogo sarà '
                                        'l’avvocata Francesca Pieri, '
                                        'coordinatrice della commissione '
                                        'consiliare Progetto Donna del Comune '
                                        'di Perugia, a sottolineare il legame '
                                        'tra la riflessione nazionale '
                                        'scaturita dal caso di Giulia e le '
                                        'politiche concrete del territorio. '
                                        'Cuore della giornata sarà la '
                                        'presentazione del libro, condotta in '
                                        'dialogo con Marco Franzoso. “Cara '
                                        'Giulia” non è solo un memoir '
                                        'straziante, ma una potente lettera '
                                        'd’amore di un padre alla propria '
                                        'figlia e, al tempo stesso, un '
                                        'testamento di speranza e di '
                                        'insegnamento. Attraverso i ricordi e '
                                        'il dolore elaborato, Gino Cecchettin '
                                        'racconta cosa significa affrontare '
                                        'una tragedia così immensa e come da '
                                        'essa possa nascere un impegno civile '
                                        'per sensibilizzare la società, le '
                                        'istituzioni e i giovani sul rispetto, '
                                        'sulla prevenzione della violenza e '
                                        'sulla necessità di un cambiamento '
                                        "culturale. L'incontro è promosso "
                                        "dall'Ordine degli avvocati di Perugia "
                                        'e dalla Fondazione forense “Giovanni '
                                        "Dean” di Perugia. L'evento fornisce "
                                        'crediti professionali.',
                         'dove': {'address': None,
                                  'name': 'Sala dei Notari',
                                  'raw_text': 'Dove Sala dei Notari Indirizzo '
                                              'non disponibile'},
                         'image': '//citynews-perugiatoday.stgy.ovh/~media/horizontal-low/38641247434278/incontro-cecchettin.jpg',
                         'prezzo': 'Prezzo non disponibile',
                         'quando': {'date_end': '2026-02-02',
                                    'date_start': '2026-02-02',
                                    'raw_text': 'Quando Dal 02/02/2026 al '
                                                '02/02/2026 solo oggi Ore '
                                                '15.30',
                                    'schedule': 'Ore 15.30'}},
              'list': {'category': 'Incontri',
                       'date': '2 febbraio 2026',
                       'image': '//citynews-perugiatoday.stgy.ovh/~media/horizontal-mid/38641247434278/incontro-cecchettin.jpg',
                       'location': 'Sala dei Notari',
                       'stars': None,
                       'title': '“Cara Giulia – Quello che ho imparato da mia '
                                'figlia”, Gino Cecchettin incontra Perugia '
                                'nella Sala dei Notari'}},
 'scraped_at': '2026-02-02T19:46:33.478504',
 'source': 'city_today',
 'title': '“Cara Giulia – Quello che ho imparato da mia figlia”, Gino '
          'Cecchettin incontra Perugia nella Sala dei Notari',
 'url': 'https://www.perugiatoday.it/eventi/gino-cecchettin-a-perugia.html',
 'uuid': '9fa7823227ed3869',
 'website': None}
[2026-02-02T19:46:34.679+0000] {docker.py:429} INFO - 2026-02-02 19:46:34 [scrapy.core.engine] DEBUG: Crawled (200) <GET https://www.perugiatoday.it/eventi/cibo-vio-musica-esperienza-perugia.html> (referer: https://www.perugiatoday.it/eventi/dal/2026-02-02/al/2026-02-08/)
[2026-02-02T19:46:34.789+0000] {docker.py:429} INFO - 2026-02-02 19:46:34 [scrapy.core.scraper] DEBUG: Scraped from <200 https://www.perugiatoday.it/eventi/cibo-vio-musica-esperienza-perugia.html>
{'category': ['Cibo e Vino'],
 'city': 'Perugia',
 'city_id': None,
 'content_hash': '98285cb1325950fe',
 'date_display': '7 febbraio 2026',
 'date_end': '2026-02-07',
 'date_start': '2026-02-07',
 'description': 'Le pareti trecentesche dell’auditorium San Francesco al Prato '
                'ospiteranno, sabato 7 febbraiouna serata animata da fiumi di '
                'luce, proiezioni tridimensionali e mondi digitali. '
                'Interactico, l’esperienza immersiva che rivoluziona il '
                'concetto di evento, approda per la prima volta a Perugia, in '
                'uno dei luoghi più iconici della regione. Interactivo è un '
                'format brevettato che ridisegna le architetture storiche '
                'attraverso la tecnologia. 3D projection mapping, ologrammi, '
                'visual art e performance dal vivo (danza aerea, acrobazie, '
                'cabaret visivo) si fondono in un unico, coinvolgente flusso '
                'narrativo, avvolgendo completamente il pubblico. Gli '
                'spettatori non guardano semplicemente uno spettacolo, ma vi '
                'sono immersi, diventando parte integrante della scenografia '
                'in continua evoluzione. L’evento, prodotto da Global '
                'Investment e Pem Luxury Events di Milano e ideato da Rossano '
                'Lucidi, si articola in due momenti. Si inizia con una '
                'esclusiva Dinner Experience per 250 ospiti. Mentre si cena '
                'con un menu di alto livello curato da Gus Bottega Alimentare '
                '(che valorizza piccoli produttori locali) e si degustano i '
                'vini della Cantina Antinori, lo spazio circostante prende '
                'vita: proiezioni 3D e performance artistiche amplificano ogni '
                'portata in un racconto visivo ed emozionale. Ad accompagnare '
                'l’aperitivo dalle 19 sarà il dj set di Faust-it. A sigillare '
                'la serata, un party con un big della musica elettronica '
                'internazionale: in consolle salirà François Kevorkian, '
                'storico produttore e remixer di culto. Con questo '
                'appuntamento, l’Umbria si conferma un territorio d’elezione '
                'per gli eventi ad alto contenuto tecnologico ed emozionale, '
                'capaci di valorizzare il patrimonio storico in modo '
                'innovativo. L’evento è realizzato anche grazie al contributo '
                'di partner d’eccezione come la Fondazione Eni Enrico Mattei, '
                'BYD (Concessionaria Rossi), il brand di moda umbro Lorena '
                'Antoniazzi, Eco Energia, Red Bull e Gioielli Casciola.',
 'event_id': 'cibo-vio-musica-esperienza-perugia',
 'image_url': '//citynews-perugiatoday.stgy.ovh/~media/horizontal-low/56940644811678/interactivo.jpg',
 'location_address': None,
 'location_name': 'Auditorium San Francesco al Prato',
 'price': 'Prezzo non disponibile',
 'raw_data': {'detail': {'altre_informazioni': {'raw_text': 'Altre '
                                                            'informazioni',
                                                'website': None},
                         'descrizione': 'Le pareti trecentesche '
                                        'dell’auditorium San Francesco al '
                                        'Prato ospiteranno, sabato 7 '
                                        'febbraiouna serata animata da fiumi '
                                        'di luce, proiezioni tridimensionali e '
                                        'mondi digitali. Interactico, '
                                        'l’esperienza immersiva che '
                                        'rivoluziona il concetto di evento, '
                                        'approda per la prima volta a Perugia, '
                                        'in uno dei luoghi più iconici della '
                                        'regione. Interactivo è un format '
                                        'brevettato che ridisegna le '
                                        'architetture storiche attraverso la '
                                        'tecnologia. 3D projection mapping, '
                                        'ologrammi, visual art e performance '
                                        'dal vivo (danza aerea, acrobazie, '
                                        'cabaret visivo) si fondono in un '
                                        'unico, coinvolgente flusso narrativo, '
                                        'avvolgendo completamente il pubblico. '
                                        'Gli spettatori non guardano '
                                        'semplicemente uno spettacolo, ma vi '
                                        'sono immersi, diventando parte '
                                        'integrante della scenografia in '
                                        'continua evoluzione. L’evento, '
                                        'prodotto da Global Investment e Pem '
                                        'Luxury Events di Milano e ideato da '
                                        'Rossano Lucidi, si articola in due '
                                        'momenti. Si inizia con una esclusiva '
                                        'Dinner Experience per 250 ospiti. '
                                        'Mentre si cena con un menu di alto '
                                        'livello curato da Gus Bottega '
                                        'Alimentare (che valorizza piccoli '
                                        'produttori locali) e si degustano i '
                                        'vini della Cantina Antinori, lo '
                                        'spazio circostante prende vita: '
                                        'proiezioni 3D e performance '
                                        'artistiche amplificano ogni portata '
                                        'in un racconto visivo ed emozionale. '
                                        'Ad accompagnare l’aperitivo dalle 19 '
                                        'sarà il dj set di Faust-it. A '
                                        'sigillare la serata, un party con un '
                                        'big della musica elettronica '
                                        'internazionale: in consolle salirà '
                                        'François Kevorkian, storico '
                                        'produttore e remixer di culto. Con '
                                        'questo appuntamento, l’Umbria si '
                                        'conferma un territorio d’elezione per '
                                        'gli eventi ad alto contenuto '
                                        'tecnologico ed emozionale, capaci di '
                                        'valorizzare il patrimonio storico in '
                                        'modo innovativo. L’evento è '
                                        'realizzato anche grazie al contributo '
                                        'di partner d’eccezione come la '
                                        'Fondazione Eni Enrico Mattei, BYD '
                                        '(Concessionaria Rossi), il brand di '
                                        'moda umbro Lorena Antoniazzi, Eco '
                                        'Energia, Red Bull e Gioielli '
                                        'Casciola.',
                         'dove': {'address': None,
                                  'name': 'Auditorium San Francesco al Prato',
                                  'raw_text': 'Dove Auditorium San Francesco '
                                              'al Prato Indirizzo non '
                                              'disponibile'},
                         'image': '//citynews-perugiatoday.stgy.ovh/~media/horizontal-low/56940644811678/interactivo.jpg',
                         'prezzo': 'Prezzo non disponibile',
                         'quando': {'date_end': '2026-02-07',
                                    'date_start': '2026-02-07',
                                    'raw_text': 'Quando Dal 07/02/2026 al '
                                                '07/02/2026 Ore 19',
                                    'schedule': 'Ore 19'}},
              'list': {'category': 'Cibo e Vino',
                       'date': '7 febbraio 2026',
                       'image': '//citynews-perugiatoday.stgy.ovh/~media/horizontal-mid/56940644811678/interactivo.jpg',
                       'location': 'Auditorium San Francesco al Prato',
                       'stars': None,
                       'title': 'Perugia si immerge nella luce: arriva '
                                'Interactivo, lo show che trasforma '
                                'l’auditorium San Francesco in un universo '
                                'digitale'}},
 'scraped_at': '2026-02-02T19:46:34.786127',
 'source': 'city_today',
 'title': 'Perugia si immerge nella luce: arriva Interactivo, lo show che '
          'trasforma l’auditorium San Francesco in un universo digitale',
 'url': 'https://www.perugiatoday.it/eventi/cibo-vio-musica-esperienza-perugia.html',
 'uuid': '447718c92909bd3d',
 'website': None}
[2026-02-02T19:46:36.160+0000] {docker.py:429} INFO - 2026-02-02 19:46:36 [scrapy.core.engine] DEBUG: Crawled (200) <GET https://www.perugiatoday.it/eventi/citta-cioccolato-perugia-san-valentino-2026-programma.html> (referer: https://www.perugiatoday.it/eventi/dal/2026-02-02/al/2026-02-08/)
[2026-02-02T19:46:36.274+0000] {docker.py:429} INFO - 2026-02-02 19:46:36 [scrapy.core.scraper] DEBUG: Scraped from <200 https://www.perugiatoday.it/eventi/citta-cioccolato-perugia-san-valentino-2026-programma.html>
{'category': ['Fiere'],
 'city': 'Perugia',
 'city_id': None,
 'content_hash': '4b4849d1b5844d35',
 'date_display': 'dal 7 febbraio al 14 gennaio 2026',
 'date_end': '2026-01-14',
 'date_start': '2026-02-07',
 'description': 'San Valentino, per una volta, mette da parte il copione. Non '
                'solo rose rosse e cene a lume di candela, ma un’esperienza '
                'più ampia e contemporanea: celebrare l’amore in tutte le sue '
                'forme, senza etichette. È questa la visione della Città del '
                'Cioccolato di Perugia, che dal 7 al 14 febbraio trasforma il '
                'museo esperienziale dedicato al cacao e al cioccolato più '
                'grande del mondo nella cornice di un’intera settimana '
                'dedicata a “Due Cuori, una Città”, un percorso pensato per '
                'vivere e assaporare l’amore con chi si ama: partner, amici, '
                'famiglia. Tra profumi intensi, esperienze uniche con il '
                'cioccolato e gesti che diventano memoria, il cacao smette di '
                'essere solo un simbolo romantico e torna a essere ciò che è '
                'sempre stato: un linguaggio universale, capace di unire, '
                'raccontare e lasciare il segno. Dal 1° febbraio il museo si '
                'prepara a celebrare San Valentino trasformando i propri spazi '
                'in un percorso dedicato a chi ama. Il museo sarà allestito '
                'con decorazioni a tema “cuore”: a cominciare dall’ingresso, '
                'passando per il Chocoshop fino al The Chocolate Bar, creando '
                'così un’atmosfera immersiva e romantica. Dal 7 al 14 febbraio '
                'si entra nel vivo: in occasione della settimana di San '
                'Valentino scatterà la promozione “Siete in due? Paga uno!” '
                'della Città del Cioccolato: per ogni biglietto intero venduto '
                'sarà riconosciuto un biglietto omaggio. Durante il percorso '
                'museale, agli ospiti verrà offerto anche un cioccolatino a '
                'forma di cuore, simbolo del legame tra il cioccolato e la '
                'giornata che non solo gli innamorati, ma coloro che amano, in '
                'generale, condividono. Non è un legame casuale, questo: '
                'affonda le sue radici nella storia. Erano gli Aztechi, '
                'infatti, che chiamavano il cacao “xocolatl”, la bevanda degli '
                'dei, e lo consideravano un potente afrodisiaco: questo perché '
                'il cioccolato contiene feniletilamina, la stessa sostanza che '
                'il nostro cervello produce quando ci innamoriamo, creando '
                'quella sensazione di benessere e leggerezza. Regalare un '
                'cioccolatino diventa quindi non solo un gesto romantico, ma '
                'quasi una dichiarazione “chimica” d’amore. Sempre durante la '
                'settimana di San Valentino, dal 7 al 14 febbraio, la Città '
                'del Cioccolato trasforma la sua Fabbrica Bean to Bar in un '
                'laboratorio di emozioni su misura. Qui gli ospiti possono '
                'vivere l’esperienza di creare la propria tavoletta di '
                'cioccolato a tema Love. Al termine dell’esperienza, un '
                'operatore scatterà una foto con lo smartphone degli ospiti; '
                'tramite un QR code l’immagine potrà essere inviata al '
                'ChocoShop, dove sarà possibile scegliere se personalizzare il '
                'pack della tavoletta. Anche chi non partecipa alla fabbrica '
                'potrà comunque conservare un ricordo speciale: presso '
                'Eurochocolate Square, al 1° piano, sarà allestita un’area '
                'selfie dedicata; la foto potrà essere inviata sempre tramite '
                'QR code al ChocoShop. Inoltre, sempre al Chocoshop, si potrà '
                'inserire la propria dedica personale alla persona amata nella '
                'tavoletta personalizzata scelta al momento. Dal 7 al 13 '
                'febbraio, ogni giorno alle ore 17.30, La Città del Cioccolato '
                'ospiterà “Rubacuori”, lo speciale ciclo di cooking show '
                'firmato dalla Maître Chocolatier Alice Cianuri, volto '
                'creativo di Eurochocolate e protagonista di numerosi '
                'laboratori esperienziali dedicati al cacao e cioccolato. '
                'Durante gli incontri, Alice guiderà i partecipanti passo dopo '
                'passo nella realizzazione di una pralina a forma di cuore, '
                'pensata come piccolo gesto goloso da regalare o condividere '
                'in occasione di San Valentino. Il 14 febbraio, spazio invece '
                'a un appuntamento esclusivo con Lulù Gargari, chef digitale e '
                'volto noto dei programmi Food Network "Lulù pensaci tu" e '
                '"Lulù e Artusi". Diplomata presso l\'Alma scuola di cucina di '
                "Gualtiero Marchesi e con alle spalle un'esperienza nel "
                'ristorante stellato milanese Seta, Gargari porterà alla Città '
                'del Cioccolato il suo sguardo creativo e il suo approccio a '
                'una cucina consapevole, unendo sapore, benessere e bellezza '
                "in un'esperienza golosa e affascinante dedicata a chi decide "
                'di passare in questa maniera unica e originale la giornata '
                "dedicata all'amore. Situato al piano superiore del Museo, "
                'partecipa alle celebrazioni con una golosa promozione a tema '
                'Love. Tre speciali pacchetti, pensati per i diversi momenti '
                'della giornata, invitano a condividere un dolce momento con '
                'la persona amata: Choco Love Breakfast, Choco Love Snack e '
                'Choco Love Night. Infine, in tutti gli Store Eurochocolate e '
                'Chocoshop all’interno del Museo, sarà possibile trovare '
                'un’esclusiva offerta di praline a cuore realizzate in '
                'collaborazione con la Maître Chocolatier Alice Cianuri.',
 'event_id': 'citta-cioccolato-perugia-san-valentino-2026-programma',
 'image_url': '//citynews-perugiatoday.stgy.ovh/~media/horizontal-low/34259233469710/citta-del-cioccolato-perugia-san-valentino-2026.jpg',
 'location_address': None,
 'location_name': 'Mercato coperto',
 'price': 'Prezzo non disponibile',
 'raw_data': {'detail': {'altre_informazioni': {'raw_text': 'Altre '
                                                            'informazioni Tema '
                                                            'San valentino',
                                                'website': None},
                         'descrizione': 'San Valentino, per una volta, mette '
                                        'da parte il copione. Non solo rose '
                                        'rosse e cene a lume di candela, ma '
                                        'un’esperienza più ampia e '
                                        'contemporanea: celebrare l’amore in '
                                        'tutte le sue forme, senza etichette. '
                                        'È questa la visione della Città del '
                                        'Cioccolato di Perugia, che dal 7 al '
                                        '14 febbraio trasforma il museo '
                                        'esperienziale dedicato al cacao e al '
                                        'cioccolato più grande del mondo nella '
                                        'cornice di un’intera settimana '
                                        'dedicata a “Due Cuori, una Città”, un '
                                        'percorso pensato per vivere e '
                                        'assaporare l’amore con chi si ama: '
                                        'partner, amici, famiglia. Tra profumi '
                                        'intensi, esperienze uniche con il '
                                        'cioccolato e gesti che diventano '
                                        'memoria, il cacao smette di essere '
                                        'solo un simbolo romantico e torna a '
                                        'essere ciò che è sempre stato: un '
                                        'linguaggio universale, capace di '
                                        'unire, raccontare e lasciare il '
                                        'segno. Dal 1° febbraio il museo si '
                                        'prepara a celebrare San Valentino '
                                        'trasformando i propri spazi in un '
                                        'percorso dedicato a chi ama. Il museo '
                                        'sarà allestito con decorazioni a tema '
                                        '“cuore”: a cominciare dall’ingresso, '
                                        'passando per il Chocoshop fino al The '
                                        'Chocolate Bar, creando così '
                                        'un’atmosfera immersiva e romantica. '
                                        'Dal 7 al 14 febbraio si entra nel '
                                        'vivo: in occasione della settimana di '
                                        'San Valentino scatterà la promozione '
                                        '“Siete in due? Paga uno!” della Città '
                                        'del Cioccolato: per ogni biglietto '
                                        'intero venduto sarà riconosciuto un '
                                        'biglietto omaggio. Durante il '
                                        'percorso museale, agli ospiti verrà '
                                        'offerto anche un cioccolatino a forma '
                                        'di cuore, simbolo del legame tra il '
                                        'cioccolato e la giornata che non solo '
                                        'gli innamorati, ma coloro che amano, '
                                        'in generale, condividono. Non è un '
                                        'legame casuale, questo: affonda le '
                                        'sue radici nella storia. Erano gli '
                                        'Aztechi, infatti, che chiamavano il '
                                        'cacao “xocolatl”, la bevanda degli '
                                        'dei, e lo consideravano un potente '
                                        'afrodisiaco: questo perché il '
                                        'cioccolato contiene feniletilamina, '
                                        'la stessa sostanza che il nostro '
                                        'cervello produce quando ci '
                                        'innamoriamo, creando quella '
                                        'sensazione di benessere e leggerezza. '
                                        'Regalare un cioccolatino diventa '
                                        'quindi non solo un gesto romantico, '
                                        'ma quasi una dichiarazione “chimica” '
                                        'd’amore. Sempre durante la settimana '
                                        'di San Valentino, dal 7 al 14 '
                                        'febbraio, la Città del Cioccolato '
                                        'trasforma la sua Fabbrica Bean to Bar '
                                        'in un laboratorio di emozioni su '
                                        'misura. Qui gli ospiti possono vivere '
                                        'l’esperienza di creare la propria '
                                        'tavoletta di cioccolato a tema Love. '
                                        'Al termine dell’esperienza, un '
                                        'operatore scatterà una foto con lo '
                                        'smartphone degli ospiti; tramite un '
                                        'QR code l’immagine potrà essere '
                                        'inviata al ChocoShop, dove sarà '
                                        'possibile scegliere se personalizzare '
                                        'il pack della tavoletta. Anche chi '
                                        'non partecipa alla fabbrica potrà '
                                        'comunque conservare un ricordo '
                                        'speciale: presso Eurochocolate '
                                        'Square, al 1° piano, sarà allestita '
                                        'un’area selfie dedicata; la foto '
                                        'potrà essere inviata sempre tramite '
                                        'QR code al ChocoShop. Inoltre, sempre '
                                        'al Chocoshop, si potrà inserire la '
                                        'propria dedica personale alla persona '
                                        'amata nella tavoletta personalizzata '
                                        'scelta al momento. Dal 7 al 13 '
                                        'febbraio, ogni giorno alle ore 17.30, '
                                        'La Città del Cioccolato ospiterà '
                                        '“Rubacuori”, lo speciale ciclo di '
                                        'cooking show firmato dalla Maître '
                                        'Chocolatier Alice Cianuri, volto '
                                        'creativo di Eurochocolate e '
                                        'protagonista di numerosi laboratori '
                                        'esperienziali dedicati al cacao e '
                                        'cioccolato. Durante gli incontri, '
                                        'Alice guiderà i partecipanti passo '
                                        'dopo passo nella realizzazione di una '
                                        'pralina a forma di cuore, pensata '
                                        'come piccolo gesto goloso da regalare '
                                        'o condividere in occasione di San '
                                        'Valentino. Il 14 febbraio, spazio '
                                        'invece a un appuntamento esclusivo '
                                        'con Lulù Gargari, chef digitale e '
                                        'volto noto dei programmi Food Network '
                                        '"Lulù pensaci tu" e "Lulù e Artusi". '
                                        "Diplomata presso l'Alma scuola di "
                                        'cucina di Gualtiero Marchesi e con '
                                        "alle spalle un'esperienza nel "
                                        'ristorante stellato milanese Seta, '
                                        'Gargari porterà alla Città del '
                                        'Cioccolato il suo sguardo creativo e '
                                        'il suo approccio a una cucina '
                                        'consapevole, unendo sapore, benessere '
                                        "e bellezza in un'esperienza golosa e "
                                        'affascinante dedicata a chi decide di '
                                        'passare in questa maniera unica e '
                                        'originale la giornata dedicata '
                                        "all'amore. Situato al piano superiore "
                                        'del Museo, partecipa alle '
                                        'celebrazioni con una golosa '
                                        'promozione a tema Love. Tre speciali '
                                        'pacchetti, pensati per i diversi '
                                        'momenti della giornata, invitano a '
                                        'condividere un dolce momento con la '
                                        'persona amata: Choco Love Breakfast, '
                                        'Choco Love Snack e Choco Love Night. '
                                        'Infine, in tutti gli Store '
                                        'Eurochocolate e Chocoshop all’interno '
                                        'del Museo, sarà possibile trovare '
                                        'un’esclusiva offerta di praline a '
                                        'cuore realizzate in collaborazione '
                                        'con la Maître Chocolatier Alice '
                                        'Cianuri.',
                         'dove': {'address': None,
                                  'name': 'Mercato coperto',
                                  'raw_text': 'Dove Mercato coperto Indirizzo '
                                              'non disponibile'},
                         'image': '//citynews-perugiatoday.stgy.ovh/~media/horizontal-low/34259233469710/citta-del-cioccolato-perugia-san-valentino-2026.jpg',
                         'prezzo': 'Prezzo non disponibile',
                         'quando': {'date_end': '2026-01-14',
                                    'date_start': '2026-02-07',
                                    'raw_text': 'Quando Dal 07/02/2026 al '
                                                '14/01/2026 Orario non '
                                                'disponibile',
                                    'schedule': 'Orario non disponibile'}},
              'list': {'category': 'Fiere',
                       'date': 'dal 7 febbraio al 14 gennaio 2026',
                       'image': '//citynews-perugiatoday.stgy.ovh/~media/horizontal-mid/34259233469710/citta-del-cioccolato-perugia-san-valentino-2026.jpg',
                       'location': 'Mercato coperto',
                       'stars': None,
                       'title': 'La Città del Cioccolato di Perugia celebra '
                                "l'amore universale per San Valentino"}},
 'scraped_at': '2026-02-02T19:46:36.267124',
 'source': 'city_today',
 'title': "La Città del Cioccolato di Perugia celebra l'amore universale per "
          'San Valentino',
 'url': 'https://www.perugiatoday.it/eventi/citta-cioccolato-perugia-san-valentino-2026-programma.html',
 'uuid': '7e03f418da317b12',
 'website': None}
[2026-02-02T19:46:36.276+0000] {docker.py:429} INFO - 2026-02-02 19:46:36 [scrapy.core.engine] INFO: Closing spider (finished)
[2026-02-02T19:46:36.277+0000] {docker.py:429} INFO - 2026-02-02 19:46:36 [scrapy.extensions.feedexport] INFO: Stored json feed (11 items) in: /app/city_today/output/eventi_perugia_questa-settimana_20260202_194619.json
[2026-02-02T19:46:36.279+0000] {docker.py:429} INFO - 2026-02-02 19:46:36 [scrapy.statscollectors] INFO: Dumping Scrapy stats:
{'downloader/request_bytes': 5527,
 'downloader/request_count': 13,
 'downloader/request_method_count/GET': 13,
 'downloader/response_bytes': 1858492,
 'downloader/response_count': 13,
 'downloader/response_status_count/200': 13,
 'elapsed_time_seconds': 16.801695,
 'feedexport/success_count/FileFeedStorage': 1,
 'finish_reason': 'finished',
 'finish_time': datetime.datetime(2026, 2, 2, 19, 46, 36, 270673, tzinfo=datetime.timezone.utc),
 'httpcompression/response_bytes': 10009770,
 'httpcompression/response_count': 13,
 'item_scraped_count': 11,
 'items_per_city/Perugia': 11,
 'items_per_minute': 41.25,
 'log_count/DEBUG': 24,
 'log_count/INFO': 3,
 'memusage/max': 68485120,
 'memusage/startup': 68485120,
 'request_depth_max': 1,
 'response_received_count': 13,
 'responses_per_minute': 48.75,
 'robotstxt/request_count': 1,
 'robotstxt/response_count': 1,
 'robotstxt/response_status_count/200': 1,
 'scheduler/dequeued': 12,
 'scheduler/dequeued/memory': 12,
 'scheduler/enqueued': 12,
 'scheduler/enqueued/memory': 12,
 'start_time': datetime.datetime(2026, 2, 2, 19, 46, 19, 468978, tzinfo=datetime.timezone.utc)}
2026-02-02 19:46:36 [scrapy.core.engine] INFO: Spider closed (finished)
[2026-02-02T19:46:36.331+0000] {docker.py:429} INFO - Scraping completato. File: /app/city_today/output/eventi_perugia_questa-settimana_20260202_194619.json
[2026-02-02T19:46:36.958+0000] {taskinstance.py:1138} INFO - Marking task as SUCCESS. dag_id=etl_events_daily, task_id=process_perugia.scrape_city_today, execution_date=20260201T060000, start_date=20260202T194618, end_date=20260202T194636
[2026-02-02T19:46:37.082+0000] {local_task_job_runner.py:234} INFO - Task exited with return code 0
[2026-02-02T19:46:37.134+0000] {taskinstance.py:3280} INFO - 0 downstream tasks scheduled from follow-on schedule check
