[2026-02-02T19:45:29.791+0000] {taskinstance.py:1956} INFO - Dependencies all met for dep_context=non-requeueable deps ti=<TaskInstance: etl_events_daily.process_torino.scrape_zero_eu scheduled__2026-02-01T06:00:00+00:00 [queued]>
[2026-02-02T19:45:29.799+0000] {taskinstance.py:1956} INFO - Dependencies all met for dep_context=requeueable deps ti=<TaskInstance: etl_events_daily.process_torino.scrape_zero_eu scheduled__2026-02-01T06:00:00+00:00 [queued]>
[2026-02-02T19:45:29.799+0000] {taskinstance.py:2170} INFO - Starting attempt 1 of 4
[2026-02-02T19:45:29.809+0000] {taskinstance.py:2191} INFO - Executing <Task(FilterableDockerOperator): process_torino.scrape_zero_eu> on 2026-02-01 06:00:00+00:00
[2026-02-02T19:45:29.812+0000] {standard_task_runner.py:60} INFO - Started process 251 to run task
[2026-02-02T19:45:29.815+0000] {standard_task_runner.py:87} INFO - Running: ['airflow', 'tasks', 'run', 'etl_events_daily', 'process_torino.scrape_zero_eu', 'scheduled__2026-02-01T06:00:00+00:00', '--job-id', '400', '--raw', '--subdir', 'DAGS_FOLDER/scrape_events.py', '--cfg-path', '/tmp/tmpx08yhp2n']
[2026-02-02T19:45:29.817+0000] {standard_task_runner.py:88} INFO - Job 400: Subtask process_torino.scrape_zero_eu
[2026-02-02T19:45:29.833+0000] {logging_mixin.py:188} WARNING - /home/airflow/.local/lib/python3.11/site-packages/airflow/settings.py:194 DeprecationWarning: The sql_alchemy_conn option in [core] has been moved to the sql_alchemy_conn option in [database] - the old setting has been used, but please update your config.
[2026-02-02T19:45:29.877+0000] {task_command.py:423} INFO - Running <TaskInstance: etl_events_daily.process_torino.scrape_zero_eu scheduled__2026-02-01T06:00:00+00:00 [running]> on host d1594f2b36ec
[2026-02-02T19:45:29.984+0000] {taskinstance.py:2480} INFO - Exporting env vars: AIRFLOW_CTX_DAG_OWNER='airflow' AIRFLOW_CTX_DAG_ID='etl_events_daily' AIRFLOW_CTX_TASK_ID='process_torino.scrape_zero_eu' AIRFLOW_CTX_EXECUTION_DATE='2026-02-01T06:00:00+00:00' AIRFLOW_CTX_TRY_NUMBER='1' AIRFLOW_CTX_DAG_RUN_ID='scheduled__2026-02-01T06:00:00+00:00'
[2026-02-02T19:45:30.008+0000] {docker.py:359} INFO - Starting docker container from image scrapy-events:latest
[2026-02-02T19:45:30.022+0000] {docker.py:367} WARNING - Using remote engine or docker-in-docker and mounting temporary volume from host is not supported. Falling back to `mount_tmp_dir=False` mode. You can set `mount_tmp_dir` parameter to False to disable mounting and remove the warning
[2026-02-02T19:45:30.590+0000] {docker.py:429} INFO - Avvio scraping Zero.eu per: Torino
[2026-02-02T19:45:30.594+0000] {docker.py:429} INFO - 2026-02-02 19:45:30 [scrapy.utils.log] INFO: Scrapy 2.14.1 started (bot: zero_scraper)
[2026-02-02T19:45:30.602+0000] {docker.py:429} INFO - 2026-02-02 19:45:30 [scrapy.utils.log] INFO: Versions:
{'lxml': '6.0.2',
 'libxml2': '2.14.6',
 'cssselect': '1.3.0',
 'parsel': '1.10.0',
 'w3lib': '2.3.1',
 'Twisted': '25.5.0',
 'Python': '3.11.14 (main, Jan 13 2026, 03:12:14) [GCC 14.2.0]',
 'pyOpenSSL': '25.3.0 (OpenSSL 3.5.4 30 Sep 2025)',
 'cryptography': '46.0.3',
 'Platform': 'Linux-6.12.54-linuxkit-x86_64-with-glibc2.41'}
2026-02-02 19:45:30 [scrapy.crawler] DEBUG: Using CrawlerProcess
[2026-02-02T19:45:30.603+0000] {docker.py:429} INFO - 2026-02-02 19:45:30 [scrapy.addons] INFO: Enabled addons:
[]
[2026-02-02T19:45:30.604+0000] {docker.py:429} INFO - 2026-02-02 19:45:30 [asyncio] DEBUG: Using selector: EpollSelector
[2026-02-02T19:45:30.605+0000] {docker.py:429} INFO - 2026-02-02 19:45:30 [scrapy.utils.log] DEBUG: Using reactor: twisted.internet.asyncioreactor.AsyncioSelectorReactor
2026-02-02 19:45:30 [scrapy.utils.log] DEBUG: Using asyncio event loop: asyncio.unix_events._UnixSelectorEventLoop
[2026-02-02T19:45:30.609+0000] {docker.py:429} INFO - 2026-02-02 19:45:30 [scrapy.extensions.telnet] INFO: Telnet Password: 324e12ade2d00032
[2026-02-02T19:45:30.649+0000] {docker.py:429} INFO - 2026-02-02 19:45:30 [scrapy.middleware] INFO: Enabled extensions:
['scrapy.extensions.corestats.CoreStats',
 'scrapy.extensions.logcount.LogCount',
 'scrapy.extensions.telnet.TelnetConsole',
 'scrapy.extensions.memusage.MemoryUsage',
 'scrapy.extensions.feedexport.FeedExporter',
 'scrapy.extensions.logstats.LogStats']
[2026-02-02T19:45:30.649+0000] {docker.py:429} INFO - 2026-02-02 19:45:30 [scrapy.crawler] INFO: Overridden settings:
{'BOT_NAME': 'zero_scraper',
 'CONCURRENT_REQUESTS': 2,
 'CONCURRENT_REQUESTS_PER_DOMAIN': 1,
 'DOWNLOAD_DELAY': 0.5,
 'FEED_EXPORT_ENCODING': 'utf-8',
 'NEWSPIDER_MODULE': 'zero_scraper.spiders',
 'SPIDER_MODULES': ['zero_scraper.spiders'],
 'USER_AGENT': 'Mozilla/5.0 (Macintosh; Intel Mac OS X 10_15_7) '
               'AppleWebKit/537.36 (KHTML, like Gecko) Chrome/120.0.0.0 '
               'Safari/537.36'}
[2026-02-02T19:45:30.730+0000] {docker.py:429} INFO - 2026-02-02 19:45:30 [scrapy.middleware] INFO: Enabled downloader middlewares:
['scrapy.downloadermiddlewares.offsite.OffsiteMiddleware',
 'scrapy.downloadermiddlewares.httpauth.HttpAuthMiddleware',
 'scrapy.downloadermiddlewares.downloadtimeout.DownloadTimeoutMiddleware',
 'scrapy.downloadermiddlewares.defaultheaders.DefaultHeadersMiddleware',
 'scrapy.downloadermiddlewares.useragent.UserAgentMiddleware',
 'scrapy.downloadermiddlewares.retry.RetryMiddleware',
 'scrapy.downloadermiddlewares.redirect.MetaRefreshMiddleware',
 'scrapy.downloadermiddlewares.httpcompression.HttpCompressionMiddleware',
 'scrapy.downloadermiddlewares.redirect.RedirectMiddleware',
 'scrapy.downloadermiddlewares.cookies.CookiesMiddleware',
 'scrapy.downloadermiddlewares.httpproxy.HttpProxyMiddleware',
 'scrapy.downloadermiddlewares.stats.DownloaderStats']
[2026-02-02T19:45:30.733+0000] {docker.py:429} INFO - 2026-02-02 19:45:30 [scrapy.middleware] INFO: Enabled spider middlewares:
['scrapy.spidermiddlewares.start.StartSpiderMiddleware',
 'scrapy.spidermiddlewares.httperror.HttpErrorMiddleware',
 'scrapy.spidermiddlewares.referer.RefererMiddleware',
 'scrapy.spidermiddlewares.urllength.UrlLengthMiddleware',
 'scrapy.spidermiddlewares.depth.DepthMiddleware']
2026-02-02 19:45:30 [scrapy.middleware] INFO: Enabled item pipelines:
[]
[2026-02-02T19:45:30.734+0000] {docker.py:429} INFO - Output file: /app/zero_eu/output/eventi_zero_torino_20260202_194530.json
[2026-02-02T19:45:30.735+0000] {docker.py:429} INFO - 2026-02-02 19:45:30 [scrapy.core.engine] INFO: Spider opened
[2026-02-02T19:45:30.744+0000] {docker.py:429} INFO - 2026-02-02 19:45:30 [py.warnings] WARNING: /usr/local/lib/python3.11/site-packages/scrapy/core/spidermw.py:490: ScrapyDeprecationWarning: zero_scraper.spiders.events_spider.EventsSpider defines the deprecated start_requests() method. start_requests() has been deprecated in favor of a new method, start(), to support asynchronous code execution. start_requests() will stop being called in a future version of Scrapy. If you use Scrapy 2.13 or higher only, replace start_requests() with start(); note that start() is a coroutine (async def). If you need to maintain compatibility with lower Scrapy versions, when overriding start_requests() in a spider class, override start() as well; you can use super() to reuse the inherited start() implementation without copy-pasting. See the release notes of Scrapy 2.13 for details: https://docs.scrapy.org/en/2.13/news.html
  warn(
[2026-02-02T19:45:30.745+0000] {docker.py:429} INFO - 2026-02-02 19:45:30 [scrapy.extensions.logstats] INFO: Crawled 0 pages (at 0 pages/min), scraped 0 items (at 0 items/min)
[2026-02-02T19:45:30.746+0000] {docker.py:429} INFO - 2026-02-02 19:45:30 [scrapy.extensions.telnet] INFO: Telnet console listening on 127.0.0.1:6023
[2026-02-02T19:45:44.726+0000] {docker.py:429} INFO - 2026-02-02 19:45:44 [scrapy.core.engine] DEBUG: Crawled (200) <GET https://zero.eu/api/wp/v2/citta?per_page=100> (referer: None)
[2026-02-02T19:45:44.848+0000] {docker.py:429} INFO - 2026-02-02 19:45:44 [events] INFO: Found city ID for 'torino': 12
[2026-02-02T19:45:46.999+0000] {docker.py:429} INFO - 2026-02-02 19:45:46 [scrapy.core.engine] DEBUG: Crawled (200) <GET https://zero.eu/api/v2/events?per_page=100&citta=12&_embed=true> (referer: https://zero.eu/api/wp/v2/citta?per_page=100)
[2026-02-02T19:45:47.991+0000] {docker.py:429} INFO - 2026-02-02 19:45:47 [scrapy.core.engine] DEBUG: Crawled (200) <GET https://zero.eu/it/eventi/354602-michael-haneke-10,roma/> (referer: https://zero.eu/api/v2/events?per_page=100&citta=12&_embed=true)
[2026-02-02T19:45:48.100+0000] {docker.py:429} INFO - 2026-02-02 19:45:48 [scrapy.core.scraper] ERROR: Spider error processing <GET https://zero.eu/it/eventi/354602-michael-haneke-10,roma/> (referer: https://zero.eu/api/v2/events?per_page=100&citta=12&_embed=true)
Traceback (most recent call last):
  File "/usr/local/lib/python3.11/site-packages/scrapy/utils/defer.py", line 355, in iter_errback
    yield next(it)
          ^^^^^^^^
  File "/usr/local/lib/python3.11/site-packages/scrapy/utils/python.py", line 311, in __next__
    return next(self.data)
           ^^^^^^^^^^^^^^^
  File "/usr/local/lib/python3.11/site-packages/scrapy/utils/python.py", line 311, in __next__
    return next(self.data)
           ^^^^^^^^^^^^^^^
  File "/usr/local/lib/python3.11/site-packages/scrapy/core/spidermw.py", line 183, in process_sync
    self._process_spider_exception(
  File "/usr/local/lib/python3.11/site-packages/scrapy/core/spidermw.py", line 256, in _process_spider_exception
    raise exception
  File "/usr/local/lib/python3.11/site-packages/scrapy/core/spidermw.py", line 179, in process_sync
    yield from iterable
  File "/usr/local/lib/python3.11/site-packages/scrapy/spidermiddlewares/base.py", line 60, in process_spider_output
    for o in result:
  File "/usr/local/lib/python3.11/site-packages/scrapy/core/spidermw.py", line 183, in process_sync
    self._process_spider_exception(
  File "/usr/local/lib/python3.11/site-packages/scrapy/core/spidermw.py", line 256, in _process_spider_exception
    raise exception
  File "/usr/local/lib/python3.11/site-packages/scrapy/core/spidermw.py", line 179, in process_sync
    yield from iterable
  File "/usr/local/lib/python3.11/site-packages/scrapy/spidermiddlewares/base.py", line 60, in process_spider_output
    for o in result:
  File "/usr/local/lib/python3.11/site-packages/scrapy/core/spidermw.py", line 183, in process_sync
    self._process_spider_exception(
  File "/usr/local/lib/python3.11/site-packages/scrapy/core/spidermw.py", line 256, in _process_spider_exception
    raise exception
  File "/usr/local/lib/python3.11/site-packages/scrapy/core/spidermw.py", line 179, in process_sync
    yield from iterable
  File "/usr/local/lib/python3.11/site-packages/scrapy/spidermiddlewares/base.py", line 60, in process_spider_output
    for o in result:
  File "/usr/local/lib/python3.11/site-packages/scrapy/core/spidermw.py", line 183, in process_sync
    self._process_spider_exception(
  File "/usr/local/lib/python3.11/site-packages/scrapy/core/spidermw.py", line 256, in _process_spider_exception
    raise exception
  File "/usr/local/lib/python3.11/site-packages/scrapy/core/spidermw.py", line 179, in process_sync
    yield from iterable
  File "/usr/local/lib/python3.11/site-packages/scrapy/spidermiddlewares/depth.py", line 61, in process_spider_output
    yield from super().process_spider_output(response, result)
  File "/usr/local/lib/python3.11/site-packages/scrapy/spidermiddlewares/base.py", line 60, in process_spider_output
    for o in result:
  File "/usr/local/lib/python3.11/site-packages/scrapy/core/spidermw.py", line 183, in process_sync
    self._process_spider_exception(
  File "/usr/local/lib/python3.11/site-packages/scrapy/core/spidermw.py", line 256, in _process_spider_exception
    raise exception
  File "/usr/local/lib/python3.11/site-packages/scrapy/core/spidermw.py", line 179, in process_sync
    yield from iterable
  File "/app/zero_eu/zero_scraper/spiders/events_spider.py", line 227, in parse_event_page
    item["uuid"] = hashlib.sha256(uuid_string.encode('utf-8')).hexdigest()[:16]
    ~~~~^^^^^^^^
  File "/usr/local/lib/python3.11/site-packages/scrapy/item.py", line 98, in __setitem__
    raise KeyError(f"{self.__class__.__name__} does not support field: {key}")
KeyError: 'EventItem does not support field: uuid'
[2026-02-02T19:45:48.810+0000] {docker.py:429} INFO - 2026-02-02 19:45:48 [scrapy.core.engine] DEBUG: Crawled (200) <GET https://zero.eu/it/eventi/356529-inner_spaces-kara-lis-coverdale-perila,milano/> (referer: https://zero.eu/api/v2/events?per_page=100&citta=12&_embed=true)
[2026-02-02T19:45:48.916+0000] {docker.py:429} INFO - 2026-02-02 19:45:48 [scrapy.core.scraper] ERROR: Spider error processing <GET https://zero.eu/it/eventi/356529-inner_spaces-kara-lis-coverdale-perila,milano/> (referer: https://zero.eu/api/v2/events?per_page=100&citta=12&_embed=true)
Traceback (most recent call last):
  File "/usr/local/lib/python3.11/site-packages/scrapy/utils/defer.py", line 355, in iter_errback
    yield next(it)
          ^^^^^^^^
  File "/usr/local/lib/python3.11/site-packages/scrapy/utils/python.py", line 311, in __next__
    return next(self.data)
           ^^^^^^^^^^^^^^^
  File "/usr/local/lib/python3.11/site-packages/scrapy/utils/python.py", line 311, in __next__
    return next(self.data)
           ^^^^^^^^^^^^^^^
  File "/usr/local/lib/python3.11/site-packages/scrapy/core/spidermw.py", line 183, in process_sync
    self._process_spider_exception(
  File "/usr/local/lib/python3.11/site-packages/scrapy/core/spidermw.py", line 256, in _process_spider_exception
    raise exception
  File "/usr/local/lib/python3.11/site-packages/scrapy/core/spidermw.py", line 179, in process_sync
    yield from iterable
  File "/usr/local/lib/python3.11/site-packages/scrapy/spidermiddlewares/base.py", line 60, in process_spider_output
    for o in result:
  File "/usr/local/lib/python3.11/site-packages/scrapy/core/spidermw.py", line 183, in process_sync
    self._process_spider_exception(
  File "/usr/local/lib/python3.11/site-packages/scrapy/core/spidermw.py", line 256, in _process_spider_exception
    raise exception
  File "/usr/local/lib/python3.11/site-packages/scrapy/core/spidermw.py", line 179, in process_sync
    yield from iterable
  File "/usr/local/lib/python3.11/site-packages/scrapy/spidermiddlewares/base.py", line 60, in process_spider_output
    for o in result:
  File "/usr/local/lib/python3.11/site-packages/scrapy/core/spidermw.py", line 183, in process_sync
    self._process_spider_exception(
  File "/usr/local/lib/python3.11/site-packages/scrapy/core/spidermw.py", line 256, in _process_spider_exception
    raise exception
  File "/usr/local/lib/python3.11/site-packages/scrapy/core/spidermw.py", line 179, in process_sync
    yield from iterable
  File "/usr/local/lib/python3.11/site-packages/scrapy/spidermiddlewares/base.py", line 60, in process_spider_output
    for o in result:
  File "/usr/local/lib/python3.11/site-packages/scrapy/core/spidermw.py", line 183, in process_sync
    self._process_spider_exception(
  File "/usr/local/lib/python3.11/site-packages/scrapy/core/spidermw.py", line 256, in _process_spider_exception
    raise exception
  File "/usr/local/lib/python3.11/site-packages/scrapy/core/spidermw.py", line 179, in process_sync
    yield from iterable
  File "/usr/local/lib/python3.11/site-packages/scrapy/spidermiddlewares/depth.py", line 61, in process_spider_output
    yield from super().process_spider_output(response, result)
  File "/usr/local/lib/python3.11/site-packages/scrapy/spidermiddlewares/base.py", line 60, in process_spider_output
    for o in result:
  File "/usr/local/lib/python3.11/site-packages/scrapy/core/spidermw.py", line 183, in process_sync
    self._process_spider_exception(
  File "/usr/local/lib/python3.11/site-packages/scrapy/core/spidermw.py", line 256, in _process_spider_exception
    raise exception
  File "/usr/local/lib/python3.11/site-packages/scrapy/core/spidermw.py", line 179, in process_sync
    yield from iterable
  File "/app/zero_eu/zero_scraper/spiders/events_spider.py", line 227, in parse_event_page
    item["uuid"] = hashlib.sha256(uuid_string.encode('utf-8')).hexdigest()[:16]
    ~~~~^^^^^^^^
  File "/usr/local/lib/python3.11/site-packages/scrapy/item.py", line 98, in __setitem__
    raise KeyError(f"{self.__class__.__name__} does not support field: {key}")
KeyError: 'EventItem does not support field: uuid'
[2026-02-02T19:45:49.618+0000] {docker.py:429} INFO - 2026-02-02 19:45:49 [scrapy.core.engine] DEBUG: Crawled (200) <GET https://zero.eu/it/eventi/358008-franco-battiato-il-lungo-viaggio,roma/> (referer: https://zero.eu/api/v2/events?per_page=100&citta=12&_embed=true)
[2026-02-02T19:45:49.724+0000] {docker.py:429} INFO - 2026-02-02 19:45:49 [scrapy.core.scraper] ERROR: Spider error processing <GET https://zero.eu/it/eventi/358008-franco-battiato-il-lungo-viaggio,roma/> (referer: https://zero.eu/api/v2/events?per_page=100&citta=12&_embed=true)
Traceback (most recent call last):
  File "/usr/local/lib/python3.11/site-packages/scrapy/utils/defer.py", line 355, in iter_errback
    yield next(it)
          ^^^^^^^^
  File "/usr/local/lib/python3.11/site-packages/scrapy/utils/python.py", line 311, in __next__
    return next(self.data)
           ^^^^^^^^^^^^^^^
  File "/usr/local/lib/python3.11/site-packages/scrapy/utils/python.py", line 311, in __next__
    return next(self.data)
           ^^^^^^^^^^^^^^^
  File "/usr/local/lib/python3.11/site-packages/scrapy/core/spidermw.py", line 183, in process_sync
    self._process_spider_exception(
  File "/usr/local/lib/python3.11/site-packages/scrapy/core/spidermw.py", line 256, in _process_spider_exception
    raise exception
  File "/usr/local/lib/python3.11/site-packages/scrapy/core/spidermw.py", line 179, in process_sync
    yield from iterable
  File "/usr/local/lib/python3.11/site-packages/scrapy/spidermiddlewares/base.py", line 60, in process_spider_output
    for o in result:
  File "/usr/local/lib/python3.11/site-packages/scrapy/core/spidermw.py", line 183, in process_sync
    self._process_spider_exception(
  File "/usr/local/lib/python3.11/site-packages/scrapy/core/spidermw.py", line 256, in _process_spider_exception
    raise exception
  File "/usr/local/lib/python3.11/site-packages/scrapy/core/spidermw.py", line 179, in process_sync
    yield from iterable
  File "/usr/local/lib/python3.11/site-packages/scrapy/spidermiddlewares/base.py", line 60, in process_spider_output
    for o in result:
  File "/usr/local/lib/python3.11/site-packages/scrapy/core/spidermw.py", line 183, in process_sync
    self._process_spider_exception(
  File "/usr/local/lib/python3.11/site-packages/scrapy/core/spidermw.py", line 256, in _process_spider_exception
    raise exception
  File "/usr/local/lib/python3.11/site-packages/scrapy/core/spidermw.py", line 179, in process_sync
    yield from iterable
  File "/usr/local/lib/python3.11/site-packages/scrapy/spidermiddlewares/base.py", line 60, in process_spider_output
    for o in result:
  File "/usr/local/lib/python3.11/site-packages/scrapy/core/spidermw.py", line 183, in process_sync
    self._process_spider_exception(
  File "/usr/local/lib/python3.11/site-packages/scrapy/core/spidermw.py", line 256, in _process_spider_exception
    raise exception
  File "/usr/local/lib/python3.11/site-packages/scrapy/core/spidermw.py", line 179, in process_sync
    yield from iterable
  File "/usr/local/lib/python3.11/site-packages/scrapy/spidermiddlewares/depth.py", line 61, in process_spider_output
    yield from super().process_spider_output(response, result)
  File "/usr/local/lib/python3.11/site-packages/scrapy/spidermiddlewares/base.py", line 60, in process_spider_output
    for o in result:
  File "/usr/local/lib/python3.11/site-packages/scrapy/core/spidermw.py", line 183, in process_sync
    self._process_spider_exception(
  File "/usr/local/lib/python3.11/site-packages/scrapy/core/spidermw.py", line 256, in _process_spider_exception
    raise exception
  File "/usr/local/lib/python3.11/site-packages/scrapy/core/spidermw.py", line 179, in process_sync
    yield from iterable
  File "/app/zero_eu/zero_scraper/spiders/events_spider.py", line 227, in parse_event_page
    item["uuid"] = hashlib.sha256(uuid_string.encode('utf-8')).hexdigest()[:16]
    ~~~~^^^^^^^^
  File "/usr/local/lib/python3.11/site-packages/scrapy/item.py", line 98, in __setitem__
    raise KeyError(f"{self.__class__.__name__} does not support field: {key}")
KeyError: 'EventItem does not support field: uuid'
[2026-02-02T19:45:50.705+0000] {docker.py:429} INFO - 2026-02-02 19:45:50 [scrapy.core.engine] DEBUG: Crawled (200) <GET https://zero.eu/it/eventi/358138-earl-sweatshirt-hacienda-roma,roma/> (referer: https://zero.eu/api/v2/events?per_page=100&citta=12&_embed=true)
[2026-02-02T19:45:50.810+0000] {docker.py:429} INFO - 2026-02-02 19:45:50 [scrapy.core.scraper] ERROR: Spider error processing <GET https://zero.eu/it/eventi/358138-earl-sweatshirt-hacienda-roma,roma/> (referer: https://zero.eu/api/v2/events?per_page=100&citta=12&_embed=true)
Traceback (most recent call last):
  File "/usr/local/lib/python3.11/site-packages/scrapy/utils/defer.py", line 355, in iter_errback
    yield next(it)
          ^^^^^^^^
  File "/usr/local/lib/python3.11/site-packages/scrapy/utils/python.py", line 311, in __next__
    return next(self.data)
           ^^^^^^^^^^^^^^^
  File "/usr/local/lib/python3.11/site-packages/scrapy/utils/python.py", line 311, in __next__
    return next(self.data)
           ^^^^^^^^^^^^^^^
  File "/usr/local/lib/python3.11/site-packages/scrapy/core/spidermw.py", line 183, in process_sync
    self._process_spider_exception(
  File "/usr/local/lib/python3.11/site-packages/scrapy/core/spidermw.py", line 256, in _process_spider_exception
    raise exception
  File "/usr/local/lib/python3.11/site-packages/scrapy/core/spidermw.py", line 179, in process_sync
    yield from iterable
  File "/usr/local/lib/python3.11/site-packages/scrapy/spidermiddlewares/base.py", line 60, in process_spider_output
    for o in result:
  File "/usr/local/lib/python3.11/site-packages/scrapy/core/spidermw.py", line 183, in process_sync
    self._process_spider_exception(
  File "/usr/local/lib/python3.11/site-packages/scrapy/core/spidermw.py", line 256, in _process_spider_exception
    raise exception
  File "/usr/local/lib/python3.11/site-packages/scrapy/core/spidermw.py", line 179, in process_sync
    yield from iterable
  File "/usr/local/lib/python3.11/site-packages/scrapy/spidermiddlewares/base.py", line 60, in process_spider_output
    for o in result:
  File "/usr/local/lib/python3.11/site-packages/scrapy/core/spidermw.py", line 183, in process_sync
    self._process_spider_exception(
  File "/usr/local/lib/python3.11/site-packages/scrapy/core/spidermw.py", line 256, in _process_spider_exception
    raise exception
  File "/usr/local/lib/python3.11/site-packages/scrapy/core/spidermw.py", line 179, in process_sync
    yield from iterable
  File "/usr/local/lib/python3.11/site-packages/scrapy/spidermiddlewares/base.py", line 60, in process_spider_output
    for o in result:
  File "/usr/local/lib/python3.11/site-packages/scrapy/core/spidermw.py", line 183, in process_sync
    self._process_spider_exception(
  File "/usr/local/lib/python3.11/site-packages/scrapy/core/spidermw.py", line 256, in _process_spider_exception
    raise exception
  File "/usr/local/lib/python3.11/site-packages/scrapy/core/spidermw.py", line 179, in process_sync
    yield from iterable
  File "/usr/local/lib/python3.11/site-packages/scrapy/spidermiddlewares/depth.py", line 61, in process_spider_output
    yield from super().process_spider_output(response, result)
  File "/usr/local/lib/python3.11/site-packages/scrapy/spidermiddlewares/base.py", line 60, in process_spider_output
    for o in result:
  File "/usr/local/lib/python3.11/site-packages/scrapy/core/spidermw.py", line 183, in process_sync
    self._process_spider_exception(
  File "/usr/local/lib/python3.11/site-packages/scrapy/core/spidermw.py", line 256, in _process_spider_exception
    raise exception
  File "/usr/local/lib/python3.11/site-packages/scrapy/core/spidermw.py", line 179, in process_sync
    yield from iterable
  File "/app/zero_eu/zero_scraper/spiders/events_spider.py", line 227, in parse_event_page
    item["uuid"] = hashlib.sha256(uuid_string.encode('utf-8')).hexdigest()[:16]
    ~~~~^^^^^^^^
  File "/usr/local/lib/python3.11/site-packages/scrapy/item.py", line 98, in __setitem__
    raise KeyError(f"{self.__class__.__name__} does not support field: {key}")
KeyError: 'EventItem does not support field: uuid'
[2026-02-02T19:45:52.593+0000] {docker.py:429} INFO - 2026-02-02 19:45:52 [scrapy.core.engine] DEBUG: Crawled (200) <GET https://zero.eu/it/eventi/358156-giulio-regeni-tutto-il-male-del-mondo,roma/> (referer: https://zero.eu/api/v2/events?per_page=100&citta=12&_embed=true)
[2026-02-02T19:45:52.698+0000] {docker.py:429} INFO - 2026-02-02 19:45:52 [scrapy.core.scraper] ERROR: Spider error processing <GET https://zero.eu/it/eventi/358156-giulio-regeni-tutto-il-male-del-mondo,roma/> (referer: https://zero.eu/api/v2/events?per_page=100&citta=12&_embed=true)
Traceback (most recent call last):
  File "/usr/local/lib/python3.11/site-packages/scrapy/utils/defer.py", line 355, in iter_errback
    yield next(it)
          ^^^^^^^^
  File "/usr/local/lib/python3.11/site-packages/scrapy/utils/python.py", line 311, in __next__
    return next(self.data)
           ^^^^^^^^^^^^^^^
  File "/usr/local/lib/python3.11/site-packages/scrapy/utils/python.py", line 311, in __next__
    return next(self.data)
           ^^^^^^^^^^^^^^^
  File "/usr/local/lib/python3.11/site-packages/scrapy/core/spidermw.py", line 183, in process_sync
    self._process_spider_exception(
  File "/usr/local/lib/python3.11/site-packages/scrapy/core/spidermw.py", line 256, in _process_spider_exception
    raise exception
  File "/usr/local/lib/python3.11/site-packages/scrapy/core/spidermw.py", line 179, in process_sync
    yield from iterable
  File "/usr/local/lib/python3.11/site-packages/scrapy/spidermiddlewares/base.py", line 60, in process_spider_output
    for o in result:
  File "/usr/local/lib/python3.11/site-packages/scrapy/core/spidermw.py", line 183, in process_sync
    self._process_spider_exception(
  File "/usr/local/lib/python3.11/site-packages/scrapy/core/spidermw.py", line 256, in _process_spider_exception
    raise exception
  File "/usr/local/lib/python3.11/site-packages/scrapy/core/spidermw.py", line 179, in process_sync
    yield from iterable
  File "/usr/local/lib/python3.11/site-packages/scrapy/spidermiddlewares/base.py", line 60, in process_spider_output
    for o in result:
  File "/usr/local/lib/python3.11/site-packages/scrapy/core/spidermw.py", line 183, in process_sync
    self._process_spider_exception(
  File "/usr/local/lib/python3.11/site-packages/scrapy/core/spidermw.py", line 256, in _process_spider_exception
    raise exception
  File "/usr/local/lib/python3.11/site-packages/scrapy/core/spidermw.py", line 179, in process_sync
    yield from iterable
  File "/usr/local/lib/python3.11/site-packages/scrapy/spidermiddlewares/base.py", line 60, in process_spider_output
    for o in result:
  File "/usr/local/lib/python3.11/site-packages/scrapy/core/spidermw.py", line 183, in process_sync
    self._process_spider_exception(
  File "/usr/local/lib/python3.11/site-packages/scrapy/core/spidermw.py", line 256, in _process_spider_exception
    raise exception
  File "/usr/local/lib/python3.11/site-packages/scrapy/core/spidermw.py", line 179, in process_sync
    yield from iterable
  File "/usr/local/lib/python3.11/site-packages/scrapy/spidermiddlewares/depth.py", line 61, in process_spider_output
    yield from super().process_spider_output(response, result)
  File "/usr/local/lib/python3.11/site-packages/scrapy/spidermiddlewares/base.py", line 60, in process_spider_output
    for o in result:
  File "/usr/local/lib/python3.11/site-packages/scrapy/core/spidermw.py", line 183, in process_sync
    self._process_spider_exception(
  File "/usr/local/lib/python3.11/site-packages/scrapy/core/spidermw.py", line 256, in _process_spider_exception
    raise exception
  File "/usr/local/lib/python3.11/site-packages/scrapy/core/spidermw.py", line 179, in process_sync
    yield from iterable
  File "/app/zero_eu/zero_scraper/spiders/events_spider.py", line 227, in parse_event_page
    item["uuid"] = hashlib.sha256(uuid_string.encode('utf-8')).hexdigest()[:16]
    ~~~~^^^^^^^^
  File "/usr/local/lib/python3.11/site-packages/scrapy/item.py", line 98, in __setitem__
    raise KeyError(f"{self.__class__.__name__} does not support field: {key}")
KeyError: 'EventItem does not support field: uuid'
[2026-02-02T19:45:54.182+0000] {docker.py:429} INFO - 2026-02-02 19:45:54 [scrapy.core.engine] DEBUG: Crawled (200) <GET https://zero.eu/it/eventi/358183-flavio-giurato-arci-bellezza,milano/> (referer: https://zero.eu/api/v2/events?per_page=100&citta=12&_embed=true)
[2026-02-02T19:45:54.286+0000] {docker.py:429} INFO - 2026-02-02 19:45:54 [scrapy.core.scraper] ERROR: Spider error processing <GET https://zero.eu/it/eventi/358183-flavio-giurato-arci-bellezza,milano/> (referer: https://zero.eu/api/v2/events?per_page=100&citta=12&_embed=true)
Traceback (most recent call last):
  File "/usr/local/lib/python3.11/site-packages/scrapy/utils/defer.py", line 355, in iter_errback
    yield next(it)
          ^^^^^^^^
  File "/usr/local/lib/python3.11/site-packages/scrapy/utils/python.py", line 311, in __next__
    return next(self.data)
           ^^^^^^^^^^^^^^^
  File "/usr/local/lib/python3.11/site-packages/scrapy/utils/python.py", line 311, in __next__
    return next(self.data)
           ^^^^^^^^^^^^^^^
  File "/usr/local/lib/python3.11/site-packages/scrapy/core/spidermw.py", line 183, in process_sync
    self._process_spider_exception(
  File "/usr/local/lib/python3.11/site-packages/scrapy/core/spidermw.py", line 256, in _process_spider_exception
    raise exception
  File "/usr/local/lib/python3.11/site-packages/scrapy/core/spidermw.py", line 179, in process_sync
    yield from iterable
  File "/usr/local/lib/python3.11/site-packages/scrapy/spidermiddlewares/base.py", line 60, in process_spider_output
    for o in result:
  File "/usr/local/lib/python3.11/site-packages/scrapy/core/spidermw.py", line 183, in process_sync
    self._process_spider_exception(
  File "/usr/local/lib/python3.11/site-packages/scrapy/core/spidermw.py", line 256, in _process_spider_exception
    raise exception
  File "/usr/local/lib/python3.11/site-packages/scrapy/core/spidermw.py", line 179, in process_sync
    yield from iterable
  File "/usr/local/lib/python3.11/site-packages/scrapy/spidermiddlewares/base.py", line 60, in process_spider_output
    for o in result:
  File "/usr/local/lib/python3.11/site-packages/scrapy/core/spidermw.py", line 183, in process_sync
    self._process_spider_exception(
  File "/usr/local/lib/python3.11/site-packages/scrapy/core/spidermw.py", line 256, in _process_spider_exception
    raise exception
  File "/usr/local/lib/python3.11/site-packages/scrapy/core/spidermw.py", line 179, in process_sync
    yield from iterable
  File "/usr/local/lib/python3.11/site-packages/scrapy/spidermiddlewares/base.py", line 60, in process_spider_output
    for o in result:
  File "/usr/local/lib/python3.11/site-packages/scrapy/core/spidermw.py", line 183, in process_sync
    self._process_spider_exception(
  File "/usr/local/lib/python3.11/site-packages/scrapy/core/spidermw.py", line 256, in _process_spider_exception
    raise exception
  File "/usr/local/lib/python3.11/site-packages/scrapy/core/spidermw.py", line 179, in process_sync
    yield from iterable
  File "/usr/local/lib/python3.11/site-packages/scrapy/spidermiddlewares/depth.py", line 61, in process_spider_output
    yield from super().process_spider_output(response, result)
  File "/usr/local/lib/python3.11/site-packages/scrapy/spidermiddlewares/base.py", line 60, in process_spider_output
    for o in result:
  File "/usr/local/lib/python3.11/site-packages/scrapy/core/spidermw.py", line 183, in process_sync
    self._process_spider_exception(
  File "/usr/local/lib/python3.11/site-packages/scrapy/core/spidermw.py", line 256, in _process_spider_exception
    raise exception
  File "/usr/local/lib/python3.11/site-packages/scrapy/core/spidermw.py", line 179, in process_sync
    yield from iterable
  File "/app/zero_eu/zero_scraper/spiders/events_spider.py", line 227, in parse_event_page
    item["uuid"] = hashlib.sha256(uuid_string.encode('utf-8')).hexdigest()[:16]
    ~~~~^^^^^^^^
  File "/usr/local/lib/python3.11/site-packages/scrapy/item.py", line 98, in __setitem__
    raise KeyError(f"{self.__class__.__name__} does not support field: {key}")
KeyError: 'EventItem does not support field: uuid'
[2026-02-02T19:45:56.544+0000] {docker.py:429} INFO - 2026-02-02 19:45:56 [scrapy.core.engine] DEBUG: Crawled (200) <GET https://zero.eu/it/eventi/358441-artisti-marziali-3,bologna/> (referer: https://zero.eu/api/v2/events?per_page=100&citta=12&_embed=true)
[2026-02-02T19:45:56.649+0000] {docker.py:429} INFO - 2026-02-02 19:45:56 [scrapy.core.scraper] ERROR: Spider error processing <GET https://zero.eu/it/eventi/358441-artisti-marziali-3,bologna/> (referer: https://zero.eu/api/v2/events?per_page=100&citta=12&_embed=true)
Traceback (most recent call last):
  File "/usr/local/lib/python3.11/site-packages/scrapy/utils/defer.py", line 355, in iter_errback
    yield next(it)
          ^^^^^^^^
  File "/usr/local/lib/python3.11/site-packages/scrapy/utils/python.py", line 311, in __next__
    return next(self.data)
           ^^^^^^^^^^^^^^^
  File "/usr/local/lib/python3.11/site-packages/scrapy/utils/python.py", line 311, in __next__
    return next(self.data)
           ^^^^^^^^^^^^^^^
  File "/usr/local/lib/python3.11/site-packages/scrapy/core/spidermw.py", line 183, in process_sync
    self._process_spider_exception(
  File "/usr/local/lib/python3.11/site-packages/scrapy/core/spidermw.py", line 256, in _process_spider_exception
    raise exception
  File "/usr/local/lib/python3.11/site-packages/scrapy/core/spidermw.py", line 179, in process_sync
    yield from iterable
  File "/usr/local/lib/python3.11/site-packages/scrapy/spidermiddlewares/base.py", line 60, in process_spider_output
    for o in result:
  File "/usr/local/lib/python3.11/site-packages/scrapy/core/spidermw.py", line 183, in process_sync
    self._process_spider_exception(
  File "/usr/local/lib/python3.11/site-packages/scrapy/core/spidermw.py", line 256, in _process_spider_exception
    raise exception
  File "/usr/local/lib/python3.11/site-packages/scrapy/core/spidermw.py", line 179, in process_sync
    yield from iterable
  File "/usr/local/lib/python3.11/site-packages/scrapy/spidermiddlewares/base.py", line 60, in process_spider_output
    for o in result:
  File "/usr/local/lib/python3.11/site-packages/scrapy/core/spidermw.py", line 183, in process_sync
    self._process_spider_exception(
  File "/usr/local/lib/python3.11/site-packages/scrapy/core/spidermw.py", line 256, in _process_spider_exception
    raise exception
  File "/usr/local/lib/python3.11/site-packages/scrapy/core/spidermw.py", line 179, in process_sync
    yield from iterable
  File "/usr/local/lib/python3.11/site-packages/scrapy/spidermiddlewares/base.py", line 60, in process_spider_output
    for o in result:
  File "/usr/local/lib/python3.11/site-packages/scrapy/core/spidermw.py", line 183, in process_sync
    self._process_spider_exception(
  File "/usr/local/lib/python3.11/site-packages/scrapy/core/spidermw.py", line 256, in _process_spider_exception
    raise exception
  File "/usr/local/lib/python3.11/site-packages/scrapy/core/spidermw.py", line 179, in process_sync
    yield from iterable
  File "/usr/local/lib/python3.11/site-packages/scrapy/spidermiddlewares/depth.py", line 61, in process_spider_output
    yield from super().process_spider_output(response, result)
  File "/usr/local/lib/python3.11/site-packages/scrapy/spidermiddlewares/base.py", line 60, in process_spider_output
    for o in result:
  File "/usr/local/lib/python3.11/site-packages/scrapy/core/spidermw.py", line 183, in process_sync
    self._process_spider_exception(
  File "/usr/local/lib/python3.11/site-packages/scrapy/core/spidermw.py", line 256, in _process_spider_exception
    raise exception
  File "/usr/local/lib/python3.11/site-packages/scrapy/core/spidermw.py", line 179, in process_sync
    yield from iterable
  File "/app/zero_eu/zero_scraper/spiders/events_spider.py", line 227, in parse_event_page
    item["uuid"] = hashlib.sha256(uuid_string.encode('utf-8')).hexdigest()[:16]
    ~~~~^^^^^^^^
  File "/usr/local/lib/python3.11/site-packages/scrapy/item.py", line 98, in __setitem__
    raise KeyError(f"{self.__class__.__name__} does not support field: {key}")
KeyError: 'EventItem does not support field: uuid'
[2026-02-02T19:45:58.832+0000] {docker.py:429} INFO - 2026-02-02 19:45:58 [scrapy.core.engine] DEBUG: Crawled (200) <GET https://zero.eu/it/eventi/358452-waking-hours,bologna/> (referer: https://zero.eu/api/v2/events?per_page=100&citta=12&_embed=true)
[2026-02-02T19:45:58.937+0000] {docker.py:429} INFO - 2026-02-02 19:45:58 [scrapy.core.scraper] ERROR: Spider error processing <GET https://zero.eu/it/eventi/358452-waking-hours,bologna/> (referer: https://zero.eu/api/v2/events?per_page=100&citta=12&_embed=true)
Traceback (most recent call last):
  File "/usr/local/lib/python3.11/site-packages/scrapy/utils/defer.py", line 355, in iter_errback
    yield next(it)
          ^^^^^^^^
  File "/usr/local/lib/python3.11/site-packages/scrapy/utils/python.py", line 311, in __next__
    return next(self.data)
           ^^^^^^^^^^^^^^^
  File "/usr/local/lib/python3.11/site-packages/scrapy/utils/python.py", line 311, in __next__
    return next(self.data)
           ^^^^^^^^^^^^^^^
  File "/usr/local/lib/python3.11/site-packages/scrapy/core/spidermw.py", line 183, in process_sync
    self._process_spider_exception(
  File "/usr/local/lib/python3.11/site-packages/scrapy/core/spidermw.py", line 256, in _process_spider_exception
    raise exception
  File "/usr/local/lib/python3.11/site-packages/scrapy/core/spidermw.py", line 179, in process_sync
    yield from iterable
  File "/usr/local/lib/python3.11/site-packages/scrapy/spidermiddlewares/base.py", line 60, in process_spider_output
    for o in result:
  File "/usr/local/lib/python3.11/site-packages/scrapy/core/spidermw.py", line 183, in process_sync
    self._process_spider_exception(
  File "/usr/local/lib/python3.11/site-packages/scrapy/core/spidermw.py", line 256, in _process_spider_exception
    raise exception
  File "/usr/local/lib/python3.11/site-packages/scrapy/core/spidermw.py", line 179, in process_sync
    yield from iterable
  File "/usr/local/lib/python3.11/site-packages/scrapy/spidermiddlewares/base.py", line 60, in process_spider_output
    for o in result:
  File "/usr/local/lib/python3.11/site-packages/scrapy/core/spidermw.py", line 183, in process_sync
    self._process_spider_exception(
  File "/usr/local/lib/python3.11/site-packages/scrapy/core/spidermw.py", line 256, in _process_spider_exception
    raise exception
  File "/usr/local/lib/python3.11/site-packages/scrapy/core/spidermw.py", line 179, in process_sync
    yield from iterable
  File "/usr/local/lib/python3.11/site-packages/scrapy/spidermiddlewares/base.py", line 60, in process_spider_output
    for o in result:
  File "/usr/local/lib/python3.11/site-packages/scrapy/core/spidermw.py", line 183, in process_sync
    self._process_spider_exception(
  File "/usr/local/lib/python3.11/site-packages/scrapy/core/spidermw.py", line 256, in _process_spider_exception
    raise exception
  File "/usr/local/lib/python3.11/site-packages/scrapy/core/spidermw.py", line 179, in process_sync
    yield from iterable
  File "/usr/local/lib/python3.11/site-packages/scrapy/spidermiddlewares/depth.py", line 61, in process_spider_output
    yield from super().process_spider_output(response, result)
  File "/usr/local/lib/python3.11/site-packages/scrapy/spidermiddlewares/base.py", line 60, in process_spider_output
    for o in result:
  File "/usr/local/lib/python3.11/site-packages/scrapy/core/spidermw.py", line 183, in process_sync
    self._process_spider_exception(
  File "/usr/local/lib/python3.11/site-packages/scrapy/core/spidermw.py", line 256, in _process_spider_exception
    raise exception
  File "/usr/local/lib/python3.11/site-packages/scrapy/core/spidermw.py", line 179, in process_sync
    yield from iterable
  File "/app/zero_eu/zero_scraper/spiders/events_spider.py", line 227, in parse_event_page
    item["uuid"] = hashlib.sha256(uuid_string.encode('utf-8')).hexdigest()[:16]
    ~~~~^^^^^^^^
  File "/usr/local/lib/python3.11/site-packages/scrapy/item.py", line 98, in __setitem__
    raise KeyError(f"{self.__class__.__name__} does not support field: {key}")
KeyError: 'EventItem does not support field: uuid'
[2026-02-02T19:46:00.856+0000] {docker.py:429} INFO - 2026-02-02 19:46:00 [scrapy.core.engine] DEBUG: Crawled (200) <GET https://zero.eu/it/eventi/358945-erob-francesco-covarino,roma/> (referer: https://zero.eu/api/v2/events?per_page=100&citta=12&_embed=true)
[2026-02-02T19:46:00.960+0000] {docker.py:429} INFO - 2026-02-02 19:46:00 [scrapy.core.scraper] ERROR: Spider error processing <GET https://zero.eu/it/eventi/358945-erob-francesco-covarino,roma/> (referer: https://zero.eu/api/v2/events?per_page=100&citta=12&_embed=true)
Traceback (most recent call last):
  File "/usr/local/lib/python3.11/site-packages/scrapy/utils/defer.py", line 355, in iter_errback
    yield next(it)
          ^^^^^^^^
  File "/usr/local/lib/python3.11/site-packages/scrapy/utils/python.py", line 311, in __next__
    return next(self.data)
           ^^^^^^^^^^^^^^^
  File "/usr/local/lib/python3.11/site-packages/scrapy/utils/python.py", line 311, in __next__
    return next(self.data)
           ^^^^^^^^^^^^^^^
  File "/usr/local/lib/python3.11/site-packages/scrapy/core/spidermw.py", line 183, in process_sync
    self._process_spider_exception(
  File "/usr/local/lib/python3.11/site-packages/scrapy/core/spidermw.py", line 256, in _process_spider_exception
    raise exception
  File "/usr/local/lib/python3.11/site-packages/scrapy/core/spidermw.py", line 179, in process_sync
    yield from iterable
  File "/usr/local/lib/python3.11/site-packages/scrapy/spidermiddlewares/base.py", line 60, in process_spider_output
    for o in result:
  File "/usr/local/lib/python3.11/site-packages/scrapy/core/spidermw.py", line 183, in process_sync
    self._process_spider_exception(
  File "/usr/local/lib/python3.11/site-packages/scrapy/core/spidermw.py", line 256, in _process_spider_exception
    raise exception
  File "/usr/local/lib/python3.11/site-packages/scrapy/core/spidermw.py", line 179, in process_sync
    yield from iterable
  File "/usr/local/lib/python3.11/site-packages/scrapy/spidermiddlewares/base.py", line 60, in process_spider_output
    for o in result:
  File "/usr/local/lib/python3.11/site-packages/scrapy/core/spidermw.py", line 183, in process_sync
    self._process_spider_exception(
  File "/usr/local/lib/python3.11/site-packages/scrapy/core/spidermw.py", line 256, in _process_spider_exception
    raise exception
  File "/usr/local/lib/python3.11/site-packages/scrapy/core/spidermw.py", line 179, in process_sync
    yield from iterable
  File "/usr/local/lib/python3.11/site-packages/scrapy/spidermiddlewares/base.py", line 60, in process_spider_output
    for o in result:
  File "/usr/local/lib/python3.11/site-packages/scrapy/core/spidermw.py", line 183, in process_sync
    self._process_spider_exception(
  File "/usr/local/lib/python3.11/site-packages/scrapy/core/spidermw.py", line 256, in _process_spider_exception
    raise exception
  File "/usr/local/lib/python3.11/site-packages/scrapy/core/spidermw.py", line 179, in process_sync
    yield from iterable
  File "/usr/local/lib/python3.11/site-packages/scrapy/spidermiddlewares/depth.py", line 61, in process_spider_output
    yield from super().process_spider_output(response, result)
  File "/usr/local/lib/python3.11/site-packages/scrapy/spidermiddlewares/base.py", line 60, in process_spider_output
    for o in result:
  File "/usr/local/lib/python3.11/site-packages/scrapy/core/spidermw.py", line 183, in process_sync
    self._process_spider_exception(
  File "/usr/local/lib/python3.11/site-packages/scrapy/core/spidermw.py", line 256, in _process_spider_exception
    raise exception
  File "/usr/local/lib/python3.11/site-packages/scrapy/core/spidermw.py", line 179, in process_sync
    yield from iterable
  File "/app/zero_eu/zero_scraper/spiders/events_spider.py", line 227, in parse_event_page
    item["uuid"] = hashlib.sha256(uuid_string.encode('utf-8')).hexdigest()[:16]
    ~~~~^^^^^^^^
  File "/usr/local/lib/python3.11/site-packages/scrapy/item.py", line 98, in __setitem__
    raise KeyError(f"{self.__class__.__name__} does not support field: {key}")
KeyError: 'EventItem does not support field: uuid'
[2026-02-02T19:46:03.199+0000] {docker.py:429} INFO - 2026-02-02 19:46:03 [scrapy.core.engine] DEBUG: Crawled (200) <GET https://zero.eu/it/eventi/358954-wow-incendi-spontanei,roma/> (referer: https://zero.eu/api/v2/events?per_page=100&citta=12&_embed=true)
[2026-02-02T19:46:03.303+0000] {docker.py:429} INFO - 2026-02-02 19:46:03 [scrapy.core.scraper] ERROR: Spider error processing <GET https://zero.eu/it/eventi/358954-wow-incendi-spontanei,roma/> (referer: https://zero.eu/api/v2/events?per_page=100&citta=12&_embed=true)
Traceback (most recent call last):
  File "/usr/local/lib/python3.11/site-packages/scrapy/utils/defer.py", line 355, in iter_errback
    yield next(it)
          ^^^^^^^^
  File "/usr/local/lib/python3.11/site-packages/scrapy/utils/python.py", line 311, in __next__
    return next(self.data)
           ^^^^^^^^^^^^^^^
  File "/usr/local/lib/python3.11/site-packages/scrapy/utils/python.py", line 311, in __next__
    return next(self.data)
           ^^^^^^^^^^^^^^^
  File "/usr/local/lib/python3.11/site-packages/scrapy/core/spidermw.py", line 183, in process_sync
    self._process_spider_exception(
  File "/usr/local/lib/python3.11/site-packages/scrapy/core/spidermw.py", line 256, in _process_spider_exception
    raise exception
  File "/usr/local/lib/python3.11/site-packages/scrapy/core/spidermw.py", line 179, in process_sync
    yield from iterable
  File "/usr/local/lib/python3.11/site-packages/scrapy/spidermiddlewares/base.py", line 60, in process_spider_output
    for o in result:
  File "/usr/local/lib/python3.11/site-packages/scrapy/core/spidermw.py", line 183, in process_sync
    self._process_spider_exception(
  File "/usr/local/lib/python3.11/site-packages/scrapy/core/spidermw.py", line 256, in _process_spider_exception
    raise exception
  File "/usr/local/lib/python3.11/site-packages/scrapy/core/spidermw.py", line 179, in process_sync
    yield from iterable
  File "/usr/local/lib/python3.11/site-packages/scrapy/spidermiddlewares/base.py", line 60, in process_spider_output
    for o in result:
  File "/usr/local/lib/python3.11/site-packages/scrapy/core/spidermw.py", line 183, in process_sync
    self._process_spider_exception(
  File "/usr/local/lib/python3.11/site-packages/scrapy/core/spidermw.py", line 256, in _process_spider_exception
    raise exception
  File "/usr/local/lib/python3.11/site-packages/scrapy/core/spidermw.py", line 179, in process_sync
    yield from iterable
  File "/usr/local/lib/python3.11/site-packages/scrapy/spidermiddlewares/base.py", line 60, in process_spider_output
    for o in result:
  File "/usr/local/lib/python3.11/site-packages/scrapy/core/spidermw.py", line 183, in process_sync
    self._process_spider_exception(
  File "/usr/local/lib/python3.11/site-packages/scrapy/core/spidermw.py", line 256, in _process_spider_exception
    raise exception
  File "/usr/local/lib/python3.11/site-packages/scrapy/core/spidermw.py", line 179, in process_sync
    yield from iterable
  File "/usr/local/lib/python3.11/site-packages/scrapy/spidermiddlewares/depth.py", line 61, in process_spider_output
    yield from super().process_spider_output(response, result)
  File "/usr/local/lib/python3.11/site-packages/scrapy/spidermiddlewares/base.py", line 60, in process_spider_output
    for o in result:
  File "/usr/local/lib/python3.11/site-packages/scrapy/core/spidermw.py", line 183, in process_sync
    self._process_spider_exception(
  File "/usr/local/lib/python3.11/site-packages/scrapy/core/spidermw.py", line 256, in _process_spider_exception
    raise exception
  File "/usr/local/lib/python3.11/site-packages/scrapy/core/spidermw.py", line 179, in process_sync
    yield from iterable
  File "/app/zero_eu/zero_scraper/spiders/events_spider.py", line 227, in parse_event_page
    item["uuid"] = hashlib.sha256(uuid_string.encode('utf-8')).hexdigest()[:16]
    ~~~~^^^^^^^^
  File "/usr/local/lib/python3.11/site-packages/scrapy/item.py", line 98, in __setitem__
    raise KeyError(f"{self.__class__.__name__} does not support field: {key}")
KeyError: 'EventItem does not support field: uuid'
[2026-02-02T19:46:04.763+0000] {docker.py:429} INFO - 2026-02-02 19:46:04 [scrapy.core.engine] DEBUG: Crawled (200) <GET https://zero.eu/it/eventi/359029-codex-leco-del-wireless-diventa-pensiero-digitale,bologna/> (referer: https://zero.eu/api/v2/events?per_page=100&citta=12&_embed=true)
[2026-02-02T19:46:04.869+0000] {docker.py:429} INFO - 2026-02-02 19:46:04 [scrapy.core.scraper] ERROR: Spider error processing <GET https://zero.eu/it/eventi/359029-codex-leco-del-wireless-diventa-pensiero-digitale,bologna/> (referer: https://zero.eu/api/v2/events?per_page=100&citta=12&_embed=true)
Traceback (most recent call last):
  File "/usr/local/lib/python3.11/site-packages/scrapy/utils/defer.py", line 355, in iter_errback
    yield next(it)
          ^^^^^^^^
  File "/usr/local/lib/python3.11/site-packages/scrapy/utils/python.py", line 311, in __next__
    return next(self.data)
           ^^^^^^^^^^^^^^^
  File "/usr/local/lib/python3.11/site-packages/scrapy/utils/python.py", line 311, in __next__
    return next(self.data)
           ^^^^^^^^^^^^^^^
  File "/usr/local/lib/python3.11/site-packages/scrapy/core/spidermw.py", line 183, in process_sync
    self._process_spider_exception(
  File "/usr/local/lib/python3.11/site-packages/scrapy/core/spidermw.py", line 256, in _process_spider_exception
    raise exception
  File "/usr/local/lib/python3.11/site-packages/scrapy/core/spidermw.py", line 179, in process_sync
    yield from iterable
  File "/usr/local/lib/python3.11/site-packages/scrapy/spidermiddlewares/base.py", line 60, in process_spider_output
    for o in result:
  File "/usr/local/lib/python3.11/site-packages/scrapy/core/spidermw.py", line 183, in process_sync
    self._process_spider_exception(
  File "/usr/local/lib/python3.11/site-packages/scrapy/core/spidermw.py", line 256, in _process_spider_exception
    raise exception
  File "/usr/local/lib/python3.11/site-packages/scrapy/core/spidermw.py", line 179, in process_sync
    yield from iterable
  File "/usr/local/lib/python3.11/site-packages/scrapy/spidermiddlewares/base.py", line 60, in process_spider_output
    for o in result:
  File "/usr/local/lib/python3.11/site-packages/scrapy/core/spidermw.py", line 183, in process_sync
    self._process_spider_exception(
  File "/usr/local/lib/python3.11/site-packages/scrapy/core/spidermw.py", line 256, in _process_spider_exception
    raise exception
  File "/usr/local/lib/python3.11/site-packages/scrapy/core/spidermw.py", line 179, in process_sync
    yield from iterable
  File "/usr/local/lib/python3.11/site-packages/scrapy/spidermiddlewares/base.py", line 60, in process_spider_output
    for o in result:
  File "/usr/local/lib/python3.11/site-packages/scrapy/core/spidermw.py", line 183, in process_sync
    self._process_spider_exception(
  File "/usr/local/lib/python3.11/site-packages/scrapy/core/spidermw.py", line 256, in _process_spider_exception
    raise exception
  File "/usr/local/lib/python3.11/site-packages/scrapy/core/spidermw.py", line 179, in process_sync
    yield from iterable
  File "/usr/local/lib/python3.11/site-packages/scrapy/spidermiddlewares/depth.py", line 61, in process_spider_output
    yield from super().process_spider_output(response, result)
  File "/usr/local/lib/python3.11/site-packages/scrapy/spidermiddlewares/base.py", line 60, in process_spider_output
    for o in result:
  File "/usr/local/lib/python3.11/site-packages/scrapy/core/spidermw.py", line 183, in process_sync
    self._process_spider_exception(
  File "/usr/local/lib/python3.11/site-packages/scrapy/core/spidermw.py", line 256, in _process_spider_exception
    raise exception
  File "/usr/local/lib/python3.11/site-packages/scrapy/core/spidermw.py", line 179, in process_sync
    yield from iterable
  File "/app/zero_eu/zero_scraper/spiders/events_spider.py", line 227, in parse_event_page
    item["uuid"] = hashlib.sha256(uuid_string.encode('utf-8')).hexdigest()[:16]
    ~~~~^^^^^^^^
  File "/usr/local/lib/python3.11/site-packages/scrapy/item.py", line 98, in __setitem__
    raise KeyError(f"{self.__class__.__name__} does not support field: {key}")
KeyError: 'EventItem does not support field: uuid'
[2026-02-02T19:46:05.938+0000] {docker.py:429} INFO - 2026-02-02 19:46:05 [scrapy.core.engine] DEBUG: Crawled (200) <GET https://zero.eu/it/eventi/359111-premiere-und-dann-romy-schneider,zurich/> (referer: https://zero.eu/api/v2/events?per_page=100&citta=12&_embed=true)
[2026-02-02T19:46:06.042+0000] {docker.py:429} INFO - 2026-02-02 19:46:06 [scrapy.core.scraper] ERROR: Spider error processing <GET https://zero.eu/it/eventi/359111-premiere-und-dann-romy-schneider,zurich/> (referer: https://zero.eu/api/v2/events?per_page=100&citta=12&_embed=true)
Traceback (most recent call last):
  File "/usr/local/lib/python3.11/site-packages/scrapy/utils/defer.py", line 355, in iter_errback
    yield next(it)
          ^^^^^^^^
  File "/usr/local/lib/python3.11/site-packages/scrapy/utils/python.py", line 311, in __next__
    return next(self.data)
           ^^^^^^^^^^^^^^^
  File "/usr/local/lib/python3.11/site-packages/scrapy/utils/python.py", line 311, in __next__
    return next(self.data)
           ^^^^^^^^^^^^^^^
  File "/usr/local/lib/python3.11/site-packages/scrapy/core/spidermw.py", line 183, in process_sync
    self._process_spider_exception(
  File "/usr/local/lib/python3.11/site-packages/scrapy/core/spidermw.py", line 256, in _process_spider_exception
    raise exception
  File "/usr/local/lib/python3.11/site-packages/scrapy/core/spidermw.py", line 179, in process_sync
    yield from iterable
  File "/usr/local/lib/python3.11/site-packages/scrapy/spidermiddlewares/base.py", line 60, in process_spider_output
    for o in result:
  File "/usr/local/lib/python3.11/site-packages/scrapy/core/spidermw.py", line 183, in process_sync
    self._process_spider_exception(
  File "/usr/local/lib/python3.11/site-packages/scrapy/core/spidermw.py", line 256, in _process_spider_exception
    raise exception
  File "/usr/local/lib/python3.11/site-packages/scrapy/core/spidermw.py", line 179, in process_sync
    yield from iterable
  File "/usr/local/lib/python3.11/site-packages/scrapy/spidermiddlewares/base.py", line 60, in process_spider_output
    for o in result:
  File "/usr/local/lib/python3.11/site-packages/scrapy/core/spidermw.py", line 183, in process_sync
    self._process_spider_exception(
  File "/usr/local/lib/python3.11/site-packages/scrapy/core/spidermw.py", line 256, in _process_spider_exception
    raise exception
  File "/usr/local/lib/python3.11/site-packages/scrapy/core/spidermw.py", line 179, in process_sync
    yield from iterable
  File "/usr/local/lib/python3.11/site-packages/scrapy/spidermiddlewares/base.py", line 60, in process_spider_output
    for o in result:
  File "/usr/local/lib/python3.11/site-packages/scrapy/core/spidermw.py", line 183, in process_sync
    self._process_spider_exception(
  File "/usr/local/lib/python3.11/site-packages/scrapy/core/spidermw.py", line 256, in _process_spider_exception
    raise exception
  File "/usr/local/lib/python3.11/site-packages/scrapy/core/spidermw.py", line 179, in process_sync
    yield from iterable
  File "/usr/local/lib/python3.11/site-packages/scrapy/spidermiddlewares/depth.py", line 61, in process_spider_output
    yield from super().process_spider_output(response, result)
  File "/usr/local/lib/python3.11/site-packages/scrapy/spidermiddlewares/base.py", line 60, in process_spider_output
    for o in result:
  File "/usr/local/lib/python3.11/site-packages/scrapy/core/spidermw.py", line 183, in process_sync
    self._process_spider_exception(
  File "/usr/local/lib/python3.11/site-packages/scrapy/core/spidermw.py", line 256, in _process_spider_exception
    raise exception
  File "/usr/local/lib/python3.11/site-packages/scrapy/core/spidermw.py", line 179, in process_sync
    yield from iterable
  File "/app/zero_eu/zero_scraper/spiders/events_spider.py", line 227, in parse_event_page
    item["uuid"] = hashlib.sha256(uuid_string.encode('utf-8')).hexdigest()[:16]
    ~~~~^^^^^^^^
  File "/usr/local/lib/python3.11/site-packages/scrapy/item.py", line 98, in __setitem__
    raise KeyError(f"{self.__class__.__name__} does not support field: {key}")
KeyError: 'EventItem does not support field: uuid'
[2026-02-02T19:46:08.710+0000] {docker.py:429} INFO - 2026-02-02 19:46:08 [scrapy.core.engine] DEBUG: Crawled (200) <GET https://zero.eu/it/eventi/359146-veramente-insieme-paolo-parisi,milano/> (referer: https://zero.eu/api/v2/events?per_page=100&citta=12&_embed=true)
[2026-02-02T19:46:08.813+0000] {docker.py:429} INFO - 2026-02-02 19:46:08 [scrapy.core.scraper] ERROR: Spider error processing <GET https://zero.eu/it/eventi/359146-veramente-insieme-paolo-parisi,milano/> (referer: https://zero.eu/api/v2/events?per_page=100&citta=12&_embed=true)
Traceback (most recent call last):
  File "/usr/local/lib/python3.11/site-packages/scrapy/utils/defer.py", line 355, in iter_errback
    yield next(it)
          ^^^^^^^^
  File "/usr/local/lib/python3.11/site-packages/scrapy/utils/python.py", line 311, in __next__
    return next(self.data)
           ^^^^^^^^^^^^^^^
  File "/usr/local/lib/python3.11/site-packages/scrapy/utils/python.py", line 311, in __next__
    return next(self.data)
           ^^^^^^^^^^^^^^^
  File "/usr/local/lib/python3.11/site-packages/scrapy/core/spidermw.py", line 183, in process_sync
    self._process_spider_exception(
  File "/usr/local/lib/python3.11/site-packages/scrapy/core/spidermw.py", line 256, in _process_spider_exception
    raise exception
  File "/usr/local/lib/python3.11/site-packages/scrapy/core/spidermw.py", line 179, in process_sync
    yield from iterable
  File "/usr/local/lib/python3.11/site-packages/scrapy/spidermiddlewares/base.py", line 60, in process_spider_output
    for o in result:
  File "/usr/local/lib/python3.11/site-packages/scrapy/core/spidermw.py", line 183, in process_sync
    self._process_spider_exception(
  File "/usr/local/lib/python3.11/site-packages/scrapy/core/spidermw.py", line 256, in _process_spider_exception
    raise exception
  File "/usr/local/lib/python3.11/site-packages/scrapy/core/spidermw.py", line 179, in process_sync
    yield from iterable
  File "/usr/local/lib/python3.11/site-packages/scrapy/spidermiddlewares/base.py", line 60, in process_spider_output
    for o in result:
  File "/usr/local/lib/python3.11/site-packages/scrapy/core/spidermw.py", line 183, in process_sync
    self._process_spider_exception(
  File "/usr/local/lib/python3.11/site-packages/scrapy/core/spidermw.py", line 256, in _process_spider_exception
    raise exception
  File "/usr/local/lib/python3.11/site-packages/scrapy/core/spidermw.py", line 179, in process_sync
    yield from iterable
  File "/usr/local/lib/python3.11/site-packages/scrapy/spidermiddlewares/base.py", line 60, in process_spider_output
    for o in result:
  File "/usr/local/lib/python3.11/site-packages/scrapy/core/spidermw.py", line 183, in process_sync
    self._process_spider_exception(
  File "/usr/local/lib/python3.11/site-packages/scrapy/core/spidermw.py", line 256, in _process_spider_exception
    raise exception
  File "/usr/local/lib/python3.11/site-packages/scrapy/core/spidermw.py", line 179, in process_sync
    yield from iterable
  File "/usr/local/lib/python3.11/site-packages/scrapy/spidermiddlewares/depth.py", line 61, in process_spider_output
    yield from super().process_spider_output(response, result)
  File "/usr/local/lib/python3.11/site-packages/scrapy/spidermiddlewares/base.py", line 60, in process_spider_output
    for o in result:
  File "/usr/local/lib/python3.11/site-packages/scrapy/core/spidermw.py", line 183, in process_sync
    self._process_spider_exception(
  File "/usr/local/lib/python3.11/site-packages/scrapy/core/spidermw.py", line 256, in _process_spider_exception
    raise exception
  File "/usr/local/lib/python3.11/site-packages/scrapy/core/spidermw.py", line 179, in process_sync
    yield from iterable
  File "/app/zero_eu/zero_scraper/spiders/events_spider.py", line 227, in parse_event_page
    item["uuid"] = hashlib.sha256(uuid_string.encode('utf-8')).hexdigest()[:16]
    ~~~~^^^^^^^^
  File "/usr/local/lib/python3.11/site-packages/scrapy/item.py", line 98, in __setitem__
    raise KeyError(f"{self.__class__.__name__} does not support field: {key}")
KeyError: 'EventItem does not support field: uuid'
[2026-02-02T19:46:11.536+0000] {docker.py:429} INFO - 2026-02-02 19:46:11 [scrapy.core.engine] DEBUG: Crawled (200) <GET https://zero.eu/it/eventi/359424-mystery-film-circuito-cinema,roma/> (referer: https://zero.eu/api/v2/events?per_page=100&citta=12&_embed=true)
[2026-02-02T19:46:11.641+0000] {docker.py:429} INFO - 2026-02-02 19:46:11 [scrapy.core.scraper] ERROR: Spider error processing <GET https://zero.eu/it/eventi/359424-mystery-film-circuito-cinema,roma/> (referer: https://zero.eu/api/v2/events?per_page=100&citta=12&_embed=true)
Traceback (most recent call last):
  File "/usr/local/lib/python3.11/site-packages/scrapy/utils/defer.py", line 355, in iter_errback
    yield next(it)
          ^^^^^^^^
  File "/usr/local/lib/python3.11/site-packages/scrapy/utils/python.py", line 311, in __next__
    return next(self.data)
           ^^^^^^^^^^^^^^^
  File "/usr/local/lib/python3.11/site-packages/scrapy/utils/python.py", line 311, in __next__
    return next(self.data)
           ^^^^^^^^^^^^^^^
  File "/usr/local/lib/python3.11/site-packages/scrapy/core/spidermw.py", line 183, in process_sync
    self._process_spider_exception(
  File "/usr/local/lib/python3.11/site-packages/scrapy/core/spidermw.py", line 256, in _process_spider_exception
    raise exception
  File "/usr/local/lib/python3.11/site-packages/scrapy/core/spidermw.py", line 179, in process_sync
    yield from iterable
  File "/usr/local/lib/python3.11/site-packages/scrapy/spidermiddlewares/base.py", line 60, in process_spider_output
    for o in result:
  File "/usr/local/lib/python3.11/site-packages/scrapy/core/spidermw.py", line 183, in process_sync
    self._process_spider_exception(
  File "/usr/local/lib/python3.11/site-packages/scrapy/core/spidermw.py", line 256, in _process_spider_exception
    raise exception
  File "/usr/local/lib/python3.11/site-packages/scrapy/core/spidermw.py", line 179, in process_sync
    yield from iterable
  File "/usr/local/lib/python3.11/site-packages/scrapy/spidermiddlewares/base.py", line 60, in process_spider_output
    for o in result:
  File "/usr/local/lib/python3.11/site-packages/scrapy/core/spidermw.py", line 183, in process_sync
    self._process_spider_exception(
  File "/usr/local/lib/python3.11/site-packages/scrapy/core/spidermw.py", line 256, in _process_spider_exception
    raise exception
  File "/usr/local/lib/python3.11/site-packages/scrapy/core/spidermw.py", line 179, in process_sync
    yield from iterable
  File "/usr/local/lib/python3.11/site-packages/scrapy/spidermiddlewares/base.py", line 60, in process_spider_output
    for o in result:
  File "/usr/local/lib/python3.11/site-packages/scrapy/core/spidermw.py", line 183, in process_sync
    self._process_spider_exception(
  File "/usr/local/lib/python3.11/site-packages/scrapy/core/spidermw.py", line 256, in _process_spider_exception
    raise exception
  File "/usr/local/lib/python3.11/site-packages/scrapy/core/spidermw.py", line 179, in process_sync
    yield from iterable
  File "/usr/local/lib/python3.11/site-packages/scrapy/spidermiddlewares/depth.py", line 61, in process_spider_output
    yield from super().process_spider_output(response, result)
  File "/usr/local/lib/python3.11/site-packages/scrapy/spidermiddlewares/base.py", line 60, in process_spider_output
    for o in result:
  File "/usr/local/lib/python3.11/site-packages/scrapy/core/spidermw.py", line 183, in process_sync
    self._process_spider_exception(
  File "/usr/local/lib/python3.11/site-packages/scrapy/core/spidermw.py", line 256, in _process_spider_exception
    raise exception
  File "/usr/local/lib/python3.11/site-packages/scrapy/core/spidermw.py", line 179, in process_sync
    yield from iterable
  File "/app/zero_eu/zero_scraper/spiders/events_spider.py", line 227, in parse_event_page
    item["uuid"] = hashlib.sha256(uuid_string.encode('utf-8')).hexdigest()[:16]
    ~~~~^^^^^^^^
  File "/usr/local/lib/python3.11/site-packages/scrapy/item.py", line 98, in __setitem__
    raise KeyError(f"{self.__class__.__name__} does not support field: {key}")
KeyError: 'EventItem does not support field: uuid'
[2026-02-02T19:46:14.214+0000] {docker.py:429} INFO - 2026-02-02 19:46:14 [scrapy.core.engine] DEBUG: Crawled (200) <GET https://zero.eu/it/eventi/359426-mystery-film-circuito-cinema-metropolitan,napoli/> (referer: https://zero.eu/api/v2/events?per_page=100&citta=12&_embed=true)
[2026-02-02T19:46:14.328+0000] {docker.py:429} INFO - 2026-02-02 19:46:14 [scrapy.core.scraper] ERROR: Spider error processing <GET https://zero.eu/it/eventi/359426-mystery-film-circuito-cinema-metropolitan,napoli/> (referer: https://zero.eu/api/v2/events?per_page=100&citta=12&_embed=true)
Traceback (most recent call last):
  File "/usr/local/lib/python3.11/site-packages/scrapy/utils/defer.py", line 355, in iter_errback
    yield next(it)
          ^^^^^^^^
  File "/usr/local/lib/python3.11/site-packages/scrapy/utils/python.py", line 311, in __next__
    return next(self.data)
           ^^^^^^^^^^^^^^^
  File "/usr/local/lib/python3.11/site-packages/scrapy/utils/python.py", line 311, in __next__
    return next(self.data)
           ^^^^^^^^^^^^^^^
  File "/usr/local/lib/python3.11/site-packages/scrapy/core/spidermw.py", line 183, in process_sync
    self._process_spider_exception(
  File "/usr/local/lib/python3.11/site-packages/scrapy/core/spidermw.py", line 256, in _process_spider_exception
    raise exception
  File "/usr/local/lib/python3.11/site-packages/scrapy/core/spidermw.py", line 179, in process_sync
    yield from iterable
  File "/usr/local/lib/python3.11/site-packages/scrapy/spidermiddlewares/base.py", line 60, in process_spider_output
    for o in result:
  File "/usr/local/lib/python3.11/site-packages/scrapy/core/spidermw.py", line 183, in process_sync
    self._process_spider_exception(
  File "/usr/local/lib/python3.11/site-packages/scrapy/core/spidermw.py", line 256, in _process_spider_exception
    raise exception
  File "/usr/local/lib/python3.11/site-packages/scrapy/core/spidermw.py", line 179, in process_sync
    yield from iterable
  File "/usr/local/lib/python3.11/site-packages/scrapy/spidermiddlewares/base.py", line 60, in process_spider_output
    for o in result:
  File "/usr/local/lib/python3.11/site-packages/scrapy/core/spidermw.py", line 183, in process_sync
    self._process_spider_exception(
  File "/usr/local/lib/python3.11/site-packages/scrapy/core/spidermw.py", line 256, in _process_spider_exception
    raise exception
  File "/usr/local/lib/python3.11/site-packages/scrapy/core/spidermw.py", line 179, in process_sync
    yield from iterable
  File "/usr/local/lib/python3.11/site-packages/scrapy/spidermiddlewares/base.py", line 60, in process_spider_output
    for o in result:
  File "/usr/local/lib/python3.11/site-packages/scrapy/core/spidermw.py", line 183, in process_sync
    self._process_spider_exception(
  File "/usr/local/lib/python3.11/site-packages/scrapy/core/spidermw.py", line 256, in _process_spider_exception
    raise exception
  File "/usr/local/lib/python3.11/site-packages/scrapy/core/spidermw.py", line 179, in process_sync
    yield from iterable
  File "/usr/local/lib/python3.11/site-packages/scrapy/spidermiddlewares/depth.py", line 61, in process_spider_output
    yield from super().process_spider_output(response, result)
  File "/usr/local/lib/python3.11/site-packages/scrapy/spidermiddlewares/base.py", line 60, in process_spider_output
    for o in result:
  File "/usr/local/lib/python3.11/site-packages/scrapy/core/spidermw.py", line 183, in process_sync
    self._process_spider_exception(
  File "/usr/local/lib/python3.11/site-packages/scrapy/core/spidermw.py", line 256, in _process_spider_exception
    raise exception
  File "/usr/local/lib/python3.11/site-packages/scrapy/core/spidermw.py", line 179, in process_sync
    yield from iterable
  File "/app/zero_eu/zero_scraper/spiders/events_spider.py", line 227, in parse_event_page
    item["uuid"] = hashlib.sha256(uuid_string.encode('utf-8')).hexdigest()[:16]
    ~~~~^^^^^^^^
  File "/usr/local/lib/python3.11/site-packages/scrapy/item.py", line 98, in __setitem__
    raise KeyError(f"{self.__class__.__name__} does not support field: {key}")
KeyError: 'EventItem does not support field: uuid'
[2026-02-02T19:46:16.153+0000] {docker.py:429} INFO - 2026-02-02 19:46:16 [scrapy.core.engine] DEBUG: Crawled (200) <GET https://zero.eu/it/eventi/359557-mystery-film,firenze/> (referer: https://zero.eu/api/v2/events?per_page=100&citta=12&_embed=true)
[2026-02-02T19:46:16.284+0000] {docker.py:429} INFO - 2026-02-02 19:46:16 [scrapy.core.scraper] ERROR: Spider error processing <GET https://zero.eu/it/eventi/359557-mystery-film,firenze/> (referer: https://zero.eu/api/v2/events?per_page=100&citta=12&_embed=true)
Traceback (most recent call last):
  File "/usr/local/lib/python3.11/site-packages/scrapy/utils/defer.py", line 355, in iter_errback
    yield next(it)
          ^^^^^^^^
  File "/usr/local/lib/python3.11/site-packages/scrapy/utils/python.py", line 311, in __next__
    return next(self.data)
           ^^^^^^^^^^^^^^^
  File "/usr/local/lib/python3.11/site-packages/scrapy/utils/python.py", line 311, in __next__
    return next(self.data)
           ^^^^^^^^^^^^^^^
  File "/usr/local/lib/python3.11/site-packages/scrapy/core/spidermw.py", line 183, in process_sync
    self._process_spider_exception(
  File "/usr/local/lib/python3.11/site-packages/scrapy/core/spidermw.py", line 256, in _process_spider_exception
    raise exception
  File "/usr/local/lib/python3.11/site-packages/scrapy/core/spidermw.py", line 179, in process_sync
    yield from iterable
  File "/usr/local/lib/python3.11/site-packages/scrapy/spidermiddlewares/base.py", line 60, in process_spider_output
    for o in result:
  File "/usr/local/lib/python3.11/site-packages/scrapy/core/spidermw.py", line 183, in process_sync
    self._process_spider_exception(
  File "/usr/local/lib/python3.11/site-packages/scrapy/core/spidermw.py", line 256, in _process_spider_exception
    raise exception
  File "/usr/local/lib/python3.11/site-packages/scrapy/core/spidermw.py", line 179, in process_sync
    yield from iterable
  File "/usr/local/lib/python3.11/site-packages/scrapy/spidermiddlewares/base.py", line 60, in process_spider_output
    for o in result:
  File "/usr/local/lib/python3.11/site-packages/scrapy/core/spidermw.py", line 183, in process_sync
    self._process_spider_exception(
  File "/usr/local/lib/python3.11/site-packages/scrapy/core/spidermw.py", line 256, in _process_spider_exception
    raise exception
  File "/usr/local/lib/python3.11/site-packages/scrapy/core/spidermw.py", line 179, in process_sync
    yield from iterable
  File "/usr/local/lib/python3.11/site-packages/scrapy/spidermiddlewares/base.py", line 60, in process_spider_output
    for o in result:
  File "/usr/local/lib/python3.11/site-packages/scrapy/core/spidermw.py", line 183, in process_sync
    self._process_spider_exception(
  File "/usr/local/lib/python3.11/site-packages/scrapy/core/spidermw.py", line 256, in _process_spider_exception
    raise exception
  File "/usr/local/lib/python3.11/site-packages/scrapy/core/spidermw.py", line 179, in process_sync
    yield from iterable
  File "/usr/local/lib/python3.11/site-packages/scrapy/spidermiddlewares/depth.py", line 61, in process_spider_output
    yield from super().process_spider_output(response, result)
  File "/usr/local/lib/python3.11/site-packages/scrapy/spidermiddlewares/base.py", line 60, in process_spider_output
    for o in result:
  File "/usr/local/lib/python3.11/site-packages/scrapy/core/spidermw.py", line 183, in process_sync
    self._process_spider_exception(
  File "/usr/local/lib/python3.11/site-packages/scrapy/core/spidermw.py", line 256, in _process_spider_exception
    raise exception
  File "/usr/local/lib/python3.11/site-packages/scrapy/core/spidermw.py", line 179, in process_sync
    yield from iterable
  File "/app/zero_eu/zero_scraper/spiders/events_spider.py", line 227, in parse_event_page
    item["uuid"] = hashlib.sha256(uuid_string.encode('utf-8')).hexdigest()[:16]
    ~~~~^^^^^^^^
  File "/usr/local/lib/python3.11/site-packages/scrapy/item.py", line 98, in __setitem__
    raise KeyError(f"{self.__class__.__name__} does not support field: {key}")
KeyError: 'EventItem does not support field: uuid'
[2026-02-02T19:46:18.096+0000] {docker.py:429} INFO - 2026-02-02 19:46:18 [scrapy.core.engine] DEBUG: Crawled (200) <GET https://zero.eu/it/eventi/359623-franco-battiato-il-lungo-viaggio-2,milano/> (referer: https://zero.eu/api/v2/events?per_page=100&citta=12&_embed=true)
[2026-02-02T19:46:18.202+0000] {docker.py:429} INFO - 2026-02-02 19:46:18 [scrapy.core.scraper] ERROR: Spider error processing <GET https://zero.eu/it/eventi/359623-franco-battiato-il-lungo-viaggio-2,milano/> (referer: https://zero.eu/api/v2/events?per_page=100&citta=12&_embed=true)
Traceback (most recent call last):
  File "/usr/local/lib/python3.11/site-packages/scrapy/utils/defer.py", line 355, in iter_errback
    yield next(it)
          ^^^^^^^^
  File "/usr/local/lib/python3.11/site-packages/scrapy/utils/python.py", line 311, in __next__
    return next(self.data)
           ^^^^^^^^^^^^^^^
  File "/usr/local/lib/python3.11/site-packages/scrapy/utils/python.py", line 311, in __next__
    return next(self.data)
           ^^^^^^^^^^^^^^^
  File "/usr/local/lib/python3.11/site-packages/scrapy/core/spidermw.py", line 183, in process_sync
    self._process_spider_exception(
  File "/usr/local/lib/python3.11/site-packages/scrapy/core/spidermw.py", line 256, in _process_spider_exception
    raise exception
  File "/usr/local/lib/python3.11/site-packages/scrapy/core/spidermw.py", line 179, in process_sync
    yield from iterable
  File "/usr/local/lib/python3.11/site-packages/scrapy/spidermiddlewares/base.py", line 60, in process_spider_output
    for o in result:
  File "/usr/local/lib/python3.11/site-packages/scrapy/core/spidermw.py", line 183, in process_sync
    self._process_spider_exception(
  File "/usr/local/lib/python3.11/site-packages/scrapy/core/spidermw.py", line 256, in _process_spider_exception
    raise exception
  File "/usr/local/lib/python3.11/site-packages/scrapy/core/spidermw.py", line 179, in process_sync
    yield from iterable
  File "/usr/local/lib/python3.11/site-packages/scrapy/spidermiddlewares/base.py", line 60, in process_spider_output
    for o in result:
  File "/usr/local/lib/python3.11/site-packages/scrapy/core/spidermw.py", line 183, in process_sync
    self._process_spider_exception(
  File "/usr/local/lib/python3.11/site-packages/scrapy/core/spidermw.py", line 256, in _process_spider_exception
    raise exception
  File "/usr/local/lib/python3.11/site-packages/scrapy/core/spidermw.py", line 179, in process_sync
    yield from iterable
  File "/usr/local/lib/python3.11/site-packages/scrapy/spidermiddlewares/base.py", line 60, in process_spider_output
    for o in result:
  File "/usr/local/lib/python3.11/site-packages/scrapy/core/spidermw.py", line 183, in process_sync
    self._process_spider_exception(
  File "/usr/local/lib/python3.11/site-packages/scrapy/core/spidermw.py", line 256, in _process_spider_exception
    raise exception
  File "/usr/local/lib/python3.11/site-packages/scrapy/core/spidermw.py", line 179, in process_sync
    yield from iterable
  File "/usr/local/lib/python3.11/site-packages/scrapy/spidermiddlewares/depth.py", line 61, in process_spider_output
    yield from super().process_spider_output(response, result)
  File "/usr/local/lib/python3.11/site-packages/scrapy/spidermiddlewares/base.py", line 60, in process_spider_output
    for o in result:
  File "/usr/local/lib/python3.11/site-packages/scrapy/core/spidermw.py", line 183, in process_sync
    self._process_spider_exception(
  File "/usr/local/lib/python3.11/site-packages/scrapy/core/spidermw.py", line 256, in _process_spider_exception
    raise exception
  File "/usr/local/lib/python3.11/site-packages/scrapy/core/spidermw.py", line 179, in process_sync
    yield from iterable
  File "/app/zero_eu/zero_scraper/spiders/events_spider.py", line 227, in parse_event_page
    item["uuid"] = hashlib.sha256(uuid_string.encode('utf-8')).hexdigest()[:16]
    ~~~~^^^^^^^^
  File "/usr/local/lib/python3.11/site-packages/scrapy/item.py", line 98, in __setitem__
    raise KeyError(f"{self.__class__.__name__} does not support field: {key}")
KeyError: 'EventItem does not support field: uuid'
[2026-02-02T19:46:19.764+0000] {docker.py:429} INFO - 2026-02-02 19:46:19 [scrapy.core.engine] DEBUG: Crawled (200) <GET https://zero.eu/it/eventi/50502-cineclub-alphaville-la-programmazione,roma/> (referer: https://zero.eu/api/v2/events?per_page=100&citta=12&_embed=true)
[2026-02-02T19:46:19.870+0000] {docker.py:429} INFO - 2026-02-02 19:46:19 [scrapy.core.scraper] ERROR: Spider error processing <GET https://zero.eu/it/eventi/50502-cineclub-alphaville-la-programmazione,roma/> (referer: https://zero.eu/api/v2/events?per_page=100&citta=12&_embed=true)
Traceback (most recent call last):
  File "/usr/local/lib/python3.11/site-packages/scrapy/utils/defer.py", line 355, in iter_errback
    yield next(it)
          ^^^^^^^^
  File "/usr/local/lib/python3.11/site-packages/scrapy/utils/python.py", line 311, in __next__
    return next(self.data)
           ^^^^^^^^^^^^^^^
  File "/usr/local/lib/python3.11/site-packages/scrapy/utils/python.py", line 311, in __next__
    return next(self.data)
           ^^^^^^^^^^^^^^^
  File "/usr/local/lib/python3.11/site-packages/scrapy/core/spidermw.py", line 183, in process_sync
    self._process_spider_exception(
  File "/usr/local/lib/python3.11/site-packages/scrapy/core/spidermw.py", line 256, in _process_spider_exception
    raise exception
  File "/usr/local/lib/python3.11/site-packages/scrapy/core/spidermw.py", line 179, in process_sync
    yield from iterable
  File "/usr/local/lib/python3.11/site-packages/scrapy/spidermiddlewares/base.py", line 60, in process_spider_output
    for o in result:
  File "/usr/local/lib/python3.11/site-packages/scrapy/core/spidermw.py", line 183, in process_sync
    self._process_spider_exception(
  File "/usr/local/lib/python3.11/site-packages/scrapy/core/spidermw.py", line 256, in _process_spider_exception
    raise exception
  File "/usr/local/lib/python3.11/site-packages/scrapy/core/spidermw.py", line 179, in process_sync
    yield from iterable
  File "/usr/local/lib/python3.11/site-packages/scrapy/spidermiddlewares/base.py", line 60, in process_spider_output
    for o in result:
  File "/usr/local/lib/python3.11/site-packages/scrapy/core/spidermw.py", line 183, in process_sync
    self._process_spider_exception(
  File "/usr/local/lib/python3.11/site-packages/scrapy/core/spidermw.py", line 256, in _process_spider_exception
    raise exception
  File "/usr/local/lib/python3.11/site-packages/scrapy/core/spidermw.py", line 179, in process_sync
    yield from iterable
  File "/usr/local/lib/python3.11/site-packages/scrapy/spidermiddlewares/base.py", line 60, in process_spider_output
    for o in result:
  File "/usr/local/lib/python3.11/site-packages/scrapy/core/spidermw.py", line 183, in process_sync
    self._process_spider_exception(
  File "/usr/local/lib/python3.11/site-packages/scrapy/core/spidermw.py", line 256, in _process_spider_exception
    raise exception
  File "/usr/local/lib/python3.11/site-packages/scrapy/core/spidermw.py", line 179, in process_sync
    yield from iterable
  File "/usr/local/lib/python3.11/site-packages/scrapy/spidermiddlewares/depth.py", line 61, in process_spider_output
    yield from super().process_spider_output(response, result)
  File "/usr/local/lib/python3.11/site-packages/scrapy/spidermiddlewares/base.py", line 60, in process_spider_output
    for o in result:
  File "/usr/local/lib/python3.11/site-packages/scrapy/core/spidermw.py", line 183, in process_sync
    self._process_spider_exception(
  File "/usr/local/lib/python3.11/site-packages/scrapy/core/spidermw.py", line 256, in _process_spider_exception
    raise exception
  File "/usr/local/lib/python3.11/site-packages/scrapy/core/spidermw.py", line 179, in process_sync
    yield from iterable
  File "/app/zero_eu/zero_scraper/spiders/events_spider.py", line 227, in parse_event_page
    item["uuid"] = hashlib.sha256(uuid_string.encode('utf-8')).hexdigest()[:16]
    ~~~~^^^^^^^^
  File "/usr/local/lib/python3.11/site-packages/scrapy/item.py", line 98, in __setitem__
    raise KeyError(f"{self.__class__.__name__} does not support field: {key}")
KeyError: 'EventItem does not support field: uuid'
[2026-02-02T19:46:21.622+0000] {docker.py:429} INFO - 2026-02-02 19:46:21 [scrapy.core.engine] DEBUG: Crawled (200) <GET https://zero.eu/it/eventi/281973-casa-del-cinema-la-programmazione,roma/> (referer: https://zero.eu/api/v2/events?per_page=100&citta=12&_embed=true)
[2026-02-02T19:46:21.728+0000] {docker.py:429} INFO - 2026-02-02 19:46:21 [scrapy.core.scraper] ERROR: Spider error processing <GET https://zero.eu/it/eventi/281973-casa-del-cinema-la-programmazione,roma/> (referer: https://zero.eu/api/v2/events?per_page=100&citta=12&_embed=true)
Traceback (most recent call last):
  File "/usr/local/lib/python3.11/site-packages/scrapy/utils/defer.py", line 355, in iter_errback
    yield next(it)
          ^^^^^^^^
  File "/usr/local/lib/python3.11/site-packages/scrapy/utils/python.py", line 311, in __next__
    return next(self.data)
           ^^^^^^^^^^^^^^^
  File "/usr/local/lib/python3.11/site-packages/scrapy/utils/python.py", line 311, in __next__
    return next(self.data)
           ^^^^^^^^^^^^^^^
  File "/usr/local/lib/python3.11/site-packages/scrapy/core/spidermw.py", line 183, in process_sync
    self._process_spider_exception(
  File "/usr/local/lib/python3.11/site-packages/scrapy/core/spidermw.py", line 256, in _process_spider_exception
    raise exception
  File "/usr/local/lib/python3.11/site-packages/scrapy/core/spidermw.py", line 179, in process_sync
    yield from iterable
  File "/usr/local/lib/python3.11/site-packages/scrapy/spidermiddlewares/base.py", line 60, in process_spider_output
    for o in result:
  File "/usr/local/lib/python3.11/site-packages/scrapy/core/spidermw.py", line 183, in process_sync
    self._process_spider_exception(
  File "/usr/local/lib/python3.11/site-packages/scrapy/core/spidermw.py", line 256, in _process_spider_exception
    raise exception
  File "/usr/local/lib/python3.11/site-packages/scrapy/core/spidermw.py", line 179, in process_sync
    yield from iterable
  File "/usr/local/lib/python3.11/site-packages/scrapy/spidermiddlewares/base.py", line 60, in process_spider_output
    for o in result:
  File "/usr/local/lib/python3.11/site-packages/scrapy/core/spidermw.py", line 183, in process_sync
    self._process_spider_exception(
  File "/usr/local/lib/python3.11/site-packages/scrapy/core/spidermw.py", line 256, in _process_spider_exception
    raise exception
  File "/usr/local/lib/python3.11/site-packages/scrapy/core/spidermw.py", line 179, in process_sync
    yield from iterable
  File "/usr/local/lib/python3.11/site-packages/scrapy/spidermiddlewares/base.py", line 60, in process_spider_output
    for o in result:
  File "/usr/local/lib/python3.11/site-packages/scrapy/core/spidermw.py", line 183, in process_sync
    self._process_spider_exception(
  File "/usr/local/lib/python3.11/site-packages/scrapy/core/spidermw.py", line 256, in _process_spider_exception
    raise exception
  File "/usr/local/lib/python3.11/site-packages/scrapy/core/spidermw.py", line 179, in process_sync
    yield from iterable
  File "/usr/local/lib/python3.11/site-packages/scrapy/spidermiddlewares/depth.py", line 61, in process_spider_output
    yield from super().process_spider_output(response, result)
  File "/usr/local/lib/python3.11/site-packages/scrapy/spidermiddlewares/base.py", line 60, in process_spider_output
    for o in result:
  File "/usr/local/lib/python3.11/site-packages/scrapy/core/spidermw.py", line 183, in process_sync
    self._process_spider_exception(
  File "/usr/local/lib/python3.11/site-packages/scrapy/core/spidermw.py", line 256, in _process_spider_exception
    raise exception
  File "/usr/local/lib/python3.11/site-packages/scrapy/core/spidermw.py", line 179, in process_sync
    yield from iterable
  File "/app/zero_eu/zero_scraper/spiders/events_spider.py", line 227, in parse_event_page
    item["uuid"] = hashlib.sha256(uuid_string.encode('utf-8')).hexdigest()[:16]
    ~~~~^^^^^^^^
  File "/usr/local/lib/python3.11/site-packages/scrapy/item.py", line 98, in __setitem__
    raise KeyError(f"{self.__class__.__name__} does not support field: {key}")
KeyError: 'EventItem does not support field: uuid'
[2026-02-02T19:46:22.686+0000] {docker.py:429} INFO - 2026-02-02 19:46:22 [scrapy.core.engine] DEBUG: Crawled (200) <GET https://zero.eu/it/eventi/230437-cinema-torisi-la-programmazione,roma/> (referer: https://zero.eu/api/v2/events?per_page=100&citta=12&_embed=true)
[2026-02-02T19:46:22.792+0000] {docker.py:429} INFO - 2026-02-02 19:46:22 [scrapy.core.scraper] ERROR: Spider error processing <GET https://zero.eu/it/eventi/230437-cinema-torisi-la-programmazione,roma/> (referer: https://zero.eu/api/v2/events?per_page=100&citta=12&_embed=true)
Traceback (most recent call last):
  File "/usr/local/lib/python3.11/site-packages/scrapy/utils/defer.py", line 355, in iter_errback
    yield next(it)
          ^^^^^^^^
  File "/usr/local/lib/python3.11/site-packages/scrapy/utils/python.py", line 311, in __next__
    return next(self.data)
           ^^^^^^^^^^^^^^^
  File "/usr/local/lib/python3.11/site-packages/scrapy/utils/python.py", line 311, in __next__
    return next(self.data)
           ^^^^^^^^^^^^^^^
  File "/usr/local/lib/python3.11/site-packages/scrapy/core/spidermw.py", line 183, in process_sync
    self._process_spider_exception(
  File "/usr/local/lib/python3.11/site-packages/scrapy/core/spidermw.py", line 256, in _process_spider_exception
    raise exception
  File "/usr/local/lib/python3.11/site-packages/scrapy/core/spidermw.py", line 179, in process_sync
    yield from iterable
  File "/usr/local/lib/python3.11/site-packages/scrapy/spidermiddlewares/base.py", line 60, in process_spider_output
    for o in result:
  File "/usr/local/lib/python3.11/site-packages/scrapy/core/spidermw.py", line 183, in process_sync
    self._process_spider_exception(
  File "/usr/local/lib/python3.11/site-packages/scrapy/core/spidermw.py", line 256, in _process_spider_exception
    raise exception
  File "/usr/local/lib/python3.11/site-packages/scrapy/core/spidermw.py", line 179, in process_sync
    yield from iterable
  File "/usr/local/lib/python3.11/site-packages/scrapy/spidermiddlewares/base.py", line 60, in process_spider_output
    for o in result:
  File "/usr/local/lib/python3.11/site-packages/scrapy/core/spidermw.py", line 183, in process_sync
    self._process_spider_exception(
  File "/usr/local/lib/python3.11/site-packages/scrapy/core/spidermw.py", line 256, in _process_spider_exception
    raise exception
  File "/usr/local/lib/python3.11/site-packages/scrapy/core/spidermw.py", line 179, in process_sync
    yield from iterable
  File "/usr/local/lib/python3.11/site-packages/scrapy/spidermiddlewares/base.py", line 60, in process_spider_output
    for o in result:
  File "/usr/local/lib/python3.11/site-packages/scrapy/core/spidermw.py", line 183, in process_sync
    self._process_spider_exception(
  File "/usr/local/lib/python3.11/site-packages/scrapy/core/spidermw.py", line 256, in _process_spider_exception
    raise exception
  File "/usr/local/lib/python3.11/site-packages/scrapy/core/spidermw.py", line 179, in process_sync
    yield from iterable
  File "/usr/local/lib/python3.11/site-packages/scrapy/spidermiddlewares/depth.py", line 61, in process_spider_output
    yield from super().process_spider_output(response, result)
  File "/usr/local/lib/python3.11/site-packages/scrapy/spidermiddlewares/base.py", line 60, in process_spider_output
    for o in result:
  File "/usr/local/lib/python3.11/site-packages/scrapy/core/spidermw.py", line 183, in process_sync
    self._process_spider_exception(
  File "/usr/local/lib/python3.11/site-packages/scrapy/core/spidermw.py", line 256, in _process_spider_exception
    raise exception
  File "/usr/local/lib/python3.11/site-packages/scrapy/core/spidermw.py", line 179, in process_sync
    yield from iterable
  File "/app/zero_eu/zero_scraper/spiders/events_spider.py", line 227, in parse_event_page
    item["uuid"] = hashlib.sha256(uuid_string.encode('utf-8')).hexdigest()[:16]
    ~~~~^^^^^^^^
  File "/usr/local/lib/python3.11/site-packages/scrapy/item.py", line 98, in __setitem__
    raise KeyError(f"{self.__class__.__name__} does not support field: {key}")
KeyError: 'EventItem does not support field: uuid'
[2026-02-02T19:46:23.850+0000] {docker.py:429} INFO - 2026-02-02 19:46:23 [scrapy.core.engine] DEBUG: Crawled (200) <GET https://zero.eu/it/eventi/125944-cinema-aquila-la-programmazione,roma/> (referer: https://zero.eu/api/v2/events?per_page=100&citta=12&_embed=true)
[2026-02-02T19:46:23.962+0000] {docker.py:429} INFO - 2026-02-02 19:46:23 [scrapy.core.scraper] ERROR: Spider error processing <GET https://zero.eu/it/eventi/125944-cinema-aquila-la-programmazione,roma/> (referer: https://zero.eu/api/v2/events?per_page=100&citta=12&_embed=true)
Traceback (most recent call last):
  File "/usr/local/lib/python3.11/site-packages/scrapy/utils/defer.py", line 355, in iter_errback
    yield next(it)
          ^^^^^^^^
  File "/usr/local/lib/python3.11/site-packages/scrapy/utils/python.py", line 311, in __next__
    return next(self.data)
           ^^^^^^^^^^^^^^^
  File "/usr/local/lib/python3.11/site-packages/scrapy/utils/python.py", line 311, in __next__
    return next(self.data)
           ^^^^^^^^^^^^^^^
  File "/usr/local/lib/python3.11/site-packages/scrapy/core/spidermw.py", line 183, in process_sync
    self._process_spider_exception(
  File "/usr/local/lib/python3.11/site-packages/scrapy/core/spidermw.py", line 256, in _process_spider_exception
    raise exception
  File "/usr/local/lib/python3.11/site-packages/scrapy/core/spidermw.py", line 179, in process_sync
    yield from iterable
  File "/usr/local/lib/python3.11/site-packages/scrapy/spidermiddlewares/base.py", line 60, in process_spider_output
    for o in result:
  File "/usr/local/lib/python3.11/site-packages/scrapy/core/spidermw.py", line 183, in process_sync
    self._process_spider_exception(
  File "/usr/local/lib/python3.11/site-packages/scrapy/core/spidermw.py", line 256, in _process_spider_exception
    raise exception
  File "/usr/local/lib/python3.11/site-packages/scrapy/core/spidermw.py", line 179, in process_sync
    yield from iterable
  File "/usr/local/lib/python3.11/site-packages/scrapy/spidermiddlewares/base.py", line 60, in process_spider_output
    for o in result:
  File "/usr/local/lib/python3.11/site-packages/scrapy/core/spidermw.py", line 183, in process_sync
    self._process_spider_exception(
  File "/usr/local/lib/python3.11/site-packages/scrapy/core/spidermw.py", line 256, in _process_spider_exception
    raise exception
  File "/usr/local/lib/python3.11/site-packages/scrapy/core/spidermw.py", line 179, in process_sync
    yield from iterable
  File "/usr/local/lib/python3.11/site-packages/scrapy/spidermiddlewares/base.py", line 60, in process_spider_output
    for o in result:
  File "/usr/local/lib/python3.11/site-packages/scrapy/core/spidermw.py", line 183, in process_sync
    self._process_spider_exception(
  File "/usr/local/lib/python3.11/site-packages/scrapy/core/spidermw.py", line 256, in _process_spider_exception
    raise exception
  File "/usr/local/lib/python3.11/site-packages/scrapy/core/spidermw.py", line 179, in process_sync
    yield from iterable
  File "/usr/local/lib/python3.11/site-packages/scrapy/spidermiddlewares/depth.py", line 61, in process_spider_output
    yield from super().process_spider_output(response, result)
  File "/usr/local/lib/python3.11/site-packages/scrapy/spidermiddlewares/base.py", line 60, in process_spider_output
    for o in result:
  File "/usr/local/lib/python3.11/site-packages/scrapy/core/spidermw.py", line 183, in process_sync
    self._process_spider_exception(
  File "/usr/local/lib/python3.11/site-packages/scrapy/core/spidermw.py", line 256, in _process_spider_exception
    raise exception
  File "/usr/local/lib/python3.11/site-packages/scrapy/core/spidermw.py", line 179, in process_sync
    yield from iterable
  File "/app/zero_eu/zero_scraper/spiders/events_spider.py", line 227, in parse_event_page
    item["uuid"] = hashlib.sha256(uuid_string.encode('utf-8')).hexdigest()[:16]
    ~~~~^^^^^^^^
  File "/usr/local/lib/python3.11/site-packages/scrapy/item.py", line 98, in __setitem__
    raise KeyError(f"{self.__class__.__name__} does not support field: {key}")
KeyError: 'EventItem does not support field: uuid'
[2026-02-02T19:46:24.893+0000] {docker.py:429} INFO - 2026-02-02 19:46:24 [scrapy.core.engine] DEBUG: Crawled (200) <GET https://zero.eu/it/eventi/90720-nuovo-sacher-la-programmazione,roma/> (referer: https://zero.eu/api/v2/events?per_page=100&citta=12&_embed=true)
[2026-02-02T19:46:24.999+0000] {docker.py:429} INFO - 2026-02-02 19:46:24 [scrapy.core.scraper] ERROR: Spider error processing <GET https://zero.eu/it/eventi/90720-nuovo-sacher-la-programmazione,roma/> (referer: https://zero.eu/api/v2/events?per_page=100&citta=12&_embed=true)
Traceback (most recent call last):
  File "/usr/local/lib/python3.11/site-packages/scrapy/utils/defer.py", line 355, in iter_errback
    yield next(it)
          ^^^^^^^^
  File "/usr/local/lib/python3.11/site-packages/scrapy/utils/python.py", line 311, in __next__
    return next(self.data)
           ^^^^^^^^^^^^^^^
  File "/usr/local/lib/python3.11/site-packages/scrapy/utils/python.py", line 311, in __next__
    return next(self.data)
           ^^^^^^^^^^^^^^^
  File "/usr/local/lib/python3.11/site-packages/scrapy/core/spidermw.py", line 183, in process_sync
    self._process_spider_exception(
  File "/usr/local/lib/python3.11/site-packages/scrapy/core/spidermw.py", line 256, in _process_spider_exception
    raise exception
  File "/usr/local/lib/python3.11/site-packages/scrapy/core/spidermw.py", line 179, in process_sync
    yield from iterable
  File "/usr/local/lib/python3.11/site-packages/scrapy/spidermiddlewares/base.py", line 60, in process_spider_output
    for o in result:
  File "/usr/local/lib/python3.11/site-packages/scrapy/core/spidermw.py", line 183, in process_sync
    self._process_spider_exception(
  File "/usr/local/lib/python3.11/site-packages/scrapy/core/spidermw.py", line 256, in _process_spider_exception
    raise exception
  File "/usr/local/lib/python3.11/site-packages/scrapy/core/spidermw.py", line 179, in process_sync
    yield from iterable
  File "/usr/local/lib/python3.11/site-packages/scrapy/spidermiddlewares/base.py", line 60, in process_spider_output
    for o in result:
  File "/usr/local/lib/python3.11/site-packages/scrapy/core/spidermw.py", line 183, in process_sync
    self._process_spider_exception(
  File "/usr/local/lib/python3.11/site-packages/scrapy/core/spidermw.py", line 256, in _process_spider_exception
    raise exception
  File "/usr/local/lib/python3.11/site-packages/scrapy/core/spidermw.py", line 179, in process_sync
    yield from iterable
  File "/usr/local/lib/python3.11/site-packages/scrapy/spidermiddlewares/base.py", line 60, in process_spider_output
    for o in result:
  File "/usr/local/lib/python3.11/site-packages/scrapy/core/spidermw.py", line 183, in process_sync
    self._process_spider_exception(
  File "/usr/local/lib/python3.11/site-packages/scrapy/core/spidermw.py", line 256, in _process_spider_exception
    raise exception
  File "/usr/local/lib/python3.11/site-packages/scrapy/core/spidermw.py", line 179, in process_sync
    yield from iterable
  File "/usr/local/lib/python3.11/site-packages/scrapy/spidermiddlewares/depth.py", line 61, in process_spider_output
    yield from super().process_spider_output(response, result)
  File "/usr/local/lib/python3.11/site-packages/scrapy/spidermiddlewares/base.py", line 60, in process_spider_output
    for o in result:
  File "/usr/local/lib/python3.11/site-packages/scrapy/core/spidermw.py", line 183, in process_sync
    self._process_spider_exception(
  File "/usr/local/lib/python3.11/site-packages/scrapy/core/spidermw.py", line 256, in _process_spider_exception
    raise exception
  File "/usr/local/lib/python3.11/site-packages/scrapy/core/spidermw.py", line 179, in process_sync
    yield from iterable
  File "/app/zero_eu/zero_scraper/spiders/events_spider.py", line 227, in parse_event_page
    item["uuid"] = hashlib.sha256(uuid_string.encode('utf-8')).hexdigest()[:16]
    ~~~~^^^^^^^^
  File "/usr/local/lib/python3.11/site-packages/scrapy/item.py", line 98, in __setitem__
    raise KeyError(f"{self.__class__.__name__} does not support field: {key}")
KeyError: 'EventItem does not support field: uuid'
[2026-02-02T19:46:25.821+0000] {docker.py:429} INFO - 2026-02-02 19:46:25 [scrapy.core.engine] DEBUG: Crawled (200) <GET https://zero.eu/it/eventi/75053-cinema-farnese-persol-la-programmazione,roma/> (referer: https://zero.eu/api/v2/events?per_page=100&citta=12&_embed=true)
[2026-02-02T19:46:25.926+0000] {docker.py:429} INFO - 2026-02-02 19:46:25 [scrapy.core.scraper] ERROR: Spider error processing <GET https://zero.eu/it/eventi/75053-cinema-farnese-persol-la-programmazione,roma/> (referer: https://zero.eu/api/v2/events?per_page=100&citta=12&_embed=true)
Traceback (most recent call last):
  File "/usr/local/lib/python3.11/site-packages/scrapy/utils/defer.py", line 355, in iter_errback
    yield next(it)
          ^^^^^^^^
  File "/usr/local/lib/python3.11/site-packages/scrapy/utils/python.py", line 311, in __next__
    return next(self.data)
           ^^^^^^^^^^^^^^^
  File "/usr/local/lib/python3.11/site-packages/scrapy/utils/python.py", line 311, in __next__
    return next(self.data)
           ^^^^^^^^^^^^^^^
  File "/usr/local/lib/python3.11/site-packages/scrapy/core/spidermw.py", line 183, in process_sync
    self._process_spider_exception(
  File "/usr/local/lib/python3.11/site-packages/scrapy/core/spidermw.py", line 256, in _process_spider_exception
    raise exception
  File "/usr/local/lib/python3.11/site-packages/scrapy/core/spidermw.py", line 179, in process_sync
    yield from iterable
  File "/usr/local/lib/python3.11/site-packages/scrapy/spidermiddlewares/base.py", line 60, in process_spider_output
    for o in result:
  File "/usr/local/lib/python3.11/site-packages/scrapy/core/spidermw.py", line 183, in process_sync
    self._process_spider_exception(
  File "/usr/local/lib/python3.11/site-packages/scrapy/core/spidermw.py", line 256, in _process_spider_exception
    raise exception
  File "/usr/local/lib/python3.11/site-packages/scrapy/core/spidermw.py", line 179, in process_sync
    yield from iterable
  File "/usr/local/lib/python3.11/site-packages/scrapy/spidermiddlewares/base.py", line 60, in process_spider_output
    for o in result:
  File "/usr/local/lib/python3.11/site-packages/scrapy/core/spidermw.py", line 183, in process_sync
    self._process_spider_exception(
  File "/usr/local/lib/python3.11/site-packages/scrapy/core/spidermw.py", line 256, in _process_spider_exception
    raise exception
  File "/usr/local/lib/python3.11/site-packages/scrapy/core/spidermw.py", line 179, in process_sync
    yield from iterable
  File "/usr/local/lib/python3.11/site-packages/scrapy/spidermiddlewares/base.py", line 60, in process_spider_output
    for o in result:
  File "/usr/local/lib/python3.11/site-packages/scrapy/core/spidermw.py", line 183, in process_sync
    self._process_spider_exception(
  File "/usr/local/lib/python3.11/site-packages/scrapy/core/spidermw.py", line 256, in _process_spider_exception
    raise exception
  File "/usr/local/lib/python3.11/site-packages/scrapy/core/spidermw.py", line 179, in process_sync
    yield from iterable
  File "/usr/local/lib/python3.11/site-packages/scrapy/spidermiddlewares/depth.py", line 61, in process_spider_output
    yield from super().process_spider_output(response, result)
  File "/usr/local/lib/python3.11/site-packages/scrapy/spidermiddlewares/base.py", line 60, in process_spider_output
    for o in result:
  File "/usr/local/lib/python3.11/site-packages/scrapy/core/spidermw.py", line 183, in process_sync
    self._process_spider_exception(
  File "/usr/local/lib/python3.11/site-packages/scrapy/core/spidermw.py", line 256, in _process_spider_exception
    raise exception
  File "/usr/local/lib/python3.11/site-packages/scrapy/core/spidermw.py", line 179, in process_sync
    yield from iterable
  File "/app/zero_eu/zero_scraper/spiders/events_spider.py", line 227, in parse_event_page
    item["uuid"] = hashlib.sha256(uuid_string.encode('utf-8')).hexdigest()[:16]
    ~~~~^^^^^^^^
  File "/usr/local/lib/python3.11/site-packages/scrapy/item.py", line 98, in __setitem__
    raise KeyError(f"{self.__class__.__name__} does not support field: {key}")
KeyError: 'EventItem does not support field: uuid'
[2026-02-02T19:46:26.824+0000] {docker.py:429} INFO - 2026-02-02 19:46:26 [scrapy.core.engine] DEBUG: Crawled (200) <GET https://zero.eu/it/eventi/358375-expo-drammaturgia-italiana-contemporanea,roma/> (referer: https://zero.eu/api/v2/events?per_page=100&citta=12&_embed=true)
[2026-02-02T19:46:26.936+0000] {docker.py:429} INFO - 2026-02-02 19:46:26 [scrapy.core.scraper] ERROR: Spider error processing <GET https://zero.eu/it/eventi/358375-expo-drammaturgia-italiana-contemporanea,roma/> (referer: https://zero.eu/api/v2/events?per_page=100&citta=12&_embed=true)
Traceback (most recent call last):
  File "/usr/local/lib/python3.11/site-packages/scrapy/utils/defer.py", line 355, in iter_errback
    yield next(it)
          ^^^^^^^^
  File "/usr/local/lib/python3.11/site-packages/scrapy/utils/python.py", line 311, in __next__
    return next(self.data)
           ^^^^^^^^^^^^^^^
  File "/usr/local/lib/python3.11/site-packages/scrapy/utils/python.py", line 311, in __next__
    return next(self.data)
           ^^^^^^^^^^^^^^^
  File "/usr/local/lib/python3.11/site-packages/scrapy/core/spidermw.py", line 183, in process_sync
    self._process_spider_exception(
  File "/usr/local/lib/python3.11/site-packages/scrapy/core/spidermw.py", line 256, in _process_spider_exception
    raise exception
  File "/usr/local/lib/python3.11/site-packages/scrapy/core/spidermw.py", line 179, in process_sync
    yield from iterable
  File "/usr/local/lib/python3.11/site-packages/scrapy/spidermiddlewares/base.py", line 60, in process_spider_output
    for o in result:
  File "/usr/local/lib/python3.11/site-packages/scrapy/core/spidermw.py", line 183, in process_sync
    self._process_spider_exception(
  File "/usr/local/lib/python3.11/site-packages/scrapy/core/spidermw.py", line 256, in _process_spider_exception
    raise exception
  File "/usr/local/lib/python3.11/site-packages/scrapy/core/spidermw.py", line 179, in process_sync
    yield from iterable
  File "/usr/local/lib/python3.11/site-packages/scrapy/spidermiddlewares/base.py", line 60, in process_spider_output
    for o in result:
  File "/usr/local/lib/python3.11/site-packages/scrapy/core/spidermw.py", line 183, in process_sync
    self._process_spider_exception(
  File "/usr/local/lib/python3.11/site-packages/scrapy/core/spidermw.py", line 256, in _process_spider_exception
    raise exception
  File "/usr/local/lib/python3.11/site-packages/scrapy/core/spidermw.py", line 179, in process_sync
    yield from iterable
  File "/usr/local/lib/python3.11/site-packages/scrapy/spidermiddlewares/base.py", line 60, in process_spider_output
    for o in result:
  File "/usr/local/lib/python3.11/site-packages/scrapy/core/spidermw.py", line 183, in process_sync
    self._process_spider_exception(
  File "/usr/local/lib/python3.11/site-packages/scrapy/core/spidermw.py", line 256, in _process_spider_exception
    raise exception
  File "/usr/local/lib/python3.11/site-packages/scrapy/core/spidermw.py", line 179, in process_sync
    yield from iterable
  File "/usr/local/lib/python3.11/site-packages/scrapy/spidermiddlewares/depth.py", line 61, in process_spider_output
    yield from super().process_spider_output(response, result)
  File "/usr/local/lib/python3.11/site-packages/scrapy/spidermiddlewares/base.py", line 60, in process_spider_output
    for o in result:
  File "/usr/local/lib/python3.11/site-packages/scrapy/core/spidermw.py", line 183, in process_sync
    self._process_spider_exception(
  File "/usr/local/lib/python3.11/site-packages/scrapy/core/spidermw.py", line 256, in _process_spider_exception
    raise exception
  File "/usr/local/lib/python3.11/site-packages/scrapy/core/spidermw.py", line 179, in process_sync
    yield from iterable
  File "/app/zero_eu/zero_scraper/spiders/events_spider.py", line 227, in parse_event_page
    item["uuid"] = hashlib.sha256(uuid_string.encode('utf-8')).hexdigest()[:16]
    ~~~~^^^^^^^^
  File "/usr/local/lib/python3.11/site-packages/scrapy/item.py", line 98, in __setitem__
    raise KeyError(f"{self.__class__.__name__} does not support field: {key}")
KeyError: 'EventItem does not support field: uuid'
[2026-02-02T19:46:28.261+0000] {docker.py:429} INFO - 2026-02-02 19:46:28 [scrapy.core.engine] DEBUG: Crawled (200) <GET https://zero.eu/it/eventi/356757-carrozzeria-orfeo-misurare-il-salto-delle-rane,roma/> (referer: https://zero.eu/api/v2/events?per_page=100&citta=12&_embed=true)
[2026-02-02T19:46:28.366+0000] {docker.py:429} INFO - 2026-02-02 19:46:28 [scrapy.core.scraper] ERROR: Spider error processing <GET https://zero.eu/it/eventi/356757-carrozzeria-orfeo-misurare-il-salto-delle-rane,roma/> (referer: https://zero.eu/api/v2/events?per_page=100&citta=12&_embed=true)
Traceback (most recent call last):
  File "/usr/local/lib/python3.11/site-packages/scrapy/utils/defer.py", line 355, in iter_errback
    yield next(it)
          ^^^^^^^^
  File "/usr/local/lib/python3.11/site-packages/scrapy/utils/python.py", line 311, in __next__
    return next(self.data)
           ^^^^^^^^^^^^^^^
  File "/usr/local/lib/python3.11/site-packages/scrapy/utils/python.py", line 311, in __next__
    return next(self.data)
           ^^^^^^^^^^^^^^^
  File "/usr/local/lib/python3.11/site-packages/scrapy/core/spidermw.py", line 183, in process_sync
    self._process_spider_exception(
  File "/usr/local/lib/python3.11/site-packages/scrapy/core/spidermw.py", line 256, in _process_spider_exception
    raise exception
  File "/usr/local/lib/python3.11/site-packages/scrapy/core/spidermw.py", line 179, in process_sync
    yield from iterable
  File "/usr/local/lib/python3.11/site-packages/scrapy/spidermiddlewares/base.py", line 60, in process_spider_output
    for o in result:
  File "/usr/local/lib/python3.11/site-packages/scrapy/core/spidermw.py", line 183, in process_sync
    self._process_spider_exception(
  File "/usr/local/lib/python3.11/site-packages/scrapy/core/spidermw.py", line 256, in _process_spider_exception
    raise exception
  File "/usr/local/lib/python3.11/site-packages/scrapy/core/spidermw.py", line 179, in process_sync
    yield from iterable
  File "/usr/local/lib/python3.11/site-packages/scrapy/spidermiddlewares/base.py", line 60, in process_spider_output
    for o in result:
  File "/usr/local/lib/python3.11/site-packages/scrapy/core/spidermw.py", line 183, in process_sync
    self._process_spider_exception(
  File "/usr/local/lib/python3.11/site-packages/scrapy/core/spidermw.py", line 256, in _process_spider_exception
    raise exception
  File "/usr/local/lib/python3.11/site-packages/scrapy/core/spidermw.py", line 179, in process_sync
    yield from iterable
  File "/usr/local/lib/python3.11/site-packages/scrapy/spidermiddlewares/base.py", line 60, in process_spider_output
    for o in result:
  File "/usr/local/lib/python3.11/site-packages/scrapy/core/spidermw.py", line 183, in process_sync
    self._process_spider_exception(
  File "/usr/local/lib/python3.11/site-packages/scrapy/core/spidermw.py", line 256, in _process_spider_exception
    raise exception
  File "/usr/local/lib/python3.11/site-packages/scrapy/core/spidermw.py", line 179, in process_sync
    yield from iterable
  File "/usr/local/lib/python3.11/site-packages/scrapy/spidermiddlewares/depth.py", line 61, in process_spider_output
    yield from super().process_spider_output(response, result)
  File "/usr/local/lib/python3.11/site-packages/scrapy/spidermiddlewares/base.py", line 60, in process_spider_output
    for o in result:
  File "/usr/local/lib/python3.11/site-packages/scrapy/core/spidermw.py", line 183, in process_sync
    self._process_spider_exception(
  File "/usr/local/lib/python3.11/site-packages/scrapy/core/spidermw.py", line 256, in _process_spider_exception
    raise exception
  File "/usr/local/lib/python3.11/site-packages/scrapy/core/spidermw.py", line 179, in process_sync
    yield from iterable
  File "/app/zero_eu/zero_scraper/spiders/events_spider.py", line 227, in parse_event_page
    item["uuid"] = hashlib.sha256(uuid_string.encode('utf-8')).hexdigest()[:16]
    ~~~~^^^^^^^^
  File "/usr/local/lib/python3.11/site-packages/scrapy/item.py", line 98, in __setitem__
    raise KeyError(f"{self.__class__.__name__} does not support field: {key}")
KeyError: 'EventItem does not support field: uuid'
2026-02-02 19:46:28 [scrapy.core.engine] INFO: Closing spider (finished)
[2026-02-02T19:46:28.370+0000] {docker.py:429} INFO - 2026-02-02 19:46:28 [scrapy.extensions.feedexport] INFO: Stored json feed (0 items) in: /app/zero_eu/output/eventi_zero_torino_20260202_194530.json
[2026-02-02T19:46:28.371+0000] {docker.py:429} INFO - 2026-02-02 19:46:28 [scrapy.statscollectors] INFO: Dumping Scrapy stats:
{'downloader/request_bytes': 11999,
 'downloader/request_count': 27,
 'downloader/request_method_count/GET': 27,
 'downloader/response_bytes': 2633797,
 'downloader/response_count': 27,
 'downloader/response_status_count/200': 27,
 'elapsed_time_seconds': 57.624031,
 'feedexport/success_count/FileFeedStorage': 1,
 'finish_reason': 'finished',
 'finish_time': datetime.datetime(2026, 2, 2, 19, 46, 28, 364935, tzinfo=datetime.timezone.utc),
 'httpcompression/response_bytes': 2140189,
 'httpcompression/response_count': 25,
 'items_per_minute': 0.0,
 'log_count/DEBUG': 27,
 'log_count/ERROR': 25,
 'log_count/INFO': 4,
 'memusage/max': 68554752,
 'memusage/startup': 68554752,
 'request_depth_max': 2,
 'response_received_count': 27,
 'responses_per_minute': 28.42105263157895,
 'scheduler/dequeued': 27,
 'scheduler/dequeued/memory': 27,
 'scheduler/enqueued': 27,
 'scheduler/enqueued/memory': 27,
 'spider_exceptions/KeyError': 25,
 'spider_exceptions/count': 25,
 'start_time': datetime.datetime(2026, 2, 2, 19, 45, 30, 740904, tzinfo=datetime.timezone.utc)}
[2026-02-02T19:46:28.372+0000] {docker.py:429} INFO - 2026-02-02 19:46:28 [scrapy.core.engine] INFO: Spider closed (finished)
[2026-02-02T19:46:28.445+0000] {docker.py:429} INFO - ==========
REPORT SCRAPING
==========
Città scaricate: Torino

File: /app/zero_eu/output/eventi_zero_torino_20260202_194530.json 

==========
[2026-02-02T19:46:29.002+0000] {taskinstance.py:1138} INFO - Marking task as SUCCESS. dag_id=etl_events_daily, task_id=process_torino.scrape_zero_eu, execution_date=20260201T060000, start_date=20260202T194529, end_date=20260202T194629
[2026-02-02T19:46:29.063+0000] {local_task_job_runner.py:234} INFO - Task exited with return code 0
[2026-02-02T19:46:29.112+0000] {taskinstance.py:3280} INFO - 0 downstream tasks scheduled from follow-on schedule check
