[2026-02-02T19:45:42.150+0000] {taskinstance.py:1956} INFO - Dependencies all met for dep_context=non-requeueable deps ti=<TaskInstance: etl_events_daily.process_forli.scrape_city_today scheduled__2026-02-01T06:00:00+00:00 [queued]>
[2026-02-02T19:45:42.159+0000] {taskinstance.py:1956} INFO - Dependencies all met for dep_context=requeueable deps ti=<TaskInstance: etl_events_daily.process_forli.scrape_city_today scheduled__2026-02-01T06:00:00+00:00 [queued]>
[2026-02-02T19:45:42.159+0000] {taskinstance.py:2170} INFO - Starting attempt 1 of 4
[2026-02-02T19:45:42.171+0000] {taskinstance.py:2191} INFO - Executing <Task(FilterableDockerOperator): process_forli.scrape_city_today> on 2026-02-01 06:00:00+00:00
[2026-02-02T19:45:42.176+0000] {standard_task_runner.py:60} INFO - Started process 275 to run task
[2026-02-02T19:45:42.179+0000] {standard_task_runner.py:87} INFO - Running: ['airflow', 'tasks', 'run', 'etl_events_daily', 'process_forli.scrape_city_today', 'scheduled__2026-02-01T06:00:00+00:00', '--job-id', '408', '--raw', '--subdir', 'DAGS_FOLDER/scrape_events.py', '--cfg-path', '/tmp/tmpy8icpatx']
[2026-02-02T19:45:42.182+0000] {standard_task_runner.py:88} INFO - Job 408: Subtask process_forli.scrape_city_today
[2026-02-02T19:45:42.212+0000] {logging_mixin.py:188} WARNING - /home/airflow/.local/lib/python3.11/site-packages/airflow/settings.py:194 DeprecationWarning: The sql_alchemy_conn option in [core] has been moved to the sql_alchemy_conn option in [database] - the old setting has been used, but please update your config.
[2026-02-02T19:45:42.309+0000] {task_command.py:423} INFO - Running <TaskInstance: etl_events_daily.process_forli.scrape_city_today scheduled__2026-02-01T06:00:00+00:00 [running]> on host d1594f2b36ec
[2026-02-02T19:45:42.420+0000] {taskinstance.py:2480} INFO - Exporting env vars: AIRFLOW_CTX_DAG_OWNER='airflow' AIRFLOW_CTX_DAG_ID='etl_events_daily' AIRFLOW_CTX_TASK_ID='process_forli.scrape_city_today' AIRFLOW_CTX_EXECUTION_DATE='2026-02-01T06:00:00+00:00' AIRFLOW_CTX_TRY_NUMBER='1' AIRFLOW_CTX_DAG_RUN_ID='scheduled__2026-02-01T06:00:00+00:00'
[2026-02-02T19:45:42.454+0000] {docker.py:359} INFO - Starting docker container from image scrapy-events:latest
[2026-02-02T19:45:42.462+0000] {docker.py:367} WARNING - Using remote engine or docker-in-docker and mounting temporary volume from host is not supported. Falling back to `mount_tmp_dir=False` mode. You can set `mount_tmp_dir` parameter to False to disable mounting and remove the warning
[2026-02-02T19:45:43.403+0000] {docker.py:429} INFO - Avvio scraping per: Forli
Periodo: questa-settimana
[2026-02-02T19:45:43.408+0000] {docker.py:429} INFO - 2026-02-02 19:45:43 [scrapy.utils.log] INFO: Scrapy 2.14.1 started (bot: events)
[2026-02-02T19:45:43.416+0000] {docker.py:429} INFO - 2026-02-02 19:45:43 [scrapy.utils.log] INFO: Versions:
{'lxml': '6.0.2',
 'libxml2': '2.14.6',
 'cssselect': '1.3.0',
 'parsel': '1.10.0',
 'w3lib': '2.3.1',
 'Twisted': '25.5.0',
 'Python': '3.11.14 (main, Jan 13 2026, 03:12:14) [GCC 14.2.0]',
 'pyOpenSSL': '25.3.0 (OpenSSL 3.5.4 30 Sep 2025)',
 'cryptography': '46.0.3',
 'Platform': 'Linux-6.12.54-linuxkit-x86_64-with-glibc2.41'}
2026-02-02 19:45:43 [scrapy.crawler] DEBUG: Using CrawlerProcess
[2026-02-02T19:45:43.418+0000] {docker.py:429} INFO - 2026-02-02 19:45:43 [events] INFO: Scraping città: Forlì
2026-02-02 19:45:43 [events] INFO: Periodo: questa-settimana (2026-02-02 - 2026-02-08)
[2026-02-02T19:45:43.419+0000] {docker.py:429} INFO - 2026-02-02 19:45:43 [scrapy.addons] INFO: Enabled addons:
[]
[2026-02-02T19:45:43.421+0000] {docker.py:429} INFO - 2026-02-02 19:45:43 [asyncio] DEBUG: Using selector: EpollSelector
[2026-02-02T19:45:43.421+0000] {docker.py:429} INFO - 2026-02-02 19:45:43 [scrapy.utils.log] DEBUG: Using reactor: twisted.internet.asyncioreactor.AsyncioSelectorReactor
2026-02-02 19:45:43 [scrapy.utils.log] DEBUG: Using asyncio event loop: asyncio.unix_events._UnixSelectorEventLoop
[2026-02-02T19:45:43.425+0000] {docker.py:429} INFO - 2026-02-02 19:45:43 [scrapy.extensions.telnet] INFO: Telnet Password: 09444bd02809b929
[2026-02-02T19:45:43.496+0000] {docker.py:429} INFO - 2026-02-02 19:45:43 [scrapy.middleware] INFO: Enabled extensions:
['scrapy.extensions.corestats.CoreStats',
 'scrapy.extensions.logcount.LogCount',
 'scrapy.extensions.telnet.TelnetConsole',
 'scrapy.extensions.memusage.MemoryUsage',
 'scrapy.extensions.feedexport.FeedExporter',
 'scrapy.extensions.logstats.LogStats']
[2026-02-02T19:45:43.496+0000] {docker.py:429} INFO - 2026-02-02 19:45:43 [scrapy.crawler] INFO: Overridden settings:
{'BOT_NAME': 'events',
 'CONCURRENT_REQUESTS': 2,
 'CONCURRENT_REQUESTS_PER_DOMAIN': 1,
 'DOWNLOAD_DELAY': 1,
 'FEED_EXPORT_ENCODING': 'utf-8',
 'NEWSPIDER_MODULE': 'events.spiders',
 'ROBOTSTXT_OBEY': True,
 'SPIDER_MODULES': ['events.spiders'],
 'USER_AGENT': 'Mozilla/5.0 (Macintosh; Intel Mac OS X 10_15_7) '
               'AppleWebKit/537.36 (KHTML, like Gecko) Chrome/120.0.0.0 '
               'Safari/537.36'}
[2026-02-02T19:45:43.566+0000] {docker.py:429} INFO - 2026-02-02 19:45:43 [scrapy.middleware] INFO: Enabled downloader middlewares:
['scrapy.downloadermiddlewares.offsite.OffsiteMiddleware',
 'scrapy.downloadermiddlewares.robotstxt.RobotsTxtMiddleware',
 'scrapy.downloadermiddlewares.httpauth.HttpAuthMiddleware',
 'scrapy.downloadermiddlewares.downloadtimeout.DownloadTimeoutMiddleware',
 'scrapy.downloadermiddlewares.defaultheaders.DefaultHeadersMiddleware',
 'scrapy.downloadermiddlewares.useragent.UserAgentMiddleware',
 'scrapy.downloadermiddlewares.retry.RetryMiddleware',
 'scrapy.downloadermiddlewares.redirect.MetaRefreshMiddleware',
 'scrapy.downloadermiddlewares.httpcompression.HttpCompressionMiddleware',
 'scrapy.downloadermiddlewares.redirect.RedirectMiddleware',
 'scrapy.downloadermiddlewares.cookies.CookiesMiddleware',
 'scrapy.downloadermiddlewares.httpproxy.HttpProxyMiddleware',
 'scrapy.downloadermiddlewares.stats.DownloaderStats']
[2026-02-02T19:45:43.568+0000] {docker.py:429} INFO - 2026-02-02 19:45:43 [scrapy.middleware] INFO: Enabled spider middlewares:
['scrapy.spidermiddlewares.start.StartSpiderMiddleware',
 'scrapy.spidermiddlewares.httperror.HttpErrorMiddleware',
 'scrapy.spidermiddlewares.referer.RefererMiddleware',
 'scrapy.spidermiddlewares.urllength.UrlLengthMiddleware',
 'scrapy.spidermiddlewares.depth.DepthMiddleware']
[2026-02-02T19:45:43.569+0000] {docker.py:429} INFO - 2026-02-02 19:45:43 [scrapy.middleware] INFO: Enabled item pipelines:
[]
[2026-02-02T19:45:43.570+0000] {docker.py:429} INFO - Output file: /app/city_today/output/eventi_forli_questa-settimana_20260202_194543.json
[2026-02-02T19:45:43.570+0000] {docker.py:429} INFO - 2026-02-02 19:45:43 [scrapy.core.engine] INFO: Spider opened
[2026-02-02T19:45:43.580+0000] {docker.py:429} INFO - 2026-02-02 19:45:43 [scrapy.extensions.logstats] INFO: Crawled 0 pages (at 0 pages/min), scraped 0 items (at 0 items/min)
[2026-02-02T19:45:43.582+0000] {docker.py:429} INFO - 2026-02-02 19:45:43 [scrapy.extensions.telnet] INFO: Telnet console listening on 127.0.0.1:6023
[2026-02-02T19:45:43.933+0000] {docker.py:429} INFO - 2026-02-02 19:45:43 [scrapy.core.engine] DEBUG: Crawled (200) <GET https://www.forlitoday.it/robots.txt> (referer: None)
[2026-02-02T19:45:47.024+0000] {docker.py:429} INFO - 2026-02-02 19:45:47 [scrapy.core.engine] DEBUG: Crawled (200) <GET https://www.forlitoday.it/eventi/dal/2026-02-02/al/2026-02-08/> (referer: None)
[2026-02-02T19:45:47.291+0000] {docker.py:429} INFO - 2026-02-02 19:45:47 [scrapy.core.engine] DEBUG: Crawled (200) <GET https://www.forlitoday.it/eventi/l-oro-del-reno-cinema-saffi-progetto-aquaviva-2-febbraio-2026.html> (referer: https://www.forlitoday.it/eventi/dal/2026-02-02/al/2026-02-08/)
[2026-02-02T19:45:47.428+0000] {docker.py:429} INFO - 2026-02-02 19:45:47 [scrapy.core.scraper] DEBUG: Scraped from <200 https://www.forlitoday.it/eventi/l-oro-del-reno-cinema-saffi-progetto-aquaviva-2-febbraio-2026.html>
{'category': ['Cinema'],
 'city': 'Forlì',
 'city_id': None,
 'content_hash': '2e3541effeb3846d',
 'date_display': '2 febbraio 2026',
 'date_end': '2026-02-02',
 'date_start': '2026-02-02',
 'description': 'Nell\'ambito del progetto "Acquaviva. Fiumi, storie, '
                'paesaggi" a cura di Istituto Comprensivo n. 8 e di Italia '
                'Nostra Sezione di Forlì in collaborazione con Associazione di '
                'Cultura Gabriella Poma e Nuova Civiltà delle Macchine, lunedì '
                "2 febbraio (ore 20.45) si tiene la proiezione de “L'oro del "
                'Reno” del regista Lorenzo Pullega. “L’oro del Reno” è un '
                'racconto che riunisce le storie che si svolgono intorno a un '
                'fiume, il Reno italiano. Il compito di viaggiare e '
                'testimoniare i racconti ambientati tra presente e passato '
                'lungo le sue sponde spetta a un regista che, incaricato da '
                'uno “strambo circolo locale” di realizzare un documentario, '
                'si mette in viaggio dalla sorgente alla foce del fiume, '
                'raccogliendo appunti e impressioni. A poco a poco, il piccolo '
                'viaggio intorno al fiume della sua infanzia, diverrà un '
                'cammino onirico ben più vasto nei racconti degli uomini, dove '
                'perdersi potrebbe significare ritrovarsi. La proiezione è al '
                "Cinema Saffi. L'ingresso è libero.",
 'event_id': 'l-oro-del-reno-cinema-saffi-progetto-aquaviva-2-febbraio-2026',
 'image_url': '//citynews-forlitoday.stgy.ovh/~media/horizontal-low/5649655006293/l-oro_del_reno_-film_2025.jpg',
 'location_address': "Viale dell'Appennino, 480",
 'location_name': 'Cinema Saffi',
 'price': 'Gratis',
 'raw_data': {'detail': {'altre_informazioni': {'raw_text': 'Altre '
                                                            'informazioni',
                                                'website': None},
                         'descrizione': 'Nell\'ambito del progetto "Acquaviva. '
                                        'Fiumi, storie, paesaggi" a cura di '
                                        'Istituto Comprensivo n. 8 e di Italia '
                                        'Nostra Sezione di Forlì in '
                                        'collaborazione con Associazione di '
                                        'Cultura Gabriella Poma e Nuova '
                                        'Civiltà delle Macchine, lunedì 2 '
                                        'febbraio (ore 20.45) si tiene la '
                                        "proiezione de “L'oro del Reno” del "
                                        'regista Lorenzo Pullega. “L’oro del '
                                        'Reno” è un racconto che riunisce le '
                                        'storie che si svolgono intorno a un '
                                        'fiume, il Reno italiano. Il compito '
                                        'di viaggiare e testimoniare i '
                                        'racconti ambientati tra presente e '
                                        'passato lungo le sue sponde spetta a '
                                        'un regista che, incaricato da uno '
                                        '“strambo circolo locale” di '
                                        'realizzare un documentario, si mette '
                                        'in viaggio dalla sorgente alla foce '
                                        'del fiume, raccogliendo appunti e '
                                        'impressioni. A poco a poco, il '
                                        'piccolo viaggio intorno al fiume '
                                        'della sua infanzia, diverrà un '
                                        'cammino onirico ben più vasto nei '
                                        'racconti degli uomini, dove perdersi '
                                        'potrebbe significare ritrovarsi. La '
                                        'proiezione è al Cinema Saffi. '
                                        "L'ingresso è libero.",
                         'dove': {'address': "Viale dell'Appennino, 480",
                                  'name': 'Cinema Saffi',
                                  'raw_text': 'Dove Cinema Saffi Viale '
                                              "dell'Appennino, 480"},
                         'image': '//citynews-forlitoday.stgy.ovh/~media/horizontal-low/5649655006293/l-oro_del_reno_-film_2025.jpg',
                         'prezzo': 'Gratis',
                         'quando': {'date_end': '2026-02-02',
                                    'date_start': '2026-02-02',
                                    'raw_text': 'Quando Dal 02/02/2026 al '
                                                '02/02/2026 solo oggi 20.45',
                                    'schedule': '20.45'}},
              'list': {'category': 'Cinema',
                       'date': '2 febbraio 2026',
                       'image': '//citynews-forlitoday.stgy.ovh/~media/horizontal-mid/5649655006293/l-oro_del_reno_-film_2025.jpg',
                       'location': 'Cinema Saffi',
                       'stars': None,
                       'title': 'Al cinema arriva "L\'oro del Reno", un '
                                'viaggio onirico tra ricordi e immaginario'}},
 'scraped_at': '2026-02-02T19:45:47.425051',
 'source': 'city_today',
 'title': 'Al cinema arriva "L\'oro del Reno", un viaggio onirico tra ricordi '
          'e immaginario',
 'url': 'https://www.forlitoday.it/eventi/l-oro-del-reno-cinema-saffi-progetto-aquaviva-2-febbraio-2026.html',
 'uuid': '0a7a25070e4690dd',
 'website': None}
[2026-02-02T19:45:48.985+0000] {docker.py:429} INFO - 2026-02-02 19:45:48 [scrapy.core.engine] DEBUG: Crawled (200) <GET https://www.forlitoday.it/eventi/rassegna-teatro-scuola-dragoni-meldola-2026.html> (referer: https://www.forlitoday.it/eventi/dal/2026-02-02/al/2026-02-08/)
[2026-02-02T19:45:49.099+0000] {docker.py:429} INFO - 2026-02-02 19:45:49 [scrapy.core.scraper] DEBUG: Scraped from <200 https://www.forlitoday.it/eventi/rassegna-teatro-scuola-dragoni-meldola-2026.html>
{'category': ['Teatri'],
 'city': 'Forlì',
 'city_id': None,
 'content_hash': '5c217e9ffb1769d7',
 'date_display': 'dal 22 gennaio al 17 aprile 2026',
 'date_end': '2026-04-17',
 'date_start': '2026-01-22',
 'description': 'Il Teatro Dragoni di Meldola è pronto ad alzare il sipario '
                'sulla nuova rassegna mattutina di Teatro per le Scuole, '
                'organizzata dall’Amministrazione Comunale e da Accademia '
                'Perduta/Romagna Teatri per la stagione 2025/26. Un cartellone '
                'composto da quattro spettacoli, (per un totale di otto '
                'repliche), scelti per bambini, bambine, studenti e '
                'studentesse di ogni ordine e grado, dalle scuole materne a '
                'quelle dell’obbligo, in scena fino ad aprile 2026. A '
                'inaugurare il cartellone, giovedì 22 e venerdì 23 gennaio, '
                'sarà la compagnia Elea Teatro Industria Scenica con '
                '"WEBulli", destinato alle scuole secondarie di primo grado, '
                'uno spettacolo che indaga gli attuali fenomeni del '
                'cyberbullismo e del sexting, ossia gli atti di bullismo e '
                'molestia e lo scambio di contenuti espliciti effettuati '
                'tramite i nuovi media digitali. Sarà poi la volta di "La '
                'fonte incantata. Tre storie per nutrire il pianeta" del '
                'Teatro dell’Orsa, in scena il 5 e 6 febbraio. La pièce, '
                'indirizzata a studenti e studentesse delle scuole primarie, '
                'attraverso il teatro di narrazione, di figura e con '
                'l’esecuzione di musica dal vivo, vuole educare sul prezioso '
                'valore dell’acqua quale bene comune. Una fiaba ecologica, '
                'dunque, che affronta anche i temi dalla solidarietà, '
                'dell’educazione ambientale e dell’emergenza climatica. '
                'Giovedì 5 e venerdì 6 marzo, la compagnia Teatro Perdavvero '
                'presenterà poi "Sorpresa. Un incontro senza parole", una '
                'nuova produzione di Accademia Perduta/Romagna Teatri. Lo '
                'spettacolo, per scuole materne e scuole primarie, tratta il '
                "tema delle relazioni e di cosa può nascere dall'incontro fra "
                'le diversità di ciascun individuo, passando attraverso la '
                'scoperta, il gioco, la condivisione di uno spazio, il '
                "conflitto e l'accoglienza. Chiude la programmazione dedicata "
                'alle scuole, il 16 e 17 aprile, "Il vestito nuovo '
                'dell’imperatopo" di TCP Tanti Cosi Progetti, un’altra nuova '
                'produzione di Accademia Perduta, destinata a bambini e '
                'bambine delle scuole materne e primarie. La pièce prende le '
                'mosse dal racconto di Hans Christian Andersen per narrare una '
                'fiaba ricca di ironia e acume. La particolare scrittura di '
                'Andersen riesce, in forma di fiaba, a inserire, nel tessuto '
                'della realtà quotidiana, aspetti, considerazioni e temi di '
                'attualità e di profonda riflessione. Gli spettacoli iniziano '
                "alle 9.30, il biglietto d'ingresso è di 5 euro. Per "
                'informazioni e prenotazioni contattare lo 0543 26355.',
 'event_id': 'rassegna-teatro-scuola-dragoni-meldola-2026',
 'image_url': '//citynews-forlitoday.stgy.ovh/~media/horizontal-low/65016844076490/tscuola-meldola-sorpresa.jpg',
 'location_address': None,
 'location_name': 'Teatro Dragoni',
 'price': '5 euro',
 'raw_data': {'detail': {'altre_informazioni': {'raw_text': 'Altre '
                                                            'informazioni',
                                                'website': None},
                         'descrizione': 'Il Teatro Dragoni di Meldola è pronto '
                                        'ad alzare il sipario sulla nuova '
                                        'rassegna mattutina di Teatro per le '
                                        'Scuole, organizzata '
                                        'dall’Amministrazione Comunale e da '
                                        'Accademia Perduta/Romagna Teatri per '
                                        'la stagione 2025/26. Un cartellone '
                                        'composto da quattro spettacoli, (per '
                                        'un totale di otto repliche), scelti '
                                        'per bambini, bambine, studenti e '
                                        'studentesse di ogni ordine e grado, '
                                        'dalle scuole materne a quelle '
                                        'dell’obbligo, in scena fino ad aprile '
                                        '2026. A inaugurare il cartellone, '
                                        'giovedì 22 e venerdì 23 gennaio, sarà '
                                        'la compagnia Elea Teatro Industria '
                                        'Scenica con "WEBulli", destinato alle '
                                        'scuole secondarie di primo grado, uno '
                                        'spettacolo che indaga gli attuali '
                                        'fenomeni del cyberbullismo e del '
                                        'sexting, ossia gli atti di bullismo e '
                                        'molestia e lo scambio di contenuti '
                                        'espliciti effettuati tramite i nuovi '
                                        'media digitali. Sarà poi la volta di '
                                        '"La fonte incantata. Tre storie per '
                                        'nutrire il pianeta" del Teatro '
                                        'dell’Orsa, in scena il 5 e 6 '
                                        'febbraio. La pièce, indirizzata a '
                                        'studenti e studentesse delle scuole '
                                        'primarie, attraverso il teatro di '
                                        'narrazione, di figura e con '
                                        'l’esecuzione di musica dal vivo, '
                                        'vuole educare sul prezioso valore '
                                        'dell’acqua quale bene comune. Una '
                                        'fiaba ecologica, dunque, che affronta '
                                        'anche i temi dalla solidarietà, '
                                        'dell’educazione ambientale e '
                                        'dell’emergenza climatica. Giovedì 5 e '
                                        'venerdì 6 marzo, la compagnia Teatro '
                                        'Perdavvero presenterà poi "Sorpresa. '
                                        'Un incontro senza parole", una nuova '
                                        'produzione di Accademia '
                                        'Perduta/Romagna Teatri. Lo '
                                        'spettacolo, per scuole materne e '
                                        'scuole primarie, tratta il tema delle '
                                        'relazioni e di cosa può nascere '
                                        "dall'incontro fra le diversità di "
                                        'ciascun individuo, passando '
                                        'attraverso la scoperta, il gioco, la '
                                        'condivisione di uno spazio, il '
                                        "conflitto e l'accoglienza. Chiude la "
                                        'programmazione dedicata alle scuole, '
                                        'il 16 e 17 aprile, "Il vestito nuovo '
                                        'dell’imperatopo" di TCP Tanti Cosi '
                                        'Progetti, un’altra nuova produzione '
                                        'di Accademia Perduta, destinata a '
                                        'bambini e bambine delle scuole '
                                        'materne e primarie. La pièce prende '
                                        'le mosse dal racconto di Hans '
                                        'Christian Andersen per narrare una '
                                        'fiaba ricca di ironia e acume. La '
                                        'particolare scrittura di Andersen '
                                        'riesce, in forma di fiaba, a '
                                        'inserire, nel tessuto della realtà '
                                        'quotidiana, aspetti, considerazioni e '
                                        'temi di attualità e di profonda '
                                        'riflessione. Gli spettacoli iniziano '
                                        "alle 9.30, il biglietto d'ingresso è "
                                        'di 5 euro. Per informazioni e '
                                        'prenotazioni contattare lo 0543 '
                                        '26355.',
                         'dove': {'address': None,
                                  'name': 'Teatro Dragoni',
                                  'raw_text': 'Dove Teatro Dragoni Indirizzo '
                                              'non disponibile Meldola'},
                         'image': '//citynews-forlitoday.stgy.ovh/~media/horizontal-low/65016844076490/tscuola-meldola-sorpresa.jpg',
                         'prezzo': '5 euro',
                         'quando': {'date_end': '2026-04-17',
                                    'date_start': '2026-01-22',
                                    'raw_text': 'Quando Dal 22/01/2026 al '
                                                '17/04/2026 9.30',
                                    'schedule': '9.30'}},
              'list': {'category': 'Teatri',
                       'date': 'dal 22 gennaio al 17 aprile 2026',
                       'image': '//citynews-forlitoday.stgy.ovh/~media/horizontal-mid/65016844076490/tscuola-meldola-sorpresa.jpg',
                       'location': 'Teatro Dragoni',
                       'stars': None,
                       'title': 'Meldola, al Dragoni su il sipario alla '
                                'rassegna di teatro scuola'}},
 'scraped_at': '2026-02-02T19:45:49.096806',
 'source': 'city_today',
 'title': 'Meldola, al Dragoni su il sipario alla rassegna di teatro scuola',
 'url': 'https://www.forlitoday.it/eventi/rassegna-teatro-scuola-dragoni-meldola-2026.html',
 'uuid': 'ab77cc371a9a89e1',
 'website': None}
[2026-02-02T19:45:50.638+0000] {docker.py:429} INFO - 2026-02-02 19:45:50 [scrapy.core.engine] DEBUG: Crawled (200) <GET https://www.forlitoday.it/eventi/ciclo-incontri-idee-in-cammino-circolo-aurora-31-gennaio-2026.html> (referer: https://www.forlitoday.it/eventi/dal/2026-02-02/al/2026-02-08/)
[2026-02-02T19:45:50.754+0000] {docker.py:429} INFO - 2026-02-02 19:45:50 [scrapy.core.scraper] DEBUG: Scraped from <200 https://www.forlitoday.it/eventi/ciclo-incontri-idee-in-cammino-circolo-aurora-31-gennaio-2026.html>
{'category': ['Incontri'],
 'city': 'Forlì',
 'city_id': None,
 'content_hash': 'fea777ac80131881',
 'date_display': 'dal 31 gennaio al 18 aprile 2026',
 'date_end': '2026-04-18',
 'date_start': '2026-01-31',
 'description': "A quarant'anni dal maxiprocesso di Palermo contro Cosa "
                'Nostra, il Circolo Aurora di Forlì propone il nuovo ciclo di '
                'incontri "Idee in cammino", un progetto a cura di Simona Palo '
                'con la partecipazione del professor Maurizio Gioiello e che '
                'nasce per ricordare le storie di uomini che hanno scelto di '
                'attivarsi, ognuno contro la criminalità in prima persona. Si '
                'inizia sabato 31 gennaio con un’intervista a cura di Simona '
                'Palo a Pippo Giordano, ex ispettore Dia di Palermo, autore '
                'del libro "Il sopravvissuto" (RxCastelVecchio editore) '
                'incentrata sulla sua esperienza lavorativa alla Squadra '
                'Mobile della città siciliana negli anni Ottanta. La data '
                "scelta per l'incontro, non a caso, ricorda il 30 gennaio "
                '1992, quando la Corte di Cassazione confermò tutte le '
                'condanne del maxiprocesso istruito dal pool antimafia di '
                "Palermo. L'evento si tiene alle ore 17.30 in Sala Aurora a "
                'Palazzo Albicini n. 80. Ingresso libero. A seguire, sabato 14 '
                "febbraio (ore 10), si tiene l'incontro “Il contrasto alla "
                'criminalità organizzata dal maxiprocesso ad Aemilia” alla '
                'presenza del Procuratore Generale presso la Corte di '
                "Cassazione il dottor Antonio Balsamo, l'Amministratore "
                "Giudiziario del Processo Aemilia, l'avvocato Rosario Di "
                'Legami e del Procuratore Capo di Pesaro il dottor Marco '
                'Mescolini. La città di Forlì, inoltre, riunisce le storie di '
                'chi si è battuto e ha sacrificato la vita in nome degli '
                'ideali di giustizia, attraverso due importanti opere nel suo '
                'centro cittadino: un’opera artistica, le “pietre d’inciampo” '
                'dell’artista berlinese Gunter Demning, a ricordo dei '
                'cittadini forlivesi ebrei e degli antifascisti perseguitati e '
                'uccisi posizionate davanti a quelle che furono le loro ultime '
                'abitazioni, e un Memoriale fatto erigere dal Comune di Forlì '
                'e dedicato alle vittime delle stragi di Capaci e Via '
                'D’Amelio, situato accanto all’ingresso della Corte d’Assise '
                'del Tribunale di Forlì. Le storie delle vittime di '
                'persecuzioni razziali e antifasciste si intrecciano così con '
                'quelle di chi ha combattuto la mafia, unite dal filo rosso '
                'della Memoria. Il Progetto “Idee in cammino” prevede un '
                'percorso a piedi all’interno della città che parte dalle '
                'pietre d’inciampo di Corso Garibaldi n. 2 (in corrispondenza '
                'della Casa della famiglia Matatia), prosegue nel centro '
                'cittadino con il racconto di storie di alcuni forlivesi nel '
                'racconto del professor Maurizio Gioiello e termina davanti al '
                'Memoriale del Palazzo di Giustizia di Forlì. In questa '
                'seconda tappa si passerà al racconto del lavoro del pool '
                'antimafia sfociato proprio nel maxiprocesso di Palermo. La '
                'narrazione sarà a cura di Simona Palo. In occasione della '
                'Giornata dedicata alle vittime di mafia, sabato 21 marzo (ore '
                '10), partirà il primo appuntamento del percorso nel centro '
                'storico con Maurizio Gioiello e Simona Palo per conoscere '
                'qualcosa di più su alcuni forlivesi ricordati nelle pietre '
                'd’inciampo. Per informazioni auroraapsforli@gmail.com. Luogo '
                'di ritrovo in Corso Garibaldi n. 2 davanti alle pietre '
                "d’inciampo dedicate alla famiglia Matatia. L'ultimo incontro "
                'a Palazzo Albicini sarà dedicato invece al sacrificio di '
                'Silver Sirotti, funzionario forlivese delle Ferrovie dello '
                'Stato, morto nell’attentato al Treno Italicus del 4 Agosto '
                '1974 e insignito della medaglia d’oro al valor civile per '
                "avere soccorso alcuni feriti. L'evento è in programma per "
                'sabato 18 aprile 2026 alle ore 10 nel Salone Aurora di '
                'Palazzo Albicini.',
 'event_id': 'ciclo-incontri-idee-in-cammino-circolo-aurora-31-gennaio-2026',
 'image_url': '//citynews-forlitoday.stgy.ovh/~media/horizontal-low/69588541086196/maxiprocesso.jpg',
 'location_address': None,
 'location_name': 'sedi varie - vedi programma',
 'price': 'Prezzo non disponibile',
 'raw_data': {'detail': {'altre_informazioni': {'raw_text': 'Altre '
                                                            'informazioni',
                                                'website': None},
                         'descrizione': "A quarant'anni dal maxiprocesso di "
                                        'Palermo contro Cosa Nostra, il '
                                        'Circolo Aurora di Forlì propone il '
                                        'nuovo ciclo di incontri "Idee in '
                                        'cammino", un progetto a cura di '
                                        'Simona Palo con la partecipazione del '
                                        'professor Maurizio Gioiello e che '
                                        'nasce per ricordare le storie di '
                                        'uomini che hanno scelto di attivarsi, '
                                        'ognuno contro la criminalità in prima '
                                        'persona. Si inizia sabato 31 gennaio '
                                        'con un’intervista a cura di Simona '
                                        'Palo a Pippo Giordano, ex ispettore '
                                        'Dia di Palermo, autore del libro "Il '
                                        'sopravvissuto" (RxCastelVecchio '
                                        'editore) incentrata sulla sua '
                                        'esperienza lavorativa alla Squadra '
                                        'Mobile della città siciliana negli '
                                        'anni Ottanta. La data scelta per '
                                        "l'incontro, non a caso, ricorda il 30 "
                                        'gennaio 1992, quando la Corte di '
                                        'Cassazione confermò tutte le condanne '
                                        'del maxiprocesso istruito dal pool '
                                        "antimafia di Palermo. L'evento si "
                                        'tiene alle ore 17.30 in Sala Aurora a '
                                        'Palazzo Albicini n. 80. Ingresso '
                                        'libero. A seguire, sabato 14 febbraio '
                                        "(ore 10), si tiene l'incontro “Il "
                                        'contrasto alla criminalità '
                                        'organizzata dal maxiprocesso ad '
                                        'Aemilia” alla presenza del '
                                        'Procuratore Generale presso la Corte '
                                        'di Cassazione il dottor Antonio '
                                        "Balsamo, l'Amministratore Giudiziario "
                                        "del Processo Aemilia, l'avvocato "
[2026-02-02T19:45:50.755+0000] {docker.py:429} INFO - 'Rosario Di Legami e del Procuratore '
                                        'Capo di Pesaro il dottor Marco '
                                        'Mescolini. La città di Forlì, '
                                        'inoltre, riunisce le storie di chi si '
                                        'è battuto e ha sacrificato la vita in '
                                        'nome degli ideali di giustizia, '
                                        'attraverso due importanti opere nel '
                                        'suo centro cittadino: un’opera '
                                        'artistica, le “pietre d’inciampo” '
                                        'dell’artista berlinese Gunter '
                                        'Demning, a ricordo dei cittadini '
                                        'forlivesi ebrei e degli antifascisti '
                                        'perseguitati e uccisi posizionate '
                                        'davanti a quelle che furono le loro '
                                        'ultime abitazioni, e un Memoriale '
                                        'fatto erigere dal Comune di Forlì e '
                                        'dedicato alle vittime delle stragi di '
                                        'Capaci e Via D’Amelio, situato '
                                        'accanto all’ingresso della Corte '
                                        'd’Assise del Tribunale di Forlì. Le '
                                        'storie delle vittime di persecuzioni '
                                        'razziali e antifasciste si '
                                        'intrecciano così con quelle di chi ha '
                                        'combattuto la mafia, unite dal filo '
                                        'rosso della Memoria. Il Progetto '
                                        '“Idee in cammino” prevede un percorso '
                                        'a piedi all’interno della città che '
                                        'parte dalle pietre d’inciampo di '
                                        'Corso Garibaldi n. 2 (in '
                                        'corrispondenza della Casa della '
                                        'famiglia Matatia), prosegue nel '
                                        'centro cittadino con il racconto di '
                                        'storie di alcuni forlivesi nel '
                                        'racconto del professor Maurizio '
                                        'Gioiello e termina davanti al '
                                        'Memoriale del Palazzo di Giustizia di '
                                        'Forlì. In questa seconda tappa si '
                                        'passerà al racconto del lavoro del '
                                        'pool antimafia sfociato proprio nel '
                                        'maxiprocesso di Palermo. La '
                                        'narrazione sarà a cura di Simona '
                                        'Palo. In occasione della Giornata '
                                        'dedicata alle vittime di mafia, '
                                        'sabato 21 marzo (ore 10), partirà il '
                                        'primo appuntamento del percorso nel '
                                        'centro storico con Maurizio Gioiello '
                                        'e Simona Palo per conoscere qualcosa '
                                        'di più su alcuni forlivesi ricordati '
                                        'nelle pietre d’inciampo. Per '
                                        'informazioni '
                                        'auroraapsforli@gmail.com. Luogo di '
                                        'ritrovo in Corso Garibaldi n. 2 '
                                        'davanti alle pietre d’inciampo '
                                        'dedicate alla famiglia Matatia. '
                                        "L'ultimo incontro a Palazzo Albicini "
                                        'sarà dedicato invece al sacrificio di '
                                        'Silver Sirotti, funzionario forlivese '
                                        'delle Ferrovie dello Stato, morto '
                                        'nell’attentato al Treno Italicus del '
                                        '4 Agosto 1974 e insignito della '
                                        'medaglia d’oro al valor civile per '
                                        'avere soccorso alcuni feriti. '
                                        "L'evento è in programma per sabato 18 "
                                        'aprile 2026 alle ore 10 nel Salone '
                                        'Aurora di Palazzo Albicini.',
                         'dove': {'address': None,
                                  'name': 'sedi varie - vedi programma',
                                  'raw_text': 'Dove sedi varie - vedi '
                                              'programma Indirizzo non '
                                              'disponibile'},
                         'image': '//citynews-forlitoday.stgy.ovh/~media/horizontal-low/69588541086196/maxiprocesso.jpg',
                         'prezzo': 'Prezzo non disponibile',
                         'quando': {'date_end': '2026-04-18',
                                    'date_start': '2026-01-31',
                                    'raw_text': 'Quando Dal 31/01/2026 al '
                                                '18/04/2026 vari orari - vedi '
                                                'programma',
                                    'schedule': 'vari orari - vedi programma'}},
              'list': {'category': 'Incontri',
                       'date': 'dal 31 gennaio al 18 aprile 2026',
                       'image': '//citynews-forlitoday.stgy.ovh/~media/horizontal-mid/69588541086196/maxiprocesso.jpg',
                       'location': 'sedi varie - vedi programma',
                       'stars': None,
                       'title': '40 anni dal maxiprocesso, al via la rassegna '
                                '"Idee in cammino": protagoniste le storie di '
                                'chi ha combattuto la criminalità '
                                'organizzata'}},
 'scraped_at': '2026-02-02T19:45:50.750342',
 'source': 'city_today',
 'title': '40 anni dal maxiprocesso, al via la rassegna "Idee in cammino": '
          'protagoniste le storie di chi ha combattuto la criminalità '
          'organizzata',
 'url': 'https://www.forlitoday.it/eventi/ciclo-incontri-idee-in-cammino-circolo-aurora-31-gennaio-2026.html',
 'uuid': 'd32cab8ea30243d0',
 'website': None}
[2026-02-02T19:45:51.074+0000] {docker.py:429} INFO - 2026-02-02 19:45:51 [scrapy.core.engine] DEBUG: Crawled (200) <GET https://www.forlitoday.it/eventi/onore-e-vanita-condottieri-nella-forli-sforzesca-al-tempo-di-pino-ordelaffi-e-caterina-sforza-13531767.html> (referer: https://www.forlitoday.it/eventi/dal/2026-02-02/al/2026-02-08/)
[2026-02-02T19:45:51.182+0000] {docker.py:429} INFO - 2026-02-02 19:45:51 [scrapy.core.scraper] DEBUG: Scraped from <200 https://www.forlitoday.it/eventi/onore-e-vanita-condottieri-nella-forli-sforzesca-al-tempo-di-pino-ordelaffi-e-caterina-sforza-13531767.html>
{'category': ['Mostre'],
 'city': 'Forlì',
 'city_id': None,
 'content_hash': '033544e52a2e4e9b',
 'date_display': 'dal 7 al 15 febbraio 2026',
 'date_end': '2026-02-15',
 'date_start': '2026-02-07',
 'description': 'Dal 7 al 15 febbraio, l’Oratorio di San Sebastiano, edificio '
                'di fine Quattrocento situato accanto ai Musei di San Domenico '
                'a Forlì, ospiterà la mostra “Onore e Vanità. Condottieri '
                'nella Forlì sforzesca al tempo di Pino Ordelaffi e Caterina '
                'Sforza”. La mostra conduce il visitatore alla scoperta della '
                'figura del condottiero, protagonista della vita politica, '
                'militare e cortigiana della Forlì sforzesca tra il 1473 e il '
                '1498, periodo di intensa vitalità storica sotto il governo di '
                'Pino III Ordelaffi e Caterina Sforza. In questa mostra, armi '
                'e abiti ricostruiti sulla base di fonti originali '
                'accompagnano il pubblico all’interno di un’epoca in cui la '
                'guerra era una questione d’onore e la vanità diventava uno '
                'strumento di governo. Il percorso espositivo restituisce '
                'l’immagine del condottiero come protagonista dei campi di '
                'battaglia e della vita di corte, tra strategie militari, '
                'rappresentazione del potere e codici simbolici che ne '
                'definivano il ruolo nella società rinascimentale. Attraverso '
                'un percorso espositivo di taglio tematico e divulgativo, '
                'composto da pannelli esplicativi e repliche museali di abiti, '
                'armi, armature e oggetti d’uso, la mostra propone un racconto '
                'accessibile e suggestivo, pensato per un pubblico ampio: '
                'dagli appassionati di storia ai visitatori curiosi, fino agli '
                'studenti. L’iniziativa è organizzata dall’Associazione '
                'Culturale Famaleonis ed è curata dal consulente storico '
                'Eugenio Larosa, con il sostegno tecnico di Imagetech srl, '
                'Centro Linguistico Cesena e ConsulenzaStorica.it. '
                'L’inaugurazione ufficiale è prevista per sabato 7 febbraio '
                'alle ore 15. Su richiesta sarà possibile prenotare visite '
                'guidate per gruppi, anche al di fuori degli orari di '
                'apertura. Gli orari di apertura sono: sabato e domenica '
                '15-22, giorni feriali 20-22. Ingresso libero',
 'event_id': 'onore-e-vanita-condottieri-nella-forli-sforzesca-al-tempo-di-pino-ordelaffi-e-caterina-sforza-13531767',
 'image_url': '//citynews-forlitoday.stgy.ovh/~media/horizontal-low/51941874051215/onore-e-vanita-mostra.jpg',
 'location_address': 'Via Maurizio Bufalini',
 'location_name': 'Oratorio di San Sebastiano',
 'price': 'Gratis',
 'raw_data': {'detail': {'altre_informazioni': {'raw_text': 'Altre '
                                                            'informazioni',
                                                'website': None},
                         'descrizione': 'Dal 7 al 15 febbraio, l’Oratorio di '
                                        'San Sebastiano, edificio di fine '
                                        'Quattrocento situato accanto ai Musei '
                                        'di San Domenico a Forlì, ospiterà la '
                                        'mostra “Onore e Vanità. Condottieri '
                                        'nella Forlì sforzesca al tempo di '
                                        'Pino Ordelaffi e Caterina Sforza”. La '
                                        'mostra conduce il visitatore alla '
                                        'scoperta della figura del '
                                        'condottiero, protagonista della vita '
                                        'politica, militare e cortigiana della '
                                        'Forlì sforzesca tra il 1473 e il '
                                        '1498, periodo di intensa vitalità '
                                        'storica sotto il governo di Pino III '
                                        'Ordelaffi e Caterina Sforza. In '
                                        'questa mostra, armi e abiti '
                                        'ricostruiti sulla base di fonti '
                                        'originali accompagnano il pubblico '
                                        'all’interno di un’epoca in cui la '
                                        'guerra era una questione d’onore e la '
                                        'vanità diventava uno strumento di '
                                        'governo. Il percorso espositivo '
                                        'restituisce l’immagine del '
                                        'condottiero come protagonista dei '
                                        'campi di battaglia e della vita di '
                                        'corte, tra strategie militari, '
                                        'rappresentazione del potere e codici '
                                        'simbolici che ne definivano il ruolo '
                                        'nella società rinascimentale. '
                                        'Attraverso un percorso espositivo di '
                                        'taglio tematico e divulgativo, '
                                        'composto da pannelli esplicativi e '
                                        'repliche museali di abiti, armi, '
                                        'armature e oggetti d’uso, la mostra '
                                        'propone un racconto accessibile e '
                                        'suggestivo, pensato per un pubblico '
                                        'ampio: dagli appassionati di storia '
                                        'ai visitatori curiosi, fino agli '
                                        'studenti. L’iniziativa è organizzata '
                                        'dall’Associazione Culturale '
                                        'Famaleonis ed è curata dal consulente '
                                        'storico Eugenio Larosa, con il '
                                        'sostegno tecnico di Imagetech srl, '
                                        'Centro Linguistico Cesena e '
                                        'ConsulenzaStorica.it. L’inaugurazione '
                                        'ufficiale è prevista per sabato 7 '
                                        'febbraio alle ore 15. Su richiesta '
                                        'sarà possibile prenotare visite '
                                        'guidate per gruppi, anche al di fuori '
                                        'degli orari di apertura. Gli orari di '
                                        'apertura sono: sabato e domenica '
                                        '15-22, giorni feriali 20-22. Ingresso '
                                        'libero',
                         'dove': {'address': 'Via Maurizio Bufalini',
                                  'name': 'Oratorio di San Sebastiano',
                                  'raw_text': 'Dove Oratorio di San Sebastiano '
                                              'Via Maurizio Bufalini'},
                         'image': '//citynews-forlitoday.stgy.ovh/~media/horizontal-low/51941874051215/onore-e-vanita-mostra.jpg',
                         'prezzo': 'Gratis',
                         'quando': {'date_end': '2026-02-15',
                                    'date_start': '2026-02-07',
                                    'raw_text': 'Quando Dal 07/02/2026 al '
                                                '15/02/2026 Sabato e domenica: '
                                                '15.00 – 22.00 / Giorni '
                                                'feriali: 20.00 – 22.00',
                                    'schedule': 'Sabato e domenica: 15.00 – '
                                                '22.00 / Giorni feriali: 20.00 '
                                                '– 22.00'}},
              'list': {'category': 'Mostre',
                       'date': 'dal 7 al 15 febbraio 2026',
                       'image': '//citynews-forlitoday.stgy.ovh/~media/horizontal-mid/51941874051215/onore-e-vanita-mostra.jpg',
                       'location': 'Oratorio di San Sebastiano',
                       'stars': None,
                       'title': '"Onore e vanità", in mostra i condottieri '
                                'della Forlì al tempo di Pino Ordelaffi e '
                                'Caterina Sforza'}},
 'scraped_at': '2026-02-02T19:45:51.180774',
 'source': 'city_today',
 'title': '"Onore e vanità", in mostra i condottieri della Forlì al tempo di '
          'Pino Ordelaffi e Caterina Sforza',
 'url': 'https://www.forlitoday.it/eventi/onore-e-vanita-condottieri-nella-forli-sforzesca-al-tempo-di-pino-ordelaffi-e-caterina-sforza-13531767.html',
 'uuid': 'a21c9f899ea969e0',
 'website': None}
[2026-02-02T19:45:52.325+0000] {docker.py:429} INFO - 2026-02-02 19:45:52 [scrapy.core.engine] DEBUG: Crawled (200) <GET https://www.forlitoday.it/eventi/giorno-della-memoria-programma-iniziative-forlimpopoli-27-gennaio-2026.html> (referer: https://www.forlitoday.it/eventi/dal/2026-02-02/al/2026-02-08/)
[2026-02-02T19:45:52.434+0000] {docker.py:429} INFO - 2026-02-02 19:45:52 [scrapy.core.scraper] DEBUG: Scraped from <200 https://www.forlitoday.it/eventi/giorno-della-memoria-programma-iniziative-forlimpopoli-27-gennaio-2026.html>
{'category': ['Incontri'],
 'city': 'Forlì',
 'city_id': None,
 'content_hash': '5d3bee5191b278cb',
 'date_display': 'dal 26 gennaio al 17 febbraio 2026',
 'date_end': '2026-02-17',
 'date_start': '2026-01-26',
 'description': 'In occasione della Giornata della Memoria, che si celebra il '
                '27 gennaio, il Comune di Forlimpopoli ricorda le vittime '
                'della Shoah e di tutte le persecuzioni razziali, politiche e '
                'religiose con un calendario ricco di appuntamenti pensato per '
                'sollecitare una riflessione collettiva su una delle pagine '
                'più drammatiche della storia contemporanea. Le iniziative '
                'dedicate alla memoria si articolano in un percorso culturale '
                'e civile che coinvolge l’intera comunità e che prosegue anche '
                'nei giorni e nelle settimane successive al 27 gennaio. Lunedì '
                '26 gennaio, al il Cinema Verdi, sarà proiettato il film '
                '“Norimberga”, che invita a riflettere sui temi della '
                'giustizia, della responsabilità individuale e collettiva e '
                'sulle conseguenze dei crimini contro l’umanità. Il 28 '
                'gennaio, al Teatro Verdi, andrà in scena lo spettacolo “Pugni '
                'pesanti” di Denis Campitelli, un intenso racconto teatrale '
                'che affronta i temi della memoria, dell’impegno e della '
                'resistenza civile. L’11 febbraio prosegue la rassegna “Il '
                'cinema nel Ventennio”, a cura di Anpi e Libera, con un '
                'appuntamento dedicato a cinema e Resistenza, per approfondire '
                'il ruolo della cultura nella costruzione della memoria '
                'storica. Il 17 febbraio è infine in programma lo spettacolo '
                '“Il coraggio silenzioso” di Marco Baliani, un momento di '
                'forte impatto emotivo e riflessione sul valore delle scelte '
                'individuali e della responsabilità morale.',
 'event_id': 'giorno-della-memoria-programma-iniziative-forlimpopoli-27-gennaio-2026',
 'image_url': '//citynews-forlitoday.stgy.ovh/~media/horizontal-low/49444767759148/russel-crowe-nuremberg.jpg',
 'location_address': None,
 'location_name': 'sedi varie - vedi programma',
 'price': 'Prezzo non disponibile',
 'raw_data': {'detail': {'altre_informazioni': {'raw_text': 'Altre '
                                                            'informazioni',
                                                'website': None},
                         'descrizione': 'In occasione della Giornata della '
                                        'Memoria, che si celebra il 27 '
                                        'gennaio, il Comune di Forlimpopoli '
                                        'ricorda le vittime della Shoah e di '
                                        'tutte le persecuzioni razziali, '
                                        'politiche e religiose con un '
                                        'calendario ricco di appuntamenti '
                                        'pensato per sollecitare una '
                                        'riflessione collettiva su una delle '
                                        'pagine più drammatiche della storia '
                                        'contemporanea. Le iniziative dedicate '
                                        'alla memoria si articolano in un '
                                        'percorso culturale e civile che '
                                        'coinvolge l’intera comunità e che '
                                        'prosegue anche nei giorni e nelle '
                                        'settimane successive al 27 gennaio. '
                                        'Lunedì 26 gennaio, al il Cinema '
                                        'Verdi, sarà proiettato il film '
                                        '“Norimberga”, che invita a riflettere '
                                        'sui temi della giustizia, della '
                                        'responsabilità individuale e '
                                        'collettiva e sulle conseguenze dei '
                                        'crimini contro l’umanità. Il 28 '
                                        'gennaio, al Teatro Verdi, andrà in '
                                        'scena lo spettacolo “Pugni pesanti” '
                                        'di Denis Campitelli, un intenso '
                                        'racconto teatrale che affronta i temi '
                                        'della memoria, dell’impegno e della '
                                        'resistenza civile. L’11 febbraio '
                                        'prosegue la rassegna “Il cinema nel '
                                        'Ventennio”, a cura di Anpi e Libera, '
                                        'con un appuntamento dedicato a cinema '
                                        'e Resistenza, per approfondire il '
                                        'ruolo della cultura nella costruzione '
                                        'della memoria storica. Il 17 febbraio '
                                        'è infine in programma lo spettacolo '
                                        '“Il coraggio silenzioso” di Marco '
                                        'Baliani, un momento di forte impatto '
                                        'emotivo e riflessione sul valore '
                                        'delle scelte individuali e della '
                                        'responsabilità morale.',
                         'dove': {'address': None,
                                  'name': 'sedi varie - vedi programma',
                                  'raw_text': 'Dove sedi varie - vedi '
                                              'programma Indirizzo non '
                                              'disponibile Forlimpopoli'},
                         'image': '//citynews-forlitoday.stgy.ovh/~media/horizontal-low/49444767759148/russel-crowe-nuremberg.jpg',
                         'prezzo': 'Prezzo non disponibile',
                         'quando': {'date_end': '2026-02-17',
                                    'date_start': '2026-01-26',
                                    'raw_text': 'Quando Dal 26/01/2026 al '
                                                '17/02/2026 vari orari - vedi '
                                                'programma',
                                    'schedule': 'vari orari - vedi programma'}},
              'list': {'category': 'Incontri',
                       'date': 'dal 26 gennaio al 17 febbraio 2026',
                       'image': '//citynews-forlitoday.stgy.ovh/~media/horizontal-mid/49444767759148/russel-crowe-nuremberg.jpg',
                       'location': 'sedi varie - vedi programma',
                       'stars': None,
                       'title': 'Giorno della Memoria, a Forlimpopoli si '
                                'ricorda il dramma della Shoah con spettacoli '
                                'teatrali e proiezioni al cinema'}},
 'scraped_at': '2026-02-02T19:45:52.432859',
 'source': 'city_today',
 'title': 'Giorno della Memoria, a Forlimpopoli si ricorda il dramma della '
          'Shoah con spettacoli teatrali e proiezioni al cinema',
 'url': 'https://www.forlitoday.it/eventi/giorno-della-memoria-programma-iniziative-forlimpopoli-27-gennaio-2026.html',
 'uuid': '194852205a3aca26',
 'website': None}
[2026-02-02T19:45:53.428+0000] {docker.py:429} INFO - 2026-02-02 19:45:53 [scrapy.core.engine] DEBUG: Crawled (200) <GET https://www.forlitoday.it/eventi/origo-design-studio-inaugurazione-mostra-fotografia-materia-memoria-13406817.html> (referer: https://www.forlitoday.it/eventi/dal/2026-02-02/al/2026-02-08/)
[2026-02-02T19:45:53.549+0000] {docker.py:429} INFO - 2026-02-02 19:45:53 [scrapy.core.scraper] DEBUG: Scraped from <200 https://www.forlitoday.it/eventi/origo-design-studio-inaugurazione-mostra-fotografia-materia-memoria-13406817.html>
{'category': ['Mostre'],
 'city': 'Forlì',
 'city_id': None,
 'content_hash': 'd5c871383d31e6be',
 'date_display': 'dal 23 gennaio al 28 marzo 2026',
 'date_end': '2026-03-28',
 'date_start': '2026-01-23',
 'description': 'Dal 23 gennaio al 28 marzo si potrà visitare la mostra '
                'fotografica “Fotografia Materia Memoria”, progetto espositivo '
                'della fotografa Catalina Isabel Nucera, ospitato da Origo '
                'Design Studio, spazio di progettazione di interni e '
                'illuminazione in via Carlo Matteucci 55, a Forlì. La mostra, '
                'a ingresso gratuito, sarà visitabile il lunedì, il mercoledì '
                'e il venerdì dalle 16:00 alle 18:00. “Fotografia Materia '
                'Memoria” presenta due progetti distinti ma profondamente '
                'connessi, che indagano il rapporto tra immagine, materia e '
                'memoria, alternando una riflessione legata al territorio a '
                'una dimensione più intima e personale. Il primo progetto, “Le '
                'radiografie del fango” (2023–2025), nasce dall’alluvione che '
                'ha colpito la Romagna nel maggio 2023. Il fango diventa '
                'soggetto e matrice visiva: non più semplice detrito, ma '
                'traccia della ferita subita dal territorio. Le fotografie in '
                'bianco e nero, tutte realizzate a Forlì, restituiscono forme '
                'inattese e assumono il carattere di vere e proprie '
                'radiografie della terra, immagini di resilienza e '
                'trasformazione. Il progetto comprende quattro fotografie e '
                'un’oleotipia, realizzata a mano dall’autrice con fondo '
                'lavorato alla foglia d’argento. Il secondo progetto, “La '
                'colpa è tua” (2025), affronta una dimensione più intima. A '
                'partire da una frase pronunciata dal padre dell’artista, il '
                'lavoro riflette sulla fragilità dei legami, sul senso di '
                'colpa e sulla possibilità di trasformazione. Un racconto '
                'visivo che nasce da un’esperienza personale ma tocca temi '
                'universali, in cui molte persone possono riconoscersi. Il '
                'nucleo esposto è composto da nove fotografie e un’oleotipia '
                'stampata a mano dall’autrice. La mostra è realizzata con il '
                'patrocinio dell’Assessorato alla Cultura del Comune di Forlì '
                'e si inserisce nel dialogo culturale del territorio, anche in '
                'relazione alla candidatura di Forlì a
[2026-02-02T19:45:53.550+0000] {docker.py:429} INFO - Capitale Italiana della '
                'Cultura 2026. Sede della mostra Origo Design Studio via Carlo '
                'Matteucci 55, Forlì Contatti Origo Design Studio 0543 548380 '
                'Fabrizio Ceppa 345 5232161',
 'event_id': 'origo-design-studio-inaugurazione-mostra-fotografia-materia-memoria-13406817',
 'image_url': '//citynews-forlitoday.stgy.ovh/~media/horizontal-low/51924279325840/origo-design-studio-inaugurazione-mostra-fotografia-materia-memoria.jpg',
 'location_address': 'Via Carlo Matteucci, 55',
 'location_name': 'Origo Design Studio',
 'price': 'Gratis',
 'raw_data': {'detail': {'altre_informazioni': {'raw_text': 'Altre '
                                                            'informazioni',
                                                'website': None},
                         'descrizione': 'Dal 23 gennaio al 28 marzo si potrà '
                                        'visitare la mostra fotografica '
                                        '“Fotografia Materia Memoria”, '
                                        'progetto espositivo della fotografa '
                                        'Catalina Isabel Nucera, ospitato da '
                                        'Origo Design Studio, spazio di '
                                        'progettazione di interni e '
                                        'illuminazione in via Carlo Matteucci '
                                        '55, a Forlì. La mostra, a ingresso '
                                        'gratuito, sarà visitabile il lunedì, '
                                        'il mercoledì e il venerdì dalle 16:00 '
                                        'alle 18:00. “Fotografia Materia '
                                        'Memoria” presenta due progetti '
                                        'distinti ma profondamente connessi, '
                                        'che indagano il rapporto tra '
                                        'immagine, materia e memoria, '
                                        'alternando una riflessione legata al '
                                        'territorio a una dimensione più '
                                        'intima e personale. Il primo '
                                        'progetto, “Le radiografie del fango” '
                                        '(2023–2025), nasce dall’alluvione che '
                                        'ha colpito la Romagna nel maggio '
                                        '2023. Il fango diventa soggetto e '
                                        'matrice visiva: non più semplice '
                                        'detrito, ma traccia della ferita '
                                        'subita dal territorio. Le fotografie '
                                        'in bianco e nero, tutte realizzate a '
                                        'Forlì, restituiscono forme inattese e '
                                        'assumono il carattere di vere e '
                                        'proprie radiografie della terra, '
                                        'immagini di resilienza e '
                                        'trasformazione. Il progetto comprende '
                                        'quattro fotografie e un’oleotipia, '
                                        'realizzata a mano dall’autrice con '
                                        'fondo lavorato alla foglia d’argento. '
                                        'Il secondo progetto, “La colpa è tua” '
                                        '(2025), affronta una dimensione più '
                                        'intima. A partire da una frase '
                                        'pronunciata dal padre dell’artista, '
                                        'il lavoro riflette sulla fragilità '
                                        'dei legami, sul senso di colpa e '
                                        'sulla possibilità di trasformazione. '
                                        'Un racconto visivo che nasce da '
                                        'un’esperienza personale ma tocca temi '
                                        'universali, in cui molte persone '
                                        'possono riconoscersi. Il nucleo '
                                        'esposto è composto da nove fotografie '
                                        'e un’oleotipia stampata a mano '
                                        'dall’autrice. La mostra è realizzata '
                                        'con il patrocinio dell’Assessorato '
                                        'alla Cultura del Comune di Forlì e si '
                                        'inserisce nel dialogo culturale del '
                                        'territorio, anche in relazione alla '
                                        'candidatura di Forlì a Capitale '
                                        'Italiana della Cultura 2026. Sede '
                                        'della mostra Origo Design Studio via '
                                        'Carlo Matteucci 55, Forlì Contatti '
                                        'Origo Design Studio 0543 548380 '
                                        'Fabrizio Ceppa 345 5232161',
                         'dove': {'address': 'Via Carlo Matteucci, 55',
                                  'name': 'Origo Design Studio',
                                  'raw_text': 'Dove Origo Design Studio Via '
                                              'Carlo Matteucci, 55'},
                         'image': '//citynews-forlitoday.stgy.ovh/~media/horizontal-low/51924279325840/origo-design-studio-inaugurazione-mostra-fotografia-materia-memoria.jpg',
                         'prezzo': 'Gratis',
                         'quando': {'date_end': '2026-03-28',
                                    'date_start': '2026-01-23',
                                    'raw_text': 'Quando Dal 23/01/2026 al '
                                                '28/03/2026 lunedì, il '
                                                'mercoledì e il venerdì dalle '
                                                '16 alle 18',
                                    'schedule': 'lunedì, il mercoledì e il '
                                                'venerdì dalle 16 alle 18'}},
              'list': {'category': 'Mostre',
                       'date': 'dal 23 gennaio al 28 marzo 2026',
                       'image': '//citynews-forlitoday.stgy.ovh/~media/horizontal-mid/51924279325840/origo-design-studio-inaugurazione-mostra-fotografia-materia-memoria.jpg',
                       'location': 'Origo Design Studio',
                       'stars': 3,
                       'title': '"Fotografia, Materia e Memoria": gli scatti '
                                'di Catalina Isabel Nucera in mostra'}},
 'scraped_at': '2026-02-02T19:45:53.546287',
 'source': 'city_today',
 'title': '"Fotografia, Materia e Memoria": gli scatti di Catalina Isabel '
          'Nucera in mostra',
 'url': 'https://www.forlitoday.it/eventi/origo-design-studio-inaugurazione-mostra-fotografia-materia-memoria-13406817.html',
 'uuid': '96e898aafd16c9d6',
 'website': None}
[2026-02-02T19:45:54.619+0000] {docker.py:429} INFO - 2026-02-02 19:45:54 [scrapy.core.engine] DEBUG: Crawled (200) <GET https://www.forlitoday.it/eventi/bertinoro-ia-quo-vadis-programma-ospiti-2-6-febbraio-2026.html> (referer: https://www.forlitoday.it/eventi/dal/2026-02-02/al/2026-02-08/)
[2026-02-02T19:45:54.729+0000] {docker.py:429} INFO - 2026-02-02 19:45:54 [scrapy.core.scraper] DEBUG: Scraped from <200 https://www.forlitoday.it/eventi/bertinoro-ia-quo-vadis-programma-ospiti-2-6-febbraio-2026.html>
{'category': ['Incontri'],
 'city': 'Forlì',
 'city_id': None,
 'content_hash': '99cb1b818d9c8857',
 'date_display': 'dal 2 al 6 febbraio 2026',
 'date_end': '2026-02-06',
 'date_start': '2026-02-02',
 'description': 'Dal 2 al 6 febbraio, Bertinoro ospita un grande evento '
                'dedicato all\'intelligenza artificiale "IA, Quo Vadis?", una '
                "full immersion focalizzata sull'avvento e le applicazioni "
                "dell'IA. L’iniziativa è promossa nell’ambito del nuovo "
                'circuito nazionale EFC, Educating Future Citizens, la rete '
                'che unisce otto Scuole Universitarie Superiori italiane per '
                'la formazione sui contenuti di riferimento del terzo '
                'millennio ed è concepita come evento formativo di alto '
                'livello per esplorare gli impatti dell’intelligenza '
                'artificiale sulla nostra società e sulla ricerca. A '
                'introdurre la manifestazione, lunedì 2 febbraio, alle 9.45 '
                'nel Centro Universitario di Bertinoro, sarà la lectio '
                'magistralis dell’accademica inglese Kate Devlin, docente di '
                'AI and Society nel dipartimento di Digital Humanities del '
                'King’s College London e attuale chair-director del Digital '
                'Futures Institute, grande esperta dell’interazione con le '
                'nuove tecnologie, impegnata nel programma Responsible AI UK, '
                'che riunisce ricercatori da tutto il Regno Unito. La lectio, '
                'sul tema “AI: Una nuova categoria sociale” sarà volta a '
                'comprendere come modellare lo sviluppo dell’intelligenza '
                'artificiale a beneficio delle persone, delle comunità e della '
                'società. L’intelligenza artificiale generativa ha avuto e '
                'avrà rilevanti evoluzioni nelle nostre vite personali, '
                'l’intervento esplorerà il modo in cui reagiamo e interagiamo '
                "con l'intelligenza artificiale nella nostra vita quotidiana e "
                'perché dobbiamo pensare responsabilmente alla sua '
                'progettazione, sviluppo e implementazione. L’evento “IA, Quo '
                'vadis?” alternerà lezioni e attività partecipative sugli '
                'impatti dell’intelligenza artificiale, i cambiamenti in atto '
                'nella regolamentazione, le implicazioni etiche e di privacy. '
                'La settimana si concluderà con il Retreat Meet the EFC '
                'Network, due giorni di incontri e seminari tenuti da '
                'rappresentanti di ciascuna delle Scuole Universitarie '
                'Superiori afferenti alla rete EFC. Rivolta a studenti e '
                'studentesse, dottorandi, ricercatori, docenti e personale '
                'tecnico amministrativo in ambito accademico, la cinque giorni '
                'sarà integrata da lezioni ed esperienze laboratoriali. Lunedì '
                '2 febbraio si proseguirà con l’intervento di Simona Tiribelli '
                'dell’Università di Macerata su “Libertà, autonomia e privacy '
                'nell’era delle IA”. L’obiettivo è approfondire se, e come, i '
                'sistemi di IA intaccano e rimodellano, erodendo o '
                'potenziando, i processi decisionali umani, personali e '
                'collettivi, quindi le condizioni cognitive, epistemiche e '
                'socio-relazionali alla base dello sviluppo di scelte, '
                'decisioni e azioni sociali, politiche e morali. Un’analisi, '
                'quindi, della concezione etica della privacy: non solo come '
                'tutela dei dati, ma anche come tutela della libertà di scelta '
                "e azione, nell’era delle IA. Martedì 3 febbraio l'esperta "
                'Silvia De Conca, della Vrije Universiteit di Amsterdam, '
                'interverrà su “Regolamentare intelligenza artificiale e '
                'interfaccia uomo-macchina, tra persuasione e manipolazione”. '
                'Un focus dedicato al puzzle legislativo che emerge '
                'nell’interazione delle principali normative europee in '
                'materia di dati, piattaforme e IA, in tema anche dei '
                'cosiddetti dark patterns, associati alla profilazione in base '
                'ai dati personali. A seguire il panel “L’intelligenza '
                'artificiale nella nostra società” e l’intervento di '
                'Alessandro Fabris, dell’Università degli Studi di Trieste, '
                'dal titolo “Bias e Giustizia negli Algoritmi: Capire, '
                'Correggere, Misurare”. Una lezione sugli impatti sociali e le '
                'pratiche per uno sviluppo responsabile dell’IA. Mercoledì 4 '
                'febbraio con l’esperto Alessandro Gallo di Springer Health+ '
                'Italia si parlerà di “AI & Scholarly Publishing: '
                'trasformazioni e prospettive nel mondo della ricerca”, '
                'analizzando gli strumenti che possono migliorare alcuni '
                'aspetti chiave della comunicazione, ma anche i potenziali '
                'rischi legati al loro utilizzo.',
 'event_id': 'bertinoro-ia-quo-vadis-programma-ospiti-2-6-febbraio-2026',
 'image_url': '//citynews-forlitoday.stgy.ovh/~media/horizontal-low/12675333610068/kate-devlin-king-s-college.jpg',
 'location_address': None,
 'location_name': 'Centro Universitario di Bertinoro',
 'price': 'Prezzo non disponibile',
 'raw_data': {'detail': {'altre_informazioni': {'raw_text': 'Altre '
                                                            'informazioni',
                                                'website': None},
                         'descrizione': 'Dal 2 al 6 febbraio, Bertinoro ospita '
                                        'un grande evento dedicato '
                                        'all\'intelligenza artificiale "IA, '
                                        'Quo Vadis?", una full immersion '
                                        "focalizzata sull'avvento e le "
                                        "applicazioni dell'IA. L’iniziativa è "
                                        'promossa nell’ambito del nuovo '
                                        'circuito nazionale EFC, Educating '
                                        'Future Citizens, la rete che unisce '
                                        'otto Scuole Universitarie Superiori '
                                        'italiane per la formazione sui '
                                        'contenuti di riferimento del terzo '
                                        'millennio ed è concepita come evento '
                                        'formativo di alto livello per '
                                        'esplorare gli impatti '
                                        'dell’intelligenza artificiale sulla '
                                        'nostra società e sulla ricerca. A '
                                        'introdurre la manifestazione, lunedì '
                                        '2 febbraio, alle 9.45 nel Centro '
                                        'Universitario di Bertinoro, sarà la '
                                        'lectio magistralis dell’accademica '
                                        'inglese Kate Devlin, docente di AI '
                                        'and Society nel dipartimento di '
                                        'Digital Humanities del King’s College '
                                        'London e attuale chair-director del '
                                        'Digital Futures Institute, grande '
                                        'esperta dell’interazione con le nuove '
                                        'tecnologie, impegnata nel programma '
                                        'Responsible AI UK, che riunisce '
                                        'ricercatori da tutto il Regno Unito. '
                                        'La lectio, sul tema “AI: Una nuova '
                                        'categoria sociale” sarà volta a '
                                        'comprendere come modellare lo '
                                        'sviluppo dell’intelligenza '
                                        'artificiale a beneficio delle '
                                        'persone, delle comunità e della '
                                        'società. L’intelligenza artificiale '
                                        'generativa ha avuto e avrà rilevanti '
                                        'evoluzioni nelle nostre vite '
                                        'personali, l’intervento esplorerà il '
                                        'modo in cui reagiamo e interagiamo '
                                        "con l'intelligenza artificiale nella "
                                        'nostra vita quotidiana e perché '
                                        'dobbiamo pensare responsabilmente '
                                        'alla sua progettazione, sviluppo e '
                                        'implementazione. L’evento “IA, Quo '
                                        'vadis?” alternerà lezioni e attività '
                                        'partecipative sugli impatti '
                                        'dell’intelligenza artificiale, i '
                                        'cambiamenti in atto nella '
                                        'regolamentazione, le implicazioni '
                                        'etiche e di privacy. La settimana si '
                                        'concluderà con il Retreat Meet the '
                                        'EFC Network, due giorni di incontri e '
                                        'seminari tenuti da rappresentanti di '
                                        'ciascuna delle Scuole Universitarie '
                                        'Superiori afferenti alla rete EFC. '
                                        'Rivolta a studenti e studentesse, '
                                        'dottorandi, ricercatori, docenti e '
                                        'personale tecnico amministrativo in '
                                        'ambito accademico, la cinque giorni '
                                        'sarà integrata da lezioni ed '
                                        'esperienze laboratoriali. Lunedì 2 '
                                        'febbraio si proseguirà con '
                                        'l’intervento di Simona Tiribelli '
                                        'dell’Università di Macerata su '
                                        '“Libertà, autonomia e privacy '
                                        'nell’era delle IA”. L’obiettivo è '
                                        'approfondire se, e come, i sistemi di '
                                        'IA intaccano e rimodellano, erodendo '
                                        'o potenziando, i processi decisionali '
                                        'umani, personali e collettivi, quindi '
                                        'le condizioni cognitive, epistemiche '
                                        'e socio-relazionali alla base dello '
                                        'sviluppo di scelte, decisioni e '
                                        'azioni sociali, politiche e morali. '
                                        'Un’analisi, quindi, della concezione '
                                        'etica della privacy: non solo come '
                                        'tutela dei dati, ma anche come tutela '
                                        'della libertà di scelta e azione, '
                                        'nell’era delle IA. Martedì 3 febbraio '
                                        "l'esperta Silvia De Conca, della "
                                        'Vrije Universiteit di Amsterdam, '
                                        'interverrà su “Regolamentare '
                                        'intelligenza artificiale e '
                                        'interfaccia uomo-macchina, tra '
                                        'persuasione e manipolazione”. Un '
                                        'focus dedicato al puzzle legislativo '
                                        'che emerge nell’interazione delle '
                                        'principali normative europee in '
                                        'materia di dati, piattaforme e IA, in '
                                        'tema anche dei cosiddetti dark '
                                        'patterns, associati alla profilazione '
                                        'in base ai dati personali. A seguire '
                                        'il panel “L’intelligenza artificiale '
                                        'nella nostra società” e l’intervento '
                                        'di Alessandro Fabris, dell’Università '
                                        'degli Studi di Trieste, dal titolo '
                                        '“Bias e Giustizia negli Algoritmi: '
                                        'Capire, Correggere, Misurare”. Una '
                                        'lezione sugli impatti sociali e le '
                                        'pratiche per uno sviluppo '
                                        'responsabile dell’IA. Mercoledì 4 '
                                        'febbraio con l’esperto Alessandro '
                                        'Gallo di Springer Health+ Italia si '
                                        'parlerà di “AI & Scholarly '
                                        'Publishing: trasformazioni e '
                                        'prospettive nel mondo della ricerca”, '
                                        'analizzando gli strumenti che possono '
                                        'migliorare alcuni aspetti chiave '
                                        'della comunicazione, ma anche i '
                                        'potenziali rischi legati al loro '
                                        'utilizzo.',
                         'dove': {'address': None,
                                  'name': 'Centro Universitario di Bertinoro',
                                  'raw_text': 'Dove Centro Universitario di '
                                              'Bertinoro Indirizzo non '
                                              'disponibile Bertinoro'},
                         'image': '//citynews-forlitoday.stgy.ovh/~media/horizontal-low/12675333610068/kate-devlin-king-s-college.jpg',
                         'prezzo': 'Prezzo non disponibile',
                         'quando': {'date_end': '2026-02-06',
                                    'date_start': '2026-02-02',
                                    'raw_text': 'Quando Dal 02/02/2026 al '
                                                '06/02/2026 vari orari - vedi '
                                                'programma',
                                    'schedule': 'vari orari - vedi programma'}},
              'list': {'category': 'Incontri',
                       'date': 'dal 2 al 6 febbraio 2026',
                       'image': '//citynews-forlitoday.stgy.ovh/~media/horizontal-mid/12675333610068/kate-devlin-king-s-college.jpg',
                       'location': 'Centro Universitario di Bertinoro',
                       'stars': None,
                       'title': 'Bertinoro, al via il convegno dedicato '
                                'all\'intelligenza artificiale: per "IA, Quo '
                                'Vadis" in arrivo esperti da tutta Europa'}},
 'scraped_at': '2026-02-02T19:45:54.727325',
 'source': 'city_today',
 'title': "Bertinoro, al via il convegno dedicato all'intelligenza "
          'artificiale: per "IA, Quo Vadis" in arrivo esperti da tutta Europa',
 'url': 'https://www.forlitoday.it/eventi/bertinoro-ia-quo-vadis-programma-ospiti-2-6-febbraio-2026.html',
 'uuid': '2ea8e8507eaad14f',
 'website': None}
[2026-02-02T19:45:56.047+0000] {docker.py:429} INFO - 2026-02-02 19:45:56 [scrapy.core.engine] DEBUG: Crawled (200) <GET https://www.forlitoday.it/eventi/predappio-stagione-teatro-dialettale-2026.html> (referer: https://www.forlitoday.it/eventi/dal/2026-02-02/al/2026-02-08/)
[2026-02-02T19:45:56.158+0000] {docker.py:429} INFO - 2026-02-02 19:45:56 [scrapy.core.scraper] DEBUG: Scraped from <200 https://www.forlitoday.it/eventi/predappio-stagione-teatro-dialettale-2026.html>
{'category': ['Teatri'],
 'city': 'Forlì',
 'city_id': None,
 'content_hash': '7089c81845269bc6',
 'date_display': 'dal 18 gennaio al 12 aprile 2026',
 'date_end': '2026-04-12',
 'date_start': '2026-01-18',
 'description': 'Predappio si prepara ad accogliere la stagione dialettale '
                '2026, un appuntamento ormai consolidato che celebra la '
                'cultura, la lingua e le tradizioni del territorio attraverso '
                'il teatro popolare romagnolo. Cinque spettacoli, cinque '
                'compagnie, un viaggio tra risate, riflessioni ironiche e '
                'memoria collettiva, ospitati al Teatro Comunale di Predappio '
                'tutte le domeniche pomeriggio con inizio alle ore 16.30. '
                'Domenica 18 gennaio 2026 "La Buseja" - T.P.R. – Doppio Gioco '
                'di Faenza Una versione moderna dell’antica favola di Esopo '
                'sulla verità relegata nel deserto e sulla bugia che domina la '
                'città e gli uomini. Una commedia che, attraverso il dialetto, '
                'esprime con forza sentimenti, ironia e tradizione, mettendo '
                'in scena il desiderio di vendetta e il calcolo interessato '
                'che muove le azioni umane. Domenica 8 febbraio 2026 '
                '"L\'Usterì di dù galètt" - Cumpagnì dla Parochia di Carpena '
                'In una tipica osteria di un piccolo paese succede di tutto: '
                'amici che organizzano, padri e figli che complottano, mogli '
                'brontolone e un dottore perennemente ubriaco. Tra la '
                'confusione generale, una sola cosa regna sovrana: il '
                'Sangiovese. Domenica 22 febbraio 2026 "Vacànzi furzèdi" - Cvì '
                'De Mi Paès Una divertente commedia ambientata a Riccione che '
                'racconta l’incontro-scontro tra due famiglie agli antipodi: '
                'una nobile ma senza soldi e una popolana, chiassosa e '
                'benestante. In un mondo dove l’apparire domina l’essere, non '
                'mancano litigi, equivoci e sorprendenti risvolti. Domenica 22 '
                'marzo 2026 "Vita da chè o vita da s-cè" - Cvi de Funtanò '
                'Primavera dei primi anni Sessanta a Faenza: nella sala da '
                'pranzo di Agostino Molari, una soprano, una cagnina e una '
                'galleria di personaggi stravaganti sconvolgono la già '
                'precaria vita della famiglia Mulera. Domenica 12 aprile 2026 '
                '“Ac fata giurnèda” - Cumpagni’ Dla Zercia Un intreccio di '
                'situazioni e colpi di scena che fanno ridere ma invitano '
                'anche a una riflessione ironica. Biglietti a 8 euro '
                '(abbonamento a 35 euro). Per informazioni 0543 1713530.',
 'event_id': 'predappio-stagione-teatro-dialettale-2026',
 'image_url': '//citynews-forlitoday.stgy.ovh/~media/horizontal-low/46739602447273/cvi-de-mi-paes-3.jpg',
 'location_address': 'Via G. Marconi, 13',
 'location_name': 'teatro Comunale di Predappio',
 'price': '8 euro',
 'raw_data': {'detail': {'altre_informazioni': {'raw_text': 'Altre '
                                                            'informazioni',
                                                'website': None},
                         'descrizione': 'Predappio si prepara ad accogliere la '
                                        'stagione dialettale 2026, un '
                                        'appuntamento ormai consolidato che '
                                        'celebra la cultura, la lingua e le '
                                        'tradizioni del territorio attraverso '
                                        'il teatro popolare romagnolo. Cinque '
                                        'spettacoli, cinque compagnie, un '
                                        'viaggio tra risate, riflessioni '
                                        'ironiche e memoria collettiva, '
                                        'ospitati al Teatro Comunale di '
                                        'Predappio tutte le domeniche '
                                        'pomeriggio con inizio alle ore 16.30. '
                                        'Domenica 18 gennaio 2026 "La Buseja" '
                                        '- T.P.R. – Doppio Gioco di Faenza Una '
                                        'versione moderna dell’antica favola '
                                        'di Esopo sulla verità relegata nel '
                                        'deserto e sulla bugia che domina la '
                                        'città e gli uomini. Una commedia che, '
                                        'attraverso il dialetto, esprime con '
                                        'forza sentimenti, ironia e '
                                        'tradizione, mettendo in scena il '
                                        'desiderio di vendetta e il calcolo '
                                        'interessato che muove le azioni '
                                        'umane. Domenica 8 febbraio 2026 '
                                        '"L\'Usterì di dù galètt" - Cumpagnì '
                                        'dla Parochia di Carpena In una tipica '
                                        'osteria di un piccolo paese succede '
                                        'di tutto: amici che organizzano, '
                                        'padri e figli che complottano, mogli '
                                        'brontolone e un dottore perennemente '
                                        'ubriaco. Tra la confusione generale, '
                                        'una sola cosa regna sovrana: il '
                                        'Sangiovese. Domenica 22 febbraio 2026 '
                                        '"Vacànzi furzèdi" - Cvì De Mi Paès '
                                        'Una divertente commedia ambientata a '
                                        'Riccione che racconta '
                                        'l’incontro-scontro tra due famiglie '
                                        'agli antipodi: una nobile ma senza '
                                        'soldi e una popolana, chiassosa e '
                                        'benestante. In un mondo dove '
                                        'l’apparire domina l’essere, non '
                                        'mancano litigi, equivoci e '
                                        'sorprendenti risvolti. Domenica 22 '
                                        'marzo 2026 "Vita da chè o vita da '
                                        's-cè" - Cvi de Funtanò Primavera dei '
                                        'primi anni Sessanta a Faenza: nella '
                                        'sala da pranzo di Agostino Molari, '
                                        'una soprano, una cagnina e una '
                                        'galleria di personaggi stravaganti '
                                        'sconvolgono la già precaria vita '
                                        'della famiglia Mulera. Domenica 12 '
                                        'aprile 2026 “Ac fata giurnèda” - '
                                        'Cumpagni’ Dla Zercia Un intreccio di '
                                        'situazioni e colpi di scena che fanno '
                                        'ridere ma invitano anche a una '
                                        'riflessione ironica. Biglietti a 8 '
                                        'euro (abbonamento a 35 euro). Per '
                                        'informazioni 0543 1713530.',
                         'dove': {'address': 'Via G. Marconi, 13',
                                  'name': 'teatro Comunale di Predappio',
                                  'raw_text': 'Dove teatro Comunale di '
                                              'Predappio Via G. Marconi, 13 '
                                              'Predappio'},
                         'image': '//citynews-forlitoday.stgy.ovh/~media/horizontal-low/46739602447273/cvi-de-mi-paes-3.jpg',
                         'prezzo': '8 euro',
                         'quando': {'date_end': '2026-04-12',
                                    'date_start': '2026-01-18',
                                    'raw_text': 'Quando Dal 18/01/2026 al '
                                                '12/04/2026 16.30',
                                    'schedule': '16.30'}},
              'list': {'category': 'Teatri',
                       'date': 'dal 18 gennaio al 12 aprile 2026',
                       'image': '//citynews-forlitoday.stgy.ovh/~media/horizontal-mid/46739602447273/cvi-de-mi-paes-3.jpg',
                       'location': 'teatro Comunale di Predappio',
                       'stars': None,
                       'title': 'Tradizione, comicità e identità romagnola: '
                                'sul palco del Comunale di Predappio una nuova '
                                'stagione dialettale'}},
 'scraped_at': '2026-02-02T19:45:56.155994',
 'source': 'city_today',
 'title': 'Tradizione, comicità e identità romagnola: sul palco del Comunale '
          'di Predappio una nuova stagione dialettale',
 'url': 'https://www.forlitoday.it/eventi/predappio-stagione-teatro-dialettale-2026.html',
 'uuid': '9c2dba7fd4a9cc0a',
 'website': None}
[2026-02-02T19:45:57.492+0000] {docker.py:429} INFO - 2026-02-02 19:45:57 [scrapy.core.engine] DEBUG: Crawled (200) <GET https://www.forlitoday.it/eventi/presepe-basilica-san-rufillo-forlimpopoli-orari-visite-feste-natale-2025.html> (referer: https://www.forlitoday.it/eventi/dal/2026-02-02/al/2026-02-08/)
[2026-02-02T19:45:57.600+0000] {docker.py:429} INFO - 2026-02-02 19:45:57 [scrapy.core.scraper] DEBUG: Scraped from <200 https://www.forlitoday.it/eventi/presepe-basilica-san-rufillo-forlimpopoli-orari-visite-feste-natale-2025.html>
{'category': ['Religione'],
 'city': 'Forlì',
 'city_id': None,
 'content_hash': '958a1c7d0a5ade5f',
 'date_display': 'dal 25 dicembre 2025 al 8 febbraio 2026',
 'date_end': '2026-02-08',
 'date_start': '2025-12-25',
 'description': 'Alla basilica di San Rufillo a Forlimpopoli, per tutte le '
                'feste sarà visitabile il presepe animato dal titolo "Vi '
                'lascio la pace, vi do la mia pace". Il presepe sarà '
                'accompagnato dalla voce di un narratore che racconterà le '
                'scene della di Gesù. Il presepe rimarrà aperto dal 25 '
                'dicembre al 8 febbraio 2026, dalle 9 alle 18 nei giorni '
                'feriali, dalle 9 alle 19 il sabato e dalle 8.30 alle 19 nei '
                'giorni festivi. Tutte le offerte realizzate con il presepe '
                'saranno devolute alla missione di Abidjan in Costa D’avorio '
                'dove Padre Marco Canarecci della comunità missionaria di '
                'Villaregia presta servizio da diversi anni. Per informazioni '
                'sulla missione visitare il sito '
                'https://www.cmv.it/it/cmv/yopougon. Per informazioni sul '
                'presepe 3384138666.',
 'event_id': 'presepe-basilica-san-rufillo-forlimpopoli-orari-visite-feste-natale-2025',
 'image_url': '//citynews-forlitoday.stgy.ovh/~media/horizontal-low/18364201554070/presepe-nativita.jpg',
 'location_address': 'Via Pellegrino Artusi, 17',
 'location_name': 'Basilica di San Rufillo',
 'price': 'Prezzo non disponibile',
 'raw_data': {'detail': {'altre_informazioni': {'raw_text': 'Altre '
                                                            'informazioni Tema '
                                                            'Natale',
                                                'website': None},
                         'descrizione': 'Alla basilica di San Rufillo a '
                                        'Forlimpopoli, per tutte le feste sarà '
                                        'visitabile il presepe animato dal '
                                        'titolo "Vi lascio la pace, vi do la '
                                        'mia pace". Il presepe sarà '
                                        'accompagnato dalla voce di un '
                                        'narratore che racconterà le scene '
                                        'della di Gesù. Il presepe rimarrà '
                                        'aperto dal 25 dicembre al 8 febbraio '
                                        '2026, dalle 9 alle 18 nei giorni '
                                        'feriali, dalle 9 alle 19 il sabato e '
                                        'dalle 8.30 alle 19 nei giorni '
                                        'festivi. Tutte le offerte realizzate '
                                        'con il presepe saranno devolute alla '
                                        'missione di Abidjan in Costa D’avorio '
                                        'dove Padre Marco Canarecci della '
                                        'comunità missionaria di Villaregia '
                                        'presta servizio da diversi anni. Per '
                                        'informazioni sulla missione visitare '
                                        'il sito '
                                        'https://www.cmv.it/it/cmv/yopougon. '
                                        'Per informazioni sul presepe '
                                        '3384138666.',
                         'dove': {'address': 'Via Pellegrino Artusi, 17',
                                  'name': 'Basilica di San Rufillo',
                                  'raw_text': 'Dove Basilica di San Rufillo '
                                              'Via Pellegrino Artusi, 17 '
                                              'Forlimpopoli'},
                         'image': '//citynews-forlitoday.stgy.ovh/~media/horizontal-low/18364201554070/presepe-nativita.jpg',
                         'prezzo': 'Prezzo non disponibile',
                         'quando': {'date_end': '2026-02-08',
                                    'date_start': '2025-12-25',
                                    'raw_text': 'Quando Dal 25/12/2025 al '
                                                '08/02/2026 vari orari - vedi '
                                                'programma',
                                    'schedule': 'vari orari - vedi programma'}},
              'list': {'category': 'Religione',
                       'date': 'dal 25 dicembre 2025 al 8 febbraio 2026',
                       'image': '//citynews-forlitoday.stgy.ovh/~media/horizontal-mid/18364201554070/presepe-nativita.jpg',
                       'location': 'Basilica di San Rufillo',
                       'stars': None,
                       'title': 'Forlimpopoli, per tutte le festività visite '
                                'al presepe animato della basilica di San '
                                'Rufillo'}},
 'scraped_at': '2026-02-02T19:45:57.598866',
 'source': 'city_today',
 'title': 'Forlimpopoli, per tutte le festività visite al presepe animato '
          'della basilica di San Rufillo',
 'url': 'https://www.forlitoday.it/eventi/presepe-basilica-san-rufillo-forlimpopoli-orari-visite-feste-natale-2025.html',
 'uuid': 'd700a5bfb501f6db',
 'website': None}
[2026-02-02T19:45:58.547+0000] {docker.py:429} INFO - 2026-02-02 19:45:58 [scrapy.core.engine] DEBUG: Crawled (200) <GET https://www.forlitoday.it/eventi/mostra-contrasti-urbani-centro-storico-ex-filanda-maiani-20-dicembre-2025.html> (referer: https://www.forlitoday.it/eventi/dal/2026-02-02/al/2026-02-08/)
[2026-02-02T19:45:58.662+0000] {docker.py:429} INFO - 2026-02-02 19:45:58 [scrapy.core.scraper] DEBUG: Scraped from <200 https://www.forlitoday.it/eventi/mostra-contrasti-urbani-centro-storico-ex-filanda-maiani-20-dicembre-2025.html>
{'category': ['Mostre'],
 'city': 'Forlì',
 'city_id': None,
 'content_hash': '6a07d4ab89c7695d',
 'date_display': 'dal 20 dicembre 2025 al 30 marzo 2026',
 'date_end': '2026-03-30',
 'date_start': '2025-12-20',
 'description': 'Da sabato 20 dicembre sarà possibile visitare la mostra '
                'fotografica "Contrasti urbani, Forlì dentro. Luci, ombre e '
                'storie per la riscoperta dell\'identità", un progetto ideato '
                'dal Comitato di Quartiere Centro storico e successivamente '
                'sviluppato insieme al Foto Cine Club Forlì. Il progetto nasce '
                'dalla volontà di riscoprire la storia di Forlì, le '
                'architetture, i cortili, i giardini, le vie e le persone che '
                'hanno vissuto in questi luoghi per ritrovare un senso di '
                'identità collettiva e dare un contributo alla rigenerazione '
                'di alcuni degli spazi rappresentati. A collaborare '
                "all'iniziativa sono stati alcuni dei soci del Foto Cine Club "
                'Forlì: Elena Arcangeloni, Roberto Baldani, Roberto Benfenati, '
                'Patrizia Berti, Giancarlo Billi, Patrizia Casadei, Dervis '
                'Castellucci, Tiziana Catani, Milena Celli, Moreno Diana, '
                'Serena Ferlini, Maria Ghetti, Paola Giuliani, Loredana Lega, '
                'Franco Luciano, Ivano Magnani, Alessandro Maldini, Ilice '
                'Monti, Rosalda Naldi, Elia Paone, Verusca Piazza, Claudio '
                'Righi, Barbara Taglioni, Valerio Tisselli, Fabrizio Tumidei. '
                'Le opere di questo racconto visivo saranno esposte con '
                "gigantografie lungo le pareti esterne dell'ex Filanda Maiani, "
                'in via Orto del Fuoco, fino al 30 marzo 2026. "Intendiamo '
                "richiamare l'attenzione su tutto il centro storico - dichiara "
                'Roberto Angelini, coordinatore del Comitato di Quartiere '
                "Centro Storico -, e in particolare sull'area dov'è presente "
                'l’antico ex monastero di Santa Maria della Ripa che vorremmo '
                'diventasse una parte vitale della città. Questa esposizione '
                'vuole essere un primo momento al quale seguiranno la '
                'presentazione del libro-catalogo della mostra e diverse '
                'camminate per raccontare la storia dei luoghi". "Una città '
                'possiede sempre due volti - precisa Roberto Baldani, '
                'presidente del Foto Cine Club Forlì -. Il primo è quello '
                'pubblico, frenetico, quello delle strade che percorriamo ogni '
                'giorno, dove lo sguardo scivola rapido sulle facciate e sui '
                'percorsi obbligati. Il secondo volto, invece, è quello '
                'privato, intimo, nascosto oltre i portoni e le mura di cinta. '
                'È una città che non urla, ma sussurra. Questo progetto è '
                'stato concepito proprio per esplorare questo secondo volto. '
                'Non si è trattato semplicemente di documentare un tessuto '
                'urbano, ma di compiere un vero e proprio atto di riscoperta. '
                'Seguendo una mappatura preziosa, curata da Gabriele Zelli e '
                'dall’architetto Roberto Angelini, i nostri fotografi hanno '
                'oltrepassato la soglia del visibile. Hanno puntato '
                'l’obiettivo su quella che il regolamento del progetto '
                'definiva suggestivamente una geografia silenziosa".',
 'event_id': 'mostra-contrasti-urbani-centro-storico-ex-filanda-maiani-20-dicembre-2025',
 'image_url': '//citynews-forlitoday.stgy.ovh/~media/horizontal-low/35676066721657/mostra-contrasti-urbani.jpg',
 'location_address': None,
 'location_name': 'Ex Filanda Maiani',
 'price': 'Prezzo non disponibile',
 'raw_data': {'detail': {'altre_informazioni': {'raw_text': 'Altre '
                                                            'informazioni',
                                                'website': None},
[2026-02-02T19:45:58.664+0000] {docker.py:429} INFO - 'descrizione': 'Da sabato 20 dicembre sarà possibile '
                                        'visitare la mostra fotografica '
                                        '"Contrasti urbani, Forlì dentro. '
                                        'Luci, ombre e storie per la '
                                        'riscoperta dell\'identità", un '
                                        'progetto ideato dal Comitato di '
                                        'Quartiere Centro storico e '
                                        'successivamente sviluppato insieme al '
                                        'Foto Cine Club Forlì. Il progetto '
                                        'nasce dalla volontà di riscoprire la '
                                        'storia di Forlì, le architetture, i '
                                        'cortili, i giardini, le vie e le '
                                        'persone che hanno vissuto in questi '
                                        'luoghi per ritrovare un senso di '
                                        'identità collettiva e dare un '
                                        'contributo alla rigenerazione di '
                                        'alcuni degli spazi rappresentati. A '
                                        "collaborare all'iniziativa sono stati "
                                        'alcuni dei soci del Foto Cine Club '
                                        'Forlì: Elena Arcangeloni, Roberto '
                                        'Baldani, Roberto Benfenati, Patrizia '
                                        'Berti, Giancarlo Billi, Patrizia '
                                        'Casadei, Dervis Castellucci, Tiziana '
                                        'Catani, Milena Celli, Moreno Diana, '
                                        'Serena Ferlini, Maria Ghetti, Paola '
                                        'Giuliani, Loredana Lega, Franco '
                                        'Luciano, Ivano Magnani, Alessandro '
                                        'Maldini, Ilice Monti, Rosalda Naldi, '
                                        'Elia Paone, Verusca Piazza, Claudio '
                                        'Righi, Barbara Taglioni, Valerio '
                                        'Tisselli, Fabrizio Tumidei. Le opere '
                                        'di questo racconto visivo saranno '
                                        'esposte con gigantografie lungo le '
                                        "pareti esterne dell'ex Filanda "
                                        'Maiani, in via Orto del Fuoco, fino '
                                        'al 30 marzo 2026. "Intendiamo '
                                        "richiamare l'attenzione su tutto il "
                                        'centro storico - dichiara Roberto '
                                        'Angelini, coordinatore del Comitato '
                                        'di Quartiere Centro Storico -, e in '
                                        "particolare sull'area dov'è presente "
                                        'l’antico ex monastero di Santa Maria '
                                        'della Ripa che vorremmo diventasse '
                                        'una parte vitale della città. Questa '
                                        'esposizione vuole essere un primo '
                                        'momento al quale seguiranno la '
                                        'presentazione del libro-catalogo '
                                        'della mostra e diverse camminate per '
                                        'raccontare la storia dei luoghi". '
                                        '"Una città possiede sempre due volti '
                                        '- precisa Roberto Baldani, presidente '
                                        'del Foto Cine Club Forlì -. Il primo '
                                        'è quello pubblico, frenetico, quello '
                                        'delle strade che percorriamo ogni '
                                        'giorno, dove lo sguardo scivola '
                                        'rapido sulle facciate e sui percorsi '
                                        'obbligati. Il secondo volto, invece, '
                                        'è quello privato, intimo, nascosto '
                                        'oltre i portoni e le mura di cinta. È '
                                        'una città che non urla, ma sussurra. '
                                        'Questo progetto è stato concepito '
                                        'proprio per esplorare questo secondo '
                                        'volto. Non si è trattato '
                                        'semplicemente di documentare un '
                                        'tessuto urbano, ma di compiere un '
                                        'vero e proprio atto di riscoperta. '
                                        'Seguendo una mappatura preziosa, '
                                        'curata da Gabriele Zelli e '
                                        'dall’architetto Roberto Angelini, i '
                                        'nostri fotografi hanno oltrepassato '
                                        'la soglia del visibile. Hanno puntato '
                                        'l’obiettivo su quella che il '
                                        'regolamento del progetto definiva '
                                        'suggestivamente una geografia '
                                        'silenziosa".',
                         'dove': {'address': None,
                                  'name': 'Ex Filanda Maiani',
                                  'raw_text': 'Dove Ex Filanda Maiani '
                                              'Indirizzo non disponibile'},
                         'image': '//citynews-forlitoday.stgy.ovh/~media/horizontal-low/35676066721657/mostra-contrasti-urbani.jpg',
                         'prezzo': 'Prezzo non disponibile',
                         'quando': {'date_end': '2026-03-30',
                                    'date_start': '2025-12-20',
                                    'raw_text': 'Quando Dal 20/12/2025 al '
                                                '30/03/2026 Orario non '
                                                'disponibile',
                                    'schedule': 'Orario non disponibile'}},
              'list': {'category': 'Mostre',
                       'date': 'dal 20 dicembre 2025 al 30 marzo 2026',
                       'image': '//citynews-forlitoday.stgy.ovh/~media/horizontal-mid/35676066721657/mostra-contrasti-urbani.jpg',
                       'location': 'Ex Filanda Maiani',
                       'stars': None,
                       'title': '"Contrasti urbani, Forlì dentro": all\'ex '
                                'Filanda Maiani la mostra fotografica che '
                                'celebra gli scorci cittadini'}},
 'scraped_at': '2026-02-02T19:45:58.658667',
 'source': 'city_today',
 'title': '"Contrasti urbani, Forlì dentro": all\'ex Filanda Maiani la mostra '
          'fotografica che celebra gli scorci cittadini',
 'url': 'https://www.forlitoday.it/eventi/mostra-contrasti-urbani-centro-storico-ex-filanda-maiani-20-dicembre-2025.html',
 'uuid': 'fc082608cc2d63b3',
 'website': None}
[2026-02-02T19:45:59.485+0000] {docker.py:429} INFO - 2026-02-02 19:45:59 [scrapy.core.engine] DEBUG: Crawled (200) <GET https://www.forlitoday.it/eventi/teatro-verdi-forlimpopoli-spettacoli-gennaio-2026.html> (referer: https://www.forlitoday.it/eventi/dal/2026-02-02/al/2026-02-08/)
[2026-02-02T19:45:59.592+0000] {docker.py:429} INFO - 2026-02-02 19:45:59 [scrapy.core.scraper] DEBUG: Scraped from <200 https://www.forlitoday.it/eventi/teatro-verdi-forlimpopoli-spettacoli-gennaio-2026.html>
{'category': ['Teatri'],
 'city': 'Forlì',
 'city_id': None,
 'content_hash': '058afb3eda78a5d3',
 'date_display': 'dal 3 gennaio al 21 febbraio 2026',
 'date_end': '2026-02-21',
 'date_start': '2026-01-03',
 'description': 'Il Teatro Verdi di Forlimpopoli presenta la nuova edizione '
                'della rassegna “Teatro per le Famiglie”, tre appuntamenti '
                'dedicati al pubblico dei più piccoli e alle loro famiglie. In '
                "programma spettacoli che uniscono teatro d'attore, burattini, "
                'musica e narrazione, con compagnie provenienti da diverse '
                'realtà del panorama nazionale. Katastrofa Rock and Friends '
                'Sabato 3 gennaio (ore 16.30) al Verdi arriva Katastrofa '
                'Klowen con un viaggio attraverso la storia del rock, dagli '
                'anni Cinquanta a oggi, raccontato con l’energia travolgente '
                'di Katastrofa Clown. Lo spettacolo propone un intreccio di '
                'clownerie, musica dal vivo, improvvisazione, pupazzi e '
                'marionette, coinvolgendo il pubblico in un percorso dinamico '
                'e giocoso. Tra i personaggi che animano la scena compaiono '
                'figure come Freddy the Guitar, Elvis the Wolf e Chicken '
                'Mercury. Il giardino del gigante Sabato 31 gennaio (ore '
                '16.30) il gruppo Panta Rei presenta il racconto liberamente '
                'ispirato al racconto di Oscar Wilde. Lo spettacolo affronta i '
                'temi della solitudine, dell’amicizia e della capacità di '
                'aprirsi all’altro. Un gigante burbero, tornato da un lungo '
                'viaggio, scopre una bambina che gioca nel suo giardino e '
                'reagisce chiudendosi ulteriormente in sé stesso. La messa in '
                'scena utilizza un linguaggio immediato e ricco di spunti '
                'comici, portando in primo piano la relazione tra i due '
                'protagonisti e il valore dei piccoli gesti capaci di '
                'trasformare il mondo circostante. La fame di Arlecchino Kirby '
                'Teatro – La Bottega Teatrale, sabato 21 febbraio (16.30), '
                'presenta "La fame di Arlecchino". Nello spettacolo '
                'interattivo scritto e diretto da Giuseppe Cardascio, '
                'Arlecchino, affamato e privo di risorse, tenta con ogni '
                'espediente di procurarsi del cibo, coinvolgendo personaggi '
                'della tradizione come Pantalone e il Dottore. Le sue '
                'strategie, sempre comiche e destinate all’insuccesso, offrono '
                'una serie di situazioni di vivace teatralità. Biglietti a 6 '
                'euro, ingresso omaggio per bambini sotto i 3 anni. Per '
                'informazioni 0543 1713530.',
 'event_id': 'teatro-verdi-forlimpopoli-spettacoli-gennaio-2026',
 'image_url': '//citynews-forlitoday.stgy.ovh/~media/horizontal-low/44044972993491/arlecchino.jpg',
 'location_address': None,
 'location_name': 'Cinema Teatro Verdi Forlimpopoli',
 'price': '6 euro',
 'raw_data': {'detail': {'altre_informazioni': {'raw_text': 'Altre '
                                                            'informazioni',
                                                'website': None},
                         'descrizione': 'Il Teatro Verdi di Forlimpopoli '
                                        'presenta la nuova edizione della '
                                        'rassegna “Teatro per le Famiglie”, '
                                        'tre appuntamenti dedicati al pubblico '
                                        'dei più piccoli e alle loro famiglie. '
                                        'In programma spettacoli che uniscono '
                                        "teatro d'attore, burattini, musica e "
                                        'narrazione, con compagnie provenienti '
                                        'da diverse realtà del panorama '
                                        'nazionale. Katastrofa Rock and '
                                        'Friends Sabato 3 gennaio (ore 16.30) '
                                        'al Verdi arriva Katastrofa Klowen con '
                                        'un viaggio attraverso la storia del '
                                        'rock, dagli anni Cinquanta a oggi, '
                                        'raccontato con l’energia travolgente '
                                        'di Katastrofa Clown. Lo spettacolo '
                                        'propone un intreccio di clownerie, '
                                        'musica dal vivo, improvvisazione, '
                                        'pupazzi e marionette, coinvolgendo il '
                                        'pubblico in un percorso dinamico e '
                                        'giocoso. Tra i personaggi che animano '
                                        'la scena compaiono figure come Freddy '
                                        'the Guitar, Elvis the Wolf e Chicken '
                                        'Mercury. Il giardino del gigante '
                                        'Sabato 31 gennaio (ore 16.30) il '
                                        'gruppo Panta Rei presenta il racconto '
                                        'liberamente ispirato al racconto di '
                                        'Oscar Wilde. Lo spettacolo affronta i '
                                        'temi della solitudine, dell’amicizia '
                                        'e della capacità di aprirsi '
                                        'all’altro. Un gigante burbero, '
                                        'tornato da un lungo viaggio, scopre '
                                        'una bambina che gioca nel suo '
                                        'giardino e reagisce chiudendosi '
                                        'ulteriormente in sé stesso. La messa '
                                        'in scena utilizza un linguaggio '
                                        'immediato e ricco di spunti comici, '
                                        'portando in primo piano la relazione '
                                        'tra i due protagonisti e il valore '
                                        'dei piccoli gesti capaci di '
                                        'trasformare il mondo circostante. La '
                                        'fame di Arlecchino Kirby Teatro – La '
                                        'Bottega Teatrale, sabato 21 febbraio '
                                        '(16.30), presenta "La fame di '
                                        'Arlecchino". Nello spettacolo '
                                        'interattivo scritto e diretto da '
                                        'Giuseppe Cardascio, Arlecchino, '
                                        'affamato e privo di risorse, tenta '
                                        'con ogni espediente di procurarsi del '
                                        'cibo, coinvolgendo personaggi della '
                                        'tradizione come Pantalone e il '
                                        'Dottore. Le sue strategie, sempre '
                                        'comiche e destinate all’insuccesso, '
                                        'offrono una serie di situazioni di '
                                        'vivace teatralità. Biglietti a 6 '
                                        'euro, ingresso omaggio per bambini '
                                        'sotto i 3 anni. Per informazioni 0543 '
                                        '1713530.',
                         'dove': {'address': None,
                                  'name': 'Cinema Teatro Verdi Forlimpopoli',
                                  'raw_text': 'Dove Cinema Teatro Verdi '
                                              'Forlimpopoli Indirizzo non '
                                              'disponibile Forlimpopoli'},
                         'image': '//citynews-forlitoday.stgy.ovh/~media/horizontal-low/44044972993491/arlecchino.jpg',
                         'prezzo': '6 euro',
                         'quando': {'date_end': '2026-02-21',
                                    'date_start': '2026-01-03',
                                    'raw_text': 'Quando Dal 03/01/2026 al '
                                                '21/02/2026 16.30',
                                    'schedule': '16.30'}},
              'list': {'category': 'Teatri',
                       'date': 'dal 3 gennaio al 21 febbraio 2026',
                       'image': '//citynews-forlitoday.stgy.ovh/~media/horizontal-mid/44044972993491/arlecchino.jpg',
                       'location': 'Cinema Teatro Verdi Forlimpopoli',
                       'stars': None,
                       'title': 'Forlimpopoli, burattini e musica aprono la '
                                'nuova stagione di spettacoli per famiglie del '
                                'Teatro Verdi'}},
 'scraped_at': '2026-02-02T19:45:59.590372',
 'source': 'city_today',
 'title': 'Forlimpopoli, burattini e musica aprono la nuova stagione di '
          'spettacoli per famiglie del Teatro Verdi',
 'url': 'https://www.forlitoday.it/eventi/teatro-verdi-forlimpopoli-spettacoli-gennaio-2026.html',
 'uuid': '894e990ce167bd5b',
 'website': None}
[2026-02-02T19:46:00.144+0000] {docker.py:429} INFO - 2026-02-02 19:46:00 [scrapy.core.engine] DEBUG: Crawled (200) <GET https://www.forlitoday.it/eventi/tana-libera-tutti-la-mostra-collettiva-dedicata-al-mondo-del-gioco.html> (referer: https://www.forlitoday.it/eventi/dal/2026-02-02/al/2026-02-08/)
[2026-02-02T19:46:00.253+0000] {docker.py:429} INFO - 2026-02-02 19:46:00 [scrapy.core.scraper] DEBUG: Scraped from <200 https://www.forlitoday.it/eventi/tana-libera-tutti-la-mostra-collettiva-dedicata-al-mondo-del-gioco.html>
{'category': ['Mostre'],
 'city': 'Forlì',
 'city_id': None,
 'content_hash': '477ef83925af4ddf',
 'date_display': 'dal 15 ottobre 2025 al 22 febbraio 2026',
 'date_end': '2026-02-22',
 'date_start': '2025-10-15',
 'description': 'Il 15 ottobre, alle 17,30, sarà inaugurata “Tana libera '
                'tutti!”, la mostra d’arte collettiva sul tema del gioco con '
                'opere di Emma Adbåge, Sylvie Bello, Sabrina Felli, Roberto '
                'Papetti, Simone Tribuiani e Bruno Zocca. La mostra, a cura di '
                'Elena Dolcini, declina il gioco nelle sue molteplici '
                'accezioni, tutte riconducibili al suo essere elemento '
                'fondativo di individualità e di relazioni sociali, '
                'divertimento imprescindibile non solo durante l’infanzia ma '
                'anche in età adulta, strumento di comprensione e conoscenza '
                'del mondo. Le illustrazioni di Emma Adbåge, tratte dai suoi '
                'libri a figure “La Buca” e “La ferita” (Camelozampa, 2020 e '
                '2024, traduzione di Samanta K. Milton Knowles) evidenziano '
                'quel tipo di gioco che sovverte le regole formalizzate dagli '
                'adulti, un divertimento libero, a tratti sfrenato, che ha una '
                'propria sapienza. Nelle stampe di Sylvie Bello, da “La '
                "bambina e l'Orsa” (testo di Cristiana Pezzetta, per le "
                "Ed.Topipittori, collana L'età d'oro, 2024) e da “Essere "
                'Umani” (testo di Andrea Nante, per le Ed.Topipittori, collana '
                'Piccola Pinacoteca Portatile, 2017), il gioco è un evento '
                'quasi ancestrale, mitico; accade nella foresta, nella '
                'relazione con un altro che è diverso e misterioso. Nelle '
                'opere di Bello il corpo in movimento è alla base del gioco, '
                'la sua condizione di possibilità. La compositrice Sabrina '
                'Felli ha realizzato per la mostra un lavoro sonoro, dal '
                'titolo “Bastaunapalla”, per cui sono state fondamentali le '
                'interviste da lei condotte a bambini e ragazzi; insieme hanno '
                'discusso del loro rapporto con il gioco e, nello specifico, '
                'con la palla, delineando l’orizzonte estetico, relazionale, '
                'nonché terapeutico di un dispositivo tanto minimale quanto '
                'meraviglioso. Il maestro giocattolaio Roberto Papetti, il cui '
                'artigianato artistico si avvale di nozioni scientifiche e '
                'matematiche, espone alcuni suoi giocattoli. L’opera di Simone '
                'Tribuiani è metafora del gioco tout court, da quello '
                'strutturato tipico dello sport ai giocattoli dell’infanzia, '
                'come le macchinine, passando attraverso i divertimenti dei '
                '“bambini cresciuti”, come il surf e lo skateboard. Infine, il '
                'lavoro di Bruno Zocca mette in scena travestimenti e '
                'maschere, tra i passatempi più partecipati ed emozionanti per '
                'i bambini in costante ricerca sia di punti fermi sia di '
                'elementi capaci di stravolgere il quotidiano. “Tana libera '
                'tutti!” è un progetto che include al suo interno incontri di '
                'vario tipo: per tutta la durata della mostra sono previste '
                'visite guidate e interattive a cura di Elena Dolcini, per '
                'classi di ogni ordine e grado. Inoltre, laboratori di '
                'disegno, di costruzione di giocattoli e di pratiche '
                'filosofiche, dialoghi con alcuni tra i protagonisti della '
                'letteratura per l’infanzia più conosciuti a livello '
                'internazionale, e molto altro. L’esposizione, promossa dalla '
                'Fondazione Cassa dei Risparmi di Forlì, resterà aperta al '
                'pubblico fino al 22 febbraio 2026, negli spazi espositivi di '
                'Corso Garibaldi 37, nei pomeriggi di venerdì e sabato, dalle '
                '15.30 alle 18.30, e in occasione dei numerosi eventi '
                'collegati. Per informazioni elenadolcini@gmail.com o '
                'eventi@fondazionecariforli.it.',
 'event_id': 'tana-libera-tutti-la-mostra-collettiva-dedicata-al-mondo-del-gioco',
 'image_url': '//citynews-forlitoday.stgy.ovh/~media/horizontal-low/40313121940860/bambini-gioco.jpg',
 'location_address': 'Corso Giuseppe Garibaldi, 37',
 'location_name': 'Palazzo Monte di Pietà',
 'price': 'Prezzo non disponibile',
 'raw_data': {'detail': {'altre_informazioni': {'raw_text': 'Altre '
                                                            'informazioni',
                                                'website': None},
                         'descrizione': 'Il 15 ottobre, alle 17,30, sarà '
                                        'inaugurata “Tana libera tutti!”, la '
                                        'mostra d’arte collettiva sul tema del '
                                        'gioco con opere di Emma Adbåge, '
                                        'Sylvie Bello, Sabrina Felli, Roberto '
                                        'Papetti, Simone Tribuiani e Bruno '
                                        'Zocca. La mostra, a cura di Elena '
                                        'Dolcini, declina il gioco nelle sue '
                                        'molteplici accezioni, tutte '
                                        'riconducibili al suo essere elemento '
                                        'fondativo di individualità e di '
                                        'relazioni sociali, divertimento '
                                        'imprescindibile non solo durante '
                                        'l’infanzia ma anche in età adulta, '
                                        'strumento di comprensione e '
                                        'conoscenza del mondo. Le '
                                        'illustrazioni di Emma Adbåge, tratte '
                                        'dai suoi libri a figure “La Buca” e '
                                        '“La ferita” (Camelozampa, 2020 e '
                                        '2024, traduzione di Samanta K. Milton '
                                        'Knowles) evidenziano quel tipo di '
                                        'gioco che sovverte le regole '
                                        'formalizzate dagli adulti, un '
                                        'divertimento libero, a tratti '
                                        'sfrenato, che ha una propria '
                                        'sapienza. Nelle stampe di Sylvie '
                                        "Bello, da “La bambina e l'Orsa” "
                                        '(testo di Cristiana Pezzetta, per le '
                                        "Ed.Topipittori, collana L'età d'oro, "
                                        '2024) e da “Essere Umani” (testo di '
                                        'Andrea Nante, per le Ed.Topipittori, '
                                        'collana Piccola Pinacoteca Portatile, '
                                        '2017), il gioco è un evento quasi '
                                        'ancestrale, mitico; accade nella '
                                        'foresta, nella relazione con un altro '
                                        'che è diverso e misterioso. Nelle '
                                        'opere di Bello il corpo in movimento '
                                        'è alla base del gioco, la sua '
                                        'condizione di possibilità. La '
                                        'compositrice Sabrina Felli ha '
                                        'realizzato per la mostra un lavoro '
                                        'sonoro, dal titolo “Bastaunapalla”, '
                                        'per cui sono state fondamentali le '
                                        'interviste da lei condotte a bambini '
                                        'e ragazzi; insieme hanno discusso del '
                                        'loro rapporto con il gioco e, nello '
                                        'specifico, con la palla, delineando '
                                        'l’orizzonte estetico, relazionale, '
                                        'nonché terapeutico di un dispositivo '
                                        'tanto minimale quanto meraviglioso. '
                                        'Il maestro giocattolaio Roberto '
                                        'Papetti, il cui artigianato artistico '
                                        'si avvale di nozioni scientifiche e '
                                        'matematiche, espone alcuni suoi '
                                        'giocattoli. L’opera di Simone '
                                        'Tribuiani è metafora del gioco tout '
                                        'court, da quello strutturato tipico '
                                        'dello sport ai giocattoli '
                                        'dell’infanzia, come le macchinine, '
                                        'passando attraverso i divertimenti '
                                        'dei “bambini cresciuti”, come il surf '
                                        'e lo skateboard. Infine, il lavoro di '
                                        'Bruno Zocca mette in scena '
                                        'travestimenti e maschere, tra i '
                                        'passatempi più partecipati ed '
                                        'emozionanti per i bambini in costante '
                                        'ricerca sia di punti fermi sia di '
                                        'elementi capaci di stravolgere il '
                                        'quotidiano. “Tana libera tutti!” è un '
                                        'progetto che include al suo interno '
                                        'incontri di vario tipo: per tutta la '
                                        'durata della mostra sono previste '
                                        'visite guidate e interattive a cura '
                                        'di Elena Dolcini, per classi di ogni '
                                        'ordine e grado. Inoltre, laboratori '
                                        'di disegno, di costruzione di '
                                        'giocattoli e di pratiche filosofiche, '
                                        'dialoghi con alcuni tra i '
                                        'protagonisti della letteratura per '
                                        'l’infanzia più conosciuti a livello '
                                        'internazionale, e molto altro. '
                                        'L’esposizione, promossa dalla '
                                        'Fondazione Cassa dei Risparmi di '
                                        'Forlì, resterà aperta al pubblico '
                                        'fino al 22 febbraio 2026, negli spazi '
                                        'espositivi di Corso Garibaldi 37, nei '
                                        'pomeriggi di venerdì e sabato, dalle '
                                        '15.30 alle 18.30, e in occasione dei '
                                        'numerosi eventi collegati. Per '
                                        'informazioni elenadolcini@gmail.com o '
                                        'eventi@fondazionecariforli.it.',
                         'dove': {'address': 'Corso Giuseppe Garibaldi, 37',
                                  'name': 'Palazzo Monte di Pietà',
                                  'raw_text': 'Dove Palazzo Monte di Pietà '
                                              'Corso Giuseppe Garibaldi, 37'},
                         'image': '//citynews-forlitoday.stgy.ovh/~media/horizontal-low/40313121940860/bambini-gioco.jpg',
                         'prezzo': 'Prezzo non disponibile',
                         'quando': {'date_end': '2026-02-22',
                                    'date_start': '2025-10-15',
                                    'raw_text': 'Quando Dal 15/10/2025 al '
                                                '22/02/2026 Inaugurazione alle '
                                                '17.30, poi dalle 15.30 alle '
                                                '18.30',
                                    'schedule': 'Inaugurazione alle 17.30, poi '
                                                'dalle 15.30 alle 18.30'}},
              'list': {'category': 'Mostre',
                       'date': 'dal 15 ottobre 2025 al 22 febbraio 2026',
                       'image': '//citynews-forlitoday.stgy.ovh/~media/horizontal-mid/40313121940860/bambini-gioco.jpg',
                       'location': 'Palazzo Monte di Pietà',
                       'stars': None,
                       'title': '"Tana libera tutti", la mostra collettiva '
                                'dedicata al mondo del gioco'}},
 'scraped_at': '2026-02-02T19:46:00.250887',
 'source': 'city_today',
 'title': '"Tana libera tutti", la mostra collettiva dedicata al mondo del '
          'gioco',
 'url': 'https://www.forlitoday.it/eventi/tana-libera-tutti-la-mostra-collettiva-dedicata-al-mondo-del-gioco.html',
 'uuid': '0b0ea125afbf1f32',
 'website': None}
[2026-02-02T19:46:01.484+0000] {docker.py:429} INFO - 2026-02-02 19:46:01 [scrapy.core.engine] DEBUG: Crawled (200) <GET https://www.forlitoday.it/eventi/arte-e-scienza-protagoniste-del-progetto-espositivo-quantum-art-oltre-il-visibile.html> (referer: https://www.forlitoday.it/eventi/dal/2026-02-02/al/2026-02-08/)
[2026-02-02T19:46:01.594+0000] {docker.py:429} INFO - 2026-02-02 19:46:01 [scrapy.core.scraper] DEBUG: Scraped from <200 https://www.forlitoday.it/eventi/arte-e-scienza-protagoniste-del-progetto-espositivo-quantum-art-oltre-il-visibile.html>
{'category': ['Mostre'],
 'city': 'Forlì',
 'city_id': None,
 'content_hash': '39c763ccca235ff6',
 'date_display': 'dal 8 novembre 2025 al 21 marzo 2026',
 'date_end': '2026-03-21',
 'date_start': '2025-11-08',
 'description': "Nell'anno internazionale delle scienze e delle tecnologie "
                'quantistiche, proclamato dalle Nazioni Unite per celebrare i '
                '100 anni dalla nascita della meccanica quantistica, i confini '
                'tra scienza e arte si dissolvono nella mostra "Quantum Art. '
                'Oltre il visibile", in programma dall\'8 novembre 2025 al 21 '
                'marzo 2026 alla Fondazione Dino Zoli di Forlì. Un invito a '
                "scoprire le leggi nascoste che governano l'universo "
                "attraverso la lente dell'arte contemporanea, capace di "
                'trasformare teorie complesse in esperienze visive e '
                "sensoriali. L'esposizione, promossa dalla Fondazione Dino "
                'Zoli con il patrocinio del Comune di Forlì, della Regione '
                'Emilia-Romagna e di Confindustria Romagna, viene inaugurata '
                'sabato 8 novembre alle ore 18.30, ed è curata da Nadia '
                'Stefanel. "Il progetto - spiega la curatrice Nadia Stefanel - '
                "non vuole semplicemente esporre opere d'arte, ma mira a "
                'dissolvere i confini tra discipline tradizionalmente separate '
                'e incoraggiare una consonanza tra approccio scientifico ed '
                "espressione artistica. L'arte, in questo contesto, non è "
                'semplicemente una rappresentazione delle emozioni umane, ma '
                'diventa un mezzo potente per tradurre idee scientifiche '
                'complesse in forme visive ed esperienziali. Questo approccio '
                'non solo rende accessibili complicati temi scientifici, ma '
                'promuove anche un dialogo più profondo tra scienza ed '
                'esperienza umana, creando una piattaforma per la riflessione '
                "e l'ispirazione, invitandoci a riconsiderare il nostro ruolo "
                'nell\'universo". La mostra porta per la prima volta in Italia '
                'i video degli artisti Giacomo Costa, Vincenzo Marsiglia e '
                'Leonardo Petrucci, presentati in anteprima a Singapore in '
                'occasione del Gran Premio di Formula 1, unitamente ai lavori '
                'di Giuliana Cunéaz e degli artisti di base a Singapore Ina '
                'Conradi & Mark Chavez. La mostra “Quantum Perspective: The '
                'Art of Interference”, tenutasi dal 1 al 7 ottobre 2025 presso '
                'The Arts House di Singapore, viene proposta a Forlì in una '
                'versione arricchita e ampliata, che comprende anche alcune '
                'opere tridimensionali di Andrea Cereda e Amanda Chiarucci, '
                'nonché i progetti degli artisti Camilo Bojaca, Elena Nemkova '
                'e Semiconductor, provenienti da Bienno Borgo Artisti 2.0, '
                'progetto di residenza ideato da Cinzia Bontempi. "Uno degli '
                'obiettivi della Fondazione Dino Zoli - dichiara Monica Zoli, '
                'vicepresidente Dino Zoli Group - è proporre iniziative che '
                'sappiano generare riflessioni su più livelli: personale, '
                'sociale e culturale. Con questa mostra, ispirata alla fisica '
                'quantistica - una delle conquiste più significative del '
                'pensiero scientifico - ci concentriamo su valori che toccano '
                "il senso dell'esistenza, interpretati attraverso i diversi "
                'linguaggi con cui ognuno di noi entra in risonanza. La '
                'meccanica quantistica, infatti, avvicina il pensiero '
                "razionale alle dimensioni più profonde e intuitive che l'arte "
                'riesce a far vibrare. Durante il periodo espositivo, '
                'proporremo momenti di approfondimento e contaminazione con '
                'altri linguaggi per continuare a esplorare ciò che è oltre il '
                'visibile".',
 'event_id': 'arte-e-scienza-protagoniste-del-progetto-espositivo-quantum-art-oltre-il-visibile',
 'image_url': '//citynews-forlitoday.stgy.ovh/~media/horizontal-low/27576627586800/quantum-art-oltre-il-visibile-giacomo-costa-circuit-n-1-2025-1068x601.jpg',
 'location_address': None,
 'location_name': 'Fondazione Dino Zoli',
 'price': 'Prezzo non disponibile',
 'raw_data': {'detail': {'altre_informazioni': {'raw_text': 'Altre '
                                                            'informazioni',
                                                'website': None},
                         'descrizione': "Nell'anno internazionale delle "
                                        'scienze e delle tecnologie '
                                        'quantistiche, proclamato dalle '
                                        'Nazioni Unite per celebrare i 100 '
                                        'anni dalla nascita della meccanica '
                                        'quantistica, i confini tra scienza e '
                                        'arte si dissolvono nella mostra '
                                        '"Quantum Art. Oltre il visibile", in '
                                        "programma dall'8 novembre 2025 al 21 "
                                        'marzo 2026 alla Fondazione Dino Zoli '
                                        'di Forlì. Un invito a scoprire le '
                                        'leggi nascoste che governano '
                                        "l'universo attraverso la lente "
                                        "dell'arte contemporanea, capace di "
                                        'trasformare teorie complesse in '
                                        'esperienze visive e sensoriali. '
                                        "L'esposizione, promossa dalla "
                                        'Fondazione Dino Zoli con il '
                                        'patrocinio del Comune di Forlì, della '
                                        'Regione Emilia-Romagna e di '
                                        'Confindustria Romagna, viene '
                                        'inaugurata sabato 8 novembre alle ore '
                                        '18.30, ed è curata da Nadia Stefanel. '
                                        '"Il progetto - spiega la curatrice '
                                        'Nadia Stefanel - non vuole '
                                        "semplicemente esporre opere d'arte, "
                                        'ma mira a dissolvere i confini tra '
                                        'discipline tradizionalmente separate '
                                        'e incoraggiare una consonanza tra '
                                        'approccio scientifico ed espressione '
                                        "artistica. L'arte, in questo "
                                        'contesto, non è semplicemente una '
                                        'rappresentazione delle emozioni '
                                        'umane, ma diventa un mezzo potente '
                                        'per tradurre idee scientifiche '
                                        'complesse in forme visive ed '
                                        'esperienziali. Questo approccio non '
                                        'solo rende accessibili complicati '
                                        'temi scientifici, ma promuove anche '
                                        'un dialogo più profondo tra scienza '
                                        'ed esperienza umana, creando una '
                                        'piattaforma per la riflessione e '
                                        "l'ispirazione, invitandoci a "
                                        'riconsiderare il nostro ruolo '
                                        'nell\'universo". La mostra porta per '
                                        'la prima volta in Italia i video '
                                        'degli artisti Giacomo Costa, Vincenzo '
                                        'Marsiglia e Leonardo Petrucci, '
                                        'presentati in anteprima a Singapore '
                                        'in occasione del Gran Premio di '
                                        'Formula 1, unitamente ai lavori di '
                                        'Giuliana Cunéaz e degli artisti di '
                                        'base a Singapore Ina Conradi & Mark '
                                        'Chavez. La mostra “Quantum '
                                        'Perspective: The Art of '
                                        'Interference”, tenutasi dal 1 al 7 '
                                        'ottobre 2025 presso The Arts House di '
                                        'Singapore, viene proposta a Forlì in '
                                        'una versione arricchita e ampliata, '
                                        'che comprende anche alcune opere '
                                        'tridimensionali di Andrea Cereda e '
                                        'Amanda Chiarucci, nonché i progetti '
                                        'degli artisti Camilo Bojaca, Elena '
                                        'Nemkova e Semiconductor, provenienti '
                                        'da Bienno Borgo Artisti 2.0, progetto '
                                        'di residenza ideato da Cinzia '
                                        'Bontempi. "Uno degli obiettivi della '
                                        'Fondazione Dino Zoli - dichiara '
                                        'Monica Zoli, vicepresidente Dino Zoli '
                                        'Group - è proporre iniziative che '
                                        'sappiano generare riflessioni su più '
                                        'livelli: personale, sociale e '
                                        'culturale. Con questa mostra, '
                                        'ispirata alla fisica quantistica - '
                                        'una delle conquiste più significative '
                                        'del pensiero scientifico - ci '
                                        'concentriamo su valori che toccano il '
                                        "senso dell'esistenza, interpretati "
                                        'attraverso i diversi linguaggi con '
                                        'cui ognuno di noi entra in risonanza. '
                                        'La meccanica quantistica, infatti, '
                                        'avvicina il pensiero razionale alle '
                                        'dimensioni più profonde e intuitive '
                                        "che l'arte riesce a far vibrare. "
                                        'Durante il periodo espositivo, '
                                        'proporremo momenti di approfondimento '
                                        'e contaminazione con altri linguaggi '
                                        'per continuare a esplorare ciò che è '
                                        'oltre il visibile".',
                         'dove': {'address': None,
                                  'name': 'Fondazione Dino Zoli',
                                  'raw_text': 'Dove Fondazione Dino Zoli '
                                              'Indirizzo non disponibile'},
                         'image': '//citynews-forlitoday.stgy.ovh/~media/horizontal-low/27576627586800/quantum-art-oltre-il-visibile-giacomo-costa-circuit-n-1-2025-1068x601.jpg',
                         'prezzo': 'Prezzo non disponibile',
                         'quando': {'date_end': '2026-03-21',
                                    'date_start': '2025-11-08',
                                    'raw_text': 'Quando Dal 08/11/2025 al '
                                                '21/03/2026 Inaugurazione alle '
                                                '18.30',
                                    'schedule': 'Inaugurazione alle 18.30'}},
              'list': {'category': 'Mostre',
                       'date': 'dal 8 novembre 2025 al 21 marzo 2026',
                       'image': '//citynews-forlitoday.stgy.ovh/~media/horizontal-mid/27576627586800/quantum-art-oltre-il-visibile-giacomo-costa-circuit-n-1-2025-1068x601.jpg',
                       'location': 'Fondazione Dino Zoli',
                       'stars': None,
                       'title': 'Arte e scienza protagoniste del progetto '
                                'espositivo "Quantum art - Oltre il '
                                'visibile"'}},
 'scraped_at': '2026-02-02T19:46:01.592477',
 'source': 'city_today',
 'title': 'Arte e scienza protagoniste del progetto espositivo "Quantum art - '
          'Oltre il visibile"',
 'url': 'https://www.forlitoday.it/eventi/arte-e-scienza-protagoniste-del-progetto-espositivo-quantum-art-oltre-il-visibile.html',
 'uuid': 'dde662f098aec169',
 'website': None}
[2026-02-02T19:46:02.880+0000] {docker.py:429} INFO - 2026-02-02 19:46:02 [scrapy.core.engine] DEBUG: Crawled (200) <GET https://www.forlitoday.it/eventi/mostra-alberto-pacciani-galleria-manoni-23-31-gennaio-2026.html> (referer: https://www.forlitoday.it/eventi/dal/2026-02-02/al/2026-02-08/)
[2026-02-02T19:46:02.987+0000] {docker.py:429} INFO - 2026-02-02 19:46:02 [scrapy.core.scraper] DEBUG: Scraped from <200 https://www.forlitoday.it/eventi/mostra-alberto-pacciani-galleria-manoni-23-31-gennaio-2026.html>
{'category': ['Mostre'],
 'city': 'Forlì',
 'city_id': None,
 'content_hash': 'c22dd24b45b2acb4',
 'date_display': 'dal 23 gennaio al 7 febbraio 2026',
 'date_end': '2026-02-07',
 'date_start': '2026-01-23',
 'description': 'Venerdì 23 gennaio (ore 20) la Galleria Manoni apre '
                'eccezionalmente le sue porte per una serata speciale pensata '
                'come omaggio al pittore Alberto Pacciani (1912 - 2009). Nato '
                "a Firenze, l'artista ha vissuto molti anni della propria vita "
                'a Forlì dove partecipò a tantissime collettive e si distinse '
                'sulla scena locale in alcune premiazioni e menzioni. I '
                'familiari di Pacciani hanno affidato alla Galleria Manoni '
                'l’intero corpus delle opere rimaste alla famiglia, con '
                'l’intento di farlo conoscere e apprezzare al maggior numero '
                'di collezionisti possibile. Da qui nasce la volontà della '
                "Galleria di aprire a un'esposizione di sue opere. La mostra, "
                'a cura di Davide Boschini, ripercorre gli anni forlivesi '
                'attraverso l’esposizione al pubblico di tele a olio inedite e '
                "faesiti firmati dall'artista. Durante il vernissage, con un "
                'aperitivo offerto in loco ai partecipanti, sarà possibile '
                'ammirare da vicino tantissimi paesaggi della Romagna e le '
                'raffinate nature morte, in un momento conviviale. Le opere '
                'saranno esposte fino al 7 febbraio con ingresso libero negli '
                'orari di apertura della storica Mesticheria. La Galleria è '
                'aperta anche il giorno della patrona, la Madonna del Fuoco, '
                'dalle 10 alle 12.30 e dalle 15.30 alle 18.30.',
 'event_id': 'mostra-alberto-pacciani-galleria-manoni-23-31-gennaio-2026',
 'image_url': '//citynews-forlitoday.stgy.ovh/~media/horizontal-low/51225692557277/cover-pacciani.jpeg',
 'location_address': 'Corso Giuseppe Garibaldi, 55A',
 'location_name': 'Galleria Manoni 2.0',
 'price': 'Gratis',
 'raw_data': {'detail': {'altre_informazioni': {'raw_text': 'Altre '
                                                            'informazioni',
                                                'website': None},
                         'descrizione': 'Venerdì 23 gennaio (ore 20) la '
                                        'Galleria Manoni apre eccezionalmente '
                                        'le sue porte per una serata speciale '
                                        'pensata come omaggio al pittore '
                                        'Alberto Pacciani (1912 - 2009). Nato '
                                        "a Firenze, l'artista ha vissuto molti "
                                        'anni della propria vita a Forlì dove '
                                        'partecipò a tantissime collettive e '
                                        'si distinse sulla scena locale in '
                                        'alcune premiazioni e menzioni. I '
                                        'familiari di Pacciani hanno affidato '
                                        'alla Galleria Manoni l’intero corpus '
                                        'delle opere rimaste alla famiglia, '
                                        'con l’intento di farlo conoscere e '
                                        'apprezzare al maggior numero di '
                                        'collezionisti possibile. Da qui nasce '
                                        'la volontà della Galleria di aprire a '
                                        "un'esposizione di sue opere. La "
                                        'mostra, a cura di Davide Boschini, '
                                        'ripercorre gli anni forlivesi '
                                        'attraverso l’esposizione al pubblico '
                                        'di tele a olio inedite e faesiti '
                                        "firmati dall'artista. Durante il "
                                        'vernissage, con un aperitivo offerto '
                                        'in loco ai partecipanti, sarà '
                                        'possibile ammirare da vicino '
                                        'tantissimi paesaggi della Romagna e '
                                        'le raffinate nature morte, in un '
                                        'momento conviviale. Le opere saranno '
                                        'esposte fino al 7 febbraio con '
                                        'ingresso libero negli orari di '
                                        'apertura della storica Mesticheria. '
                                        'La Galleria è aperta anche il giorno '
                                        'della patrona, la Madonna del Fuoco, '
                                        'dalle 10 alle 12.30 e dalle 15.30 '
                                        'alle 18.30.',
                         'dove': {'address': 'Corso Giuseppe Garibaldi, 55A',
                                  'name': 'Galleria Manoni 2.0',
                                  'raw_text': 'Dove Galleria Manoni 2.0 Corso '
                                              'Giuseppe Garibaldi, 55A'},
                         'image': '//citynews-forlitoday.stgy.ovh/~media/horizontal-low/51225692557277/cover-pacciani.jpeg',
                         'prezzo': 'Gratis',
                         'quando': {'date_end': '2026-02-07',
                                    'date_start': '2026-01-23',
                                    'raw_text': 'Quando Dal 23/01/2026 al '
                                                '07/02/2026 Inaugurazione alle '
                                                '20, poi orari apertura della '
                                                'Galleria',
                                    'schedule': 'Inaugurazione alle 20, poi '
                                                'orari apertura della '
                                                'Galleria'}},
              'list': {'category': 'Mostre',
                       'date': 'dal 23 gennaio al 7 febbraio 2026',
                       'image': '//citynews-forlitoday.stgy.ovh/~media/horizontal-mid/51225692557277/cover-pacciani.jpeg',
                       'location': 'Galleria Manoni 2.0',
                       'stars': None,
                       'title': 'In Galleria Manoni le pitture a olio degli '
                                'anni forlivesi di Alberto Pacciani'}},
 'scraped_at': '2026-02-02T19:46:02.985683',
 'source': 'city_today',
 'title': 'In Galleria Manoni le pitture a olio degli anni forlivesi di '
          'Alberto Pacciani',
 'url': 'https://www.forlitoday.it/eventi/mostra-alberto-pacciani-galleria-manoni-23-31-gennaio-2026.html',
 'uuid': '4e2eb6812d95b834',
 'website': None}
[2026-02-02T19:46:04.177+0000] {docker.py:429} INFO - 2026-02-02 19:46:04 [scrapy.core.engine] DEBUG: Crawled (200) <GET https://www.forlitoday.it/eventi/i-pomeriggi-del-bicchiere-bertinoro-programma-2026.html> (referer: https://www.forlitoday.it/eventi/dal/2026-02-02/al/2026-02-08/)
[2026-02-02T19:46:04.290+0000] {docker.py:429} INFO - 2026-02-02 19:46:04 [scrapy.core.scraper] DEBUG: Scraped from <200 https://www.forlitoday.it/eventi/i-pomeriggi-del-bicchiere-bertinoro-programma-2026.html>
{'category': ['Incontri'],
 'city': 'Forlì',
 'city_id': None,
 'content_hash': '8c8cf2d93c807934',
 'date_display': 'dal 11 gennaio al 15 marzo 2026',
 'date_end': '2026-03-15',
 'date_start': '2026-01-11',
 'description': 'Anche nel 2026 tornano i “Pomeriggi del bicchiere”, l’ormai '
                'tradizionale rassegna che coniuga libri, musica, spettacoli '
                'ed enogastronomia. Appuntamento ormai irrinunciabile '
                'dell’inverno a Bertinoro, l’iniziativa è frutto di un '
                'percorso di coprogettazione fra il Comune di Bertinoro e la '
                'Scuola Musicale “Dante Alighieri”. Undici gli incontri in '
                'programma fra l’11 gennaio e il 15 marzo, ogni domenica '
                'pomeriggio alle 15.30 al Teatro Novelli, con l’intervento di '
                'autori che presenteranno le loro opere, momenti musicali, ma '
                'anche spettacoli teatrali. Infine, immancabili, degustazioni '
                'di vini e prodotti del territorio. Domenica 11 gennaio Si '
                'comincia con il libro “La terra nel cuore” '
                '(consulenzagricola.it, 2025), che racconta la vita e le '
                'esperienze professionali di Luciano Mattarelli e al tempo '
                'stesso rappresenta un viaggio che intreccia passato, presente '
                'e futuro dell’agricoltura italiana. Figlio di mezzadri, '
                'perito agrario, tributarista e revisore contabile di fama '
                'nazionale, fondatore del gruppo Rete Servizi Agricoltura (che '
                'oggi supporta oltre 1.500 imprese agricole), Luciano '
                'Mattarelli è un “imprenditore civile” – come lo definisce, '
                'nella prefazione Stefano Zamagni, docente di Scienze '
                'Economiche e Aziendali all’Università di Bologna – che ha '
                'fatto del profondo legame tra l’uomo e la terra, la passione '
                'e l’impegno di una vita. A dialogare con Luciano Mattarelli '
                'sarà l’assessora regionale alla Cultura Gessica Allegni. La '
                'colonna sonora del pomeriggio sarà affidata agli Hooverville '
                'Entertainers: Fabiano Sportelli (chitarre), Antonio Giallella '
                '(armoniche), Gabriele Laghi (contrabbasso) e Marco Bartolini '
                '(percussioni). Da segnalare che il ricavato del libro, tolte '
                'le spese di stampa, sarà devoluto alla Parrocchia Santa Maria '
                'di Casticciano. Il piacere degli assaggi sarà assicurato dal '
                'Comitato Manifestazione Gemellaggi, accompagnati dai vini '
                'della cantina Celli. Domenica 18 gennaio Protagonista del '
                'pomeriggio sarà Lorenzo Marone che presenterà il suo nuovo '
                'romanzo “Ti telefono stasera" (Feltrinelli, 2025). Si tratta '
                'di una storia ironica e tenera che mette al centro '
                'l’imprevista convivenza tra un padre e il figlio di nove anni '
                'e restituisce un nuovo, intenso significato all’essere '
                'genitore oggi. A dialogare con l’autore ci sarà la '
                'giornalista Federica Bianchi. Il momento musicale sarà '
                'affidato alla voce e alla chitarra di Galoni, cantautore '
                'attivo da oltre un decennio, che con il suo stile di '
                'scrittura ha saputo costruire un immaginario narrativo '
                'poetico e urbano. Il piacere dell’assaggio proporrà i sapori '
                'della Proloco Fratta Terme e i vini della cantina Giovanna '
                'Madonia. Domenica 25 gennaio In occasione del Giorno della '
                'Memoria arriva il giornalista e scrittore Paolo Rodari, già '
                'vaticanista di Repubblica e ora alla Radiotelevisione della '
                'Svizzera italiana. In dialogo con lo scrittore Maurizio '
                'Gioiello, Rodari parlerà del suo "Il mantello di Rut" '
                '(Feltrinelli, 2025), delicato romanzo ispirato a un episodio '
                'realmente accaduto durante la Seconda Guerra Mondiale, che ha '
                'come protagonisti un sacerdote e una madre e una bambina '
                'ebree. L’evento è organizzato in collaborazione con il Museo '
                'Interreligioso di Bertinoro La parte musicale è affidata al '
                'gruppo Cantaluna: Marco Fabbri (fisarmonica), Laura '
                'Francaviglia (chitarra), Fabio Galliani (ocarina) e Barbara '
                "Giorgi (voce). Per il piacere dell’assaggio ci saranno l'olio "
                "dell'azienda Nardini Loretta e i vini della cantina Bissoni. "
                'Domenica 1 febbraio Classe 2001, primo romanzo pubblicato a '
                '16 anni, Matteo Porru è stato inserito da la Repubblica tra i '
                'venticinque autori under 25 più promettenti al mondo, '
                'ottenendo numerosi riconoscimenti. A Bertinoro presenterà il '
                'romanzo “Il volo sopra l’oceano” (Garzanti, 2025), storia '
                'intensa sulle speranze e sulle illusioni. A dialogare con lui '
                'ci sarà la scrittrice Patrizia Angelozzi. Dopo la '
                'presentazione del volume è previsto lo spettacolo musicale '
                '“Appunti di viaggio – Aemilia” di e con il cantautore '
                'colornese Alberto Padovani. Il momento delle degustazioni '
                "sarà a cura dell'associazione Strada dei vini e dei sapori, e "
                'sarà accompagnato dai vini della cantina Colombina. Domenica '
                '8 febbraio Peppe Millanta presenta la su ultima fatica '
                'letteraria: “Il pescatore di stelle” (Rizzoli, 2025), '
                "arricchito dalle illustrazioni di Lavinia Fagiuoli. L'autore "
                'presenterà il libro in dialogo con l’assessora alla Cultura '
                'di Bertinoro Alice Gattamorta e con Roberta Godoli. La parte '
                'musicale del pomeriggio vedrà l’esibizione di Marina '
                'Maroncelli (soprano) e Filippo Pantieri (clavicembalo). Per '
                'il piacere dell’assaggio ci saranno i sapori degli Amici di '
                'Polenta, accompagnati dai vini della cantina Galassi. '
                'Domenica 15 febbraio Si intitola “Le Sibille” (Solferino '
                '2025) il romanzo che presenterà la scrittrice Vincenza '
                "Alfano, in dialogo con Silvia Dall'Ara. Una storia intensa e "
                'ribelle dedicata al legame complesso e salvifico tra una '
                'madre e una figlia, ma anche una riflessione sull’essere '
                'donna, sulla lotta contro i mali della società, delle '
                'relazioni e del cuore. Per la musica salirà sul palco il duo '
                'Iza & Sara, composto da Elisa Babini, contralto, e Sara '
                'Valgimigli, soprano, che forniscono una personale chiave di '
                'lettura a un genere musicale vasto e ibrido che combina '
                'l’indie al pop. Il piacere degli assaggi sarà curato dalla '
                'Proloco di Bertinoro, con i vini della cantina Celli. '
                'Domenica 22 febbraio La scrittrice e insegnante Miriam '
                'D\'Ambrosio presenta il suo libro "Fuori non è ancora così" '
                '(Rubettino 2025) in cui, attingendo alla propria esperienza '
                'professionale, getta uno sguardo intenso e toccante sulla '
                'vita in una classe multietnica, tra sogni, sfide e amicizie. '
                'Un racconto appassionato sull’educazione come spazio di '
                'crescita e incontro. A dialogare con lei ci sarà il '
                'giornalista Vittorio Macioce. Per il piacere degli assaggi ci '
                'saranno i prodotti del Caseificio Mambelli, accompagnati dai '
                'vini della cantina De Stefenelli. Domenica 1 marzo Il '
                'pomeriggio sarà dedicato alla cerimonia di premiazione del '
                'Premio letterario Dante Arfelli promosso dal Comune di '
                'Bertinoro con la casa editrice Readerforblind e per rendere '
                'omaggio all’autore de “I Superflui”. Giunto alla quarta '
                'edizione, il premio è articolato nelle seguenti due sezioni: '
                '‘romanzi editi’ e ‘racconti inediti’. Al termine della '
                'cerimonia, andrà in scena lo spettacolo “Mo i tira a te!” di '
                'e con Maurizio Casali, attore storico di Accademia Perduta '
                "Romagna Teatri. Si tratta dell'adattamento teatrale "
                "dell'omonimo romanzo pubblicato da Casali nel 2022 per i tipi "
                'di Minerva, con sottotitolo “Storie di guerra e di famiglia”. '
                'Le musiche originali, che sono composte ed eseguite alla '
                'fisarmonica da Marco Versari, raccontano della storia del '
                'Liscio e così della Romagna. Per il piacere degli assaggi ci '
                'saranno i prodotti dell’azienda agricola biologica La via del '
                'colle e i vini della Fattoria Paradiso. Domenica 8 marzo In '
                'occasione della Giornata Internazionale della Donna, la '
                'rassegna propone “Enciclopedia della donna perfetta”, uno '
                'spettacolo che accompagna in un viaggio ironico tra le pagine '
                'di libri, manuali e riviste destinati alle donne degli anni '
                '’50 e ’60. Un percorso che invita il pubblico a interrogarsi '
                'su quanto di quel passato sia ormai superato e quanto, '
                'invece, continui a riaffiorare nel presente. Drammaturgia e '
                'regia di Stefania Carlesso, con Evarossella Biolo e Stefania '
                'Carlesso. Il piacere degli assaggi sarà a cura del Comitato '
                'manifestazioni e gemellaggi, con i vini della cantina Villa '
                'Trentola. Domenica 15 marzo "I pomeriggi del bicchiere" si '
                'concludono con la presentazione del libro “Operazione '
                'Bologna. 1975-1980: l’inarrestabile onda della strategia '
                'della tensione” (Castelvecchi) di Antonella Beccaria e Cinzia '
                'Venturoli. Accanto alle autrici ci sarà Moreno Zoli. Le '
                'autrici ricostruiscono il quinquennio che precede la Strage '
                'del 2 agosto 1980, mostrando come la strategia della tensione '
                'non si fosse affatto esaurita a metà degli anni Settanta, ma '
                'avesse anzi proseguito con nuove trame, continuità operative '
                'e una violenza crescente. Attraverso fonti giudiziarie, '
                'materiali d’archivio e ricerche storiche aggiornate, il libro '
                'mette in luce intrecci tra gruppi neofascisti, apparati '
                'deviati e organizzazioni occulte, offrendo una lettura che '
                'supera semplificazioni e narrazioni consolidate. Beccaria, '
                'giornalista e saggista, e Venturoli, storica dell’Università '
                'di Bologna, uniscono competenze diverse per restituire un '
                'quadro chiaro e incisivo: un’indagine che non si limita alla '
                'ricostruzione degli eventi, ma interroga le responsabilità, '
                'le continuità e le zone d’ombra che hanno segnato quegli '
                "anni. In scaletta anche un momento musicale con il duo Let's "
                'Swing, composto da Giorgio Babbini (clarinetto) e Gian Marco '
                'Gualandi (pianoforte). Brindisi conclusivo. Gli appuntamenti '
                'sono a ngresso libero fino a esaurimento posti; necessaria la '
                'prenotazione da effettuarsi solo via mail a '
                'turismo@comune.bertinoro.fc.it dal lunedì al venerdì entro le '
                'ore 12 per la domenica successiva.',
 'event_id': 'i-pomeriggi-del-bicchiere-bertinoro-programma-2026',
 'image_url': '//citynews-forlitoday.stgy.ovh/~media/horizontal-low/37309728642468/iza-e-sara.jpg',
 'location_address': None,
 'location_name': 'Teatro Novelli',
 'price': 'Gratis',
 'raw_data': {'detail': {'altre_informazioni': {'raw_text': 'Altre '
                                                            'informazioni',
                                                'website': None},
                         'descrizione': 'Anche nel 2026 tornano i “Pomeriggi '
                                        'del bicchiere”, l’ormai tradizionale '
                                        'rassegna che coniuga libri, musica, '
                                        'spettacoli ed enogastronomia. '
                                        'Appuntamento ormai irrinunciabile '
                                        'dell’inverno a Bertinoro, '
                                        'l’iniziativa è frutto di un percorso '
                                        'di coprogettazione fra il Comune di '
                                        'Bertinoro e la Scuola Musicale “Dante '
                                        'Alighieri”. Undici gli incontri in '
                                        'programma fra l’11 gennaio e il 15 '
                                        'marzo, ogni domenica pomeriggio alle '
                                        '15.30 al Teatro Novelli, con '
                                        'l’intervento di autori che '
                                        'presenteranno le loro opere, momenti '
                                        'musicali, ma anche spettacoli '
                                        'teatrali. Infine, immancabili, '
                                        'degustazioni di vini e prodotti del '
                                        'territorio. Domenica 11 gennaio Si '
                                        'comincia con il libro “La terra nel '
                                        'cuore” (consulenzagricola.it, 2025), '
                                        'che racconta la vita e le esperienze '
                                        'professionali di Luciano Mattarelli e '
                                        'al tempo stesso rappresenta un '
                                        'viaggio che intreccia passato, '
                                        'presente e futuro dell’agricoltura '
                                        'italiana. Figlio di mezzadri, perito '
                                        'agrario, tributarista e revisore '
                                        'contabile di fama nazionale, '
                                        'fondatore del gruppo Rete Servizi '
                                        'Agricoltura (che oggi supporta oltre '
                                        '1.500 imprese agricole), Luciano '
                                        'Mattarelli è un “imprenditore civile” '
                                        '– come lo definisce, nella prefazione '
                                        'Stefano Zamagni, docente di Scienze '
                                        'Economiche e Aziendali all’Università '
                                        'di Bologna – che ha fatto del '
                                        'profondo legame tra l’uomo e la '
                                        'terra, la passione e l’impegno di una '
                                        'vita. A dialogare con Luciano '
                                        'Mattarelli sarà l’assessora regionale '
                                        'alla Cultura Gessica Allegni. La '
                                        'colonna sonora del pomeriggio sarà '
                                        'affidata agli Hooverville '
                                        'Entertainers: Fabiano Sportelli '
                                        '(chitarre), Antonio Giallella '
                                        '(armoniche), Gabriele Laghi '
                                        '(contrabbasso) e Marco Bartolini '
                                        '(percussioni). Da segnalare che il '
                                        'ricavato del libro, tolte le spese di '
                                        'stampa, sarà devoluto alla Parrocchia '
                                        'Santa Maria di Casticciano. Il '
                                        'piacere degli assaggi sarà assicurato '
                                        'dal Comitato Manifestazione '
                                        'Gemellaggi, accompagnati dai vini '
                                        'della cantina Celli. Domenica 18 '
                                        'gennaio Protagonista del pomeriggio '
                                        'sarà Lorenzo Marone che presenterà il '
                                        'suo nuovo romanzo “Ti telefono '
                                        'stasera" (Feltrinelli, 2025). Si '
                                        'tratta di una storia ironica e tenera '
                                        'che mette al centro l’imprevista '
                                        'convivenza tra un padre e il figlio '
                                        'di nove anni e restituisce un nuovo, '
                                        'intenso significato all’essere '
                                        'genitore oggi. A dialogare con '
                                        'l’autore ci sarà la giornalista '
                                        'Federica Bianchi. Il momento musicale '
                                        'sarà affidato alla voce e alla '
                                        'chitarra di Galoni, cantautore attivo '
                                        'da oltre un decennio, che con il suo '
                                        'stile di scrittura ha saputo '
                                        'costruire un immaginario narrativo '
                                        'poetico e urbano. Il piacere '
                                        'dell’assaggio proporrà i sapori della '
                                        'Proloco Fratta Terme e i vini della '
                                        'cantina Giovanna Madonia. Domenica 25 '
                                        'gennaio In occasione del Giorno della '
                                        'Memoria arriva il giornalista e '
                                        'scrittore Paolo Rodari, già '
                                        'vaticanista di Repubblica e ora alla '
                                        'Radiotelevisione della Svizzera '
                                        'italiana. In dialogo con lo scrittore '
                                        'Maurizio Gioiello, Rodari parlerà del '
                                        'suo "Il mantello di Rut" '
                                        '(Feltrinelli, 2025), delicato romanzo '
                                        'ispirato a un episodio realmente '
                                        'accaduto durante la Seconda Guerra '
                                        'Mondiale, che ha come protagonisti un '
                                        'sacerdote e una madre e una bambina '
                                        'ebree. L’evento è organizzato in '
                                        'collaborazione con il Museo '
                                        'Interreligioso di Bertinoro La parte '
                                        'musicale è affidata al gruppo '
                                        'Cantaluna: Marco Fabbri '
                                        '(fisarmonica), Laura Francaviglia '
                                        '(chitarra), Fabio Galliani (ocarina) '
                                        'e Barbara Giorgi (voce). Per il '
                                        'piacere dell’assaggio ci saranno '
                                        "l'olio dell'azienda Nardini Loretta e "
                                        'i vini della cantina Bissoni. '
                                        'Domenica 1 febbraio Classe 2001, '
                                        'primo romanzo pubblicato a 16 anni, '
                                        'Matteo Porru è stato inserito da la '
                                        'Repubblica tra i venticinque autori '
                                        'under 25 più promettenti al mondo, '
                                        'ottenendo numerosi riconoscimenti. A '
                                        'Bertinoro presenterà il romanzo “Il '
                                        'volo sopra l’oceano” (Garzanti, '
                                        '2025), storia intensa sulle speranze '
                                        'e sulle illusioni. A dialogare con '
                                        'lui ci sarà la scrittrice Patrizia '
                                        'Angelozzi. Dopo la presentazione del '
                                        'volume è previsto lo spettacolo '
                                        'musicale “Appunti di viaggio – '
                                        'Aemilia” di e con il cantautore '
                                        'colornese Alberto Padovani. Il '
                                        'momento delle degustazioni sarà a '
                                        "cura dell'associazione Strada dei "
                                        'vini e dei sapori, e sarà '
                                        'accompagnato dai vini della cantina '
                                        'Colombina. Domenica 8 febbraio Peppe '
                                        'Millanta presenta la su ultima fatica '
                                        'letteraria: “Il pescatore di stelle” '
                                        '(Rizzoli, 2025), arricchito dalle '
                                        'illustrazioni di Lavinia Fagiuoli. '
                                        "L'autore presenterà il libro in "
                                        'dialogo con l’assessora alla Cultura '
                                        'di Bertinoro Alice Gattamorta e con '
                                        'Roberta Godoli. La parte musicale del '
                                        'pomeriggio vedrà l’esibizione di '
                                        'Marina Maroncelli (soprano) e Filippo '
                                        'Pantieri (clavicembalo). Per il '
                                        'piacere dell’assaggio ci saranno i '
                                        'sapori degli Amici di Polenta, '
                                        'accompagnati dai vini della cantina '
                                        'Galassi. Domenica 15 febbraio Si '
                                        'intitola “Le Sibille” (Solferino '
                                        '2025) il romanzo che presenterà la '
                                        'scrittrice Vincenza Alfano, in '
                                        "dialogo con Silvia Dall'Ara. Una "
                                        'storia intensa e ribelle dedicata al '
                                        'legame complesso e salvifico tra una '
                                        'madre e una figlia, ma anche una '
                                        'riflessione sull’essere donna, sulla '
                                        'lotta contro i mali della società, '
                                        'delle relazioni e del cuore. Per la '
                                        'musica salirà sul palco il duo Iza & '
                                        'Sara, composto da Elisa Babini, '
                                        'contralto, e Sara Valgimigli, '
                                        'soprano, che forniscono una personale '
                                        'chiave di lettura a un genere '
                                        'musicale vasto e ibrido che combina '
                                        'l’indie al pop. Il piacere degli '
                                        'assaggi sarà curato dalla Proloco di '
                                        'Bertinoro, con i vini della cantina '
                                        'Celli. Domenica 22 febbraio La '
                                        'scrittrice e insegnante Miriam '
                                        "D'Ambrosio presenta il suo libro "
                                        '"Fuori non è ancora così" (Rubettino '
                                        '2025) in cui, attingendo alla propria '
                                        'esperienza professionale, getta uno '
                                        'sguardo intenso e toccante sulla vita '
                                        'in una classe multietnica, tra sogni, '
                                        'sfide e amicizie. Un racconto '
                                        'appassionato sull’educazione come '
                                        'spazio di crescita e incontro. A '
                                        'dialogare con lei ci sarà il '
                                        'giornalista Vittorio Macioce. Per il '
                                        'piacere degli assaggi ci saranno i '
                                        'prodotti del Caseificio Mambelli, '
                                        'accompagnati dai vini della cantina '
                                        'De Stefenelli. Domenica 1 marzo Il '
                                        'pomeriggio sarà dedicato alla '
                                        'cerimonia di premiazione del Premio '
                                        'letterario Dante Arfelli promosso dal '
                                        'Comune di Bertinoro con la casa '
                                        'editrice Readerforblind e per rendere '
                                        'omaggio all’autore de “I Superflui”. '
                                        'Giunto alla quarta edizione, il '
                                        'premio è articolato nelle seguenti '
                                        'due sezioni: ‘romanzi editi’ e '
                                        '‘racconti inediti’. Al termine della '
                                        'cerimonia, andrà in scena lo '
                                        'spettacolo “Mo i tira a te!” di e con '
                                        'Maurizio Casali, attore storico di '
                                        'Accademia Perduta Romagna Teatri. Si '
                                        "tratta dell'adattamento teatrale "
                                        "dell'omonimo romanzo pubblicato da "
                                        'Casali nel 2022 per i tipi di '
                                        'Minerva, con sottotitolo “Storie di '
                                        'guerra e di famiglia”. Le musiche '
                                        'originali, che sono composte ed '
                                        'eseguite alla fisarmonica da Marco '
                                        'Versari, raccontano della storia del '
                                        'Liscio e così della Romagna. Per il '
                                        'piacere degli assaggi ci saranno i '
                                        'prodotti dell’azienda agricola '
                                        'biologica La via del colle e i vini '
                                        'della Fattoria Paradiso. Domenica 8 '
                                        'marzo In occasione della Giornata '
                                        'Internazionale della Donna, la '
                                        'rassegna propone “Enciclopedia della '
                                        'donna perfetta”, uno spettacolo che '
                                        'accompagna in un viaggio ironico tra '
                                        'le pagine di libri, manuali e riviste '
                                        'destinati alle donne degli anni ’50 e '
                                        '’60. Un percorso che invita il '
                                        'pubblico a interrogarsi su quanto di '
                                        'quel passato sia ormai superato e '
                                        'quanto, invece, continui a '
                                        'riaffiorare nel presente. '
                                        'Drammaturgia e regia di Stefania '
                                        'Carlesso, con Evarossella Biolo e '
                                        'Stefania Carlesso. Il piacere degli '
                                        'assaggi sarà a cura del Comitato '
                                        'manifestazioni e gemellaggi, con i '
                                        'vini della cantina Villa Trentola. '
                                        'Domenica 15 marzo "I pomeriggi del '
                                        'bicchiere" si concludono con la '
                                        'presentazione del libro “Operazione '
                                        'Bologna. 1975-1980: l’inarrestabile '
                                        'onda della strategia della tensione” '
                                        '(Castelvecchi) di Antonella Beccaria '
                                        'e Cinzia Venturoli. Accanto alle '
                                        'autrici ci sarà Moreno Zoli. Le '
                                        'autrici ricostruiscono il quinquennio '
                                        'che precede la Strage del 2 agosto '
                                        '1980, mostrando come la strategia '
                                        'della tensione non si fosse affatto '
                                        'esaurita a metà degli anni Settanta, '
                                        'ma avesse anzi proseguito con nuove '
                                        'trame, continuità operative e una '
                                        'violenza crescente. Attraverso fonti '
                                        'giudiziarie, materiali d’archivio e '
                                        'ricerche storiche aggiornate, il '
                                        'libro mette in luce intrecci tra '
                                        'gruppi neofascisti, apparati deviati '
                                        'e organizzazioni occulte, offrendo '
                                        'una lettura che supera '
                                        'semplificazioni e narrazioni '
                                        'consolidate. Beccaria, giornalista e '
                                        'saggista, e Venturoli, storica '
                                        'dell’Università di Bologna, uniscono '
                                        'competenze diverse per restituire un '
                                        'quadro chiaro e incisivo: un’indagine '
                                        'che non si limita alla ricostruzione '
                                        'degli eventi, ma interroga le '
                                        'responsabilità, le continuità e le '
                                        'zone d’ombra che hanno segnato quegli '
                                        'anni. In scaletta anche un momento '
                                        "musicale con il duo Let's Swing, "
                                        'composto da Giorgio Babbini '
                                        '(clarinetto) e Gian Marco Gualandi '
                                        '(pianoforte). Brindisi conclusivo. '
[2026-02-02T19:46:04.291+0000] {docker.py:429} INFO - 'Gli appuntamenti sono a ngresso '
                                        'libero fino a esaurimento posti; '
                                        'necessaria la prenotazione da '
                                        'effettuarsi solo via mail a '
                                        'turismo@comune.bertinoro.fc.it dal '
                                        'lunedì al venerdì entro le ore 12 per '
                                        'la domenica successiva.',
                         'dove': {'address': None,
                                  'name': 'Teatro Novelli',
                                  'raw_text': 'Dove Teatro Novelli Indirizzo '
                                              'non disponibile Bertinoro'},
                         'image': '//citynews-forlitoday.stgy.ovh/~media/horizontal-low/37309728642468/iza-e-sara.jpg',
                         'prezzo': 'Gratis',
                         'quando': {'date_end': '2026-03-15',
                                    'date_start': '2026-01-11',
                                    'raw_text': 'Quando Dal 11/01/2026 al '
                                                '15/03/2026 15.30',
                                    'schedule': '15.30'}},
              'list': {'category': 'Incontri',
                       'date': 'dal 11 gennaio al 15 marzo 2026',
                       'image': '//citynews-forlitoday.stgy.ovh/~media/horizontal-mid/37309728642468/iza-e-sara.jpg',
                       'location': 'Teatro Novelli',
                       'stars': None,
                       'title': 'Musica, letteratura e degustazioni: gli '
                                'ingredienti della nuova edizione dei '
                                '"Pomeriggi del bicchiere"'}},
 'scraped_at': '2026-02-02T19:46:04.286711',
 'source': 'city_today',
 'title': 'Musica, letteratura e degustazioni: gli ingredienti della nuova '
          'edizione dei "Pomeriggi del bicchiere"',
 'url': 'https://www.forlitoday.it/eventi/i-pomeriggi-del-bicchiere-bertinoro-programma-2026.html',
 'uuid': '85b3d4eed27bd3b6',
 'website': None}
[2026-02-02T19:46:05.648+0000] {docker.py:429} INFO - 2026-02-02 19:46:05 [scrapy.core.engine] DEBUG: Crawled (200) <GET https://www.forlitoday.it/eventi/arriva-sa-na-il-progetto-che-unisce-cucina-salute-e-benessere.html> (referer: https://www.forlitoday.it/eventi/dal/2026-02-02/al/2026-02-08/)
[2026-02-02T19:46:05.757+0000] {docker.py:429} INFO - 2026-02-02 19:46:05 [scrapy.core.scraper] DEBUG: Scraped from <200 https://www.forlitoday.it/eventi/arriva-sa-na-il-progetto-che-unisce-cucina-salute-e-benessere.html>
{'category': ['Corsi'],
 'city': 'Forlì',
 'city_id': None,
 'content_hash': '42cc6e19f3077438',
 'date_display': 'dal 7 febbraio al 7 maggio 2026',
 'date_end': '2026-05-07',
 'date_start': '2026-02-07',
 'description': "Dall'idea che mangiare sano non significhi solo dover fare "
                'rinunce nasce il progetto "Sa-na", la salute in cucina, '
                "partendo dall'unione di tre professioniste: la dottoressa "
                "Stefania Zamuner, medico con oltre trent'anni di esperienza "
                'nella Medicina della nutrizione, Giorgia Lagosti, maestra di '
                'cucina specializzata in scienze degli alimenti, e Maria '
                'Cristina Bezzi, esperta di cucina creativa. Il progetto, che '
                'ha preso il via a Ravenna nel 2024 come ciclo di incontri '
                'teorico-pratici dedicati alla realizzazione di piatti '
                'semplici, gustosi e ripetibili, arriva anche a Forlì con '
                "l'intento di intercettare un bisogno profondo: riconciliare "
                'salute e piacere, cura e gusto, scienza e quotidianità. '
                "“Troppo spesso l'alimentazione terapeutica viene vissuta come "
                'restrizione, sacrificio, negazione del piacere - si legge in '
                "una nota -. 'Sa-na' ribalta questo paradigma, restituendo al "
                'cibo il suo valore autentico: strumento potente di '
                'prevenzione, terapia e benessere, capace di sostenere la '
                'salute senza rinunciare alla convivialità e alla '
                'gratificazione. La cucina diventa così un luogo di '
                "apprendimento e consapevolezza, dove l'informazione "
                'clinico-nutrizionale si intreccia con la pratica culinaria, '
                'la semplicità dei gesti e il piacere della condivisione”. Gli '
                'incontri si svolgeranno a Casa Romagna, in Piazza Saffi, '
                "all'interno dello storico Palazzo Talenti Framonti della "
                'Fondazione Cassa di Risparmio di Forlì. Per informazioni e '
                'prenotazioni: info@sa-na.it. 7 febbraio - “Salute in cucina: '
                'nutrire la qualità della vita”. (14.30 - 18.00) 7 marzo - '
                "“Farine e cereali non raffinati: l'energia della "
                'prevenzione”. (14.30 - 18.00) 23 aprile - “I legumi: la '
                'salute nel baccello, a prescindere” (19.00 - 22.30) 7 maggio '
                '- “La salute ha bisogno di meno zucchero” (19.00 - 22.30).',
 'event_id': 'arriva-sa-na-il-progetto-che-unisce-cucina-salute-e-benessere',
 'image_url': '//citynews-forlitoday.stgy.ovh/~media/horizontal-low/27929852732040/sa-na-2.jpg',
 'location_address': None,
 'location_name': 'Casa Romagna',
 'price': 'Prezzo non disponibile',
 'raw_data': {'detail': {'altre_informazioni': {'raw_text': 'Altre '
                                                            'informazioni',
                                                'website': None},
                         'descrizione': "Dall'idea che mangiare sano non "
                                        'significhi solo dover fare rinunce '
                                        'nasce il progetto "Sa-na", la salute '
                                        "in cucina, partendo dall'unione di "
                                        'tre professioniste: la dottoressa '
                                        'Stefania Zamuner, medico con oltre '
                                        "trent'anni di esperienza nella "
                                        'Medicina della nutrizione, Giorgia '
                                        'Lagosti, maestra di cucina '
                                        'specializzata in scienze degli '
                                        'alimenti, e Maria Cristina Bezzi, '
                                        'esperta di cucina creativa. Il '
                                        'progetto, che ha preso il via a '
                                        'Ravenna nel 2024 come ciclo di '
                                        'incontri teorico-pratici dedicati '
                                        'alla realizzazione di piatti '
                                        'semplici, gustosi e ripetibili, '
                                        "arriva anche a Forlì con l'intento di "
                                        'intercettare un bisogno profondo: '
                                        'riconciliare salute e piacere, cura e '
                                        'gusto, scienza e quotidianità. '
                                        "“Troppo spesso l'alimentazione "
                                        'terapeutica viene vissuta come '
                                        'restrizione, sacrificio, negazione '
                                        'del piacere - si legge in una nota -. '
                                        "'Sa-na' ribalta questo paradigma, "
                                        'restituendo al cibo il suo valore '
                                        'autentico: strumento potente di '
                                        'prevenzione, terapia e benessere, '
                                        'capace di sostenere la salute senza '
                                        'rinunciare alla convivialità e alla '
                                        'gratificazione. La cucina diventa '
                                        'così un luogo di apprendimento e '
                                        "consapevolezza, dove l'informazione "
                                        'clinico-nutrizionale si intreccia con '
                                        'la pratica culinaria, la semplicità '
                                        'dei gesti e il piacere della '
                                        'condivisione”. Gli incontri si '
                                        'svolgeranno a Casa Romagna, in Piazza '
                                        "Saffi, all'interno dello storico "
                                        'Palazzo Talenti Framonti della '
                                        'Fondazione Cassa di Risparmio di '
                                        'Forlì. Per informazioni e '
                                        'prenotazioni: info@sa-na.it. 7 '
                                        'febbraio - “Salute in cucina: nutrire '
                                        'la qualità della vita”. (14.30 - '
                                        '18.00) 7 marzo - “Farine e cereali '
                                        "non raffinati: l'energia della "
                                        'prevenzione”. (14.30 - 18.00) 23 '
                                        'aprile - “I legumi: la salute nel '
                                        'baccello, a prescindere” (19.00 - '
                                        '22.30) 7 maggio - “La salute ha '
                                        'bisogno di meno zucchero” (19.00 - '
                                        '22.30).',
                         'dove': {'address': None,
                                  'name': 'Casa Romagna',
                                  'raw_text': 'Dove Casa Romagna Indirizzo non '
                                              'disponibile'},
                         'image': '//citynews-forlitoday.stgy.ovh/~media/horizontal-low/27929852732040/sa-na-2.jpg',
                         'prezzo': 'Prezzo non disponibile',
                         'quando': {'date_end': '2026-05-07',
                                    'date_start': '2026-02-07',
                                    'raw_text': 'Quando Dal 07/02/2026 al '
                                                '07/05/2026 vari orari - vedi '
                                                'programma',
                                    'schedule': 'vari orari - vedi programma'}},
              'list': {'category': 'Corsi',
                       'date': 'dal 7 febbraio al 7 maggio 2026',
                       'image': '//citynews-forlitoday.stgy.ovh/~media/horizontal-mid/27929852732040/sa-na-2.jpg',
                       'location': 'Casa Romagna',
                       'stars': None,
                       'title': 'Arriva "Sa-na", il progetto che unisce '
                                'cucina, salute e benessere'}},
 'scraped_at': '2026-02-02T19:46:05.755133',
 'source': 'city_today',
 'title': 'Arriva "Sa-na", il progetto che unisce cucina, salute e benessere',
 'url': 'https://www.forlitoday.it/eventi/arriva-sa-na-il-progetto-che-unisce-cucina-salute-e-benessere.html',
 'uuid': '1609184b1e1e65fc',
 'website': None}
[2026-02-02T19:46:07.594+0000] {docker.py:429} INFO - 2026-02-02 19:46:07 [scrapy.core.engine] DEBUG: Crawled (200) <GET https://www.forlitoday.it/eventi/brn-village-incontri-salute-benessere-19-gennaio-2026.html> (referer: https://www.forlitoday.it/eventi/dal/2026-02-02/al/2026-02-08/)
[2026-02-02T19:46:07.708+0000] {docker.py:429} INFO - 2026-02-02 19:46:07 [scrapy.core.scraper] DEBUG: Scraped from <200 https://www.forlitoday.it/eventi/brn-village-incontri-salute-benessere-19-gennaio-2026.html>
{'category': ['Incontri'],
 'city': 'Forlì',
 'city_id': None,
 'content_hash': '368e692a01be2f42',
 'date_display': 'dal 19 gennaio al 9 febbraio 2026',
 'date_end': '2026-02-09',
 'date_start': '2026-01-19',
 'description': 'Il Brn Restaurant & Bike Café di Forlimpopoli ospita un ciclo '
                'di due incontri intitolato “Serate Salute” in compagnia della '
                'dottoressa Margherita Gradassi, autrice del libro “I Maestri '
                'del Cielo” e della dottoressa Emilia Gaspari. Il primo degli '
                'incontri in programma dedicato alla salute e alla cura del '
                'proprio benessere si terrà lunedì 19 gennaio, con un talk dal '
                'titolo "Stress, energia e resilienza naturale”. La seconda '
                'serata, invece, è prevista per lunedì 9 febbraio e ospiterà '
                'un incontro dal titolo “Intestino e umore: il nostro secondo '
                'cervello”. Entrambi gli eventi sono ad accesso gratuito e '
                'iniziano alle 21. La prenotazione è obbligatoria, telefonando '
                'o scrivendo al numero 333 4428222.',
 'event_id': 'brn-village-incontri-salute-benessere-19-gennaio-2026',
 'image_url': '//citynews-forlitoday.stgy.ovh/~media/horizontal-low/55028596951116/corsa-today-2.jpg',
 'location_address': None,
 'location_name': 'Brn bike cafè & restaurant',
 'price': 'Gratis',
 'raw_data': {'detail': {'altre_informazioni': {'raw_text': 'Altre '
                                                            'informazioni',
                                                'website': None},
                         'descrizione': 'Il Brn Restaurant & Bike Café di '
                                        'Forlimpopoli ospita un ciclo di due '
                                        'incontri intitolato “Serate Salute” '
                                        'in compagnia della dottoressa '
                                        'Margherita Gradassi, autrice del '
                                        'libro “I Maestri del Cielo” e della '
                                        'dottoressa Emilia Gaspari. Il primo '
                                        'degli incontri in programma dedicato '
                                        'alla salute e alla cura del proprio '
                                        'benessere si terrà lunedì 19 gennaio, '
                                        'con un talk dal titolo "Stress, '
                                        'energia e resilienza naturale”. La '
                                        'seconda serata, invece, è prevista '
                                        'per lunedì 9 febbraio e ospiterà un '
                                        'incontro dal titolo “Intestino e '
                                        'umore: il nostro secondo cervello”. '
                                        'Entrambi gli eventi sono ad accesso '
                                        'gratuito e iniziano alle 21. La '
                                        'prenotazione è obbligatoria, '
                                        'telefonando o scrivendo al numero 333 '
                                        '4428222.',
                         'dove': {'address': None,
                                  'name': 'Brn bike cafè & restaurant',
                                  'raw_text': 'Dove Brn bike cafè & restaurant '
                                              'Indirizzo non disponibile '
                                              'Forlimpopoli'},
                         'image': '//citynews-forlitoday.stgy.ovh/~media/horizontal-low/55028596951116/corsa-today-2.jpg',
                         'prezzo': 'Gratis',
                         'quando': {'date_end': '2026-02-09',
                                    'date_start': '2026-01-19',
                                    'raw_text': 'Quando Dal 19/01/2026 al '
                                                '09/02/2026 21',
                                    'schedule': '21'}},
              'list': {'category': 'Incontri',
                       'date': 'dal 19 gennaio al 9 febbraio 2026',
                       'image': '//citynews-forlitoday.stgy.ovh/~media/horizontal-mid/55028596951116/corsa-today-2.jpg',
                       'location': 'Brn bike cafè & restaurant',
                       'stars': None,
                       'title': 'Al Brn Village due serate dedicate a salute e '
                                'benessere con esperte del settore'}},
 'scraped_at': '2026-02-02T19:46:07.705681',
 'source': 'city_today',
 'title': 'Al Brn Village due serate dedicate a salute e benessere con esperte '
          'del settore',
 'url': 'https://www.forlitoday.it/eventi/brn-village-incontri-salute-benessere-19-gennaio-2026.html',
 'uuid': 'cfd5524abd91858a',
 'website': None}
[2026-02-02T19:46:07.880+0000] {docker.py:429} INFO - 2026-02-02 19:46:07 [scrapy.core.engine] DEBUG: Crawled (200) <GET https://www.forlitoday.it/eventi/si-celebra-la-madonna-del-fuoco-anche-con-una-mostra-dedicata-a-ugo-savorana.html> (referer: https://www.forlitoday.it/eventi/dal/2026-02-02/al/2026-02-08/)
[2026-02-02T19:46:07.999+0000] {docker.py:429} INFO - 2026-02-02 19:46:07 [scrapy.core.scraper] DEBUG: Scraped from <200 https://www.forlitoday.it/eventi/si-celebra-la-madonna-del-fuoco-anche-con-una-mostra-dedicata-a-ugo-savorana.html>
{'category': ['Mostre'],
 'city': 'Forlì',
 'city_id': None,
 'content_hash': 'b06d10b65b74fc60',
 'date_display': 'dal 31 gennaio al 4 febbraio 2026',
 'date_end': '2026-02-04',
 'date_start': '2026-01-31',
 'description': 'In occasione della tradizionale Festa della Madonna del '
                'Fuoco, Forlì rende omaggio all’arte e alla spiritualità con '
                'una mostra dedicata allo scultore Ugo Savorana, allestita '
                'nella suggestiva cornice della Chiesina del Miracolo di via '
                'Leone Cobelli. L’esposizione sarà visitabile dal 31 gennaio '
                'al 4 febbraio e presenta una selezione di opere dell’artista, '
                'nato a Modigliana nel 1890 e scomparso a Forlì nel 1984. '
                'L’inaugurazione è in programma venerdì 31 gennaio dalle ore '
                '10.30 alle 12.00 e vedrà la partecipazione del vescovo di '
                'Forlì-Bertinoro, mons. Livio Corazza, insieme alle autorità '
                'cittadine, a sottolineare il valore culturale e simbolico '
                'dell’iniziativa nel contesto delle celebrazioni patronali. La '
                'mostra sarà aperta al pubblico nei seguenti orari: sabato 31 '
                'gennaio dalle 10.30 alle 12, domenica 1 febbraio dalle 10.30 '
                'alle 12.30 e dalle 16 alle 18, lunedì 2 febbraio dalle 10.30 '
                'alle 12.30 e mercoledì 4 febbraio dalle 8.30 alle 19. Per '
                "l'occasione lo storico dell'arte Marco Vallicelli ha scritto "
                "un testo sull'artista pubblicato nel dépliant promozionale "
                "dell'iniziativa. Scrive Vallicelli: “Incredibile che artisti "
                'autentici, profondi, personali, come Ugo Savorana non abbiano '
                'fama come meriterebbero, nemmeno nella sua terra. Artista e '
                'uomo onesto e serio, quando le alterne vicende umane ponevano '
                "l'arte in disuso, ha dimostrato come creatività operosa ed "
                'integrità umana si fondano quando siano sorrette da una '
                'passione forte e sincera e guidate da schietta vocazione e '
                'squisita sensibilità. Lavoratore instancabile, pieno di '
                "freschezza d'ispirazione artistica e capacità di "
                'realizzazione nei suoi tattili rapporti con la materia da '
                'plasmare e con la tavolozza, affronta direttamente la natura '
                'e interroga i capolavori della storia”. "Produzione varia e '
                'suggestiva la sua - continua -. Come scultore, tanto il '
                'bassorilievo quanto il tutto tondo hanno trovato in lui un '
                'modellatore ispirato ed esperto, aggraziato e sensibile, '
                'dotato di senso plastico non comune. La figura è intesa con '
                'gagliardia di forme, con tenacia talvolta rude e angolosa, ma '
                'sempre efficace e sicura, con acuta osservazione del vero, '
                "secondo i gusti del suo tempo e le regole della 'scuola "
                "romagnola'. Un'arte rimasta sempre felicemente improntata ad "
                'un sano naturalismo popolare ed istintivo, manifestante la '
                "gioia di vivere e l'impellente necessità di dare un senso "
                'vitale, piuttosto che esaltazione di una ricerca '
                'matericamente e formalmente stravagante. Artista eclettico, '
                'ha mirabilmente attinto derivazioni da maestri classici e '
                'moderni; col suo realismo plastico ha saputo comunque '
                'sottrarsi al formalismo accademico ancora trionfante nel '
                'primo Novecento, ponendosi nella valida scia della tradizione '
                'dei Bistolfi, dei Canonica, dei Calandra e del maestro suo '
                'romagnolo Tullo Golfarelli; ma, poi, anche del faentino '
                'Baccarini e del suo famoso "Cenacolo". Nella pittura, '
                'precipuamente paesaggistica, i problemi di linea e di colore '
                'hanno trovato sempre nei suoi dipinti il più felice '
                'equilibrio e la migliore soluzione. Niente stilizzazioni, '
                'niente cerebralismi. Una pennellata duttile e piana, distesa '
                'con avvedutezza, a modellare le sue visioni realistiche, '
                "poetiche, piene di sentimento d'aria e di luce, che danno al "
                'quadro un sapore piacevolmente moderno. E tanto nelle '
                "sculture quanto nei quadri, sempre la limpidezza dell'animo "
                "semplice dell'artista, che con sentimento lirico realizza "
                'opere che parlano un linguaggio schietto e sincero, trovando '
                'subito la corrispondenza col pubblico". "Nelle sue figure e '
                "nei suoi paesaggi troviamo l'affettiva carezza cromatica, che "
                'rivela come la storia di quelle immagini sia passata per vari '
                'fuochi prima di decantarsi in questo originale tonalismo '
                'armonioso e risoluto, talora velato di malinconia - viene '
                'rimarcato -. Può far pensare ad uno scultore antico, tuttavia '
                'fu animato da un delicato sentimento moderno. Il periodico '
                '"L\'Artista Moderno" (1901-1951), che in Torino ebbe '
                "infaticabile guida nell'artista Rocco Carlucci, nella strenna "
                'celebrativa del suo venticinquennale gli dedicò questa '
                'significativa voce: "Il Savorana, deve solo ad una volontà '
                'ferma e ad una solida fede il posto luminoso che a poco a '
                'poco è andato conquistandosi nel campo artistico moderno. Le '
                'sue opere ed i suoi lavori risentono di una ingenuità e di '
                'una spontaneità, che, vivificate da un tocco magistrale, '
                'recano in sé il dono di molte possibilità. Con tali doti si '
                'può essere sicuri di raggiungere la méta". Ugo Savorana è '
                'scomparso all\'età di 94 anni a marzo del 1984". “Omettendo '
                'tanto delle sue significative biografia e formazione - '
                'prosegue Marco Vallicelli - converrà qui segnalare, come '
                'minimo, alcune delle sue più prestigiose realizzazioni. Nel '
                "1926 ottiene grande successo alla Biennale d'arte di "
                'Modigliana, dedicata al centenario del concittadino Silvestro '
                'Lega. Nel 1930 è fra gli artisti selezionati per la '
                'realizzazione delle tre porte di bronzo del Duomo di Orvieto, '
                'ma poi il progetto si blocca e sarà affidato senza concorso a '
                'Emilio Greco, nel 1968. Nel 1940, partecipa al corso per la '
                'realizzazione delle porte per San Pietro in Vaticano: la '
                'vittoria va a Giacomo Manzù, ma Savorana arriva secondo, '
                "ottenendo una medaglia d'argento con segnalazione di merito, "
                'recapitatagli a casa dalla “Reverenda Fabbrica di S. Pietro '
                'in Vaticano”. Nel 1931 collabora alla decorazione del Palazzo '
                'delle Poste di Forlì, per cui esegue in particolare due '
                'coppie di aquile, le prime in travertino (poi spostate nel '
                'campo sportivo Carlo Gotti) e poi quelle definitive in '
                'bronzo. Sempre a Forlì, nel 1939, lavora alla decorazione del '
                "Palazzo degli Uffici Statali e nell'interno di Palazzo della "
                'Prefettura. A lui si deve anche la ristrutturazione in forme '
                'romaniche, sul modello di San Mercuriale a Forlì, della '
                'chiesa dei SS. Nicolò e Francesco a Castrocaro (1932). Con la '
                'ditta Benini collabora anche alla decorazione della stazione '
                'ferroviaria di Venezia". "Nel 1946 realizza le decorazioni '
                "con rosette nei cassettoni dell'abside del Duomo e restaura "
                'le colonne danneggiate - ricorda -. Nel 1950 decora la '
                'cappella del Crocifisso nella chiesa di Santa Maria del Fiore '
                'a Forlì, dove realizza il rivestimento marmoreo e un altare a '
                'ricordo dei caduti nel bombardamento alleato i cui nomi sono '
                "incisi sulle pareti. Degli anni '50 sono il ritratto bronzeo "
                'in clipeo di Don Pippo, nella Cappella dè Ferri di San '
                "Mercuriale e l'ambone, nel presbiterio dell'abbazia medesima. "
                'Dello stesso periodo vanno menzionati il Monumento dei caduti '
                'a Meldola e i lavori a Villa Pandolfa a Predappio dove '
                'realizza lo scalone e il busto del Bacco. Nel 1953 scolpisce '
                'il bassorilievo ritratto di Pina Magnani, benefattrice della '
                'Casa di riposo Zangheri. Nel 1958 realizza la fontana di '
                "piazza Ordelaffi a Forlì. L'artista si dedica anche alla "
                'celebrazione di defunti, con alcuni monumenti funebri nel '
                'Cimitero Monumentale di Forlì e il busto celebrativo del '
                "motociclista Erio Casadei (1959) nel Palazzo dell'Avis di "
                "Forlì. Altre opere dell'autore si trovano in palazzi privati, "
                'in particolare è interessante la decorazione dei camini e dei '
                "pozzi. L'ultima mostra dedicata all'autore in vita avviene "
                "nel 1967 a Modigliana. Savorana lavora fino agli ottant'anni, "
                'poi, anche se non si ritira del tutto, si limita a letture '
                'artistiche o lavori privati nel suo studio. Gli venne '
                'dedicata una retrospettiva a Forlì nel 2010”.',
 'event_id': 'si-celebra-la-madonna-del-fuoco-anche-con-una-mostra-dedicata-a-ugo-savorana',
 'image_url': '//citynews-forlitoday.stgy.ovh/~media/horizontal-low/45377961401436/affresco-chiesa-miracolo-2.jpg',
 'location_address': 'Via Leone Cobelli',
 'location_name': 'Chiesina del Miracolo',
 'price': 'Gratis',
 'raw_data': {'detail': {'altre_informazioni': {'raw_text': 'Altre '
                                                            'informazioni',
                                                'website': None},
                         'descrizione': 'In occasione della tradizionale Festa '
                                        'della Madonna del Fuoco, Forlì rende '
                                        'omaggio all’arte e alla spiritualità '
                                        'con una mostra dedicata allo scultore '
                                        'Ugo Savorana, allestita nella '
                                        'suggestiva cornice della Chiesina del '
                                        'Miracolo di via Leone Cobelli. '
                                        'L’esposizione sarà visitabile dal 31 '
                                        'gennaio al 4 febbraio e presenta una '
                                        'selezione di opere dell’artista, nato '
                                        'a Modigliana nel 1890 e scomparso a '
                                        'Forlì nel 1984. L’inaugurazione è in '
                                        'programma venerdì 31 gennaio dalle '
                                        'ore 10.30 alle 12.00 e vedrà la '
                                        'partecipazione del vescovo di '
                                        'Forlì-Bertinoro, mons. Livio Corazza, '
                                        'insieme alle autorità cittadine, a '
                                        'sottolineare il valore culturale e '
                                        'simbolico dell’iniziativa nel '
                                        'contesto delle celebrazioni '
                                        'patronali. La mostra sarà aperta al '
                                        'pubblico nei seguenti orari: sabato '
                                        '31 gennaio dalle 10.30 alle 12, '
                                        'domenica 1 febbraio dalle 10.30 alle '
                                        '12.30 e dalle 16 alle 18, lunedì 2 '
                                        'febbraio dalle 10.30 alle 12.30 e '
                                        'mercoledì 4 febbraio dalle 8.30 alle '
                                        "19. Per l'occasione lo storico "
                                        "dell'arte Marco Vallicelli ha scritto "
                                        "un testo sull'artista pubblicato nel "
                                        'dépliant promozionale '
                                        "dell'iniziativa. Scrive Vallicelli: "
                                        '“Incredibile che artisti autentici, '
                                        'profondi, personali, come Ugo '
                                        'Savorana non abbiano fama come '
                                        'meriterebbero, nemmeno nella sua '
                                        'terra. Artista e uomo onesto e serio, '
                                        'quando le alterne vicende umane '
                                        "ponevano l'arte in disuso, ha "
                                        'dimostrato come creatività operosa ed '
                                        'integrità umana si fondano quando '
                                        'siano sorrette da una passione forte '
                                        'e sincera e guidate da schietta '
                                        'vocazione e squisita sensibilità. '
                                        'Lavoratore instancabile, pieno di '
                                        "freschezza d'ispirazione artistica e "
                                        'capacità di realizzazione nei suoi '
                                        'tattili rapporti con la materia da '
[2026-02-02T19:46:08.001+0000] {docker.py:429} INFO - 'plasmare e con la tavolozza, affronta '
                                        'direttamente la natura e interroga i '
                                        'capolavori della storia”. "Produzione '
                                        'varia e suggestiva la sua - continua '
                                        '-. Come scultore, tanto il '
                                        'bassorilievo quanto il tutto tondo '
                                        'hanno trovato in lui un modellatore '
                                        'ispirato ed esperto, aggraziato e '
                                        'sensibile, dotato di senso plastico '
                                        'non comune. La figura è intesa con '
                                        'gagliardia di forme, con tenacia '
                                        'talvolta rude e angolosa, ma sempre '
                                        'efficace e sicura, con acuta '
                                        'osservazione del vero, secondo i '
                                        'gusti del suo tempo e le regole della '
                                        "'scuola romagnola'. Un'arte rimasta "
                                        'sempre felicemente improntata ad un '
                                        'sano naturalismo popolare ed '
                                        'istintivo, manifestante la gioia di '
                                        "vivere e l'impellente necessità di "
                                        'dare un senso vitale, piuttosto che '
                                        'esaltazione di una ricerca '
                                        'matericamente e formalmente '
                                        'stravagante. Artista eclettico, ha '
                                        'mirabilmente attinto derivazioni da '
                                        'maestri classici e moderni; col suo '
                                        'realismo plastico ha saputo comunque '
                                        'sottrarsi al formalismo accademico '
                                        'ancora trionfante nel primo '
                                        'Novecento, ponendosi nella valida '
                                        'scia della tradizione dei Bistolfi, '
                                        'dei Canonica, dei Calandra e del '
                                        'maestro suo romagnolo Tullo '
                                        'Golfarelli; ma, poi, anche del '
                                        'faentino Baccarini e del suo famoso '
                                        '"Cenacolo". Nella pittura, '
                                        'precipuamente paesaggistica, i '
                                        'problemi di linea e di colore hanno '
                                        'trovato sempre nei suoi dipinti il '
                                        'più felice equilibrio e la migliore '
                                        'soluzione. Niente stilizzazioni, '
                                        'niente cerebralismi. Una pennellata '
                                        'duttile e piana, distesa con '
                                        'avvedutezza, a modellare le sue '
                                        'visioni realistiche, poetiche, piene '
                                        "di sentimento d'aria e di luce, che "
                                        'danno al quadro un sapore '
                                        'piacevolmente moderno. E tanto nelle '
                                        'sculture quanto nei quadri, sempre la '
                                        "limpidezza dell'animo semplice "
                                        "dell'artista, che con sentimento "
                                        'lirico realizza opere che parlano un '
                                        'linguaggio schietto e sincero, '
                                        'trovando subito la corrispondenza col '
                                        'pubblico". "Nelle sue figure e nei '
                                        "suoi paesaggi troviamo l'affettiva "
                                        'carezza cromatica, che rivela come la '
                                        'storia di quelle immagini sia passata '
                                        'per vari fuochi prima di decantarsi '
                                        'in questo originale tonalismo '
                                        'armonioso e risoluto, talora velato '
                                        'di malinconia - viene rimarcato -. '
                                        'Può far pensare ad uno scultore '
                                        'antico, tuttavia fu animato da un '
                                        'delicato sentimento moderno. Il '
                                        'periodico "L\'Artista Moderno" '
                                        '(1901-1951), che in Torino ebbe '
                                        "infaticabile guida nell'artista Rocco "
                                        'Carlucci, nella strenna celebrativa '
                                        'del suo venticinquennale gli dedicò '
                                        'questa significativa voce: "Il '
                                        'Savorana, deve solo ad una volontà '
                                        'ferma e ad una solida fede il posto '
                                        'luminoso che a poco a poco è andato '
                                        'conquistandosi nel campo artistico '
                                        'moderno. Le sue opere ed i suoi '
                                        'lavori risentono di una ingenuità e '
                                        'di una spontaneità, che, vivificate '
                                        'da un tocco magistrale, recano in sé '
                                        'il dono di molte possibilità. Con '
                                        'tali doti si può essere sicuri di '
                                        'raggiungere la méta". Ugo Savorana è '
                                        "scomparso all'età di 94 anni a marzo "
                                        'del 1984". “Omettendo tanto delle sue '
                                        'significative biografia e formazione '
                                        '- prosegue Marco Vallicelli - '
                                        'converrà qui segnalare, come minimo, '
                                        'alcune delle sue più prestigiose '
                                        'realizzazioni. Nel 1926 ottiene '
                                        "grande successo alla Biennale d'arte "
                                        'di Modigliana, dedicata al centenario '
                                        'del concittadino Silvestro Lega. Nel '
                                        '1930 è fra gli artisti selezionati '
                                        'per la realizzazione delle tre porte '
                                        'di bronzo del Duomo di Orvieto, ma '
                                        'poi il progetto si blocca e sarà '
                                        'affidato senza concorso a Emilio '
                                        'Greco, nel 1968. Nel 1940, partecipa '
                                        'al corso per la realizzazione delle '
                                        'porte per San Pietro in Vaticano: la '
                                        'vittoria va a Giacomo Manzù, ma '
                                        'Savorana arriva secondo, ottenendo '
                                        "una medaglia d'argento con "
                                        'segnalazione di merito, recapitatagli '
                                        'a casa dalla “Reverenda Fabbrica di '
                                        'S. Pietro in Vaticano”. Nel 1931 '
                                        'collabora alla decorazione del '
                                        'Palazzo delle Poste di Forlì, per cui '
                                        'esegue in particolare due coppie di '
                                        'aquile, le prime in travertino (poi '
                                        'spostate nel campo sportivo Carlo '
                                        'Gotti) e poi quelle definitive in '
                                        'bronzo. Sempre a Forlì, nel 1939, '
                                        'lavora alla decorazione del Palazzo '
                                        "degli Uffici Statali e nell'interno "
                                        'di Palazzo della Prefettura. A lui si '
                                        'deve anche la ristrutturazione in '
                                        'forme romaniche, sul modello di San '
                                        'Mercuriale a Forlì, della chiesa dei '
                                        'SS. Nicolò e Francesco a Castrocaro '
                                        '(1932). Con la ditta Benini collabora '
                                        'anche alla decorazione della stazione '
                                        'ferroviaria di Venezia". "Nel 1946 '
                                        'realizza le decorazioni con rosette '
                                        "nei cassettoni dell'abside del Duomo "
                                        'e restaura le colonne danneggiate - '
                                        'ricorda -. Nel 1950 decora la '
                                        'cappella del Crocifisso nella chiesa '
                                        'di Santa Maria del Fiore a Forlì, '
                                        'dove realizza il rivestimento '
                                        'marmoreo e un altare a ricordo dei '
                                        'caduti nel bombardamento alleato i '
                                        'cui nomi sono incisi sulle pareti. '
                                        "Degli anni '50 sono il ritratto "
                                        'bronzeo in clipeo di Don Pippo, nella '
                                        'Cappella dè Ferri di San Mercuriale e '
                                        "l'ambone, nel presbiterio "
                                        "dell'abbazia medesima. Dello stesso "
                                        'periodo vanno menzionati il Monumento '
                                        'dei caduti a Meldola e i lavori a '
                                        'Villa Pandolfa a Predappio dove '
                                        'realizza lo scalone e il busto del '
                                        'Bacco. Nel 1953 scolpisce il '
                                        'bassorilievo ritratto di Pina '
                                        'Magnani, benefattrice della Casa di '
                                        'riposo Zangheri. Nel 1958 realizza la '
                                        'fontana di piazza Ordelaffi a Forlì. '
                                        "L'artista si dedica anche alla "
                                        'celebrazione di defunti, con alcuni '
                                        'monumenti funebri nel Cimitero '
                                        'Monumentale di Forlì e il busto '
                                        'celebrativo del motociclista Erio '
                                        "Casadei (1959) nel Palazzo dell'Avis "
                                        "di Forlì. Altre opere dell'autore si "
                                        'trovano in palazzi privati, in '
                                        'particolare è interessante la '
                                        'decorazione dei camini e dei pozzi. '
                                        "L'ultima mostra dedicata all'autore "
                                        'in vita avviene nel 1967 a '
                                        'Modigliana. Savorana lavora fino agli '
                                        "ottant'anni, poi, anche se non si "
                                        'ritira del tutto, si limita a letture '
                                        'artistiche o lavori privati nel suo '
                                        'studio. Gli venne dedicata una '
                                        'retrospettiva a Forlì nel 2010”.',
                         'dove': {'address': 'Via Leone Cobelli',
                                  'name': 'Chiesina del Miracolo',
                                  'raw_text': 'Dove Chiesina del Miracolo Via '
                                              'Leone Cobelli'},
                         'image': '//citynews-forlitoday.stgy.ovh/~media/horizontal-low/45377961401436/affresco-chiesa-miracolo-2.jpg',
                         'prezzo': 'Gratis',
                         'quando': {'date_end': '2026-02-04',
                                    'date_start': '2026-01-31',
                                    'raw_text': 'Quando Dal 31/01/2026 al '
                                                '04/02/2026 vari orari - vedi '
                                                'programma',
                                    'schedule': 'vari orari - vedi programma'}},
              'list': {'category': 'Mostre',
                       'date': 'dal 31 gennaio al 4 febbraio 2026',
                       'image': '//citynews-forlitoday.stgy.ovh/~media/horizontal-mid/45377961401436/affresco-chiesa-miracolo-2.jpg',
                       'location': 'Chiesina del Miracolo',
                       'stars': 3,
                       'title': 'Si celebra la Madonna del Fuoco anche con una '
                                'mostra dedicata a Ugo Savorana'}},
 'scraped_at': '2026-02-02T19:46:07.995729',
 'source': 'city_today',
 'title': 'Si celebra la Madonna del Fuoco anche con una mostra dedicata a Ugo '
          'Savorana',
 'url': 'https://www.forlitoday.it/eventi/si-celebra-la-madonna-del-fuoco-anche-con-una-mostra-dedicata-a-ugo-savorana.html',
 'uuid': 'ab659d0c6d793d26',
 'website': None}
[2026-02-02T19:46:09.139+0000] {docker.py:429} INFO - 2026-02-02 19:46:09 [scrapy.core.engine] DEBUG: Crawled (200) <GET https://www.forlitoday.it/eventi/un-filo-di-azzurro-claudia-giuliani-mostra-rocca-forlimpopoli.html> (referer: https://www.forlitoday.it/eventi/dal/2026-02-02/al/2026-02-08/)
[2026-02-02T19:46:09.253+0000] {docker.py:429} INFO - 2026-02-02 19:46:09 [scrapy.core.scraper] DEBUG: Scraped from <200 https://www.forlitoday.it/eventi/un-filo-di-azzurro-claudia-giuliani-mostra-rocca-forlimpopoli.html>
{'category': ['Mostre'],
 'city': 'Forlì',
 'city_id': None,
 'content_hash': '1a1ff74036a7f951',
 'date_display': 'dal 2 al 4 febbraio 2026',
 'date_end': '2026-02-04',
 'date_start': '2026-02-02',
 'description': 'La mostra “Un filo di azzurro. Fra paesaggio, fiori e '
                'femminilità”, personale di Claudia Giuliani alla Sala “Mario '
                'Bertozzi” della Rocca di Forlimpopoli, prosegue il suo '
                'percorso espositivo arricchendosi dal 2 gennaio con l’arrivo '
                'dell’opera “La Capriola” (1976), concessa da un collezionista '
                'privato. Il dipinto, presentato nella prima personale '
                'dell’artista, permette di rileggere le origini della sua '
                'ricerca pittorica e di metterle in relazione con le più '
                'recenti pitture su seta a tema floreale. Un’occasione per '
                'scoprire l’evoluzione del segno e della sensibilità '
                "dell’artista lungo cinquant’anni di attività. L'esposizione è "
                'visitabile dalle 10 alle 12 e dalle 16 alle 18.',
 'event_id': 'un-filo-di-azzurro-claudia-giuliani-mostra-rocca-forlimpopoli',
 'image_url': '//citynews-forlitoday.stgy.ovh/~media/horizontal-low/2816047398736/un-filo-di-azzurro-la-personale-di-claudia-giuliani-si-arricchisce-con-una-nuova-opera.jpg',
 'location_address': 'Piazza Antonio Fratti, 9',
 'location_name': 'Sala Mostre “Mario Bertozzi” – Rocca di Forlimpopoli',
 'price': 'Gratis',
 'raw_data': {'detail': {'altre_informazioni': {'raw_text': 'Altre '
                                                            'informazioni',
                                                'website': None},
                         'descrizione': 'La mostra “Un filo di azzurro. Fra '
                                        'paesaggio, fiori e femminilità”, '
                                        'personale di Claudia Giuliani alla '
                                        'Sala “Mario Bertozzi” della Rocca di '
                                        'Forlimpopoli, prosegue il suo '
                                        'percorso espositivo arricchendosi dal '
                                        '2 gennaio con l’arrivo dell’opera “La '
                                        'Capriola” (1976), concessa da un '
                                        'collezionista privato. Il dipinto, '
                                        'presentato nella prima personale '
                                        'dell’artista, permette di rileggere '
                                        'le origini della sua ricerca '
                                        'pittorica e di metterle in relazione '
                                        'con le più recenti pitture su seta a '
                                        'tema floreale. Un’occasione per '
                                        'scoprire l’evoluzione del segno e '
                                        'della sensibilità dell’artista lungo '
                                        'cinquant’anni di attività. '
                                        "L'esposizione è visitabile dalle 10 "
                                        'alle 12 e dalle 16 alle 18.',
                         'dove': {'address': 'Piazza Antonio Fratti, 9',
                                  'name': 'Sala Mostre “Mario Bertozzi” – '
                                          'Rocca di Forlimpopoli',
                                  'raw_text': 'Dove Sala Mostre “Mario '
                                              'Bertozzi” – Rocca di '
                                              'Forlimpopoli Piazza Antonio '
                                              'Fratti, 9 Forlimpopoli'},
                         'image': '//citynews-forlitoday.stgy.ovh/~media/horizontal-low/2816047398736/un-filo-di-azzurro-la-personale-di-claudia-giuliani-si-arricchisce-con-una-nuova-opera.jpg',
                         'prezzo': 'Gratis',
                         'quando': {'date_end': '2026-02-04',
                                    'date_start': '2026-02-02',
                                    'raw_text': 'Quando Dal 02/02/2026 al '
                                                '04/02/2026 dalle 10 alle 12 e '
                                                'dalle 16 alle 18',
                                    'schedule': 'dalle 10 alle 12 e dalle 16 '
                                                'alle 18'}},
              'list': {'category': 'Mostre',
                       'date': 'dal 2 al 4 febbraio 2026',
                       'image': '//citynews-forlitoday.stgy.ovh/~media/horizontal-mid/2816047398736/un-filo-di-azzurro-la-personale-di-claudia-giuliani-si-arricchisce-con-una-nuova-opera.jpg',
                       'location': 'Sala Mostre “Mario Bertozzi” – Rocca di '
                                   'Forlimpopoli',
                       'stars': None,
                       'title': '"Un filo di azzurro", la personale di Claudia '
                                'Giuliani si arricchisce con una nuova opera'}},
 'scraped_at': '2026-02-02T19:46:09.250318',
 'source': 'city_today',
 'title': '"Un filo di azzurro", la personale di Claudia Giuliani si '
          'arricchisce con una nuova opera',
 'url': 'https://www.forlitoday.it/eventi/un-filo-di-azzurro-claudia-giuliani-mostra-rocca-forlimpopoli.html',
 'uuid': 'b8127628a720dc55',
 'website': None}
[2026-02-02T19:46:09.937+0000] {docker.py:429} INFO - 2026-02-02 19:46:09 [scrapy.core.engine] DEBUG: Crawled (200) <GET https://www.forlitoday.it/eventi/il-club-dei-copioni-laboratorio-teatro-8-febbraio-2026.html> (referer: https://www.forlitoday.it/eventi/dal/2026-02-02/al/2026-02-08/)
[2026-02-02T19:46:10.071+0000] {docker.py:429} INFO - 2026-02-02 19:46:10 [scrapy.core.scraper] DEBUG: Scraped from <200 https://www.forlitoday.it/eventi/il-club-dei-copioni-laboratorio-teatro-8-febbraio-2026.html>
{'category': ['Corsi'],
 'city': 'Forlì',
 'city_id': None,
 'content_hash': '25809fd387727eb7',
 'date_display': '8 febbraio 2026',
 'date_end': '2026-02-08',
 'date_start': '2026-02-08',
 'description': 'Torna al Teatro Testori "Il Club dei Copioni", il progetto '
                'dedicato alla lettura dei testi teatrali come pratica '
                'collettiva, spazio di confronto e occasione di scoperta. Un '
                'appuntamento pensato per chi considera il teatro non solo '
                'come evento scenico, ma come scrittura viva, capace di '
                'generare pensiero, dialogo e immaginazione. Ideato e curato '
                'da Giuditta Mingucci, "Il Club dei Copioni" prende la forma '
                'di un club del libro applicato alla drammaturgia: incontri '
                'informali ma guidati, in cui la lettura dei copioni diventa '
                'pretesto per attraversare i testi, interrogarne le strutture, '
                'i temi, le voci. Non lezioni frontali, ma conversazioni '
                'aperte, letture condivise e momenti di ascolto, condotti da '
                'registi, registe, drammaturghi e drammaturghe invitati a '
                'portare il proprio sguardo e la propria esperienza. Il primo '
                'appuntamento, in programma domenica 8 febbraio dalle 17 alle '
                '19, ospita Magdalena Barile. Autrice teatrale, sceneggiatrice '
                'e docente di scrittura drammaturgica, la sua opera si colloca '
                'in una zona di confine tra ricerca formale e attenzione '
                'politica, dialogando con alcune tra le più importanti realtà '
                'teatrali italiane. La sua ultima pubblicazione, Gentleman '
                'Anne e altre pièce femministe, restituisce una scrittura '
                'lucida e stratificata, capace di interrogare i modelli '
                'narrativi e le rappresentazioni delfemminile contemporaneo. '
                'L’iniziativa è gratuita ma su prenotazione. Per informazioni '
                '0543 722456 o 375 8349548.',
 'event_id': 'il-club-dei-copioni-laboratorio-teatro-8-febbraio-2026',
 'image_url': '//citynews-forlitoday.stgy.ovh/~media/horizontal-low/31546957497892/ritratto25barile.jpeg',
 'location_address': None,
 'location_name': 'Teatro Testori',
 'price': 'Gratis',
 'raw_data': {'detail': {'altre_informazioni': {'raw_text': 'Altre '
                                                            'informazioni',
                                                'website': None},
                         'descrizione': 'Torna al Teatro Testori "Il Club dei '
                                        'Copioni", il progetto dedicato alla '
                                        'lettura dei testi teatrali come '
                                        'pratica collettiva, spazio di '
                                        'confronto e occasione di scoperta. Un '
                                        'appuntamento pensato per chi '
                                        'considera il teatro non solo come '
                                        'evento scenico, ma come scrittura '
                                        'viva, capace di generare pensiero, '
                                        'dialogo e immaginazione. Ideato e '
                                        'curato da Giuditta Mingucci, "Il Club '
                                        'dei Copioni" prende la forma di un '
                                        'club del libro applicato alla '
                                        'drammaturgia: incontri informali ma '
                                        'guidati, in cui la lettura dei '
                                        'copioni diventa pretesto per '
                                        'attraversare i testi, interrogarne le '
                                        'strutture, i temi, le voci. Non '
                                        'lezioni frontali, ma conversazioni '
                                        'aperte, letture condivise e momenti '
                                        'di ascolto, condotti da registi, '
                                        'registe, drammaturghi e drammaturghe '
                                        'invitati a portare il proprio sguardo '
                                        'e la propria esperienza. Il primo '
                                        'appuntamento, in programma domenica 8 '
                                        'febbraio dalle 17 alle 19, ospita '
                                        'Magdalena Barile. Autrice teatrale, '
                                        'sceneggiatrice e docente di scrittura '
                                        'drammaturgica, la sua opera si '
                                        'colloca in una zona di confine tra '
                                        'ricerca formale e attenzione '
                                        'politica, dialogando con alcune tra '
                                        'le più importanti realtà teatrali '
                                        'italiane. La sua ultima '
                                        'pubblicazione, Gentleman Anne e altre '
                                        'pièce femministe, restituisce una '
                                        'scrittura lucida e stratificata, '
                                        'capace di interrogare i modelli '
                                        'narrativi e le rappresentazioni '
                                        'delfemminile contemporaneo. '
                                        'L’iniziativa è gratuita ma su '
                                        'prenotazione. Per informazioni 0543 '
                                        '722456 o 375 8349548.',
                         'dove': {'address': None,
                                  'name': 'Teatro Testori',
                                  'raw_text': 'Dove Teatro Testori Indirizzo '
                                              'non disponibile'},
                         'image': '//citynews-forlitoday.stgy.ovh/~media/horizontal-low/31546957497892/ritratto25barile.jpeg',
                         'prezzo': 'Gratis',
                         'quando': {'date_end': '2026-02-08',
                                    'date_start': '2026-02-08',
                                    'raw_text': 'Quando Dal 08/02/2026 al '
                                                '08/02/2026 17-19',
                                    'schedule': '17-19'}},
              'list': {'category': 'Corsi',
                       'date': '8 febbraio 2026',
                       'image': '//citynews-forlitoday.stgy.ovh/~media/horizontal-mid/31546957497892/ritratto25barile.jpeg',
                       'location': 'Teatro Testori',
                       'stars': None,
                       'title': 'Al Testori riparte il "Club dei copioni", il '
                                'ciclo di incontri che approfondisce la '
                                'drammaturgia contemporanea'}},
 'scraped_at': '2026-02-02T19:46:10.060447',
 'source': 'city_today',
 'title': 'Al Testori riparte il "Club dei copioni", il ciclo di incontri che '
          'approfondisce la drammaturgia contemporanea',
 'url': 'https://www.forlitoday.it/eventi/il-club-dei-copioni-laboratorio-teatro-8-febbraio-2026.html',
 'uuid': '00b7bbe5f6d10fea',
 'website': None}
[2026-02-02T19:46:11.751+0000] {docker.py:429} INFO - 2026-02-02 19:46:11 [scrapy.core.engine] DEBUG: Crawled (200) <GET https://www.forlitoday.it/eventi/nicoletta-verna-l-inverno-delle-stelle-presentazione-2-febbraio-2026.html> (referer: https://www.forlitoday.it/eventi/dal/2026-02-02/al/2026-02-08/)
[2026-02-02T19:46:11.873+0000] {docker.py:429} INFO - 2026-02-02 19:46:11 [scrapy.core.scraper] DEBUG: Scraped from <200 https://www.forlitoday.it/eventi/nicoletta-verna-l-inverno-delle-stelle-presentazione-2-febbraio-2026.html>
{'category': ['Incontri'],
 'city': 'Forlì',
 'city_id': None,
 'content_hash': '78e470cb8a64e8e9',
 'date_display': '2 febbraio 2026',
 'date_end': '2026-02-02',
 'date_start': '2026-02-02',
 'description': 'Lunedì 2 febbraio, alle 21, alla sala eventi della libreria '
                'Mondadori in Corso della Repubblica 144 a Forlì, si terrà la '
                'presentazione del romanzo “L’inverno delle stelle” di '
                'Nicoletta Verna, pubblicato da Rizzoli. Per l’autrice si '
                'tratta di un ritorno nella libreria forlivese, dove aveva già '
                'presentato il suo precedente romanzo. A dialogare con '
                'l’autrice sarà Ilaria Spadaccini, fondatrice del book club '
                '“Pagine sorelle”, che si riunisce periodicamente anche presso '
                'il Mondadori Bookstore di Forlì. L’incontro sarà l’occasione '
                'per approfondire i temi del libro, il lavoro di scrittura e '
                'il percorso dell’autrice, in un confronto aperto con il '
                'pubblico. L’evento è aperto al pubblico ed è rivolto a '
                'lettrici, lettori e appassionati di narrativa contemporanea. '
                'È consigliata la prenotazione al numero 345 9415967.',
 'event_id': 'nicoletta-verna-l-inverno-delle-stelle-presentazione-2-febbraio-2026',
 'image_url': '//citynews-forlitoday.stgy.ovh/~media/horizontal-low/12092261216365/nicoletta-verna.jpg',
 'location_address': 'Corso della Repubblica, 144',
 'location_name': 'Libreria Mondadori',
 'price': 'Prezzo non disponibile',
 'raw_data': {'detail': {'altre_informazioni': {'raw_text': 'Altre '
                                                            'informazioni',
                                                'website': None},
                         'descrizione': 'Lunedì 2 febbraio, alle 21, alla sala '
                                        'eventi della libreria Mondadori in '
                                        'Corso della Repubblica 144 a Forlì, '
                                        'si terrà la presentazione del romanzo '
                                        '“L’inverno delle stelle” di Nicoletta '
                                        'Verna, pubblicato da Rizzoli. Per '
                                        'l’autrice si tratta di un ritorno '
                                        'nella libreria forlivese, dove aveva '
                                        'già presentato il suo precedente '
                                        'romanzo. A dialogare con l’autrice '
                                        'sarà Ilaria Spadaccini, fondatrice '
                                        'del book club “Pagine sorelle”, che '
                                        'si riunisce periodicamente anche '
                                        'presso il Mondadori Bookstore di '
                                        'Forlì. L’incontro sarà l’occasione '
                                        'per approfondire i temi del libro, il '
                                        'lavoro di scrittura e il percorso '
                                        'dell’autrice, in un confronto aperto '
                                        'con il pubblico. L’evento è aperto al '
                                        'pubblico ed è rivolto a lettrici, '
                                        'lettori e appassionati di narrativa '
                                        'contemporanea. È consigliata la '
                                        'prenotazione al numero 345 9415967.',
                         'dove': {'address': 'Corso della Repubblica, 144',
                                  'name': 'Libreria Mondadori',
                                  'raw_text': 'Dove Libreria Mondadori Corso '
                                              'della Repubblica, 144'},
                         'image': '//citynews-forlitoday.stgy.ovh/~media/horizontal-low/12092261216365/nicoletta-verna.jpg',
                         'prezzo': 'Prezzo non disponibile',
                         'quando': {'date_end': '2026-02-02',
                                    'date_start': '2026-02-02',
                                    'raw_text': 'Quando Dal 02/02/2026 al '
                                                '02/02/2026 solo oggi 21',
                                    'schedule': '21'}},
              'list': {'category': 'Incontri',
                       'date': '2 febbraio 2026',
                       'image': '//citynews-forlitoday.stgy.ovh/~media/horizontal-mid/12092261216365/nicoletta-verna.jpg',
                       'location': 'Libreria Mondadori',
                       'stars': None,
                       'title': 'Nicoletta Verna torna in libreria con il suo '
                                'nuovo romanzo "L\'inverno delle stelle"'}},
 'scraped_at': '2026-02-02T19:46:11.866589',
 'source': 'city_today',
 'title': 'Nicoletta Verna torna in libreria con il suo nuovo romanzo '
          '"L\'inverno delle stelle"',
 'url': 'https://www.forlitoday.it/eventi/nicoletta-verna-l-inverno-delle-stelle-presentazione-2-febbraio-2026.html',
 'uuid': '5b89831039ce857b',
 'website': None}
[2026-02-02T19:46:12.933+0000] {docker.py:429} INFO - 2026-02-02 19:46:12 [scrapy.core.engine] DEBUG: Crawled (200) <GET https://www.forlitoday.it/eventi/compagnia-teatrale-carpena-spettacolo-predappio-8-febbraio-2026.html> (referer: https://www.forlitoday.it/eventi/dal/2026-02-02/al/2026-02-08/)
[2026-02-02T19:46:13.045+0000] {docker.py:429} INFO - 2026-02-02 19:46:13 [scrapy.core.scraper] DEBUG: Scraped from <200 https://www.forlitoday.it/eventi/compagnia-teatrale-carpena-spettacolo-predappio-8-febbraio-2026.html>
{'category': ['Teatri'],
 'city': 'Forlì',
 'city_id': None,
 'content_hash': '8f9d79e71432cce0',
 'date_display': '8 febbraio 2026',
 'date_end': '2026-02-08',
 'date_start': '2026-02-08',
 'description': 'Domenica 8 febbraio, al teatro comunale di Predappio, la '
                'Cumpagnì dla Parochia di Carpena torna in scena con un nuovo '
                'appuntamento dedicato al teatro in lingua vernacolare grazie '
                'allo show "L\'usterì di dù galètt", una brillante commedia '
                'dialettale romagnola che promette risate, ritmo e un '
                'autentico spaccato di vita popolare. La vicenda si svolge '
                'all’interno di un’osteria di un piccolo paese, luogo simbolo '
                'di incontri, confidenze, intrighi e discussioni. Qui si '
                'intrecciano le storie di amici indaffarati in mille progetti, '
                'di un padre e un figlio che tramano nell’ombra, di mogli '
                'pronte a brontolare e di un dottore che sembra non separarsi '
                'mai dal bicchiere. In questo microcosmo rumoroso e colorito, '
                'tra equivoci e situazioni comiche, una sola cosa sembra '
                'dominare su tutto: il Sangiovese, vero protagonista '
                'silenzioso della scena. La commedia, recitata in dialetto '
                'romagnolo, valorizza la tradizione teatrale locale, unendo '
                'comicità genuina, linguaggio popolare e riferimenti alla '
                'cultura del territorio. Biglietti a 8 euro, per informazioni '
                'e prenotazioni 0543 1713530. I biglietti dello spettacolo '
                'possono essere acquistati al Teatro delle Forchette, Via '
                'Vivaldi 22, Forlì.',
 'event_id': 'compagnia-teatrale-carpena-spettacolo-predappio-8-febbraio-2026',
 'image_url': '//citynews-forlitoday.stgy.ovh/~media/horizontal-low/43643075332692/compagnia-dla-parochia-di-carpena-forli.jpg',
 'location_address': 'Via G. Marconi, 13',
 'location_name': 'Teatro Comunale di Predappio',
 'price': '8 euro',
 'raw_data': {'detail': {'altre_informazioni': {'raw_text': 'Altre '
                                                            'informazioni',
                                                'website': None},
                         'descrizione': 'Domenica 8 febbraio, al teatro '
                                        'comunale di Predappio, la Cumpagnì '
                                        'dla Parochia di Carpena torna in '
                                        'scena con un nuovo appuntamento '
                                        'dedicato al teatro in lingua '
                                        'vernacolare grazie allo show '
                                        '"L\'usterì di dù galètt", una '
                                        'brillante commedia dialettale '
                                        'romagnola che promette risate, ritmo '
                                        'e un autentico spaccato di vita '
                                        'popolare. La vicenda si svolge '
                                        'all’interno di un’osteria di un '
                                        'piccolo paese, luogo simbolo di '
                                        'incontri, confidenze, intrighi e '
                                        'discussioni. Qui si intrecciano le '
                                        'storie di amici indaffarati in mille '
                                        'progetti, di un padre e un figlio che '
                                        'tramano nell’ombra, di mogli pronte a '
                                        'brontolare e di un dottore che sembra '
                                        'non separarsi mai dal bicchiere. In '
                                        'questo microcosmo rumoroso e '
                                        'colorito, tra equivoci e situazioni '
                                        'comiche, una sola cosa sembra '
                                        'dominare su tutto: il Sangiovese, '
                                        'vero protagonista silenzioso della '
                                        'scena. La commedia, recitata in '
                                        'dialetto romagnolo, valorizza la '
                                        'tradizione teatrale locale, unendo '
                                        'comicità genuina, linguaggio popolare '
                                        'e riferimenti alla cultura del '
                                        'territorio. Biglietti a 8 euro, per '
                                        'informazioni e prenotazioni 0543 '
                                        '1713530. I biglietti dello spettacolo '
                                        'possono essere acquistati al Teatro '
                                        'delle Forchette, Via Vivaldi 22, '
                                        'Forlì.',
                         'dove': {'address': 'Via G. Marconi, 13',
                                  'name': 'Teatro Comunale di Predappio',
                                  'raw_text': 'Dove Teatro Comunale di '
                                              'Predappio Via G. Marconi, 13 '
                                              'Predappio'},
                         'image': '//citynews-forlitoday.stgy.ovh/~media/horizontal-low/43643075332692/compagnia-dla-parochia-di-carpena-forli.jpg',
                         'prezzo': '8 euro',
                         'quando': {'date_end': '2026-02-08',
                                    'date_start': '2026-02-08',
                                    'raw_text': 'Quando Dal 08/02/2026 al '
                                                '08/02/2026 16.30',
                                    'schedule': '16.30'}},
              'list': {'category': 'Teatri',
                       'date': '8 febbraio 2026',
                       'image': '//citynews-forlitoday.stgy.ovh/~media/horizontal-mid/43643075332692/compagnia-dla-parochia-di-carpena-forli.jpg',
                       'location': 'Teatro Comunale di Predappio',
                       'stars': None,
                       'title': 'Nuovo appuntamento con il teatro dialettale, '
                                'la Cumpagnì dla Parochia di Carpena sul palco '
                                'con "L\'Usterì di dù Galètt"'}},
 'scraped_at': '2026-02-02T19:46:13.043131',
 'source': 'city_today',
 'title': 'Nuovo appuntamento con il teatro dialettale, la Cumpagnì dla '
          'Parochia di Carpena sul palco con "L\'Usterì di dù Galètt"',
 'url': 'https://www.forlitoday.it/eventi/compagnia-teatrale-carpena-spettacolo-predappio-8-febbraio-2026.html',
 'uuid': '094cad96dabb0121',
 'website': None}
[2026-02-02T19:46:14.261+0000] {docker.py:429} INFO - 2026-02-02 19:46:14 [scrapy.core.engine] DEBUG: Crawled (200) <GET https://www.forlitoday.it/eventi/roberta-cappelletti-concerto-predappio-6-febbraio-2026.html> (referer: https://www.forlitoday.it/eventi/dal/2026-02-02/al/2026-02-08/)
[2026-02-02T19:46:14.368+0000] {docker.py:429} INFO - 2026-02-02 19:46:14 [scrapy.core.scraper] DEBUG: Scraped from <200 https://www.forlitoday.it/eventi/roberta-cappelletti-concerto-predappio-6-febbraio-2026.html>
{'category': ['Concerti'],
 'city': 'Forlì',
 'city_id': None,
 'content_hash': '381df80323ee502a',
 'date_display': '6 febbraio 2026',
 'date_end': '2026-02-06',
 'date_start': '2026-02-06',
 'description': 'Roberta Cappelletti, venerdì 6 febbraio, torna sul palco e '
                'presenta il suo nuovo progetto musicale“in acustico & '
                'Friends”, che la vede protagonista in una raffinata versione '
                'live acustica, ispirata all’omonimo disco e accompagnata da '
                'un tour nei teatri e negli open space estivi. Cantante, '
                'interprete e performer tra le più rappresentative della scena '
                'romagnola, Roberta Cappelletti vanta una carriera '
                "pluridecennale che l’ha resa un'ambasciatrice della "
                'tradizione musicale della sua terra, capace di coniugare il '
                'repertorio popolare con la canzone d’autore italiana e '
                'internazionale. Artista eclettica e di grande presenza '
                'scenica, ha calcato palchi prestigiosi in Italia e '
                'all’estero, collaborando con musicisti, orchestre e '
                'produzioni teatrali, distinguendosi per eleganza '
                'interpretativa e profonda sensibilità musicale. “In acustico '
                '& Friends” è uno spettacolo-concerto in cui alcuni tra i '
                'brani più amati della tradizione folk romagnola e della '
                'musica d’autore italiana vengono reinterpretati con sonorità '
                'rinnovate e arrangiamenti inediti, valorizzando l’intimità '
                'del suono acustico e il dialogo tra voce e strumenti. Il '
                'concerto diventa così un viaggio intenso e suggestivo tra '
                'emozioni e ricordi: dalle grandi firme della canzone italiana '
                'come “Volevo scriverti” e “Io che amo solo te” di Mina e '
                'Luigi Tenco, ai capisaldi della cultura popolare romagnola '
                'come “Mama Luntena”, “Tavola grande” e l’immancabile “Romagna '
                'Mia”, brano simbolo di un’identità musicale che Roberta '
                'Cappelletti continua a custodire e rinnovare con passione. '
                'Completano il repertorio alcune perle internazionali, come il '
                'bolero “Contigo en la distancia” e l’omaggio al musical '
                '“Don’t Cry for Me Argentina”, a testimonianza dell’ampio '
                'respiro artistico del progetto e della versatilità '
                'interpretativa della cantante. Sul palco con Roberta '
                'Cappelletti, una formazione di musicisti di grande '
                'esperienza: Luca Medri, pianoforte e tastiere, Giordano '
                'Giannarelli, fisarmonica, Paolo Ghetti, contrabbasso e Piero '
                'Lerede alla batteria. Biglietti da 10 a 15 euro. Per '
                'informazioni e prenotazioni 0543 1713530.',
 'event_id': 'roberta-cappelletti-concerto-predappio-6-febbraio-2026',
 'image_url': '//citynews-forlitoday.stgy.ovh/~media/horizontal-low/47224101859797/roberta-cappelletti-3.jpg',
 'location_address': 'Via G. Marconi, 13',
 'location_name': 'Teatro Comunale di Predappio',
 'price': '10-15 euro',
 'raw_data': {'detail': {'altre_informazioni': {'raw_text': 'Altre '
                                                            'informazioni',
                                                'website': None},
                         'descrizione': 'Roberta Cappelletti, venerdì 6 '
                                        'febbraio, torna sul palco e presenta '
                                        'il suo nuovo progetto musicale“in '
                                        'acustico & Friends”, che la vede '
                                        'protagonista in una raffinata '
                                        'versione live acustica, ispirata '
                                        'all’omonimo disco e accompagnata da '
                                        'un tour nei teatri e negli open space '
                                        'estivi. Cantante, interprete e '
                                        'performer tra le più rappresentative '
                                        'della scena romagnola, Roberta '
                                        'Cappelletti vanta una carriera '
                                        'pluridecennale che l’ha resa '
                                        "un'ambasciatrice della tradizione "
                                        'musicale della sua terra, capace di '
                                        'coniugare il repertorio popolare con '
                                        'la canzone d’autore italiana e '
                                        'internazionale. Artista eclettica e '
                                        'di grande presenza scenica, ha '
                                        'calcato palchi prestigiosi in Italia '
                                        'e all’estero, collaborando con '
                                        'musicisti, orchestre e produzioni '
                                        'teatrali, distinguendosi per eleganza '
                                        'interpretativa e profonda sensibilità '
                                        'musicale. “In acustico & Friends” è '
                                        'uno spettacolo-concerto in cui alcuni '
                                        'tra i brani più amati della '
                                        'tradizione folk romagnola e della '
                                        'musica d’autore italiana vengono '
                                        'reinterpretati con sonorità rinnovate '
                                        'e arrangiamenti inediti, valorizzando '
                                        'l’intimità del suono acustico e il '
                                        'dialogo tra voce e strumenti. Il '
                                        'concerto diventa così un viaggio '
                                        'intenso e suggestivo tra emozioni e '
                                        'ricordi: dalle grandi firme della '
                                        'canzone italiana come “Volevo '
                                        'scriverti” e “Io che amo solo te” di '
                                        'Mina e Luigi Tenco, ai capisaldi '
                                        'della cultura popolare romagnola come '
                                        '“Mama Luntena”, “Tavola grande” e '
                                        'l’immancabile “Romagna Mia”, brano '
                                        'simbolo di un’identità musicale che '
                                        'Roberta Cappelletti continua a '
                                        'custodire e rinnovare con passione. '
                                        'Completano il repertorio alcune perle '
                                        'internazionali, come il bolero '
                                        '“Contigo en la distancia” e l’omaggio '
                                        'al musical “Don’t Cry for Me '
                                        'Argentina”, a testimonianza '
                                        'dell’ampio respiro artistico del '
                                        'progetto e della versatilità '
                                        'interpretativa della cantante. Sul '
                                        'palco con Roberta Cappelletti, una '
                                        'formazione di musicisti di grande '
                                        'esperienza: Luca Medri, pianoforte e '
                                        'tastiere, Giordano Giannarelli, '
                                        'fisarmonica, Paolo Ghetti, '
                                        'contrabbasso e Piero Lerede alla '
                                        'batteria. Biglietti da 10 a 15 euro. '
                                        'Per informazioni e prenotazioni 0543 '
                                        '1713530.',
                         'dove': {'address': 'Via G. Marconi, 13',
                                  'name': 'Teatro Comunale di Predappio',
                                  'raw_text': 'Dove Teatro Comunale di '
                                              'Predappio Via G. Marconi, 13 '
                                              'Predappio'},
                         'image': '//citynews-forlitoday.stgy.ovh/~media/horizontal-low/47224101859797/roberta-cappelletti-3.jpg',
                         'prezzo': '10-15 euro',
                         'quando': {'date_end': '2026-02-06',
                                    'date_start': '2026-02-06',
                                    'raw_text': 'Quando Dal 06/02/2026 al '
                                                '06/02/2026 21',
                                    'schedule': '21'}},
              'list': {'category': 'Concerti',
                       'date': '6 febbraio 2026',
                       'image': '//citynews-forlitoday.stgy.ovh/~media/horizontal-mid/47224101859797/roberta-cappelletti-3.jpg',
                       'location': 'Teatro Comunale di Predappio',
                       'stars': None,
                       'title': 'Roberta Cappelletti torna in concerto con il '
                                'nuovo progetto musicale "In acustico & '
                                'Friends"'}},
 'scraped_at': '2026-02-02T19:46:14.366198',
 'source': 'city_today',
 'title': 'Roberta Cappelletti torna in concerto con il nuovo progetto '
          'musicale "In acustico & Friends"',
 'url': 'https://www.forlitoday.it/eventi/roberta-cappelletti-concerto-predappio-6-febbraio-2026.html',
 'uuid': 'e4b08c55737f74ad',
 'website': None}
[2026-02-02T19:46:15.186+0000] {docker.py:429} INFO - 2026-02-02 19:46:15 [scrapy.core.engine] DEBUG: Crawled (200) <GET https://www.forlitoday.it/eventi/mercatissimo-gruppo-di-preghiera-di-montepaolo-usato-7-8-febbraio-2026.html> (referer: https://www.forlitoday.it/eventi/dal/2026-02-02/al/2026-02-08/)
[2026-02-02T19:46:15.303+0000] {docker.py:429} INFO - 2026-02-02 19:46:15 [scrapy.core.scraper] DEBUG: Scraped from <200 https://www.forlitoday.it/eventi/mercatissimo-gruppo-di-preghiera-di-montepaolo-usato-7-8-febbraio-2026.html>
{'category': ['Mercatini'],
 'city': 'Forlì',
 'city_id': None,
 'content_hash': 'e72d2d70f7392a2d',
 'date_display': 'dal 7 al 8 febbraio 2026',
 'date_end': '2026-02-08',
 'date_start': '2026-02-07',
 'description': 'Come ogni secondo weekend del mese, sabato 7 e domenica 8 '
                'febbraio si rinnova il “Mercatissimo”, il mercatino '
                "dell'usato organizzato dal Gruppo di preghiera di Montepaolo "
                "in un'ottica volta alla solidarietà e al riuso. I "
                'partecipanti potranno trovare occasioni curiosando tra '
                'abbigliamento, scarpe e borse, libri, oggettistica e un ampio '
                'reparto dedicato alla biancheria per la casa e ai piccoli '
                "elettrodomestici. L'evento si terrà dalle 8 alle 18, orario "
                'continuato, e avrà luogo anche con condizioni di maltempo.',
 'event_id': 'mercatissimo-gruppo-di-preghiera-di-montepaolo-usato-7-8-febbraio-2026',
 'image_url': '//citynews-forlitoday.stgy.ovh/~media/horizontal-low/48574534115452/mercatino-vintage-pexels.jpg',
 'location_address': 'Via Niccolò Copernico, 85',
 'location_name': 'zona industriale di Forlì',
 'price': 'Gratis',
 'raw_data': {'detail': {'altre_informazioni': {'raw_text': 'Altre '
                                                            'informazioni',
                                                'website': None},
                         'descrizione': 'Come ogni secondo weekend del mese, '
                                        'sabato 7 e domenica 8 febbraio si '
                                        'rinnova il “Mercatissimo”, il '
                                        "mercatino dell'usato organizzato dal "
                                        'Gruppo di preghiera di Montepaolo in '
                                        "un'ottica volta alla solidarietà e al "
                                        'riuso. I partecipanti potranno '
                                        'trovare occasioni curiosando tra '
                                        'abbigliamento, scarpe e borse, libri, '
                                        'oggettistica e un ampio reparto '
                                        'dedicato alla biancheria per la casa '
                                        'e ai piccoli elettrodomestici. '
                                        "L'evento si terrà dalle 8 alle 18, "
                                        'orario continuato, e avrà luogo anche '
                                        'con condizioni di maltempo.',
                         'dove': {'address': 'Via Niccolò Copernico, 85',
                                  'name': 'zona industriale di Forlì',
                                  'raw_text': 'Dove zona industriale di Forlì '
                                              'Via Niccolò Copernico, 85'},
                         'image': '//citynews-forlitoday.stgy.ovh/~media/horizontal-low/48574534115452/mercatino-vintage-pexels.jpg',
                         'prezzo': 'Gratis',
                         'quando': {'date_end': '2026-02-08',
                                    'date_start': '2026-02-07',
                                    'raw_text': 'Quando Dal 07/02/2026 al '
                                                '08/02/2026 8-18',
                                    'schedule': '8-18'}},
              'list': {'category': 'Mercatini',
                       'date': 'dal 7 al 8 febbraio 2026',
                       'image': '//citynews-forlitoday.stgy.ovh/~media/horizontal-mid/48574534115452/mercatino-vintage-pexels.jpg',
                       'location': 'zona industriale di Forlì',
                       'stars': None,
                       'title': 'Torna il "Mercatissimo", l\'appuntamento '
                                'dedicato al second hand del Gruppo di '
                                'preghiera di Montepaolo'}},
 'scraped_at': '2026-02-02T19:46:15.298687',
 'source': 'city_today',
 'title': 'Torna il "Mercatissimo", l\'appuntamento dedicato al second hand '
          'del Gruppo di preghiera di Montepaolo',
 'url': 'https://www.forlitoday.it/eventi/mercatissimo-gruppo-di-preghiera-di-montepaolo-usato-7-8-febbraio-2026.html',
 'uuid': '3acaab3edd7e8212',
 'website': None}
[2026-02-02T19:46:16.679+0000] {docker.py:429} INFO - 2026-02-02 19:46:16 [scrapy.core.engine] DEBUG: Crawled (200) <GET https://www.forlitoday.it/eventi/sergio-ruzzier-illustratore-maurice-sendak-incontro-5-febbraio-2026.html> (referer: https://www.forlitoday.it/eventi/dal/2026-02-02/al/2026-02-08/)
[2026-02-02T19:46:16.799+0000] {docker.py:429} INFO - 2026-02-02 19:46:16 [scrapy.core.scraper] DEBUG: Scraped from <200 https://www.forlitoday.it/eventi/sergio-ruzzier-illustratore-maurice-sendak-incontro-5-febbraio-2026.html>
{'category': ['Incontri'],
 'city': 'Forlì',
 'city_id': None,
 'content_hash': 'f9e3050d5fa1b1ea',
 'date_display': '5 febbraio 2026',
 'date_end': '2026-02-05',
 'date_start': '2026-02-05',
 'description': 'Gli appuntamenti collaterali alla mostra “Tana libera tutti!” '
                "proseguono con un incontro sul lavoro che l'illustratore "
                'Sendak ha dedicato al gioco dei bambini. Giovedì 5 febbraio, '
                'alle ore 18, negli spazi espositivi del Palazzo del Monte di '
                'Pietà (corso Garibaldi 37, Forlì), si terrà l’incontro “Il '
                'gioco dei bambini nei libri a figure di Maurice Sendak” con '
                'Sergio Ruzzier, illustratore, scrittore, autore di libri a '
                "figure e traduttore. Durante l'incontro l'artista esplorerà "
                "l'idea di gioco nei libri del grande maestro del "
                'picture-book, analizzando come Sendak abbia rappresentato il '
                "mondo ludico dell'infanzia con profondità psicologica e "
                'potenza visionaria. L’appuntamento fa parte del programma '
                'culturale che accompagna la mostra “Tana libera tutti!”, '
                'promossa dalla Fondazione Cassa dei Risparmi di Forlì, '
                'dedicata al tema del gioco come forma di conoscenza, libertà '
                'e creazione. Ingresso libro fino a esaurimento posti. '
                "L'evento è consigliato a un pubblico adulto. Per ulteriori "
                'informazioni elenadolcini@gmail.com.',
 'event_id': 'sergio-ruzzier-illustratore-maurice-sendak-incontro-5-febbraio-2026',
 'image_url': '//citynews-forlitoday.stgy.ovh/~media/horizontal-low/17574734295960/sergio-ruzzier.jpg',
 'location_address': 'Corso Giuseppe Garibaldi, 37',
 'location_name': 'Palazzo Monte di Pietà',
 'price': 'Gratis',
 'raw_data': {'detail': {'altre_informazioni': {'raw_text': 'Altre '
                                                            'informazioni',
                                                'website': None},
                         'descrizione': 'Gli appuntamenti collaterali alla '
                                        'mostra “Tana libera tutti!” '
                                        'proseguono con un incontro sul lavoro '
                                        "che l'illustratore Sendak ha dedicato "
                                        'al gioco dei bambini. Giovedì 5 '
                                        'febbraio, alle ore 18, negli spazi '
                                        'espositivi del Palazzo del Monte di '
                                        'Pietà (corso Garibaldi 37, Forlì), si '
                                        'terrà l’incontro “Il gioco dei '
                                        'bambini nei libri a figure di Maurice '
                                        'Sendak” con Sergio Ruzzier, '
                                        'illustratore, scrittore, autore di '
                                        'libri a figure e traduttore. Durante '
                                        "l'incontro l'artista esplorerà l'idea "
                                        'di gioco nei libri del grande maestro '
                                        'del picture-book, analizzando come '
                                        'Sendak abbia rappresentato il mondo '
                                        "ludico dell'infanzia con profondità "
                                        'psicologica e potenza visionaria. '
                                        'L’appuntamento fa parte del programma '
                                        'culturale che accompagna la mostra '
                                        '“Tana libera tutti!”, promossa dalla '
                                        'Fondazione Cassa dei Risparmi di '
                                        'Forlì, dedicata al tema del gioco '
                                        'come forma di conoscenza, libertà e '
                                        'creazione. Ingresso libro fino a '
                                        "esaurimento posti. L'evento è "
                                        'consigliato a un pubblico adulto. Per '
                                        'ulteriori informazioni '
                                        'elenadolcini@gmail.com.',
                         'dove': {'address': 'Corso Giuseppe Garibaldi, 37',
                                  'name': 'Palazzo Monte di Pietà',
                                  'raw_text': 'Dove Palazzo Monte di Pietà '
                                              'Corso Giuseppe Garibaldi, 37'},
                         'image': '//citynews-forlitoday.stgy.ovh/~media/horizontal-low/17574734295960/sergio-ruzzier.jpg',
                         'prezzo': 'Gratis',
                         'quando': {'date_end': '2026-02-05',
                                    'date_start': '2026-02-05',
                                    'raw_text': 'Quando Dal 05/02/2026 al '
                                                '05/02/2026 18',
                                    'schedule': '18'}},
              'list': {'category': 'Incontri',
                       'date': '5 febbraio 2026',
                       'image': '//citynews-forlitoday.stgy.ovh/~media/horizontal-mid/17574734295960/sergio-ruzzier.jpg',
                       'location': 'Palazzo Monte di Pietà',
                       'stars': None,
                       'title': 'Alla riscoperta dei lavori di Maurice Sendak '
                                "con l'illustratore Sergio Ruzzier"}},
 'scraped_at': '2026-02-02T19:46:16.793048',
 'source': 'city_today',
 'title': "Alla riscoperta dei lavori di Maurice Sendak con l'illustratore "
          'Sergio Ruzzier',
 'url': 'https://www.forlitoday.it/eventi/sergio-ruzzier-illustratore-maurice-sendak-incontro-5-febbraio-2026.html',
 'uuid': 'f67e09c2ffe97981',
 'website': None}
[2026-02-02T19:46:18.146+0000] {docker.py:429} INFO - 2026-02-02 19:46:18 [scrapy.core.engine] DEBUG: Crawled (200) <GET https://www.forlitoday.it/eventi/francesco-tesei-mentalista-teatro-wow-6-febbraio-2026.html> (referer: https://www.forlitoday.it/eventi/dal/2026-02-02/al/2026-02-08/)
[2026-02-02T19:46:18.255+0000] {docker.py:429} INFO - 2026-02-02 19:46:18 [scrapy.core.scraper] DEBUG: Scraped from <200 https://www.forlitoday.it/eventi/francesco-tesei-mentalista-teatro-wow-6-febbraio-2026.html>
{'category': ['Teatri'],
 'city': 'Forlì',
 'city_id': None,
 'content_hash': '6f4e7e98460de8d1',
 'date_display': '6 febbraio 2026',
 'date_end': '2026-02-06',
 'date_start': '2026-02-06',
 'description': 'Il forlivese Francesco Tesei, uno tra i più noti mentalisti '
                'italiani, torna nella sua città natale, al Teatro Diego '
                'Fabbri di Forlì, venerdì 6 febbraio alle ore 21, per '
                'presentare il nuovo spettacolo "Wow", insieme a Deniel Monti, '
                'co-autore e regista dello show. Se lo spettacolo precedente '
                '(Telepathy) costruiva un ponte tra l’Amleto di Shakespeare e '
                'le ferite - personali e sociali - del post-pandemia, giocando '
                'con il tema della follia, della perdita e dello smarrimento, '
                'con il nuovo spettacolo Tesei punta il riflettore verso una '
                'delle caratteristiche fondamentali del suo lavoro, ma anche '
                'una delle esperienze umane più gratificanti: la meraviglia. A '
                'colpi di pennello, attraverso racconti ed “esperimenti” di '
                'mentalismo costruiti con la partecipazione del pubblico, la '
                'meraviglia emerge nello show come emozione primordiale e come '
                'elemento fondamentale per sviluppare la capacità di cogliere '
                "sfumature della realtà che arricchiscono l'esistenza di "
                'dimensioni, significato e bellezza. Senza bisogno di '
                'scomodare alcun “potere paranormale”, e contemporaneamente '
                'senza ridurre l’esperienza a una serie di “enigmi da '
                'risolvere”. Biglietti da 25 a 27 euro. Prevendite disponibili '
                'alla biglietteria diurna del Teatro Fabbri (Corso Diaz 38/1) '
                'dal martedì al sabato (festivi esclusi) dalle ore 10 alle ore '
                '13 e dalle ore 16 alle ore 18. Prenotazioni telefoniche allo '
                '0543 26355.',
 'event_id': 'francesco-tesei-mentalista-teatro-wow-6-febbraio-2026',
 'image_url': '//citynews-forlitoday.stgy.ovh/~media/horizontal-low/18111546660058/francesco-tesei1.jpg',
 'location_address': None,
 'location_name': 'Teatro Diego Fabbri',
 'price': '25-27 euro',
 'raw_data': {'detail': {'altre_informazioni': {'raw_text': 'Altre '
                                                            'informazioni',
                                                'website': None},
                         'descrizione': 'Il forlivese Francesco Tesei, uno tra '
                                        'i più noti mentalisti italiani, torna '
                                        'nella sua città natale, al Teatro '
                                        'Diego Fabbri di Forlì, venerdì 6 '
                                        'febbraio alle ore 21, per presentare '
                                        'il nuovo spettacolo "Wow", insieme a '
                                        'Deniel Monti, co-autore e regista '
                                        'dello show. Se lo spettacolo '
                                        'precedente (Telepathy) costruiva un '
                                        'ponte tra l’Amleto di Shakespeare e '
                                        'le ferite - personali e sociali - del '
                                        'post-pandemia, giocando con il tema '
                                        'della follia, della perdita e dello '
                                        'smarrimento, con il nuovo spettacolo '
                                        'Tesei punta il riflettore verso una '
                                        'delle caratteristiche fondamentali '
                                        'del suo lavoro, ma anche una delle '
                                        'esperienze umane più gratificanti: la '
                                        'meraviglia. A colpi di pennello, '
                                        'attraverso racconti ed “esperimenti” '
                                        'di mentalismo costruiti con la '
                                        'partecipazione del pubblico, la '
                                        'meraviglia emerge nello show come '
                                        'emozione primordiale e come elemento '
                                        'fondamentale per sviluppare la '
                                        'capacità di cogliere sfumature della '
                                        "realtà che arricchiscono l'esistenza "
                                        'di dimensioni, significato e '
                                        'bellezza. Senza bisogno di scomodare '
                                        'alcun “potere paranormale”, e '
                                        'contemporaneamente senza ridurre '
                                        'l’esperienza a una serie di “enigmi '
                                        'da risolvere”. Biglietti da 25 a 27 '
                                        'euro. Prevendite disponibili alla '
                                        'biglietteria diurna del Teatro Fabbri '
                                        '(Corso Diaz 38/1) dal martedì al '
                                        'sabato (festivi esclusi) dalle ore 10 '
                                        'alle ore 13 e dalle ore 16 alle ore '
                                        '18. Prenotazioni telefoniche allo '
                                        '0543 26355.',
                         'dove': {'address': None,
                                  'name': 'Teatro Diego Fabbri',
                                  'raw_text': 'Dove Teatro Diego Fabbri '
                                              'Indirizzo non disponibile'},
                         'image': '//citynews-forlitoday.stgy.ovh/~media/horizontal-low/18111546660058/francesco-tesei1.jpg',
                         'prezzo': '25-27 euro',
                         'quando': {'date_end': '2026-02-06',
                                    'date_start': '2026-02-06',
                                    'raw_text': 'Quando Dal 06/02/2026 al '
                                                '06/02/2026 21',
                                    'schedule': '21'}},
              'list': {'category': 'Teatri',
                       'date': '6 febbraio 2026',
                       'image': '//citynews-forlitoday.stgy.ovh/~media/horizontal-mid/18111546660058/francesco-tesei1.jpg',
                       'location': 'Teatro Diego Fabbri',
                       'stars': None,
                       'title': 'Il mentalista Francesco Tesei torna a teatro '
                                'con uno show che inneggia alla meraviglia, al '
                                'Fabbri in scena "Wow"'}},
 'scraped_at': '2026-02-02T19:46:18.252831',
 'source': 'city_today',
 'title': 'Il mentalista Francesco Tesei torna a teatro con uno show che '
          'inneggia alla meraviglia, al Fabbri in scena "Wow"',
 'url': 'https://www.forlitoday.it/eventi/francesco-tesei-mentalista-teatro-wow-6-febbraio-2026.html',
 'uuid': '94d3438bf0dae0f4',
 'website': None}
[2026-02-02T19:46:20.003+0000] {docker.py:429} INFO - 2026-02-02 19:46:20 [scrapy.core.engine] DEBUG: Crawled (200) <GET https://www.forlitoday.it/eventi/carnevale-dei-desideri-piazza-saffi-quando-8-febbraio-2026.html> (referer: https://www.forlitoday.it/eventi/dal/2026-02-02/al/2026-02-08/)
[2026-02-02T19:46:20.112+0000] {docker.py:429} INFO - 2026-02-02 19:46:20 [scrapy.core.scraper] DEBUG: Scraped from <200 https://www.forlitoday.it/eventi/carnevale-dei-desideri-piazza-saffi-quando-8-febbraio-2026.html>
{'category': ['Disco&Feste'],
 'city': 'Forlì',
 'city_id': None,
 'content_hash': 'f0fb99e3cb12e9a3',
 'date_display': '8 febbraio 2026',
 'date_end': '2026-02-08',
 'date_start': '2026-02-08',
 'description': '50 artisti coinvolti, tra trampolieri che ondeggiano tra la '
                'folla, supereroi dei fumetti e la Regina di Cuori. E poi '
                'spettacolari scenografie con sculture di palloncini, grandi '
                'palloni di gomma, bolle giganti e tanta musica con dj Mitch '
                'direttamente da Radio 105. Saranno questi gli ingredienti del '
                'nuovo “Carnevale dei Desideri”, il grande spettacolo gratuito '
                'che il Comune di Forlì porterà in Piazza Saffi domenica 8 '
                'febbraio a partire dalle ore 15. Quella proposta sarà una '
                'domenica speciale dedicata a famiglie e bambini in maschera, '
                'protagonisti assoluti della festa più colorata dell’anno. A '
                'dare il via ufficiale al Carnevale sarà la parata iniziale '
                'degli artisti che entreranno nel centro cittadino '
                'accompagnando il pubblico verso Piazza Saffi per poi '
                'coinvolgerlo all’insegna del divertimento e dell’allegria. Ma '
                'non mancheranno neanche le delizie: tra postazioni con dolci, '
                'zucchero filato e pop corn per tutti. “Anche quest’anno il '
                'Carnevale si trasformerà in una grande festa di piazza, '
                'pensata soprattutto per i più piccoli e le nostre famiglie, '
                'con giochi, musica e intrattenimento - dichiara l’assessora '
                'ai Grandi Eventi, Andrea Cintorino -. Ovviamente, la rassegna '
                'si inserisce nel palinsesto di iniziative legate alla '
                'Capitale Italiana della Cultura 2028, perché interpreta a '
                'pieno titolo lo spirito di inclusione, partecipazione e forte '
                'identità popolare del percorso di candidatura della città di '
                'Forlì”. In caso di forte maltempo, la manifestazione sarà '
                'rinviata a domenica 15 febbraio.',
 'event_id': 'carnevale-dei-desideri-piazza-saffi-quando-8-febbraio-2026',
 'image_url': '//citynews-forlitoday.stgy.ovh/~media/horizontal-low/12181156933780/il-carnevale-delle-meraviglie.jpeg',
 'location_address': None,
 'location_name': 'Piazza Saffi',
 'price': 'Prezzo non disponibile',
 'raw_data': {'detail': {'altre_informazioni': {'raw_text': 'Altre '
                                                            'informazioni Tema '
                                                            'Carnevale',
                                                'website': None},
                         'descrizione': '50 artisti coinvolti, tra trampolieri '
                                        'che ondeggiano tra la folla, '
                                        'supereroi dei fumetti e la Regina di '
                                        'Cuori. E poi spettacolari scenografie '
                                        'con sculture di palloncini, grandi '
                                        'palloni di gomma, bolle giganti e '
                                        'tanta musica con dj Mitch '
                                        'direttamente da Radio 105. Saranno '
                                        'questi gli ingredienti del nuovo '
                                        '“Carnevale dei Desideri”, il grande '
                                        'spettacolo gratuito che il Comune di '
                                        'Forlì porterà in Piazza Saffi '
                                        'domenica 8 febbraio a partire dalle '
                                        'ore 15. Quella proposta sarà una '
                                        'domenica speciale dedicata a famiglie '
                                        'e bambini in maschera, protagonisti '
                                        'assoluti della festa più colorata '
                                        'dell’anno. A dare il via ufficiale al '
                                        'Carnevale sarà la parata iniziale '
                                        'degli artisti che entreranno nel '
                                        'centro cittadino accompagnando il '
                                        'pubblico verso Piazza Saffi per poi '
                                        'coinvolgerlo all’insegna del '
                                        'divertimento e dell’allegria. Ma non '
                                        'mancheranno neanche le delizie: tra '
                                        'postazioni con dolci, zucchero filato '
                                        'e pop corn per tutti. “Anche '
                                        'quest’anno il Carnevale si '
                                        'trasformerà in una grande festa di '
                                        'piazza, pensata soprattutto per i più '
                                        'piccoli e le nostre famiglie, con '
                                        'giochi, musica e intrattenimento - '
                                        'dichiara l’assessora ai Grandi '
                                        'Eventi, Andrea Cintorino -. '
                                        'Ovviamente, la rassegna si inserisce '
                                        'nel palinsesto di iniziative legate '
                                        'alla Capitale Italiana della Cultura '
                                        '2028, perché interpreta a pieno '
                                        'titolo lo spirito di inclusione, '
                                        'partecipazione e forte identità '
                                        'popolare del percorso di candidatura '
                                        'della città di Forlì”. In caso di '
                                        'forte maltempo, la manifestazione '
                                        'sarà rinviata a domenica 15 febbraio.',
                         'dove': {'address': None,
                                  'name': 'Piazza Saffi',
                                  'raw_text': 'Dove Piazza Saffi Indirizzo non '
                                              'disponibile'},
                         'image': '//citynews-forlitoday.stgy.ovh/~media/horizontal-low/12181156933780/il-carnevale-delle-meraviglie.jpeg',
                         'prezzo': 'Prezzo non disponibile',
                         'quando': {'date_end': '2026-02-08',
                                    'date_start': '2026-02-08',
                                    'raw_text': 'Quando Dal 08/02/2026 al '
                                                '08/02/2026 15',
                                    'schedule': '15'}},
              'list': {'category': 'Disco&Feste',
                       'date': '8 febbraio 2026',
                       'image': '//citynews-forlitoday.stgy.ovh/~media/horizontal-mid/12181156933780/il-carnevale-delle-meraviglie.jpeg',
                       'location': 'Piazza Saffi',
                       'stars': 5,
                       'title': 'La magia del Carnevale sbarca in Piazza '
                                'Saffi: in programma dj set, trampolieri e '
                                'scenografie spettacolari'}},
 'scraped_at': '2026-02-02T19:46:20.110514',
 'source': 'city_today',
 'title': 'La magia del Carnevale sbarca in Piazza Saffi: in programma dj set, '
          'trampolieri e scenografie spettacolari',
 'url': 'https://www.forlitoday.it/eventi/carnevale-dei-desideri-piazza-saffi-quando-8-febbraio-2026.html',
 'uuid': '61a0469557ad9840',
 'website': None}
[2026-02-02T19:46:20.270+0000] {docker.py:429} INFO - 2026-02-02 19:46:20 [scrapy.core.engine] DEBUG: Crawled (200) <GET https://www.forlitoday.it/eventi/pota-boyz-comedy-show-sala-san-luigi-6-febbraio-2026.html> (referer: https://www.forlitoday.it/eventi/dal/2026-02-02/al/2026-02-08/)
[2026-02-02T19:46:20.360+0000] {docker.py:429} INFO - 2026-02-02 19:46:20 [scrapy.core.scraper] DEBUG: Scraped from <200 https://www.forlitoday.it/eventi/pota-boyz-comedy-show-sala-san-luigi-6-febbraio-2026.html>
{'category': ['Teatri'],
 'city': 'Forlì',
 'city_id': None,
 'content_hash': '10e0bfe25feee83a',
 'date_display': '6 febbraio 2026',
 'date_end': '2026-02-06',
 'date_start': '2026-02-06',
 'description': 'Stand-up comedy e improvvisazione tornano protagonisti in '
                'Sala San Luigi. Venerdì 6 febbraio, alle ore 21, a salire sul '
                'palco saranno i Pota Boyz, collettivo comico italiano tra i '
                'più originali della scena contemporanea, noto per il suo mix '
                'di stand-up comedy e improvvisazione teatrale. Il Pota Boyz '
                'Comedy Show nasce come progetto di sei comici professionisti '
                'di Brescia – Andrea Saleri, Tiberio Cosmin, Davide Omino, '
                'Davide Sberna, Giovanni Romano e Adriano Pariante – che '
                'portano sul palco un format dinamico e interattivo. La prima '
                'parte dello spettacolo vede ogni artista esibirsi in '
                'monologhi personali di stand-up comedy; nella seconda parte, '
                'la performance si trasforma in una sessione collettiva di '
                'improvvisazione, costruita sulle “premesse” suggerite dal '
                'presentatore e dal pubblico stesso, rendendo ogni serata '
                'unica e irripetibile. Il gruppo si è imposto all’attenzione '
                'del pubblico italiano sia dal vivo sia online, grazie a '
                'numerosi video diventati virali sui social e alle numerose '
                'date in teatri e locali in tutta la penisola, tra cui anche '
                'palchi prestigiosi come Zelig. Tra i membri, Tiberio Cosmin '
                'si è distinto anche per la sua partecipazione al celebre '
                'talent televisivo Italia’s Got Talent: nel 2023 ha ottenuto '
                'il Golden Buzzer da parte del giudice Frank Matano, '
                'riconoscimento che gli ha permesso di accedere direttamente '
                'alle semifinali del programma, contribuendo alla notorietà '
                'del progetto e alla visibilità mediatica del collettivo. '
                'Biglietti a 20 euro. Per ulteriori informazioni visitare '
                'www.salasanluigi.it.',
 'event_id': 'pota-boyz-comedy-show-sala-san-luigi-6-febbraio-2026',
 'image_url': '//citynews-forlitoday.stgy.ovh/~media/horizontal-low/59075434352093/pota-boys.jpg',
 'location_address': None,
 'location_name': 'Sala San Luigi',
 'price': '20 euro',
 'raw_data': {'detail': {'altre_informazioni': {'raw_text': 'Altre '
                                                            'informazioni',
                                                'website': None},
                         'descrizione': 'Stand-up comedy e improvvisazione '
                                        'tornano protagonisti in Sala San '
                                        'Luigi. Venerdì 6 febbraio, alle ore '
                                        '21, a salire sul palco saranno i Pota '
                                        'Boyz, collettivo comico italiano tra '
                                        'i più originali della scena '
                                        'contemporanea, noto per il suo mix di '
                                        'stand-up comedy e improvvisazione '
                                        'teatrale. Il Pota Boyz Comedy Show '
                                        'nasce come progetto di sei comici '
                                        'professionisti di Brescia – Andrea '
                                        'Saleri, Tiberio Cosmin, Davide Omino, '
                                        'Davide Sberna, Giovanni Romano e '
                                        'Adriano Pariante – che portano sul '
                                        'palco un format dinamico e '
                                        'interattivo. La prima parte dello '
                                        'spettacolo vede ogni artista esibirsi '
                                        'in monologhi personali di stand-up '
                                        'comedy; nella seconda parte, la '
                                        'performance si trasforma in una '
                                        'sessione collettiva di '
                                        'improvvisazione, costruita sulle '
                                        '“premesse” suggerite dal presentatore '
                                        'e dal pubblico stesso, rendendo ogni '
                                        'serata unica e irripetibile. Il '
                                        'gruppo si è imposto all’attenzione '
                                        'del pubblico italiano sia dal vivo '
                                        'sia online, grazie a numerosi video '
                                        'diventati virali sui social e alle '
                                        'numerose date in teatri e locali in '
                                        'tutta la penisola, tra cui anche '
                                        'palchi prestigiosi come Zelig. Tra i '
                                        'membri, Tiberio Cosmin si è distinto '
                                        'anche per la sua partecipazione al '
                                        'celebre talent televisivo Italia’s '
                                        'Got Talent: nel 2023 ha ottenuto il '
                                        'Golden Buzzer da parte del giudice '
                                        'Frank Matano, riconoscimento che gli '
                                        'ha permesso di accedere direttamente '
                                        'alle semifinali del programma, '
                                        'contribuendo alla notorietà del '
                                        'progetto e alla visibilità mediatica '
                                        'del collettivo. Biglietti a 20 euro. '
                                        'Per ulteriori informazioni visitare '
                                        'www.salasanluigi.it.',
                         'dove': {'address': None,
                                  'name': 'Sala San Luigi',
                                  'raw_text': 'Dove Sala San Luigi Indirizzo '
                                              'non disponibile'},
                         'image': '//citynews-forlitoday.stgy.ovh/~media/horizontal-low/59075434352093/pota-boys.jpg',
                         'prezzo': '20 euro',
                         'quando': {'date_end': '2026-02-06',
                                    'date_start': '2026-02-06',
                                    'raw_text': 'Quando Dal 06/02/2026 al '
                                                '06/02/2026 21',
                                    'schedule': '21'}},
              'list': {'category': 'Teatri',
                       'date': '6 febbraio 2026',
                       'image': '//citynews-forlitoday.stgy.ovh/~media/horizontal-mid/59075434352093/pota-boys.jpg',
                       'location': 'Sala San Luigi',
                       'stars': None,
                       'title': 'Stand up comedy e improvvisazione di scena in '
                                'Sala San Luigi con il collettivo Pota Boyz'}},
 'scraped_at': '2026-02-02T19:46:20.358086',
 'source': 'city_today',
 'title': 'Stand up comedy e improvvisazione di scena in Sala San Luigi con il '
          'collettivo Pota Boyz',
 'url': 'https://www.forlitoday.it/eventi/pota-boyz-comedy-show-sala-san-luigi-6-febbraio-2026.html',
 'uuid': 'af2ca3c00a1768cb',
 'website': None}
[2026-02-02T19:46:21.285+0000] {docker.py:429} INFO - 2026-02-02 19:46:21 [scrapy.core.engine] DEBUG: Crawled (200) <GET https://www.forlitoday.it/eventi/torna-magia-delle-porte-il-laboratorio-di-disegno-pensato-per-i-bimbi-tra-i-24-e-i-36-mesi.html> (referer: https://www.forlitoday.it/eventi/dal/2026-02-02/al/2026-02-08/)
[2026-02-02T19:46:21.395+0000] {docker.py:429} INFO - 2026-02-02 19:46:21 [scrapy.core.scraper] DEBUG: Scraped from <200 https://www.forlitoday.it/eventi/torna-magia-delle-porte-il-laboratorio-di-disegno-pensato-per-i-bimbi-tra-i-24-e-i-36-mesi.html>
{'category': ['Hobby'],
 'city': 'Forlì',
 'city_id': None,
 'content_hash': 'd633e8b998d0b338',
 'date_display': '7 febbraio 2026',
 'date_end': '2026-02-07',
 'date_start': '2026-02-07',
 'description': 'Dopo il successo riscosso dalle precedenti edizioni, l’Unità '
                'Operativa Salute Donna Infanzia – Forlì, settore Pediatria di '
                'Comunità, ospita la quarta edizione del progetto “La magia '
                'delle porte”, realizzato in collaborazione con il professor '
                'Marcello Balzani dell’Università di Ferrara e il programma '
                '“Nati per Disegnare”, con il patrocinio dell’Unione Italiana '
                'del Disegno e in sinergia con “Nati per Leggere”. '
                'L’appuntamento, rivolto a bambini di età compresa tra i 24 e '
                'i 36 mesi, accompagnati da un genitore, è fissato per sabato '
                '7 febbraio, alle ore 10.30, alla Pediatria di Comunità di '
                'Forlì. “Il progetto – spiega la dottoressa Giovanna Rita '
                'Indorato, direttrice della Unità Operativa Salute Donna e '
                'Infanzia – nasce con l’intento di promuovere il benessere dei '
                'bambini e delle bambine sin dalla prima infanzia, attraverso '
                'la pratica del disegno come strumento di espressione emotiva, '
                'sviluppo cognitivo e relazione genitore-bambino. Il disegno, '
                'infatti, favorisce la coordinazione motoria, l’attenzione, il '
                'ragionamento e la capacità di interpretare e rappresentare il '
                'mondo circostante. Destinatari dell’iniziativa sono i bambini '
                'di età compresa tra i 24 e i 36 mesi, accompagnati da un '
                'genitore, che verranno coinvolti in un laboratorio creativo '
                'per stimolare l’immaginazione e la narrazione iconica, '
                'attraverso la costruzione condivisa di ‘porte magiche’ che '
                'aprono mondi di fantasia e relazione.” “Il progetto – '
                'conclude – si propone anche di contrastare il pregiudizio '
                'secondo cui il disegno sarebbe una pratica da abbandonare con '
                'l’ingresso nella scuola primaria, valorizzandolo invece come '
                'competenza fondamentale per la lettura critica delle immagini '
                'e per la crescita armoniosa dell’individuo”. Per partecipare '
                'all’iniziativa è necessario contattare la Pediatria di '
                'Comunità al numero 0543 733116 oppure scrivendo una e-mail a '
                'salute.infanzia.fo@auslromagna.it',
 'event_id': 'torna-magia-delle-porte-il-laboratorio-di-disegno-pensato-per-i-bimbi-tra-i-24-e-i-36-mesi',
 'image_url': '//citynews-forlitoday.stgy.ovh/~media/horizontal-low/29139877094897/il-disegno-dei-bambini.jpg',
 'location_address': 'Via Cristoforo Colombo, 11',
 'location_name': 'Pediatria di comunità',
 'price': 'Prezzo non disponibile',
 'raw_data': {'detail': {'altre_informazioni': {'raw_text': 'Altre '
                                                            'informazioni',
                                                'website': None},
                         'descrizione': 'Dopo il successo riscosso dalle '
                                        'precedenti edizioni, l’Unità '
                                        'Operativa Salute Donna Infanzia – '
                                        'Forlì, settore Pediatria di Comunità, '
                                        'ospita la quarta edizione del '
                                        'progetto “La magia delle porte”, '
                                        'realizzato in collaborazione con il '
                                        'professor Marcello Balzani '
                                        'dell’Università di Ferrara e il '
                                        'programma “Nati per Disegnare”, con '
                                        'il patrocinio dell’Unione Italiana '
                                        'del Disegno e in sinergia con “Nati '
                                        'per Leggere”. L’appuntamento, rivolto '
                                        'a bambini di età compresa tra i 24 e '
                                        'i 36 mesi, accompagnati da un '
                                        'genitore, è fissato per sabato 7 '
                                        'febbraio, alle ore 10.30, alla '
                                        'Pediatria di Comunità di Forlì. “Il '
                                        'progetto – spiega la dottoressa '
                                        'Giovanna Rita Indorato, direttrice '
                                        'della Unità Operativa Salute Donna e '
                                        'Infanzia – nasce con l’intento di '
                                        'promuovere il benessere dei bambini e '
                                        'delle bambine sin dalla prima '
                                        'infanzia, attraverso la pratica del '
                                        'disegno come strumento di espressione '
                                        'emotiva, sviluppo cognitivo e '
                                        'relazione genitore-bambino. Il '
                                        'disegno, infatti, favorisce la '
                                        'coordinazione motoria, l’attenzione, '
                                        'il ragionamento e la capacità di '
                                        'interpretare e rappresentare il mondo '
                                        'circostante. Destinatari '
                                        'dell’iniziativa sono i bambini di età '
                                        'compresa tra i 24 e i 36 mesi, '
                                        'accompagnati da un genitore, che '
                                        'verranno coinvolti in un laboratorio '
                                        'creativo per stimolare '
                                        'l’immaginazione e la narrazione '
                                        'iconica, attraverso la costruzione '
                                        'condivisa di ‘porte magiche’ che '
                                        'aprono mondi di fantasia e '
                                        'relazione.” “Il progetto – conclude – '
                                        'si propone anche di contrastare il '
                                        'pregiudizio secondo cui il disegno '
                                        'sarebbe una pratica da abbandonare '
                                        'con l’ingresso nella scuola primaria, '
                                        'valorizzandolo invece come competenza '
                                        'fondamentale per la lettura critica '
                                        'delle immagini e per la crescita '
                                        'armoniosa dell’individuo”. Per '
                                        'partecipare all’iniziativa è '
                                        'necessario contattare la Pediatria di '
                                        'Comunità al numero 0543 733116 oppure '
                                        'scrivendo una e-mail a '
                                        'salute.infanzia.fo@auslromagna.it',
                         'dove': {'address': 'Via Cristoforo Colombo, 11',
                                  'name': 'Pediatria di comunità',
                                  'raw_text': 'Dove Pediatria di comunità Via '
                                              'Cristoforo Colombo, 11'},
                         'image': '//citynews-forlitoday.stgy.ovh/~media/horizontal-low/29139877094897/il-disegno-dei-bambini.jpg',
                         'prezzo': 'Prezzo non disponibile',
                         'quando': {'date_end': '2026-02-07',
                                    'date_start': '2026-02-07',
                                    'raw_text': 'Quando Dal 07/02/2026 al '
                                                '07/02/2026 10.30',
                                    'schedule': '10.30'}},
              'list': {'category': 'Hobby',
                       'date': '7 febbraio 2026',
                       'image': '//citynews-forlitoday.stgy.ovh/~media/horizontal-mid/29139877094897/il-disegno-dei-bambini.jpg',
                       'location': 'Pediatria di comunità',
                       'stars': None,
                       'title': 'Torna la "Magia delle porte", il laboratorio '
                                'di disegno pensato per i bimbi tra i 24 e i '
                                '36 mesi'}},
 'scraped_at': '2026-02-02T19:46:21.392295',
 'source': 'city_today',
 'title': 'Torna la "Magia delle porte", il laboratorio di disegno pensato per '
          'i bimbi tra i 24 e i 36 mesi',
 'url': 'https://www.forlitoday.it/eventi/torna-magia-delle-porte-il-laboratorio-di-disegno-pensato-per-i-bimbi-tra-i-24-e-i-36-mesi.html',
 'uuid': 'd3d025980983a0c9',
 'website': None}
[2026-02-02T19:46:21.396+0000] {docker.py:429} INFO - 2026-02-02 19:46:21 [scrapy.core.engine] INFO: Closing spider (finished)
[2026-02-02T19:46:21.397+0000] {docker.py:429} INFO - 2026-02-02 19:46:21 [scrapy.extensions.feedexport] INFO: Stored json feed (29 items) in: /app/city_today/output/eventi_forli_questa-settimana_20260202_194543.json
[2026-02-02T19:46:21.398+0000] {docker.py:429} INFO - 2026-02-02 19:46:21 [scrapy.statscollectors] INFO: Dumping Scrapy stats:
{'downloader/request_bytes': 13651,
 'downloader/request_count': 31,
 'downloader/request_method_count/GET': 31,
 'downloader/response_bytes': 4670817,
 'downloader/response_count': 31,
 'downloader/response_status_count/200': 31,
 'elapsed_time_seconds': 37.816384,
 'feedexport/success_count/FileFeedStorage': 1,
 'finish_reason': 'finished',
 'finish_time': datetime.datetime(2026, 2, 2, 19, 46, 21, 395232, tzinfo=datetime.timezone.utc),
 'httpcompression/response_bytes': 25425521,
 'httpcompression/response_count': 31,
 'item_scraped_count': 29,
 'items_per_city/Forlì': 29,
 'items_per_minute': 47.027027027027025,
 'log_count/DEBUG': 60,
 'log_count/INFO': 3,
 'memusage/max': 68845568,
 'memusage/startup': 68845568,
 'request_depth_max': 1,
 'response_received_count': 31,
 'responses_per_minute': 50.27027027027027,
 'robotstxt/request_count': 1,
 'robotstxt/response_count': 1,
 'robotstxt/response_status_count/200': 1,
 'scheduler/dequeued': 30,
 'scheduler/dequeued/memory': 30,
 'scheduler/enqueued': 30,
 'scheduler/enqueued/memory': 30,
 'start_time': datetime.datetime(2026, 2, 2, 19, 45, 43, 578848, tzinfo=datetime.timezone.utc)}
2026-02-02 19:46:21 [scrapy.core.engine] INFO: Spider closed (finished)
[2026-02-02T19:46:21.431+0000] {docker.py:429} INFO - Scraping completato. File: /app/city_today/output/eventi_forli_questa-settimana_20260202_194543.json
[2026-02-02T19:46:21.750+0000] {taskinstance.py:1138} INFO - Marking task as SUCCESS. dag_id=etl_events_daily, task_id=process_forli.scrape_city_today, execution_date=20260201T060000, start_date=20260202T194542, end_date=20260202T194621
[2026-02-02T19:46:21.785+0000] {local_task_job_runner.py:234} INFO - Task exited with return code 0
[2026-02-02T19:46:21.822+0000] {taskinstance.py:3280} INFO - 0 downstream tasks scheduled from follow-on schedule check
