[2026-01-28T22:20:02.864+0000] {taskinstance.py:1956} INFO - Dependencies all met for dep_context=non-requeueable deps ti=<TaskInstance: etl_events_daily.process_firenze.scrape_zero_eu manual__2026-01-28T22:19:44.377550+00:00 [queued]>
[2026-01-28T22:20:02.871+0000] {taskinstance.py:1956} INFO - Dependencies all met for dep_context=requeueable deps ti=<TaskInstance: etl_events_daily.process_firenze.scrape_zero_eu manual__2026-01-28T22:19:44.377550+00:00 [queued]>
[2026-01-28T22:20:02.872+0000] {taskinstance.py:2170} INFO - Starting attempt 1 of 4
[2026-01-28T22:20:02.884+0000] {taskinstance.py:2191} INFO - Executing <Task(FilterableDockerOperator): process_firenze.scrape_zero_eu> on 2026-01-28 22:19:44.377550+00:00
[2026-01-28T22:20:02.890+0000] {standard_task_runner.py:60} INFO - Started process 2517 to run task
[2026-01-28T22:20:02.893+0000] {standard_task_runner.py:87} INFO - Running: ['airflow', 'tasks', 'run', 'etl_events_daily', 'process_firenze.scrape_zero_eu', 'manual__2026-01-28T22:19:44.377550+00:00', '--job-id', '165', '--raw', '--subdir', 'DAGS_FOLDER/scrape_events.py', '--cfg-path', '/tmp/tmpmeulvufb']
[2026-01-28T22:20:02.895+0000] {standard_task_runner.py:88} INFO - Job 165: Subtask process_firenze.scrape_zero_eu
[2026-01-28T22:20:02.913+0000] {logging_mixin.py:188} WARNING - /home/airflow/.local/lib/python3.11/site-packages/airflow/settings.py:194 DeprecationWarning: The sql_alchemy_conn option in [core] has been moved to the sql_alchemy_conn option in [database] - the old setting has been used, but please update your config.
[2026-01-28T22:20:02.958+0000] {task_command.py:423} INFO - Running <TaskInstance: etl_events_daily.process_firenze.scrape_zero_eu manual__2026-01-28T22:19:44.377550+00:00 [running]> on host a9aac56aef94
[2026-01-28T22:20:03.069+0000] {taskinstance.py:2480} INFO - Exporting env vars: AIRFLOW_CTX_DAG_OWNER='airflow' AIRFLOW_CTX_DAG_ID='etl_events_daily' AIRFLOW_CTX_TASK_ID='process_firenze.scrape_zero_eu' AIRFLOW_CTX_EXECUTION_DATE='2026-01-28T22:19:44.377550+00:00' AIRFLOW_CTX_TRY_NUMBER='1' AIRFLOW_CTX_DAG_RUN_ID='manual__2026-01-28T22:19:44.377550+00:00'
[2026-01-28T22:20:03.091+0000] {docker.py:359} INFO - Starting docker container from image scrapy-events:latest
[2026-01-28T22:20:03.099+0000] {docker.py:367} WARNING - Using remote engine or docker-in-docker and mounting temporary volume from host is not supported. Falling back to `mount_tmp_dir=False` mode. You can set `mount_tmp_dir` parameter to False to disable mounting and remove the warning
[2026-01-28T22:20:03.713+0000] {docker.py:429} INFO - Avvio scraping Zero.eu per: Firenze
[2026-01-28T22:20:03.716+0000] {docker.py:429} INFO - 2026-01-28 22:20:03 [scrapy.utils.log] INFO: Scrapy 2.14.1 started (bot: zero_scraper)
[2026-01-28T22:20:03.722+0000] {docker.py:429} INFO - 2026-01-28 22:20:03 [scrapy.utils.log] INFO: Versions:
{'lxml': '6.0.2',
 'libxml2': '2.14.6',
 'cssselect': '1.3.0',
 'parsel': '1.10.0',
 'w3lib': '2.3.1',
 'Twisted': '25.5.0',
 'Python': '3.11.14 (main, Jan 13 2026, 03:12:14) [GCC 14.2.0]',
 'pyOpenSSL': '25.3.0 (OpenSSL 3.5.4 30 Sep 2025)',
 'cryptography': '46.0.3',
 'Platform': 'Linux-6.12.54-linuxkit-x86_64-with-glibc2.41'}
2026-01-28 22:20:03 [scrapy.crawler] DEBUG: Using CrawlerProcess
[2026-01-28T22:20:03.724+0000] {docker.py:429} INFO - 2026-01-28 22:20:03 [scrapy.addons] INFO: Enabled addons:
[]
[2026-01-28T22:20:03.726+0000] {docker.py:429} INFO - 2026-01-28 22:20:03 [asyncio] DEBUG: Using selector: EpollSelector
[2026-01-28T22:20:03.726+0000] {docker.py:429} INFO - 2026-01-28 22:20:03 [scrapy.utils.log] DEBUG: Using reactor: twisted.internet.asyncioreactor.AsyncioSelectorReactor
[2026-01-28T22:20:03.727+0000] {docker.py:429} INFO - 2026-01-28 22:20:03 [scrapy.utils.log] DEBUG: Using asyncio event loop: asyncio.unix_events._UnixSelectorEventLoop
[2026-01-28T22:20:03.730+0000] {docker.py:429} INFO - 2026-01-28 22:20:03 [scrapy.extensions.telnet] INFO: Telnet Password: 1fc25cef49f8a749
[2026-01-28T22:20:03.775+0000] {docker.py:429} INFO - 2026-01-28 22:20:03 [scrapy.middleware] INFO: Enabled extensions:
['scrapy.extensions.corestats.CoreStats',
 'scrapy.extensions.logcount.LogCount',
 'scrapy.extensions.telnet.TelnetConsole',
 'scrapy.extensions.memusage.MemoryUsage',
 'scrapy.extensions.feedexport.FeedExporter',
 'scrapy.extensions.logstats.LogStats']
[2026-01-28T22:20:03.776+0000] {docker.py:429} INFO - 2026-01-28 22:20:03 [scrapy.crawler] INFO: Overridden settings:
{'BOT_NAME': 'zero_scraper',
 'CONCURRENT_REQUESTS': 2,
 'CONCURRENT_REQUESTS_PER_DOMAIN': 1,
 'DOWNLOAD_DELAY': 0.5,
 'FEED_EXPORT_ENCODING': 'utf-8',
 'NEWSPIDER_MODULE': 'zero_scraper.spiders',
 'SPIDER_MODULES': ['zero_scraper.spiders'],
 'USER_AGENT': 'Mozilla/5.0 (Macintosh; Intel Mac OS X 10_15_7) '
               'AppleWebKit/537.36 (KHTML, like Gecko) Chrome/120.0.0.0 '
               'Safari/537.36'}
[2026-01-28T22:20:03.840+0000] {docker.py:429} INFO - 2026-01-28 22:20:03 [scrapy.middleware] INFO: Enabled downloader middlewares:
['scrapy.downloadermiddlewares.offsite.OffsiteMiddleware',
 'scrapy.downloadermiddlewares.httpauth.HttpAuthMiddleware',
 'scrapy.downloadermiddlewares.downloadtimeout.DownloadTimeoutMiddleware',
 'scrapy.downloadermiddlewares.defaultheaders.DefaultHeadersMiddleware',
 'scrapy.downloadermiddlewares.useragent.UserAgentMiddleware',
 'scrapy.downloadermiddlewares.retry.RetryMiddleware',
 'scrapy.downloadermiddlewares.redirect.MetaRefreshMiddleware',
 'scrapy.downloadermiddlewares.httpcompression.HttpCompressionMiddleware',
 'scrapy.downloadermiddlewares.redirect.RedirectMiddleware',
 'scrapy.downloadermiddlewares.cookies.CookiesMiddleware',
 'scrapy.downloadermiddlewares.httpproxy.HttpProxyMiddleware',
 'scrapy.downloadermiddlewares.stats.DownloaderStats']
[2026-01-28T22:20:03.843+0000] {docker.py:429} INFO - 2026-01-28 22:20:03 [scrapy.middleware] INFO: Enabled spider middlewares:
['scrapy.spidermiddlewares.start.StartSpiderMiddleware',
 'scrapy.spidermiddlewares.httperror.HttpErrorMiddleware',
 'scrapy.spidermiddlewares.referer.RefererMiddleware',
 'scrapy.spidermiddlewares.urllength.UrlLengthMiddleware',
 'scrapy.spidermiddlewares.depth.DepthMiddleware']
[2026-01-28T22:20:03.843+0000] {docker.py:429} INFO - 2026-01-28 22:20:03 [scrapy.middleware] INFO: Enabled item pipelines:
[]
[2026-01-28T22:20:03.844+0000] {docker.py:429} INFO - Output file: /app/zero_eu/output/eventi_zero_firenze_20260128_222003.json
[2026-01-28T22:20:03.844+0000] {docker.py:429} INFO - 2026-01-28 22:20:03 [scrapy.core.engine] INFO: Spider opened
[2026-01-28T22:20:03.849+0000] {docker.py:429} INFO - 2026-01-28 22:20:03 [py.warnings] WARNING: /usr/local/lib/python3.11/site-packages/scrapy/core/spidermw.py:490: ScrapyDeprecationWarning: zero_scraper.spiders.events_spider.EventsSpider defines the deprecated start_requests() method. start_requests() has been deprecated in favor of a new method, start(), to support asynchronous code execution. start_requests() will stop being called in a future version of Scrapy. If you use Scrapy 2.13 or higher only, replace start_requests() with start(); note that start() is a coroutine (async def). If you need to maintain compatibility with lower Scrapy versions, when overriding start_requests() in a spider class, override start() as well; you can use super() to reuse the inherited start() implementation without copy-pasting. See the release notes of Scrapy 2.13 for details: https://docs.scrapy.org/en/2.13/news.html
  warn(
[2026-01-28T22:20:03.850+0000] {docker.py:429} INFO - 2026-01-28 22:20:03 [scrapy.extensions.logstats] INFO: Crawled 0 pages (at 0 pages/min), scraped 0 items (at 0 items/min)
[2026-01-28T22:20:03.851+0000] {docker.py:429} INFO - 2026-01-28 22:20:03 [scrapy.extensions.telnet] INFO: Telnet console listening on 127.0.0.1:6023
[2026-01-28T22:20:18.077+0000] {docker.py:429} INFO - 2026-01-28 22:20:18 [scrapy.core.engine] DEBUG: Crawled (200) <GET https://zero.eu/api/wp/v2/citta?per_page=100> (referer: None)
[2026-01-28T22:20:18.192+0000] {docker.py:429} INFO - 2026-01-28 22:20:18 [events] INFO: Found city ID for 'firenze': 36
[2026-01-28T22:20:19.756+0000] {docker.py:429} INFO - 2026-01-28 22:20:19 [scrapy.core.engine] DEBUG: Crawled (200) <GET https://zero.eu/api/v2/events?per_page=100&citta=36&_embed=true> (referer: https://zero.eu/api/wp/v2/citta?per_page=100)
[2026-01-28T22:20:20.574+0000] {docker.py:429} INFO - 2026-01-28 22:20:20 [scrapy.core.engine] DEBUG: Crawled (200) <GET https://zero.eu/it/eventi/355740-slavas-snowshow-teatro-strehler,milano/> (referer: https://zero.eu/api/v2/events?per_page=100&citta=36&_embed=true)
[2026-01-28T22:20:20.681+0000] {docker.py:429} INFO - 2026-01-28 22:20:20 [scrapy.core.scraper] ERROR: Spider error processing <GET https://zero.eu/it/eventi/355740-slavas-snowshow-teatro-strehler,milano/> (referer: https://zero.eu/api/v2/events?per_page=100&citta=36&_embed=true)
Traceback (most recent call last):
  File "/usr/local/lib/python3.11/site-packages/scrapy/utils/defer.py", line 355, in iter_errback
    yield next(it)
          ^^^^^^^^
  File "/usr/local/lib/python3.11/site-packages/scrapy/utils/python.py", line 311, in __next__
    return next(self.data)
           ^^^^^^^^^^^^^^^
  File "/usr/local/lib/python3.11/site-packages/scrapy/utils/python.py", line 311, in __next__
    return next(self.data)
           ^^^^^^^^^^^^^^^
  File "/usr/local/lib/python3.11/site-packages/scrapy/core/spidermw.py", line 183, in process_sync
    self._process_spider_exception(
  File "/usr/local/lib/python3.11/site-packages/scrapy/core/spidermw.py", line 256, in _process_spider_exception
    raise exception
  File "/usr/local/lib/python3.11/site-packages/scrapy/core/spidermw.py", line 179, in process_sync
    yield from iterable
  File "/usr/local/lib/python3.11/site-packages/scrapy/spidermiddlewares/base.py", line 60, in process_spider_output
    for o in result:
  File "/usr/local/lib/python3.11/site-packages/scrapy/core/spidermw.py", line 183, in process_sync
    self._process_spider_exception(
  File "/usr/local/lib/python3.11/site-packages/scrapy/core/spidermw.py", line 256, in _process_spider_exception
    raise exception
  File "/usr/local/lib/python3.11/site-packages/scrapy/core/spidermw.py", line 179, in process_sync
    yield from iterable
  File "/usr/local/lib/python3.11/site-packages/scrapy/spidermiddlewares/base.py", line 60, in process_spider_output
    for o in result:
  File "/usr/local/lib/python3.11/site-packages/scrapy/core/spidermw.py", line 183, in process_sync
    self._process_spider_exception(
  File "/usr/local/lib/python3.11/site-packages/scrapy/core/spidermw.py", line 256, in _process_spider_exception
    raise exception
  File "/usr/local/lib/python3.11/site-packages/scrapy/core/spidermw.py", line 179, in process_sync
    yield from iterable
  File "/usr/local/lib/python3.11/site-packages/scrapy/spidermiddlewares/base.py", line 60, in process_spider_output
    for o in result:
  File "/usr/local/lib/python3.11/site-packages/scrapy/core/spidermw.py", line 183, in process_sync
    self._process_spider_exception(
  File "/usr/local/lib/python3.11/site-packages/scrapy/core/spidermw.py", line 256, in _process_spider_exception
    raise exception
  File "/usr/local/lib/python3.11/site-packages/scrapy/core/spidermw.py", line 179, in process_sync
    yield from iterable
  File "/usr/local/lib/python3.11/site-packages/scrapy/spidermiddlewares/depth.py", line 61, in process_spider_output
    yield from super().process_spider_output(response, result)
  File "/usr/local/lib/python3.11/site-packages/scrapy/spidermiddlewares/base.py", line 60, in process_spider_output
    for o in result:
  File "/usr/local/lib/python3.11/site-packages/scrapy/core/spidermw.py", line 183, in process_sync
    self._process_spider_exception(
  File "/usr/local/lib/python3.11/site-packages/scrapy/core/spidermw.py", line 256, in _process_spider_exception
    raise exception
  File "/usr/local/lib/python3.11/site-packages/scrapy/core/spidermw.py", line 179, in process_sync
    yield from iterable
  File "/app/zero_eu/zero_scraper/spiders/events_spider.py", line 227, in parse_event_page
    item["uuid"] = hashlib.sha256(uuid_string.encode('utf-8')).hexdigest()[:16]
    ~~~~^^^^^^^^
  File "/usr/local/lib/python3.11/site-packages/scrapy/item.py", line 98, in __setitem__
    raise KeyError(f"{self.__class__.__name__} does not support field: {key}")
KeyError: 'EventItem does not support field: uuid'
[2026-01-28T22:20:21.333+0000] {docker.py:429} INFO - 2026-01-28 22:20:21 [scrapy.core.engine] DEBUG: Crawled (200) <GET https://zero.eu/it/eventi/356761-silvia-camporesi-uno-strappo-nel-cielo-di-carta,roma/> (referer: https://zero.eu/api/v2/events?per_page=100&citta=36&_embed=true)
[2026-01-28T22:20:21.438+0000] {docker.py:429} INFO - 2026-01-28 22:20:21 [scrapy.core.scraper] ERROR: Spider error processing <GET https://zero.eu/it/eventi/356761-silvia-camporesi-uno-strappo-nel-cielo-di-carta,roma/> (referer: https://zero.eu/api/v2/events?per_page=100&citta=36&_embed=true)
Traceback (most recent call last):
  File "/usr/local/lib/python3.11/site-packages/scrapy/utils/defer.py", line 355, in iter_errback
    yield next(it)
          ^^^^^^^^
  File "/usr/local/lib/python3.11/site-packages/scrapy/utils/python.py", line 311, in __next__
    return next(self.data)
           ^^^^^^^^^^^^^^^
  File "/usr/local/lib/python3.11/site-packages/scrapy/utils/python.py", line 311, in __next__
    return next(self.data)
           ^^^^^^^^^^^^^^^
  File "/usr/local/lib/python3.11/site-packages/scrapy/core/spidermw.py", line 183, in process_sync
    self._process_spider_exception(
  File "/usr/local/lib/python3.11/site-packages/scrapy/core/spidermw.py", line 256, in _process_spider_exception
    raise exception
  File "/usr/local/lib/python3.11/site-packages/scrapy/core/spidermw.py", line 179, in process_sync
    yield from iterable
  File "/usr/local/lib/python3.11/site-packages/scrapy/spidermiddlewares/base.py", line 60, in process_spider_output
    for o in result:
  File "/usr/local/lib/python3.11/site-packages/scrapy/core/spidermw.py", line 183, in process_sync
    self._process_spider_exception(
  File "/usr/local/lib/python3.11/site-packages/scrapy/core/spidermw.py", line 256, in _process_spider_exception
    raise exception
  File "/usr/local/lib/python3.11/site-packages/scrapy/core/spidermw.py", line 179, in process_sync
    yield from iterable
  File "/usr/local/lib/python3.11/site-packages/scrapy/spidermiddlewares/base.py", line 60, in process_spider_output
    for o in result:
  File "/usr/local/lib/python3.11/site-packages/scrapy/core/spidermw.py", line 183, in process_sync
    self._process_spider_exception(
  File "/usr/local/lib/python3.11/site-packages/scrapy/core/spidermw.py", line 256, in _process_spider_exception
    raise exception
  File "/usr/local/lib/python3.11/site-packages/scrapy/core/spidermw.py", line 179, in process_sync
    yield from iterable
  File "/usr/local/lib/python3.11/site-packages/scrapy/spidermiddlewares/base.py", line 60, in process_spider_output
    for o in result:
  File "/usr/local/lib/python3.11/site-packages/scrapy/core/spidermw.py", line 183, in process_sync
    self._process_spider_exception(
  File "/usr/local/lib/python3.11/site-packages/scrapy/core/spidermw.py", line 256, in _process_spider_exception
    raise exception
  File "/usr/local/lib/python3.11/site-packages/scrapy/core/spidermw.py", line 179, in process_sync
    yield from iterable
  File "/usr/local/lib/python3.11/site-packages/scrapy/spidermiddlewares/depth.py", line 61, in process_spider_output
    yield from super().process_spider_output(response, result)
  File "/usr/local/lib/python3.11/site-packages/scrapy/spidermiddlewares/base.py", line 60, in process_spider_output
    for o in result:
  File "/usr/local/lib/python3.11/site-packages/scrapy/core/spidermw.py", line 183, in process_sync
    self._process_spider_exception(
  File "/usr/local/lib/python3.11/site-packages/scrapy/core/spidermw.py", line 256, in _process_spider_exception
    raise exception
  File "/usr/local/lib/python3.11/site-packages/scrapy/core/spidermw.py", line 179, in process_sync
    yield from iterable
  File "/app/zero_eu/zero_scraper/spiders/events_spider.py", line 227, in parse_event_page
    item["uuid"] = hashlib.sha256(uuid_string.encode('utf-8')).hexdigest()[:16]
    ~~~~^^^^^^^^
  File "/usr/local/lib/python3.11/site-packages/scrapy/item.py", line 98, in __setitem__
    raise KeyError(f"{self.__class__.__name__} does not support field: {key}")
KeyError: 'EventItem does not support field: uuid'
[2026-01-28T22:20:22.132+0000] {docker.py:429} INFO - 2026-01-28 22:20:22 [scrapy.core.engine] DEBUG: Crawled (200) <GET https://zero.eu/it/eventi/356814-ned-ensemble-fanfulla-gennaio-2026,roma/> (referer: https://zero.eu/api/v2/events?per_page=100&citta=36&_embed=true)
[2026-01-28T22:20:22.236+0000] {docker.py:429} INFO - 2026-01-28 22:20:22 [scrapy.core.scraper] ERROR: Spider error processing <GET https://zero.eu/it/eventi/356814-ned-ensemble-fanfulla-gennaio-2026,roma/> (referer: https://zero.eu/api/v2/events?per_page=100&citta=36&_embed=true)
Traceback (most recent call last):
  File "/usr/local/lib/python3.11/site-packages/scrapy/utils/defer.py", line 355, in iter_errback
    yield next(it)
          ^^^^^^^^
  File "/usr/local/lib/python3.11/site-packages/scrapy/utils/python.py", line 311, in __next__
    return next(self.data)
           ^^^^^^^^^^^^^^^
  File "/usr/local/lib/python3.11/site-packages/scrapy/utils/python.py", line 311, in __next__
    return next(self.data)
           ^^^^^^^^^^^^^^^
  File "/usr/local/lib/python3.11/site-packages/scrapy/core/spidermw.py", line 183, in process_sync
    self._process_spider_exception(
  File "/usr/local/lib/python3.11/site-packages/scrapy/core/spidermw.py", line 256, in _process_spider_exception
    raise exception
  File "/usr/local/lib/python3.11/site-packages/scrapy/core/spidermw.py", line 179, in process_sync
    yield from iterable
  File "/usr/local/lib/python3.11/site-packages/scrapy/spidermiddlewares/base.py", line 60, in process_spider_output
    for o in result:
  File "/usr/local/lib/python3.11/site-packages/scrapy/core/spidermw.py", line 183, in process_sync
    self._process_spider_exception(
  File "/usr/local/lib/python3.11/site-packages/scrapy/core/spidermw.py", line 256, in _process_spider_exception
    raise exception
  File "/usr/local/lib/python3.11/site-packages/scrapy/core/spidermw.py", line 179, in process_sync
    yield from iterable
  File "/usr/local/lib/python3.11/site-packages/scrapy/spidermiddlewares/base.py", line 60, in process_spider_output
    for o in result:
  File "/usr/local/lib/python3.11/site-packages/scrapy/core/spidermw.py", line 183, in process_sync
    self._process_spider_exception(
  File "/usr/local/lib/python3.11/site-packages/scrapy/core/spidermw.py", line 256, in _process_spider_exception
    raise exception
  File "/usr/local/lib/python3.11/site-packages/scrapy/core/spidermw.py", line 179, in process_sync
    yield from iterable
  File "/usr/local/lib/python3.11/site-packages/scrapy/spidermiddlewares/base.py", line 60, in process_spider_output
    for o in result:
  File "/usr/local/lib/python3.11/site-packages/scrapy/core/spidermw.py", line 183, in process_sync
    self._process_spider_exception(
  File "/usr/local/lib/python3.11/site-packages/scrapy/core/spidermw.py", line 256, in _process_spider_exception
    raise exception
  File "/usr/local/lib/python3.11/site-packages/scrapy/core/spidermw.py", line 179, in process_sync
    yield from iterable
  File "/usr/local/lib/python3.11/site-packages/scrapy/spidermiddlewares/depth.py", line 61, in process_spider_output
    yield from super().process_spider_output(response, result)
  File "/usr/local/lib/python3.11/site-packages/scrapy/spidermiddlewares/base.py", line 60, in process_spider_output
    for o in result:
  File "/usr/local/lib/python3.11/site-packages/scrapy/core/spidermw.py", line 183, in process_sync
    self._process_spider_exception(
  File "/usr/local/lib/python3.11/site-packages/scrapy/core/spidermw.py", line 256, in _process_spider_exception
    raise exception
  File "/usr/local/lib/python3.11/site-packages/scrapy/core/spidermw.py", line 179, in process_sync
    yield from iterable
  File "/app/zero_eu/zero_scraper/spiders/events_spider.py", line 227, in parse_event_page
    item["uuid"] = hashlib.sha256(uuid_string.encode('utf-8')).hexdigest()[:16]
    ~~~~^^^^^^^^
  File "/usr/local/lib/python3.11/site-packages/scrapy/item.py", line 98, in __setitem__
    raise KeyError(f"{self.__class__.__name__} does not support field: {key}")
KeyError: 'EventItem does not support field: uuid'
[2026-01-28T22:20:22.868+0000] {docker.py:429} INFO - 2026-01-28 22:20:22 [scrapy.core.engine] DEBUG: Crawled (200) <GET https://zero.eu/it/eventi/356945-saverio-la-ruina-miracolo-a-crotone,roma/> (referer: https://zero.eu/api/v2/events?per_page=100&citta=36&_embed=true)
[2026-01-28T22:20:22.972+0000] {docker.py:429} INFO - 2026-01-28 22:20:22 [scrapy.core.scraper] ERROR: Spider error processing <GET https://zero.eu/it/eventi/356945-saverio-la-ruina-miracolo-a-crotone,roma/> (referer: https://zero.eu/api/v2/events?per_page=100&citta=36&_embed=true)
Traceback (most recent call last):
  File "/usr/local/lib/python3.11/site-packages/scrapy/utils/defer.py", line 355, in iter_errback
    yield next(it)
          ^^^^^^^^
  File "/usr/local/lib/python3.11/site-packages/scrapy/utils/python.py", line 311, in __next__
    return next(self.data)
           ^^^^^^^^^^^^^^^
  File "/usr/local/lib/python3.11/site-packages/scrapy/utils/python.py", line 311, in __next__
    return next(self.data)
           ^^^^^^^^^^^^^^^
  File "/usr/local/lib/python3.11/site-packages/scrapy/core/spidermw.py", line 183, in process_sync
    self._process_spider_exception(
  File "/usr/local/lib/python3.11/site-packages/scrapy/core/spidermw.py", line 256, in _process_spider_exception
    raise exception
  File "/usr/local/lib/python3.11/site-packages/scrapy/core/spidermw.py", line 179, in process_sync
    yield from iterable
  File "/usr/local/lib/python3.11/site-packages/scrapy/spidermiddlewares/base.py", line 60, in process_spider_output
    for o in result:
  File "/usr/local/lib/python3.11/site-packages/scrapy/core/spidermw.py", line 183, in process_sync
    self._process_spider_exception(
  File "/usr/local/lib/python3.11/site-packages/scrapy/core/spidermw.py", line 256, in _process_spider_exception
    raise exception
  File "/usr/local/lib/python3.11/site-packages/scrapy/core/spidermw.py", line 179, in process_sync
    yield from iterable
  File "/usr/local/lib/python3.11/site-packages/scrapy/spidermiddlewares/base.py", line 60, in process_spider_output
    for o in result:
  File "/usr/local/lib/python3.11/site-packages/scrapy/core/spidermw.py", line 183, in process_sync
    self._process_spider_exception(
  File "/usr/local/lib/python3.11/site-packages/scrapy/core/spidermw.py", line 256, in _process_spider_exception
    raise exception
  File "/usr/local/lib/python3.11/site-packages/scrapy/core/spidermw.py", line 179, in process_sync
    yield from iterable
  File "/usr/local/lib/python3.11/site-packages/scrapy/spidermiddlewares/base.py", line 60, in process_spider_output
    for o in result:
  File "/usr/local/lib/python3.11/site-packages/scrapy/core/spidermw.py", line 183, in process_sync
    self._process_spider_exception(
  File "/usr/local/lib/python3.11/site-packages/scrapy/core/spidermw.py", line 256, in _process_spider_exception
    raise exception
  File "/usr/local/lib/python3.11/site-packages/scrapy/core/spidermw.py", line 179, in process_sync
    yield from iterable
  File "/usr/local/lib/python3.11/site-packages/scrapy/spidermiddlewares/depth.py", line 61, in process_spider_output
    yield from super().process_spider_output(response, result)
  File "/usr/local/lib/python3.11/site-packages/scrapy/spidermiddlewares/base.py", line 60, in process_spider_output
    for o in result:
  File "/usr/local/lib/python3.11/site-packages/scrapy/core/spidermw.py", line 183, in process_sync
    self._process_spider_exception(
  File "/usr/local/lib/python3.11/site-packages/scrapy/core/spidermw.py", line 256, in _process_spider_exception
    raise exception
  File "/usr/local/lib/python3.11/site-packages/scrapy/core/spidermw.py", line 179, in process_sync
    yield from iterable
  File "/app/zero_eu/zero_scraper/spiders/events_spider.py", line 227, in parse_event_page
    item["uuid"] = hashlib.sha256(uuid_string.encode('utf-8')).hexdigest()[:16]
    ~~~~^^^^^^^^
  File "/usr/local/lib/python3.11/site-packages/scrapy/item.py", line 98, in __setitem__
    raise KeyError(f"{self.__class__.__name__} does not support field: {key}")
KeyError: 'EventItem does not support field: uuid'
[2026-01-28T22:20:23.705+0000] {docker.py:429} INFO - 2026-01-28 22:20:23 [scrapy.core.engine] DEBUG: Crawled (200) <GET https://zero.eu/it/eventi/357076-sona-gennaio-2026-3,roma/> (referer: https://zero.eu/api/v2/events?per_page=100&citta=36&_embed=true)
[2026-01-28T22:20:23.812+0000] {docker.py:429} INFO - 2026-01-28 22:20:23 [scrapy.core.scraper] ERROR: Spider error processing <GET https://zero.eu/it/eventi/357076-sona-gennaio-2026-3,roma/> (referer: https://zero.eu/api/v2/events?per_page=100&citta=36&_embed=true)
Traceback (most recent call last):
  File "/usr/local/lib/python3.11/site-packages/scrapy/utils/defer.py", line 355, in iter_errback
    yield next(it)
          ^^^^^^^^
  File "/usr/local/lib/python3.11/site-packages/scrapy/utils/python.py", line 311, in __next__
    return next(self.data)
           ^^^^^^^^^^^^^^^
  File "/usr/local/lib/python3.11/site-packages/scrapy/utils/python.py", line 311, in __next__
    return next(self.data)
           ^^^^^^^^^^^^^^^
  File "/usr/local/lib/python3.11/site-packages/scrapy/core/spidermw.py", line 183, in process_sync
    self._process_spider_exception(
  File "/usr/local/lib/python3.11/site-packages/scrapy/core/spidermw.py", line 256, in _process_spider_exception
    raise exception
  File "/usr/local/lib/python3.11/site-packages/scrapy/core/spidermw.py", line 179, in process_sync
    yield from iterable
  File "/usr/local/lib/python3.11/site-packages/scrapy/spidermiddlewares/base.py", line 60, in process_spider_output
    for o in result:
  File "/usr/local/lib/python3.11/site-packages/scrapy/core/spidermw.py", line 183, in process_sync
    self._process_spider_exception(
  File "/usr/local/lib/python3.11/site-packages/scrapy/core/spidermw.py", line 256, in _process_spider_exception
    raise exception
  File "/usr/local/lib/python3.11/site-packages/scrapy/core/spidermw.py", line 179, in process_sync
    yield from iterable
  File "/usr/local/lib/python3.11/site-packages/scrapy/spidermiddlewares/base.py", line 60, in process_spider_output
    for o in result:
  File "/usr/local/lib/python3.11/site-packages/scrapy/core/spidermw.py", line 183, in process_sync
    self._process_spider_exception(
  File "/usr/local/lib/python3.11/site-packages/scrapy/core/spidermw.py", line 256, in _process_spider_exception
    raise exception
  File "/usr/local/lib/python3.11/site-packages/scrapy/core/spidermw.py", line 179, in process_sync
    yield from iterable
  File "/usr/local/lib/python3.11/site-packages/scrapy/spidermiddlewares/base.py", line 60, in process_spider_output
    for o in result:
  File "/usr/local/lib/python3.11/site-packages/scrapy/core/spidermw.py", line 183, in process_sync
    self._process_spider_exception(
  File "/usr/local/lib/python3.11/site-packages/scrapy/core/spidermw.py", line 256, in _process_spider_exception
    raise exception
  File "/usr/local/lib/python3.11/site-packages/scrapy/core/spidermw.py", line 179, in process_sync
    yield from iterable
  File "/usr/local/lib/python3.11/site-packages/scrapy/spidermiddlewares/depth.py", line 61, in process_spider_output
    yield from super().process_spider_output(response, result)
  File "/usr/local/lib/python3.11/site-packages/scrapy/spidermiddlewares/base.py", line 60, in process_spider_output
    for o in result:
  File "/usr/local/lib/python3.11/site-packages/scrapy/core/spidermw.py", line 183, in process_sync
    self._process_spider_exception(
  File "/usr/local/lib/python3.11/site-packages/scrapy/core/spidermw.py", line 256, in _process_spider_exception
    raise exception
  File "/usr/local/lib/python3.11/site-packages/scrapy/core/spidermw.py", line 179, in process_sync
    yield from iterable
  File "/app/zero_eu/zero_scraper/spiders/events_spider.py", line 227, in parse_event_page
    item["uuid"] = hashlib.sha256(uuid_string.encode('utf-8')).hexdigest()[:16]
    ~~~~^^^^^^^^
  File "/usr/local/lib/python3.11/site-packages/scrapy/item.py", line 98, in __setitem__
    raise KeyError(f"{self.__class__.__name__} does not support field: {key}")
KeyError: 'EventItem does not support field: uuid'
[2026-01-28T22:20:24.501+0000] {docker.py:429} INFO - 2026-01-28 22:20:24 [scrapy.core.engine] DEBUG: Crawled (200) <GET https://zero.eu/it/eventi/357088-rebel-rebel-nuovo-olimpia-4,roma/> (referer: https://zero.eu/api/v2/events?per_page=100&citta=36&_embed=true)
[2026-01-28T22:20:24.606+0000] {docker.py:429} INFO - 2026-01-28 22:20:24 [scrapy.core.scraper] ERROR: Spider error processing <GET https://zero.eu/it/eventi/357088-rebel-rebel-nuovo-olimpia-4,roma/> (referer: https://zero.eu/api/v2/events?per_page=100&citta=36&_embed=true)
Traceback (most recent call last):
  File "/usr/local/lib/python3.11/site-packages/scrapy/utils/defer.py", line 355, in iter_errback
    yield next(it)
          ^^^^^^^^
  File "/usr/local/lib/python3.11/site-packages/scrapy/utils/python.py", line 311, in __next__
    return next(self.data)
           ^^^^^^^^^^^^^^^
  File "/usr/local/lib/python3.11/site-packages/scrapy/utils/python.py", line 311, in __next__
    return next(self.data)
           ^^^^^^^^^^^^^^^
  File "/usr/local/lib/python3.11/site-packages/scrapy/core/spidermw.py", line 183, in process_sync
    self._process_spider_exception(
  File "/usr/local/lib/python3.11/site-packages/scrapy/core/spidermw.py", line 256, in _process_spider_exception
    raise exception
  File "/usr/local/lib/python3.11/site-packages/scrapy/core/spidermw.py", line 179, in process_sync
    yield from iterable
  File "/usr/local/lib/python3.11/site-packages/scrapy/spidermiddlewares/base.py", line 60, in process_spider_output
    for o in result:
  File "/usr/local/lib/python3.11/site-packages/scrapy/core/spidermw.py", line 183, in process_sync
    self._process_spider_exception(
  File "/usr/local/lib/python3.11/site-packages/scrapy/core/spidermw.py", line 256, in _process_spider_exception
    raise exception
  File "/usr/local/lib/python3.11/site-packages/scrapy/core/spidermw.py", line 179, in process_sync
    yield from iterable
  File "/usr/local/lib/python3.11/site-packages/scrapy/spidermiddlewares/base.py", line 60, in process_spider_output
    for o in result:
  File "/usr/local/lib/python3.11/site-packages/scrapy/core/spidermw.py", line 183, in process_sync
    self._process_spider_exception(
  File "/usr/local/lib/python3.11/site-packages/scrapy/core/spidermw.py", line 256, in _process_spider_exception
    raise exception
  File "/usr/local/lib/python3.11/site-packages/scrapy/core/spidermw.py", line 179, in process_sync
    yield from iterable
  File "/usr/local/lib/python3.11/site-packages/scrapy/spidermiddlewares/base.py", line 60, in process_spider_output
    for o in result:
  File "/usr/local/lib/python3.11/site-packages/scrapy/core/spidermw.py", line 183, in process_sync
    self._process_spider_exception(
  File "/usr/local/lib/python3.11/site-packages/scrapy/core/spidermw.py", line 256, in _process_spider_exception
    raise exception
  File "/usr/local/lib/python3.11/site-packages/scrapy/core/spidermw.py", line 179, in process_sync
    yield from iterable
  File "/usr/local/lib/python3.11/site-packages/scrapy/spidermiddlewares/depth.py", line 61, in process_spider_output
    yield from super().process_spider_output(response, result)
  File "/usr/local/lib/python3.11/site-packages/scrapy/spidermiddlewares/base.py", line 60, in process_spider_output
    for o in result:
  File "/usr/local/lib/python3.11/site-packages/scrapy/core/spidermw.py", line 183, in process_sync
    self._process_spider_exception(
  File "/usr/local/lib/python3.11/site-packages/scrapy/core/spidermw.py", line 256, in _process_spider_exception
    raise exception
  File "/usr/local/lib/python3.11/site-packages/scrapy/core/spidermw.py", line 179, in process_sync
    yield from iterable
  File "/app/zero_eu/zero_scraper/spiders/events_spider.py", line 227, in parse_event_page
    item["uuid"] = hashlib.sha256(uuid_string.encode('utf-8')).hexdigest()[:16]
    ~~~~^^^^^^^^
  File "/usr/local/lib/python3.11/site-packages/scrapy/item.py", line 98, in __setitem__
    raise KeyError(f"{self.__class__.__name__} does not support field: {key}")
KeyError: 'EventItem does not support field: uuid'
[2026-01-28T22:20:25.344+0000] {docker.py:429} INFO - 2026-01-28 22:20:25 [scrapy.core.engine] DEBUG: Crawled (200) <GET https://zero.eu/it/eventi/357315-fatur-monk,roma/> (referer: https://zero.eu/api/v2/events?per_page=100&citta=36&_embed=true)
[2026-01-28T22:20:25.453+0000] {docker.py:429} INFO - 2026-01-28 22:20:25 [scrapy.core.scraper] ERROR: Spider error processing <GET https://zero.eu/it/eventi/357315-fatur-monk,roma/> (referer: https://zero.eu/api/v2/events?per_page=100&citta=36&_embed=true)
Traceback (most recent call last):
  File "/usr/local/lib/python3.11/site-packages/scrapy/utils/defer.py", line 355, in iter_errback
    yield next(it)
          ^^^^^^^^
  File "/usr/local/lib/python3.11/site-packages/scrapy/utils/python.py", line 311, in __next__
    return next(self.data)
           ^^^^^^^^^^^^^^^
  File "/usr/local/lib/python3.11/site-packages/scrapy/utils/python.py", line 311, in __next__
    return next(self.data)
           ^^^^^^^^^^^^^^^
  File "/usr/local/lib/python3.11/site-packages/scrapy/core/spidermw.py", line 183, in process_sync
    self._process_spider_exception(
  File "/usr/local/lib/python3.11/site-packages/scrapy/core/spidermw.py", line 256, in _process_spider_exception
    raise exception
  File "/usr/local/lib/python3.11/site-packages/scrapy/core/spidermw.py", line 179, in process_sync
    yield from iterable
  File "/usr/local/lib/python3.11/site-packages/scrapy/spidermiddlewares/base.py", line 60, in process_spider_output
    for o in result:
  File "/usr/local/lib/python3.11/site-packages/scrapy/core/spidermw.py", line 183, in process_sync
    self._process_spider_exception(
  File "/usr/local/lib/python3.11/site-packages/scrapy/core/spidermw.py", line 256, in _process_spider_exception
    raise exception
  File "/usr/local/lib/python3.11/site-packages/scrapy/core/spidermw.py", line 179, in process_sync
    yield from iterable
  File "/usr/local/lib/python3.11/site-packages/scrapy/spidermiddlewares/base.py", line 60, in process_spider_output
    for o in result:
  File "/usr/local/lib/python3.11/site-packages/scrapy/core/spidermw.py", line 183, in process_sync
    self._process_spider_exception(
  File "/usr/local/lib/python3.11/site-packages/scrapy/core/spidermw.py", line 256, in _process_spider_exception
    raise exception
  File "/usr/local/lib/python3.11/site-packages/scrapy/core/spidermw.py", line 179, in process_sync
    yield from iterable
  File "/usr/local/lib/python3.11/site-packages/scrapy/spidermiddlewares/base.py", line 60, in process_spider_output
    for o in result:
  File "/usr/local/lib/python3.11/site-packages/scrapy/core/spidermw.py", line 183, in process_sync
    self._process_spider_exception(
  File "/usr/local/lib/python3.11/site-packages/scrapy/core/spidermw.py", line 256, in _process_spider_exception
    raise exception
  File "/usr/local/lib/python3.11/site-packages/scrapy/core/spidermw.py", line 179, in process_sync
    yield from iterable
  File "/usr/local/lib/python3.11/site-packages/scrapy/spidermiddlewares/depth.py", line 61, in process_spider_output
    yield from super().process_spider_output(response, result)
  File "/usr/local/lib/python3.11/site-packages/scrapy/spidermiddlewares/base.py", line 60, in process_spider_output
    for o in result:
  File "/usr/local/lib/python3.11/site-packages/scrapy/core/spidermw.py", line 183, in process_sync
    self._process_spider_exception(
  File "/usr/local/lib/python3.11/site-packages/scrapy/core/spidermw.py", line 256, in _process_spider_exception
    raise exception
  File "/usr/local/lib/python3.11/site-packages/scrapy/core/spidermw.py", line 179, in process_sync
    yield from iterable
  File "/app/zero_eu/zero_scraper/spiders/events_spider.py", line 227, in parse_event_page
    item["uuid"] = hashlib.sha256(uuid_string.encode('utf-8')).hexdigest()[:16]
    ~~~~^^^^^^^^
  File "/usr/local/lib/python3.11/site-packages/scrapy/item.py", line 98, in __setitem__
    raise KeyError(f"{self.__class__.__name__} does not support field: {key}")
KeyError: 'EventItem does not support field: uuid'
[2026-01-28T22:20:26.141+0000] {docker.py:429} INFO - 2026-01-28 22:20:26 [scrapy.core.engine] DEBUG: Crawled (200) <GET https://zero.eu/it/eventi/357307-gianni-berengo-gardin-lo-studio-di-giorgio-di-morandi,milano/> (referer: https://zero.eu/api/v2/events?per_page=100&citta=36&_embed=true)
[2026-01-28T22:20:26.245+0000] {docker.py:429} INFO - 2026-01-28 22:20:26 [scrapy.core.scraper] ERROR: Spider error processing <GET https://zero.eu/it/eventi/357307-gianni-berengo-gardin-lo-studio-di-giorgio-di-morandi,milano/> (referer: https://zero.eu/api/v2/events?per_page=100&citta=36&_embed=true)
Traceback (most recent call last):
  File "/usr/local/lib/python3.11/site-packages/scrapy/utils/defer.py", line 355, in iter_errback
    yield next(it)
          ^^^^^^^^
  File "/usr/local/lib/python3.11/site-packages/scrapy/utils/python.py", line 311, in __next__
    return next(self.data)
           ^^^^^^^^^^^^^^^
  File "/usr/local/lib/python3.11/site-packages/scrapy/utils/python.py", line 311, in __next__
    return next(self.data)
           ^^^^^^^^^^^^^^^
  File "/usr/local/lib/python3.11/site-packages/scrapy/core/spidermw.py", line 183, in process_sync
    self._process_spider_exception(
  File "/usr/local/lib/python3.11/site-packages/scrapy/core/spidermw.py", line 256, in _process_spider_exception
    raise exception
  File "/usr/local/lib/python3.11/site-packages/scrapy/core/spidermw.py", line 179, in process_sync
    yield from iterable
  File "/usr/local/lib/python3.11/site-packages/scrapy/spidermiddlewares/base.py", line 60, in process_spider_output
    for o in result:
  File "/usr/local/lib/python3.11/site-packages/scrapy/core/spidermw.py", line 183, in process_sync
    self._process_spider_exception(
  File "/usr/local/lib/python3.11/site-packages/scrapy/core/spidermw.py", line 256, in _process_spider_exception
    raise exception
  File "/usr/local/lib/python3.11/site-packages/scrapy/core/spidermw.py", line 179, in process_sync
    yield from iterable
  File "/usr/local/lib/python3.11/site-packages/scrapy/spidermiddlewares/base.py", line 60, in process_spider_output
    for o in result:
  File "/usr/local/lib/python3.11/site-packages/scrapy/core/spidermw.py", line 183, in process_sync
    self._process_spider_exception(
  File "/usr/local/lib/python3.11/site-packages/scrapy/core/spidermw.py", line 256, in _process_spider_exception
    raise exception
  File "/usr/local/lib/python3.11/site-packages/scrapy/core/spidermw.py", line 179, in process_sync
    yield from iterable
  File "/usr/local/lib/python3.11/site-packages/scrapy/spidermiddlewares/base.py", line 60, in process_spider_output
    for o in result:
  File "/usr/local/lib/python3.11/site-packages/scrapy/core/spidermw.py", line 183, in process_sync
    self._process_spider_exception(
  File "/usr/local/lib/python3.11/site-packages/scrapy/core/spidermw.py", line 256, in _process_spider_exception
    raise exception
  File "/usr/local/lib/python3.11/site-packages/scrapy/core/spidermw.py", line 179, in process_sync
    yield from iterable
  File "/usr/local/lib/python3.11/site-packages/scrapy/spidermiddlewares/depth.py", line 61, in process_spider_output
    yield from super().process_spider_output(response, result)
  File "/usr/local/lib/python3.11/site-packages/scrapy/spidermiddlewares/base.py", line 60, in process_spider_output
    for o in result:
  File "/usr/local/lib/python3.11/site-packages/scrapy/core/spidermw.py", line 183, in process_sync
    self._process_spider_exception(
  File "/usr/local/lib/python3.11/site-packages/scrapy/core/spidermw.py", line 256, in _process_spider_exception
    raise exception
  File "/usr/local/lib/python3.11/site-packages/scrapy/core/spidermw.py", line 179, in process_sync
    yield from iterable
  File "/app/zero_eu/zero_scraper/spiders/events_spider.py", line 227, in parse_event_page
    item["uuid"] = hashlib.sha256(uuid_string.encode('utf-8')).hexdigest()[:16]
    ~~~~^^^^^^^^
  File "/usr/local/lib/python3.11/site-packages/scrapy/item.py", line 98, in __setitem__
    raise KeyError(f"{self.__class__.__name__} does not support field: {key}")
KeyError: 'EventItem does not support field: uuid'
[2026-01-28T22:20:27.037+0000] {docker.py:429} INFO - 2026-01-28 22:20:27 [scrapy.core.engine] DEBUG: Crawled (200) <GET https://zero.eu/it/eventi/357639-oltre-teatro-studio-melato,milano/> (referer: https://zero.eu/api/v2/events?per_page=100&citta=36&_embed=true)
[2026-01-28T22:20:27.142+0000] {docker.py:429} INFO - 2026-01-28 22:20:27 [scrapy.core.scraper] ERROR: Spider error processing <GET https://zero.eu/it/eventi/357639-oltre-teatro-studio-melato,milano/> (referer: https://zero.eu/api/v2/events?per_page=100&citta=36&_embed=true)
Traceback (most recent call last):
  File "/usr/local/lib/python3.11/site-packages/scrapy/utils/defer.py", line 355, in iter_errback
    yield next(it)
          ^^^^^^^^
  File "/usr/local/lib/python3.11/site-packages/scrapy/utils/python.py", line 311, in __next__
    return next(self.data)
           ^^^^^^^^^^^^^^^
  File "/usr/local/lib/python3.11/site-packages/scrapy/utils/python.py", line 311, in __next__
    return next(self.data)
           ^^^^^^^^^^^^^^^
  File "/usr/local/lib/python3.11/site-packages/scrapy/core/spidermw.py", line 183, in process_sync
    self._process_spider_exception(
  File "/usr/local/lib/python3.11/site-packages/scrapy/core/spidermw.py", line 256, in _process_spider_exception
    raise exception
  File "/usr/local/lib/python3.11/site-packages/scrapy/core/spidermw.py", line 179, in process_sync
    yield from iterable
  File "/usr/local/lib/python3.11/site-packages/scrapy/spidermiddlewares/base.py", line 60, in process_spider_output
    for o in result:
  File "/usr/local/lib/python3.11/site-packages/scrapy/core/spidermw.py", line 183, in process_sync
    self._process_spider_exception(
  File "/usr/local/lib/python3.11/site-packages/scrapy/core/spidermw.py", line 256, in _process_spider_exception
    raise exception
  File "/usr/local/lib/python3.11/site-packages/scrapy/core/spidermw.py", line 179, in process_sync
    yield from iterable
  File "/usr/local/lib/python3.11/site-packages/scrapy/spidermiddlewares/base.py", line 60, in process_spider_output
    for o in result:
  File "/usr/local/lib/python3.11/site-packages/scrapy/core/spidermw.py", line 183, in process_sync
    self._process_spider_exception(
  File "/usr/local/lib/python3.11/site-packages/scrapy/core/spidermw.py", line 256, in _process_spider_exception
    raise exception
  File "/usr/local/lib/python3.11/site-packages/scrapy/core/spidermw.py", line 179, in process_sync
    yield from iterable
  File "/usr/local/lib/python3.11/site-packages/scrapy/spidermiddlewares/base.py", line 60, in process_spider_output
    for o in result:
  File "/usr/local/lib/python3.11/site-packages/scrapy/core/spidermw.py", line 183, in process_sync
    self._process_spider_exception(
  File "/usr/local/lib/python3.11/site-packages/scrapy/core/spidermw.py", line 256, in _process_spider_exception
    raise exception
  File "/usr/local/lib/python3.11/site-packages/scrapy/core/spidermw.py", line 179, in process_sync
    yield from iterable
  File "/usr/local/lib/python3.11/site-packages/scrapy/spidermiddlewares/depth.py", line 61, in process_spider_output
    yield from super().process_spider_output(response, result)
  File "/usr/local/lib/python3.11/site-packages/scrapy/spidermiddlewares/base.py", line 60, in process_spider_output
    for o in result:
  File "/usr/local/lib/python3.11/site-packages/scrapy/core/spidermw.py", line 183, in process_sync
    self._process_spider_exception(
  File "/usr/local/lib/python3.11/site-packages/scrapy/core/spidermw.py", line 256, in _process_spider_exception
    raise exception
  File "/usr/local/lib/python3.11/site-packages/scrapy/core/spidermw.py", line 179, in process_sync
    yield from iterable
  File "/app/zero_eu/zero_scraper/spiders/events_spider.py", line 227, in parse_event_page
    item["uuid"] = hashlib.sha256(uuid_string.encode('utf-8')).hexdigest()[:16]
    ~~~~^^^^^^^^
  File "/usr/local/lib/python3.11/site-packages/scrapy/item.py", line 98, in __setitem__
    raise KeyError(f"{self.__class__.__name__} does not support field: {key}")
KeyError: 'EventItem does not support field: uuid'
[2026-01-28T22:20:27.827+0000] {docker.py:429} INFO - 2026-01-28 22:20:27 [scrapy.core.engine] DEBUG: Crawled (200) <GET https://zero.eu/it/eventi/357973-metafisica-metafisiche-milano-metafisica,milano/> (referer: https://zero.eu/api/v2/events?per_page=100&citta=36&_embed=true)
[2026-01-28T22:20:27.935+0000] {docker.py:429} INFO - 2026-01-28 22:20:27 [scrapy.core.scraper] ERROR: Spider error processing <GET https://zero.eu/it/eventi/357973-metafisica-metafisiche-milano-metafisica,milano/> (referer: https://zero.eu/api/v2/events?per_page=100&citta=36&_embed=true)
Traceback (most recent call last):
  File "/usr/local/lib/python3.11/site-packages/scrapy/utils/defer.py", line 355, in iter_errback
    yield next(it)
          ^^^^^^^^
  File "/usr/local/lib/python3.11/site-packages/scrapy/utils/python.py", line 311, in __next__
    return next(self.data)
           ^^^^^^^^^^^^^^^
  File "/usr/local/lib/python3.11/site-packages/scrapy/utils/python.py", line 311, in __next__
    return next(self.data)
           ^^^^^^^^^^^^^^^
  File "/usr/local/lib/python3.11/site-packages/scrapy/core/spidermw.py", line 183, in process_sync
    self._process_spider_exception(
  File "/usr/local/lib/python3.11/site-packages/scrapy/core/spidermw.py", line 256, in _process_spider_exception
    raise exception
  File "/usr/local/lib/python3.11/site-packages/scrapy/core/spidermw.py", line 179, in process_sync
    yield from iterable
  File "/usr/local/lib/python3.11/site-packages/scrapy/spidermiddlewares/base.py", line 60, in process_spider_output
    for o in result:
  File "/usr/local/lib/python3.11/site-packages/scrapy/core/spidermw.py", line 183, in process_sync
    self._process_spider_exception(
  File "/usr/local/lib/python3.11/site-packages/scrapy/core/spidermw.py", line 256, in _process_spider_exception
    raise exception
  File "/usr/local/lib/python3.11/site-packages/scrapy/core/spidermw.py", line 179, in process_sync
    yield from iterable
  File "/usr/local/lib/python3.11/site-packages/scrapy/spidermiddlewares/base.py", line 60, in process_spider_output
    for o in result:
  File "/usr/local/lib/python3.11/site-packages/scrapy/core/spidermw.py", line 183, in process_sync
    self._process_spider_exception(
  File "/usr/local/lib/python3.11/site-packages/scrapy/core/spidermw.py", line 256, in _process_spider_exception
    raise exception
  File "/usr/local/lib/python3.11/site-packages/scrapy/core/spidermw.py", line 179, in process_sync
    yield from iterable
  File "/usr/local/lib/python3.11/site-packages/scrapy/spidermiddlewares/base.py", line 60, in process_spider_output
    for o in result:
  File "/usr/local/lib/python3.11/site-packages/scrapy/core/spidermw.py", line 183, in process_sync
    self._process_spider_exception(
  File "/usr/local/lib/python3.11/site-packages/scrapy/core/spidermw.py", line 256, in _process_spider_exception
    raise exception
  File "/usr/local/lib/python3.11/site-packages/scrapy/core/spidermw.py", line 179, in process_sync
    yield from iterable
  File "/usr/local/lib/python3.11/site-packages/scrapy/spidermiddlewares/depth.py", line 61, in process_spider_output
    yield from super().process_spider_output(response, result)
  File "/usr/local/lib/python3.11/site-packages/scrapy/spidermiddlewares/base.py", line 60, in process_spider_output
    for o in result:
  File "/usr/local/lib/python3.11/site-packages/scrapy/core/spidermw.py", line 183, in process_sync
    self._process_spider_exception(
  File "/usr/local/lib/python3.11/site-packages/scrapy/core/spidermw.py", line 256, in _process_spider_exception
    raise exception
  File "/usr/local/lib/python3.11/site-packages/scrapy/core/spidermw.py", line 179, in process_sync
    yield from iterable
  File "/app/zero_eu/zero_scraper/spiders/events_spider.py", line 227, in parse_event_page
    item["uuid"] = hashlib.sha256(uuid_string.encode('utf-8')).hexdigest()[:16]
    ~~~~^^^^^^^^
  File "/usr/local/lib/python3.11/site-packages/scrapy/item.py", line 98, in __setitem__
    raise KeyError(f"{self.__class__.__name__} does not support field: {key}")
KeyError: 'EventItem does not support field: uuid'
[2026-01-28T22:20:28.766+0000] {docker.py:429} INFO - 2026-01-28 22:20:28 [scrapy.core.engine] DEBUG: Crawled (200) <GET https://zero.eu/it/eventi/357975-white-out-the-future-of-winter-sports,milano/> (referer: https://zero.eu/api/v2/events?per_page=100&citta=36&_embed=true)
[2026-01-28T22:20:28.871+0000] {docker.py:429} INFO - 2026-01-28 22:20:28 [scrapy.core.scraper] ERROR: Spider error processing <GET https://zero.eu/it/eventi/357975-white-out-the-future-of-winter-sports,milano/> (referer: https://zero.eu/api/v2/events?per_page=100&citta=36&_embed=true)
Traceback (most recent call last):
  File "/usr/local/lib/python3.11/site-packages/scrapy/utils/defer.py", line 355, in iter_errback
    yield next(it)
          ^^^^^^^^
  File "/usr/local/lib/python3.11/site-packages/scrapy/utils/python.py", line 311, in __next__
    return next(self.data)
           ^^^^^^^^^^^^^^^
  File "/usr/local/lib/python3.11/site-packages/scrapy/utils/python.py", line 311, in __next__
    return next(self.data)
           ^^^^^^^^^^^^^^^
  File "/usr/local/lib/python3.11/site-packages/scrapy/core/spidermw.py", line 183, in process_sync
    self._process_spider_exception(
  File "/usr/local/lib/python3.11/site-packages/scrapy/core/spidermw.py", line 256, in _process_spider_exception
    raise exception
  File "/usr/local/lib/python3.11/site-packages/scrapy/core/spidermw.py", line 179, in process_sync
    yield from iterable
  File "/usr/local/lib/python3.11/site-packages/scrapy/spidermiddlewares/base.py", line 60, in process_spider_output
    for o in result:
  File "/usr/local/lib/python3.11/site-packages/scrapy/core/spidermw.py", line 183, in process_sync
    self._process_spider_exception(
  File "/usr/local/lib/python3.11/site-packages/scrapy/core/spidermw.py", line 256, in _process_spider_exception
    raise exception
  File "/usr/local/lib/python3.11/site-packages/scrapy/core/spidermw.py", line 179, in process_sync
    yield from iterable
  File "/usr/local/lib/python3.11/site-packages/scrapy/spidermiddlewares/base.py", line 60, in process_spider_output
    for o in result:
  File "/usr/local/lib/python3.11/site-packages/scrapy/core/spidermw.py", line 183, in process_sync
    self._process_spider_exception(
  File "/usr/local/lib/python3.11/site-packages/scrapy/core/spidermw.py", line 256, in _process_spider_exception
    raise exception
  File "/usr/local/lib/python3.11/site-packages/scrapy/core/spidermw.py", line 179, in process_sync
    yield from iterable
  File "/usr/local/lib/python3.11/site-packages/scrapy/spidermiddlewares/base.py", line 60, in process_spider_output
    for o in result:
  File "/usr/local/lib/python3.11/site-packages/scrapy/core/spidermw.py", line 183, in process_sync
    self._process_spider_exception(
  File "/usr/local/lib/python3.11/site-packages/scrapy/core/spidermw.py", line 256, in _process_spider_exception
    raise exception
  File "/usr/local/lib/python3.11/site-packages/scrapy/core/spidermw.py", line 179, in process_sync
    yield from iterable
  File "/usr/local/lib/python3.11/site-packages/scrapy/spidermiddlewares/depth.py", line 61, in process_spider_output
    yield from super().process_spider_output(response, result)
  File "/usr/local/lib/python3.11/site-packages/scrapy/spidermiddlewares/base.py", line 60, in process_spider_output
    for o in result:
  File "/usr/local/lib/python3.11/site-packages/scrapy/core/spidermw.py", line 183, in process_sync
    self._process_spider_exception(
  File "/usr/local/lib/python3.11/site-packages/scrapy/core/spidermw.py", line 256, in _process_spider_exception
    raise exception
  File "/usr/local/lib/python3.11/site-packages/scrapy/core/spidermw.py", line 179, in process_sync
    yield from iterable
  File "/app/zero_eu/zero_scraper/spiders/events_spider.py", line 227, in parse_event_page
    item["uuid"] = hashlib.sha256(uuid_string.encode('utf-8')).hexdigest()[:16]
    ~~~~^^^^^^^^
  File "/usr/local/lib/python3.11/site-packages/scrapy/item.py", line 98, in __setitem__
    raise KeyError(f"{self.__class__.__name__} does not support field: {key}")
KeyError: 'EventItem does not support field: uuid'
[2026-01-28T22:20:29.761+0000] {docker.py:429} INFO - 2026-01-28 22:20:29 [scrapy.core.engine] DEBUG: Crawled (200) <GET https://zero.eu/it/eventi/358231-stand-up-comedy-roma-2026-b-folk-2,roma/> (referer: https://zero.eu/api/v2/events?per_page=100&citta=36&_embed=true)
[2026-01-28T22:20:29.865+0000] {docker.py:429} INFO - 2026-01-28 22:20:29 [scrapy.core.scraper] ERROR: Spider error processing <GET https://zero.eu/it/eventi/358231-stand-up-comedy-roma-2026-b-folk-2,roma/> (referer: https://zero.eu/api/v2/events?per_page=100&citta=36&_embed=true)
Traceback (most recent call last):
  File "/usr/local/lib/python3.11/site-packages/scrapy/utils/defer.py", line 355, in iter_errback
    yield next(it)
          ^^^^^^^^
  File "/usr/local/lib/python3.11/site-packages/scrapy/utils/python.py", line 311, in __next__
    return next(self.data)
           ^^^^^^^^^^^^^^^
  File "/usr/local/lib/python3.11/site-packages/scrapy/utils/python.py", line 311, in __next__
    return next(self.data)
           ^^^^^^^^^^^^^^^
  File "/usr/local/lib/python3.11/site-packages/scrapy/core/spidermw.py", line 183, in process_sync
    self._process_spider_exception(
  File "/usr/local/lib/python3.11/site-packages/scrapy/core/spidermw.py", line 256, in _process_spider_exception
    raise exception
  File "/usr/local/lib/python3.11/site-packages/scrapy/core/spidermw.py", line 179, in process_sync
    yield from iterable
  File "/usr/local/lib/python3.11/site-packages/scrapy/spidermiddlewares/base.py", line 60, in process_spider_output
    for o in result:
  File "/usr/local/lib/python3.11/site-packages/scrapy/core/spidermw.py", line 183, in process_sync
    self._process_spider_exception(
  File "/usr/local/lib/python3.11/site-packages/scrapy/core/spidermw.py", line 256, in _process_spider_exception
    raise exception
  File "/usr/local/lib/python3.11/site-packages/scrapy/core/spidermw.py", line 179, in process_sync
    yield from iterable
  File "/usr/local/lib/python3.11/site-packages/scrapy/spidermiddlewares/base.py", line 60, in process_spider_output
    for o in result:
  File "/usr/local/lib/python3.11/site-packages/scrapy/core/spidermw.py", line 183, in process_sync
    self._process_spider_exception(
  File "/usr/local/lib/python3.11/site-packages/scrapy/core/spidermw.py", line 256, in _process_spider_exception
    raise exception
  File "/usr/local/lib/python3.11/site-packages/scrapy/core/spidermw.py", line 179, in process_sync
    yield from iterable
  File "/usr/local/lib/python3.11/site-packages/scrapy/spidermiddlewares/base.py", line 60, in process_spider_output
    for o in result:
  File "/usr/local/lib/python3.11/site-packages/scrapy/core/spidermw.py", line 183, in process_sync
    self._process_spider_exception(
  File "/usr/local/lib/python3.11/site-packages/scrapy/core/spidermw.py", line 256, in _process_spider_exception
    raise exception
  File "/usr/local/lib/python3.11/site-packages/scrapy/core/spidermw.py", line 179, in process_sync
    yield from iterable
  File "/usr/local/lib/python3.11/site-packages/scrapy/spidermiddlewares/depth.py", line 61, in process_spider_output
    yield from super().process_spider_output(response, result)
  File "/usr/local/lib/python3.11/site-packages/scrapy/spidermiddlewares/base.py", line 60, in process_spider_output
    for o in result:
  File "/usr/local/lib/python3.11/site-packages/scrapy/core/spidermw.py", line 183, in process_sync
    self._process_spider_exception(
  File "/usr/local/lib/python3.11/site-packages/scrapy/core/spidermw.py", line 256, in _process_spider_exception
    raise exception
  File "/usr/local/lib/python3.11/site-packages/scrapy/core/spidermw.py", line 179, in process_sync
    yield from iterable
  File "/app/zero_eu/zero_scraper/spiders/events_spider.py", line 227, in parse_event_page
    item["uuid"] = hashlib.sha256(uuid_string.encode('utf-8')).hexdigest()[:16]
    ~~~~^^^^^^^^
  File "/usr/local/lib/python3.11/site-packages/scrapy/item.py", line 98, in __setitem__
    raise KeyError(f"{self.__class__.__name__} does not support field: {key}")
KeyError: 'EventItem does not support field: uuid'
[2026-01-28T22:20:30.664+0000] {docker.py:429} INFO - 2026-01-28 22:20:30 [scrapy.core.engine] DEBUG: Crawled (200) <GET https://zero.eu/it/eventi/359172-alien-alien-piano,roma/> (referer: https://zero.eu/api/v2/events?per_page=100&citta=36&_embed=true)
[2026-01-28T22:20:30.770+0000] {docker.py:429} INFO - 2026-01-28 22:20:30 [scrapy.core.scraper] ERROR: Spider error processing <GET https://zero.eu/it/eventi/359172-alien-alien-piano,roma/> (referer: https://zero.eu/api/v2/events?per_page=100&citta=36&_embed=true)
Traceback (most recent call last):
  File "/usr/local/lib/python3.11/site-packages/scrapy/utils/defer.py", line 355, in iter_errback
    yield next(it)
          ^^^^^^^^
  File "/usr/local/lib/python3.11/site-packages/scrapy/utils/python.py", line 311, in __next__
    return next(self.data)
           ^^^^^^^^^^^^^^^
  File "/usr/local/lib/python3.11/site-packages/scrapy/utils/python.py", line 311, in __next__
    return next(self.data)
           ^^^^^^^^^^^^^^^
  File "/usr/local/lib/python3.11/site-packages/scrapy/core/spidermw.py", line 183, in process_sync
    self._process_spider_exception(
  File "/usr/local/lib/python3.11/site-packages/scrapy/core/spidermw.py", line 256, in _process_spider_exception
    raise exception
  File "/usr/local/lib/python3.11/site-packages/scrapy/core/spidermw.py", line 179, in process_sync
    yield from iterable
  File "/usr/local/lib/python3.11/site-packages/scrapy/spidermiddlewares/base.py", line 60, in process_spider_output
    for o in result:
  File "/usr/local/lib/python3.11/site-packages/scrapy/core/spidermw.py", line 183, in process_sync
    self._process_spider_exception(
  File "/usr/local/lib/python3.11/site-packages/scrapy/core/spidermw.py", line 256, in _process_spider_exception
    raise exception
  File "/usr/local/lib/python3.11/site-packages/scrapy/core/spidermw.py", line 179, in process_sync
    yield from iterable
  File "/usr/local/lib/python3.11/site-packages/scrapy/spidermiddlewares/base.py", line 60, in process_spider_output
    for o in result:
  File "/usr/local/lib/python3.11/site-packages/scrapy/core/spidermw.py", line 183, in process_sync
    self._process_spider_exception(
  File "/usr/local/lib/python3.11/site-packages/scrapy/core/spidermw.py", line 256, in _process_spider_exception
    raise exception
  File "/usr/local/lib/python3.11/site-packages/scrapy/core/spidermw.py", line 179, in process_sync
    yield from iterable
  File "/usr/local/lib/python3.11/site-packages/scrapy/spidermiddlewares/base.py", line 60, in process_spider_output
    for o in result:
  File "/usr/local/lib/python3.11/site-packages/scrapy/core/spidermw.py", line 183, in process_sync
    self._process_spider_exception(
  File "/usr/local/lib/python3.11/site-packages/scrapy/core/spidermw.py", line 256, in _process_spider_exception
    raise exception
  File "/usr/local/lib/python3.11/site-packages/scrapy/core/spidermw.py", line 179, in process_sync
    yield from iterable
  File "/usr/local/lib/python3.11/site-packages/scrapy/spidermiddlewares/depth.py", line 61, in process_spider_output
    yield from super().process_spider_output(response, result)
  File "/usr/local/lib/python3.11/site-packages/scrapy/spidermiddlewares/base.py", line 60, in process_spider_output
    for o in result:
  File "/usr/local/lib/python3.11/site-packages/scrapy/core/spidermw.py", line 183, in process_sync
    self._process_spider_exception(
  File "/usr/local/lib/python3.11/site-packages/scrapy/core/spidermw.py", line 256, in _process_spider_exception
    raise exception
  File "/usr/local/lib/python3.11/site-packages/scrapy/core/spidermw.py", line 179, in process_sync
    yield from iterable
  File "/app/zero_eu/zero_scraper/spiders/events_spider.py", line 227, in parse_event_page
    item["uuid"] = hashlib.sha256(uuid_string.encode('utf-8')).hexdigest()[:16]
    ~~~~^^^^^^^^
  File "/usr/local/lib/python3.11/site-packages/scrapy/item.py", line 98, in __setitem__
    raise KeyError(f"{self.__class__.__name__} does not support field: {key}")
KeyError: 'EventItem does not support field: uuid'
[2026-01-28T22:20:31.401+0000] {docker.py:429} INFO - 2026-01-28 22:20:31 [scrapy.core.engine] DEBUG: Crawled (200) <GET https://zero.eu/it/eventi/358417-rome-as-you-are,roma/> (referer: https://zero.eu/api/v2/events?per_page=100&citta=36&_embed=true)
[2026-01-28T22:20:31.505+0000] {docker.py:429} INFO - 2026-01-28 22:20:31 [scrapy.core.scraper] ERROR: Spider error processing <GET https://zero.eu/it/eventi/358417-rome-as-you-are,roma/> (referer: https://zero.eu/api/v2/events?per_page=100&citta=36&_embed=true)
Traceback (most recent call last):
  File "/usr/local/lib/python3.11/site-packages/scrapy/utils/defer.py", line 355, in iter_errback
    yield next(it)
          ^^^^^^^^
  File "/usr/local/lib/python3.11/site-packages/scrapy/utils/python.py", line 311, in __next__
    return next(self.data)
           ^^^^^^^^^^^^^^^
  File "/usr/local/lib/python3.11/site-packages/scrapy/utils/python.py", line 311, in __next__
    return next(self.data)
           ^^^^^^^^^^^^^^^
  File "/usr/local/lib/python3.11/site-packages/scrapy/core/spidermw.py", line 183, in process_sync
    self._process_spider_exception(
  File "/usr/local/lib/python3.11/site-packages/scrapy/core/spidermw.py", line 256, in _process_spider_exception
    raise exception
  File "/usr/local/lib/python3.11/site-packages/scrapy/core/spidermw.py", line 179, in process_sync
    yield from iterable
  File "/usr/local/lib/python3.11/site-packages/scrapy/spidermiddlewares/base.py", line 60, in process_spider_output
    for o in result:
  File "/usr/local/lib/python3.11/site-packages/scrapy/core/spidermw.py", line 183, in process_sync
    self._process_spider_exception(
  File "/usr/local/lib/python3.11/site-packages/scrapy/core/spidermw.py", line 256, in _process_spider_exception
    raise exception
  File "/usr/local/lib/python3.11/site-packages/scrapy/core/spidermw.py", line 179, in process_sync
    yield from iterable
  File "/usr/local/lib/python3.11/site-packages/scrapy/spidermiddlewares/base.py", line 60, in process_spider_output
    for o in result:
  File "/usr/local/lib/python3.11/site-packages/scrapy/core/spidermw.py", line 183, in process_sync
    self._process_spider_exception(
  File "/usr/local/lib/python3.11/site-packages/scrapy/core/spidermw.py", line 256, in _process_spider_exception
    raise exception
  File "/usr/local/lib/python3.11/site-packages/scrapy/core/spidermw.py", line 179, in process_sync
    yield from iterable
  File "/usr/local/lib/python3.11/site-packages/scrapy/spidermiddlewares/base.py", line 60, in process_spider_output
    for o in result:
  File "/usr/local/lib/python3.11/site-packages/scrapy/core/spidermw.py", line 183, in process_sync
    self._process_spider_exception(
  File "/usr/local/lib/python3.11/site-packages/scrapy/core/spidermw.py", line 256, in _process_spider_exception
    raise exception
  File "/usr/local/lib/python3.11/site-packages/scrapy/core/spidermw.py", line 179, in process_sync
    yield from iterable
  File "/usr/local/lib/python3.11/site-packages/scrapy/spidermiddlewares/depth.py", line 61, in process_spider_output
    yield from super().process_spider_output(response, result)
  File "/usr/local/lib/python3.11/site-packages/scrapy/spidermiddlewares/base.py", line 60, in process_spider_output
    for o in result:
  File "/usr/local/lib/python3.11/site-packages/scrapy/core/spidermw.py", line 183, in process_sync
    self._process_spider_exception(
  File "/usr/local/lib/python3.11/site-packages/scrapy/core/spidermw.py", line 256, in _process_spider_exception
    raise exception
  File "/usr/local/lib/python3.11/site-packages/scrapy/core/spidermw.py", line 179, in process_sync
    yield from iterable
  File "/app/zero_eu/zero_scraper/spiders/events_spider.py", line 227, in parse_event_page
    item["uuid"] = hashlib.sha256(uuid_string.encode('utf-8')).hexdigest()[:16]
    ~~~~^^^^^^^^
  File "/usr/local/lib/python3.11/site-packages/scrapy/item.py", line 98, in __setitem__
    raise KeyError(f"{self.__class__.__name__} does not support field: {key}")
KeyError: 'EventItem does not support field: uuid'
[2026-01-28T22:20:32.183+0000] {docker.py:429} INFO - 2026-01-28 22:20:32 [scrapy.core.engine] DEBUG: Crawled (200) <GET https://zero.eu/it/eventi/358434-zu-santeria-toscana-2,milano/> (referer: https://zero.eu/api/v2/events?per_page=100&citta=36&_embed=true)
[2026-01-28T22:20:32.287+0000] {docker.py:429} INFO - 2026-01-28 22:20:32 [scrapy.core.scraper] ERROR: Spider error processing <GET https://zero.eu/it/eventi/358434-zu-santeria-toscana-2,milano/> (referer: https://zero.eu/api/v2/events?per_page=100&citta=36&_embed=true)
Traceback (most recent call last):
  File "/usr/local/lib/python3.11/site-packages/scrapy/utils/defer.py", line 355, in iter_errback
    yield next(it)
          ^^^^^^^^
  File "/usr/local/lib/python3.11/site-packages/scrapy/utils/python.py", line 311, in __next__
    return next(self.data)
           ^^^^^^^^^^^^^^^
  File "/usr/local/lib/python3.11/site-packages/scrapy/utils/python.py", line 311, in __next__
    return next(self.data)
           ^^^^^^^^^^^^^^^
  File "/usr/local/lib/python3.11/site-packages/scrapy/core/spidermw.py", line 183, in process_sync
    self._process_spider_exception(
  File "/usr/local/lib/python3.11/site-packages/scrapy/core/spidermw.py", line 256, in _process_spider_exception
    raise exception
  File "/usr/local/lib/python3.11/site-packages/scrapy/core/spidermw.py", line 179, in process_sync
    yield from iterable
  File "/usr/local/lib/python3.11/site-packages/scrapy/spidermiddlewares/base.py", line 60, in process_spider_output
    for o in result:
  File "/usr/local/lib/python3.11/site-packages/scrapy/core/spidermw.py", line 183, in process_sync
    self._process_spider_exception(
  File "/usr/local/lib/python3.11/site-packages/scrapy/core/spidermw.py", line 256, in _process_spider_exception
    raise exception
  File "/usr/local/lib/python3.11/site-packages/scrapy/core/spidermw.py", line 179, in process_sync
    yield from iterable
  File "/usr/local/lib/python3.11/site-packages/scrapy/spidermiddlewares/base.py", line 60, in process_spider_output
    for o in result:
  File "/usr/local/lib/python3.11/site-packages/scrapy/core/spidermw.py", line 183, in process_sync
    self._process_spider_exception(
  File "/usr/local/lib/python3.11/site-packages/scrapy/core/spidermw.py", line 256, in _process_spider_exception
    raise exception
  File "/usr/local/lib/python3.11/site-packages/scrapy/core/spidermw.py", line 179, in process_sync
    yield from iterable
  File "/usr/local/lib/python3.11/site-packages/scrapy/spidermiddlewares/base.py", line 60, in process_spider_output
    for o in result:
  File "/usr/local/lib/python3.11/site-packages/scrapy/core/spidermw.py", line 183, in process_sync
    self._process_spider_exception(
  File "/usr/local/lib/python3.11/site-packages/scrapy/core/spidermw.py", line 256, in _process_spider_exception
    raise exception
  File "/usr/local/lib/python3.11/site-packages/scrapy/core/spidermw.py", line 179, in process_sync
    yield from iterable
  File "/usr/local/lib/python3.11/site-packages/scrapy/spidermiddlewares/depth.py", line 61, in process_spider_output
    yield from super().process_spider_output(response, result)
  File "/usr/local/lib/python3.11/site-packages/scrapy/spidermiddlewares/base.py", line 60, in process_spider_output
    for o in result:
  File "/usr/local/lib/python3.11/site-packages/scrapy/core/spidermw.py", line 183, in process_sync
    self._process_spider_exception(
  File "/usr/local/lib/python3.11/site-packages/scrapy/core/spidermw.py", line 256, in _process_spider_exception
    raise exception
  File "/usr/local/lib/python3.11/site-packages/scrapy/core/spidermw.py", line 179, in process_sync
    yield from iterable
  File "/app/zero_eu/zero_scraper/spiders/events_spider.py", line 227, in parse_event_page
    item["uuid"] = hashlib.sha256(uuid_string.encode('utf-8')).hexdigest()[:16]
    ~~~~^^^^^^^^
  File "/usr/local/lib/python3.11/site-packages/scrapy/item.py", line 98, in __setitem__
    raise KeyError(f"{self.__class__.__name__} does not support field: {key}")
KeyError: 'EventItem does not support field: uuid'
[2026-01-28T22:20:32.954+0000] {docker.py:429} INFO - 2026-01-28 22:20:32 [scrapy.core.engine] DEBUG: Crawled (200) <GET https://zero.eu/it/eventi/358483-sport-design-talk-interni-triennale,milano/> (referer: https://zero.eu/api/v2/events?per_page=100&citta=36&_embed=true)
[2026-01-28T22:20:33.058+0000] {docker.py:429} INFO - 2026-01-28 22:20:33 [scrapy.core.scraper] ERROR: Spider error processing <GET https://zero.eu/it/eventi/358483-sport-design-talk-interni-triennale,milano/> (referer: https://zero.eu/api/v2/events?per_page=100&citta=36&_embed=true)
Traceback (most recent call last):
  File "/usr/local/lib/python3.11/site-packages/scrapy/utils/defer.py", line 355, in iter_errback
    yield next(it)
          ^^^^^^^^
  File "/usr/local/lib/python3.11/site-packages/scrapy/utils/python.py", line 311, in __next__
    return next(self.data)
           ^^^^^^^^^^^^^^^
  File "/usr/local/lib/python3.11/site-packages/scrapy/utils/python.py", line 311, in __next__
    return next(self.data)
           ^^^^^^^^^^^^^^^
  File "/usr/local/lib/python3.11/site-packages/scrapy/core/spidermw.py", line 183, in process_sync
    self._process_spider_exception(
  File "/usr/local/lib/python3.11/site-packages/scrapy/core/spidermw.py", line 256, in _process_spider_exception
    raise exception
  File "/usr/local/lib/python3.11/site-packages/scrapy/core/spidermw.py", line 179, in process_sync
    yield from iterable
  File "/usr/local/lib/python3.11/site-packages/scrapy/spidermiddlewares/base.py", line 60, in process_spider_output
    for o in result:
  File "/usr/local/lib/python3.11/site-packages/scrapy/core/spidermw.py", line 183, in process_sync
    self._process_spider_exception(
  File "/usr/local/lib/python3.11/site-packages/scrapy/core/spidermw.py", line 256, in _process_spider_exception
    raise exception
  File "/usr/local/lib/python3.11/site-packages/scrapy/core/spidermw.py", line 179, in process_sync
    yield from iterable
  File "/usr/local/lib/python3.11/site-packages/scrapy/spidermiddlewares/base.py", line 60, in process_spider_output
    for o in result:
  File "/usr/local/lib/python3.11/site-packages/scrapy/core/spidermw.py", line 183, in process_sync
    self._process_spider_exception(
  File "/usr/local/lib/python3.11/site-packages/scrapy/core/spidermw.py", line 256, in _process_spider_exception
    raise exception
  File "/usr/local/lib/python3.11/site-packages/scrapy/core/spidermw.py", line 179, in process_sync
    yield from iterable
  File "/usr/local/lib/python3.11/site-packages/scrapy/spidermiddlewares/base.py", line 60, in process_spider_output
    for o in result:
  File "/usr/local/lib/python3.11/site-packages/scrapy/core/spidermw.py", line 183, in process_sync
    self._process_spider_exception(
  File "/usr/local/lib/python3.11/site-packages/scrapy/core/spidermw.py", line 256, in _process_spider_exception
    raise exception
  File "/usr/local/lib/python3.11/site-packages/scrapy/core/spidermw.py", line 179, in process_sync
    yield from iterable
  File "/usr/local/lib/python3.11/site-packages/scrapy/spidermiddlewares/depth.py", line 61, in process_spider_output
    yield from super().process_spider_output(response, result)
  File "/usr/local/lib/python3.11/site-packages/scrapy/spidermiddlewares/base.py", line 60, in process_spider_output
    for o in result:
  File "/usr/local/lib/python3.11/site-packages/scrapy/core/spidermw.py", line 183, in process_sync
    self._process_spider_exception(
  File "/usr/local/lib/python3.11/site-packages/scrapy/core/spidermw.py", line 256, in _process_spider_exception
    raise exception
  File "/usr/local/lib/python3.11/site-packages/scrapy/core/spidermw.py", line 179, in process_sync
    yield from iterable
  File "/app/zero_eu/zero_scraper/spiders/events_spider.py", line 227, in parse_event_page
    item["uuid"] = hashlib.sha256(uuid_string.encode('utf-8')).hexdigest()[:16]
    ~~~~^^^^^^^^
  File "/usr/local/lib/python3.11/site-packages/scrapy/item.py", line 98, in __setitem__
    raise KeyError(f"{self.__class__.__name__} does not support field: {key}")
KeyError: 'EventItem does not support field: uuid'
[2026-01-28T22:20:33.702+0000] {docker.py:429} INFO - 2026-01-28 22:20:33 [scrapy.core.engine] DEBUG: Crawled (200) <GET https://zero.eu/it/eventi/358577-earth-circolo-magnolia-2026,segrate/> (referer: https://zero.eu/api/v2/events?per_page=100&citta=36&_embed=true)
[2026-01-28T22:20:33.805+0000] {docker.py:429} INFO - 2026-01-28 22:20:33 [scrapy.core.scraper] ERROR: Spider error processing <GET https://zero.eu/it/eventi/358577-earth-circolo-magnolia-2026,segrate/> (referer: https://zero.eu/api/v2/events?per_page=100&citta=36&_embed=true)
Traceback (most recent call last):
  File "/usr/local/lib/python3.11/site-packages/scrapy/utils/defer.py", line 355, in iter_errback
    yield next(it)
          ^^^^^^^^
  File "/usr/local/lib/python3.11/site-packages/scrapy/utils/python.py", line 311, in __next__
    return next(self.data)
           ^^^^^^^^^^^^^^^
  File "/usr/local/lib/python3.11/site-packages/scrapy/utils/python.py", line 311, in __next__
    return next(self.data)
           ^^^^^^^^^^^^^^^
  File "/usr/local/lib/python3.11/site-packages/scrapy/core/spidermw.py", line 183, in process_sync
    self._process_spider_exception(
  File "/usr/local/lib/python3.11/site-packages/scrapy/core/spidermw.py", line 256, in _process_spider_exception
    raise exception
  File "/usr/local/lib/python3.11/site-packages/scrapy/core/spidermw.py", line 179, in process_sync
    yield from iterable
  File "/usr/local/lib/python3.11/site-packages/scrapy/spidermiddlewares/base.py", line 60, in process_spider_output
    for o in result:
  File "/usr/local/lib/python3.11/site-packages/scrapy/core/spidermw.py", line 183, in process_sync
    self._process_spider_exception(
  File "/usr/local/lib/python3.11/site-packages/scrapy/core/spidermw.py", line 256, in _process_spider_exception
    raise exception
  File "/usr/local/lib/python3.11/site-packages/scrapy/core/spidermw.py", line 179, in process_sync
    yield from iterable
  File "/usr/local/lib/python3.11/site-packages/scrapy/spidermiddlewares/base.py", line 60, in process_spider_output
    for o in result:
  File "/usr/local/lib/python3.11/site-packages/scrapy/core/spidermw.py", line 183, in process_sync
    self._process_spider_exception(
  File "/usr/local/lib/python3.11/site-packages/scrapy/core/spidermw.py", line 256, in _process_spider_exception
    raise exception
  File "/usr/local/lib/python3.11/site-packages/scrapy/core/spidermw.py", line 179, in process_sync
    yield from iterable
  File "/usr/local/lib/python3.11/site-packages/scrapy/spidermiddlewares/base.py", line 60, in process_spider_output
    for o in result:
  File "/usr/local/lib/python3.11/site-packages/scrapy/core/spidermw.py", line 183, in process_sync
    self._process_spider_exception(
  File "/usr/local/lib/python3.11/site-packages/scrapy/core/spidermw.py", line 256, in _process_spider_exception
    raise exception
  File "/usr/local/lib/python3.11/site-packages/scrapy/core/spidermw.py", line 179, in process_sync
    yield from iterable
  File "/usr/local/lib/python3.11/site-packages/scrapy/spidermiddlewares/depth.py", line 61, in process_spider_output
    yield from super().process_spider_output(response, result)
  File "/usr/local/lib/python3.11/site-packages/scrapy/spidermiddlewares/base.py", line 60, in process_spider_output
    for o in result:
  File "/usr/local/lib/python3.11/site-packages/scrapy/core/spidermw.py", line 183, in process_sync
    self._process_spider_exception(
  File "/usr/local/lib/python3.11/site-packages/scrapy/core/spidermw.py", line 256, in _process_spider_exception
    raise exception
  File "/usr/local/lib/python3.11/site-packages/scrapy/core/spidermw.py", line 179, in process_sync
    yield from iterable
  File "/app/zero_eu/zero_scraper/spiders/events_spider.py", line 227, in parse_event_page
    item["uuid"] = hashlib.sha256(uuid_string.encode('utf-8')).hexdigest()[:16]
    ~~~~^^^^^^^^
  File "/usr/local/lib/python3.11/site-packages/scrapy/item.py", line 98, in __setitem__
    raise KeyError(f"{self.__class__.__name__} does not support field: {key}")
KeyError: 'EventItem does not support field: uuid'
[2026-01-28T22:20:34.463+0000] {docker.py:429} INFO - 2026-01-28 22:20:34 [scrapy.core.engine] DEBUG: Crawled (200) <GET https://zero.eu/it/eventi/358679-ilan-manouach-tarwar,roma/> (referer: https://zero.eu/api/v2/events?per_page=100&citta=36&_embed=true)
[2026-01-28T22:20:34.567+0000] {docker.py:429} INFO - 2026-01-28 22:20:34 [scrapy.core.scraper] ERROR: Spider error processing <GET https://zero.eu/it/eventi/358679-ilan-manouach-tarwar,roma/> (referer: https://zero.eu/api/v2/events?per_page=100&citta=36&_embed=true)
Traceback (most recent call last):
  File "/usr/local/lib/python3.11/site-packages/scrapy/utils/defer.py", line 355, in iter_errback
    yield next(it)
          ^^^^^^^^
  File "/usr/local/lib/python3.11/site-packages/scrapy/utils/python.py", line 311, in __next__
    return next(self.data)
           ^^^^^^^^^^^^^^^
  File "/usr/local/lib/python3.11/site-packages/scrapy/utils/python.py", line 311, in __next__
    return next(self.data)
           ^^^^^^^^^^^^^^^
  File "/usr/local/lib/python3.11/site-packages/scrapy/core/spidermw.py", line 183, in process_sync
    self._process_spider_exception(
  File "/usr/local/lib/python3.11/site-packages/scrapy/core/spidermw.py", line 256, in _process_spider_exception
    raise exception
  File "/usr/local/lib/python3.11/site-packages/scrapy/core/spidermw.py", line 179, in process_sync
    yield from iterable
  File "/usr/local/lib/python3.11/site-packages/scrapy/spidermiddlewares/base.py", line 60, in process_spider_output
    for o in result:
  File "/usr/local/lib/python3.11/site-packages/scrapy/core/spidermw.py", line 183, in process_sync
    self._process_spider_exception(
  File "/usr/local/lib/python3.11/site-packages/scrapy/core/spidermw.py", line 256, in _process_spider_exception
    raise exception
  File "/usr/local/lib/python3.11/site-packages/scrapy/core/spidermw.py", line 179, in process_sync
    yield from iterable
  File "/usr/local/lib/python3.11/site-packages/scrapy/spidermiddlewares/base.py", line 60, in process_spider_output
    for o in result:
  File "/usr/local/lib/python3.11/site-packages/scrapy/core/spidermw.py", line 183, in process_sync
    self._process_spider_exception(
  File "/usr/local/lib/python3.11/site-packages/scrapy/core/spidermw.py", line 256, in _process_spider_exception
    raise exception
  File "/usr/local/lib/python3.11/site-packages/scrapy/core/spidermw.py", line 179, in process_sync
    yield from iterable
  File "/usr/local/lib/python3.11/site-packages/scrapy/spidermiddlewares/base.py", line 60, in process_spider_output
    for o in result:
  File "/usr/local/lib/python3.11/site-packages/scrapy/core/spidermw.py", line 183, in process_sync
    self._process_spider_exception(
  File "/usr/local/lib/python3.11/site-packages/scrapy/core/spidermw.py", line 256, in _process_spider_exception
    raise exception
  File "/usr/local/lib/python3.11/site-packages/scrapy/core/spidermw.py", line 179, in process_sync
    yield from iterable
  File "/usr/local/lib/python3.11/site-packages/scrapy/spidermiddlewares/depth.py", line 61, in process_spider_output
    yield from super().process_spider_output(response, result)
  File "/usr/local/lib/python3.11/site-packages/scrapy/spidermiddlewares/base.py", line 60, in process_spider_output
    for o in result:
  File "/usr/local/lib/python3.11/site-packages/scrapy/core/spidermw.py", line 183, in process_sync
    self._process_spider_exception(
  File "/usr/local/lib/python3.11/site-packages/scrapy/core/spidermw.py", line 256, in _process_spider_exception
    raise exception
  File "/usr/local/lib/python3.11/site-packages/scrapy/core/spidermw.py", line 179, in process_sync
    yield from iterable
  File "/app/zero_eu/zero_scraper/spiders/events_spider.py", line 227, in parse_event_page
    item["uuid"] = hashlib.sha256(uuid_string.encode('utf-8')).hexdigest()[:16]
    ~~~~^^^^^^^^
  File "/usr/local/lib/python3.11/site-packages/scrapy/item.py", line 98, in __setitem__
    raise KeyError(f"{self.__class__.__name__} does not support field: {key}")
KeyError: 'EventItem does not support field: uuid'
[2026-01-28T22:20:35.310+0000] {docker.py:429} INFO - 2026-01-28 22:20:35 [scrapy.core.engine] DEBUG: Crawled (200) <GET https://zero.eu/it/eventi/359045-federico-ferrari-ritratti,milano/> (referer: https://zero.eu/api/v2/events?per_page=100&citta=36&_embed=true)
[2026-01-28T22:20:35.414+0000] {docker.py:429} INFO - 2026-01-28 22:20:35 [scrapy.core.scraper] ERROR: Spider error processing <GET https://zero.eu/it/eventi/359045-federico-ferrari-ritratti,milano/> (referer: https://zero.eu/api/v2/events?per_page=100&citta=36&_embed=true)
Traceback (most recent call last):
  File "/usr/local/lib/python3.11/site-packages/scrapy/utils/defer.py", line 355, in iter_errback
    yield next(it)
          ^^^^^^^^
  File "/usr/local/lib/python3.11/site-packages/scrapy/utils/python.py", line 311, in __next__
    return next(self.data)
           ^^^^^^^^^^^^^^^
  File "/usr/local/lib/python3.11/site-packages/scrapy/utils/python.py", line 311, in __next__
    return next(self.data)
           ^^^^^^^^^^^^^^^
  File "/usr/local/lib/python3.11/site-packages/scrapy/core/spidermw.py", line 183, in process_sync
    self._process_spider_exception(
  File "/usr/local/lib/python3.11/site-packages/scrapy/core/spidermw.py", line 256, in _process_spider_exception
    raise exception
  File "/usr/local/lib/python3.11/site-packages/scrapy/core/spidermw.py", line 179, in process_sync
    yield from iterable
  File "/usr/local/lib/python3.11/site-packages/scrapy/spidermiddlewares/base.py", line 60, in process_spider_output
    for o in result:
  File "/usr/local/lib/python3.11/site-packages/scrapy/core/spidermw.py", line 183, in process_sync
    self._process_spider_exception(
  File "/usr/local/lib/python3.11/site-packages/scrapy/core/spidermw.py", line 256, in _process_spider_exception
    raise exception
  File "/usr/local/lib/python3.11/site-packages/scrapy/core/spidermw.py", line 179, in process_sync
    yield from iterable
  File "/usr/local/lib/python3.11/site-packages/scrapy/spidermiddlewares/base.py", line 60, in process_spider_output
    for o in result:
  File "/usr/local/lib/python3.11/site-packages/scrapy/core/spidermw.py", line 183, in process_sync
    self._process_spider_exception(
  File "/usr/local/lib/python3.11/site-packages/scrapy/core/spidermw.py", line 256, in _process_spider_exception
    raise exception
  File "/usr/local/lib/python3.11/site-packages/scrapy/core/spidermw.py", line 179, in process_sync
    yield from iterable
  File "/usr/local/lib/python3.11/site-packages/scrapy/spidermiddlewares/base.py", line 60, in process_spider_output
    for o in result:
  File "/usr/local/lib/python3.11/site-packages/scrapy/core/spidermw.py", line 183, in process_sync
    self._process_spider_exception(
  File "/usr/local/lib/python3.11/site-packages/scrapy/core/spidermw.py", line 256, in _process_spider_exception
    raise exception
  File "/usr/local/lib/python3.11/site-packages/scrapy/core/spidermw.py", line 179, in process_sync
    yield from iterable
  File "/usr/local/lib/python3.11/site-packages/scrapy/spidermiddlewares/depth.py", line 61, in process_spider_output
    yield from super().process_spider_output(response, result)
  File "/usr/local/lib/python3.11/site-packages/scrapy/spidermiddlewares/base.py", line 60, in process_spider_output
    for o in result:
  File "/usr/local/lib/python3.11/site-packages/scrapy/core/spidermw.py", line 183, in process_sync
    self._process_spider_exception(
  File "/usr/local/lib/python3.11/site-packages/scrapy/core/spidermw.py", line 256, in _process_spider_exception
    raise exception
  File "/usr/local/lib/python3.11/site-packages/scrapy/core/spidermw.py", line 179, in process_sync
    yield from iterable
  File "/app/zero_eu/zero_scraper/spiders/events_spider.py", line 227, in parse_event_page
    item["uuid"] = hashlib.sha256(uuid_string.encode('utf-8')).hexdigest()[:16]
    ~~~~^^^^^^^^
  File "/usr/local/lib/python3.11/site-packages/scrapy/item.py", line 98, in __setitem__
    raise KeyError(f"{self.__class__.__name__} does not support field: {key}")
KeyError: 'EventItem does not support field: uuid'
[2026-01-28T22:20:36.136+0000] {docker.py:429} INFO - 2026-01-28 22:20:36 [scrapy.core.engine] DEBUG: Crawled (200) <GET https://zero.eu/it/eventi/358982-collettivo-unterbahn-vocodia,bologna/> (referer: https://zero.eu/api/v2/events?per_page=100&citta=36&_embed=true)
[2026-01-28T22:20:36.241+0000] {docker.py:429} INFO - 2026-01-28 22:20:36 [scrapy.core.scraper] ERROR: Spider error processing <GET https://zero.eu/it/eventi/358982-collettivo-unterbahn-vocodia,bologna/> (referer: https://zero.eu/api/v2/events?per_page=100&citta=36&_embed=true)
Traceback (most recent call last):
  File "/usr/local/lib/python3.11/site-packages/scrapy/utils/defer.py", line 355, in iter_errback
    yield next(it)
          ^^^^^^^^
  File "/usr/local/lib/python3.11/site-packages/scrapy/utils/python.py", line 311, in __next__
    return next(self.data)
           ^^^^^^^^^^^^^^^
  File "/usr/local/lib/python3.11/site-packages/scrapy/utils/python.py", line 311, in __next__
    return next(self.data)
           ^^^^^^^^^^^^^^^
  File "/usr/local/lib/python3.11/site-packages/scrapy/core/spidermw.py", line 183, in process_sync
    self._process_spider_exception(
  File "/usr/local/lib/python3.11/site-packages/scrapy/core/spidermw.py", line 256, in _process_spider_exception
    raise exception
  File "/usr/local/lib/python3.11/site-packages/scrapy/core/spidermw.py", line 179, in process_sync
    yield from iterable
  File "/usr/local/lib/python3.11/site-packages/scrapy/spidermiddlewares/base.py", line 60, in process_spider_output
    for o in result:
  File "/usr/local/lib/python3.11/site-packages/scrapy/core/spidermw.py", line 183, in process_sync
    self._process_spider_exception(
  File "/usr/local/lib/python3.11/site-packages/scrapy/core/spidermw.py", line 256, in _process_spider_exception
    raise exception
  File "/usr/local/lib/python3.11/site-packages/scrapy/core/spidermw.py", line 179, in process_sync
    yield from iterable
  File "/usr/local/lib/python3.11/site-packages/scrapy/spidermiddlewares/base.py", line 60, in process_spider_output
    for o in result:
  File "/usr/local/lib/python3.11/site-packages/scrapy/core/spidermw.py", line 183, in process_sync
    self._process_spider_exception(
  File "/usr/local/lib/python3.11/site-packages/scrapy/core/spidermw.py", line 256, in _process_spider_exception
    raise exception
  File "/usr/local/lib/python3.11/site-packages/scrapy/core/spidermw.py", line 179, in process_sync
    yield from iterable
  File "/usr/local/lib/python3.11/site-packages/scrapy/spidermiddlewares/base.py", line 60, in process_spider_output
    for o in result:
  File "/usr/local/lib/python3.11/site-packages/scrapy/core/spidermw.py", line 183, in process_sync
    self._process_spider_exception(
  File "/usr/local/lib/python3.11/site-packages/scrapy/core/spidermw.py", line 256, in _process_spider_exception
    raise exception
  File "/usr/local/lib/python3.11/site-packages/scrapy/core/spidermw.py", line 179, in process_sync
    yield from iterable
  File "/usr/local/lib/python3.11/site-packages/scrapy/spidermiddlewares/depth.py", line 61, in process_spider_output
    yield from super().process_spider_output(response, result)
  File "/usr/local/lib/python3.11/site-packages/scrapy/spidermiddlewares/base.py", line 60, in process_spider_output
    for o in result:
  File "/usr/local/lib/python3.11/site-packages/scrapy/core/spidermw.py", line 183, in process_sync
    self._process_spider_exception(
  File "/usr/local/lib/python3.11/site-packages/scrapy/core/spidermw.py", line 256, in _process_spider_exception
    raise exception
  File "/usr/local/lib/python3.11/site-packages/scrapy/core/spidermw.py", line 179, in process_sync
    yield from iterable
  File "/app/zero_eu/zero_scraper/spiders/events_spider.py", line 227, in parse_event_page
    item["uuid"] = hashlib.sha256(uuid_string.encode('utf-8')).hexdigest()[:16]
    ~~~~^^^^^^^^
  File "/usr/local/lib/python3.11/site-packages/scrapy/item.py", line 98, in __setitem__
    raise KeyError(f"{self.__class__.__name__} does not support field: {key}")
KeyError: 'EventItem does not support field: uuid'
[2026-01-28T22:20:36.985+0000] {docker.py:429} INFO - 2026-01-28 22:20:36 [scrapy.core.engine] DEBUG: Crawled (200) <GET https://zero.eu/it/eventi/356757-carrozzeria-orfeo-misurare-il-salto-delle-rane,roma/> (referer: https://zero.eu/api/v2/events?per_page=100&citta=36&_embed=true)
[2026-01-28T22:20:37.092+0000] {docker.py:429} INFO - 2026-01-28 22:20:37 [scrapy.core.scraper] ERROR: Spider error processing <GET https://zero.eu/it/eventi/356757-carrozzeria-orfeo-misurare-il-salto-delle-rane,roma/> (referer: https://zero.eu/api/v2/events?per_page=100&citta=36&_embed=true)
Traceback (most recent call last):
  File "/usr/local/lib/python3.11/site-packages/scrapy/utils/defer.py", line 355, in iter_errback
    yield next(it)
          ^^^^^^^^
  File "/usr/local/lib/python3.11/site-packages/scrapy/utils/python.py", line 311, in __next__
    return next(self.data)
           ^^^^^^^^^^^^^^^
  File "/usr/local/lib/python3.11/site-packages/scrapy/utils/python.py", line 311, in __next__
    return next(self.data)
           ^^^^^^^^^^^^^^^
  File "/usr/local/lib/python3.11/site-packages/scrapy/core/spidermw.py", line 183, in process_sync
    self._process_spider_exception(
  File "/usr/local/lib/python3.11/site-packages/scrapy/core/spidermw.py", line 256, in _process_spider_exception
    raise exception
  File "/usr/local/lib/python3.11/site-packages/scrapy/core/spidermw.py", line 179, in process_sync
    yield from iterable
  File "/usr/local/lib/python3.11/site-packages/scrapy/spidermiddlewares/base.py", line 60, in process_spider_output
    for o in result:
  File "/usr/local/lib/python3.11/site-packages/scrapy/core/spidermw.py", line 183, in process_sync
    self._process_spider_exception(
  File "/usr/local/lib/python3.11/site-packages/scrapy/core/spidermw.py", line 256, in _process_spider_exception
    raise exception
  File "/usr/local/lib/python3.11/site-packages/scrapy/core/spidermw.py", line 179, in process_sync
    yield from iterable
  File "/usr/local/lib/python3.11/site-packages/scrapy/spidermiddlewares/base.py", line 60, in process_spider_output
    for o in result:
  File "/usr/local/lib/python3.11/site-packages/scrapy/core/spidermw.py", line 183, in process_sync
    self._process_spider_exception(
  File "/usr/local/lib/python3.11/site-packages/scrapy/core/spidermw.py", line 256, in _process_spider_exception
    raise exception
  File "/usr/local/lib/python3.11/site-packages/scrapy/core/spidermw.py", line 179, in process_sync
    yield from iterable
  File "/usr/local/lib/python3.11/site-packages/scrapy/spidermiddlewares/base.py", line 60, in process_spider_output
    for o in result:
  File "/usr/local/lib/python3.11/site-packages/scrapy/core/spidermw.py", line 183, in process_sync
    self._process_spider_exception(
  File "/usr/local/lib/python3.11/site-packages/scrapy/core/spidermw.py", line 256, in _process_spider_exception
    raise exception
  File "/usr/local/lib/python3.11/site-packages/scrapy/core/spidermw.py", line 179, in process_sync
    yield from iterable
  File "/usr/local/lib/python3.11/site-packages/scrapy/spidermiddlewares/depth.py", line 61, in process_spider_output
    yield from super().process_spider_output(response, result)
  File "/usr/local/lib/python3.11/site-packages/scrapy/spidermiddlewares/base.py", line 60, in process_spider_output
    for o in result:
  File "/usr/local/lib/python3.11/site-packages/scrapy/core/spidermw.py", line 183, in process_sync
    self._process_spider_exception(
  File "/usr/local/lib/python3.11/site-packages/scrapy/core/spidermw.py", line 256, in _process_spider_exception
    raise exception
  File "/usr/local/lib/python3.11/site-packages/scrapy/core/spidermw.py", line 179, in process_sync
    yield from iterable
  File "/app/zero_eu/zero_scraper/spiders/events_spider.py", line 227, in parse_event_page
    item["uuid"] = hashlib.sha256(uuid_string.encode('utf-8')).hexdigest()[:16]
    ~~~~^^^^^^^^
  File "/usr/local/lib/python3.11/site-packages/scrapy/item.py", line 98, in __setitem__
    raise KeyError(f"{self.__class__.__name__} does not support field: {key}")
KeyError: 'EventItem does not support field: uuid'
[2026-01-28T22:20:37.849+0000] {docker.py:429} INFO - 2026-01-28 22:20:37 [scrapy.core.engine] DEBUG: Crawled (200) <GET https://zero.eu/it/eventi/356774-gruppo-della-creta-la-stanza-di-julio-cortazar,roma/> (referer: https://zero.eu/api/v2/events?per_page=100&citta=36&_embed=true)
[2026-01-28T22:20:37.953+0000] {docker.py:429} INFO - 2026-01-28 22:20:37 [scrapy.core.scraper] ERROR: Spider error processing <GET https://zero.eu/it/eventi/356774-gruppo-della-creta-la-stanza-di-julio-cortazar,roma/> (referer: https://zero.eu/api/v2/events?per_page=100&citta=36&_embed=true)
Traceback (most recent call last):
  File "/usr/local/lib/python3.11/site-packages/scrapy/utils/defer.py", line 355, in iter_errback
    yield next(it)
          ^^^^^^^^
  File "/usr/local/lib/python3.11/site-packages/scrapy/utils/python.py", line 311, in __next__
    return next(self.data)
           ^^^^^^^^^^^^^^^
  File "/usr/local/lib/python3.11/site-packages/scrapy/utils/python.py", line 311, in __next__
    return next(self.data)
           ^^^^^^^^^^^^^^^
  File "/usr/local/lib/python3.11/site-packages/scrapy/core/spidermw.py", line 183, in process_sync
    self._process_spider_exception(
  File "/usr/local/lib/python3.11/site-packages/scrapy/core/spidermw.py", line 256, in _process_spider_exception
    raise exception
  File "/usr/local/lib/python3.11/site-packages/scrapy/core/spidermw.py", line 179, in process_sync
    yield from iterable
  File "/usr/local/lib/python3.11/site-packages/scrapy/spidermiddlewares/base.py", line 60, in process_spider_output
    for o in result:
  File "/usr/local/lib/python3.11/site-packages/scrapy/core/spidermw.py", line 183, in process_sync
    self._process_spider_exception(
  File "/usr/local/lib/python3.11/site-packages/scrapy/core/spidermw.py", line 256, in _process_spider_exception
    raise exception
  File "/usr/local/lib/python3.11/site-packages/scrapy/core/spidermw.py", line 179, in process_sync
    yield from iterable
  File "/usr/local/lib/python3.11/site-packages/scrapy/spidermiddlewares/base.py", line 60, in process_spider_output
    for o in result:
  File "/usr/local/lib/python3.11/site-packages/scrapy/core/spidermw.py", line 183, in process_sync
    self._process_spider_exception(
  File "/usr/local/lib/python3.11/site-packages/scrapy/core/spidermw.py", line 256, in _process_spider_exception
    raise exception
  File "/usr/local/lib/python3.11/site-packages/scrapy/core/spidermw.py", line 179, in process_sync
    yield from iterable
  File "/usr/local/lib/python3.11/site-packages/scrapy/spidermiddlewares/base.py", line 60, in process_spider_output
    for o in result:
  File "/usr/local/lib/python3.11/site-packages/scrapy/core/spidermw.py", line 183, in process_sync
    self._process_spider_exception(
  File "/usr/local/lib/python3.11/site-packages/scrapy/core/spidermw.py", line 256, in _process_spider_exception
    raise exception
  File "/usr/local/lib/python3.11/site-packages/scrapy/core/spidermw.py", line 179, in process_sync
    yield from iterable
  File "/usr/local/lib/python3.11/site-packages/scrapy/spidermiddlewares/depth.py", line 61, in process_spider_output
    yield from super().process_spider_output(response, result)
  File "/usr/local/lib/python3.11/site-packages/scrapy/spidermiddlewares/base.py", line 60, in process_spider_output
    for o in result:
  File "/usr/local/lib/python3.11/site-packages/scrapy/core/spidermw.py", line 183, in process_sync
    self._process_spider_exception(
  File "/usr/local/lib/python3.11/site-packages/scrapy/core/spidermw.py", line 256, in _process_spider_exception
    raise exception
  File "/usr/local/lib/python3.11/site-packages/scrapy/core/spidermw.py", line 179, in process_sync
    yield from iterable
  File "/app/zero_eu/zero_scraper/spiders/events_spider.py", line 227, in parse_event_page
    item["uuid"] = hashlib.sha256(uuid_string.encode('utf-8')).hexdigest()[:16]
    ~~~~^^^^^^^^
  File "/usr/local/lib/python3.11/site-packages/scrapy/item.py", line 98, in __setitem__
    raise KeyError(f"{self.__class__.__name__} does not support field: {key}")
KeyError: 'EventItem does not support field: uuid'
[2026-01-28T22:20:38.584+0000] {docker.py:429} INFO - 2026-01-28 22:20:38 [scrapy.core.engine] DEBUG: Crawled (200) <GET https://zero.eu/it/eventi/356997-paolo-maria-congi-il-gigante,roma/> (referer: https://zero.eu/api/v2/events?per_page=100&citta=36&_embed=true)
[2026-01-28T22:20:38.695+0000] {docker.py:429} INFO - 2026-01-28 22:20:38 [scrapy.core.scraper] ERROR: Spider error processing <GET https://zero.eu/it/eventi/356997-paolo-maria-congi-il-gigante,roma/> (referer: https://zero.eu/api/v2/events?per_page=100&citta=36&_embed=true)
Traceback (most recent call last):
  File "/usr/local/lib/python3.11/site-packages/scrapy/utils/defer.py", line 355, in iter_errback
    yield next(it)
          ^^^^^^^^
  File "/usr/local/lib/python3.11/site-packages/scrapy/utils/python.py", line 311, in __next__
    return next(self.data)
           ^^^^^^^^^^^^^^^
  File "/usr/local/lib/python3.11/site-packages/scrapy/utils/python.py", line 311, in __next__
    return next(self.data)
           ^^^^^^^^^^^^^^^
  File "/usr/local/lib/python3.11/site-packages/scrapy/core/spidermw.py", line 183, in process_sync
    self._process_spider_exception(
  File "/usr/local/lib/python3.11/site-packages/scrapy/core/spidermw.py", line 256, in _process_spider_exception
    raise exception
  File "/usr/local/lib/python3.11/site-packages/scrapy/core/spidermw.py", line 179, in process_sync
    yield from iterable
  File "/usr/local/lib/python3.11/site-packages/scrapy/spidermiddlewares/base.py", line 60, in process_spider_output
    for o in result:
  File "/usr/local/lib/python3.11/site-packages/scrapy/core/spidermw.py", line 183, in process_sync
    self._process_spider_exception(
  File "/usr/local/lib/python3.11/site-packages/scrapy/core/spidermw.py", line 256, in _process_spider_exception
    raise exception
  File "/usr/local/lib/python3.11/site-packages/scrapy/core/spidermw.py", line 179, in process_sync
    yield from iterable
  File "/usr/local/lib/python3.11/site-packages/scrapy/spidermiddlewares/base.py", line 60, in process_spider_output
    for o in result:
  File "/usr/local/lib/python3.11/site-packages/scrapy/core/spidermw.py", line 183, in process_sync
    self._process_spider_exception(
  File "/usr/local/lib/python3.11/site-packages/scrapy/core/spidermw.py", line 256, in _process_spider_exception
    raise exception
  File "/usr/local/lib/python3.11/site-packages/scrapy/core/spidermw.py", line 179, in process_sync
    yield from iterable
  File "/usr/local/lib/python3.11/site-packages/scrapy/spidermiddlewares/base.py", line 60, in process_spider_output
    for o in result:
  File "/usr/local/lib/python3.11/site-packages/scrapy/core/spidermw.py", line 183, in process_sync
    self._process_spider_exception(
  File "/usr/local/lib/python3.11/site-packages/scrapy/core/spidermw.py", line 256, in _process_spider_exception
    raise exception
  File "/usr/local/lib/python3.11/site-packages/scrapy/core/spidermw.py", line 179, in process_sync
    yield from iterable
  File "/usr/local/lib/python3.11/site-packages/scrapy/spidermiddlewares/depth.py", line 61, in process_spider_output
    yield from super().process_spider_output(response, result)
  File "/usr/local/lib/python3.11/site-packages/scrapy/spidermiddlewares/base.py", line 60, in process_spider_output
    for o in result:
  File "/usr/local/lib/python3.11/site-packages/scrapy/core/spidermw.py", line 183, in process_sync
    self._process_spider_exception(
  File "/usr/local/lib/python3.11/site-packages/scrapy/core/spidermw.py", line 256, in _process_spider_exception
    raise exception
  File "/usr/local/lib/python3.11/site-packages/scrapy/core/spidermw.py", line 179, in process_sync
    yield from iterable
  File "/app/zero_eu/zero_scraper/spiders/events_spider.py", line 227, in parse_event_page
    item["uuid"] = hashlib.sha256(uuid_string.encode('utf-8')).hexdigest()[:16]
    ~~~~^^^^^^^^
  File "/usr/local/lib/python3.11/site-packages/scrapy/item.py", line 98, in __setitem__
    raise KeyError(f"{self.__class__.__name__} does not support field: {key}")
KeyError: 'EventItem does not support field: uuid'
[2026-01-28T22:20:39.307+0000] {docker.py:429} INFO - 2026-01-28 22:20:39 [scrapy.core.engine] DEBUG: Crawled (200) <GET https://zero.eu/it/eventi/357022-compagnia-licia-lanera-con-la-carabina-ottobre-2023-spazio-diamante-2026,roma/> (referer: https://zero.eu/api/v2/events?per_page=100&citta=36&_embed=true)
[2026-01-28T22:20:39.416+0000] {docker.py:429} INFO - 2026-01-28 22:20:39 [scrapy.core.scraper] ERROR: Spider error processing <GET https://zero.eu/it/eventi/357022-compagnia-licia-lanera-con-la-carabina-ottobre-2023-spazio-diamante-2026,roma/> (referer: https://zero.eu/api/v2/events?per_page=100&citta=36&_embed=true)
Traceback (most recent call last):
  File "/usr/local/lib/python3.11/site-packages/scrapy/utils/defer.py", line 355, in iter_errback
    yield next(it)
          ^^^^^^^^
  File "/usr/local/lib/python3.11/site-packages/scrapy/utils/python.py", line 311, in __next__
    return next(self.data)
           ^^^^^^^^^^^^^^^
  File "/usr/local/lib/python3.11/site-packages/scrapy/utils/python.py", line 311, in __next__
    return next(self.data)
           ^^^^^^^^^^^^^^^
  File "/usr/local/lib/python3.11/site-packages/scrapy/core/spidermw.py", line 183, in process_sync
    self._process_spider_exception(
  File "/usr/local/lib/python3.11/site-packages/scrapy/core/spidermw.py", line 256, in _process_spider_exception
    raise exception
  File "/usr/local/lib/python3.11/site-packages/scrapy/core/spidermw.py", line 179, in process_sync
    yield from iterable
  File "/usr/local/lib/python3.11/site-packages/scrapy/spidermiddlewares/base.py", line 60, in process_spider_output
    for o in result:
  File "/usr/local/lib/python3.11/site-packages/scrapy/core/spidermw.py", line 183, in process_sync
    self._process_spider_exception(
  File "/usr/local/lib/python3.11/site-packages/scrapy/core/spidermw.py", line 256, in _process_spider_exception
    raise exception
  File "/usr/local/lib/python3.11/site-packages/scrapy/core/spidermw.py", line 179, in process_sync
    yield from iterable
  File "/usr/local/lib/python3.11/site-packages/scrapy/spidermiddlewares/base.py", line 60, in process_spider_output
    for o in result:
  File "/usr/local/lib/python3.11/site-packages/scrapy/core/spidermw.py", line 183, in process_sync
    self._process_spider_exception(
  File "/usr/local/lib/python3.11/site-packages/scrapy/core/spidermw.py", line 256, in _process_spider_exception
    raise exception
  File "/usr/local/lib/python3.11/site-packages/scrapy/core/spidermw.py", line 179, in process_sync
    yield from iterable
  File "/usr/local/lib/python3.11/site-packages/scrapy/spidermiddlewares/base.py", line 60, in process_spider_output
    for o in result:
  File "/usr/local/lib/python3.11/site-packages/scrapy/core/spidermw.py", line 183, in process_sync
    self._process_spider_exception(
  File "/usr/local/lib/python3.11/site-packages/scrapy/core/spidermw.py", line 256, in _process_spider_exception
    raise exception
  File "/usr/local/lib/python3.11/site-packages/scrapy/core/spidermw.py", line 179, in process_sync
    yield from iterable
  File "/usr/local/lib/python3.11/site-packages/scrapy/spidermiddlewares/depth.py", line 61, in process_spider_output
    yield from super().process_spider_output(response, result)
  File "/usr/local/lib/python3.11/site-packages/scrapy/spidermiddlewares/base.py", line 60, in process_spider_output
    for o in result:
  File "/usr/local/lib/python3.11/site-packages/scrapy/core/spidermw.py", line 183, in process_sync
    self._process_spider_exception(
  File "/usr/local/lib/python3.11/site-packages/scrapy/core/spidermw.py", line 256, in _process_spider_exception
    raise exception
  File "/usr/local/lib/python3.11/site-packages/scrapy/core/spidermw.py", line 179, in process_sync
    yield from iterable
  File "/app/zero_eu/zero_scraper/spiders/events_spider.py", line 227, in parse_event_page
    item["uuid"] = hashlib.sha256(uuid_string.encode('utf-8')).hexdigest()[:16]
    ~~~~^^^^^^^^
  File "/usr/local/lib/python3.11/site-packages/scrapy/item.py", line 98, in __setitem__
    raise KeyError(f"{self.__class__.__name__} does not support field: {key}")
KeyError: 'EventItem does not support field: uuid'
[2026-01-28T22:20:40.151+0000] {docker.py:429} INFO - 2026-01-28 22:20:40 [scrapy.core.engine] DEBUG: Crawled (200) <GET https://zero.eu/it/eventi/357925-tre-studi-per-una-crocifissione,milano/> (referer: https://zero.eu/api/v2/events?per_page=100&citta=36&_embed=true)
[2026-01-28T22:20:40.262+0000] {docker.py:429} INFO - 2026-01-28 22:20:40 [scrapy.core.scraper] ERROR: Spider error processing <GET https://zero.eu/it/eventi/357925-tre-studi-per-una-crocifissione,milano/> (referer: https://zero.eu/api/v2/events?per_page=100&citta=36&_embed=true)
Traceback (most recent call last):
  File "/usr/local/lib/python3.11/site-packages/scrapy/utils/defer.py", line 355, in iter_errback
    yield next(it)
          ^^^^^^^^
  File "/usr/local/lib/python3.11/site-packages/scrapy/utils/python.py", line 311, in __next__
    return next(self.data)
           ^^^^^^^^^^^^^^^
  File "/usr/local/lib/python3.11/site-packages/scrapy/utils/python.py", line 311, in __next__
    return next(self.data)
           ^^^^^^^^^^^^^^^
  File "/usr/local/lib/python3.11/site-packages/scrapy/core/spidermw.py", line 183, in process_sync
    self._process_spider_exception(
  File "/usr/local/lib/python3.11/site-packages/scrapy/core/spidermw.py", line 256, in _process_spider_exception
    raise exception
  File "/usr/local/lib/python3.11/site-packages/scrapy/core/spidermw.py", line 179, in process_sync
    yield from iterable
  File "/usr/local/lib/python3.11/site-packages/scrapy/spidermiddlewares/base.py", line 60, in process_spider_output
    for o in result:
  File "/usr/local/lib/python3.11/site-packages/scrapy/core/spidermw.py", line 183, in process_sync
    self._process_spider_exception(
  File "/usr/local/lib/python3.11/site-packages/scrapy/core/spidermw.py", line 256, in _process_spider_exception
    raise exception
  File "/usr/local/lib/python3.11/site-packages/scrapy/core/spidermw.py", line 179, in process_sync
    yield from iterable
  File "/usr/local/lib/python3.11/site-packages/scrapy/spidermiddlewares/base.py", line 60, in process_spider_output
    for o in result:
  File "/usr/local/lib/python3.11/site-packages/scrapy/core/spidermw.py", line 183, in process_sync
    self._process_spider_exception(
  File "/usr/local/lib/python3.11/site-packages/scrapy/core/spidermw.py", line 256, in _process_spider_exception
    raise exception
  File "/usr/local/lib/python3.11/site-packages/scrapy/core/spidermw.py", line 179, in process_sync
    yield from iterable
  File "/usr/local/lib/python3.11/site-packages/scrapy/spidermiddlewares/base.py", line 60, in process_spider_output
    for o in result:
  File "/usr/local/lib/python3.11/site-packages/scrapy/core/spidermw.py", line 183, in process_sync
    self._process_spider_exception(
  File "/usr/local/lib/python3.11/site-packages/scrapy/core/spidermw.py", line 256, in _process_spider_exception
    raise exception
  File "/usr/local/lib/python3.11/site-packages/scrapy/core/spidermw.py", line 179, in process_sync
    yield from iterable
  File "/usr/local/lib/python3.11/site-packages/scrapy/spidermiddlewares/depth.py", line 61, in process_spider_output
    yield from super().process_spider_output(response, result)
  File "/usr/local/lib/python3.11/site-packages/scrapy/spidermiddlewares/base.py", line 60, in process_spider_output
    for o in result:
  File "/usr/local/lib/python3.11/site-packages/scrapy/core/spidermw.py", line 183, in process_sync
    self._process_spider_exception(
  File "/usr/local/lib/python3.11/site-packages/scrapy/core/spidermw.py", line 256, in _process_spider_exception
    raise exception
  File "/usr/local/lib/python3.11/site-packages/scrapy/core/spidermw.py", line 179, in process_sync
    yield from iterable
  File "/app/zero_eu/zero_scraper/spiders/events_spider.py", line 227, in parse_event_page
    item["uuid"] = hashlib.sha256(uuid_string.encode('utf-8')).hexdigest()[:16]
    ~~~~^^^^^^^^
  File "/usr/local/lib/python3.11/site-packages/scrapy/item.py", line 98, in __setitem__
    raise KeyError(f"{self.__class__.__name__} does not support field: {key}")
KeyError: 'EventItem does not support field: uuid'
[2026-01-28T22:20:40.912+0000] {docker.py:429} INFO - 2026-01-28 22:20:40 [scrapy.core.engine] DEBUG: Crawled (200) <GET https://zero.eu/it/eventi/325253-baronato-quattro-bellezze-week,roma/> (referer: https://zero.eu/api/v2/events?per_page=100&citta=36&_embed=true)
[2026-01-28T22:20:41.018+0000] {docker.py:429} INFO - 2026-01-28 22:20:41 [scrapy.core.scraper] ERROR: Spider error processing <GET https://zero.eu/it/eventi/325253-baronato-quattro-bellezze-week,roma/> (referer: https://zero.eu/api/v2/events?per_page=100&citta=36&_embed=true)
Traceback (most recent call last):
  File "/usr/local/lib/python3.11/site-packages/scrapy/utils/defer.py", line 355, in iter_errback
    yield next(it)
          ^^^^^^^^
  File "/usr/local/lib/python3.11/site-packages/scrapy/utils/python.py", line 311, in __next__
    return next(self.data)
           ^^^^^^^^^^^^^^^
  File "/usr/local/lib/python3.11/site-packages/scrapy/utils/python.py", line 311, in __next__
    return next(self.data)
           ^^^^^^^^^^^^^^^
  File "/usr/local/lib/python3.11/site-packages/scrapy/core/spidermw.py", line 183, in process_sync
    self._process_spider_exception(
  File "/usr/local/lib/python3.11/site-packages/scrapy/core/spidermw.py", line 256, in _process_spider_exception
    raise exception
  File "/usr/local/lib/python3.11/site-packages/scrapy/core/spidermw.py", line 179, in process_sync
    yield from iterable
  File "/usr/local/lib/python3.11/site-packages/scrapy/spidermiddlewares/base.py", line 60, in process_spider_output
    for o in result:
  File "/usr/local/lib/python3.11/site-packages/scrapy/core/spidermw.py", line 183, in process_sync
    self._process_spider_exception(
  File "/usr/local/lib/python3.11/site-packages/scrapy/core/spidermw.py", line 256, in _process_spider_exception
    raise exception
  File "/usr/local/lib/python3.11/site-packages/scrapy/core/spidermw.py", line 179, in process_sync
    yield from iterable
  File "/usr/local/lib/python3.11/site-packages/scrapy/spidermiddlewares/base.py", line 60, in process_spider_output
    for o in result:
  File "/usr/local/lib/python3.11/site-packages/scrapy/core/spidermw.py", line 183, in process_sync
    self._process_spider_exception(
  File "/usr/local/lib/python3.11/site-packages/scrapy/core/spidermw.py", line 256, in _process_spider_exception
    raise exception
  File "/usr/local/lib/python3.11/site-packages/scrapy/core/spidermw.py", line 179, in process_sync
    yield from iterable
  File "/usr/local/lib/python3.11/site-packages/scrapy/spidermiddlewares/base.py", line 60, in process_spider_output
    for o in result:
  File "/usr/local/lib/python3.11/site-packages/scrapy/core/spidermw.py", line 183, in process_sync
    self._process_spider_exception(
  File "/usr/local/lib/python3.11/site-packages/scrapy/core/spidermw.py", line 256, in _process_spider_exception
    raise exception
  File "/usr/local/lib/python3.11/site-packages/scrapy/core/spidermw.py", line 179, in process_sync
    yield from iterable
  File "/usr/local/lib/python3.11/site-packages/scrapy/spidermiddlewares/depth.py", line 61, in process_spider_output
    yield from super().process_spider_output(response, result)
  File "/usr/local/lib/python3.11/site-packages/scrapy/spidermiddlewares/base.py", line 60, in process_spider_output
    for o in result:
  File "/usr/local/lib/python3.11/site-packages/scrapy/core/spidermw.py", line 183, in process_sync
    self._process_spider_exception(
  File "/usr/local/lib/python3.11/site-packages/scrapy/core/spidermw.py", line 256, in _process_spider_exception
    raise exception
  File "/usr/local/lib/python3.11/site-packages/scrapy/core/spidermw.py", line 179, in process_sync
    yield from iterable
  File "/app/zero_eu/zero_scraper/spiders/events_spider.py", line 227, in parse_event_page
    item["uuid"] = hashlib.sha256(uuid_string.encode('utf-8')).hexdigest()[:16]
    ~~~~^^^^^^^^
  File "/usr/local/lib/python3.11/site-packages/scrapy/item.py", line 98, in __setitem__
    raise KeyError(f"{self.__class__.__name__} does not support field: {key}")
KeyError: 'EventItem does not support field: uuid'
[2026-01-28T22:20:41.746+0000] {docker.py:429} INFO - 2026-01-28 22:20:41 [scrapy.core.engine] DEBUG: Crawled (200) <GET https://zero.eu/it/eventi/347268-rhizome-week,roma/> (referer: https://zero.eu/api/v2/events?per_page=100&citta=36&_embed=true)
[2026-01-28T22:20:41.850+0000] {docker.py:429} INFO - 2026-01-28 22:20:41 [scrapy.core.scraper] ERROR: Spider error processing <GET https://zero.eu/it/eventi/347268-rhizome-week,roma/> (referer: https://zero.eu/api/v2/events?per_page=100&citta=36&_embed=true)
Traceback (most recent call last):
  File "/usr/local/lib/python3.11/site-packages/scrapy/utils/defer.py", line 355, in iter_errback
    yield next(it)
          ^^^^^^^^
  File "/usr/local/lib/python3.11/site-packages/scrapy/utils/python.py", line 311, in __next__
    return next(self.data)
           ^^^^^^^^^^^^^^^
  File "/usr/local/lib/python3.11/site-packages/scrapy/utils/python.py", line 311, in __next__
    return next(self.data)
           ^^^^^^^^^^^^^^^
  File "/usr/local/lib/python3.11/site-packages/scrapy/core/spidermw.py", line 183, in process_sync
    self._process_spider_exception(
  File "/usr/local/lib/python3.11/site-packages/scrapy/core/spidermw.py", line 256, in _process_spider_exception
    raise exception
  File "/usr/local/lib/python3.11/site-packages/scrapy/core/spidermw.py", line 179, in process_sync
    yield from iterable
  File "/usr/local/lib/python3.11/site-packages/scrapy/spidermiddlewares/base.py", line 60, in process_spider_output
    for o in result:
  File "/usr/local/lib/python3.11/site-packages/scrapy/core/spidermw.py", line 183, in process_sync
    self._process_spider_exception(
  File "/usr/local/lib/python3.11/site-packages/scrapy/core/spidermw.py", line 256, in _process_spider_exception
    raise exception
  File "/usr/local/lib/python3.11/site-packages/scrapy/core/spidermw.py", line 179, in process_sync
    yield from iterable
  File "/usr/local/lib/python3.11/site-packages/scrapy/spidermiddlewares/base.py", line 60, in process_spider_output
    for o in result:
  File "/usr/local/lib/python3.11/site-packages/scrapy/core/spidermw.py", line 183, in process_sync
    self._process_spider_exception(
  File "/usr/local/lib/python3.11/site-packages/scrapy/core/spidermw.py", line 256, in _process_spider_exception
    raise exception
  File "/usr/local/lib/python3.11/site-packages/scrapy/core/spidermw.py", line 179, in process_sync
    yield from iterable
  File "/usr/local/lib/python3.11/site-packages/scrapy/spidermiddlewares/base.py", line 60, in process_spider_output
    for o in result:
  File "/usr/local/lib/python3.11/site-packages/scrapy/core/spidermw.py", line 183, in process_sync
    self._process_spider_exception(
  File "/usr/local/lib/python3.11/site-packages/scrapy/core/spidermw.py", line 256, in _process_spider_exception
    raise exception
  File "/usr/local/lib/python3.11/site-packages/scrapy/core/spidermw.py", line 179, in process_sync
    yield from iterable
  File "/usr/local/lib/python3.11/site-packages/scrapy/spidermiddlewares/depth.py", line 61, in process_spider_output
    yield from super().process_spider_output(response, result)
  File "/usr/local/lib/python3.11/site-packages/scrapy/spidermiddlewares/base.py", line 60, in process_spider_output
    for o in result:
  File "/usr/local/lib/python3.11/site-packages/scrapy/core/spidermw.py", line 183, in process_sync
    self._process_spider_exception(
  File "/usr/local/lib/python3.11/site-packages/scrapy/core/spidermw.py", line 256, in _process_spider_exception
    raise exception
  File "/usr/local/lib/python3.11/site-packages/scrapy/core/spidermw.py", line 179, in process_sync
    yield from iterable
  File "/app/zero_eu/zero_scraper/spiders/events_spider.py", line 227, in parse_event_page
    item["uuid"] = hashlib.sha256(uuid_string.encode('utf-8')).hexdigest()[:16]
    ~~~~^^^^^^^^
  File "/usr/local/lib/python3.11/site-packages/scrapy/item.py", line 98, in __setitem__
    raise KeyError(f"{self.__class__.__name__} does not support field: {key}")
KeyError: 'EventItem does not support field: uuid'
[2026-01-28T22:20:42.489+0000] {docker.py:429} INFO - 2026-01-28 22:20:42 [scrapy.core.engine] DEBUG: Crawled (200) <GET https://zero.eu/it/eventi/356966-life-is-life-espisodio-3,roma/> (referer: https://zero.eu/api/v2/events?per_page=100&citta=36&_embed=true)
[2026-01-28T22:20:42.594+0000] {docker.py:429} INFO - 2026-01-28 22:20:42 [scrapy.core.scraper] ERROR: Spider error processing <GET https://zero.eu/it/eventi/356966-life-is-life-espisodio-3,roma/> (referer: https://zero.eu/api/v2/events?per_page=100&citta=36&_embed=true)
Traceback (most recent call last):
  File "/usr/local/lib/python3.11/site-packages/scrapy/utils/defer.py", line 355, in iter_errback
    yield next(it)
          ^^^^^^^^
  File "/usr/local/lib/python3.11/site-packages/scrapy/utils/python.py", line 311, in __next__
    return next(self.data)
           ^^^^^^^^^^^^^^^
  File "/usr/local/lib/python3.11/site-packages/scrapy/utils/python.py", line 311, in __next__
    return next(self.data)
           ^^^^^^^^^^^^^^^
  File "/usr/local/lib/python3.11/site-packages/scrapy/core/spidermw.py", line 183, in process_sync
    self._process_spider_exception(
  File "/usr/local/lib/python3.11/site-packages/scrapy/core/spidermw.py", line 256, in _process_spider_exception
    raise exception
  File "/usr/local/lib/python3.11/site-packages/scrapy/core/spidermw.py", line 179, in process_sync
    yield from iterable
  File "/usr/local/lib/python3.11/site-packages/scrapy/spidermiddlewares/base.py", line 60, in process_spider_output
    for o in result:
  File "/usr/local/lib/python3.11/site-packages/scrapy/core/spidermw.py", line 183, in process_sync
    self._process_spider_exception(
  File "/usr/local/lib/python3.11/site-packages/scrapy/core/spidermw.py", line 256, in _process_spider_exception
    raise exception
  File "/usr/local/lib/python3.11/site-packages/scrapy/core/spidermw.py", line 179, in process_sync
    yield from iterable
  File "/usr/local/lib/python3.11/site-packages/scrapy/spidermiddlewares/base.py", line 60, in process_spider_output
    for o in result:
  File "/usr/local/lib/python3.11/site-packages/scrapy/core/spidermw.py", line 183, in process_sync
    self._process_spider_exception(
  File "/usr/local/lib/python3.11/site-packages/scrapy/core/spidermw.py", line 256, in _process_spider_exception
    raise exception
  File "/usr/local/lib/python3.11/site-packages/scrapy/core/spidermw.py", line 179, in process_sync
    yield from iterable
  File "/usr/local/lib/python3.11/site-packages/scrapy/spidermiddlewares/base.py", line 60, in process_spider_output
    for o in result:
  File "/usr/local/lib/python3.11/site-packages/scrapy/core/spidermw.py", line 183, in process_sync
    self._process_spider_exception(
  File "/usr/local/lib/python3.11/site-packages/scrapy/core/spidermw.py", line 256, in _process_spider_exception
    raise exception
  File "/usr/local/lib/python3.11/site-packages/scrapy/core/spidermw.py", line 179, in process_sync
    yield from iterable
  File "/usr/local/lib/python3.11/site-packages/scrapy/spidermiddlewares/depth.py", line 61, in process_spider_output
    yield from super().process_spider_output(response, result)
  File "/usr/local/lib/python3.11/site-packages/scrapy/spidermiddlewares/base.py", line 60, in process_spider_output
    for o in result:
  File "/usr/local/lib/python3.11/site-packages/scrapy/core/spidermw.py", line 183, in process_sync
    self._process_spider_exception(
  File "/usr/local/lib/python3.11/site-packages/scrapy/core/spidermw.py", line 256, in _process_spider_exception
    raise exception
  File "/usr/local/lib/python3.11/site-packages/scrapy/core/spidermw.py", line 179, in process_sync
    yield from iterable
  File "/app/zero_eu/zero_scraper/spiders/events_spider.py", line 227, in parse_event_page
    item["uuid"] = hashlib.sha256(uuid_string.encode('utf-8')).hexdigest()[:16]
    ~~~~^^^^^^^^
  File "/usr/local/lib/python3.11/site-packages/scrapy/item.py", line 98, in __setitem__
    raise KeyError(f"{self.__class__.__name__} does not support field: {key}")
KeyError: 'EventItem does not support field: uuid'
[2026-01-28T22:20:43.281+0000] {docker.py:429} INFO - 2026-01-28 22:20:43 [scrapy.core.engine] DEBUG: Crawled (200) <GET https://zero.eu/it/eventi/358687-sentimental-value,milano/> (referer: https://zero.eu/api/v2/events?per_page=100&citta=36&_embed=true)
[2026-01-28T22:20:43.384+0000] {docker.py:429} INFO - 2026-01-28 22:20:43 [scrapy.core.scraper] ERROR: Spider error processing <GET https://zero.eu/it/eventi/358687-sentimental-value,milano/> (referer: https://zero.eu/api/v2/events?per_page=100&citta=36&_embed=true)
Traceback (most recent call last):
  File "/usr/local/lib/python3.11/site-packages/scrapy/utils/defer.py", line 355, in iter_errback
    yield next(it)
          ^^^^^^^^
  File "/usr/local/lib/python3.11/site-packages/scrapy/utils/python.py", line 311, in __next__
    return next(self.data)
           ^^^^^^^^^^^^^^^
  File "/usr/local/lib/python3.11/site-packages/scrapy/utils/python.py", line 311, in __next__
    return next(self.data)
           ^^^^^^^^^^^^^^^
  File "/usr/local/lib/python3.11/site-packages/scrapy/core/spidermw.py", line 183, in process_sync
    self._process_spider_exception(
  File "/usr/local/lib/python3.11/site-packages/scrapy/core/spidermw.py", line 256, in _process_spider_exception
    raise exception
  File "/usr/local/lib/python3.11/site-packages/scrapy/core/spidermw.py", line 179, in process_sync
    yield from iterable
  File "/usr/local/lib/python3.11/site-packages/scrapy/spidermiddlewares/base.py", line 60, in process_spider_output
    for o in result:
  File "/usr/local/lib/python3.11/site-packages/scrapy/core/spidermw.py", line 183, in process_sync
    self._process_spider_exception(
  File "/usr/local/lib/python3.11/site-packages/scrapy/core/spidermw.py", line 256, in _process_spider_exception
    raise exception
  File "/usr/local/lib/python3.11/site-packages/scrapy/core/spidermw.py", line 179, in process_sync
    yield from iterable
  File "/usr/local/lib/python3.11/site-packages/scrapy/spidermiddlewares/base.py", line 60, in process_spider_output
    for o in result:
  File "/usr/local/lib/python3.11/site-packages/scrapy/core/spidermw.py", line 183, in process_sync
    self._process_spider_exception(
  File "/usr/local/lib/python3.11/site-packages/scrapy/core/spidermw.py", line 256, in _process_spider_exception
    raise exception
  File "/usr/local/lib/python3.11/site-packages/scrapy/core/spidermw.py", line 179, in process_sync
    yield from iterable
  File "/usr/local/lib/python3.11/site-packages/scrapy/spidermiddlewares/base.py", line 60, in process_spider_output
    for o in result:
  File "/usr/local/lib/python3.11/site-packages/scrapy/core/spidermw.py", line 183, in process_sync
    self._process_spider_exception(
  File "/usr/local/lib/python3.11/site-packages/scrapy/core/spidermw.py", line 256, in _process_spider_exception
    raise exception
  File "/usr/local/lib/python3.11/site-packages/scrapy/core/spidermw.py", line 179, in process_sync
    yield from iterable
  File "/usr/local/lib/python3.11/site-packages/scrapy/spidermiddlewares/depth.py", line 61, in process_spider_output
    yield from super().process_spider_output(response, result)
  File "/usr/local/lib/python3.11/site-packages/scrapy/spidermiddlewares/base.py", line 60, in process_spider_output
    for o in result:
  File "/usr/local/lib/python3.11/site-packages/scrapy/core/spidermw.py", line 183, in process_sync
    self._process_spider_exception(
  File "/usr/local/lib/python3.11/site-packages/scrapy/core/spidermw.py", line 256, in _process_spider_exception
    raise exception
  File "/usr/local/lib/python3.11/site-packages/scrapy/core/spidermw.py", line 179, in process_sync
    yield from iterable
  File "/app/zero_eu/zero_scraper/spiders/events_spider.py", line 227, in parse_event_page
    item["uuid"] = hashlib.sha256(uuid_string.encode('utf-8')).hexdigest()[:16]
    ~~~~^^^^^^^^
  File "/usr/local/lib/python3.11/site-packages/scrapy/item.py", line 98, in __setitem__
    raise KeyError(f"{self.__class__.__name__} does not support field: {key}")
KeyError: 'EventItem does not support field: uuid'
[2026-01-28T22:20:44.087+0000] {docker.py:429} INFO - 2026-01-28 22:20:44 [scrapy.core.engine] DEBUG: Crawled (200) <GET https://zero.eu/it/eventi/356983-migliore-2026,roma/> (referer: https://zero.eu/api/v2/events?per_page=100&citta=36&_embed=true)
[2026-01-28T22:20:44.191+0000] {docker.py:429} INFO - 2026-01-28 22:20:44 [scrapy.core.scraper] ERROR: Spider error processing <GET https://zero.eu/it/eventi/356983-migliore-2026,roma/> (referer: https://zero.eu/api/v2/events?per_page=100&citta=36&_embed=true)
Traceback (most recent call last):
  File "/usr/local/lib/python3.11/site-packages/scrapy/utils/defer.py", line 355, in iter_errback
    yield next(it)
          ^^^^^^^^
  File "/usr/local/lib/python3.11/site-packages/scrapy/utils/python.py", line 311, in __next__
    return next(self.data)
           ^^^^^^^^^^^^^^^
  File "/usr/local/lib/python3.11/site-packages/scrapy/utils/python.py", line 311, in __next__
    return next(self.data)
           ^^^^^^^^^^^^^^^
  File "/usr/local/lib/python3.11/site-packages/scrapy/core/spidermw.py", line 183, in process_sync
    self._process_spider_exception(
  File "/usr/local/lib/python3.11/site-packages/scrapy/core/spidermw.py", line 256, in _process_spider_exception
    raise exception
  File "/usr/local/lib/python3.11/site-packages/scrapy/core/spidermw.py", line 179, in process_sync
    yield from iterable
  File "/usr/local/lib/python3.11/site-packages/scrapy/spidermiddlewares/base.py", line 60, in process_spider_output
    for o in result:
  File "/usr/local/lib/python3.11/site-packages/scrapy/core/spidermw.py", line 183, in process_sync
    self._process_spider_exception(
  File "/usr/local/lib/python3.11/site-packages/scrapy/core/spidermw.py", line 256, in _process_spider_exception
    raise exception
  File "/usr/local/lib/python3.11/site-packages/scrapy/core/spidermw.py", line 179, in process_sync
    yield from iterable
  File "/usr/local/lib/python3.11/site-packages/scrapy/spidermiddlewares/base.py", line 60, in process_spider_output
    for o in result:
  File "/usr/local/lib/python3.11/site-packages/scrapy/core/spidermw.py", line 183, in process_sync
    self._process_spider_exception(
  File "/usr/local/lib/python3.11/site-packages/scrapy/core/spidermw.py", line 256, in _process_spider_exception
    raise exception
  File "/usr/local/lib/python3.11/site-packages/scrapy/core/spidermw.py", line 179, in process_sync
    yield from iterable
  File "/usr/local/lib/python3.11/site-packages/scrapy/spidermiddlewares/base.py", line 60, in process_spider_output
    for o in result:
  File "/usr/local/lib/python3.11/site-packages/scrapy/core/spidermw.py", line 183, in process_sync
    self._process_spider_exception(
  File "/usr/local/lib/python3.11/site-packages/scrapy/core/spidermw.py", line 256, in _process_spider_exception
    raise exception
  File "/usr/local/lib/python3.11/site-packages/scrapy/core/spidermw.py", line 179, in process_sync
    yield from iterable
  File "/usr/local/lib/python3.11/site-packages/scrapy/spidermiddlewares/depth.py", line 61, in process_spider_output
    yield from super().process_spider_output(response, result)
  File "/usr/local/lib/python3.11/site-packages/scrapy/spidermiddlewares/base.py", line 60, in process_spider_output
    for o in result:
  File "/usr/local/lib/python3.11/site-packages/scrapy/core/spidermw.py", line 183, in process_sync
    self._process_spider_exception(
  File "/usr/local/lib/python3.11/site-packages/scrapy/core/spidermw.py", line 256, in _process_spider_exception
    raise exception
  File "/usr/local/lib/python3.11/site-packages/scrapy/core/spidermw.py", line 179, in process_sync
    yield from iterable
  File "/app/zero_eu/zero_scraper/spiders/events_spider.py", line 227, in parse_event_page
    item["uuid"] = hashlib.sha256(uuid_string.encode('utf-8')).hexdigest()[:16]
    ~~~~^^^^^^^^
  File "/usr/local/lib/python3.11/site-packages/scrapy/item.py", line 98, in __setitem__
    raise KeyError(f"{self.__class__.__name__} does not support field: {key}")
KeyError: 'EventItem does not support field: uuid'
[2026-01-28T22:20:44.823+0000] {docker.py:429} INFO - 2026-01-28 22:20:44 [scrapy.core.engine] DEBUG: Crawled (200) <GET https://zero.eu/it/eventi/358294-niccolo-fettarappa-orgasmo,bologna/> (referer: https://zero.eu/api/v2/events?per_page=100&citta=36&_embed=true)
[2026-01-28T22:20:44.929+0000] {docker.py:429} INFO - 2026-01-28 22:20:44 [scrapy.core.scraper] ERROR: Spider error processing <GET https://zero.eu/it/eventi/358294-niccolo-fettarappa-orgasmo,bologna/> (referer: https://zero.eu/api/v2/events?per_page=100&citta=36&_embed=true)
Traceback (most recent call last):
  File "/usr/local/lib/python3.11/site-packages/scrapy/utils/defer.py", line 355, in iter_errback
    yield next(it)
          ^^^^^^^^
  File "/usr/local/lib/python3.11/site-packages/scrapy/utils/python.py", line 311, in __next__
    return next(self.data)
           ^^^^^^^^^^^^^^^
  File "/usr/local/lib/python3.11/site-packages/scrapy/utils/python.py", line 311, in __next__
    return next(self.data)
           ^^^^^^^^^^^^^^^
  File "/usr/local/lib/python3.11/site-packages/scrapy/core/spidermw.py", line 183, in process_sync
    self._process_spider_exception(
  File "/usr/local/lib/python3.11/site-packages/scrapy/core/spidermw.py", line 256, in _process_spider_exception
    raise exception
  File "/usr/local/lib/python3.11/site-packages/scrapy/core/spidermw.py", line 179, in process_sync
    yield from iterable
  File "/usr/local/lib/python3.11/site-packages/scrapy/spidermiddlewares/base.py", line 60, in process_spider_output
    for o in result:
  File "/usr/local/lib/python3.11/site-packages/scrapy/core/spidermw.py", line 183, in process_sync
    self._process_spider_exception(
  File "/usr/local/lib/python3.11/site-packages/scrapy/core/spidermw.py", line 256, in _process_spider_exception
    raise exception
  File "/usr/local/lib/python3.11/site-packages/scrapy/core/spidermw.py", line 179, in process_sync
    yield from iterable
  File "/usr/local/lib/python3.11/site-packages/scrapy/spidermiddlewares/base.py", line 60, in process_spider_output
    for o in result:
  File "/usr/local/lib/python3.11/site-packages/scrapy/core/spidermw.py", line 183, in process_sync
    self._process_spider_exception(
  File "/usr/local/lib/python3.11/site-packages/scrapy/core/spidermw.py", line 256, in _process_spider_exception
    raise exception
  File "/usr/local/lib/python3.11/site-packages/scrapy/core/spidermw.py", line 179, in process_sync
    yield from iterable
  File "/usr/local/lib/python3.11/site-packages/scrapy/spidermiddlewares/base.py", line 60, in process_spider_output
    for o in result:
  File "/usr/local/lib/python3.11/site-packages/scrapy/core/spidermw.py", line 183, in process_sync
    self._process_spider_exception(
  File "/usr/local/lib/python3.11/site-packages/scrapy/core/spidermw.py", line 256, in _process_spider_exception
    raise exception
  File "/usr/local/lib/python3.11/site-packages/scrapy/core/spidermw.py", line 179, in process_sync
    yield from iterable
  File "/usr/local/lib/python3.11/site-packages/scrapy/spidermiddlewares/depth.py", line 61, in process_spider_output
    yield from super().process_spider_output(response, result)
  File "/usr/local/lib/python3.11/site-packages/scrapy/spidermiddlewares/base.py", line 60, in process_spider_output
    for o in result:
  File "/usr/local/lib/python3.11/site-packages/scrapy/core/spidermw.py", line 183, in process_sync
    self._process_spider_exception(
  File "/usr/local/lib/python3.11/site-packages/scrapy/core/spidermw.py", line 256, in _process_spider_exception
    raise exception
  File "/usr/local/lib/python3.11/site-packages/scrapy/core/spidermw.py", line 179, in process_sync
    yield from iterable
  File "/app/zero_eu/zero_scraper/spiders/events_spider.py", line 227, in parse_event_page
    item["uuid"] = hashlib.sha256(uuid_string.encode('utf-8')).hexdigest()[:16]
    ~~~~^^^^^^^^
  File "/usr/local/lib/python3.11/site-packages/scrapy/item.py", line 98, in __setitem__
    raise KeyError(f"{self.__class__.__name__} does not support field: {key}")
KeyError: 'EventItem does not support field: uuid'
[2026-01-28T22:20:45.671+0000] {docker.py:429} INFO - 2026-01-28 22:20:45 [scrapy.core.engine] DEBUG: Crawled (200) <GET https://zero.eu/it/eventi/50502-cineclub-alphaville-la-programmazione,roma/> (referer: https://zero.eu/api/v2/events?per_page=100&citta=36&_embed=true)
[2026-01-28T22:20:45.776+0000] {docker.py:429} INFO - 2026-01-28 22:20:45 [scrapy.core.scraper] ERROR: Spider error processing <GET https://zero.eu/it/eventi/50502-cineclub-alphaville-la-programmazione,roma/> (referer: https://zero.eu/api/v2/events?per_page=100&citta=36&_embed=true)
Traceback (most recent call last):
  File "/usr/local/lib/python3.11/site-packages/scrapy/utils/defer.py", line 355, in iter_errback
    yield next(it)
          ^^^^^^^^
  File "/usr/local/lib/python3.11/site-packages/scrapy/utils/python.py", line 311, in __next__
    return next(self.data)
           ^^^^^^^^^^^^^^^
  File "/usr/local/lib/python3.11/site-packages/scrapy/utils/python.py", line 311, in __next__
    return next(self.data)
           ^^^^^^^^^^^^^^^
  File "/usr/local/lib/python3.11/site-packages/scrapy/core/spidermw.py", line 183, in process_sync
    self._process_spider_exception(
  File "/usr/local/lib/python3.11/site-packages/scrapy/core/spidermw.py", line 256, in _process_spider_exception
    raise exception
  File "/usr/local/lib/python3.11/site-packages/scrapy/core/spidermw.py", line 179, in process_sync
    yield from iterable
  File "/usr/local/lib/python3.11/site-packages/scrapy/spidermiddlewares/base.py", line 60, in process_spider_output
    for o in result:
  File "/usr/local/lib/python3.11/site-packages/scrapy/core/spidermw.py", line 183, in process_sync
    self._process_spider_exception(
  File "/usr/local/lib/python3.11/site-packages/scrapy/core/spidermw.py", line 256, in _process_spider_exception
    raise exception
  File "/usr/local/lib/python3.11/site-packages/scrapy/core/spidermw.py", line 179, in process_sync
    yield from iterable
  File "/usr/local/lib/python3.11/site-packages/scrapy/spidermiddlewares/base.py", line 60, in process_spider_output
    for o in result:
  File "/usr/local/lib/python3.11/site-packages/scrapy/core/spidermw.py", line 183, in process_sync
    self._process_spider_exception(
  File "/usr/local/lib/python3.11/site-packages/scrapy/core/spidermw.py", line 256, in _process_spider_exception
    raise exception
  File "/usr/local/lib/python3.11/site-packages/scrapy/core/spidermw.py", line 179, in process_sync
    yield from iterable
  File "/usr/local/lib/python3.11/site-packages/scrapy/spidermiddlewares/base.py", line 60, in process_spider_output
    for o in result:
  File "/usr/local/lib/python3.11/site-packages/scrapy/core/spidermw.py", line 183, in process_sync
    self._process_spider_exception(
  File "/usr/local/lib/python3.11/site-packages/scrapy/core/spidermw.py", line 256, in _process_spider_exception
    raise exception
  File "/usr/local/lib/python3.11/site-packages/scrapy/core/spidermw.py", line 179, in process_sync
    yield from iterable
  File "/usr/local/lib/python3.11/site-packages/scrapy/spidermiddlewares/depth.py", line 61, in process_spider_output
    yield from super().process_spider_output(response, result)
  File "/usr/local/lib/python3.11/site-packages/scrapy/spidermiddlewares/base.py", line 60, in process_spider_output
    for o in result:
  File "/usr/local/lib/python3.11/site-packages/scrapy/core/spidermw.py", line 183, in process_sync
    self._process_spider_exception(
  File "/usr/local/lib/python3.11/site-packages/scrapy/core/spidermw.py", line 256, in _process_spider_exception
    raise exception
  File "/usr/local/lib/python3.11/site-packages/scrapy/core/spidermw.py", line 179, in process_sync
    yield from iterable
  File "/app/zero_eu/zero_scraper/spiders/events_spider.py", line 227, in parse_event_page
    item["uuid"] = hashlib.sha256(uuid_string.encode('utf-8')).hexdigest()[:16]
    ~~~~^^^^^^^^
  File "/usr/local/lib/python3.11/site-packages/scrapy/item.py", line 98, in __setitem__
    raise KeyError(f"{self.__class__.__name__} does not support field: {key}")
KeyError: 'EventItem does not support field: uuid'
[2026-01-28T22:20:46.443+0000] {docker.py:429} INFO - 2026-01-28 22:20:46 [scrapy.core.engine] DEBUG: Crawled (200) <GET https://zero.eu/it/eventi/281973-casa-del-cinema-la-programmazione,roma/> (referer: https://zero.eu/api/v2/events?per_page=100&citta=36&_embed=true)
[2026-01-28T22:20:46.549+0000] {docker.py:429} INFO - 2026-01-28 22:20:46 [scrapy.core.scraper] ERROR: Spider error processing <GET https://zero.eu/it/eventi/281973-casa-del-cinema-la-programmazione,roma/> (referer: https://zero.eu/api/v2/events?per_page=100&citta=36&_embed=true)
Traceback (most recent call last):
  File "/usr/local/lib/python3.11/site-packages/scrapy/utils/defer.py", line 355, in iter_errback
    yield next(it)
          ^^^^^^^^
  File "/usr/local/lib/python3.11/site-packages/scrapy/utils/python.py", line 311, in __next__
    return next(self.data)
           ^^^^^^^^^^^^^^^
  File "/usr/local/lib/python3.11/site-packages/scrapy/utils/python.py", line 311, in __next__
    return next(self.data)
           ^^^^^^^^^^^^^^^
  File "/usr/local/lib/python3.11/site-packages/scrapy/core/spidermw.py", line 183, in process_sync
    self._process_spider_exception(
  File "/usr/local/lib/python3.11/site-packages/scrapy/core/spidermw.py", line 256, in _process_spider_exception
    raise exception
  File "/usr/local/lib/python3.11/site-packages/scrapy/core/spidermw.py", line 179, in process_sync
    yield from iterable
  File "/usr/local/lib/python3.11/site-packages/scrapy/spidermiddlewares/base.py", line 60, in process_spider_output
    for o in result:
  File "/usr/local/lib/python3.11/site-packages/scrapy/core/spidermw.py", line 183, in process_sync
    self._process_spider_exception(
  File "/usr/local/lib/python3.11/site-packages/scrapy/core/spidermw.py", line 256, in _process_spider_exception
    raise exception
  File "/usr/local/lib/python3.11/site-packages/scrapy/core/spidermw.py", line 179, in process_sync
    yield from iterable
  File "/usr/local/lib/python3.11/site-packages/scrapy/spidermiddlewares/base.py", line 60, in process_spider_output
    for o in result:
  File "/usr/local/lib/python3.11/site-packages/scrapy/core/spidermw.py", line 183, in process_sync
    self._process_spider_exception(
  File "/usr/local/lib/python3.11/site-packages/scrapy/core/spidermw.py", line 256, in _process_spider_exception
    raise exception
  File "/usr/local/lib/python3.11/site-packages/scrapy/core/spidermw.py", line 179, in process_sync
    yield from iterable
  File "/usr/local/lib/python3.11/site-packages/scrapy/spidermiddlewares/base.py", line 60, in process_spider_output
    for o in result:
  File "/usr/local/lib/python3.11/site-packages/scrapy/core/spidermw.py", line 183, in process_sync
    self._process_spider_exception(
  File "/usr/local/lib/python3.11/site-packages/scrapy/core/spidermw.py", line 256, in _process_spider_exception
    raise exception
  File "/usr/local/lib/python3.11/site-packages/scrapy/core/spidermw.py", line 179, in process_sync
    yield from iterable
  File "/usr/local/lib/python3.11/site-packages/scrapy/spidermiddlewares/depth.py", line 61, in process_spider_output
    yield from super().process_spider_output(response, result)
  File "/usr/local/lib/python3.11/site-packages/scrapy/spidermiddlewares/base.py", line 60, in process_spider_output
    for o in result:
  File "/usr/local/lib/python3.11/site-packages/scrapy/core/spidermw.py", line 183, in process_sync
    self._process_spider_exception(
  File "/usr/local/lib/python3.11/site-packages/scrapy/core/spidermw.py", line 256, in _process_spider_exception
    raise exception
  File "/usr/local/lib/python3.11/site-packages/scrapy/core/spidermw.py", line 179, in process_sync
    yield from iterable
  File "/app/zero_eu/zero_scraper/spiders/events_spider.py", line 227, in parse_event_page
    item["uuid"] = hashlib.sha256(uuid_string.encode('utf-8')).hexdigest()[:16]
    ~~~~^^^^^^^^
  File "/usr/local/lib/python3.11/site-packages/scrapy/item.py", line 98, in __setitem__
    raise KeyError(f"{self.__class__.__name__} does not support field: {key}")
KeyError: 'EventItem does not support field: uuid'
[2026-01-28T22:20:47.247+0000] {docker.py:429} INFO - 2026-01-28 22:20:47 [scrapy.core.engine] DEBUG: Crawled (200) <GET https://zero.eu/it/eventi/230437-cinema-torisi-la-programmazione,roma/> (referer: https://zero.eu/api/v2/events?per_page=100&citta=36&_embed=true)
[2026-01-28T22:20:47.352+0000] {docker.py:429} INFO - 2026-01-28 22:20:47 [scrapy.core.scraper] ERROR: Spider error processing <GET https://zero.eu/it/eventi/230437-cinema-torisi-la-programmazione,roma/> (referer: https://zero.eu/api/v2/events?per_page=100&citta=36&_embed=true)
Traceback (most recent call last):
  File "/usr/local/lib/python3.11/site-packages/scrapy/utils/defer.py", line 355, in iter_errback
    yield next(it)
          ^^^^^^^^
  File "/usr/local/lib/python3.11/site-packages/scrapy/utils/python.py", line 311, in __next__
    return next(self.data)
           ^^^^^^^^^^^^^^^
  File "/usr/local/lib/python3.11/site-packages/scrapy/utils/python.py", line 311, in __next__
    return next(self.data)
           ^^^^^^^^^^^^^^^
  File "/usr/local/lib/python3.11/site-packages/scrapy/core/spidermw.py", line 183, in process_sync
    self._process_spider_exception(
  File "/usr/local/lib/python3.11/site-packages/scrapy/core/spidermw.py", line 256, in _process_spider_exception
    raise exception
  File "/usr/local/lib/python3.11/site-packages/scrapy/core/spidermw.py", line 179, in process_sync
    yield from iterable
  File "/usr/local/lib/python3.11/site-packages/scrapy/spidermiddlewares/base.py", line 60, in process_spider_output
    for o in result:
  File "/usr/local/lib/python3.11/site-packages/scrapy/core/spidermw.py", line 183, in process_sync
    self._process_spider_exception(
  File "/usr/local/lib/python3.11/site-packages/scrapy/core/spidermw.py", line 256, in _process_spider_exception
    raise exception
  File "/usr/local/lib/python3.11/site-packages/scrapy/core/spidermw.py", line 179, in process_sync
    yield from iterable
  File "/usr/local/lib/python3.11/site-packages/scrapy/spidermiddlewares/base.py", line 60, in process_spider_output
    for o in result:
  File "/usr/local/lib/python3.11/site-packages/scrapy/core/spidermw.py", line 183, in process_sync
    self._process_spider_exception(
  File "/usr/local/lib/python3.11/site-packages/scrapy/core/spidermw.py", line 256, in _process_spider_exception
    raise exception
  File "/usr/local/lib/python3.11/site-packages/scrapy/core/spidermw.py", line 179, in process_sync
    yield from iterable
  File "/usr/local/lib/python3.11/site-packages/scrapy/spidermiddlewares/base.py", line 60, in process_spider_output
    for o in result:
  File "/usr/local/lib/python3.11/site-packages/scrapy/core/spidermw.py", line 183, in process_sync
    self._process_spider_exception(
  File "/usr/local/lib/python3.11/site-packages/scrapy/core/spidermw.py", line 256, in _process_spider_exception
    raise exception
  File "/usr/local/lib/python3.11/site-packages/scrapy/core/spidermw.py", line 179, in process_sync
    yield from iterable
  File "/usr/local/lib/python3.11/site-packages/scrapy/spidermiddlewares/depth.py", line 61, in process_spider_output
    yield from super().process_spider_output(response, result)
  File "/usr/local/lib/python3.11/site-packages/scrapy/spidermiddlewares/base.py", line 60, in process_spider_output
    for o in result:
  File "/usr/local/lib/python3.11/site-packages/scrapy/core/spidermw.py", line 183, in process_sync
    self._process_spider_exception(
  File "/usr/local/lib/python3.11/site-packages/scrapy/core/spidermw.py", line 256, in _process_spider_exception
    raise exception
  File "/usr/local/lib/python3.11/site-packages/scrapy/core/spidermw.py", line 179, in process_sync
    yield from iterable
  File "/app/zero_eu/zero_scraper/spiders/events_spider.py", line 227, in parse_event_page
    item["uuid"] = hashlib.sha256(uuid_string.encode('utf-8')).hexdigest()[:16]
    ~~~~^^^^^^^^
  File "/usr/local/lib/python3.11/site-packages/scrapy/item.py", line 98, in __setitem__
    raise KeyError(f"{self.__class__.__name__} does not support field: {key}")
KeyError: 'EventItem does not support field: uuid'
[2026-01-28T22:20:48.114+0000] {docker.py:429} INFO - 2026-01-28 22:20:48 [scrapy.core.engine] DEBUG: Crawled (200) <GET https://zero.eu/it/eventi/125944-cinema-aquila-la-programmazione,roma/> (referer: https://zero.eu/api/v2/events?per_page=100&citta=36&_embed=true)
[2026-01-28T22:20:48.220+0000] {docker.py:429} INFO - 2026-01-28 22:20:48 [scrapy.core.scraper] ERROR: Spider error processing <GET https://zero.eu/it/eventi/125944-cinema-aquila-la-programmazione,roma/> (referer: https://zero.eu/api/v2/events?per_page=100&citta=36&_embed=true)
Traceback (most recent call last):
  File "/usr/local/lib/python3.11/site-packages/scrapy/utils/defer.py", line 355, in iter_errback
    yield next(it)
          ^^^^^^^^
  File "/usr/local/lib/python3.11/site-packages/scrapy/utils/python.py", line 311, in __next__
    return next(self.data)
           ^^^^^^^^^^^^^^^
  File "/usr/local/lib/python3.11/site-packages/scrapy/utils/python.py", line 311, in __next__
    return next(self.data)
           ^^^^^^^^^^^^^^^
  File "/usr/local/lib/python3.11/site-packages/scrapy/core/spidermw.py", line 183, in process_sync
    self._process_spider_exception(
  File "/usr/local/lib/python3.11/site-packages/scrapy/core/spidermw.py", line 256, in _process_spider_exception
    raise exception
  File "/usr/local/lib/python3.11/site-packages/scrapy/core/spidermw.py", line 179, in process_sync
    yield from iterable
  File "/usr/local/lib/python3.11/site-packages/scrapy/spidermiddlewares/base.py", line 60, in process_spider_output
    for o in result:
  File "/usr/local/lib/python3.11/site-packages/scrapy/core/spidermw.py", line 183, in process_sync
    self._process_spider_exception(
  File "/usr/local/lib/python3.11/site-packages/scrapy/core/spidermw.py", line 256, in _process_spider_exception
    raise exception
  File "/usr/local/lib/python3.11/site-packages/scrapy/core/spidermw.py", line 179, in process_sync
    yield from iterable
  File "/usr/local/lib/python3.11/site-packages/scrapy/spidermiddlewares/base.py", line 60, in process_spider_output
    for o in result:
  File "/usr/local/lib/python3.11/site-packages/scrapy/core/spidermw.py", line 183, in process_sync
    self._process_spider_exception(
  File "/usr/local/lib/python3.11/site-packages/scrapy/core/spidermw.py", line 256, in _process_spider_exception
    raise exception
  File "/usr/local/lib/python3.11/site-packages/scrapy/core/spidermw.py", line 179, in process_sync
    yield from iterable
  File "/usr/local/lib/python3.11/site-packages/scrapy/spidermiddlewares/base.py", line 60, in process_spider_output
    for o in result:
  File "/usr/local/lib/python3.11/site-packages/scrapy/core/spidermw.py", line 183, in process_sync
    self._process_spider_exception(
  File "/usr/local/lib/python3.11/site-packages/scrapy/core/spidermw.py", line 256, in _process_spider_exception
    raise exception
  File "/usr/local/lib/python3.11/site-packages/scrapy/core/spidermw.py", line 179, in process_sync
    yield from iterable
  File "/usr/local/lib/python3.11/site-packages/scrapy/spidermiddlewares/depth.py", line 61, in process_spider_output
    yield from super().process_spider_output(response, result)
  File "/usr/local/lib/python3.11/site-packages/scrapy/spidermiddlewares/base.py", line 60, in process_spider_output
    for o in result:
  File "/usr/local/lib/python3.11/site-packages/scrapy/core/spidermw.py", line 183, in process_sync
    self._process_spider_exception(
  File "/usr/local/lib/python3.11/site-packages/scrapy/core/spidermw.py", line 256, in _process_spider_exception
    raise exception
  File "/usr/local/lib/python3.11/site-packages/scrapy/core/spidermw.py", line 179, in process_sync
    yield from iterable
  File "/app/zero_eu/zero_scraper/spiders/events_spider.py", line 227, in parse_event_page
    item["uuid"] = hashlib.sha256(uuid_string.encode('utf-8')).hexdigest()[:16]
    ~~~~^^^^^^^^
  File "/usr/local/lib/python3.11/site-packages/scrapy/item.py", line 98, in __setitem__
    raise KeyError(f"{self.__class__.__name__} does not support field: {key}")
KeyError: 'EventItem does not support field: uuid'
[2026-01-28T22:20:48.864+0000] {docker.py:429} INFO - 2026-01-28 22:20:48 [scrapy.core.engine] DEBUG: Crawled (200) <GET https://zero.eu/it/eventi/90720-nuovo-sacher-la-programmazione,roma/> (referer: https://zero.eu/api/v2/events?per_page=100&citta=36&_embed=true)
[2026-01-28T22:20:48.965+0000] {docker.py:429} INFO - 2026-01-28 22:20:48 [scrapy.core.scraper] ERROR: Spider error processing <GET https://zero.eu/it/eventi/90720-nuovo-sacher-la-programmazione,roma/> (referer: https://zero.eu/api/v2/events?per_page=100&citta=36&_embed=true)
Traceback (most recent call last):
  File "/usr/local/lib/python3.11/site-packages/scrapy/utils/defer.py", line 355, in iter_errback
    yield next(it)
          ^^^^^^^^
  File "/usr/local/lib/python3.11/site-packages/scrapy/utils/python.py", line 311, in __next__
    return next(self.data)
           ^^^^^^^^^^^^^^^
  File "/usr/local/lib/python3.11/site-packages/scrapy/utils/python.py", line 311, in __next__
    return next(self.data)
           ^^^^^^^^^^^^^^^
  File "/usr/local/lib/python3.11/site-packages/scrapy/core/spidermw.py", line 183, in process_sync
    self._process_spider_exception(
  File "/usr/local/lib/python3.11/site-packages/scrapy/core/spidermw.py", line 256, in _process_spider_exception
    raise exception
  File "/usr/local/lib/python3.11/site-packages/scrapy/core/spidermw.py", line 179, in process_sync
    yield from iterable
  File "/usr/local/lib/python3.11/site-packages/scrapy/spidermiddlewares/base.py", line 60, in process_spider_output
    for o in result:
  File "/usr/local/lib/python3.11/site-packages/scrapy/core/spidermw.py", line 183, in process_sync
    self._process_spider_exception(
  File "/usr/local/lib/python3.11/site-packages/scrapy/core/spidermw.py", line 256, in _process_spider_exception
    raise exception
  File "/usr/local/lib/python3.11/site-packages/scrapy/core/spidermw.py", line 179, in process_sync
    yield from iterable
  File "/usr/local/lib/python3.11/site-packages/scrapy/spidermiddlewares/base.py", line 60, in process_spider_output
    for o in result:
  File "/usr/local/lib/python3.11/site-packages/scrapy/core/spidermw.py", line 183, in process_sync
    self._process_spider_exception(
  File "/usr/local/lib/python3.11/site-packages/scrapy/core/spidermw.py", line 256, in _process_spider_exception
    raise exception
  File "/usr/local/lib/python3.11/site-packages/scrapy/core/spidermw.py", line 179, in process_sync
    yield from iterable
  File "/usr/local/lib/python3.11/site-packages/scrapy/spidermiddlewares/base.py", line 60, in process_spider_output
    for o in result:
  File "/usr/local/lib/python3.11/site-packages/scrapy/core/spidermw.py", line 183, in process_sync
    self._process_spider_exception(
  File "/usr/local/lib/python3.11/site-packages/scrapy/core/spidermw.py", line 256, in _process_spider_exception
    raise exception
  File "/usr/local/lib/python3.11/site-packages/scrapy/core/spidermw.py", line 179, in process_sync
    yield from iterable
  File "/usr/local/lib/python3.11/site-packages/scrapy/spidermiddlewares/depth.py", line 61, in process_spider_output
    yield from super().process_spider_output(response, result)
  File "/usr/local/lib/python3.11/site-packages/scrapy/spidermiddlewares/base.py", line 60, in process_spider_output
    for o in result:
  File "/usr/local/lib/python3.11/site-packages/scrapy/core/spidermw.py", line 183, in process_sync
    self._process_spider_exception(
  File "/usr/local/lib/python3.11/site-packages/scrapy/core/spidermw.py", line 256, in _process_spider_exception
    raise exception
  File "/usr/local/lib/python3.11/site-packages/scrapy/core/spidermw.py", line 179, in process_sync
    yield from iterable
  File "/app/zero_eu/zero_scraper/spiders/events_spider.py", line 227, in parse_event_page
    item["uuid"] = hashlib.sha256(uuid_string.encode('utf-8')).hexdigest()[:16]
    ~~~~^^^^^^^^
  File "/usr/local/lib/python3.11/site-packages/scrapy/item.py", line 98, in __setitem__
    raise KeyError(f"{self.__class__.__name__} does not support field: {key}")
KeyError: 'EventItem does not support field: uuid'
[2026-01-28T22:20:49.618+0000] {docker.py:429} INFO - 2026-01-28 22:20:49 [scrapy.core.engine] DEBUG: Crawled (200) <GET https://zero.eu/it/eventi/75053-cinema-farnese-persol-la-programmazione,roma/> (referer: https://zero.eu/api/v2/events?per_page=100&citta=36&_embed=true)
[2026-01-28T22:20:49.725+0000] {docker.py:429} INFO - 2026-01-28 22:20:49 [scrapy.core.scraper] ERROR: Spider error processing <GET https://zero.eu/it/eventi/75053-cinema-farnese-persol-la-programmazione,roma/> (referer: https://zero.eu/api/v2/events?per_page=100&citta=36&_embed=true)
Traceback (most recent call last):
  File "/usr/local/lib/python3.11/site-packages/scrapy/utils/defer.py", line 355, in iter_errback
    yield next(it)
          ^^^^^^^^
  File "/usr/local/lib/python3.11/site-packages/scrapy/utils/python.py", line 311, in __next__
    return next(self.data)
           ^^^^^^^^^^^^^^^
  File "/usr/local/lib/python3.11/site-packages/scrapy/utils/python.py", line 311, in __next__
    return next(self.data)
           ^^^^^^^^^^^^^^^
  File "/usr/local/lib/python3.11/site-packages/scrapy/core/spidermw.py", line 183, in process_sync
    self._process_spider_exception(
  File "/usr/local/lib/python3.11/site-packages/scrapy/core/spidermw.py", line 256, in _process_spider_exception
    raise exception
  File "/usr/local/lib/python3.11/site-packages/scrapy/core/spidermw.py", line 179, in process_sync
    yield from iterable
  File "/usr/local/lib/python3.11/site-packages/scrapy/spidermiddlewares/base.py", line 60, in process_spider_output
    for o in result:
  File "/usr/local/lib/python3.11/site-packages/scrapy/core/spidermw.py", line 183, in process_sync
    self._process_spider_exception(
  File "/usr/local/lib/python3.11/site-packages/scrapy/core/spidermw.py", line 256, in _process_spider_exception
    raise exception
  File "/usr/local/lib/python3.11/site-packages/scrapy/core/spidermw.py", line 179, in process_sync
    yield from iterable
  File "/usr/local/lib/python3.11/site-packages/scrapy/spidermiddlewares/base.py", line 60, in process_spider_output
    for o in result:
  File "/usr/local/lib/python3.11/site-packages/scrapy/core/spidermw.py", line 183, in process_sync
    self._process_spider_exception(
  File "/usr/local/lib/python3.11/site-packages/scrapy/core/spidermw.py", line 256, in _process_spider_exception
    raise exception
  File "/usr/local/lib/python3.11/site-packages/scrapy/core/spidermw.py", line 179, in process_sync
    yield from iterable
  File "/usr/local/lib/python3.11/site-packages/scrapy/spidermiddlewares/base.py", line 60, in process_spider_output
    for o in result:
  File "/usr/local/lib/python3.11/site-packages/scrapy/core/spidermw.py", line 183, in process_sync
    self._process_spider_exception(
  File "/usr/local/lib/python3.11/site-packages/scrapy/core/spidermw.py", line 256, in _process_spider_exception
    raise exception
  File "/usr/local/lib/python3.11/site-packages/scrapy/core/spidermw.py", line 179, in process_sync
    yield from iterable
  File "/usr/local/lib/python3.11/site-packages/scrapy/spidermiddlewares/depth.py", line 61, in process_spider_output
    yield from super().process_spider_output(response, result)
  File "/usr/local/lib/python3.11/site-packages/scrapy/spidermiddlewares/base.py", line 60, in process_spider_output
    for o in result:
  File "/usr/local/lib/python3.11/site-packages/scrapy/core/spidermw.py", line 183, in process_sync
    self._process_spider_exception(
  File "/usr/local/lib/python3.11/site-packages/scrapy/core/spidermw.py", line 256, in _process_spider_exception
    raise exception
  File "/usr/local/lib/python3.11/site-packages/scrapy/core/spidermw.py", line 179, in process_sync
    yield from iterable
  File "/app/zero_eu/zero_scraper/spiders/events_spider.py", line 227, in parse_event_page
    item["uuid"] = hashlib.sha256(uuid_string.encode('utf-8')).hexdigest()[:16]
    ~~~~^^^^^^^^
  File "/usr/local/lib/python3.11/site-packages/scrapy/item.py", line 98, in __setitem__
    raise KeyError(f"{self.__class__.__name__} does not support field: {key}")
KeyError: 'EventItem does not support field: uuid'
[2026-01-28T22:20:49.726+0000] {docker.py:429} INFO - 2026-01-28 22:20:49 [scrapy.core.engine] INFO: Closing spider (finished)
[2026-01-28T22:20:49.727+0000] {docker.py:429} INFO - 2026-01-28 22:20:49 [scrapy.extensions.feedexport] INFO: Stored json feed (0 items) in: /app/zero_eu/output/eventi_zero_firenze_20260128_222003.json
[2026-01-28T22:20:49.728+0000] {docker.py:429} INFO - 2026-01-28 22:20:49 [scrapy.statscollectors] INFO: Dumping Scrapy stats:
{'downloader/request_bytes': 17403,
 'downloader/request_count': 39,
 'downloader/request_method_count/GET': 39,
 'downloader/response_bytes': 3101275,
 'downloader/response_count': 39,
 'downloader/response_status_count/200': 39,
 'elapsed_time_seconds': 45.876368,
 'feedexport/success_count/FileFeedStorage': 1,
 'finish_reason': 'finished',
 'finish_time': datetime.datetime(2026, 1, 28, 22, 20, 49, 725655, tzinfo=datetime.timezone.utc),
 'httpcompression/response_bytes': 3011771,
 'httpcompression/response_count': 37,
 'items_per_minute': 0.0,
 'log_count/DEBUG': 39,
 'log_count/ERROR': 37,
 'log_count/INFO': 4,
 'memusage/max': 68399104,
 'memusage/startup': 68399104,
 'request_depth_max': 2,
 'response_received_count': 39,
 'responses_per_minute': 52.0,
 'scheduler/dequeued': 39,
 'scheduler/dequeued/memory': 39,
 'scheduler/enqueued': 39,
 'scheduler/enqueued/memory': 39,
 'spider_exceptions/KeyError': 37,
 'spider_exceptions/count': 37,
 'start_time': datetime.datetime(2026, 1, 28, 22, 20, 3, 849287, tzinfo=datetime.timezone.utc)}
2026-01-28 22:20:49 [scrapy.core.engine] INFO: Spider closed (finished)
[2026-01-28T22:20:49.818+0000] {docker.py:429} INFO - ========================================
            REPORT SCRAPING             
========================================
Città scaricate: Firenze
File: /app/zero_eu/output/eventi_zero_firenze_20260128_222003.json
========================================
[2026-01-28T22:20:50.137+0000] {taskinstance.py:1138} INFO - Marking task as SUCCESS. dag_id=etl_events_daily, task_id=process_firenze.scrape_zero_eu, execution_date=20260128T221944, start_date=20260128T222002, end_date=20260128T222050
[2026-01-28T22:20:50.194+0000] {local_task_job_runner.py:234} INFO - Task exited with return code 0
[2026-01-28T22:20:50.238+0000] {taskinstance.py:3280} INFO - 0 downstream tasks scheduled from follow-on schedule check
